grid_id,dist_ranger,dist_salt,dist_vill,dist_str,ndvi_cv,slope
1,4472.1400,3162.2800,18384.8000,1414.2100,0.3325,60.4799
2,4123.1100,3000.0000,17691.8000,1000.0000,0.7153,75.9377
3,5000.0000,3605.5500,19209.4000,3000.0000,0.1288,58.2509
4,4242.6400,2828.4300,18439.1000,2000.0000,0.2209,61.3676
5,3605.5500,2236.0700,17691.8000,1000.0000,0.2435,85.1082
6,3162.2800,2000.0000,16970.6000,0.0000,0.4890,81.7606
7,3000.0000,2236.0700,16278.8000,0.0000,2.0692,4.7220
8,3162.2800,2828.4300,15620.5000,1000.0000,0.2063,7.0614
9,3605.5500,3605.5500,15000.0000,1000.0000,0.2265,76.0566
10,4242.6400,3605.5500,14422.2000,1000.0000,0.3518,88.1243
11,4472.1400,3162.2800,18601.1000,3162.2800,0.1261,64.9774
12,3605.5500,2236.0700,17804.5000,2236.0700,0.1403,61.6249
13,2828.4300,1414.2100,17029.4000,1414.2100,0.2033,98.1391
14,2236.0700,1000.0000,16278.8000,1000.0000,0.2873,79.4450
15,2000.0000,1414.2100,15556.3000,0.0000,0.4051,8.0795
16,2236.0700,2236.0700,14866.1000,0.0000,0.1467,9.1698
17,2828.4300,3162.2800,14212.7000,0.0000,0.2068,62.3017
18,3605.5500,3162.2800,13601.5000,0.0000,0.2875,56.8570
19,4472.1400,2236.0700,13038.4000,1000.0000,0.3137,94.5169
20,5099.0200,3605.5500,18868.0000,4000.0000,0.0740,51.1733
21,4123.1100,2828.4300,18027.8000,3000.0000,0.1055,67.0707
22,3162.2800,2000.0000,17204.7000,2000.0000,0.1875,72.7494
23,2236.0700,1000.0000,16401.2000,1000.0000,0.1763,56.6393
24,1414.2100,0.0000,15620.5000,0.0000,0.2254,57.1470
25,1000.0000,1000.0000,14866.1000,0.0000,0.2551,2.9040
26,1414.2100,2000.0000,14142.1000,1000.0000,0.2056,5.7992
27,2236.0700,3000.0000,13453.6000,1000.0000,0.3338,63.2041
28,3162.2800,3000.0000,12806.2000,0.0000,0.2476,72.5636
29,4123.1100,2000.0000,12206.6000,0.0000,0.2116,92.7659
30,6000.0000,4123.1100,19235.4000,5000.0000,0.0486,48.6676
31,5000.0000,3162.2800,18357.6000,4000.0000,0.0859,45.2837
32,4000.0000,2236.0700,17492.9000,3000.0000,0.1710,81.7366
33,3000.0000,1414.2100,16643.3000,2000.0000,0.2201,45.3281
34,2000.0000,1000.0000,15811.4000,1000.0000,0.1797,34.3776
35,1000.0000,1000.0000,15000.0000,0.0000,0.1834,7.0326
36,0.0000,1414.2100,14212.7000,0.0000,0.2257,13.6595
37,1000.0000,2236.0700,13453.6000,1000.0000,0.1654,11.8572
38,2000.0000,2236.0700,12727.9000,1414.2100,0.2453,76.5012
39,3000.0000,2000.0000,12041.6000,1000.0000,0.2440,80.1828
40,4000.0000,2236.0700,11401.8000,0.0000,0.3048,60.2929
41,5000.0000,1414.2100,10816.7000,0.0000,0.2264,95.4470
42,6082.7600,4000.0000,18788.3000,4242.6400,0.0564,28.4841
43,5099.0200,3000.0000,17888.5000,3605.5500,0.1342,100.1920
44,4123.1100,2000.0000,17000.0000,2828.4300,0.2358,105.9270
45,3162.2800,1000.0000,16124.5000,2000.0000,0.2101,88.3065
46,2236.0700,0.0000,15264.3000,1000.0000,0.2107,42.1079
47,1414.2100,1000.0000,14422.2000,0.0000,0.2048,10.0559
48,1000.0000,1414.2100,13601.5000,1000.0000,0.1829,24.9388
49,1414.2100,2236.0700,12806.2000,1414.2100,0.1602,7.5105
50,2236.0700,1414.2100,12041.6000,2236.0700,0.2130,32.2413
51,3162.2800,1000.0000,11313.7000,1414.2100,0.2897,58.2322
52,4123.1100,1414.2100,10630.1000,1000.0000,0.2387,69.4503
53,5099.0200,2236.0700,10000.0000,1000.0000,0.2929,82.0115
54,6082.7600,2000.0000,9433.9800,1000.0000,0.2484,104.4260
55,6324.5600,4123.1100,18384.8000,3605.5500,0.0943,35.4564
56,5385.1700,3162.2800,17464.2000,2828.4300,0.1665,112.8580
57,4472.1400,2236.0700,16552.9000,2236.0700,0.2249,111.3770
58,3605.5500,1414.2100,15652.5000,1414.2100,0.1799,107.9660
59,2828.4300,1000.0000,14764.8000,1000.0000,0.1680,15.3505
60,2236.0700,0.0000,13892.4000,0.0000,0.2436,21.5805
61,2000.0000,1000.0000,13038.4000,1000.0000,0.1429,4.4376
62,2236.0700,2000.0000,12206.6000,2000.0000,0.1644,16.2619
63,2828.4300,1000.0000,11401.8000,2828.4300,0.1463,31.8603
64,3605.5500,0.0000,10630.1000,2236.0700,0.1905,82.7897
65,4472.1400,1000.0000,9899.5000,2000.0000,0.1932,71.0503
66,5385.1700,2000.0000,9219.5400,2000.0000,0.1811,112.1680
67,6324.5600,3000.0000,8602.3300,1414.2100,0.2519,100.4030
68,6403.1200,3162.2800,8062.2600,1000.0000,0.2604,78.4798
69,6708.2000,3605.5500,18027.8000,3162.2800,0.0927,41.8454
70,5830.9500,3000.0000,17088.0000,2236.0700,0.1730,62.4472
71,5000.0000,2000.0000,16155.5000,1414.2100,0.2247,74.9305
72,4242.6400,1000.0000,15231.5000,1000.0000,0.1888,104.7770
73,3605.5500,0.0000,14317.8000,0.0000,0.1891,14.5131
74,3162.2800,1000.0000,13416.4000,0.0000,0.2202,14.9796
75,3000.0000,1000.0000,12530.0000,1000.0000,0.1612,2.8297
76,3162.2800,1414.2100,11661.9000,2000.0000,0.1775,48.3554
77,3605.5500,1414.2100,10816.7000,3000.0000,0.1710,35.6657
78,4242.6400,1000.0000,10000.0000,3162.2800,0.2191,94.6914
79,5000.0000,1414.2100,9219.5400,3000.0000,0.1107,74.7878
80,5830.9500,2000.0000,8485.2800,2828.4300,0.1304,53.7867
81,6403.1200,2236.0700,7810.2500,2236.0700,0.1722,64.8015
82,5830.9500,2828.4300,7211.1000,1414.2100,0.1808,68.3478
83,5385.1700,3605.5500,6708.2000,1000.0000,0.2007,55.4020
84,7211.1000,2828.4300,17720.0000,3000.0000,0.0980,43.9565
85,6403.1200,2236.0700,16763.1000,2000.0000,0.1714,70.1224
86,5656.8500,2000.0000,15811.4000,1000.0000,0.1940,90.7849
87,5000.0000,1414.2100,14866.1000,0.0000,0.1827,66.9336
88,4472.1400,1000.0000,13928.4000,0.0000,0.2228,41.1931
89,4123.1100,0.0000,13000.0000,0.0000,0.2145,10.7598
90,4000.0000,0.0000,12083.0000,1000.0000,0.1544,14.9710
91,4123.1100,1000.0000,11180.3000,2000.0000,0.1754,56.3304
92,4472.1400,2000.0000,10295.6000,3000.0000,0.1615,75.1865
93,5000.0000,2000.0000,9433.9800,4000.0000,0.1803,65.1789
94,5656.8500,1414.2100,8602.3300,4000.0000,0.1316,63.9530
95,6403.1200,1000.0000,7810.2500,3605.5500,0.0978,60.3463
96,5656.8500,1414.2100,7071.0700,2828.4300,0.1242,40.2748
97,5000.0000,2236.0700,6403.1200,2236.0700,0.1072,86.8444
98,4472.1400,3162.2800,5830.9500,2000.0000,0.1518,59.5064
99,4123.1100,4123.1100,5385.1700,1414.2100,0.1474,52.8267
100,7810.2500,2236.0700,17464.2000,3162.2800,0.1615,53.9608
101,7071.0700,1414.2100,16492.4000,2236.0700,0.2423,105.4640
102,6403.1200,1000.0000,15524.2000,1414.2100,0.1893,82.1668
103,5830.9500,1414.2100,14560.2000,1000.0000,0.1507,15.4159
104,5385.1700,1414.2100,13601.5000,0.0000,0.2184,15.5924
105,5099.0200,1000.0000,12649.1000,1000.0000,0.1638,2.1464
106,5000.0000,1000.0000,11704.7000,1414.2100,0.1527,18.2149
107,5099.0200,1414.2100,10770.3000,2236.0700,0.1767,45.6626
108,5385.1700,2236.0700,9848.8600,3162.2800,0.2421,32.6380
109,5830.9500,2000.0000,8944.2700,4123.1100,0.3181,40.1022
110,6403.1200,1000.0000,8062.2600,5000.0000,0.1647,47.9726
111,5830.9500,0.0000,7211.1000,4242.6400,0.1403,62.8235
112,5000.0000,1000.0000,6403.1200,3605.5500,0.1071,44.0492
113,4242.6400,2000.0000,5656.8500,3162.2800,0.0972,89.6403
114,3605.5500,3000.0000,5000.0000,2828.4300,0.1417,111.1210
115,3162.2800,4000.0000,4472.1400,2236.0700,0.1590,38.3213
116,8485.2800,2000.0000,17262.7000,3000.0000,0.1693,61.0956
117,7810.2500,1000.0000,16278.8000,2000.0000,0.2648,42.4262
118,7211.1000,0.0000,15297.1000,1000.0000,0.2527,52.3567
119,6708.2000,1000.0000,14317.8000,0.0000,0.1735,7.6310
120,6324.5600,1000.0000,13341.7000,0.0000,0.1991,10.3273
121,6082.7600,1414.2100,12369.3000,1000.0000,0.1280,1.7447
122,6000.0000,2000.0000,11401.8000,2000.0000,0.1902,16.3294
123,6082.7600,2236.0700,10440.3000,2828.4300,0.1706,55.3446
124,6324.5600,2828.4300,9486.8300,3605.5500,0.1920,50.7989
125,6708.2000,2236.0700,8544.0000,4472.1400,0.2782,40.7442
126,6324.5600,1414.2100,7615.7700,5385.1700,0.1649,55.5956
127,5385.1700,1000.0000,6708.2000,5000.0000,0.1859,63.7254
128,4472.1400,1414.2100,5830.9500,4472.1400,0.1472,98.0275
129,3605.5500,2236.0700,5000.0000,4123.1100,0.0833,82.4063
130,2828.4300,3162.2800,4242.6400,3605.5500,0.0648,38.5769
131,2236.0700,4123.1100,3605.5500,3162.2800,0.1131,27.2872
132,8062.2600,1414.2100,18110.8000,3605.5500,0.1472,67.4300
133,7615.7700,2236.0700,17117.2000,2828.4300,0.2482,64.2204
134,7280.1100,1414.2100,16124.5000,2236.0700,0.2467,24.8369
135,7071.0700,1000.0000,15132.7000,1414.2100,0.1584,30.2011
136,7000.0000,1000.0000,14142.1000,1000.0000,0.1683,2.5082
137,7071.0700,0.0000,13152.9000,0.0000,0.2233,17.2094
138,7071.0700,1000.0000,12165.5000,1000.0000,0.1560,1.7637
139,7000.0000,2000.0000,11180.3000,2000.0000,0.2077,13.4514
140,7071.0700,2828.4300,10198.0000,3000.0000,0.2607,73.1844
141,7280.1100,2236.0700,9219.5400,4000.0000,0.2707,93.6678
142,7071.0700,1414.2100,8246.2100,5000.0000,0.1639,29.4806
143,6082.7600,1000.0000,7280.1100,5830.9500,0.2014,31.8128
144,5099.0200,1414.2100,6324.5600,5830.9500,0.2310,14.2492
145,4123.1100,2236.0700,5385.1700,5385.1700,0.1507,17.9753
146,3162.2800,2828.4300,4472.1400,5000.0000,0.1382,87.9383
147,2236.0700,3605.5500,3605.5500,4472.1400,0.0691,42.8183
148,7211.1000,1000.0000,18027.8000,3162.2800,0.2286,155.2030
149,6708.2000,2000.0000,17029.4000,2236.0700,0.2120,75.4659
150,6324.5600,1414.2100,16031.2000,1414.2100,0.2513,41.3389
151,6082.7600,1000.0000,15033.3000,1000.0000,0.1781,12.5016
152,6000.0000,1414.2100,14035.7000,0.0000,0.2007,3.5091
153,6082.7600,1000.0000,13038.4000,0.0000,0.2025,14.0977
154,6324.5600,1000.0000,12041.6000,1000.0000,0.1379,2.2244
155,6708.2000,1414.2100,11045.4000,2000.0000,0.1935,1.9486
156,7211.1000,2236.0700,10049.9000,3000.0000,0.2151,46.0441
157,7810.2500,2000.0000,9055.3800,4000.0000,0.2846,66.7986
158,7000.0000,1000.0000,8062.2600,5000.0000,0.2579,64.3433
159,6000.0000,0.0000,7071.0700,6000.0000,0.2966,57.7645
160,5000.0000,1000.0000,6082.7600,6708.2000,0.2636,77.1407
161,4000.0000,2000.0000,5099.0200,6324.5600,0.2049,39.3969
162,3000.0000,3000.0000,4123.1100,5830.9500,0.1467,96.0313
163,2000.0000,4000.0000,3162.2800,5385.1700,0.0648,62.1136
164,6403.1200,1414.2100,18000.0000,2828.4300,0.1910,52.6455
165,5830.9500,2000.0000,17000.0000,2000.0000,0.1968,36.0962
166,5385.1700,1000.0000,16000.0000,1000.0000,0.2088,61.7897
167,5099.0200,0.0000,15000.0000,0.0000,0.1993,3.2385
168,5000.0000,1000.0000,14000.0000,0.0000,0.2087,1.8276
169,5099.0200,0.0000,13000.0000,1000.0000,0.2270,1.7605
170,5385.1700,0.0000,12000.0000,1414.2100,0.2080,1.4663
171,5830.9500,1000.0000,11000.0000,2236.0700,0.2017,5.5269
172,6403.1200,2000.0000,10000.0000,3162.2800,0.2727,49.0005
173,7071.0700,2236.0700,9000.0000,4123.1100,0.2359,51.7254
174,7071.0700,1414.2100,8000.0000,5099.0200,0.1897,81.7526
175,6082.7600,1000.0000,7000.0000,6082.7600,0.2462,48.4145
176,5099.0200,1414.2100,6000.0000,6324.5600,0.2537,47.7120
177,4123.1100,2236.0700,5000.0000,6082.7600,0.1673,43.3728
178,3162.2800,3162.2800,4000.0000,6000.0000,0.1389,73.2062
179,2236.0700,4123.1100,3000.0000,6082.7600,0.1092,69.0890
180,5656.8500,2236.0700,18027.8000,2236.0700,0.2465,21.7591
181,5000.0000,2236.0700,17029.4000,1414.2100,0.2447,33.0036
182,4472.1400,1414.2100,16031.2000,1000.0000,0.2338,17.6534
183,4123.1100,1000.0000,15033.3000,0.0000,0.2139,3.8982
184,4000.0000,1000.0000,14035.7000,0.0000,0.1904,1.4925
185,4123.1100,0.0000,13038.4000,1000.0000,0.2570,1.5370
186,4472.1400,1000.0000,12041.6000,2000.0000,0.1834,3.4171
187,5000.0000,1414.2100,11045.4000,2828.4300,0.1914,7.2696
188,5656.8500,2236.0700,10049.9000,3605.5500,0.1976,45.5368
189,6403.1200,2000.0000,9055.3800,4472.1400,0.2787,110.0400
190,7211.1000,1000.0000,8062.2600,5385.1700,0.2086,34.0260
191,6324.5600,0.0000,7071.0700,5830.9500,0.2309,40.5549
192,5385.1700,1000.0000,6082.7600,5385.1700,0.2656,51.6134
193,4472.1400,2000.0000,5099.0200,5099.0200,0.1728,34.6794
194,3605.5500,3000.0000,4123.1100,5000.0000,0.1316,91.4529
195,2828.4300,4000.0000,3162.2800,5099.0200,0.1043,78.7249
196,5000.0000,3162.2800,18110.8000,2000.0000,0.2944,20.7934
197,4242.6400,2828.4300,17117.2000,1000.0000,0.2842,24.4723
198,3605.5500,2236.0700,16124.5000,0.0000,0.2013,22.3112
199,3162.2800,2000.0000,15132.7000,0.0000,0.2286,6.8073
200,3000.0000,1414.2100,14142.1000,1000.0000,0.1649,2.5612
201,3162.2800,1000.0000,13152.9000,1414.2100,0.2279,1.4100
202,3605.5500,1414.2100,12165.5000,2236.0700,0.1904,2.0213
203,4242.6400,2236.0700,11180.3000,3162.2800,0.1823,10.8316
204,5000.0000,2828.4300,10198.0000,4123.1100,0.2162,57.1971
205,5830.9500,2236.0700,9219.5400,5000.0000,0.3084,67.7755
206,6708.2000,1414.2100,8246.2100,5656.8500,0.2458,44.6359
207,6708.2000,1000.0000,7280.1100,5000.0000,0.2306,47.3271
208,5830.9500,1414.2100,6324.5600,4472.1400,0.2182,36.8803
209,5000.0000,2236.0700,5385.1700,4123.1100,0.1960,26.3034
210,4242.6400,3162.2800,4472.1400,4000.0000,0.1517,70.6087
211,3605.5500,4123.1100,3605.5500,4123.1100,0.0532,45.4397
212,4472.1400,3605.5500,18027.8000,2236.0700,0.2441,29.0066
213,3605.5500,3605.5500,17029.4000,1414.2100,0.2817,19.3578
214,2828.4300,3162.2800,16031.2000,1000.0000,0.1416,6.9999
215,2236.0700,2828.4300,15033.3000,0.0000,0.1666,1.9552
216,2000.0000,2236.0700,14035.7000,0.0000,0.1931,5.0233
217,2236.0700,2000.0000,13038.4000,1000.0000,0.1825,5.2168
218,2828.4300,2236.0700,12041.6000,2000.0000,0.1850,31.9355
219,3605.5500,2828.4300,11045.4000,3000.0000,0.2227,57.0906
220,4472.1400,2236.0700,10049.9000,4000.0000,0.1869,60.9574
221,5385.1700,1414.2100,9055.3800,5000.0000,0.3029,98.9894
222,6324.5600,1000.0000,8062.2600,5000.0000,0.2576,64.1844
223,6403.1200,1414.2100,7071.0700,4242.6400,0.2534,46.2246
224,5656.8500,2236.0700,6082.7600,3605.5500,0.2365,9.3033
225,5000.0000,2828.4300,5099.0200,3162.2800,0.1986,19.9156
226,4472.1400,3605.5500,4123.1100,3000.0000,0.1347,49.2467
227,4123.1100,4472.1400,3162.2800,3162.2800,0.2204,46.4233
228,4123.1100,2828.4300,18000.0000,2828.4300,0.1993,37.0620
229,3162.2800,3605.5500,17000.0000,2236.0700,0.2510,21.0477
230,2236.0700,3162.2800,16000.0000,1414.2100,0.0969,5.4093
231,1414.2100,3000.0000,15000.0000,1000.0000,0.1422,1.0245
232,1000.0000,3000.0000,14000.0000,0.0000,0.2656,13.5832
233,1414.2100,3000.0000,13000.0000,1000.0000,0.1795,3.4249
234,2236.0700,3000.0000,12000.0000,2000.0000,0.1800,43.6926
235,3162.2800,3000.0000,11000.0000,3000.0000,0.2113,56.6665
236,4123.1100,2000.0000,10000.0000,4000.0000,0.2670,45.4241
237,5099.0200,1000.0000,9000.0000,5000.0000,0.2516,78.5952
238,6082.7600,0.0000,8000.0000,4472.1400,0.2770,20.2880
239,5830.9500,1000.0000,7000.0000,3605.5500,0.2610,34.1615
240,5000.0000,2000.0000,6000.0000,2828.4300,0.2344,34.1733
241,4242.6400,3000.0000,5000.0000,2236.0700,0.1870,21.0209
242,3605.5500,4000.0000,4000.0000,2000.0000,0.1543,15.6157
243,3162.2800,5000.0000,3000.0000,2236.0700,0.2719,29.0704
244,4000.0000,2236.0700,18027.8000,3162.2800,0.1705,24.7804
245,3000.0000,2828.4300,17029.4000,2236.0700,0.1872,29.8720
246,2000.0000,2236.0700,16031.2000,1414.2100,0.1647,11.3234
247,1000.0000,2000.0000,15033.3000,1000.0000,0.1437,1.2643
248,0.0000,2000.0000,14035.7000,0.0000,0.3197,9.2915
249,1000.0000,2236.0700,13038.4000,1000.0000,0.1784,3.4889
250,2000.0000,2000.0000,12041.6000,2000.0000,0.1751,37.2999
251,3000.0000,2236.0700,11045.4000,3000.0000,0.2388,80.3452
252,4000.0000,2236.0700,10049.9000,4000.0000,0.2819,56.2348
253,5000.0000,1414.2100,9055.3800,5000.0000,0.2640,91.3811
254,6000.0000,1000.0000,8062.2600,4123.1100,0.2868,48.1950
255,5385.1700,1414.2100,7071.0700,3162.2800,0.2288,37.4801
256,4472.1400,2236.0700,6082.7600,2236.0700,0.2361,51.9804
257,3605.5500,3162.2800,5099.0200,1414.2100,0.2686,20.2791
258,2828.4300,4123.1100,4123.1100,1000.0000,0.2469,48.6142
259,2236.0700,5099.0200,3162.2800,1414.2100,0.3118,24.4444
260,4123.1100,2000.0000,18110.8000,3000.0000,0.2363,40.7119
261,3162.2800,2236.0700,17117.2000,2000.0000,0.1892,31.4008
262,2236.0700,1414.2100,16124.5000,1000.0000,0.1991,13.0891
263,1414.2100,1000.0000,15132.7000,0.0000,0.1988,8.0187
264,1000.0000,1000.0000,14142.1000,0.0000,0.2291,5.7074
265,1414.2100,1414.2100,13152.9000,1000.0000,0.1442,12.1661
266,2236.0700,1000.0000,12165.5000,2000.0000,0.1680,16.0093
267,3162.2800,1414.2100,11180.3000,3000.0000,0.2129,54.6928
268,4123.1100,2000.0000,10198.0000,4000.0000,0.2970,79.3185
269,5099.0200,1000.0000,9219.5400,4000.0000,0.3253,70.2185
270,6082.7600,0.0000,8246.2100,4000.0000,0.2368,60.5325
271,5099.0200,1000.0000,7280.1100,3000.0000,0.2695,74.2671
272,4123.1100,2000.0000,6324.5600,2000.0000,0.3272,34.9649
273,3162.2800,3000.0000,5385.1700,1000.0000,0.3016,30.0593
274,2236.0700,4000.0000,4472.1400,0.0000,0.3064,20.9597
275,1414.2100,4472.1400,3605.5500,1000.0000,0.3968,28.2447
276,5385.1700,1414.2100,19235.4000,4000.0000,0.1503,46.7422
277,4472.1400,2236.0700,18248.3000,3000.0000,0.1878,46.9416
278,3605.5500,2000.0000,17262.7000,2000.0000,0.2016,41.8383
279,2828.4300,1000.0000,16278.8000,1000.0000,0.1419,10.8250
280,2236.0700,0.0000,15297.1000,0.0000,0.1990,15.4812
281,2000.0000,0.0000,14317.8000,1000.0000,0.2027,11.0115
282,2236.0700,1000.0000,13341.7000,1414.2100,0.1721,1.8500
283,2828.4300,0.0000,12369.3000,2236.0700,0.2001,13.4537
284,3605.5500,1000.0000,11401.8000,2828.4300,0.1826,34.2719
285,4472.1400,2000.0000,10440.3000,3162.2800,0.2497,51.9560
286,5385.1700,1414.2100,9486.8300,3000.0000,0.2266,41.4006
287,6000.0000,1000.0000,8544.0000,3000.0000,0.2561,57.1387
288,5000.0000,1414.2100,7615.7700,3000.0000,0.2619,50.4330
289,4000.0000,2236.0700,6708.2000,2000.0000,0.2947,45.1797
290,3000.0000,3000.0000,5830.9500,1000.0000,0.3025,19.5434
291,2000.0000,3162.2800,5000.0000,0.0000,0.2990,23.0474
292,1000.0000,3605.5500,4242.6400,0.0000,0.2762,24.0554
293,0.0000,3605.5500,3605.5500,0.0000,0.2155,15.4983
294,1000.0000,3162.2800,3162.2800,0.0000,0.1682,23.4333
295,2000.0000,2828.4300,3000.0000,0.0000,0.1817,51.6520
296,3000.0000,2236.0700,3162.2800,0.0000,0.1693,62.9114
297,5830.9500,2236.0700,19416.5000,4000.0000,0.1430,19.0226
298,5000.0000,2828.4300,18439.1000,3000.0000,0.1120,84.6968
299,4242.6400,2236.0700,17464.2000,2000.0000,0.1702,78.3135
300,3605.5500,1414.2100,16492.4000,1000.0000,0.1854,9.3062
301,3162.2800,1000.0000,15524.2000,0.0000,0.2222,24.2350
302,3000.0000,1000.0000,14560.2000,0.0000,0.2124,5.2156
303,3162.2800,1414.2100,13601.5000,1000.0000,0.2056,3.3689
304,3605.5500,1000.0000,12649.1000,1414.2100,0.2448,21.8304
305,4242.6400,1414.2100,11704.7000,2236.0700,0.2340,42.6385
306,5000.0000,2236.0700,10770.3000,2236.0700,0.3046,23.5196
307,5830.9500,2236.0700,9848.8600,2000.0000,0.2587,31.9107
308,6082.7600,2000.0000,8944.2700,2000.0000,0.2278,37.0546
309,5099.0200,2236.0700,8062.2600,2000.0000,0.2717,54.1508
310,4123.1100,2000.0000,7211.1000,2236.0700,0.2966,24.5799
311,3162.2800,2000.0000,6403.1200,1414.2100,0.3018,18.9682
312,2236.0700,2236.0700,5656.8500,1000.0000,0.3151,9.1421
313,1414.2100,2828.4300,5000.0000,0.0000,0.2315,14.9010
314,1000.0000,2828.4300,4472.1400,0.0000,0.1998,25.0072
315,1414.2100,2236.0700,4123.1100,1000.0000,0.2439,39.1833
316,2236.0700,2000.0000,4000.0000,1000.0000,0.2252,24.7724
317,3162.2800,1414.2100,4123.1100,1000.0000,0.1683,19.5443
318,6403.1200,3162.2800,19646.9000,4123.1100,0.1364,5.5852
319,5656.8500,3605.5500,18681.5000,3162.2800,0.2480,97.7501
320,5000.0000,2828.4300,17720.0000,2236.0700,0.2187,40.4675
321,4472.1400,2236.0700,16763.1000,1414.2100,0.1455,24.3032
322,4123.1100,1414.2100,15811.4000,1000.0000,0.1278,4.9534
323,4000.0000,1000.0000,14866.1000,0.0000,0.1694,3.5014
324,4123.1100,1414.2100,13928.4000,0.0000,0.2328,24.0532
325,4472.1400,2000.0000,13000.0000,1000.0000,0.2389,46.4358
326,5000.0000,2236.0700,12083.0000,2000.0000,0.2121,24.6504
327,5656.8500,2828.4300,11180.3000,1414.2100,0.2677,27.0760
328,6403.1200,3162.2800,10295.6000,1000.0000,0.2175,15.1614
329,6324.5600,2236.0700,9433.9800,1000.0000,0.2333,11.0949
330,5385.1700,1414.2100,8602.3300,1000.0000,0.2634,8.8352
331,4472.1400,1000.0000,7810.2500,1414.2100,0.2802,26.7644
332,3605.5500,1000.0000,7071.0700,1414.2100,0.2896,15.4728
333,2828.4300,1414.2100,6403.1200,1000.0000,0.2776,6.2765
334,2236.0700,2236.0700,5830.9500,0.0000,0.2051,12.7410
335,2000.0000,2236.0700,5385.1700,1000.0000,0.2823,60.2326
336,2236.0700,1414.2100,5099.0200,1000.0000,0.2522,77.2491
337,2828.4300,1000.0000,5000.0000,1000.0000,0.1856,57.5699
338,3605.5500,1000.0000,5099.0200,1000.0000,0.1529,47.2563
339,7071.0700,4123.1100,19924.9000,4472.1400,0.1377,7.0554
340,6403.1200,3605.5500,18973.7000,3605.5500,0.1548,81.9526
341,5830.9500,3000.0000,18027.8000,2828.4300,0.1511,29.7220
342,5385.1700,2000.0000,17088.0000,2000.0000,0.1296,45.3080
343,5099.0200,1000.0000,16155.5000,1000.0000,0.1515,3.3235
344,5000.0000,0.0000,15231.5000,0.0000,0.1985,15.4844
345,5099.0200,1000.0000,14317.8000,0.0000,0.2325,51.0373
346,5385.1700,2000.0000,13416.4000,1000.0000,0.2506,38.2915
347,5830.9500,2000.0000,12530.0000,2000.0000,0.2999,24.7344
348,6403.1200,2236.0700,11661.9000,1000.0000,0.2562,11.1194
349,7071.0700,2828.4300,10816.7000,0.0000,0.2425,10.6918
350,6708.2000,2000.0000,10000.0000,0.0000,0.2360,8.8944
351,5830.9500,1000.0000,9219.5400,0.0000,0.2610,23.0802
352,5000.0000,0.0000,8485.2800,1000.0000,0.3099,26.6856
353,4242.6400,0.0000,7810.2500,1000.0000,0.3043,3.8744
354,3605.5500,1000.0000,7211.1000,0.0000,0.2493,4.2836
355,3162.2800,1414.2100,6708.2000,0.0000,0.1959,7.2088
356,3000.0000,2000.0000,6324.5600,0.0000,0.2110,36.9166
357,3162.2800,1000.0000,6082.7600,0.0000,0.1742,61.6305
358,3605.5500,0.0000,6000.0000,0.0000,0.1531,26.5062
359,4242.6400,1000.0000,6082.7600,0.0000,0.1710,30.6358
360,5000.0000,1000.0000,6324.5600,0.0000,0.2091,21.6066
361,6403.1200,3605.5500,20248.5000,4123.1100,0.1102,24.1112
362,5830.9500,2828.4300,19313.2000,3162.2800,0.1179,49.5093
363,5385.1700,2236.0700,18384.8000,2236.0700,0.1464,67.0028
364,5099.0200,2000.0000,17464.2000,1414.2100,0.1523,16.2673
365,5000.0000,1414.2100,16552.9000,1000.0000,0.1334,4.7234
366,5099.0200,1000.0000,15652.5000,0.0000,0.1860,33.3377
367,5385.1700,1414.2100,14764.8000,1000.0000,0.2887,87.4375
368,5830.9500,1414.2100,13892.4000,1000.0000,0.2686,33.8523
369,6403.1200,1000.0000,13038.4000,1000.0000,0.2801,24.4419
370,7071.0700,1414.2100,12206.6000,1000.0000,0.3008,2.1967
371,7810.2500,2236.0700,11401.8000,0.0000,0.2506,4.3518
372,7211.1000,2236.0700,10630.1000,0.0000,0.2940,5.0528
373,6403.1200,1414.2100,9899.5000,0.0000,0.2728,4.7151
374,5656.8500,1000.0000,9219.5400,1000.0000,0.3037,8.8291
375,5000.0000,1000.0000,8602.3300,0.0000,0.3067,9.6683
376,4472.1400,0.0000,8062.2600,0.0000,0.2218,12.5357
377,4123.1100,1000.0000,7615.7700,1000.0000,0.2652,16.0694
378,4000.0000,1414.2100,7280.1100,0.0000,0.2588,8.7162
379,4123.1100,1414.2100,7071.0700,1000.0000,0.2250,34.9874
380,4472.1400,1000.0000,7000.0000,0.0000,0.2564,25.3066
381,5000.0000,0.0000,7071.0700,0.0000,0.2123,29.2806
382,5656.8500,0.0000,7280.1100,0.0000,0.2242,32.7953
383,5656.8500,3162.2800,20615.5000,4000.0000,0.1517,55.8620
384,5000.0000,2236.0700,19697.7000,3000.0000,0.1349,77.3275
385,4472.1400,1414.2100,18788.3000,2000.0000,0.2051,51.8492
386,4123.1100,1000.0000,17888.5000,1000.0000,0.1447,10.8968
387,4000.0000,1414.2100,17000.0000,0.0000,0.1330,13.1755
388,4123.1100,2000.0000,16124.5000,0.0000,0.1693,14.7428
389,4472.1400,1414.2100,15264.3000,1000.0000,0.2726,34.4781
390,5000.0000,1000.0000,14422.2000,0.0000,0.2249,63.7717
391,5656.8500,0.0000,13601.5000,0.0000,0.2471,5.7185
392,6403.1200,1000.0000,12806.2000,0.0000,0.2746,3.0416
393,7211.1000,1414.2100,12041.6000,0.0000,0.3141,2.4362
394,7810.2500,2236.0700,11313.7000,1000.0000,0.2959,6.8853
395,7071.0700,1414.2100,10630.1000,0.0000,0.2917,10.6924
396,6403.1200,1000.0000,10000.0000,0.0000,0.2946,8.3616
397,5830.9500,0.0000,9433.9800,0.0000,0.2292,10.5344
398,5385.1700,1000.0000,8944.2700,1000.0000,0.2584,6.0386
399,5099.0200,0.0000,8544.0000,1414.2100,0.1962,6.7402
400,5000.0000,1000.0000,8246.2100,1000.0000,0.2276,38.4574
401,5099.0200,2000.0000,8062.2600,1414.2100,0.2955,27.2813
402,5385.1700,1414.2100,8000.0000,1000.0000,0.2702,20.8286
403,5830.9500,1000.0000,8062.2600,1000.0000,0.2629,14.1718
404,6403.1200,1000.0000,8246.2100,0.0000,0.2368,20.2890
405,5000.0000,3000.0000,21023.8000,4000.0000,0.1508,39.3012
406,4242.6400,2000.0000,20124.6000,3000.0000,0.1236,53.4964
407,3605.5500,1000.0000,19235.4000,2000.0000,0.2255,108.8390
408,3162.2800,0.0000,18357.6000,1000.0000,0.1463,10.6468
409,3000.0000,1000.0000,17492.9000,0.0000,0.1541,13.3865
410,3162.2800,2000.0000,16643.3000,0.0000,0.1970,18.2188
411,3605.5500,1000.0000,15811.4000,1000.0000,0.2238,45.3743
412,4242.6400,0.0000,15000.0000,1000.0000,0.2272,88.2683
413,5000.0000,1000.0000,14212.7000,0.0000,0.2572,11.7906
414,5830.9500,0.0000,13453.6000,0.0000,0.2574,3.1794
415,6708.2000,1000.0000,12727.9000,1000.0000,0.3033,1.8954
416,7615.7700,2000.0000,12041.6000,0.0000,0.2634,15.0684
417,7810.2500,1000.0000,11401.8000,0.0000,0.2684,28.6748
418,7211.1000,0.0000,10816.7000,0.0000,0.2368,8.1547
419,6708.2000,0.0000,10295.6000,0.0000,0.2540,9.1544
420,6324.5600,1000.0000,9848.8600,1000.0000,0.2245,19.5909
421,6082.7600,1000.0000,9486.8300,2000.0000,0.3243,72.8888
422,6000.0000,1414.2100,9219.5400,2000.0000,0.3005,49.6579
423,6082.7600,2236.0700,9055.3800,2236.0700,0.2831,30.1859
424,6324.5600,2236.0700,9000.0000,2000.0000,0.2900,12.4268
425,6708.2000,2000.0000,9055.3800,1000.0000,0.2239,5.4525
426,7211.1000,2000.0000,9219.5400,0.0000,0.2401,10.5366
427,4472.1400,2828.4300,21470.9000,3605.5500,0.1429,27.2926
428,3605.5500,2236.0700,20591.3000,2828.4300,0.1697,60.4370
429,2828.4300,1414.2100,19723.1000,2000.0000,0.2248,33.9670
430,2236.0700,1000.0000,18868.0000,1000.0000,0.1703,19.7094
431,2000.0000,1414.2100,18027.8000,0.0000,0.1738,14.7220
432,2236.0700,2236.0700,17204.7000,0.0000,0.2088,21.4377
433,2828.4300,1414.2100,16401.2000,1000.0000,0.2095,40.1791
434,3605.5500,1000.0000,15620.5000,0.0000,0.2694,21.5649
435,4472.1400,1414.2100,14866.1000,0.0000,0.2357,10.0930
436,5385.1700,1000.0000,14142.1000,0.0000,0.2728,5.3912
437,6324.5600,1414.2100,13453.6000,0.0000,0.2608,10.2769
438,7280.1100,2236.0700,12806.2000,0.0000,0.2236,13.5261
439,8246.2100,1414.2100,12206.6000,0.0000,0.2370,38.9272
440,8062.2600,1000.0000,11661.9000,0.0000,0.2393,15.5394
441,7615.7700,1000.0000,11180.3000,1000.0000,0.2279,7.0763
442,7280.1100,1414.2100,10770.3000,1414.2100,0.2367,48.3005
443,7071.0700,2000.0000,10440.3000,2000.0000,0.2488,47.9755
444,7000.0000,2236.0700,10198.0000,2236.0700,0.2393,40.3036
445,7071.0700,2828.4300,10049.9000,2828.4300,0.2971,36.7540
446,7280.1100,3162.2800,10000.0000,2000.0000,0.2656,15.9177
447,7615.7700,3000.0000,10049.9000,1000.0000,0.2111,9.7250
448,8062.2600,3000.0000,10198.0000,0.0000,0.2211,11.7134
449,8602.3300,3162.2800,10440.3000,0.0000,0.1885,17.1917
450,4123.1100,2236.0700,21954.5000,3162.2800,0.0770,17.3770
451,3162.2800,1414.2100,21095.0000,2236.0700,0.1125,45.3148
452,2236.0700,1000.0000,20248.5000,1414.2100,0.2306,106.1880
453,1414.2100,1414.2100,19416.5000,1000.0000,0.1635,28.8003
454,1000.0000,2236.0700,18601.1000,0.0000,0.1841,21.8600
455,1414.2100,2828.4300,17804.5000,0.0000,0.2324,18.6225
456,2236.0700,2236.0700,17029.4000,1000.0000,0.2459,6.0608
457,3162.2800,2000.0000,16278.8000,0.0000,0.2545,28.4317
458,4123.1100,2236.0700,15556.3000,0.0000,0.2436,6.2272
459,5099.0200,1414.2100,14866.1000,0.0000,0.2237,13.0875
460,6082.7600,1000.0000,14212.7000,0.0000,0.2431,40.5532
461,7071.0700,1414.2100,13601.5000,0.0000,0.2543,62.0068
462,8062.2600,2236.0700,13038.4000,1000.0000,0.2350,41.4361
463,8944.2700,2000.0000,12530.0000,0.0000,0.2657,34.9452
464,8544.0000,2000.0000,12083.0000,0.0000,0.2043,6.1445
465,8246.2100,2236.0700,11704.7000,1000.0000,0.1983,17.5856
466,8062.2600,2828.4300,11401.8000,1000.0000,0.2284,26.9115
467,8000.0000,3162.2800,11180.3000,1414.2100,0.1850,46.1036
468,8062.2600,3605.5500,11045.4000,2000.0000,0.1586,32.2818
469,8246.2100,4123.1100,11000.0000,2000.0000,0.1989,28.2738
470,8544.0000,4000.0000,11045.4000,1414.2100,0.2011,10.8678
471,8944.2700,4000.0000,11180.3000,1000.0000,0.2470,19.3667
472,9433.9800,3605.5500,11401.8000,0.0000,0.2131,34.8412
473,5000.0000,3000.0000,23323.8000,4000.0000,0.1283,30.3706
474,4000.0000,2000.0000,22472.2000,3000.0000,0.0829,21.3943
475,3000.0000,1000.0000,21633.3000,2000.0000,0.1501,33.0312
476,2000.0000,0.0000,20808.7000,1000.0000,0.2007,36.1754
477,1000.0000,1000.0000,20000.0000,0.0000,0.1833,28.0833
478,0.0000,2000.0000,19209.4000,0.0000,0.2226,11.7756
479,1000.0000,3000.0000,18439.1000,1000.0000,0.2257,12.5436
480,2000.0000,3162.2800,17691.8000,1000.0000,0.2513,5.4377
481,3000.0000,3000.0000,16970.6000,0.0000,0.2489,22.0387
482,4000.0000,2000.0000,16278.8000,1000.0000,0.2519,26.2378
483,5000.0000,1000.0000,15620.5000,1000.0000,0.2515,5.9100
484,6000.0000,0.0000,15000.0000,1000.0000,0.2133,60.0485
485,7000.0000,1000.0000,14422.2000,1000.0000,0.2496,54.7952
486,8000.0000,2000.0000,13892.4000,1414.2100,0.2232,43.8186
487,9000.0000,3000.0000,13416.4000,1000.0000,0.2642,24.8263
488,9486.8300,3000.0000,13000.0000,0.0000,0.2282,18.3069
489,9219.5400,3162.2800,12649.1000,0.0000,0.2250,33.1287
490,9055.3800,3605.5500,12369.3000,0.0000,0.1843,29.3420
491,9000.0000,4123.1100,12165.5000,1000.0000,0.1859,83.2939
492,9055.3800,4472.1400,12041.6000,1000.0000,0.1559,33.3875
493,9219.5400,5000.0000,12000.0000,1000.0000,0.1312,23.0913
494,9486.8300,4472.1400,12041.6000,1414.2100,0.2027,34.1105
495,9848.8600,3605.5500,12165.5000,1000.0000,0.2215,38.6000
496,10295.6000,2828.4300,12369.3000,0.0000,0.1325,18.0326
497,5099.0200,3162.2800,23853.7000,4123.1100,0.1315,42.1558
498,4123.1100,2236.0700,23021.7000,3162.2800,0.1141,41.6684
499,3162.2800,1414.2100,22203.6000,2236.0700,0.1756,35.5810
500,2236.0700,1000.0000,21400.9000,1414.2100,0.1554,41.2217
501,1414.2100,1414.2100,20615.5000,1000.0000,0.1677,20.5279
502,1000.0000,2236.0700,19849.4000,0.0000,0.1828,10.5436
503,1414.2100,2828.4300,19105.0000,0.0000,0.1888,20.3467
504,2236.0700,2828.4300,18384.8000,0.0000,0.2360,28.3722
505,3162.2800,2236.0700,17691.8000,1000.0000,0.2505,5.5233
506,4123.1100,2000.0000,17029.4000,1414.2100,0.2415,7.5614
507,5099.0200,1414.2100,16401.2000,2000.0000,0.2086,5.9265
508,6082.7600,1000.0000,15811.4000,2000.0000,0.1852,57.0264
509,7071.0700,1414.2100,15264.3000,2000.0000,0.1895,93.0759
510,8062.2600,2236.0700,14764.8000,2236.0700,0.2113,20.3324
511,9055.3800,3162.2800,14317.8000,1414.2100,0.2479,27.3308
512,10049.9000,4000.0000,13928.4000,1000.0000,0.2289,29.2053
513,10198.0000,4123.1100,13601.5000,1000.0000,0.2267,39.0679
514,10049.9000,4472.1400,13341.7000,0.0000,0.1682,34.2657
515,10000.0000,5000.0000,13152.9000,0.0000,0.1456,19.9097
516,10049.9000,5385.1700,13038.4000,0.0000,0.1124,19.9735
517,10198.0000,5099.0200,13000.0000,0.0000,0.1163,26.4405
518,10440.3000,4123.1100,13038.4000,1000.0000,0.1045,10.9494
519,10770.3000,3162.2800,13152.9000,1000.0000,0.1778,23.1520
520,11180.3000,2236.0700,13341.7000,0.0000,0.1438,10.6170
521,5385.1700,3162.2800,24413.1000,4472.1400,0.1334,68.1418
522,4472.1400,2236.0700,23600.8000,3605.5500,0.1074,50.1420
523,3605.5500,1414.2100,22803.5000,2828.4300,0.1315,35.4823
524,2828.4300,1000.0000,22022.7000,2000.0000,0.1496,19.6778
525,2236.0700,1000.0000,21260.3000,1000.0000,0.1478,5.3108
526,2000.0000,1414.2100,20518.3000,0.0000,0.1525,5.9949
527,2236.0700,2236.0700,19799.0000,1000.0000,0.2016,4.5879
528,2828.4300,2236.0700,19105.0000,0.0000,0.2552,22.6174
529,3605.5500,1414.2100,18439.1000,1000.0000,0.2473,12.8880
530,4472.1400,1000.0000,17804.5000,2000.0000,0.2571,15.1312
531,5385.1700,1414.2100,17204.7000,2828.4300,0.2141,7.1423
532,6324.5600,2000.0000,16643.3000,3000.0000,0.1946,12.3187
533,7280.1100,2236.0700,16124.5000,3000.0000,0.2236,17.7182
534,8246.2100,2828.4300,15652.5000,2828.4300,0.2369,15.2844
535,9219.5400,3605.5500,15231.5000,2236.0700,0.2151,33.2346
536,10198.0000,4472.1400,14866.1000,2000.0000,0.1991,35.2398
537,11180.3000,5099.0200,14560.2000,1414.2100,0.1733,24.7856
538,11045.4000,5099.0200,14317.8000,1000.0000,0.1848,28.6564
539,11000.0000,5000.0000,14142.1000,0.0000,0.1432,18.1583
540,11045.4000,5099.0200,14035.7000,0.0000,0.1806,26.9603
541,11180.3000,5000.0000,14000.0000,1000.0000,0.1610,22.3026
542,11401.8000,4000.0000,14035.7000,1414.2100,0.0896,10.9126
543,11704.7000,3000.0000,14142.1000,1000.0000,0.1444,42.5017
544,11661.9000,2000.0000,13928.4000,0.0000,0.1554,42.8789
545,10816.7000,1000.0000,13000.0000,0.0000,0.0833,20.3960
546,5830.9500,3000.0000,25000.0000,5000.0000,0.1358,37.4076
547,5000.0000,2000.0000,24207.4000,4000.0000,0.1257,28.8296
548,4242.6400,1000.0000,23430.8000,3000.0000,0.1571,66.2522
549,3605.5500,0.0000,22671.6000,2000.0000,0.1386,36.2617
550,3162.2800,0.0000,21931.7000,1000.0000,0.1528,5.8614
551,3000.0000,1000.0000,21213.2000,0.0000,0.1423,5.4659
552,3162.2800,2000.0000,20518.3000,0.0000,0.2061,10.3626
553,3605.5500,2000.0000,19849.4000,1000.0000,0.2414,33.1089
554,4242.6400,1000.0000,19209.4000,1414.2100,0.2368,28.2603
555,5000.0000,0.0000,18601.1000,2236.0700,0.2229,14.4015
556,5830.9500,1000.0000,18027.8000,3162.2800,0.2487,5.7017
557,6708.2000,2000.0000,17492.9000,4000.0000,0.1941,19.2701
558,7615.7700,3000.0000,17000.0000,4000.0000,0.2350,16.4554
559,8544.0000,3605.5500,16552.9000,3605.5500,0.2190,23.0763
560,9486.8300,4000.0000,16155.5000,2828.4300,0.1905,50.3898
561,10440.3000,4123.1100,15811.4000,2236.0700,0.2201,43.2700
562,11401.8000,4472.1400,15524.2000,1414.2100,0.1790,48.9114
563,12041.6000,4123.1100,15297.1000,1000.0000,0.1532,13.3212
564,12000.0000,4000.0000,15132.7000,1000.0000,0.1687,34.6561
565,12041.6000,4123.1100,15033.3000,1000.0000,0.1629,24.5391
566,12165.5000,4472.1400,15000.0000,1414.2100,0.0735,18.6351
567,12369.3000,4123.1100,15033.3000,2000.0000,0.0679,24.6049
568,12649.1000,3162.2800,15132.7000,1000.0000,0.0999,33.5213
569,12041.6000,2236.0700,14317.8000,0.0000,0.0943,20.2172
570,11045.4000,1414.2100,13416.4000,0.0000,0.0471,23.1665
571,6403.1200,3162.2800,25612.5000,4472.1400,0.0994,38.6188
572,5656.8500,2236.0700,24839.5000,3605.5500,0.1246,87.3724
573,5000.0000,1414.2100,24083.2000,2828.4300,0.1380,38.3423
574,4472.1400,1000.0000,23345.2000,2000.0000,0.1325,49.5260
575,4123.1100,1000.0000,22627.4000,1000.0000,0.1584,4.2995
576,4000.0000,1000.0000,21931.7000,0.0000,0.1618,8.9419
577,4123.1100,1414.2100,21260.3000,1000.0000,0.2235,32.9970
578,4472.1400,2236.0700,20615.5000,1414.2100,0.2266,46.8239
579,5000.0000,1414.2100,20000.0000,2236.0700,0.1990,23.8522
580,5656.8500,1000.0000,19416.5000,2828.4300,0.2166,32.3579
581,6403.1200,1414.2100,18868.0000,3605.5500,0.2236,16.4408
582,7211.1000,2236.0700,18357.6000,3162.2800,0.2025,19.9156
583,8062.2600,3162.2800,17888.5000,3000.0000,0.2101,21.3817
584,8944.2700,3162.2800,17464.2000,3000.0000,0.2240,32.7215
585,9848.8600,3000.0000,17088.0000,2236.0700,0.2000,26.1925
586,10770.3000,3162.2800,16763.1000,1414.2100,0.1367,25.8313
587,11704.7000,3605.5500,16492.4000,1000.0000,0.1542,35.6924
588,12649.1000,3162.2800,16278.8000,0.0000,0.1092,11.4841
589,13000.0000,3000.0000,16124.5000,0.0000,0.1646,29.0676
590,13038.4000,3162.2800,16031.2000,0.0000,0.1261,37.8424
591,13152.9000,3605.5500,16000.0000,1000.0000,0.0733,27.9786
592,13341.7000,4242.6400,16031.2000,2000.0000,0.0519,28.6950
593,13000.0000,3605.5500,15652.5000,1414.2100,0.0758,26.2781
594,12000.0000,2828.4300,14764.8000,1000.0000,0.1260,30.8844
595,11000.0000,2236.0700,13892.4000,0.0000,0.0894,38.5108
596,7071.0700,3605.5500,26248.8000,4123.1100,0.1444,27.2066
597,6403.1200,2828.4300,25495.1000,3162.2800,0.1556,56.8017
598,5830.9500,2236.0700,24758.8000,2236.0700,0.1383,37.4531
599,5385.1700,2000.0000,24041.6000,1414.2100,0.1389,21.2439
600,5099.0200,1000.0000,23345.2000,1000.0000,0.1827,11.8022
601,5000.0000,0.0000,22671.6000,0.0000,0.1478,13.0849
602,5099.0200,1000.0000,22022.7000,1000.0000,0.1919,33.0416
603,5385.1700,2000.0000,21400.9000,1414.2100,0.1941,45.2074
604,5830.9500,2236.0700,20808.7000,2236.0700,0.1971,18.6992
605,6403.1200,2000.0000,20248.5000,3162.2800,0.2009,23.5945
606,7071.0700,2236.0700,19723.1000,2828.4300,0.1990,32.8311
607,7810.2500,2828.4300,19235.4000,2236.0700,0.1883,15.5840
608,8602.3300,2828.4300,18788.3000,2000.0000,0.1901,21.3298
609,9433.9800,2236.0700,18384.8000,2000.0000,0.2145,38.9800
610,10295.6000,2000.0000,18027.8000,2000.0000,0.2014,39.5800
611,11180.3000,2236.0700,17720.0000,1000.0000,0.1367,34.7201
612,12083.0000,2828.4300,17464.2000,0.0000,0.1245,49.2847
613,13000.0000,2236.0700,17262.7000,0.0000,0.1441,27.9852
614,13928.4000,2000.0000,17117.2000,1000.0000,0.1781,19.7072
615,14035.7000,2236.0700,17029.4000,1000.0000,0.1065,19.1963
616,14142.1000,2828.4300,17000.0000,1414.2100,0.0568,39.5599
617,14035.7000,3605.5500,17000.0000,2236.0700,0.0874,67.3882
618,13038.4000,3162.2800,16124.5000,2000.0000,0.0872,48.2075
619,12041.6000,3000.0000,15264.3000,1000.0000,0.0693,26.9411
620,11045.4000,3162.2800,14422.2000,0.0000,0.0676,24.2629
621,7810.2500,4123.1100,26907.2000,4000.0000,0.1132,25.3164
622,7211.1000,3605.5500,26172.5000,3000.0000,0.1674,39.5103
623,6708.2000,3162.2800,25455.8000,2000.0000,0.1550,29.2038
624,6324.5600,2236.0700,24758.8000,1000.0000,0.1452,11.6840
625,6082.7600,1414.2100,24083.2000,0.0000,0.1475,25.0258
626,6000.0000,1000.0000,23430.8000,0.0000,0.1403,16.3155
627,6082.7600,1000.0000,22803.5000,0.0000,0.1623,21.5166
628,6324.5600,1414.2100,22203.6000,1000.0000,0.1738,39.1837
629,6708.2000,2236.0700,21633.3000,2000.0000,0.1926,34.9367
630,7211.1000,3000.0000,21095.0000,2828.4300,0.2029,31.7695
631,7810.2500,3162.2800,20591.3000,2236.0700,0.1997,24.3910
632,8485.2800,3162.2800,20124.6000,1414.2100,0.1794,10.8085
633,9219.5400,2236.0700,19697.7000,1000.0000,0.1698,25.2840
634,10000.0000,1414.2100,19313.2000,1000.0000,0.1700,29.4861
635,10816.7000,1000.0000,18973.7000,1000.0000,0.1087,29.3803
636,11661.9000,1414.2100,18681.5000,1000.0000,0.0995,41.6444
637,12530.0000,2236.0700,18439.1000,0.0000,0.0768,15.6281
638,13416.4000,1414.2100,18248.3000,1000.0000,0.1263,22.6771
639,14317.8000,1000.0000,18110.8000,1414.2100,0.1104,47.3983
640,15033.3000,1414.2100,18027.8000,2000.0000,0.0784,44.1455
641,15132.7000,2236.0700,18000.0000,2236.0700,0.0612,46.6647
642,14142.1000,2828.4300,17492.9000,2828.4300,0.0490,67.6446
643,13152.9000,2236.0700,16643.3000,2236.0700,0.0515,39.8595
644,12165.5000,2000.0000,15811.4000,1414.2100,0.0506,31.2573
645,11180.3000,2236.0700,15000.0000,1000.0000,0.0613,28.5581
646,10198.0000,2828.4300,14212.7000,0.0000,0.0310,24.4629
647,8602.3300,4000.0000,27586.2000,4000.0000,0.1252,43.0528
648,8062.2600,3605.5500,26870.1000,3000.0000,0.1838,52.1654
649,7615.7700,2828.4300,26172.5000,2000.0000,0.1539,50.8561
650,7280.1100,2000.0000,25495.1000,1000.0000,0.1201,59.7109
651,7071.0700,1000.0000,24839.5000,0.0000,0.1221,10.1392
652,7000.0000,0.0000,24207.4000,0.0000,0.1438,12.8485
653,7071.0700,0.0000,23600.8000,1000.0000,0.1430,12.2583
654,7280.1100,1000.0000,23021.7000,1414.2100,0.1563,33.9268
655,7615.7700,2000.0000,22472.2000,2236.0700,0.1663,24.3478
656,8062.2600,2828.4300,21954.5000,2000.0000,0.1923,27.2382
657,8602.3300,3162.2800,21470.9000,1414.2100,0.1626,47.2990
658,9219.5400,2828.4300,21023.8000,1000.0000,0.1899,10.7222
659,9899.5000,2000.0000,20615.5000,0.0000,0.1817,18.5323
660,10630.1000,1000.0000,20248.5000,0.0000,0.1703,45.5046
661,11401.8000,0.0000,19924.9000,0.0000,0.1188,40.2186
662,12206.6000,1000.0000,19646.9000,0.0000,0.0960,21.8990
663,13038.4000,1414.2100,19416.5000,0.0000,0.1056,21.8974
664,13892.4000,1000.0000,19235.4000,1000.0000,0.1486,22.9246
665,14764.8000,0.0000,19105.0000,2000.0000,0.1293,40.5626
666,15620.5000,1000.0000,19026.3000,2828.4300,0.0920,40.4872
667,14866.1000,2000.0000,18868.0000,3162.2800,0.0755,58.1305
668,14142.1000,2236.0700,18027.8000,3605.5500,0.0337,47.9278
669,13341.7000,1414.2100,17204.7000,2828.4300,0.0268,28.1454
670,12369.3000,1000.0000,16401.2000,2000.0000,0.0277,44.7767
671,11401.8000,1414.2100,15620.5000,1000.0000,0.0450,29.7808
672,10440.3000,2236.0700,14866.1000,0.0000,0.0441,27.0106
673,9433.9800,4123.1100,28284.3000,4000.0000,0.1321,37.3237
674,8944.2700,3162.2800,27586.2000,3000.0000,0.1892,69.3882
675,8544.0000,2236.0700,26907.2000,2000.0000,0.1511,28.9983
676,8246.2100,1414.2100,26248.8000,1000.0000,0.1080,25.4672
677,8062.2600,1000.0000,25612.5000,0.0000,0.1329,4.4791
678,8000.0000,0.0000,25000.0000,0.0000,0.1311,6.8348
679,8062.2600,1000.0000,24413.1000,1000.0000,0.1360,41.4197
680,8246.2100,1000.0000,23853.7000,1414.2100,0.1584,21.1809
681,8544.0000,1414.2100,23323.8000,1414.2100,0.1819,3.1777
682,8944.2700,2000.0000,22825.4000,1000.0000,0.2031,21.7345
683,9433.9800,2236.0700,22360.7000,1000.0000,0.1682,40.8711
684,10000.0000,2236.0700,21931.7000,0.0000,0.2017,6.1628
685,10630.1000,1414.2100,21540.7000,0.0000,0.1899,14.8891
686,11313.7000,1000.0000,21189.6000,0.0000,0.1833,13.9933
687,12041.6000,1000.0000,20880.6000,1000.0000,0.1842,17.1706
688,12806.2000,1414.2100,20615.5000,1000.0000,0.1669,33.2151
689,13601.5000,1000.0000,20396.1000,1000.0000,0.1244,24.9339
690,14422.2000,0.0000,20223.7000,1414.2100,0.1079,14.4985
691,15264.3000,1000.0000,20099.8000,2236.0700,0.0799,17.5277
692,15000.0000,1414.2100,20025.0000,3162.2800,0.0785,33.3791
693,14212.7000,2236.0700,19416.5000,4123.1100,0.0484,47.4995
694,13453.6000,2000.0000,18601.1000,4123.1100,0.0404,38.2273
695,12727.9000,1000.0000,17804.5000,3162.2800,0.0464,38.4727
696,12041.6000,0.0000,17029.4000,2236.0700,0.0387,40.3058
697,11401.8000,1000.0000,16278.8000,1414.2100,0.0400,29.1095
698,10770.3000,2000.0000,15556.3000,1000.0000,0.0427,18.6861
699,10295.6000,4000.0000,29000.0000,4123.1100,0.1396,53.9738
700,9848.8600,3000.0000,28319.6000,3162.2800,0.1329,44.4207
701,9486.8300,2000.0000,27658.6000,2236.0700,0.1545,34.4551
702,9219.5400,1000.0000,27018.5000,1414.2100,0.1430,17.0562
703,9055.3800,0.0000,26400.8000,1000.0000,0.1453,6.9281
704,9000.0000,1000.0000,25807.0000,0.0000,0.1471,14.6410
705,9055.3800,1000.0000,25238.9000,0.0000,0.1564,48.0145
706,9219.5400,0.0000,24698.2000,1000.0000,0.1770,14.7568
707,9486.8300,1000.0000,24186.8000,1000.0000,0.1881,10.8399
708,9848.8600,1000.0000,23706.5000,0.0000,0.1999,11.4200
709,10295.6000,1414.2100,23259.4000,1000.0000,0.2040,5.3984
710,10816.7000,2000.0000,22847.3000,0.0000,0.2166,42.9154
711,11401.8000,1000.0000,22472.2000,0.0000,0.1976,8.4154
712,12041.6000,0.0000,22135.9000,1000.0000,0.1692,11.1509
713,12727.9000,1000.0000,21840.3000,1414.2100,0.1683,17.5541
714,13453.6000,2000.0000,21587.0000,2000.0000,0.1251,23.5254
715,14212.7000,1414.2100,21377.6000,2000.0000,0.0814,32.0605
716,15000.0000,1000.0000,21213.2000,2236.0700,0.0954,6.5165
717,15264.3000,1414.2100,21095.0000,2828.4300,0.0989,18.3697
718,14422.2000,2236.0700,20248.5000,3605.5500,0.0890,27.4937
719,13601.5000,2828.4300,19416.5000,4472.1400,0.0598,45.4520
720,12806.2000,2236.0700,18601.1000,4472.1400,0.0527,28.9218
721,12041.6000,1414.2100,17804.5000,3605.5500,0.0415,30.0051
722,11313.7000,1000.0000,17029.4000,2828.4300,0.0422,35.4631
723,10630.1000,1414.2100,16278.8000,2236.0700,0.0393,28.2095
724,10000.0000,2236.0700,15556.3000,1414.2100,0.0333,22.5698
725,10770.3000,4123.1100,29732.1000,4472.1400,0.0889,37.4111
726,10770.3000,3162.2800,29068.9000,3605.5500,0.1408,29.5876
727,10440.3000,2236.0700,28425.3000,2828.4300,0.1329,25.6199
728,10198.0000,1414.2100,27802.9000,2236.0700,0.1516,11.2383
729,10049.9000,1000.0000,27202.9000,1414.2100,0.1315,1.9455
730,10000.0000,1414.2100,26627.1000,1000.0000,0.1407,12.5305
731,10049.9000,1414.2100,26076.8000,0.0000,0.1589,33.6225
732,10198.0000,1000.0000,25553.9000,1000.0000,0.1462,12.8507
733,10440.3000,1000.0000,25059.9000,0.0000,0.1702,22.0440
734,10770.3000,0.0000,24596.7000,0.0000,0.2295,22.3787
735,11180.3000,1000.0000,24166.1000,0.0000,0.1710,10.5637
736,11661.9000,2000.0000,23769.7000,0.0000,0.1745,39.9216
737,12206.6000,1414.2100,23409.4000,0.0000,0.1527,9.7651
738,12806.2000,1000.0000,23086.8000,0.0000,0.1920,19.0808
739,13453.6000,1414.2100,22803.5000,1000.0000,0.2244,9.2622
740,14142.1000,2236.0700,22561.0000,2000.0000,0.1736,33.2810
741,14866.1000,2236.0700,22360.7000,2828.4300,0.0880,29.0166
742,15620.5000,2000.0000,21470.9000,3162.2800,0.1008,11.7435
743,14764.8000,2236.0700,20591.3000,3605.5500,0.0918,37.5347
744,13892.4000,2828.4300,19723.1000,4242.6400,0.1115,47.7104
745,13038.4000,3605.5500,18868.0000,5000.0000,0.0789,46.9095
746,12206.6000,2828.4300,18027.8000,5000.0000,0.0598,46.1128
747,11401.8000,2236.0700,17204.7000,4242.6400,0.0643,39.1190
748,10630.1000,2000.0000,16401.2000,3605.5500,0.0685,58.1220
749,9899.5000,2236.0700,15620.5000,2828.4300,0.0330,44.0123
750,9219.5400,2828.4300,14866.1000,2236.0700,0.0263,22.3275
751,8602.3300,3605.5500,14142.1000,2000.0000,0.0217,36.0182
752,9848.8600,4242.6400,30479.5000,5000.0000,0.0839,28.3710
753,10295.6000,3605.5500,29832.9000,4242.6400,0.1497,31.9604
754,10816.7000,2828.4300,29206.2000,3605.5500,0.1687,39.7483
755,11180.3000,2236.0700,28600.7000,2828.4300,0.1752,10.6784
756,11045.4000,2000.0000,28017.9000,2000.0000,0.1430,3.5877
757,11000.0000,1414.2100,27459.1000,1000.0000,0.1531,12.6211
758,11045.4000,1000.0000,26925.8000,0.0000,0.1693,19.5011
759,11000.0000,0.0000,26419.7000,0.0000,0.1610,19.3303
760,11045.4000,1000.0000,25942.2000,0.0000,0.2109,15.7623
761,11180.3000,1000.0000,25495.1000,1000.0000,0.2352,8.1191
762,11401.8000,1414.2100,25079.9000,1000.0000,0.2077,5.7710
763,11704.7000,2236.0700,24698.2000,0.0000,0.2018,14.7202
764,12083.0000,2000.0000,24351.6000,0.0000,0.2223,29.6510
765,12530.0000,2000.0000,24041.6000,0.0000,0.1636,24.6793
766,13038.4000,2236.0700,23769.7000,1000.0000,0.1986,30.6929
767,13601.5000,2828.4300,22847.3000,1414.2100,0.1818,28.7673
768,14212.7000,3162.2800,21931.7000,2236.0700,0.0960,29.6428
769,14866.1000,3000.0000,21023.8000,3162.2800,0.1130,13.6257
770,14317.8000,3162.2800,20124.6000,4123.1100,0.0891,30.3584
771,13416.4000,3605.5500,19235.4000,5000.0000,0.0694,47.2264
772,12530.0000,4242.6400,18357.6000,5656.8500,0.0650,38.9083
773,11661.9000,3605.5500,17492.9000,5656.8500,0.0663,34.4711
774,10816.7000,3162.2800,16643.3000,5000.0000,0.0684,33.0556
775,10000.0000,3000.0000,15811.4000,4242.6400,0.0683,32.9341
776,9219.5400,3162.2800,15000.0000,3605.5500,0.0454,39.4148
777,8485.2800,3605.5500,14212.7000,3162.2800,0.0307,32.2974
778,7810.2500,4242.6400,13453.6000,3000.0000,0.0252,32.3467
779,8944.2700,3605.5500,31241.0000,5656.8500,0.0928,33.0346
780,9433.9800,2828.4300,30610.5000,5000.0000,0.1707,49.0132
781,10000.0000,2236.0700,30000.0000,4123.1100,0.1718,49.0691
782,10630.1000,2000.0000,29410.9000,3162.2800,0.1952,17.1465
783,10440.3000,2000.0000,28844.4000,2236.0700,0.1662,3.2080
784,10198.0000,1000.0000,28301.9000,1414.2100,0.1666,7.9079
785,10049.9000,0.0000,27784.9000,1000.0000,0.1788,11.0715
786,10000.0000,1000.0000,27294.7000,0.0000,0.1812,19.6985
787,10049.9000,1414.2100,26832.8000,1000.0000,0.2084,6.3069
788,10198.0000,2000.0000,26400.8000,1414.2100,0.2213,9.3990
789,10440.3000,2236.0700,26000.0000,1414.2100,0.1714,13.6047
790,10770.3000,1414.2100,25632.0000,1000.0000,0.2174,27.6860
791,11180.3000,1000.0000,25298.2000,1000.0000,0.2325,53.8306
792,11661.9000,1414.2100,24351.6000,0.0000,0.1813,15.5397
793,12206.6000,2236.0700,23409.4000,0.0000,0.1581,50.9397
794,12806.2000,3162.2800,22472.2000,1000.0000,0.1581,25.8002
795,13453.6000,4123.1100,21540.7000,2000.0000,0.1048,35.0045
796,14142.1000,4000.0000,20615.5000,2828.4300,0.0990,25.1313
797,13928.4000,4123.1100,19697.7000,3605.5500,0.0913,51.9988
798,13000.0000,4123.1100,18788.3000,4472.1400,0.0573,40.9529
799,12083.0000,4000.0000,17888.5000,5385.1700,0.0649,37.0160
800,11180.3000,4123.1100,17000.0000,6324.5600,0.0391,10.0555
801,10295.6000,4123.1100,16124.5000,5656.8500,0.0782,22.9171
802,9433.9800,4000.0000,15264.3000,5000.0000,0.1010,36.8678
803,8602.3300,4123.1100,14422.2000,4472.1400,0.0507,54.3639
804,7810.2500,4472.1400,13601.5000,4123.1100,0.0265,24.6934
805,7071.0700,3605.5500,12806.2000,4000.0000,0.0277,21.8114
806,8062.2600,3162.2800,32015.6000,6324.5600,0.0913,58.7322
807,8602.3300,2236.0700,31400.6000,5385.1700,0.1287,34.2537
808,9219.5400,1414.2100,30805.8000,4472.1400,0.1904,55.9606
809,9848.8600,1000.0000,30232.4000,3605.5500,0.1908,28.6851
810,9486.8300,1414.2100,29681.6000,2828.4300,0.1279,6.0863
811,9219.5400,1414.2100,29154.8000,2000.0000,0.1583,6.3803
812,9055.3800,1000.0000,28653.1000,1000.0000,0.1583,9.2393
813,9000.0000,1414.2100,28178.0000,0.0000,0.1622,15.2084
814,9055.3800,1000.0000,27730.8000,1000.0000,0.2107,16.2911
815,9219.5400,1414.2100,27313.0000,2000.0000,0.1751,9.0738
816,9486.8300,1414.2100,26925.8000,2236.0700,0.1698,43.4183
817,9848.8600,1000.0000,25961.5000,2000.0000,0.2132,43.7882
818,10295.6000,0.0000,25000.0000,1000.0000,0.1775,37.1927
819,10816.7000,1000.0000,24041.6000,0.0000,0.1926,44.4348
820,11401.8000,2000.0000,23086.8000,0.0000,0.1450,24.6902
821,12041.6000,3000.0000,22135.9000,1000.0000,0.1456,24.6565
822,12727.9000,4000.0000,21189.6000,1414.2100,0.0935,57.5029
823,13453.6000,4000.0000,20248.5000,2236.0700,0.0893,30.1399
824,13601.5000,3605.5500,19313.2000,3162.2800,0.0801,36.6062
825,12649.1000,3162.2800,18384.8000,4123.1100,0.0656,35.3343
826,11704.7000,3000.0000,17464.2000,5000.0000,0.0419,17.7920
827,10770.3000,3162.2800,16552.9000,5830.9500,0.0899,69.1518
828,9848.8600,3605.5500,15652.5000,6403.1200,0.0968,51.4968
829,8944.2700,4242.6400,14764.8000,5830.9500,0.0682,55.6187
830,8062.2600,5000.0000,13892.4000,5385.1700,0.0364,38.8264
831,7211.1000,4123.1100,13038.4000,5099.0200,0.0228,22.6261
832,6403.1200,3162.2800,12206.6000,5000.0000,0.0362,37.5070
833,7810.2500,2000.0000,32202.5000,5830.9500,0.1615,37.4061
834,8485.2800,1000.0000,31622.8000,5000.0000,0.2476,32.8595
835,8944.2700,0.0000,31064.4000,4000.0000,0.1919,25.0777
836,8544.0000,1000.0000,30528.7000,3000.0000,0.1408,5.1490
837,8246.2100,1414.2100,30016.7000,2000.0000,0.1932,14.8506
838,8062.2600,1000.0000,29529.6000,1000.0000,0.1719,13.0921
839,8000.0000,1000.0000,29068.9000,0.0000,0.1327,14.4905
840,8062.2600,0.0000,28635.6000,1000.0000,0.1813,4.1937
841,8246.2100,1000.0000,27658.6000,1414.2100,0.1592,22.7076
842,8544.0000,1000.0000,26683.3000,2236.0700,0.1854,47.0642
843,8944.2700,0.0000,25709.9000,2000.0000,0.1844,58.4164
844,9433.9800,1000.0000,24738.6000,1000.0000,0.1803,47.6407
845,10000.0000,1414.2100,23769.7000,0.0000,0.1920,68.3945
846,10630.1000,2236.0700,22803.5000,0.0000,0.2018,54.4041
847,11313.7000,3162.2800,21840.3000,0.0000,0.1456,36.5765
848,12041.6000,3162.2800,20880.6000,1000.0000,0.0963,66.8077
849,12806.2000,3000.0000,19924.9000,2000.0000,0.1197,47.9261
850,13341.7000,2828.4300,18973.7000,2828.4300,0.0942,29.6461
851,12369.3000,2236.0700,18027.8000,3605.5500,0.0651,17.9387
852,11401.8000,2000.0000,17088.0000,4472.1400,0.0510,11.5087
853,10440.3000,2236.0700,16155.5000,5385.1700,0.0632,50.3128
854,9486.8300,2828.4300,15231.5000,6324.5600,0.0629,48.4783
855,8544.0000,3605.5500,14317.8000,6708.2000,0.0426,53.7415
856,7615.7700,4472.1400,13416.4000,6324.5600,0.0354,30.3194
857,6708.2000,4000.0000,12530.0000,5385.1700,0.0394,42.3526
858,5830.9500,3000.0000,11661.9000,4472.1400,0.0497,93.2215
859,5000.0000,2000.0000,10816.7000,3605.5500,0.0427,67.4993
860,7071.0700,2236.0700,33015.1000,6000.0000,0.1747,50.0798
861,7810.2500,1414.2100,32450.0000,5000.0000,0.2502,41.4672
862,8062.2600,1000.0000,31906.1000,4000.0000,0.1982,18.0683
863,7615.7700,1414.2100,31384.7000,3000.0000,0.1807,20.1981
864,7280.1100,1000.0000,30886.9000,2000.0000,0.1750,21.2568
865,7071.0700,0.0000,30413.8000,1000.0000,0.2203,5.5276
866,7000.0000,1000.0000,29427.9000,0.0000,0.1561,5.5400
867,7071.0700,1000.0000,28442.9000,0.0000,0.1378,3.5264
868,7280.1100,1414.2100,27459.1000,1000.0000,0.1575,5.0140
869,7615.7700,1414.2100,26476.4000,2000.0000,0.1833,27.1789
870,8062.2600,1000.0000,25495.1000,2236.0700,0.1388,47.2854
871,8602.3300,1414.2100,24515.3000,1414.2100,0.1378,32.5282
872,9219.5400,2236.0700,23537.2000,1000.0000,0.1715,22.2340
873,9899.5000,2828.4300,22561.0000,0.0000,0.1827,39.2613
874,10630.1000,2828.4300,21587.0000,0.0000,0.1722,87.5532
875,11401.8000,2236.0700,20615.5000,1000.0000,0.1300,53.9079
876,12206.6000,2000.0000,19646.9000,1414.2100,0.1473,31.6152
877,13038.4000,2236.0700,18681.5000,2236.0700,0.1546,18.4839
878,12165.5000,1414.2100,17720.0000,3162.2800,0.1124,16.7434
879,11180.3000,1000.0000,16763.1000,4123.1100,0.0487,29.8143
880,10198.0000,1414.2100,15811.4000,5099.0200,0.0790,27.4482
881,9219.5400,2236.0700,14866.1000,6082.7600,0.0429,33.5819
882,8246.2100,3162.2800,13928.4000,7071.0700,0.0324,19.5623
883,7280.1100,4123.1100,13000.0000,6082.7600,0.0315,16.7189
884,6324.5600,3605.5500,12083.0000,5099.0200,0.0559,60.9705
885,5385.1700,2828.4300,11180.3000,4123.1100,0.0556,70.1610
886,4472.1400,2236.0700,10295.6000,3162.2800,0.0488,41.8723
887,6403.1200,2000.0000,33837.8000,6000.0000,0.1987,40.3309
888,7211.1000,1000.0000,33286.6000,5000.0000,0.2302,35.3897
889,7211.1000,0.0000,32756.7000,4000.0000,0.1948,27.6247
890,6708.2000,1000.0000,32249.0000,3000.0000,0.1491,15.1850
891,6324.5600,1414.2100,31257.0000,2000.0000,0.1564,7.7734
892,6082.7600,1000.0000,30265.5000,1000.0000,0.1901,7.0207
893,6000.0000,1414.2100,29274.6000,0.0000,0.1761,7.8824
894,6082.7600,1000.0000,28284.3000,0.0000,0.1399,9.2507
895,6324.5600,1000.0000,27294.7000,1000.0000,0.2137,18.7936
896,6708.2000,1414.2100,26305.9000,2000.0000,0.1875,14.1235
897,7211.1000,2000.0000,25318.0000,2828.4300,0.1332,24.5336
898,7810.2500,2236.0700,24331.1000,2236.0700,0.1508,25.6194
899,8485.2800,2000.0000,23345.2000,1414.2100,0.1380,29.1452
900,9219.5400,2236.0700,22360.7000,1000.0000,0.1731,24.3470
901,10000.0000,2236.0700,21377.6000,0.0000,0.1526,77.1068
902,10816.7000,1414.2100,20396.1000,0.0000,0.0992,44.8108
903,11661.9000,1000.0000,19416.5000,1000.0000,0.1666,12.5479
904,12530.0000,1414.2100,18439.1000,2000.0000,0.1747,16.8831
905,12041.6000,1000.0000,17464.2000,3000.0000,0.1428,15.3142
906,11045.4000,0.0000,16492.4000,4000.0000,0.0785,39.1507
907,10049.9000,1000.0000,15524.2000,5000.0000,0.0857,42.0644
908,9055.3800,2000.0000,14560.2000,6000.0000,0.0418,36.2534
909,8062.2600,3000.0000,13601.5000,7000.0000,0.0267,38.0163
910,7071.0700,4000.0000,12649.1000,6000.0000,0.0242,25.8344
911,6082.7600,3162.2800,11704.7000,5000.0000,0.0404,30.7295
912,5099.0200,2236.0700,10770.3000,4000.0000,0.0363,63.4497
913,4123.1100,1414.2100,9848.8600,3000.0000,0.0477,33.6984
914,5830.9500,2000.0000,34669.9000,6000.0000,0.2340,47.1871
915,6708.2000,1000.0000,34132.1000,5000.0000,0.2659,44.9255
916,6403.1200,0.0000,33136.1000,4000.0000,0.1578,19.0913
917,5830.9500,1000.0000,32140.3000,3000.0000,0.1081,6.1743
918,5385.1700,1414.2100,31144.8000,2000.0000,0.1421,5.0477
919,5099.0200,1000.0000,30149.6000,1000.0000,0.1445,2.9286
920,5000.0000,1000.0000,29154.8000,0.0000,0.1160,6.4067
921,5099.0200,0.0000,28160.3000,0.0000,0.1751,15.0530
922,5385.1700,0.0000,27166.2000,1000.0000,0.2717,14.6250
923,5830.9500,1000.0000,26172.5000,2000.0000,0.2142,18.0593
924,6403.1200,2000.0000,25179.4000,3000.0000,0.2059,31.3369
925,7071.0700,1414.2100,24186.8000,2828.4300,0.1514,43.3174
926,7810.2500,1000.0000,23194.8000,2236.0700,0.1279,24.6584
927,8602.3300,1414.2100,22203.6000,1414.2100,0.1498,15.7714
928,9433.9800,2000.0000,21213.2000,1000.0000,0.1638,42.9299
929,10295.6000,1000.0000,20223.7000,1000.0000,0.1097,27.1149
930,11180.3000,0.0000,19235.4000,1414.2100,0.1716,16.1126
931,12083.0000,1000.0000,18248.3000,2236.0700,0.2009,10.8351
932,12000.0000,1000.0000,17262.7000,3162.2800,0.1847,19.4015
933,11000.0000,1000.0000,16278.8000,4123.1100,0.1053,16.0608
934,10000.0000,1414.2100,15297.1000,5099.0200,0.0999,39.6407
935,9000.0000,2236.0700,14317.8000,6082.7600,0.0497,26.8631
936,8000.0000,3162.2800,13341.7000,7000.0000,0.0404,28.1781
937,7000.0000,4000.0000,12369.3000,6000.0000,0.0294,19.5369
938,6000.0000,3000.0000,11401.8000,5000.0000,0.0338,28.1417
939,5000.0000,2000.0000,10440.3000,4000.0000,0.0339,44.6611
940,4000.0000,1000.0000,9486.8300,3000.0000,0.0358,39.5152
941,5385.1700,2236.0700,35057.1000,6000.0000,0.2005,47.5249
942,6324.5600,1414.2100,34058.8000,5000.0000,0.2035,63.1369
943,5656.8500,1000.0000,33060.6000,4000.0000,0.1829,52.8537
944,5000.0000,1000.0000,32062.4000,3000.0000,0.1423,4.5112
945,4472.1400,1000.0000,31064.4000,2000.0000,0.1724,3.4040
946,4123.1100,0.0000,30066.6000,1000.0000,0.1546,2.5962
947,4000.0000,0.0000,29068.9000,0.0000,0.1440,4.9691
948,4123.1100,1000.0000,28071.3000,1000.0000,0.1907,6.7441
949,4472.1400,1000.0000,27074.0000,1414.2100,0.2549,9.1328
950,5000.0000,1414.2100,26076.8000,2236.0700,0.2254,16.2707
951,5656.8500,2000.0000,25079.9000,3162.2800,0.1969,17.5854
952,6403.1200,1000.0000,24083.2000,3605.5500,0.1645,65.2421
953,7211.1000,0.0000,23086.8000,2828.4300,0.1288,28.6534
954,8062.2600,1000.0000,22090.7000,2236.0700,0.0781,31.9338
955,8944.2700,2000.0000,21095.0000,2000.0000,0.1518,27.7216
956,9848.8600,1414.2100,20099.8000,2000.0000,0.1548,31.8313
957,10770.3000,1000.0000,19105.0000,2236.0700,0.1492,8.3602
958,11704.7000,1000.0000,18110.8000,2828.4300,0.1847,4.0903
959,12041.6000,0.0000,17117.2000,3605.5500,0.1655,6.9555
960,11045.4000,1000.0000,16124.5000,4472.1400,0.1207,14.6305
961,10049.9000,2000.0000,15132.7000,5385.1700,0.0927,34.6586
962,9055.3800,2828.4300,14142.1000,6324.5600,0.0615,26.4078
963,8062.2600,3605.5500,13152.9000,7071.0700,0.0427,23.4606
964,7071.0700,4123.1100,12165.5000,6082.7600,0.0610,27.7846
965,6082.7600,3162.2800,11180.3000,5099.0200,0.0327,21.6408
966,5099.0200,2236.0700,10198.0000,4123.1100,0.0370,31.2408
967,4123.1100,1414.2100,9219.5400,3162.2800,0.0426,86.6109
968,3162.2800,1000.0000,8246.2100,2236.0700,0.0442,53.2764
969,5099.0200,2828.4300,34713.1000,6000.0000,0.1715,34.4214
970,5830.9500,2000.0000,33970.6000,5000.0000,0.2174,57.2435
971,5000.0000,1000.0000,33015.1000,4000.0000,0.1873,55.1605
972,4242.6400,0.0000,32015.6000,3000.0000,0.1129,4.3764
973,3605.5500,0.0000,31016.1000,2000.0000,0.1543,3.3971
974,3162.2800,1000.0000,30016.7000,1000.0000,0.1430,2.3586
975,3000.0000,1000.0000,29017.2000,0.0000,0.1776,12.8427
976,3162.2800,0.0000,28017.9000,1000.0000,0.2783,23.5622
977,3605.5500,1000.0000,27018.5000,2000.0000,0.2121,11.4699
978,4242.6400,1414.2100,26019.2000,2828.4300,0.2202,33.9940
979,5000.0000,1000.0000,25020.0000,3605.5500,0.1683,10.2470
980,5830.9500,1414.2100,24020.8000,4242.6400,0.1770,67.5408
981,6708.2000,1000.0000,23021.7000,3605.5500,0.1342,79.5256
982,7615.7700,1414.2100,22022.7000,3162.2800,0.0571,38.3537
983,8544.0000,2236.0700,21023.8000,3000.0000,0.1167,27.1656
984,9486.8300,2236.0700,20025.0000,3000.0000,0.1568,30.3225
985,10440.3000,2000.0000,19026.3000,3162.2800,0.1547,11.7420
986,11180.3000,1414.2100,18027.8000,3605.5500,0.1446,10.5300
987,11045.4000,1000.0000,17029.4000,4242.6400,0.2146,5.2652
988,11000.0000,1414.2100,16031.2000,5000.0000,0.1609,6.9180
989,10198.0000,2236.0700,15033.3000,5830.9500,0.1202,32.5058
990,9219.5400,3162.2800,14035.7000,6708.2000,0.0722,11.5817
991,8246.2100,4123.1100,13038.4000,7000.0000,0.0739,26.7885
992,7280.1100,3605.5500,12041.6000,6324.5600,0.0804,22.1832
993,6324.5600,3162.2800,11045.4000,5385.1700,0.0305,18.2475
994,5385.1700,2828.4300,10049.9000,4472.1400,0.0370,33.6510
995,4472.1400,2000.0000,9055.3800,3605.5500,0.0656,58.4962
996,3605.5500,1000.0000,8062.2600,2828.4300,0.0569,36.4089
997,5000.0000,2236.0700,34058.8000,6000.0000,0.1083,26.6562
998,5385.1700,1414.2100,33301.7000,5000.0000,0.1497,39.7629
999,4472.1400,1000.0000,32557.6000,4000.0000,0.1944,75.6485
1000,3605.5500,0.0000,31827.7000,3000.0000,0.1505,28.1462
1001,2828.4300,1000.0000,31000.0000,2000.0000,0.1728,20.5348
1002,2236.0700,1000.0000,30000.0000,1000.0000,0.1558,4.0518
1003,2000.0000,0.0000,29000.0000,0.0000,0.1671,4.5022
1004,2236.0700,1000.0000,28000.0000,1000.0000,0.2720,21.0056
1005,2828.4300,1414.2100,27000.0000,1414.2100,0.2483,22.7487
1006,3605.5500,1000.0000,26000.0000,2236.0700,0.2087,25.7405
1007,4472.1400,0.0000,25000.0000,3162.2800,0.1727,5.7772
1008,5385.1700,1000.0000,24000.0000,4123.1100,0.1953,34.6288
1009,6324.5600,2000.0000,23000.0000,4472.1400,0.1301,26.9409
1010,7280.1100,2236.0700,22000.0000,4123.1100,0.0881,31.0061
1011,8246.2100,2828.4300,21000.0000,4000.0000,0.1355,38.0819
1012,9219.5400,3162.2800,20000.0000,4000.0000,0.1501,35.5008
1013,10198.0000,2828.4300,19000.0000,4123.1100,0.1508,16.2373
1014,10198.0000,2236.0700,18000.0000,4472.1400,0.1778,10.2986
1015,10049.9000,2000.0000,17000.0000,5000.0000,0.2326,8.7839
1016,10000.0000,2236.0700,16000.0000,5656.8500,0.2185,13.3874
1017,10049.9000,2828.4300,15000.0000,6000.0000,0.1706,11.5248
1018,9486.8300,3605.5500,14000.0000,6000.0000,0.1170,16.3135
1019,8544.0000,3605.5500,13000.0000,6000.0000,0.1019,32.8513
1020,7615.7700,2828.4300,12000.0000,6082.7600,0.0563,39.2094
1021,6708.2000,2236.0700,11000.0000,5830.9500,0.0368,35.7976
1022,5830.9500,2000.0000,10000.0000,5000.0000,0.0834,58.6512
1023,5000.0000,2236.0700,9000.0000,4242.6400,0.0905,43.8254
1024,4242.6400,1414.2100,8000.0000,3605.5500,0.0829,73.0597
1025,5099.0200,2000.0000,33421.6000,6082.7600,0.1166,42.3886
1026,5099.0200,1000.0000,32649.7000,5099.0200,0.1430,38.6408
1027,4123.1100,0.0000,31890.4000,4123.1100,0.1961,56.0005
1028,3162.2800,1000.0000,31144.8000,3162.2800,0.1536,23.3279
1029,2236.0700,0.0000,30413.8000,2236.0700,0.1937,19.7564
1030,1414.2100,1000.0000,29698.5000,1414.2100,0.2212,8.2899
1031,1000.0000,1000.0000,29000.0000,1000.0000,0.2883,3.9524
1032,1414.2100,0.0000,28017.9000,0.0000,0.2258,15.3916
1033,2236.0700,1000.0000,27018.5000,1000.0000,0.2913,27.3056
1034,3162.2800,1414.2100,26019.2000,2000.0000,0.2175,9.5028
1035,4123.1100,1000.0000,25020.0000,3000.0000,0.1807,15.1201
1036,5099.0200,1414.2100,24020.8000,4000.0000,0.1702,24.6386
1037,6082.7600,2236.0700,23021.7000,5000.0000,0.1281,41.4542
1038,7071.0700,3162.2800,22022.7000,5099.0200,0.0695,23.6587
1039,8062.2600,3605.5500,21023.8000,5000.0000,0.1184,31.6443
1040,9055.3800,4123.1100,20025.0000,5000.0000,0.1574,57.5928
1041,9486.8300,3605.5500,19026.3000,5099.0200,0.1337,9.1886
1042,9219.5400,3162.2800,18027.8000,5385.1700,0.1540,6.9778
1043,9055.3800,3000.0000,17029.4000,5385.1700,0.2106,5.4055
1044,9000.0000,3162.2800,16031.2000,5099.0200,0.2208,8.3407
1045,9055.3800,3605.5500,15033.3000,5000.0000,0.2125,23.8473
1046,9219.5400,4123.1100,14035.7000,5000.0000,0.1267,19.0605
1047,8944.2700,3162.2800,13038.4000,5000.0000,0.0757,35.1270
1048,8062.2600,2236.0700,12041.6000,5099.0200,0.0583,27.4416
1049,7211.1000,1414.2100,11045.4000,5385.1700,0.0376,37.7474
1050,6403.1200,1000.0000,10049.9000,5656.8500,0.1242,61.9975
1051,5656.8500,1414.2100,9055.3800,5000.0000,0.0890,28.6781
1052,5000.0000,2236.0700,8062.2600,4242.6400,0.0934,47.8014
1053,5385.1700,2236.0700,32802.4000,6000.0000,0.1396,35.2211
1054,5000.0000,1414.2100,32015.6000,5000.0000,0.1772,45.1150
1055,4000.0000,1000.0000,31241.0000,4000.0000,0.2065,33.4205
1056,3000.0000,1414.2100,30479.5000,3000.0000,0.1373,21.3654
1057,2000.0000,1000.0000,29732.1000,2000.0000,0.1829,11.7688
1058,1000.0000,1000.0000,29000.0000,1000.0000,0.2091,20.7107
1059,0.0000,1000.0000,28284.3000,0.0000,0.2025,16.8523
1060,1000.0000,0.0000,27586.2000,0.0000,0.2389,16.8557
1061,2000.0000,1000.0000,26907.2000,1000.0000,0.2556,29.6992
1062,3000.0000,1414.2100,26076.8000,2000.0000,0.1989,16.8770
1063,4000.0000,2000.0000,25079.9000,3000.0000,0.2102,38.4481
1064,5000.0000,2236.0700,24083.2000,4000.0000,0.2049,21.5942
1065,6000.0000,2828.4300,23086.8000,5000.0000,0.0717,13.8106
1066,7000.0000,3605.5500,22090.7000,6000.0000,0.0959,47.3101
1067,8000.0000,4472.1400,21095.0000,5830.9500,0.0998,31.6789
1068,8944.2700,4472.1400,20099.8000,5385.1700,0.1486,40.4392
1069,8544.0000,4123.1100,19105.0000,5099.0200,0.1358,13.5020
1070,8246.2100,4000.0000,18110.8000,5000.0000,0.1520,2.4541
1071,8062.2600,4000.0000,17117.2000,4472.1400,0.1756,4.4244
1072,8000.0000,4123.1100,16124.5000,4123.1100,0.1957,3.0382
1073,8062.2600,4000.0000,15132.7000,4000.0000,0.1584,14.5461
1074,8246.2100,3605.5500,14142.1000,4000.0000,0.1195,12.8257
1075,8544.0000,2828.4300,13152.9000,4000.0000,0.0966,31.6915
1076,8602.3300,2000.0000,12165.5000,4123.1100,0.0578,37.3018
1077,7810.2500,1000.0000,11180.3000,4472.1400,0.0603,32.1587
1078,7071.0700,0.0000,10198.0000,5000.0000,0.1195,59.8321
1079,6403.1200,1000.0000,9219.5400,4472.1400,0.0960,18.8280
1080,5830.9500,2000.0000,8246.2100,4123.1100,0.1112,33.5364
1081,5385.1700,2236.0700,7280.1100,4000.0000,0.1302,18.2292
1082,5830.9500,2236.0700,32202.5000,6000.0000,0.1097,27.9483
1083,5099.0200,1414.2100,31400.6000,5000.0000,0.1486,37.3969
1084,4123.1100,1000.0000,30610.5000,4000.0000,0.1445,25.5492
1085,3162.2800,1414.2100,29832.9000,3000.0000,0.1038,10.3603
1086,2236.0700,1000.0000,29068.9000,2000.0000,0.1258,10.4962
1087,1414.2100,0.0000,28319.6000,1000.0000,0.1549,7.8564
1088,1000.0000,1000.0000,27586.2000,0.0000,0.1971,10.9177
1089,1414.2100,1000.0000,26870.1000,1000.0000,0.2438,38.5843
1090,2236.0700,0.0000,26172.5000,1414.2100,0.2579,57.6305
1091,3162.2800,1000.0000,25495.1000,2236.0700,0.2412,21.0264
1092,4123.1100,2000.0000,24839.5000,3162.2800,0.1821,21.4741
1093,5099.0200,3000.0000,24186.8000,4123.1100,0.1635,16.5358
1094,6082.7600,3000.0000,23194.8000,5099.0200,0.0892,16.1070
1095,7071.0700,3162.2800,22203.6000,5656.8500,0.0858,63.2299
1096,8062.2600,3605.5500,21213.2000,5000.0000,0.0773,41.4510
1097,8062.2600,3605.5500,20223.7000,4472.1400,0.1187,36.1523
1098,7615.7700,3162.2800,19235.4000,4123.1100,0.1543,36.3185
1099,7280.1100,3000.0000,18248.3000,4000.0000,0.1358,3.8993
1100,7071.0700,3162.2800,17262.7000,3605.5500,0.1531,4.2561
1101,7000.0000,3162.2800,16278.8000,3162.2800,0.1759,3.8427
1102,7071.0700,3000.0000,15297.1000,3000.0000,0.1618,3.4669
1103,7280.1100,3000.0000,14317.8000,3000.0000,0.1252,7.5701
1104,7615.7700,2236.0700,13341.7000,3000.0000,0.0892,51.9632
1105,8062.2600,1414.2100,12369.3000,3162.2800,0.0834,39.1750
1106,8485.2800,1000.0000,11401.8000,3605.5500,0.0716,67.5921
1107,7810.2500,1000.0000,10440.3000,4242.6400,0.0698,27.4943
1108,7211.1000,1000.0000,9486.8300,3605.5500,0.0983,52.8317
1109,6708.2000,1414.2100,8544.0000,3162.2800,0.1832,52.2137
1110,6324.5600,2236.0700,7615.7700,3000.0000,0.1744,48.6710
1111,6324.5600,2000.0000,31622.8000,6000.0000,0.0815,34.6351
1112,5385.1700,1000.0000,30805.8000,5000.0000,0.1228,62.5757
1113,4472.1400,0.0000,30000.0000,4000.0000,0.1532,24.1872
1114,3605.5500,1000.0000,29206.2000,3000.0000,0.0800,24.8417
1115,2828.4300,1000.0000,28425.3000,2000.0000,0.0904,12.3751
1116,2236.0700,0.0000,27658.6000,1000.0000,0.1795,13.8449
1117,2000.0000,1000.0000,26907.2000,0.0000,0.2277,7.8912
1118,2236.0700,1000.0000,26172.5000,0.0000,0.2172,48.1808
1119,2828.4300,0.0000,25455.8000,1000.0000,0.2333,14.6472
1120,3605.5500,1000.0000,24758.8000,2000.0000,0.2470,15.5286
1121,4472.1400,2000.0000,24083.2000,3000.0000,0.1879,10.5383
1122,5385.1700,2236.0700,23430.8000,4000.0000,0.1442,12.1887
1123,6324.5600,2000.0000,22803.5000,5000.0000,0.0929,43.3406
1124,7280.1100,2236.0700,22203.6000,5000.0000,0.0910,40.4182
1125,7810.2500,2828.4300,21377.6000,4242.6400,0.1045,31.0760
1126,7211.1000,2828.4300,20396.1000,3605.5500,0.1386,19.9222
1127,6708.2000,2236.0700,19416.5000,3162.2800,0.1687,16.3945
1128,6324.5600,2000.0000,18439.1000,3000.0000,0.1559,10.8247
1129,6082.7600,2236.0700,17464.2000,2828.4300,0.1785,34.9369
1130,6000.0000,2236.0700,16492.4000,2236.0700,0.1535,60.0822
1131,6082.7600,2000.0000,15524.2000,2000.0000,0.1635,55.1852
1132,6324.5600,2000.0000,14560.2000,2000.0000,0.1669,33.1114
1133,6708.2000,2000.0000,13601.5000,2000.0000,0.1252,45.3795
1134,7211.1000,1000.0000,12649.1000,2236.0700,0.1221,42.5379
1135,7810.2500,0.0000,11704.7000,2828.4300,0.1050,25.1899
1136,8485.2800,1000.0000,10770.3000,3605.5500,0.1099,32.6455
1137,8062.2600,0.0000,9848.8600,2828.4300,0.0894,34.9959
1138,7615.7700,1000.0000,8944.2700,2236.0700,0.1278,36.7095
1139,7280.1100,2000.0000,8062.2600,2000.0000,0.1343,42.6569
1140,6708.2000,2236.0700,31064.4000,5830.9500,0.0866,61.5021
1141,5830.9500,1414.2100,30232.4000,5000.0000,0.1139,54.3743
1142,5000.0000,1000.0000,29410.9000,4000.0000,0.1204,28.9285
1143,4242.6400,0.0000,28600.7000,3000.0000,0.0765,10.4564
1144,3605.5500,1000.0000,27802.9000,2000.0000,0.1273,15.5315
1145,3162.2800,1000.0000,27018.5000,1000.0000,0.1373,20.5539
1146,3000.0000,1414.2100,26248.8000,0.0000,0.2193,8.9833
1147,3162.2800,1000.0000,25495.1000,0.0000,0.2996,11.9776
1148,3605.5500,0.0000,24758.8000,1000.0000,0.2407,22.6982
1149,4242.6400,1000.0000,24041.6000,2000.0000,0.1712,13.0296
1150,5000.0000,1000.0000,23345.2000,3000.0000,0.1542,20.9665
1151,5830.9500,1414.2100,22671.6000,4000.0000,0.1612,21.8974
1152,6708.2000,1000.0000,22022.7000,5000.0000,0.1096,23.6236
1153,7615.7700,1414.2100,21400.9000,4472.1400,0.0979,62.9892
1154,7071.0700,2236.0700,20808.7000,3605.5500,0.0742,35.3222
1155,6403.1200,2236.0700,20124.6000,2828.4300,0.1969,67.0827
1156,5830.9500,1414.2100,19235.4000,2236.0700,0.1584,11.6536
1157,5385.1700,1000.0000,18357.6000,2000.0000,0.1522,36.0228
1158,5099.0200,1414.2100,17492.9000,2000.0000,0.1913,33.3195
1159,5000.0000,1414.2100,16643.3000,1414.2100,0.1659,24.5194
1160,5099.0200,1000.0000,15811.4000,1000.0000,0.1525,30.0402
1161,5385.1700,1000.0000,14866.1000,1000.0000,0.1826,21.2802
1162,5830.9500,1000.0000,13928.4000,1000.0000,0.1563,39.0229
1163,6403.1200,1414.2100,13000.0000,1414.2100,0.1203,33.9698
1164,7071.0700,1000.0000,12000.0000,2236.0700,0.1291,46.8861
1165,7810.2500,0.0000,11000.0000,3162.2800,0.1386,13.3773
1166,8602.3300,1000.0000,10000.0000,2236.0700,0.1704,36.6852
1167,8544.0000,1414.2100,9000.0000,1414.2100,0.1954,33.1433
1168,8246.2100,2000.0000,8000.0000,1000.0000,0.1873,34.4497
1169,7211.1000,2000.0000,30528.7000,5000.0000,0.1172,62.6007
1170,6403.1200,1000.0000,29681.6000,5000.0000,0.1375,62.8503
1171,5656.8500,0.0000,28844.4000,4000.0000,0.1317,63.6027
1172,5000.0000,0.0000,28017.9000,3000.0000,0.1017,4.4394
1173,4472.1400,1000.0000,27202.9000,2000.0000,0.1314,16.9664
1174,4123.1100,2000.0000,26400.8000,1000.0000,0.1431,35.9653
1175,4000.0000,1000.0000,25612.5000,0.0000,0.1781,12.8060
1176,4123.1100,0.0000,24839.5000,0.0000,0.1998,8.6395
1177,4472.1400,1000.0000,24083.2000,1000.0000,0.2293,42.4574
1178,5000.0000,1000.0000,23345.2000,2000.0000,0.1669,6.0717
1179,5656.8500,0.0000,22627.4000,3000.0000,0.1476,12.7305
1180,6403.1200,1000.0000,21931.7000,4000.0000,0.1481,7.3241
1181,7211.1000,0.0000,21260.3000,5000.0000,0.0755,11.0386
1182,7211.1000,1000.0000,20615.5000,4123.1100,0.0704,23.1544
1183,6403.1200,2000.0000,20000.0000,3162.2800,0.0416,36.4564
1184,5656.8500,2000.0000,19416.5000,2236.0700,0.1700,63.8355
1185,5000.0000,1000.0000,18788.3000,1414.2100,0.2261,26.7707
1186,4472.1400,0.0000,17888.5000,1000.0000,0.1739,45.3819
1187,4123.1100,1000.0000,17000.0000,1000.0000,0.1571,20.6777
1188,4000.0000,1000.0000,16124.5000,1000.0000,0.1912,18.7912
1189,4123.1100,0.0000,15264.3000,0.0000,0.1721,2.9661
1190,4472.1400,0.0000,14422.2000,0.0000,0.1858,29.1271
1191,5000.0000,0.0000,13601.5000,0.0000,0.1922,17.9591
1192,5656.8500,1000.0000,12806.2000,1000.0000,0.1610,33.2398
1193,6403.1200,1414.2100,12041.6000,2000.0000,0.1869,29.8676
1194,7211.1000,1000.0000,11045.4000,3000.0000,0.2163,47.0354
1195,8062.2600,0.0000,10049.9000,2000.0000,0.2060,27.1851
1196,8944.2700,1000.0000,9055.3800,1000.0000,0.2222,42.8971
1197,9219.5400,1000.0000,8062.2600,0.0000,0.2569,38.2487
1198,9055.3800,1000.0000,7071.0700,1000.0000,0.2249,32.4217
1199,7810.2500,2236.0700,30016.7000,4242.6400,0.0775,33.9160
1200,7071.0700,1414.2100,29154.8000,5000.0000,0.1231,47.8233
1201,6403.1200,1000.0000,28301.9000,4000.0000,0.1547,74.4358
1202,5830.9500,1000.0000,27459.1000,3000.0000,0.1167,14.5650
1203,5385.1700,1000.0000,26627.1000,2000.0000,0.1466,13.0505
1204,5099.0200,1414.2100,25807.0000,1000.0000,0.1527,38.0390
1205,5000.0000,1000.0000,25000.0000,0.0000,0.1541,12.0577
1206,5099.0200,0.0000,24207.4000,0.0000,0.1612,23.2835
1207,5385.1700,1000.0000,23430.8000,1000.0000,0.2071,18.6999
1208,5830.9500,0.0000,22671.6000,2000.0000,0.1481,13.8226
1209,6403.1200,0.0000,21931.7000,3000.0000,0.1688,7.2328
1210,7071.0700,1000.0000,21213.2000,4000.0000,0.1909,13.2747
1211,7615.7700,1000.0000,20518.3000,5000.0000,0.1714,21.8310
1212,6708.2000,1414.2100,19849.4000,4000.0000,0.0740,23.6348
1213,5830.9500,2236.0700,19209.4000,3000.0000,0.0663,53.1555
1214,5000.0000,2000.0000,18601.1000,2000.0000,0.0677,59.5094
1215,4242.6400,1000.0000,18027.8000,1000.0000,0.1745,39.0723
1216,3605.5500,0.0000,17464.2000,0.0000,0.2203,28.8957
1217,3162.2800,0.0000,16552.9000,0.0000,0.1675,8.5357
1218,3000.0000,1000.0000,15652.5000,0.0000,0.1662,4.3046
1219,3162.2800,1000.0000,14764.8000,0.0000,0.2711,3.4545
1220,3605.5500,0.0000,13892.4000,0.0000,0.2218,1.7570
1221,4242.6400,1000.0000,13038.4000,0.0000,0.2430,29.5637
1222,5000.0000,1414.2100,12206.6000,1000.0000,0.1819,31.1683
1223,5830.9500,1414.2100,11401.8000,2000.0000,0.1620,28.6814
1224,6708.2000,1000.0000,10630.1000,3000.0000,0.2279,48.3246
1225,7615.7700,1000.0000,9899.5000,2236.0700,0.2610,14.2797
1226,8544.0000,1000.0000,9219.5400,1414.2100,0.2707,30.1164
1227,8246.2100,0.0000,8246.2100,1000.0000,0.2729,43.5936
1228,8062.2600,0.0000,7280.1100,1414.2100,0.3376,3.8860
1229,8485.2800,2236.0700,29529.6000,3605.5500,0.0792,52.7237
1230,7810.2500,2000.0000,28653.1000,4472.1400,0.1516,28.7297
1231,7211.1000,1000.0000,27784.9000,4000.0000,0.2179,57.8504
1232,6708.2000,0.0000,26925.8000,3000.0000,0.1274,9.3891
1233,6324.5600,0.0000,26076.8000,2000.0000,0.1228,10.0777
1234,6082.7600,1000.0000,25238.9000,1000.0000,0.1266,39.2355
1235,6000.0000,1000.0000,24413.1000,0.0000,0.1069,25.4761
1236,6082.7600,0.0000,23600.8000,0.0000,0.1875,17.1284
1237,6324.5600,1000.0000,22803.5000,1000.0000,0.2056,22.8687
1238,6708.2000,1000.0000,22022.7000,2000.0000,0.2148,6.3081
1239,7211.1000,1000.0000,21260.3000,2828.4300,0.2315,6.3314
1240,7810.2500,1414.2100,20518.3000,3605.5500,0.2188,6.4999
1241,7280.1100,2000.0000,19799.0000,4472.1400,0.1857,21.7967
1242,6324.5600,2236.0700,19105.0000,4123.1100,0.0909,18.6242
1243,5385.1700,2828.4300,18439.1000,3162.2800,0.0524,18.9416
1244,4472.1400,2236.0700,17804.5000,2236.0700,0.0337,36.2692
1245,3605.5500,1414.2100,17204.7000,1414.2100,0.1473,62.5689
1246,2828.4300,1000.0000,16643.3000,1000.0000,0.2047,29.0245
1247,2236.0700,1000.0000,16124.5000,0.0000,0.1718,5.0310
1248,2000.0000,0.0000,15231.5000,0.0000,0.2623,2.1004
1249,2236.0700,1000.0000,14317.8000,0.0000,0.3082,5.9362
1250,2828.4300,0.0000,13416.4000,0.0000,0.2664,2.4112
1251,3605.5500,1000.0000,12530.0000,0.0000,0.2616,31.1247
1252,4472.1400,1414.2100,11661.9000,1000.0000,0.2241,43.8264
1253,5385.1700,1000.0000,10816.7000,2000.0000,0.2167,26.1579
1254,6324.5600,0.0000,10000.0000,2236.0700,0.1939,43.2009
1255,7280.1100,0.0000,9219.5400,2828.4300,0.2313,30.7194
1256,7615.7700,1000.0000,8485.2800,2236.0700,0.2641,40.8387
1257,7280.1100,1000.0000,7810.2500,2000.0000,0.2509,41.5332
1258,7071.0700,1000.0000,7211.1000,2236.0700,0.2699,21.0523
1259,9219.5400,1414.2100,29068.9000,3162.2800,0.0797,58.0273
1260,8602.3300,1000.0000,28178.0000,4123.1100,0.1367,27.7523
1261,8062.2600,1414.2100,27294.7000,4123.1100,0.1592,71.3288
1262,7615.7700,1000.0000,26419.7000,3162.2800,0.1310,35.2152
1263,7280.1100,1000.0000,25553.9000,2236.0700,0.0897,14.6252
1264,7071.0700,1000.0000,24698.2000,1414.2100,0.1233,23.5560
1265,7000.0000,0.0000,23853.7000,1000.0000,0.0989,7.0558
1266,7071.0700,1000.0000,23021.7000,0.0000,0.1366,16.1942
1267,7280.1100,1000.0000,22203.6000,1000.0000,0.1641,10.8230
1268,7615.7700,1414.2100,21400.9000,1414.2100,0.1773,6.7612
1269,8062.2600,1000.0000,20615.5000,2236.0700,0.1649,7.3816
1270,8062.2600,1414.2100,19849.4000,3162.2800,0.1830,6.2544
1271,7071.0700,2236.0700,19105.0000,4123.1100,0.1751,12.6142
1272,6082.7600,3162.2800,18384.8000,4472.1400,0.0874,22.0562
1273,5099.0200,3605.5500,17691.8000,3605.5500,0.0551,28.1719
1274,4123.1100,2828.4300,17029.4000,2828.4300,0.0485,31.0186
1275,3162.2800,2000.0000,16401.2000,2236.0700,0.1668,45.3478
1276,2236.0700,1000.0000,15811.4000,1414.2100,0.2375,56.6399
1277,1414.2100,0.0000,15264.3000,1000.0000,0.2547,31.8890
1278,1000.0000,1000.0000,14764.8000,0.0000,0.2452,2.3334
1279,1414.2100,1000.0000,13928.4000,0.0000,0.3060,1.8504
1280,2236.0700,1000.0000,13000.0000,0.0000,0.2731,2.5861
1281,3162.2800,0.0000,12083.0000,0.0000,0.2058,2.6004
1282,4123.1100,1000.0000,11180.3000,1000.0000,0.2571,7.6075
1283,5099.0200,0.0000,10295.6000,1000.0000,0.2605,37.9442
1284,6082.7600,1000.0000,9433.9800,1414.2100,0.2223,13.3877
1285,7071.0700,1000.0000,8602.3300,2236.0700,0.2258,21.1770
1286,6708.2000,1000.0000,7810.2500,3162.2800,0.2494,75.1938
1287,6324.5600,0.0000,7071.0700,3000.0000,0.2514,75.4413
1288,6082.7600,0.0000,6403.1200,3162.2800,0.2370,10.5603
1289,9433.9800,0.0000,27730.8000,4000.0000,0.0718,43.9213
1290,8944.2700,1000.0000,26832.8000,4472.1400,0.1494,24.7010
1291,8544.0000,2000.0000,25942.2000,3605.5500,0.1603,60.6425
1292,8246.2100,2000.0000,25059.9000,2828.4300,0.1219,10.5863
1293,8062.2600,1414.2100,24186.8000,2000.0000,0.1135,15.7992
1294,8000.0000,1000.0000,23323.8000,1000.0000,0.0992,4.6587
1295,8062.2600,1000.0000,22472.2000,0.0000,0.1073,7.3391
1296,8246.2100,0.0000,21633.3000,0.0000,0.1263,6.6506
1297,8544.0000,1000.0000,20808.7000,1000.0000,0.1891,7.7480
1298,8944.2700,0.0000,20000.0000,2000.0000,0.1488,6.4029
1299,8000.0000,1000.0000,19209.4000,2828.4300,0.1796,5.3011
1300,7000.0000,2000.0000,18439.1000,3605.5500,0.1281,8.3291
1301,6000.0000,3000.0000,17691.8000,4472.1400,0.0919,13.9842
1302,5000.0000,4000.0000,16970.6000,3605.5500,0.0743,17.8684
1303,4000.0000,3162.2800,16278.8000,2828.4300,0.0507,25.5632
1304,3000.0000,2236.0700,15620.5000,2236.0700,0.1066,22.7931
1305,2000.0000,1414.2100,15000.0000,1414.2100,0.2047,22.8331
1306,1000.0000,1000.0000,14422.2000,1000.0000,0.2151,31.1104
1307,0.0000,1000.0000,13892.4000,0.0000,0.2076,32.9623
1308,1000.0000,0.0000,13416.4000,0.0000,0.2969,1.2403
1309,2000.0000,1000.0000,12649.1000,0.0000,0.2653,1.9570
1310,3000.0000,0.0000,11704.7000,0.0000,0.2259,2.4917
1311,4000.0000,1000.0000,10770.3000,0.0000,0.2249,3.1672
1312,5000.0000,1000.0000,9848.8600,0.0000,0.2503,21.8865
1313,6000.0000,1414.2100,8944.2700,1000.0000,0.2598,25.6932
1314,6403.1200,2000.0000,8062.2600,2000.0000,0.2340,34.1948
1315,5830.9500,1414.2100,7211.1000,2236.0700,0.2570,22.1144
1316,5385.1700,1000.0000,6403.1200,2000.0000,0.2464,33.4765
1317,5099.0200,1000.0000,5656.8500,2236.0700,0.2607,40.9507
1318,10295.6000,1000.0000,27313.0000,4123.1100,0.0673,44.6704
1319,9848.8600,1414.2100,26400.8000,5000.0000,0.1272,18.3806
1320,9486.8300,1414.2100,25495.1000,4000.0000,0.1539,38.9188
1321,9219.5400,1000.0000,24596.7000,3000.0000,0.1628,23.4407
1322,9055.3800,1414.2100,23706.5000,2000.0000,0.1379,16.4220
1323,9000.0000,2000.0000,22825.4000,1000.0000,0.1249,4.3763
1324,9055.3800,1000.0000,21954.5000,0.0000,0.1234,9.1660
1325,9219.5400,0.0000,21095.0000,0.0000,0.1080,5.1054
1326,9486.8300,1000.0000,20248.5000,1000.0000,0.1365,9.0915
1327,9055.3800,0.0000,19416.5000,1414.2100,0.1208,4.5898
1328,8062.2600,1000.0000,18601.1000,2236.0700,0.2010,7.6488
1329,7071.0700,2000.0000,17804.5000,3162.2800,0.1384,5.4378
1330,6082.7600,2828.4300,17029.4000,4123.1100,0.1391,12.1718
1331,5099.0200,3162.2800,16278.8000,3162.2800,0.0578,25.1309
1332,4123.1100,3605.5500,15556.3000,2236.0700,0.0607,32.6816
1333,3162.2800,2828.4300,14866.1000,1414.2100,0.0704,23.2396
1334,2236.0700,2236.0700,14212.7000,1000.0000,0.1559,29.9384
1335,1414.2100,2000.0000,13601.5000,0.0000,0.1840,25.4936
1336,1000.0000,1414.2100,13038.4000,0.0000,0.1959,24.4886
1337,1414.2100,1000.0000,12530.0000,0.0000,0.2516,10.9333
1338,2236.0700,1000.0000,12083.0000,0.0000,0.2565,2.5325
1339,3162.2800,1000.0000,11401.8000,0.0000,0.2339,2.8545
1340,4123.1100,0.0000,10440.3000,0.0000,0.2274,1.8352
1341,5099.0200,0.0000,9486.8300,0.0000,0.2443,9.6846
1342,6082.7600,1000.0000,8544.0000,1000.0000,0.2757,25.0018
1343,5656.8500,1000.0000,7615.7700,1000.0000,0.2590,21.3157
1344,5000.0000,1000.0000,6708.2000,1414.2100,0.2607,36.1078
1345,4472.1400,1000.0000,5830.9500,1000.0000,0.2722,24.5985
1346,4123.1100,0.0000,5000.0000,1414.2100,0.2242,5.7263
1347,11180.3000,2000.0000,26925.8000,4472.1400,0.0579,29.8807
1348,10770.3000,2000.0000,26000.0000,5099.0200,0.1396,35.7283
1349,10440.3000,1000.0000,25079.9000,4123.1100,0.1362,28.0378
1350,10198.0000,0.0000,24166.1000,3162.2800,0.1491,33.5125
1351,10049.9000,1000.0000,23259.4000,2236.0700,0.1526,13.8456
1352,10000.0000,2000.0000,22360.7000,1414.2100,0.1047,3.0301
1353,10049.9000,1414.2100,21470.9000,1000.0000,0.1007,5.8965
1354,10198.0000,1000.0000,20591.3000,0.0000,0.1114,3.1161
1355,10198.0000,0.0000,19723.1000,0.0000,0.1143,3.7690
1356,9219.5400,1000.0000,18868.0000,1000.0000,0.1220,4.9979
1357,8246.2100,1000.0000,18027.8000,2000.0000,0.1551,14.4496
1358,7280.1100,1414.2100,17204.7000,2828.4300,0.1542,14.1235
1359,6324.5600,2000.0000,16401.2000,3605.5500,0.1586,29.0326
1360,5385.1700,2236.0700,15620.5000,3000.0000,0.0808,44.4876
1361,4472.1400,2828.4300,14866.1000,2000.0000,0.0602,29.0306
1362,3605.5500,3162.2800,14142.1000,1000.0000,0.0703,36.2565
1363,2828.4300,3000.0000,13453.6000,0.0000,0.1544,39.3384
1364,2236.0700,2236.0700,12806.2000,0.0000,0.1827,36.5378
1365,2000.0000,1414.2100,12206.6000,1000.0000,0.1856,16.1856
1366,2236.0700,1000.0000,11661.9000,1000.0000,0.2514,15.0882
1367,2828.4300,0.0000,11180.3000,0.0000,0.2142,2.1275
1368,3605.5500,1000.0000,10770.3000,0.0000,0.1875,2.3791
1369,4472.1400,1000.0000,10198.0000,1000.0000,0.2150,1.4544
1370,5385.1700,1000.0000,9219.5400,0.0000,0.2374,1.3407
1371,5830.9500,0.0000,8246.2100,1000.0000,0.2840,1.7007
1372,5000.0000,0.0000,7280.1100,0.0000,0.2947,11.2396
1373,4242.6400,0.0000,6324.5600,1000.0000,0.2669,8.7934
1374,3605.5500,1000.0000,5385.1700,0.0000,0.2891,4.6321
1375,12083.0000,2828.4300,26570.7000,5000.0000,0.0699,31.5745
1376,11704.7000,2236.0700,25632.0000,5385.1700,0.1417,54.7688
1377,11401.8000,1414.2100,24698.2000,4472.1400,0.1162,37.4009
1378,11180.3000,1000.0000,23769.7000,3605.5500,0.1353,23.4198
1379,11045.4000,1414.2100,22847.3000,2828.4300,0.1764,21.4101
1380,11000.0000,1000.0000,21931.7000,2000.0000,0.0855,3.6078
1381,11045.4000,1000.0000,21023.8000,1000.0000,0.0854,2.5697
1382,11180.3000,0.0000,20124.6000,0.0000,0.0961,2.6108
1383,10440.3000,1000.0000,19235.4000,0.0000,0.0953,6.1870
1384,9486.8300,0.0000,18357.6000,1000.0000,0.1087,8.9342
1385,8544.0000,0.0000,17492.9000,1414.2100,0.1524,12.3991
1386,7615.7700,1000.0000,16643.3000,2236.0700,0.1562,7.0968
1387,6708.2000,1000.0000,15811.4000,3162.2800,0.1029,35.5214
1388,5830.9500,1414.2100,15000.0000,3000.0000,0.0689,33.8539
1389,5000.0000,2236.0700,14212.7000,2000.0000,0.0463,21.2814
1390,4242.6400,2236.0700,13453.6000,1000.0000,0.0891,18.3418
1391,3605.5500,2000.0000,12727.9000,0.0000,0.1255,37.1910
1392,3162.2800,2000.0000,12041.6000,0.0000,0.1713,36.8059
1393,3000.0000,1000.0000,11401.8000,1000.0000,0.2061,34.9531
1394,3162.2800,0.0000,10816.7000,0.0000,0.2257,28.6883
1395,3605.5500,1000.0000,10295.6000,0.0000,0.2212,41.5369
1396,4000.0000,0.0000,9848.8600,0.0000,0.2072,1.5389
1397,4123.1100,1000.0000,9486.8300,0.0000,0.2015,2.1583
1398,4472.1400,0.0000,9055.3800,0.0000,0.1820,1.6604
1399,5000.0000,1000.0000,8062.2600,0.0000,0.2625,1.7406
1400,4472.1400,1000.0000,7071.0700,0.0000,0.2970,1.0939
1401,3605.5500,1000.0000,6082.7600,0.0000,0.2590,1.4284
1402,2828.4300,1000.0000,5099.0200,0.0000,0.2935,2.0523
1403,13000.0000,2236.0700,26248.8000,5000.0000,0.1095,73.7602
1404,12649.1000,1414.2100,25298.2000,5830.9500,0.1442,46.6344
1405,12369.3000,1000.0000,24351.6000,5000.0000,0.0938,22.1323
1406,12165.5000,1414.2100,23409.4000,4123.1100,0.1338,39.4634
1407,12041.6000,1000.0000,22472.2000,3162.2800,0.1502,11.2102
1408,12000.0000,0.0000,21540.7000,2236.0700,0.0874,3.6333
1409,11401.8000,0.0000,20615.5000,1414.2100,0.0892,2.8433
1410,10816.7000,1000.0000,19697.7000,1000.0000,0.0899,8.5053
1411,10295.6000,1000.0000,18788.3000,0.0000,0.1336,13.6529
1412,9848.8600,0.0000,17888.5000,0.0000,0.2257,14.9092
1413,8944.2700,1000.0000,17000.0000,1000.0000,0.2042,12.4941
1414,8062.2600,1000.0000,16124.5000,2000.0000,0.1351,5.7141
1415,7211.1000,0.0000,15264.3000,3000.0000,0.0645,29.5656
1416,6403.1200,1000.0000,14422.2000,3000.0000,0.0625,40.0879
1417,5656.8500,2000.0000,13601.5000,2000.0000,0.0256,37.2770
1418,5000.0000,1414.2100,12806.2000,1000.0000,0.0778,29.3533
1419,4472.1400,1000.0000,12041.6000,0.0000,0.0816,28.1660
1420,4123.1100,1414.2100,11313.7000,1000.0000,0.1316,24.6526
1421,4000.0000,1414.2100,10630.1000,1000.0000,0.1943,28.1321
1422,3605.5500,1000.0000,10000.0000,1000.0000,0.2178,53.2408
1423,3162.2800,1000.0000,9433.9800,1000.0000,0.2144,62.1203
1424,3000.0000,0.0000,8944.2700,0.0000,0.1843,1.2273
1425,3162.2800,1000.0000,8544.0000,0.0000,0.1931,3.2307
1426,3605.5500,0.0000,8246.2100,0.0000,0.1736,1.2546
1427,4242.6400,0.0000,8000.0000,0.0000,0.2280,1.1512
1428,4123.1100,1000.0000,7000.0000,0.0000,0.3027,1.3962
1429,3162.2800,0.0000,6000.0000,0.0000,0.3092,1.4080
1430,2236.0700,1000.0000,5000.0000,0.0000,0.3166,1.4326
1431,1414.2100,1000.0000,4000.0000,0.0000,0.2501,1.0977
1432,13928.4000,2000.0000,25961.5000,5099.0200,0.0818,72.8729
1433,13601.5000,1000.0000,25000.0000,6000.0000,0.0944,27.5260
1434,13341.7000,0.0000,24041.6000,5000.0000,0.1031,40.1503
1435,12806.2000,1000.0000,23086.8000,4000.0000,0.1334,18.3853
1436,12041.6000,1000.0000,22135.9000,3000.0000,0.1810,13.0604
1437,11313.7000,0.0000,21189.6000,2000.0000,0.1280,4.9132
1438,10630.1000,0.0000,20248.5000,1000.0000,0.0776,2.9042
1439,10000.0000,1000.0000,19313.2000,0.0000,0.0938,9.3017
1440,9433.9800,1414.2100,18384.8000,0.0000,0.2155,11.4505
1441,8944.2700,1000.0000,17464.2000,1000.0000,0.2039,9.8555
1442,8544.0000,1414.2100,16552.9000,1414.2100,0.1547,6.8594
1443,8246.2100,1414.2100,15652.5000,2236.0700,0.0941,9.5536
1444,7810.2500,1000.0000,14764.8000,3162.2800,0.0662,8.4933
1445,7071.0700,1414.2100,13892.4000,3162.2800,0.0580,40.2157
1446,6403.1200,2000.0000,13038.4000,2236.0700,0.0327,52.2824
1447,5830.9500,1000.0000,12206.6000,1414.2100,0.0608,38.5077
1448,5385.1700,0.0000,11401.8000,1000.0000,0.0902,24.5643
1449,4472.1400,1000.0000,10630.1000,1000.0000,0.1378,30.1815
1450,3605.5500,2000.0000,9899.5000,0.0000,0.1833,43.9693
1451,2828.4300,2000.0000,9219.5400,0.0000,0.1639,61.4091
1452,2236.0700,1414.2100,8602.3300,0.0000,0.2133,93.4660
1453,2000.0000,1000.0000,8062.2600,0.0000,0.1639,1.9013
1454,2236.0700,1000.0000,7615.7700,0.0000,0.1726,1.9936
1455,2828.4300,0.0000,7280.1100,0.0000,0.1481,1.9250
1456,3605.5500,1000.0000,7071.0700,0.0000,0.2149,1.6120
1457,4000.0000,1414.2100,7000.0000,0.0000,0.2404,1.4675
1458,3000.0000,1000.0000,6082.7600,0.0000,0.2719,2.2797
1459,2000.0000,0.0000,5099.0200,0.0000,0.2493,3.5284
1460,1000.0000,0.0000,4123.1100,0.0000,0.2295,1.5473
1461,13416.4000,1414.2100,25709.9000,5385.1700,0.0603,51.8159
1462,13000.0000,1000.0000,24738.6000,6000.0000,0.0859,34.9614
1463,12649.1000,0.0000,23769.7000,5000.0000,0.0926,38.7023
1464,12206.6000,1000.0000,22803.5000,4000.0000,0.1093,24.4156
1465,11401.8000,0.0000,21840.3000,3000.0000,0.1277,22.3519
1466,10630.1000,1000.0000,20880.6000,2000.0000,0.0862,4.8993
1467,9899.5000,1000.0000,19924.9000,1000.0000,0.0879,24.0248
1468,9219.5400,1414.2100,18973.7000,0.0000,0.1246,8.4368
1469,8602.3300,1000.0000,18027.8000,0.0000,0.1442,10.6972
1470,8062.2600,0.0000,17088.0000,1000.0000,0.1052,10.3766
1471,7615.7700,1000.0000,16155.5000,2000.0000,0.1048,7.2518
1472,7280.1100,2000.0000,15231.5000,2828.4300,0.1243,16.6706
1473,7071.0700,2000.0000,14317.8000,3605.5500,0.0653,17.1525
1474,7000.0000,2236.0700,13416.4000,3605.5500,0.0745,53.3405
1475,7071.0700,2236.0700,12530.0000,2828.4300,0.0588,41.1651
1476,6082.7600,1414.2100,11661.9000,2236.0700,0.0724,27.3771
1477,5099.0200,1000.0000,10816.7000,2000.0000,0.1067,51.3566
1478,4123.1100,1414.2100,10000.0000,1414.2100,0.1513,43.6511
1479,3162.2800,2236.0700,9219.5400,1000.0000,0.1779,30.4754
1480,2236.0700,2828.4300,8485.2800,1000.0000,0.1890,33.0284
1481,1414.2100,2236.0700,7810.2500,0.0000,0.2084,88.3033
1482,1000.0000,2000.0000,7211.1000,0.0000,0.1512,1.3627
1483,1414.2100,1414.2100,6708.2000,0.0000,0.1837,2.3799
1484,2236.0700,1000.0000,6324.5600,1000.0000,0.2705,1.7473
1485,3162.2800,1414.2100,6082.7600,0.0000,0.2565,1.4625
1486,4123.1100,1000.0000,6000.0000,0.0000,0.2113,1.2520
1487,3162.2800,0.0000,6000.0000,0.0000,0.2052,2.9598
1488,2236.0700,1000.0000,5000.0000,0.0000,0.2780,2.2594
1489,12530.0000,1000.0000,25495.1000,5830.9500,0.0781,47.3416
1490,12083.0000,0.0000,24515.3000,6082.7600,0.1062,61.1495
1491,11704.7000,0.0000,23537.2000,5099.0200,0.0688,18.7543
1492,11401.8000,1000.0000,22561.0000,4123.1100,0.1016,29.7696
1493,10816.7000,1000.0000,21587.0000,3162.2800,0.1231,32.6598
1494,10000.0000,0.0000,20615.5000,2236.0700,0.0793,4.9916
1495,9219.5400,1000.0000,19646.9000,1414.2100,0.0957,17.9004
1496,8485.2800,1414.2100,18681.5000,1000.0000,0.1417,9.4261
1497,7810.2500,1000.0000,17720.0000,0.0000,0.1293,11.7277
1498,7211.1000,0.0000,16763.1000,1000.0000,0.1038,12.3036
1499,6708.2000,1000.0000,15811.4000,2000.0000,0.0971,16.6140
1500,6324.5600,1414.2100,14866.1000,2828.4300,0.1020,22.7449
1501,6082.7600,2000.0000,13928.4000,3605.5500,0.0652,34.9227
1502,6000.0000,2236.0700,13000.0000,3162.2800,0.0599,22.4440
1503,6082.7600,2828.4300,12083.0000,2236.0700,0.0664,24.8094
1504,6000.0000,2236.0700,11180.3000,1414.2100,0.0708,25.4917
1505,5000.0000,2000.0000,10295.6000,1000.0000,0.0755,35.3724
1506,4000.0000,2000.0000,9433.9800,1414.2100,0.1020,40.8998
1507,3000.0000,2236.0700,8602.3300,2000.0000,0.1468,53.6933
1508,2000.0000,2236.0700,7810.2500,1000.0000,0.2654,158.0740
1509,1000.0000,2000.0000,7071.0700,0.0000,0.1203,36.7110
1510,0.0000,2236.0700,6403.1200,0.0000,0.1828,2.9010
1511,1000.0000,1414.2100,5830.9500,0.0000,0.2973,1.7594
1512,2000.0000,1000.0000,5385.1700,1000.0000,0.2771,1.8071
1513,3000.0000,1000.0000,5099.0200,0.0000,0.3086,1.4795
1514,4000.0000,1414.2100,5000.0000,0.0000,0.2980,2.1391
1515,3605.5500,1000.0000,5099.0200,1000.0000,0.2034,4.9149
1516,11661.9000,1414.2100,25318.0000,6403.1200,0.0498,35.2536
1517,11180.3000,1000.0000,24331.1000,6000.0000,0.0513,30.3332
1518,10770.3000,1000.0000,23345.2000,5000.0000,0.0539,27.3181
1519,10440.3000,1000.0000,22360.7000,4000.0000,0.0734,23.8328
1520,10198.0000,1414.2100,21377.6000,3000.0000,0.1324,23.2957
1521,9433.9800,1000.0000,20396.1000,2000.0000,0.0955,11.3092
1522,8602.3300,1414.2100,19416.5000,1000.0000,0.0851,9.6930
1523,7810.2500,1000.0000,18439.1000,0.0000,0.0848,8.3422
1524,7071.0700,0.0000,17464.2000,0.0000,0.0937,10.3771
1525,6403.1200,1000.0000,16492.4000,1000.0000,0.0929,4.6523
1526,5830.9500,0.0000,15524.2000,1414.2100,0.0954,29.2699
1527,5385.1700,1000.0000,14560.2000,2236.0700,0.0680,5.6643
1528,5099.0200,1000.0000,13601.5000,3162.2800,0.0642,6.3701
1529,5000.0000,1414.2100,12649.1000,3000.0000,0.0605,15.9360
1530,5099.0200,2236.0700,11704.7000,2000.0000,0.0628,26.0731
1531,5385.1700,2236.0700,10770.3000,1000.0000,0.0719,34.4115
1532,5099.0200,1414.2100,9848.8600,0.0000,0.0714,33.9213
1533,4123.1100,1000.0000,8944.2700,1000.0000,0.0992,51.3316
1534,3162.2800,1414.2100,8062.2600,2000.0000,0.1225,23.6358
1535,2236.0700,1414.2100,7211.1000,1000.0000,0.2105,92.7804
1536,1414.2100,1000.0000,6403.1200,0.0000,0.1775,42.3851
1537,1000.0000,1414.2100,5656.8500,0.0000,0.2262,15.1803
1538,1414.2100,1000.0000,5000.0000,0.0000,0.2839,38.3476
1539,2236.0700,0.0000,4472.1400,1000.0000,0.3015,17.2465
1540,3162.2800,0.0000,4123.1100,0.0000,0.3011,29.7736
1541,4123.1100,1000.0000,4000.0000,1000.0000,0.3177,52.1643
1542,10816.7000,2236.0700,25179.4000,7000.0000,0.0388,32.5793
1543,10295.6000,2000.0000,24186.8000,6000.0000,0.0426,24.3074
1544,9848.8600,1000.0000,23194.8000,5000.0000,0.0519,25.2534
1545,9486.8300,0.0000,22203.6000,4000.0000,0.0751,28.4153
1546,9219.5400,1000.0000,21213.2000,3000.0000,0.1063,28.8317
1547,8944.2700,0.0000,20223.7000,2000.0000,0.0944,9.0149
1548,8062.2600,1000.0000,19235.4000,1000.0000,0.0902,6.8580
1549,7211.1000,1414.2100,18248.3000,0.0000,0.0787,5.7476
1550,6403.1200,1000.0000,17262.7000,0.0000,0.0802,9.8917
1551,5656.8500,1414.2100,16278.8000,0.0000,0.0805,9.6917
1552,5000.0000,1000.0000,15297.1000,1000.0000,0.0711,6.0935
1553,4472.1400,1000.0000,14317.8000,2000.0000,0.0629,8.1927
1554,4123.1100,0.0000,13341.7000,3000.0000,0.0821,11.3334
1555,4000.0000,1000.0000,12369.3000,3000.0000,0.1175,16.5820
1556,4123.1100,2000.0000,11401.8000,2000.0000,0.0801,25.8975
1557,4472.1400,1414.2100,10440.3000,1000.0000,0.1133,36.4512
1558,5000.0000,1000.0000,9486.8300,0.0000,0.1056,25.0884
1559,4472.1400,0.0000,8544.0000,1000.0000,0.0976,15.7314
1560,3605.5500,1000.0000,7615.7700,1414.2100,0.1736,62.1378
1561,2828.4300,1000.0000,6708.2000,1000.0000,0.1910,74.1673
1562,2236.0700,0.0000,5830.9500,0.0000,0.1748,45.8718
1563,2000.0000,1000.0000,5000.0000,0.0000,0.2011,66.1936
1564,2236.0700,0.0000,4242.6400,0.0000,0.2243,41.3417
1565,2828.4300,0.0000,3605.5500,0.0000,0.2682,28.1273
1566,3605.5500,1000.0000,3162.2800,0.0000,0.2695,39.1469
1567,4472.1400,0.0000,3000.0000,1000.0000,0.3292,14.6072
1568,10000.0000,3162.2800,25079.9000,7000.0000,0.0361,35.4829
1569,9433.9800,2236.0700,24083.2000,6082.7600,0.0354,32.0815
1570,8944.2700,1414.2100,23086.8000,5099.0200,0.0408,17.1139
1571,8544.0000,1000.0000,22090.7000,4123.1100,0.0963,22.2328
1572,8246.2100,0.0000,21095.0000,3162.2800,0.1077,31.9232
1573,8062.2600,1000.0000,20099.8000,2236.0700,0.1267,50.3771
1574,7615.7700,1414.2100,19105.0000,1414.2100,0.1051,26.9946
1575,6708.2000,1000.0000,18110.8000,1000.0000,0.0751,4.5218
1576,5830.9500,1000.0000,17117.2000,0.0000,0.0808,9.9643
1577,5000.0000,1414.2100,16124.5000,1000.0000,0.0713,4.2859
1578,4242.6400,2000.0000,15132.7000,1414.2100,0.0621,3.0753
1579,3605.5500,1000.0000,14142.1000,2236.0700,0.0719,4.5443
1580,3162.2800,0.0000,13152.9000,2000.0000,0.1321,25.3126
1581,3000.0000,1000.0000,12165.5000,2236.0700,0.1244,40.4844
1582,3162.2800,2000.0000,11180.3000,2000.0000,0.0757,47.0475
1583,3605.5500,1000.0000,10198.0000,1000.0000,0.1567,40.3150
1584,4242.6400,0.0000,9219.5400,0.0000,0.1937,34.3543
1585,5000.0000,1000.0000,8246.2100,0.0000,0.1479,19.0333
1586,4242.6400,1414.2100,7280.1100,1000.0000,0.1693,40.3989
1587,3605.5500,1414.2100,6324.5600,1000.0000,0.1982,52.3496
1588,3162.2800,1000.0000,5385.1700,0.0000,0.1787,43.9995
1589,3000.0000,0.0000,4472.1400,0.0000,0.1758,30.4131
1590,3162.2800,1000.0000,3605.5500,1000.0000,0.2307,47.8572
1591,3000.0000,1000.0000,2828.4300,1000.0000,0.2364,39.7297
1592,3162.2800,0.0000,2236.0700,1000.0000,0.2480,60.6981
1593,9219.5400,3162.2800,25020.0000,7000.0000,0.0310,38.5488
1594,8602.3300,2828.4300,24020.8000,6082.7600,0.0408,49.5336
1595,8062.2600,2236.0700,23021.7000,5099.0200,0.0413,51.5348
1596,7615.7700,1414.2100,22022.7000,4123.1100,0.0618,23.1923
1597,7280.1100,1000.0000,21023.8000,3162.2800,0.0804,23.4911
1598,7071.0700,0.0000,20025.0000,2236.0700,0.0765,46.3281
1599,7000.0000,1000.0000,19026.3000,1414.2100,0.1205,31.4418
1600,6324.5600,0.0000,18027.8000,1000.0000,0.0933,24.6207
1601,5385.1700,0.0000,17029.4000,0.0000,0.0834,8.4467
1602,4472.1400,1000.0000,16031.2000,0.0000,0.0780,3.6636
1603,3605.5500,1000.0000,15033.3000,1000.0000,0.0643,4.9463
1604,2828.4300,1000.0000,14035.7000,1414.2100,0.0970,5.2408
1605,2236.0700,0.0000,13038.4000,1000.0000,0.1694,27.5232
1606,2000.0000,1000.0000,12041.6000,1414.2100,0.1578,38.7440
1607,2236.0700,2000.0000,11045.4000,1000.0000,0.1553,61.6314
1608,2828.4300,1414.2100,10049.9000,1000.0000,0.2050,21.5591
1609,3605.5500,1000.0000,9055.3800,0.0000,0.2139,20.1248
1610,4472.1400,1414.2100,8062.2600,0.0000,0.2056,6.6838
1611,5000.0000,2236.0700,7071.0700,0.0000,0.1461,78.4693
1612,4472.1400,2236.0700,6082.7600,0.0000,0.1603,93.0995
1613,3605.5500,1414.2100,5099.0200,0.0000,0.1827,66.5261
1614,2828.4300,1000.0000,4123.1100,1000.0000,0.1843,28.4109
1615,2236.0700,1414.2100,3162.2800,1414.2100,0.2101,32.8444
1616,2000.0000,1000.0000,2236.0700,2000.0000,0.2201,44.8422
1617,2236.0700,0.0000,1414.2100,2000.0000,0.2105,49.6118
1618,8485.2800,3000.0000,25000.0000,7000.0000,0.0408,69.3229
1619,7810.2500,3162.2800,24000.0000,6000.0000,0.0414,28.4062
1620,7211.1000,2828.4300,23000.0000,5000.0000,0.0479,27.8595
1621,6708.2000,2236.0700,22000.0000,4000.0000,0.0553,30.8539
1622,6324.5600,1414.2100,21000.0000,3000.0000,0.0667,21.6209
1623,6082.7600,1000.0000,20000.0000,2000.0000,0.0801,8.3271
1624,6000.0000,1000.0000,19000.0000,1000.0000,0.0787,11.2031
1625,6082.7600,0.0000,18000.0000,0.0000,0.0825,6.7956
1626,5099.0200,0.0000,17000.0000,0.0000,0.0850,5.8896
1627,4123.1100,1000.0000,16000.0000,1000.0000,0.0985,11.2122
1628,3162.2800,0.0000,15000.0000,1414.2100,0.0967,36.9404
1629,2236.0700,0.0000,14000.0000,1000.0000,0.1044,7.8999
1630,1414.2100,1000.0000,13000.0000,0.0000,0.1426,10.9856
1631,1000.0000,1414.2100,12000.0000,1000.0000,0.1661,4.5656
1632,1414.2100,1414.2100,11000.0000,0.0000,0.1724,13.2407
1633,2236.0700,1000.0000,10000.0000,0.0000,0.1872,12.0554
1634,3162.2800,0.0000,9000.0000,0.0000,0.1922,9.5174
1635,4123.1100,1000.0000,8000.0000,0.0000,0.1864,11.1740
1636,5099.0200,2000.0000,7000.0000,1000.0000,0.1514,14.6975
1637,4123.1100,2828.4300,6000.0000,1000.0000,0.1587,110.3660
1638,3162.2800,2236.0700,5000.0000,1000.0000,0.1594,25.3461
1639,2236.0700,2000.0000,4000.0000,1414.2100,0.1867,22.0479
1640,1414.2100,1000.0000,3000.0000,2236.0700,0.1640,28.6455
1641,1000.0000,0.0000,2000.0000,2828.4300,0.1537,45.8413
1642,1414.2100,1000.0000,1000.0000,3000.0000,0.2561,34.1371
1643,7810.2500,2828.4300,25020.0000,6708.2000,0.0527,61.8073
1644,7071.0700,2236.0700,24020.8000,5830.9500,0.0542,27.8203
1645,6403.1200,2000.0000,23021.7000,5000.0000,0.0560,26.0670
1646,5830.9500,2236.0700,22022.7000,4000.0000,0.0775,27.4261
1647,5385.1700,2000.0000,21023.8000,3000.0000,0.0969,28.1820
1648,5099.0200,1000.0000,20025.0000,2000.0000,0.0892,19.6832
1649,5000.0000,0.0000,19026.3000,1000.0000,0.1075,28.9943
1650,5099.0200,1000.0000,18027.8000,0.0000,0.0856,3.8356
1651,5000.0000,0.0000,17029.4000,0.0000,0.0975,9.9172
1652,4000.0000,1000.0000,16031.2000,1000.0000,0.1108,37.4031
1653,3000.0000,1000.0000,15033.3000,1414.2100,0.0900,16.0754
1654,2000.0000,1000.0000,14035.7000,1000.0000,0.1346,9.4520
1655,1000.0000,1414.2100,13038.4000,0.0000,0.1957,32.5295
1656,0.0000,2000.0000,12041.6000,0.0000,0.1370,5.3020
1657,1000.0000,1000.0000,11045.4000,0.0000,0.1793,5.2899
1658,2000.0000,0.0000,10049.9000,0.0000,0.1378,5.3726
1659,3000.0000,1000.0000,9055.3800,0.0000,0.2372,15.8259
1660,4000.0000,1414.2100,8062.2600,0.0000,0.1714,21.1853
1661,5000.0000,2236.0700,7071.0700,1000.0000,0.1313,31.9006
1662,4000.0000,3162.2800,6082.7600,2000.0000,0.1574,28.8864
1663,3000.0000,3162.2800,5099.0200,2000.0000,0.1221,23.1032
1664,2000.0000,2236.0700,4123.1100,2236.0700,0.1479,35.3035
1665,1000.0000,1414.2100,3162.2800,2828.4300,0.1439,41.0711
1666,0.0000,1000.0000,2236.0700,3605.5500,0.1913,22.7187
1667,1000.0000,1414.2100,1414.2100,4000.0000,0.2779,7.2676
1668,2000.0000,2000.0000,1000.0000,4123.1100,0.1862,7.0174
1669,7211.1000,2236.0700,25079.9000,6324.5600,0.0337,55.2042
1670,6403.1200,1414.2100,24083.2000,5385.1700,0.0390,27.4432
1671,5656.8500,1000.0000,23086.8000,4472.1400,0.0542,54.9995
1672,5000.0000,1414.2100,22090.7000,3605.5500,0.0809,39.3353
1673,4472.1400,2236.0700,21095.0000,2828.4300,0.0677,17.0186
1674,4123.1100,1414.2100,20099.8000,2000.0000,0.0738,19.7067
1675,4000.0000,1000.0000,19105.0000,1000.0000,0.0747,23.0155
1676,4123.1100,1414.2100,18110.8000,0.0000,0.0827,28.6988
1677,4472.1400,1000.0000,17117.2000,1000.0000,0.1011,16.0037
1678,4123.1100,1414.2100,16124.5000,1414.2100,0.1157,38.2156
1679,3162.2800,2000.0000,15132.7000,1000.0000,0.1066,24.2188
1680,2236.0700,2000.0000,14142.1000,0.0000,0.1505,24.8076
1681,1414.2100,2236.0700,13152.9000,0.0000,0.1470,41.4457
1682,1000.0000,2000.0000,12165.5000,1000.0000,0.1691,19.4562
1683,1414.2100,1000.0000,11180.3000,1000.0000,0.1355,4.7230
1684,2236.0700,0.0000,10198.0000,0.0000,0.1580,10.1322
1685,3162.2800,0.0000,9219.5400,0.0000,0.1665,26.5177
1686,4123.1100,1000.0000,8246.2100,1000.0000,0.1326,53.8881
1687,5099.0200,2000.0000,7280.1100,1414.2100,0.1170,47.0461
1688,4123.1100,2828.4300,6324.5600,2236.0700,0.1294,31.7162
1689,3162.2800,3605.5500,5385.1700,3000.0000,0.0999,17.6828
1690,2236.0700,2828.4300,4472.1400,3162.2800,0.1202,44.2565
1691,1414.2100,2236.0700,3605.5500,3605.5500,0.1318,20.2738
1692,1000.0000,2000.0000,2828.4300,4242.6400,0.1701,18.5374
1693,1414.2100,1414.2100,2236.0700,5000.0000,0.2113,29.5412
1694,2236.0700,1000.0000,2000.0000,5099.0200,0.2281,19.5360
1695,6708.2000,2000.0000,25179.4000,5830.9500,0.0358,50.1504
1696,5830.9500,1000.0000,24186.8000,5099.0200,0.0292,62.1210
1697,5000.0000,0.0000,23194.8000,4123.1100,0.0294,41.4035
1698,4242.6400,1000.0000,22203.6000,3162.2800,0.0492,25.7850
1699,3605.5500,2000.0000,21213.2000,2236.0700,0.0861,41.7151
1700,3162.2800,1000.0000,20223.7000,1414.2100,0.0818,22.6068
1701,3000.0000,0.0000,19235.4000,1000.0000,0.0682,23.6163
1702,3162.2800,1000.0000,18248.3000,0.0000,0.0750,26.1439
1703,3605.5500,2000.0000,17262.7000,1000.0000,0.0904,14.6988
1704,4242.6400,2236.0700,16278.8000,2000.0000,0.1002,16.8029
1705,3605.5500,2236.0700,15297.1000,1000.0000,0.1273,20.6114
1706,2828.4300,2000.0000,14317.8000,0.0000,0.1526,47.1625
1707,2236.0700,2236.0700,13341.7000,0.0000,0.1163,31.8593
1708,2000.0000,2000.0000,12369.3000,1000.0000,0.1381,36.3571
1709,2236.0700,1414.2100,11401.8000,1414.2100,0.1710,14.6907
1710,2828.4300,1000.0000,10440.3000,1000.0000,0.1453,29.6640
1711,3605.5500,1000.0000,9486.8300,1000.0000,0.1016,30.7306
1712,4472.1400,1000.0000,8544.0000,1414.2100,0.0961,42.5116
1713,5385.1700,1414.2100,7615.7700,2236.0700,0.0738,29.8526
1714,4472.1400,2236.0700,6708.2000,2828.4300,0.0981,44.6666
1715,3605.5500,3000.0000,5830.9500,3605.5500,0.1108,26.4514
1716,2828.4300,3162.2800,5000.0000,4123.1100,0.1305,94.9223
1717,2236.0700,3000.0000,4242.6400,4472.1400,0.1504,49.7536
1718,6324.5600,2236.0700,25318.0000,5385.1700,0.0287,40.4931
1719,5385.1700,1414.2100,24331.1000,5000.0000,0.0370,35.6169
1720,4472.1400,1000.0000,23345.2000,4000.0000,0.0322,50.3214
1721,3605.5500,1414.2100,22360.7000,3000.0000,0.0543,45.5209
1722,2828.4300,1414.2100,21377.6000,2000.0000,0.0705,38.2686
1723,2236.0700,1000.0000,20396.1000,1000.0000,0.0911,13.2700
1724,2000.0000,1000.0000,19416.5000,0.0000,0.0668,7.9022
1725,2236.0700,1414.2100,18439.1000,0.0000,0.0878,23.5734
1726,2828.4300,2236.0700,17464.2000,1000.0000,0.1001,16.7031
1727,3605.5500,2000.0000,16492.4000,2000.0000,0.1139,20.2498
1728,4242.6400,1414.2100,15524.2000,1000.0000,0.1198,27.3299
1729,3605.5500,1000.0000,14560.2000,0.0000,0.1238,40.9345
1730,3162.2800,1414.2100,13601.5000,0.0000,0.1513,77.5534
1731,3000.0000,1000.0000,12649.1000,1000.0000,0.1374,24.6112
1732,3162.2800,1414.2100,11704.7000,2000.0000,0.1369,32.1330
1733,3605.5500,1000.0000,10770.3000,2000.0000,0.1206,44.0939
1734,4242.6400,0.0000,9848.8600,2000.0000,0.1045,41.6049
1735,5000.0000,0.0000,8944.2700,2236.0700,0.0883,36.7688
1736,5830.9500,1000.0000,8062.2600,2828.4300,0.0876,31.0102
1737,5000.0000,2000.0000,7211.1000,3605.5500,0.0768,38.0784
1738,4242.6400,2000.0000,6403.1200,4242.6400,0.0953,48.1344
1739,5099.0200,2236.0700,24515.3000,5000.0000,0.0326,49.8910
1740,4123.1100,2000.0000,23537.2000,4000.0000,0.0377,26.3422
1741,3162.2800,2000.0000,22561.0000,3000.0000,0.0477,38.3533
1742,2236.0700,1000.0000,21587.0000,2000.0000,0.0408,17.5982
1743,1414.2100,0.0000,20615.5000,1000.0000,0.0809,15.6713
1744,1000.0000,1000.0000,19646.9000,0.0000,0.0657,7.4555
1745,1414.2100,2000.0000,18681.5000,0.0000,0.0762,20.2029
1746,2236.0700,1414.2100,17720.0000,1000.0000,0.0935,8.7206
1747,3162.2800,1000.0000,16763.1000,2000.0000,0.1287,19.5563
1748,4123.1100,1000.0000,15811.4000,1414.2100,0.0904,27.1162
1749,4472.1400,0.0000,14866.1000,1000.0000,0.0624,23.7427
1750,4123.1100,1000.0000,13928.4000,0.0000,0.0964,54.2276
1751,4000.0000,0.0000,13000.0000,1000.0000,0.1006,83.1833
1752,4123.1100,1000.0000,12083.0000,2000.0000,0.1294,51.5961
1753,4472.1400,0.0000,11180.3000,3000.0000,0.0981,40.9123
1754,5000.0000,1000.0000,10295.6000,3000.0000,0.1121,40.4549
1755,5656.8500,1000.0000,9433.9800,3162.2800,0.0991,28.9998
1756,5000.0000,3162.2800,24738.6000,4472.1400,0.0360,52.4161
1757,4000.0000,3000.0000,23769.7000,4000.0000,0.0255,30.4695
1758,3000.0000,2236.0700,22803.5000,3000.0000,0.0476,35.7475
1759,2000.0000,1414.2100,21840.3000,2000.0000,0.0583,20.7641
1760,1000.0000,1000.0000,20880.6000,1000.0000,0.0929,25.6872
1761,0.0000,1414.2100,19924.9000,0.0000,0.0642,12.3474
1762,1000.0000,2000.0000,18973.7000,0.0000,0.0616,9.0694
1763,2000.0000,1000.0000,18027.8000,1000.0000,0.0742,26.1837
1764,3000.0000,0.0000,17088.0000,2000.0000,0.0801,32.4906
1765,4000.0000,1000.0000,16155.5000,1000.0000,0.0641,33.1229
1766,5000.0000,1000.0000,15231.5000,0.0000,0.0716,59.4403
1767,5099.0200,1414.2100,14317.8000,0.0000,0.0751,42.2980
1768,5000.0000,1000.0000,13416.4000,1000.0000,0.1014,48.7393
1769,5099.0200,0.0000,12530.0000,2000.0000,0.0957,51.9976
1770,5385.1700,1000.0000,11661.9000,3000.0000,0.1020,41.7844
1771,5099.0200,4123.1100,25000.0000,3605.5500,0.0266,23.9848
1772,4123.1100,3605.5500,24041.6000,3162.2800,0.0293,32.1550
1773,3162.2800,2828.4300,23086.8000,3000.0000,0.0451,37.3024
1774,2236.0700,2236.0700,22135.9000,2000.0000,0.0628,34.2653
1775,1414.2100,2000.0000,21189.6000,1000.0000,0.0922,39.4897
1776,1000.0000,2000.0000,20248.5000,0.0000,0.1044,23.0540
1777,1414.2100,2236.0700,19313.2000,0.0000,0.0804,22.0683
1778,2236.0700,1414.2100,18384.8000,1000.0000,0.0986,24.2472
1779,3162.2800,1000.0000,17464.2000,2000.0000,0.0718,24.9991
1780,4123.1100,1414.2100,16552.9000,1000.0000,0.0684,31.6185
1781,5099.0200,2000.0000,15652.5000,0.0000,0.0974,54.1091
1782,6082.7600,2236.0700,14764.8000,1000.0000,0.0986,54.7026
1783,4472.1400,4123.1100,24351.6000,2236.0700,0.0290,32.1552
1784,3605.5500,3162.2800,23409.4000,2000.0000,0.0505,51.7793
1785,2828.4300,2236.0700,22472.2000,2000.0000,0.0950,41.0383
1786,2236.0700,1414.2100,21540.7000,1000.0000,0.1069,47.8863
1787,2000.0000,1000.0000,20615.5000,0.0000,0.0945,46.0631
1788,2236.0700,1414.2100,19697.7000,1000.0000,0.1069,33.5654
1789,2828.4300,2236.0700,18788.3000,1000.0000,0.0911,38.8006
1790,3605.5500,2000.0000,17888.5000,1414.2100,0.0791,23.7562
1791,4472.1400,2236.0700,17000.0000,1000.0000,0.0545,64.5322
1792,3605.5500,2000.0000,22847.3000,1000.0000,0.0697,39.5076
1793,3162.2800,1000.0000,21931.7000,1000.0000,0.0859,48.7468
1794,3000.0000,0.0000,21023.8000,0.0000,0.0806,57.6867
1795,3162.2800,1000.0000,20124.6000,0.0000,0.0945,63.7766
