"grid_id","Species","Species_Code","Rank","Covariates","CAR_Median","CAR_SD","CAR_RelativeRisk"
1,"Muntjac","MJK",7,"slope + DE",-0.0944052850893663,0.581160653677166,0.909913913266843
2,"Muntjac","MJK",7,"slope + DE",-0.0898496865837425,0.505255579843155,0.914068572320631
3,"Muntjac","MJK",7,"slope + DE",-0.0996372522261073,0.497398008120719,0.90516573502115
4,"Muntjac","MJK",7,"slope + DE",-0.0859681073837498,0.500023656628969,0.917623496795516
5,"Muntjac","MJK",7,"slope + DE",-0.076227305304726,0.530341300618218,0.926605560462193
6,"Muntjac","MJK",7,"slope + DE",-0.0948835598852366,0.57447958174014,0.909478869141684
7,"Muntjac","MJK",7,"slope + DE",-0.0788485586068666,0.467750574487843,0.924179880312632
8,"Muntjac","MJK",7,"slope + DE",-0.0845792411913273,0.45657928830926,0.918898838066765
9,"Muntjac","MJK",7,"slope + DE",-0.0901476362647783,0.457409861330197,0.913796268337387
10,"Muntjac","MJK",7,"slope + DE",-0.098548442770395,0.461547874674711,0.906151797873143
11,"Muntjac","MJK",7,"slope + DE",-0.0977749183136334,0.479315307244966,0.906852997593823
12,"Muntjac","MJK",7,"slope + DE",-0.0946399833584055,0.514534713012127,0.909700383393463
13,"Muntjac","MJK",7,"slope + DE",-0.0732574374686361,0.477814532625248,0.929361549511129
14,"Muntjac","MJK",7,"slope + DE",-0.0825758147113271,0.4685671050386,0.920741632490726
15,"Muntjac","MJK",7,"slope + DE",-0.063797660978598,0.472955967293736,0.938194853435677
16,"Muntjac","MJK",7,"slope + DE",-0.0747742340616505,0.447743825594132,0.927952971135044
17,"Muntjac","MJK",7,"slope + DE",-0.0811738357270478,0.42948226372592,0.922033435818781
18,"Muntjac","MJK",7,"slope + DE",-0.0937049876599025,0.434310565058837,0.910551347153042
19,"Muntjac","MJK",7,"slope + DE",-0.0863784489298397,0.436493101044867,0.917247043473783
20,"Muntjac","MJK",7,"slope + DE",-0.0887538257659566,0.42476682091873,0.915070817815623
21,"Muntjac","MJK",7,"slope + DE",-0.0955359974047286,0.431923633570144,0.908885675059788
22,"Muntjac","MJK",7,"slope + DE",-0.0835574031795823,0.439344658921988,0.919838418167585
23,"Muntjac","MJK",7,"slope + DE",-0.101479164611261,0.457899208719235,0.903500068942789
24,"Muntjac","MJK",7,"slope + DE",-0.0973335866376048,0.478572398613413,0.907253408544384
25,"Muntjac","MJK",7,"slope + DE",-0.0994630368209375,0.497604052452955,0.905323415488974
26,"Muntjac","MJK",7,"slope + DE",-0.0991703257465905,0.593715485129167,0.905588452857206
27,"Muntjac","MJK",7,"slope + DE",-0.059429480823669,0.490357112731934,0.942301993509821
28,"Muntjac","MJK",7,"slope + DE",-0.0672883135100892,0.411647969910703,0.934925611343256
29,"Muntjac","MJK",7,"slope + DE",-0.0702098926185114,0.391292547589438,0.932198220276034
30,"Muntjac","MJK",7,"slope + DE",-0.0682320221180098,0.394495074639527,0.934043729639902
31,"Muntjac","MJK",7,"slope + DE",-0.0824911674966258,0.407860668471628,0.920819590261978
32,"Muntjac","MJK",7,"slope + DE",-0.0691102689163089,0.402278854645853,0.933223768834508
33,"Muntjac","MJK",7,"slope + DE",-0.0710709165684394,0.396921061401625,0.931395842131148
34,"Muntjac","MJK",7,"slope + DE",-0.0886812082984276,0.392208390212697,0.915137271280508
35,"Muntjac","MJK",7,"slope + DE",-0.0810428849328456,0.398754317597377,0.922154161540695
36,"Muntjac","MJK",7,"slope + DE",-0.0836144210395665,0.398871463489832,0.919785838320183
37,"Muntjac","MJK",7,"slope + DE",-0.0869523794922795,0.402709144682234,0.916720750907458
38,"Muntjac","MJK",7,"slope + DE",-0.0893473510611459,0.412649563250467,0.914527918104072
39,"Muntjac","MJK",7,"slope + DE",-0.0865142519831993,0.423654417103552,0.917122480887262
40,"Muntjac","MJK",7,"slope + DE",-0.0941637952595696,0.437534112463792,0.91013371563738
41,"Muntjac","MJK",7,"slope + DE",-0.100723972048626,0.445711006060716,0.90418257811106
42,"Muntjac","MJK",7,"slope + DE",-0.105086016112864,0.4568889456402,0.900247098117553
43,"Muntjac","MJK",7,"slope + DE",-0.095773518894508,0.480678990155267,0.908669849012392
44,"Muntjac","MJK",7,"slope + DE",-0.0874238991953633,0.526582191704772,0.916288604847398
45,"Muntjac","MJK",7,"slope + DE",-0.0631953962124744,0.396932444116538,0.938760031165531
46,"Muntjac","MJK",7,"slope + DE",-0.074175100176827,0.378449958235869,0.928509146459649
47,"Muntjac","MJK",7,"slope + DE",-0.0754079829548204,0.361080067291843,0.927365075043425
48,"Muntjac","MJK",7,"slope + DE",-0.0760340900149946,0.367439835141002,0.926784617252759
49,"Muntjac","MJK",7,"slope + DE",-0.0768449904312735,0.364846777678205,0.92603338818373
50,"Muntjac","MJK",7,"slope + DE",-0.066901904279144,0.36893831535776,0.935286957962443
51,"Muntjac","MJK",7,"slope + DE",-0.0761025733461732,0.37283581102177,0.926721144960523
52,"Muntjac","MJK",7,"slope + DE",-0.0802417517136519,0.376611544396768,0.922893208401678
53,"Muntjac","MJK",7,"slope + DE",-0.0798662185806893,0.375643323222,0.923239881720078
54,"Muntjac","MJK",7,"slope + DE",-0.0871117278562008,0.392538571803407,0.916574760285562
55,"Muntjac","MJK",7,"slope + DE",-0.0894508189069508,0.398059765236539,0.914433236911737
56,"Muntjac","MJK",7,"slope + DE",-0.090825703784156,0.396157083367707,0.913176862125019
57,"Muntjac","MJK",7,"slope + DE",-0.10377878506797,0.411314191157755,0.90142468568188
58,"Muntjac","MJK",7,"slope + DE",-0.0968223012024278,0.432503355463649,0.907717297599402
59,"Muntjac","MJK",7,"slope + DE",-0.0949813465683613,0.439751008170512,0.909389902914503
60,"Muntjac","MJK",7,"slope + DE",-0.0998851245943665,0.446554741403315,0.904941385183963
61,"Muntjac","MJK",7,"slope + DE",-0.0928091327443637,0.465629040813949,0.911367453100753
62,"Muntjac","MJK",7,"slope + DE",-0.103638972517833,0.509121652635287,0.901550728572633
63,"Muntjac","MJK",7,"slope + DE",0.00312558386355855,0.483665714320302,1.00313047577979
64,"Muntjac","MJK",7,"slope + DE",0.00601492643020691,0.455382684080397,1.00603309005414
65,"Muntjac","MJK",7,"slope + DE",0.00708746640709807,0.437331835717628,1.00711264377057
66,"Muntjac","MJK",7,"slope + DE",0.00281886900402673,0.457143313526751,1.00282284575111
67,"Muntjac","MJK",7,"slope + DE",-0.0557169026422536,0.388835346934847,0.945806853673536
68,"Muntjac","MJK",7,"slope + DE",-0.0641919342360996,0.361289746946456,0.937824982467518
69,"Muntjac","MJK",7,"slope + DE",-0.0663372291926857,0.347449591979807,0.935815231192718
70,"Muntjac","MJK",7,"slope + DE",-0.076079788295438,0.338748701260253,0.926742265426283
71,"Muntjac","MJK",7,"slope + DE",-0.082833764655191,0.336542804544244,0.920504155292146
72,"Muntjac","MJK",7,"slope + DE",-0.0783048575370185,0.345823878443753,0.924682487810397
73,"Muntjac","MJK",7,"slope + DE",-0.0861364355612203,0.349959780607686,0.917469047365385
74,"Muntjac","MJK",7,"slope + DE",-0.0763784748278686,0.358704119711528,0.926465496435984
75,"Muntjac","MJK",7,"slope + DE",-0.085262010389263,0.365947486155702,0.918271816831892
76,"Muntjac","MJK",7,"slope + DE",-0.0882513732323115,0.366531305557789,0.91553075249861
77,"Muntjac","MJK",7,"slope + DE",-0.0841663114757597,0.367818554568223,0.919278362659332
78,"Muntjac","MJK",7,"slope + DE",-0.0873651173982865,0.369162243445518,0.916342484773999
79,"Muntjac","MJK",7,"slope + DE",-0.0946997752789141,0.386972916060519,0.909645994083914
80,"Muntjac","MJK",7,"slope + DE",-0.0942798723870393,0.399745207411471,0.910028049207263
81,"Muntjac","MJK",7,"slope + DE",-0.106249025219804,0.418237824268204,0.899200707833212
82,"Muntjac","MJK",7,"slope + DE",-0.0922985171976242,0.424830973525654,0.911832944596145
83,"Muntjac","MJK",7,"slope + DE",-0.0861525881569998,0.450101131777388,0.91745422989197
84,"Muntjac","MJK",7,"slope + DE",-0.0999319068371134,0.464679367529492,0.904899300307762
85,"Muntjac","MJK",7,"slope + DE",-0.101132348565684,0.504509987393521,0.903813469008195
86,"Muntjac","MJK",7,"slope + DE",0.0108854842319725,0.513456395559031,1.0109449487297
87,"Muntjac","MJK",7,"slope + DE",0.00879351635142971,0.489935376677823,1.00883230077909
88,"Muntjac","MJK",7,"slope + DE",0.009818536689128,0.47693905484852,1.00986690268252
89,"Muntjac","MJK",7,"slope + DE",0.00200612761450258,0.454623411842429,1.00200815294156
90,"Muntjac","MJK",7,"slope + DE",0.00156466570925327,0.435754331647167,1.00156589046289
91,"Muntjac","MJK",7,"slope + DE",0.00878902190554126,0.415845046151178,1.00882776267682
92,"Muntjac","MJK",7,"slope + DE",0.00453660906200368,0.404688795150032,1.00454691535565
93,"Muntjac","MJK",7,"slope + DE",0.00699519155874439,0.396073675656708,1.00701972760571
94,"Muntjac","MJK",7,"slope + DE",0.00661679043813798,0.392554917798668,1.00663873368203
95,"Muntjac","MJK",7,"slope + DE",-0.00462087984387105,0.379915356610726,0.995389815860289
96,"Muntjac","MJK",7,"slope + DE",-0.0175659532477124,0.399999257279319,0.982587430531459
97,"Muntjac","MJK",7,"slope + DE",-0.0382989529269732,0.3603874183913,0.962425180026167
98,"Muntjac","MJK",7,"slope + DE",-0.0464937421183992,0.348460972970821,0.954570534224315
99,"Muntjac","MJK",7,"slope + DE",-0.0621620306526751,0.335920612406114,0.939730611914613
100,"Muntjac","MJK",7,"slope + DE",-0.076450611015336,0.338159929618168,0.926398800636486
101,"Muntjac","MJK",7,"slope + DE",-0.0876554568233285,0.317060170113615,0.916076455928861
102,"Muntjac","MJK",7,"slope + DE",-0.0850716149220991,0.322027308477356,0.918446508968338
103,"Muntjac","MJK",7,"slope + DE",-0.100676333009515,0.326874975024005,0.904225659417591
104,"Muntjac","MJK",7,"slope + DE",-0.0837141677631459,0.336006476056483,0.919694098536678
105,"Muntjac","MJK",7,"slope + DE",-0.0892125185421957,0.344197177158322,0.914651180602908
106,"Muntjac","MJK",7,"slope + DE",-0.087842813699301,0.351611449395044,0.915904834834731
107,"Muntjac","MJK",7,"slope + DE",-0.0786192804999861,0.357657414643013,0.924391795819351
108,"Muntjac","MJK",7,"slope + DE",-0.0917366372755644,0.362081767452695,0.91234540618066
109,"Muntjac","MJK",7,"slope + DE",-0.0879020513924605,0.366696251605142,0.915850578925718
110,"Muntjac","MJK",7,"slope + DE",-0.0747979410752145,0.386486771727449,0.927930990654592
111,"Muntjac","MJK",7,"slope + DE",-0.0971143738371527,0.389159441435606,0.9074522685158
112,"Muntjac","MJK",7,"slope + DE",-0.0962495843560051,0.407729043504305,0.908237313677855
113,"Muntjac","MJK",7,"slope + DE",-0.0910033230222965,0.424126520477723,0.913014751700877
114,"Muntjac","MJK",7,"slope + DE",-0.0875618400565014,0.434685777661986,0.91616222837416
115,"Muntjac","MJK",7,"slope + DE",-0.100109936827206,0.458562730037679,0.904737963890873
116,"Muntjac","MJK",7,"slope + DE",-0.103865361665227,0.490127971201408,0.901346649384759
117,"Muntjac","MJK",7,"slope + DE",0.00320164319044399,0.492554267482777,1.00320678170351
118,"Muntjac","MJK",7,"slope + DE",-0.000188605774303085,0.46481935634771,0.999811414679937
119,"Muntjac","MJK",7,"slope + DE",0.00619380411984822,0.439952515841688,1.00621302549365
120,"Muntjac","MJK",7,"slope + DE",0.00252226193727115,0.428733835391193,1.00252544652842
121,"Muntjac","MJK",7,"slope + DE",0.0077857860867287,0.408864134307837,1.00781617416433
122,"Muntjac","MJK",7,"slope + DE",0.00696869856575227,0.408760638953186,1.00699309299913
123,"Muntjac","MJK",7,"slope + DE",0.0111458548427588,0.391639777627827,1.01120820132178
124,"Muntjac","MJK",7,"slope + DE",0.00390337724206475,0.386220949260431,1.00391100776117
125,"Muntjac","MJK",7,"slope + DE",0.00840075043648777,0.36897914798761,1.0084361413815
126,"Muntjac","MJK",7,"slope + DE",0.00560059616668817,0.371221421656987,1.00561631045937
127,"Muntjac","MJK",7,"slope + DE",-0.000239329788130939,0.347649117593916,0.999760699042161
128,"Muntjac","MJK",7,"slope + DE",-0.00118894051527155,0.339484979252535,0.998811766327711
129,"Muntjac","MJK",7,"slope + DE",-0.0202848042081414,0.337765765523068,0.979919552821724
130,"Muntjac","MJK",7,"slope + DE",-0.0363642926210482,0.332867080801144,0.964288952976114
131,"Muntjac","MJK",7,"slope + DE",-0.0470964926101157,0.322748870643432,0.953995354405409
132,"Muntjac","MJK",7,"slope + DE",-0.0792335535401624,0.315231385799539,0.923824182671111
133,"Muntjac","MJK",7,"slope + DE",-0.117050306965358,0.288668448359329,0.88954045829008
134,"Muntjac","MJK",7,"slope + DE",-0.115701150549606,0.289730056227541,0.89074139019565
135,"Muntjac","MJK",7,"slope + DE",-0.0786923431773197,0.322222871346009,0.924324264452646
136,"Muntjac","MJK",7,"slope + DE",-0.0860357866677639,0.329746350504717,0.91756139635217
137,"Muntjac","MJK",7,"slope + DE",-0.0794594322601772,0.331062825958063,0.923615490403337
138,"Muntjac","MJK",7,"slope + DE",-0.0833284642076476,0.333400061077332,0.920048950336426
139,"Muntjac","MJK",7,"slope + DE",-0.0834524679834608,0.347261113199914,0.919934822997008
140,"Muntjac","MJK",7,"slope + DE",-0.0847621737054886,0.354350298120893,0.918730761254307
141,"Muntjac","MJK",7,"slope + DE",-0.0838846313145742,0.37428713784202,0.919537335827687
142,"Muntjac","MJK",7,"slope + DE",-0.0798512917821988,0.384376068524796,0.923253659902087
143,"Muntjac","MJK",7,"slope + DE",-0.0863166271825499,0.392706924964457,0.917303744801444
144,"Muntjac","MJK",7,"slope + DE",-0.0915030967598015,0.406622121601358,0.912558546538675
145,"Muntjac","MJK",7,"slope + DE",-0.0883422746174653,0.425734414304873,0.915447489260673
146,"Muntjac","MJK",7,"slope + DE",-0.0928980232902236,0.440243375849551,0.91128643690917
147,"Muntjac","MJK",7,"slope + DE",-0.0791010352673969,0.446991152845677,0.923946603238575
148,"Muntjac","MJK",7,"slope + DE",-0.0808256041202119,0.475619353553428,0.922354533033866
149,"Muntjac","MJK",7,"slope + DE",0.00989986577956147,0.50020947413737,1.00994903171006
150,"Muntjac","MJK",7,"slope + DE",0.0017577959694304,0.463840603612513,1.00175934437314
151,"Muntjac","MJK",7,"slope + DE",0.00703945182837929,0.442816765096346,1.00706428913356
152,"Muntjac","MJK",7,"slope + DE",0.00303573708016445,0.430731001849018,1.00304034967071
153,"Muntjac","MJK",7,"slope + DE",0.00533232759129148,0.415360505251286,1.00534658139685
154,"Muntjac","MJK",7,"slope + DE",0.00162413357224853,0.410398468079792,1.00162545573024
155,"Muntjac","MJK",7,"slope + DE",0.00313361967758806,0.392246043425483,1.00313853903434
156,"Muntjac","MJK",7,"slope + DE",0.00386147475103761,0.388803438886851,1.00386894191589
157,"Muntjac","MJK",7,"slope + DE",0.00611083768636122,0.37106551043416,1.00612955322873
158,"Muntjac","MJK",7,"slope + DE",0.00274280823297948,0.365669562934264,1.00274658932625
159,"Muntjac","MJK",7,"slope + DE",0.00721885305839509,0.342828350258044,1.00724497198466
160,"Muntjac","MJK",7,"slope + DE",0.000713971092045592,0.341909173689264,1.00071422614333
161,"Muntjac","MJK",7,"slope + DE",-0.00336000289308057,0.333633624072632,0.996645638775316
162,"Muntjac","MJK",7,"slope + DE",-0.0159340861044204,0.325550550060581,0.984192198216624
163,"Muntjac","MJK",7,"slope + DE",-0.0294065096675641,0.321064120417536,0.971021708726905
164,"Muntjac","MJK",7,"slope + DE",-0.0423199277232019,0.31554902356523,0.958563078876536
165,"Muntjac","MJK",7,"slope + DE",-0.0578670806656573,0.307627088481246,0.943775582269709
166,"Muntjac","MJK",7,"slope + DE",-0.0930592108183413,0.292359322917631,0.911139549450078
167,"Muntjac","MJK",7,"slope + DE",-0.0989839583999088,0.297584141561746,0.905757241896366
168,"Muntjac","MJK",7,"slope + DE",-0.0752378118788327,0.314932229676414,0.927522892849975
169,"Muntjac","MJK",7,"slope + DE",-0.0812935644620467,0.317344734775298,0.921923010055071
170,"Muntjac","MJK",7,"slope + DE",-0.0788192511425347,0.331325392431042,0.92420698156897
171,"Muntjac","MJK",7,"slope + DE",-0.0873811071186853,0.32927499480497,0.916327924272735
172,"Muntjac","MJK",7,"slope + DE",-0.0934087669765743,0.343534065226487,0.910821110694192
173,"Muntjac","MJK",7,"slope + DE",-0.0833171593010344,0.352097711826676,0.920059295675737
174,"Muntjac","MJK",7,"slope + DE",-0.0844867458359592,0.366805934818097,0.918983837614191
175,"Muntjac","MJK",7,"slope + DE",-0.0840940683471436,0.376588751612804,0.919344780420649
176,"Muntjac","MJK",7,"slope + DE",-0.0858699350265952,0.388676937587107,0.917713602327578
177,"Muntjac","MJK",7,"slope + DE",-0.0867588407066453,0.407492455946058,0.916898217364322
178,"Muntjac","MJK",7,"slope + DE",-0.09450329290468,0.414923477931099,0.909824739547101
179,"Muntjac","MJK",7,"slope + DE",-0.0922833033994095,0.446246155367776,0.911846784052227
180,"Muntjac","MJK",7,"slope + DE",-0.0890408329753965,0.450175013197083,0.914808218538519
181,"Muntjac","MJK",7,"slope + DE",-0.0771483400348975,0.486066007425369,0.92575252425054
182,"Muntjac","MJK",7,"slope + DE",-0.0792403917867692,0.533610703880638,0.923817820023
183,"Muntjac","MJK",7,"slope + DE",0.001419912447488,0.574827462369969,1.0014209342376
184,"Muntjac","MJK",7,"slope + DE",0.00986318397503457,0.488609233857535,1.00991198550578
185,"Muntjac","MJK",7,"slope + DE",0.00811553421085612,0.443556369432499,1.00814855831306
186,"Muntjac","MJK",7,"slope + DE",0.00828687902431164,0.428173026545922,1.00832131499961
187,"Muntjac","MJK",7,"slope + DE",0.00111781582311797,0.418327554740835,1.00111844081208
188,"Muntjac","MJK",7,"slope + DE",0.000340044475495024,0.411329955216448,1.0003401023412
189,"Muntjac","MJK",7,"slope + DE",0.00195324162246089,0.39437754109053,1.00195515049946
190,"Muntjac","MJK",7,"slope + DE",0.00616812886155778,0.381076699665116,1.00618722023802
191,"Muntjac","MJK",7,"slope + DE",0.00386563583834941,0.375493935937494,1.00387311819137
192,"Muntjac","MJK",7,"slope + DE",0.00164072189373413,0.374089002456871,1.00164206864472
193,"Muntjac","MJK",7,"slope + DE",0.00807387881277252,0.356187035686718,1.00810656252989
194,"Muntjac","MJK",7,"slope + DE",0.00568983164993792,0.341551775114414,1.00570605153463
195,"Muntjac","MJK",7,"slope + DE",0.00239087266128788,0.33296991779407,1.00239373309316
196,"Muntjac","MJK",7,"slope + DE",-0.00166403392266052,0.333103620975266,0.998337350120751
197,"Muntjac","MJK",7,"slope + DE",-0.0145071512544027,0.325009937563368,0.985597575484347
198,"Muntjac","MJK",7,"slope + DE",-0.015617133338462,0.306537136006436,0.984504186664157
199,"Muntjac","MJK",7,"slope + DE",-0.0299426756739605,0.315686136154738,0.970501175943134
200,"Muntjac","MJK",7,"slope + DE",-0.0446334548580982,0.303578266127192,0.956347962590953
201,"Muntjac","MJK",7,"slope + DE",-0.0606867336291126,0.308752434086712,0.941118014479743
202,"Muntjac","MJK",7,"slope + DE",-0.0732285461670028,0.304710307059275,0.929388397804842
203,"Muntjac","MJK",7,"slope + DE",-0.0705657243557092,0.299819312581043,0.931866493301054
204,"Muntjac","MJK",7,"slope + DE",-0.0806612443051099,0.312761483215596,0.922506143276355
205,"Muntjac","MJK",7,"slope + DE",-0.0809189030777924,0.318100645128746,0.922268490871951
206,"Muntjac","MJK",7,"slope + DE",-0.0820639993447139,0.323193697371248,0.921213000793583
207,"Muntjac","MJK",7,"slope + DE",-0.077433916601641,0.336161335290477,0.925488185375276
208,"Muntjac","MJK",7,"slope + DE",-0.0910739247150508,0.348821019209675,0.912950218820196
209,"Muntjac","MJK",7,"slope + DE",-0.0837944044777915,0.356998454096597,0.919620306535221
210,"Muntjac","MJK",7,"slope + DE",-0.076914086654817,0.369060127227268,0.925969405656851
211,"Muntjac","MJK",7,"slope + DE",-0.0843856108070769,0.383205634826245,0.919076783742288
212,"Muntjac","MJK",7,"slope + DE",-0.0848478330980907,0.409608588062589,0.91865207884219
213,"Muntjac","MJK",7,"slope + DE",-0.0792386821773937,0.42490162629126,0.923819400347617
214,"Muntjac","MJK",7,"slope + DE",-0.0734490575294875,0.439467396602959,0.929183540574402
215,"Muntjac","MJK",7,"slope + DE",-0.0776203834454079,0.46407492448391,0.92531563075545
216,"Muntjac","MJK",7,"slope + DE",-0.0730132063254911,0.496090475881016,0.929588554161385
217,"Muntjac","MJK",7,"slope + DE",-0.0814406438453961,0.52617884001013,0.921787428834513
218,"Muntjac","MJK",7,"slope + DE",-0.0795783122657103,0.575852729419937,0.923505730338961
219,"Muntjac","MJK",7,"slope + DE",0.00284222070642077,0.474712857855928,1.00284626987177
220,"Muntjac","MJK",7,"slope + DE",0.00597026269233172,0.436573596275028,1.00598812023248
221,"Muntjac","MJK",7,"slope + DE",0.0091120727109653,0.421112401788357,1.00915373665032
222,"Muntjac","MJK",7,"slope + DE",0.00567099274440716,0.41122147955968,1.00568710463466
223,"Muntjac","MJK",7,"slope + DE",0.00401763288486945,0.40748433938185,1.00402572680447
224,"Muntjac","MJK",7,"slope + DE",0.00778002597137324,0.3877529350941,1.00781037901543
225,"Muntjac","MJK",7,"slope + DE",0.00654884164134603,0.379334866154099,1.00657033461302
226,"Muntjac","MJK",7,"slope + DE",0.00621086095933604,0.364460165172988,1.00623018887165
227,"Muntjac","MJK",7,"slope + DE",0.00589368046730664,0.349900464843664,1.00591110479987
228,"Muntjac","MJK",7,"slope + DE",0.00449805530288968,0.351198313933497,1.0045081892942
229,"Muntjac","MJK",7,"slope + DE",0.00567949272507437,0.338030536506084,1.00569565162247
230,"Muntjac","MJK",7,"slope + DE",0.002393159618309,0.328146643506997,1.00239602551057
231,"Muntjac","MJK",7,"slope + DE",-0.0021683356769416,0.32182323071299,0.99783407614237
232,"Muntjac","MJK",7,"slope + DE",-0.00133381811336829,0.323448927714687,0.998667073387765
233,"Muntjac","MJK",7,"slope + DE",-0.0082612625234338,0.314427890340834,0.991772778734164
234,"Muntjac","MJK",7,"slope + DE",-0.00934005916687417,0.3079569322515,0.990703424980417
235,"Muntjac","MJK",7,"slope + DE",-0.0296909866691586,0.300366913951967,0.970745468732764
236,"Muntjac","MJK",7,"slope + DE",-0.0374268753319865,0.297846821067252,0.963264853580802
237,"Muntjac","MJK",7,"slope + DE",-0.0487797122588567,0.298217955206743,0.952390906849254
238,"Muntjac","MJK",7,"slope + DE",-0.055511165987518,0.2966530081896,0.946001463435091
239,"Muntjac","MJK",7,"slope + DE",-0.0645108709488414,0.309419292794865,0.937525925558358
240,"Muntjac","MJK",7,"slope + DE",-0.0707478404055289,0.31172646257117,0.931696798906206
241,"Muntjac","MJK",7,"slope + DE",-0.0640145233681332,0.3131400771093,0.937991378513854
242,"Muntjac","MJK",7,"slope + DE",-0.0889591932951498,0.321132525848327,0.914882907100474
243,"Muntjac","MJK",7,"slope + DE",-0.0831896650780151,0.334983063821117,0.920176619361145
244,"Muntjac","MJK",7,"slope + DE",-0.0906020452213301,0.35548471001233,0.91338113410921
245,"Muntjac","MJK",7,"slope + DE",-0.0838621720193003,0.358559421340286,0.919557992380057
246,"Muntjac","MJK",7,"slope + DE",-0.0821804550944161,0.377343236358512,0.921105727959342
247,"Muntjac","MJK",7,"slope + DE",-0.089252568096514,0.403811894209946,0.914614543891032
248,"Muntjac","MJK",7,"slope + DE",-0.0886410803794704,0.413744024388756,0.915173988604033
249,"Muntjac","MJK",7,"slope + DE",-0.0842559669149541,0.437366574191325,0.919195948178087
250,"Muntjac","MJK",7,"slope + DE",-0.083669263852315,0.468363174861041,0.919735415849288
251,"Muntjac","MJK",7,"slope + DE",-0.0719224369727178,0.490365193431798,0.930603076046376
252,"Muntjac","MJK",7,"slope + DE",-0.0771592806587385,0.52912600958993,0.925742389231464
253,"Muntjac","MJK",7,"slope + DE",-0.0805286825142447,0.597357891628735,0.922628448949057
254,"Muntjac","MJK",7,"slope + DE",0.0190457282142506,0.451908795343006,1.0192282582524
255,"Muntjac","MJK",7,"slope + DE",0.00553139429651894,0.427432688252466,1.00554673130006
256,"Muntjac","MJK",7,"slope + DE",0.00410734098857874,0.414403665253746,1.00411578767661
257,"Muntjac","MJK",7,"slope + DE",0.00217252985951646,0.405497998124261,1.00217489223709
258,"Muntjac","MJK",7,"slope + DE",0.0144900434386278,0.402193856623514,1.01459553585218
259,"Muntjac","MJK",7,"slope + DE",0.00798121302198753,0.387421799887958,1.00801314849351
260,"Muntjac","MJK",7,"slope + DE",0.0102852673900913,0.371073253521944,1.01033834695176
261,"Muntjac","MJK",7,"slope + DE",0.00547336381283019,0.356547254281452,1.00548845183234
262,"Muntjac","MJK",7,"slope + DE",0.0147357704877038,0.350360462727288,1.01484487805056
263,"Muntjac","MJK",7,"slope + DE",0.0109601483740427,0.343539148038132,1.01102043564699
264,"Muntjac","MJK",7,"slope + DE",0.00843134337901468,0.340218197688405,1.0084669918299
265,"Muntjac","MJK",7,"slope + DE",0.00543272087160011,0.330907344896057,1.00544751538372
266,"Muntjac","MJK",7,"slope + DE",0.00697472689588045,0.322307500648636,1.00699910775305
267,"Muntjac","MJK",7,"slope + DE",0.00166576741603766,0.31566532791766,1.00166715780831
268,"Muntjac","MJK",7,"slope + DE",-0.000584969313363794,0.306552860279429,0.999415202362225
269,"Muntjac","MJK",7,"slope + DE",0.00119528325870889,0.299594020760571,1.00119599796471
270,"Muntjac","MJK",7,"slope + DE",-0.00393849706410745,0.294568714881826,0.996069257592548
271,"Muntjac","MJK",7,"slope + DE",-0.0141240316711019,0.296056906283303,0.985975264268869
272,"Muntjac","MJK",7,"slope + DE",-0.0248369149253696,0.291230653518134,0.975468983816022
273,"Muntjac","MJK",7,"slope + DE",-0.0410077207445731,0.295596748149852,0.959821726398609
274,"Muntjac","MJK",7,"slope + DE",-0.0655396100164712,0.300914955485088,0.936561948862968
275,"Muntjac","MJK",7,"slope + DE",-0.0691540137168371,0.30262356709071,0.933182948923378
276,"Muntjac","MJK",7,"slope + DE",-0.0819336859815655,0.307244946768142,0.921333059514247
277,"Muntjac","MJK",7,"slope + DE",-0.0894890337438935,0.317534731102187,0.91439829462364
278,"Muntjac","MJK",7,"slope + DE",-0.0826594993692582,0.322511179177496,0.920664580872763
279,"Muntjac","MJK",7,"slope + DE",-0.0837052102266161,0.34258740782202,0.919702339216715
280,"Muntjac","MJK",7,"slope + DE",-0.0840951261219076,0.361789891435804,0.919343798358495
281,"Muntjac","MJK",7,"slope + DE",-0.0778786827025532,0.377378527629706,0.925076658739929
282,"Muntjac","MJK",7,"slope + DE",-0.0843868213107327,0.404010995973221,0.91907567680544
283,"Muntjac","MJK",7,"slope + DE",-0.0806822274952041,0.427008601973266,0.92248678750587
284,"Muntjac","MJK",7,"slope + DE",-0.0761265047683731,0.453943495929564,0.926698973039385
285,"Muntjac","MJK",7,"slope + DE",-0.0781224170455491,0.476167564304596,0.924851206766928
286,"Muntjac","MJK",7,"slope + DE",-0.0716070700432035,0.522522124095371,0.93089660212401
287,"Muntjac","MJK",7,"slope + DE",-0.058809654479554,0.584731098935768,0.942886227723774
288,"Muntjac","MJK",7,"slope + DE",0.00813022409028054,0.496924360882291,1.00816336646004
289,"Muntjac","MJK",7,"slope + DE",0.00537264871577811,0.441223421160585,1.00538716688624
290,"Muntjac","MJK",7,"slope + DE",0.000599899786723564,0.420725786702213,1.00060008546066
291,"Muntjac","MJK",7,"slope + DE",0.00670635247544281,0.400516675269544,1.00672889321757
292,"Muntjac","MJK",7,"slope + DE",0.00504202643741264,0.392632563996799,1.00505476195632
293,"Muntjac","MJK",7,"slope + DE",0.0101517090887379,0.388048075401666,1.01020342458763
294,"Muntjac","MJK",7,"slope + DE",0.00849618170277563,0.380189568832355,1.00853238398884
295,"Muntjac","MJK",7,"slope + DE",0.0116173202972667,0.373018601237737,1.0116850636307
296,"Muntjac","MJK",7,"slope + DE",0.0156545237953146,0.354379664130271,1.01577769799534
297,"Muntjac","MJK",7,"slope + DE",0.0125291292830042,0.345226363331562,1.01260795294742
298,"Muntjac","MJK",7,"slope + DE",0.00992972694662884,0.337635313210276,1.00997919036129
299,"Muntjac","MJK",7,"slope + DE",0.0144505742286916,0.331121740868708,1.01455549358344
300,"Muntjac","MJK",7,"slope + DE",0.00389383675289707,0.328487353521437,1.00390142761916
301,"Muntjac","MJK",7,"slope + DE",0.0083846510618465,0.319539375931035,1.0084199014217
302,"Muntjac","MJK",7,"slope + DE",0.00342024650049767,0.304561786198822,1.00342611510662
303,"Muntjac","MJK",7,"slope + DE",0.00389214247249665,0.297340957233556,1.00389972670531
304,"Muntjac","MJK",7,"slope + DE",0.0135497388880332,0.295084196930818,1.0136419531828
305,"Muntjac","MJK",7,"slope + DE",0.0148886985727326,0.2901942872939,1.01500009844224
306,"Muntjac","MJK",7,"slope + DE",0.0116327320197632,0.283721904469945,1.01170065856819
307,"Muntjac","MJK",7,"slope + DE",-0.00714052302532335,0.293649656145707,0.992884914807592
308,"Muntjac","MJK",7,"slope + DE",-0.0308502830612186,0.29517048655743,0.96962073419443
309,"Muntjac","MJK",7,"slope + DE",-0.0522776516016197,0.300240574725881,0.949065350248163
310,"Muntjac","MJK",7,"slope + DE",-0.0752353175388177,0.295661320080621,0.927525201833443
311,"Muntjac","MJK",7,"slope + DE",-0.081837664328891,0.294687754464314,0.921421557170809
312,"Muntjac","MJK",7,"slope + DE",-0.0932261500390748,0.304819486919479,0.910987458900762
313,"Muntjac","MJK",7,"slope + DE",-0.0843283566585565,0.313428913756243,0.91912940502246
314,"Muntjac","MJK",7,"slope + DE",-0.0687424977609464,0.338576815554235,0.933567055414077
315,"Muntjac","MJK",7,"slope + DE",-0.0780681795302299,0.354533970275936,0.924901392867822
316,"Muntjac","MJK",7,"slope + DE",-0.0737429052669702,0.384424579662429,0.928910482528223
317,"Muntjac","MJK",7,"slope + DE",-0.0860067148170109,0.4117520505719,0.917588096829997
318,"Muntjac","MJK",7,"slope + DE",-0.064874859466102,0.466553026567978,0.937184851677932
319,"Muntjac","MJK",7,"slope + DE",-0.0765272992932015,0.500852770536408,0.92632762622881
320,"Muntjac","MJK",7,"slope + DE",0.00134850533310082,0.468713605795308,1.00134941500625
321,"Muntjac","MJK",7,"slope + DE",0.00806884468623115,0.430383623561738,1.00810149325522
322,"Muntjac","MJK",7,"slope + DE",0.00656062957797613,0.418908323979156,1.006582198587
323,"Muntjac","MJK",7,"slope + DE",0.00501455868589068,0.401791739178969,1.00502715396497
324,"Muntjac","MJK",7,"slope + DE",0.00901048479619567,0.393712539188333,1.00905120261032
325,"Muntjac","MJK",7,"slope + DE",0.00963124670944507,0.388330130269756,1.00967777891162
326,"Muntjac","MJK",7,"slope + DE",0.00708087690471557,0.37436068769048,1.00710600789784
327,"Muntjac","MJK",7,"slope + DE",0.0147937035518155,0.362188519151208,1.01490367738569
328,"Muntjac","MJK",7,"slope + DE",0.012673402765259,0.350162161401708,1.01275405069437
329,"Muntjac","MJK",7,"slope + DE",0.0153497261541584,0.345769762312688,1.01546813851704
330,"Muntjac","MJK",7,"slope + DE",0.00854803186023189,0.340142154837012,1.00858467072355
331,"Muntjac","MJK",7,"slope + DE",0.0100561549405114,0.329213745485483,1.01010689350784
332,"Muntjac","MJK",7,"slope + DE",0.0101178614468915,0.33002643864767,1.01016922228552
333,"Muntjac","MJK",7,"slope + DE",0.00975080897186416,0.309262239301199,1.00979850322012
334,"Muntjac","MJK",7,"slope + DE",0.0183509896314523,0.305279290412348,1.01852042071064
335,"Muntjac","MJK",7,"slope + DE",0.0131640322529038,0.305337402349567,1.01325106061596
336,"Muntjac","MJK",7,"slope + DE",0.0190319054866364,0.28205109500599,1.01921416696937
337,"Muntjac","MJK",7,"slope + DE",0.079803385035888,0.259090190393095,1.08307409898829
338,"Muntjac","MJK",7,"slope + DE",0.066832728818499,0.263104700581516,1.06911663288711
339,"Muntjac","MJK",7,"slope + DE",0.00344115059431174,0.288221387301068,1.00344708114445
340,"Muntjac","MJK",7,"slope + DE",-0.0189577740328726,0.296805063852327,0.981220795649616
341,"Muntjac","MJK",7,"slope + DE",-0.0464308794965018,0.298946547187572,0.954630592916513
342,"Muntjac","MJK",7,"slope + DE",-0.0758143038235337,0.296210933427589,0.926988332134523
343,"Muntjac","MJK",7,"slope + DE",-0.108829812561831,0.259836576412299,0.896883091307973
344,"Muntjac","MJK",7,"slope + DE",-0.0967960152959929,0.275758544535878,0.90774116551651
345,"Muntjac","MJK",7,"slope + DE",-0.0846910394386537,0.313737467796949,0.918796113405195
346,"Muntjac","MJK",7,"slope + DE",-0.0830131165524182,0.328088883944294,0.920339075470282
347,"Muntjac","MJK",7,"slope + DE",-0.0744474887577272,0.34754878770799,0.928256235230633
348,"Muntjac","MJK",7,"slope + DE",-0.0784351761170269,0.378441293090893,0.924561992272001
349,"Muntjac","MJK",7,"slope + DE",0.00673910950434962,0.474891958083352,1.00676189087941
350,"Muntjac","MJK",7,"slope + DE",0.0036598346800207,0.436572222918924,1.00366654208529
351,"Muntjac","MJK",7,"slope + DE",0.00733309585666142,0.415379581762856,1.00736004976151
352,"Muntjac","MJK",7,"slope + DE",0.0100686626616806,0.397800304198629,1.01011954073647
353,"Muntjac","MJK",7,"slope + DE",0.00490463550179201,0.386983236654999,1.00491668939101
354,"Muntjac","MJK",7,"slope + DE",0.00783555645382506,0.37346048747986,1.0078663381843
355,"Muntjac","MJK",7,"slope + DE",0.0106399697136254,0.364069745413827,1.01069677825726
356,"Muntjac","MJK",7,"slope + DE",0.012185195360111,0.356682177005208,1.01225973756287
357,"Muntjac","MJK",7,"slope + DE",0.00975672631739927,0.355593980360781,1.00980447848926
358,"Muntjac","MJK",7,"slope + DE",0.0135266080197852,0.355059270687379,1.01361850770919
359,"Muntjac","MJK",7,"slope + DE",0.0115303912731483,0.333854012086849,1.01159714747495
360,"Muntjac","MJK",7,"slope + DE",0.019174027353963,0.319792226791991,1.01935903169534
361,"Muntjac","MJK",7,"slope + DE",0.0107196481278516,0.326842152068892,1.01077730971112
362,"Muntjac","MJK",7,"slope + DE",0.0168678211220542,0.307528985130524,1.01701088671651
363,"Muntjac","MJK",7,"slope + DE",0.0118314617228345,0.303004506915013,1.0119017303196
364,"Muntjac","MJK",7,"slope + DE",0.00487302002850682,0.304019410300579,1.00488492328076
365,"Muntjac","MJK",7,"slope + DE",0.0173476824539099,0.296913372140894,1.01749902742423
366,"Muntjac","MJK",7,"slope + DE",0.018205412550163,0.287340887321318,1.0183721414381
367,"Muntjac","MJK",7,"slope + DE",0.0204123099080154,0.284548128482626,1.02062207566639
368,"Muntjac","MJK",7,"slope + DE",0.000346719870171908,0.29791890131999,1.00034678344125
369,"Muntjac","MJK",7,"slope + DE",-0.022695104923515,0.293592626434127,0.977560498841335
370,"Muntjac","MJK",7,"slope + DE",-0.0415201237316047,0.296533353178279,0.959330032751751
371,"Muntjac","MJK",7,"slope + DE",-0.0624259999843799,0.30312581259344,0.939482589451409
372,"Muntjac","MJK",7,"slope + DE",-0.0778828025050274,0.297970053723311,0.925072836995114
373,"Muntjac","MJK",7,"slope + DE",-0.069245191918066,0.298226341710666,0.93309788722654
374,"Muntjac","MJK",7,"slope + DE",-0.0756541908556548,0.309043346406963,0.92713676517693
375,"Muntjac","MJK",7,"slope + DE",-0.0834096841657356,0.326265862547616,0.919974174342786
376,"Muntjac","MJK",7,"slope + DE",-0.0799011226852602,0.352493783603955,0.92320762643011
377,"Muntjac","MJK",7,"slope + DE",-0.070776576649698,0.398685969863542,0.931670031671124
378,"Muntjac","MJK",7,"slope + DE",0.00423517560575564,0.470756285275964,1.00424416192377
379,"Muntjac","MJK",7,"slope + DE",0.00900924720307196,0.431429951283984,1.00904995262906
380,"Muntjac","MJK",7,"slope + DE",0.00885797132661642,0.404971346168499,1.00889732169898
381,"Muntjac","MJK",7,"slope + DE",0.00689954386965559,0.383734568802533,1.00692340700438
382,"Muntjac","MJK",7,"slope + DE",0.00468636813777553,0.374368323385624,1.00469736982396
383,"Muntjac","MJK",7,"slope + DE",0.0132755168460984,0.365131394025985,1.01336403257182
384,"Muntjac","MJK",7,"slope + DE",0.0144206765640319,0.36176038513238,1.0145251562133
385,"Muntjac","MJK",7,"slope + DE",0.0191130564624047,0.347609390778377,1.0192968874873
386,"Muntjac","MJK",7,"slope + DE",0.0228699026841057,0.346200690690547,1.02313342581216
387,"Muntjac","MJK",7,"slope + DE",0.0156814213996566,0.344221792811745,1.01580502481109
388,"Muntjac","MJK",7,"slope + DE",0.0130369694622914,0.33377547373854,1.01312232163099
389,"Muntjac","MJK",7,"slope + DE",0.0152400210866435,0.324393792193926,1.01535674308896
390,"Muntjac","MJK",7,"slope + DE",0.0144344905627293,0.319520666059554,1.01453917443468
391,"Muntjac","MJK",7,"slope + DE",0.00989774324009036,0.315344082887235,1.00994688811315
392,"Muntjac","MJK",7,"slope + DE",0.00928787195787869,0.313056716828432,1.00933114702851
393,"Muntjac","MJK",7,"slope + DE",0.00773780298861364,0.309729623105192,1.0077678177317
394,"Muntjac","MJK",7,"slope + DE",0.00698133836517147,0.297846935997576,1.00700576747242
395,"Muntjac","MJK",7,"slope + DE",0.0013578789467832,0.29425057711801,1.00135880136706
396,"Muntjac","MJK",7,"slope + DE",0.000919139369181249,0.290265852713945,1.00091956328144
397,"Muntjac","MJK",7,"slope + DE",-0.00968754738366058,0.300570278490124,0.990359250048152
398,"Muntjac","MJK",7,"slope + DE",-0.0193210586265765,0.29442417333295,0.980864396845883
399,"Muntjac","MJK",7,"slope + DE",-0.0355661408876233,0.302933328281653,0.965058902266678
400,"Muntjac","MJK",7,"slope + DE",-0.0521963914826604,0.30167166222017,0.949142457996509
401,"Muntjac","MJK",7,"slope + DE",-0.0562527118925021,0.299157147804221,0.945300217295471
402,"Muntjac","MJK",7,"slope + DE",-0.0690102343377452,0.302433843011355,0.933317131208853
403,"Muntjac","MJK",7,"slope + DE",-0.0713401251544451,0.315476520851692,0.931145136839485
404,"Muntjac","MJK",7,"slope + DE",-0.0669403415823433,0.337978877117059,0.93525099698161
405,"Muntjac","MJK",7,"slope + DE",-0.073103963540238,0.352041144551256,0.929504190477748
406,"Muntjac","MJK",7,"slope + DE",-0.0648591208416055,0.392042765416499,0.937199507614501
407,"Muntjac","MJK",7,"slope + DE",0.00662239803212911,0.483994115999208,1.00664469202621
408,"Muntjac","MJK",7,"slope + DE",0.00227844256015412,0.424443591953639,1.00228104036052
409,"Muntjac","MJK",7,"slope + DE",0.0127397702249641,0.405640460328584,1.01282129765473
410,"Muntjac","MJK",7,"slope + DE",0.0116335722813917,0.385960543929092,1.01170150546301
411,"Muntjac","MJK",7,"slope + DE",0.00825981837178955,0.368505258052799,1.00829402486308
412,"Muntjac","MJK",7,"slope + DE",0.0162918157415373,0.368445698244641,1.01642529174403
413,"Muntjac","MJK",7,"slope + DE",0.0163688152624446,0.352764283832844,1.01650351937085
414,"Muntjac","MJK",7,"slope + DE",0.0203875602626011,0.343845606348972,1.02059680737016
415,"Muntjac","MJK",7,"slope + DE",0.0225892431576201,0.343713267687182,1.02284631411185
416,"Muntjac","MJK",7,"slope + DE",0.0180242265928751,0.33858571630227,1.01818765790312
417,"Muntjac","MJK",7,"slope + DE",0.0178529917641482,0.335503413964898,1.01801330937633
418,"Muntjac","MJK",7,"slope + DE",0.0161952152648839,0.323638922072294,1.01632706937416
419,"Muntjac","MJK",7,"slope + DE",0.0122936420761411,0.320651224423889,1.01236952920157
420,"Muntjac","MJK",7,"slope + DE",0.00566582779392928,0.314787737366779,1.00568190949966
421,"Muntjac","MJK",7,"slope + DE",0.00431227595921944,0.312025817275086,1.00432158722104
422,"Muntjac","MJK",7,"slope + DE",0.00371450803264751,0.30543753438692,1.00372141564834
423,"Muntjac","MJK",7,"slope + DE",-0.000329121957756075,0.302658491869727,0.999670938667681
424,"Muntjac","MJK",7,"slope + DE",-0.00836102419374602,0.299794138534402,0.991673834664641
425,"Muntjac","MJK",7,"slope + DE",-0.010149504489997,0.298578403636601,0.989901827988654
426,"Muntjac","MJK",7,"slope + DE",-0.0207339955915488,0.298743987923033,0.97947948820237
427,"Muntjac","MJK",7,"slope + DE",-0.0191626207045009,0.30018591642065,0.981019818317252
428,"Muntjac","MJK",7,"slope + DE",-0.0338104105952182,0.293345822477917,0.966754773730697
429,"Muntjac","MJK",7,"slope + DE",-0.043112952072563,0.301597107292844,0.95780320020307
430,"Muntjac","MJK",7,"slope + DE",-0.0527157348476031,0.301172716224008,0.948649659656988
431,"Muntjac","MJK",7,"slope + DE",-0.0547795151695369,0.306993220175001,0.946693860049713
432,"Muntjac","MJK",7,"slope + DE",-0.0596433125667513,0.31459994778554,0.942100511561191
433,"Muntjac","MJK",7,"slope + DE",-0.057908409355502,0.32697652684366,0.94373638279605
434,"Muntjac","MJK",7,"slope + DE",-0.0589050062044385,0.339848876842795,0.942796328681304
435,"Muntjac","MJK",7,"slope + DE",-0.0529994830328432,0.393486997882962,0.948380505087763
436,"Muntjac","MJK",7,"slope + DE",0.0119074576339231,0.406953799174875,1.01197863371497
437,"Muntjac","MJK",7,"slope + DE",0.0148248841811161,0.385999899146923,1.01493531784697
438,"Muntjac","MJK",7,"slope + DE",0.0161430294212114,0.375218667912977,1.0162740321094
439,"Muntjac","MJK",7,"slope + DE",0.0120499217637013,0.36792539878681,1.0121228169033
440,"Muntjac","MJK",7,"slope + DE",0.0173713403062842,0.365378243147608,1.01752309985896
441,"Muntjac","MJK",7,"slope + DE",0.0185462836267942,0.355868935276607,1.01871933417457
442,"Muntjac","MJK",7,"slope + DE",0.0314599846182432,0.345249206007696,1.03196018412189
443,"Muntjac","MJK",7,"slope + DE",0.0179322014027655,0.33386443481466,1.01809395132393
444,"Muntjac","MJK",7,"slope + DE",0.0225173848319103,0.331613530062867,1.02277285002228
445,"Muntjac","MJK",7,"slope + DE",0.0200652693926891,0.33200065312303,1.020267930123
446,"Muntjac","MJK",7,"slope + DE",0.0202142166311944,0.326116698005944,1.02041993129306
447,"Muntjac","MJK",7,"slope + DE",0.0195010154990761,0.331384318646952,1.01969240281123
448,"Muntjac","MJK",7,"slope + DE",0.0121956129891721,0.317284455623008,1.01227028817341
449,"Muntjac","MJK",7,"slope + DE",0.00552156030784826,0.300387468060361,1.00553683266525
450,"Muntjac","MJK",7,"slope + DE",0.00225865878250963,0.296826647033795,1.00226121422885
451,"Muntjac","MJK",7,"slope + DE",-0.00549439122874139,0.293948996349913,0.994520675505367
452,"Muntjac","MJK",7,"slope + DE",-0.0202278853650668,0.285403496177106,0.979975355815594
453,"Muntjac","MJK",7,"slope + DE",-0.0264990278559209,0.293539341419218,0.973848990564724
454,"Muntjac","MJK",7,"slope + DE",-0.0294115199243136,0.298000292516402,0.97101684634884
455,"Muntjac","MJK",7,"slope + DE",-0.0276452604266768,0.297723915111159,0.972733377419186
456,"Muntjac","MJK",7,"slope + DE",-0.0335836825680316,0.302668155313087,0.966973989130226
457,"Muntjac","MJK",7,"slope + DE",-0.0478594665479398,0.302476627798462,0.953267743870546
458,"Muntjac","MJK",7,"slope + DE",-0.0502700304448537,0.298267932351191,0.950972598681362
459,"Muntjac","MJK",7,"slope + DE",-0.0567425772470924,0.296794630218822,0.944837261216678
460,"Muntjac","MJK",7,"slope + DE",-0.0594068693315234,0.307127525081576,0.942323307184155
461,"Muntjac","MJK",7,"slope + DE",-0.0668036036917793,0.318629348437745,0.935378888488838
462,"Muntjac","MJK",7,"slope + DE",-0.05776269073672,0.335112484386838,0.943873950578178
463,"Muntjac","MJK",7,"slope + DE",-0.0443144449466703,0.387354819275995,0.956653113570561
464,"Muntjac","MJK",7,"slope + DE",0.0151306729784955,0.448497138754297,1.01524572138532
465,"Muntjac","MJK",7,"slope + DE",0.0111660006367644,0.403235140011512,1.01122858378842
466,"Muntjac","MJK",7,"slope + DE",0.0154341180764801,0.380675799387172,1.01555398603005
467,"Muntjac","MJK",7,"slope + DE",0.0131680328768943,0.368655695698954,1.0132551146516
468,"Muntjac","MJK",7,"slope + DE",0.0171194777172094,0.363466049102803,1.01726699008999
469,"Muntjac","MJK",7,"slope + DE",0.0173472226370587,0.353552812178578,1.01749856371339
470,"Muntjac","MJK",7,"slope + DE",0.0164556005842506,0.358108395889445,1.01659174958062
471,"Muntjac","MJK",7,"slope + DE",0.0176645314172551,0.345722167933983,1.01782147203132
472,"Muntjac","MJK",7,"slope + DE",0.0244468819483365,0.338186066147482,1.02474815715782
473,"Muntjac","MJK",7,"slope + DE",0.0243323207039408,0.337395808513702,1.02463077191543
474,"Muntjac","MJK",7,"slope + DE",0.0187177595169418,0.333218241413842,1.01889404049299
475,"Muntjac","MJK",7,"slope + DE",0.0185269659561112,0.330047133237008,1.01869966344297
476,"Muntjac","MJK",7,"slope + DE",0.0185133225159342,0.324335715669069,1.01868575692604
477,"Muntjac","MJK",7,"slope + DE",0.0181126581340192,0.312426240619071,1.01827769105679
478,"Muntjac","MJK",7,"slope + DE",0.012225230624331,0.310415880424485,1.01230026422394
479,"Muntjac","MJK",7,"slope + DE",0.000987107027746485,0.29188305608085,1.00098760144996
480,"Muntjac","MJK",7,"slope + DE",-0.00797713229304228,0.294833875407815,0.992054601165212
481,"Muntjac","MJK",7,"slope + DE",-0.0499000931257001,0.270022038795573,0.951324496353074
482,"Muntjac","MJK",7,"slope + DE",-0.0607974798563845,0.26602089613457,0.941013794851524
483,"Muntjac","MJK",7,"slope + DE",-0.0339525493936417,0.283457626790706,0.966617370480589
484,"Muntjac","MJK",7,"slope + DE",-0.029114450350264,0.305869721076343,0.971305295957474
485,"Muntjac","MJK",7,"slope + DE",-0.0260180948997892,0.290378116140159,0.974317461129681
486,"Muntjac","MJK",7,"slope + DE",-0.032676273982649,0.301156999025388,0.967851829161406
487,"Muntjac","MJK",7,"slope + DE",-0.0364877893415686,0.296558787020017,0.964169869803038
488,"Muntjac","MJK",7,"slope + DE",-0.066044993283824,0.293856011881425,0.936088749066569
489,"Muntjac","MJK",7,"slope + DE",-0.0684008183207997,0.284643009210596,0.933886116648414
490,"Muntjac","MJK",7,"slope + DE",-0.0570726049425882,0.320857113426536,0.944525502854418
491,"Muntjac","MJK",7,"slope + DE",-0.0522390007228566,0.334314690375686,0.949102005657487
492,"Muntjac","MJK",7,"slope + DE",-0.0416407960527408,0.395333819503222,0.959214274034842
493,"Muntjac","MJK",7,"slope + DE",0.0179292830032619,0.494614343979156,1.01809099011663
494,"Muntjac","MJK",7,"slope + DE",0.0114205797274867,0.424558501699456,1.01148608106996
495,"Muntjac","MJK",7,"slope + DE",0.0158961768611299,0.397442310048915,1.01602320416696
496,"Muntjac","MJK",7,"slope + DE",0.00930835400266098,0.378185900456497,1.00935182872442
497,"Muntjac","MJK",7,"slope + DE",0.0107136359315732,0.365097044227365,1.01077124675232
498,"Muntjac","MJK",7,"slope + DE",0.0153302656229544,0.366100894753231,1.01544837693262
499,"Muntjac","MJK",7,"slope + DE",0.0196209991989325,0.363880311533523,1.01981475707154
500,"Muntjac","MJK",7,"slope + DE",0.0177928754061594,0.35135097818507,1.01795211230112
501,"Muntjac","MJK",7,"slope + DE",0.0141475559595517,0.339738792848289,1.0142481069253
502,"Muntjac","MJK",7,"slope + DE",0.0302801190443564,0.33941048114379,1.03074329912357
503,"Muntjac","MJK",7,"slope + DE",0.0255402055692726,0.337931162638838,1.02586917089818
504,"Muntjac","MJK",7,"slope + DE",0.0266478170343112,0.321910684270404,1.02700605835768
505,"Muntjac","MJK",7,"slope + DE",0.0221948523779336,0.310304852088592,1.02244300649781
506,"Muntjac","MJK",7,"slope + DE",0.0267423765376158,0.315732080726114,1.02710316621868
507,"Muntjac","MJK",7,"slope + DE",0.0199254446038401,0.309150870498865,1.02012528352492
508,"Muntjac","MJK",7,"slope + DE",0.0161864816132303,0.303833480588911,1.01631821423555
509,"Muntjac","MJK",7,"slope + DE",0.00257623541007299,0.297405538136117,1.00257955702927
510,"Muntjac","MJK",7,"slope + DE",-0.0026670182600498,0.288770301632024,0.997336556101755
511,"Muntjac","MJK",7,"slope + DE",-0.0524893151149905,0.257984690199337,0.948864459565657
512,"Muntjac","MJK",7,"slope + DE",-0.0695144736412019,0.258650512188657,0.932846631653076
513,"Muntjac","MJK",7,"slope + DE",-0.0364659070832382,0.289879758250756,0.96419096807205
514,"Muntjac","MJK",7,"slope + DE",-0.020721129457029,0.296418565591823,0.979492078396312
515,"Muntjac","MJK",7,"slope + DE",-0.0168677131823049,0.299678660382008,0.983273760656723
516,"Muntjac","MJK",7,"slope + DE",-0.0328478839475058,0.291526157333221,0.967685762180538
517,"Muntjac","MJK",7,"slope + DE",-0.0316738386259429,0.304071456670307,0.968822532410798
518,"Muntjac","MJK",7,"slope + DE",-0.0531860707998788,0.275545641792653,0.948203563071781
519,"Muntjac","MJK",7,"slope + DE",-0.0562590247197465,0.280748751615199,0.94529424960783
520,"Muntjac","MJK",7,"slope + DE",-0.0343965503927493,0.314133100321758,0.966188302203466
521,"Muntjac","MJK",7,"slope + DE",-0.03496701206133,0.328141121838916,0.965637271538907
522,"Muntjac","MJK",7,"slope + DE",-0.0300042337560844,0.39000546309856,0.970441452386154
523,"Muntjac","MJK",7,"slope + DE",0.0153064403759893,0.474538316597756,1.01542420960161
524,"Muntjac","MJK",7,"slope + DE",0.0176567443915328,0.430094730820901,1.01781356871825
525,"Muntjac","MJK",7,"slope + DE",0.0112456720295647,0.41051794274345,1.01130918519756
526,"Muntjac","MJK",7,"slope + DE",0.00902247256983526,0.378481266779269,1.00906330595287
527,"Muntjac","MJK",7,"slope + DE",0.0154814744385502,0.371258955308094,1.01560193331348
528,"Muntjac","MJK",7,"slope + DE",0.0143972794885997,0.372789073895107,1.01450141973403
529,"Muntjac","MJK",7,"slope + DE",0.0222764675897945,0.354069260305934,1.02252644109045
530,"Muntjac","MJK",7,"slope + DE",0.0191253837292638,0.350110042486803,1.01930944548473
531,"Muntjac","MJK",7,"slope + DE",0.0270451984395385,0.33648966300811,1.02741423926161
532,"Muntjac","MJK",7,"slope + DE",0.024822173597605,0.32755109383495,1.02513280911257
533,"Muntjac","MJK",7,"slope + DE",0.0248722542586653,0.326273410428446,1.02518414925848
534,"Muntjac","MJK",7,"slope + DE",0.0331802053701441,0.322060681578669,1.03373680738199
535,"Muntjac","MJK",7,"slope + DE",0.0209708888094226,0.320452903309878,1.02119234202202
536,"Muntjac","MJK",7,"slope + DE",0.0304599532929494,0.314435045141149,1.03092860777152
537,"Muntjac","MJK",7,"slope + DE",0.0285873620516451,0.312351695483832,1.02899991024696
538,"Muntjac","MJK",7,"slope + DE",0.0137083413678727,0.302708304650513,1.01380273588785
539,"Muntjac","MJK",7,"slope + DE",0.0149418485920352,0.303194102270502,1.01505403616446
540,"Muntjac","MJK",7,"slope + DE",0.00161859718858231,0.293794101479175,1.00161990860465
541,"Muntjac","MJK",7,"slope + DE",-0.00254204894703797,0.283083886192131,0.997461181762743
542,"Muntjac","MJK",7,"slope + DE",-0.0170991593932134,0.289396112270371,0.983046212962523
543,"Muntjac","MJK",7,"slope + DE",-0.01838619580686,0.293693013170482,0.981781800061378
544,"Muntjac","MJK",7,"slope + DE",-0.0161156367311393,0.296468430038291,0.984013530837568
545,"Muntjac","MJK",7,"slope + DE",-0.00546884096583996,0.30130638841354,0.994546086552551
546,"Muntjac","MJK",7,"slope + DE",-0.0057043350059063,0.298620111728207,0.994311926522413
547,"Muntjac","MJK",7,"slope + DE",-0.0169631107391658,0.293505497908099,0.983179952749026
548,"Muntjac","MJK",7,"slope + DE",-0.0231455176974178,0.30528547379535,0.977120285144054
549,"Muntjac","MJK",7,"slope + DE",-0.0339434715003319,0.295008503779494,0.966626145269448
550,"Muntjac","MJK",7,"slope + DE",-0.0239458957744808,0.310748957654962,0.976338538145097
551,"Muntjac","MJK",7,"slope + DE",-0.0193638334543188,0.327605312460367,0.980822441610508
552,"Muntjac","MJK",7,"slope + DE",-0.00988541689206585,0.386732883296792,0.990163287245756
553,"Muntjac","MJK",7,"slope + DE",0.0160270719201671,0.498254578954257,1.0161561973526
554,"Muntjac","MJK",7,"slope + DE",0.0170041173414992,0.429875083205359,1.0171495354098
555,"Muntjac","MJK",7,"slope + DE",0.0282004369168478,0.40207262020854,1.02860183354187
556,"Muntjac","MJK",7,"slope + DE",0.0113674378392494,0.390523549509832,1.0114324107309
557,"Muntjac","MJK",7,"slope + DE",0.0130782418706327,0.373886234359359,1.01316413906097
558,"Muntjac","MJK",7,"slope + DE",0.0206083061099906,0.366091132955856,1.02082212425845
559,"Muntjac","MJK",7,"slope + DE",0.0182404103206717,0.35696430699413,1.01840779562424
560,"Muntjac","MJK",7,"slope + DE",0.0248100454823038,0.343708776438577,1.02512037602071
561,"Muntjac","MJK",7,"slope + DE",0.0252854317470438,0.337404072499724,1.02560782457965
562,"Muntjac","MJK",7,"slope + DE",0.0263692799421801,0.333700868059905,1.02672002611037
563,"Muntjac","MJK",7,"slope + DE",0.0309876913663289,0.334773123174871,1.03147281300977
564,"Muntjac","MJK",7,"slope + DE",0.0269177429455218,0.319776349772929,1.02728330663878
565,"Muntjac","MJK",7,"slope + DE",0.0244517708923109,0.312224476275574,1.02475316702777
566,"Muntjac","MJK",7,"slope + DE",0.0299609057262884,0.327121258165497,1.03041424991893
567,"Muntjac","MJK",7,"slope + DE",0.0288079595090042,0.314767004637105,1.02922697502547
568,"Muntjac","MJK",7,"slope + DE",0.0316200366916944,0.300702650929605,1.03212526107675
569,"Muntjac","MJK",7,"slope + DE",0.0296787026164011,0.301885616760884,1.03012350492461
570,"Muntjac","MJK",7,"slope + DE",0.0229112814109751,0.295095694822629,1.02317576341107
571,"Muntjac","MJK",7,"slope + DE",0.0181580008115722,0.293090480302705,1.01832386544408
572,"Muntjac","MJK",7,"slope + DE",0.00980491838578476,0.287411144612245,1.00985314830238
573,"Muntjac","MJK",7,"slope + DE",0.0111898474352756,0.29122792876123,1.01125268842867
574,"Muntjac","MJK",7,"slope + DE",0.00514264104730106,0.298521780514477,1.00515588776107
575,"Muntjac","MJK",7,"slope + DE",0.00601858373157829,0.298475527024593,1.00603673577934
576,"Muntjac","MJK",7,"slope + DE",0.00471167845663869,0.298725644318124,1.00472279601903
577,"Muntjac","MJK",7,"slope + DE",3.90819329252056e-05,0.293390469712274,1.00003908350143
578,"Muntjac","MJK",7,"slope + DE",-0.00747606495282227,0.296933463123316,0.99255181138077
579,"Muntjac","MJK",7,"slope + DE",-0.00578264970603127,0.303927762830165,0.99423403977904
580,"Muntjac","MJK",7,"slope + DE",-0.00311914915826821,0.301610126158099,0.996885714654737
581,"Muntjac","MJK",7,"slope + DE",-0.00719933677393117,0.321707814766722,0.992826516663461
582,"Muntjac","MJK",7,"slope + DE",-0.00511956799318036,0.356177065323857,0.994893518046929
583,"Muntjac","MJK",7,"slope + DE",0.0240641861957358,0.454027419464906,1.02435612805657
584,"Muntjac","MJK",7,"slope + DE",0.020459185578361,0.411181138751594,1.0206699093624
585,"Muntjac","MJK",7,"slope + DE",0.0221020773025215,0.384576159321084,1.02234813771621
586,"Muntjac","MJK",7,"slope + DE",0.024091912824417,0.382912068897428,1.02438448658282
587,"Muntjac","MJK",7,"slope + DE",0.0272571815906053,0.366586983362191,1.02763205760681
588,"Muntjac","MJK",7,"slope + DE",0.0224102542129378,0.348117669004325,1.02266325064816
589,"Muntjac","MJK",7,"slope + DE",0.0307768347793084,0.339769867720318,1.03125534999925
590,"Muntjac","MJK",7,"slope + DE",0.0231913639650201,0.331208542804548,1.02346239309651
591,"Muntjac","MJK",7,"slope + DE",0.0294360170471484,0.332670688525401,1.02987354024032
592,"Muntjac","MJK",7,"slope + DE",0.0307323971359742,0.327906650498383,1.03120951260994
593,"Muntjac","MJK",7,"slope + DE",0.036014702560335,0.318085613231177,1.03667108846591
594,"Muntjac","MJK",7,"slope + DE",0.0382728939676064,0.314446537637867,1.03901473541677
595,"Muntjac","MJK",7,"slope + DE",0.0447995881486922,0.307504561224772,1.04581824774674
596,"Muntjac","MJK",7,"slope + DE",0.0410512391874165,0.306488382521835,1.04190549056928
597,"Muntjac","MJK",7,"slope + DE",0.0364508815085719,0.305688177497171,1.03712336480008
598,"Muntjac","MJK",7,"slope + DE",0.0451960874743717,0.300090507122602,1.04623299804811
599,"Muntjac","MJK",7,"slope + DE",0.0464619545910402,0.296836080714948,1.0475582285932
600,"Muntjac","MJK",7,"slope + DE",0.0350466132008809,0.293308444405424,1.03566798361982
601,"Muntjac","MJK",7,"slope + DE",0.0382276231308417,0.293862177010548,1.03896769905134
602,"Muntjac","MJK",7,"slope + DE",0.0401252501850663,0.301015378256731,1.040941157542
603,"Muntjac","MJK",7,"slope + DE",0.0210344792337311,0.295570212403835,1.02125726361015
604,"Muntjac","MJK",7,"slope + DE",0.0155426928745456,0.29260862006739,1.01566411741418
605,"Muntjac","MJK",7,"slope + DE",0.0156553959249042,0.294547620561922,1.0157785961124
606,"Muntjac","MJK",7,"slope + DE",0.00851673116757568,0.291591003340209,1.00855310728132
607,"Muntjac","MJK",7,"slope + DE",0.00650859311186933,0.295303866601974,1.00652982706878
608,"Muntjac","MJK",7,"slope + DE",0.00483383922676071,0.298875069691413,1.0048455681225
609,"Muntjac","MJK",7,"slope + DE",0.00406065797443056,0.305982844601381,1.00406891367248
610,"Muntjac","MJK",7,"slope + DE",0.00131688343014615,0.307014871395159,1.00131775101126
611,"Muntjac","MJK",7,"slope + DE",0.00445924280584723,0.331095614326752,1.00446922272268
612,"Muntjac","MJK",7,"slope + DE",0.00725263560991512,0.352439802952945,1.00727900003591
613,"Muntjac","MJK",7,"slope + DE",0.0175494832374121,0.402266741925674,1.01770438217385
614,"Muntjac","MJK",7,"slope + DE",0.0311071565900563,0.396170583696185,1.03159604457548
615,"Muntjac","MJK",7,"slope + DE",0.0254773298685565,0.419075239974326,1.02580465303014
616,"Muntjac","MJK",7,"slope + DE",0.0284670990759473,0.450609022380827,1.02887615931112
617,"Muntjac","MJK",7,"slope + DE",0.0209608868633475,0.417113732332711,1.02118211060237
618,"Muntjac","MJK",7,"slope + DE",0.0221527530404188,0.385307724397892,1.02239994733708
619,"Muntjac","MJK",7,"slope + DE",0.0259665306412689,0.373624293083485,1.0263066081304
620,"Muntjac","MJK",7,"slope + DE",0.0288884291535178,0.359260796007746,1.02930974728059
621,"Muntjac","MJK",7,"slope + DE",0.0285764853788674,0.348937144380573,1.02898872289557
622,"Muntjac","MJK",7,"slope + DE",0.0263312337599169,0.344440070355873,1.02668096612904
623,"Muntjac","MJK",7,"slope + DE",0.0349322977895052,0.332800534447655,1.03554959817474
624,"Muntjac","MJK",7,"slope + DE",0.0290125662804934,0.332871100751091,1.02943753062946
625,"Muntjac","MJK",7,"slope + DE",0.0361818596680853,0.319089531867881,1.03684439060085
626,"Muntjac","MJK",7,"slope + DE",0.0381681882379339,0.323659860322938,1.03890595260964
627,"Muntjac","MJK",7,"slope + DE",0.0323219807887688,0.313041208791038,1.03285002107848
628,"Muntjac","MJK",7,"slope + DE",0.0405838133844873,0.315092412270787,1.04141861028391
629,"Muntjac","MJK",7,"slope + DE",0.0494963835267453,0.321411821870734,1.05074180836024
630,"Muntjac","MJK",7,"slope + DE",0.04523581642291,0.313495801262518,1.04627455985091
631,"Muntjac","MJK",7,"slope + DE",0.055137722754005,0.30326066165474,1.0566861344317
632,"Muntjac","MJK",7,"slope + DE",0.0698029382889155,0.297621161121453,1.07229685815721
633,"Muntjac","MJK",7,"slope + DE",0.0839932025067645,0.288796318489026,1.08762151102559
634,"Muntjac","MJK",7,"slope + DE",0.0846005604692847,0.291884088875009,1.08828227708207
635,"Muntjac","MJK",7,"slope + DE",0.060198202094846,0.292492794152775,1.06204702563272
636,"Muntjac","MJK",7,"slope + DE",0.0477222726678305,0.289801331745775,1.04887932371897
637,"Muntjac","MJK",7,"slope + DE",0.035343052698732,0.290647375498313,1.0359750418812
638,"Muntjac","MJK",7,"slope + DE",0.0207018282109045,0.281770606302964,1.02091759784313
639,"Muntjac","MJK",7,"slope + DE",0.0213742845210971,0.278991951770136,1.02160435427111
640,"Muntjac","MJK",7,"slope + DE",0.0163675679916942,0.278927045363149,1.01650225192337
641,"Muntjac","MJK",7,"slope + DE",0.0189449631152726,0.295592598943235,1.01912556004029
642,"Muntjac","MJK",7,"slope + DE",0.0128545541357119,0.299393030210011,1.01293753802972
643,"Muntjac","MJK",7,"slope + DE",0.00602569928158349,0.308249704588307,1.0060438903736
644,"Muntjac","MJK",7,"slope + DE",0.008984395297019,0.31980571355876,1.00902487655177
645,"Muntjac","MJK",7,"slope + DE",0.0122660407039996,0.332571006395088,1.0123415771109
646,"Muntjac","MJK",7,"slope + DE",0.0225320105097505,0.35270583049589,1.02278777580782
647,"Muntjac","MJK",7,"slope + DE",0.0305170396183573,0.352272720179929,1.03098747999576
648,"Muntjac","MJK",7,"slope + DE",0.0333288755775584,0.3663006669821,1.03389050469281
649,"Muntjac","MJK",7,"slope + DE",0.03759047314325,0.377195544859663,1.03830594520922
650,"Muntjac","MJK",7,"slope + DE",0.0372059896909991,0.389661452752465,1.03790679757092
651,"Muntjac","MJK",7,"slope + DE",0.0334719598453045,0.419084910187846,1.03403846298473
652,"Muntjac","MJK",7,"slope + DE",0.0276334013667239,0.432722560710499,1.02801874528253
653,"Muntjac","MJK",7,"slope + DE",0.0427666359514974,0.46789215422994,1.04369436002826
654,"Muntjac","MJK",7,"slope + DE",0.0213984255172316,0.539663905736847,1.02162901478816
655,"Muntjac","MJK",7,"slope + DE",0.0257261711001335,0.430179404253756,1.02605994537462
656,"Muntjac","MJK",7,"slope + DE",0.0278156233162725,0.393287773597082,1.02820608973687
657,"Muntjac","MJK",7,"slope + DE",0.0237730049824535,0.371200955219202,1.02405785784319
658,"Muntjac","MJK",7,"slope + DE",0.0334231289420829,0.361259610137143,1.03398795740699
659,"Muntjac","MJK",7,"slope + DE",0.0271961338663743,0.347603715989317,1.02756932424428
660,"Muntjac","MJK",7,"slope + DE",0.0239026675219733,0.335510133444322,1.024190626641
661,"Muntjac","MJK",7,"slope + DE",0.0303586210638394,0.337231598262954,1.03082414724334
662,"Muntjac","MJK",7,"slope + DE",0.0310982713479086,0.33220861001802,1.03158687441336
663,"Muntjac","MJK",7,"slope + DE",0.0357163317149554,0.335899677065515,1.03636182306587
664,"Muntjac","MJK",7,"slope + DE",0.0361894219165308,0.315505939664283,1.03685223115665
665,"Muntjac","MJK",7,"slope + DE",0.0412766713129247,0.318038477807741,1.04214039860953
666,"Muntjac","MJK",7,"slope + DE",0.0434824883718208,0.309700214587525,1.04444171482568
667,"Muntjac","MJK",7,"slope + DE",0.0581675612923166,0.317997714508261,1.05989262654955
668,"Muntjac","MJK",7,"slope + DE",0.0585923323303802,0.300063201879597,1.06034288521314
669,"Muntjac","MJK",7,"slope + DE",0.062041358012985,0.300282835400184,1.06400637210264
670,"Muntjac","MJK",7,"slope + DE",0.0961877227691584,0.292818707564978,1.10096573429366
671,"Muntjac","MJK",7,"slope + DE",0.16496021996611,0.283292596165211,1.17934620675224
672,"Muntjac","MJK",7,"slope + DE",0.147583605558023,0.294052298576739,1.15903019993215
673,"Muntjac","MJK",7,"slope + DE",0.0824377795029617,0.294446290200767,1.08593118981458
674,"Muntjac","MJK",7,"slope + DE",0.0582939867792428,0.28643888695373,1.06002658677844
675,"Muntjac","MJK",7,"slope + DE",0.0444027000113201,0.280872528103334,1.04540325406233
676,"Muntjac","MJK",7,"slope + DE",0.0332879358852116,0.281877785687448,1.03384819192306
677,"Muntjac","MJK",7,"slope + DE",0.0422860799830128,0.253629009023596,1.04319287414599
678,"Muntjac","MJK",7,"slope + DE",0.0303282320936725,0.26191227527102,1.03079286094334
679,"Muntjac","MJK",7,"slope + DE",0.0180777168775763,0.287916474512125,1.01824210854387
680,"Muntjac","MJK",7,"slope + DE",0.019004823073683,0.299980831328823,1.01918656597724
681,"Muntjac","MJK",7,"slope + DE",0.0140502023615043,0.310963302583049,1.01414937146589
682,"Muntjac","MJK",7,"slope + DE",0.0264493536985072,0.320671786801572,1.02680224776854
683,"Muntjac","MJK",7,"slope + DE",0.0224666862208923,0.325718293920524,1.02272104049709
684,"Muntjac","MJK",7,"slope + DE",0.027300845450975,0.333299197344323,1.0276769334116
685,"Muntjac","MJK",7,"slope + DE",0.0285477135655118,0.342843402248432,1.02895911663598
686,"Muntjac","MJK",7,"slope + DE",0.0349193802945872,0.349660242709907,1.03553623091307
687,"Muntjac","MJK",7,"slope + DE",0.0334885347117691,0.354175015412666,1.03405561263373
688,"Muntjac","MJK",7,"slope + DE",0.0315929717395264,0.363188754017527,1.03209732703343
689,"Muntjac","MJK",7,"slope + DE",0.0357617809132346,0.371139092857611,1.03640892523874
690,"Muntjac","MJK",7,"slope + DE",0.0359503050015597,0.378963021102234,1.03660433285124
691,"Muntjac","MJK",7,"slope + DE",0.0253302282949153,0.41068010738394,1.0256537696068
692,"Muntjac","MJK",7,"slope + DE",0.029107660459541,0.460090774699191,1.02953548698694
693,"Muntjac","MJK",7,"slope + DE",0.0226613891159085,0.438117928628412,1.022920112756
694,"Muntjac","MJK",7,"slope + DE",0.0263522810772829,0.382880682869048,1.02670257266162
695,"Muntjac","MJK",7,"slope + DE",0.0307051198114638,0.372716361417708,1.03118138589893
696,"Muntjac","MJK",7,"slope + DE",0.0322888018869323,0.360696456664101,1.03281579701846
697,"Muntjac","MJK",7,"slope + DE",0.0289014341808762,0.352394927482992,1.02932317959015
698,"Muntjac","MJK",7,"slope + DE",0.030445006451212,0.345141187862758,1.03091322193384
699,"Muntjac","MJK",7,"slope + DE",0.038095891112958,0.332820866067602,1.03883084680888
700,"Muntjac","MJK",7,"slope + DE",0.0256315217614259,0.335292102263068,1.02596283384981
701,"Muntjac","MJK",7,"slope + DE",0.0353494080566352,0.32460075356935,1.03598164198535
702,"Muntjac","MJK",7,"slope + DE",0.039859121308982,0.320408699381744,1.04066417490248
703,"Muntjac","MJK",7,"slope + DE",0.0455230044496494,0.32343653151383,1.04657508654815
704,"Muntjac","MJK",7,"slope + DE",0.0436777985452726,0.317328026605896,1.04464575132244
705,"Muntjac","MJK",7,"slope + DE",0.0579397130331574,0.319863229927801,1.05965111691345
706,"Muntjac","MJK",7,"slope + DE",0.0626513432153615,0.307116163566853,1.06465562853222
707,"Muntjac","MJK",7,"slope + DE",0.0776804712679662,0.302620489463533,1.08077726524738
708,"Muntjac","MJK",7,"slope + DE",0.110489691029353,0.286467583803573,1.11682483703113
709,"Muntjac","MJK",7,"slope + DE",0.169650808706348,0.276194945783885,1.18489102894307
710,"Muntjac","MJK",7,"slope + DE",0.137392754320921,0.291104035390499,1.14727866337788
711,"Muntjac","MJK",7,"slope + DE",0.089040505265555,0.294178285780086,1.09312499441716
712,"Muntjac","MJK",7,"slope + DE",0.0613814962289741,0.291373860831794,1.06330448350662
713,"Muntjac","MJK",7,"slope + DE",0.0488932574691553,0.278731140657265,1.05010825359758
714,"Muntjac","MJK",7,"slope + DE",0.0474919005939382,0.279974192804264,1.04863771056832
715,"Muntjac","MJK",7,"slope + DE",0.0581559104065099,0.249477950111609,1.05988023035596
716,"Muntjac","MJK",7,"slope + DE",0.0444441489222375,0.264941021290339,1.04544658693615
717,"Muntjac","MJK",7,"slope + DE",0.0320893248561319,0.292784268159457,1.03260974850448
718,"Muntjac","MJK",7,"slope + DE",0.0253288189678408,0.300756256182279,1.02565232447591
719,"Muntjac","MJK",7,"slope + DE",0.024232987155838,0.310103262953461,1.02452899404305
720,"Muntjac","MJK",7,"slope + DE",0.0308870091413685,0.318654583406357,1.03136896224604
721,"Muntjac","MJK",7,"slope + DE",0.0303222051309026,0.321296475776511,1.03078660657462
722,"Muntjac","MJK",7,"slope + DE",0.0277011504194709,0.324922175219419,1.02808839712377
723,"Muntjac","MJK",7,"slope + DE",0.0336627129895288,0.334290125399099,1.03423571368702
724,"Muntjac","MJK",7,"slope + DE",0.0330104416433427,0.339742621436983,1.03356135636336
725,"Muntjac","MJK",7,"slope + DE",0.0302748055903852,0.349154614470631,1.03073774781012
726,"Muntjac","MJK",7,"slope + DE",0.0358509369885921,0.35066088641687,1.03650133099967
727,"Muntjac","MJK",7,"slope + DE",0.0370756389706234,0.352175182387499,1.03777152142434
728,"Muntjac","MJK",7,"slope + DE",0.0235216106155068,0.371567614037754,1.02380042757376
729,"Muntjac","MJK",7,"slope + DE",0.0293018198097724,0.383017065718465,1.02973534634835
730,"Muntjac","MJK",7,"slope + DE",0.0331040089367669,0.406066294296735,1.03365804388999
731,"Muntjac","MJK",7,"slope + DE",0.0224606936151672,0.427922087406694,1.02271485912259
732,"Muntjac","MJK",7,"slope + DE",0.0301184017932715,0.385400149743627,1.03057655133583
733,"Muntjac","MJK",7,"slope + DE",0.0316402638088933,0.36552981747967,1.03214613869086
734,"Muntjac","MJK",7,"slope + DE",0.038068453422874,0.36588822551024,1.0388023400383
735,"Muntjac","MJK",7,"slope + DE",0.0406554220495076,0.351034565085306,1.04149316939819
736,"Muntjac","MJK",7,"slope + DE",0.0432408167918074,0.34542883014797,1.04418932586174
737,"Muntjac","MJK",7,"slope + DE",0.0404400417572442,0.329994019942069,1.04126887550832
738,"Muntjac","MJK",7,"slope + DE",0.0405801051195576,0.325036607990155,1.04141472909417
739,"Muntjac","MJK",7,"slope + DE",0.0320052329545088,0.322267361307046,1.03252293180095
740,"Muntjac","MJK",7,"slope + DE",0.0465864907960003,0.319071769253526,1.04768871968222
741,"Muntjac","MJK",7,"slope + DE",0.0534277685829038,0.32374880259756,1.05488079856452
742,"Muntjac","MJK",7,"slope + DE",0.0479055240723565,0.316296673933174,1.04907156518468
743,"Muntjac","MJK",7,"slope + DE",0.0526413624645014,0.322741948294876,1.05405156247508
744,"Muntjac","MJK",7,"slope + DE",0.0654155634821054,0.310797792629794,1.06760267319204
745,"Muntjac","MJK",7,"slope + DE",0.0814752822112549,0.310030557235422,1.08488640306568
746,"Muntjac","MJK",7,"slope + DE",0.0917086724023678,0.295090314374807,1.09604547659024
747,"Muntjac","MJK",7,"slope + DE",0.111652029109945,0.291809681441528,1.11812372534124
748,"Muntjac","MJK",7,"slope + DE",0.10541205404165,0.293515088275175,1.11116838337752
749,"Muntjac","MJK",7,"slope + DE",0.0846988149666467,0.287355001961958,1.08838921081801
750,"Muntjac","MJK",7,"slope + DE",0.0681840901384282,0.291304588576958,1.07056237031798
751,"Muntjac","MJK",7,"slope + DE",0.0555147514543833,0.282732843038248,1.05708462435195
752,"Muntjac","MJK",7,"slope + DE",0.0474018453070182,0.286226972310537,1.04854327676284
753,"Muntjac","MJK",7,"slope + DE",0.04381019771856,0.280882335523621,1.04478403465676
754,"Muntjac","MJK",7,"slope + DE",0.0409564005418424,0.282523419379441,1.04180668300873
755,"Muntjac","MJK",7,"slope + DE",0.0357602466392521,0.290007755508618,1.0364073546508
756,"Muntjac","MJK",7,"slope + DE",0.0302917323930787,0.298412857452508,1.03075519729499
757,"Muntjac","MJK",7,"slope + DE",0.0234029879389844,0.311453788833398,1.02367898680842
758,"Muntjac","MJK",7,"slope + DE",0.0255710144691811,0.305060249378084,1.02590075758695
759,"Muntjac","MJK",7,"slope + DE",0.0355587145597478,0.314943988666432,1.03619848790741
760,"Muntjac","MJK",7,"slope + DE",0.0345253043968905,0.325463369987851,1.03512822168558
761,"Muntjac","MJK",7,"slope + DE",0.0284878924359099,0.327236058674053,1.02889755615234
762,"Muntjac","MJK",7,"slope + DE",0.0394030522540265,0.328634232168771,1.0401896807899
763,"Muntjac","MJK",7,"slope + DE",0.0399934728205776,0.332068670152364,1.04080399598115
764,"Muntjac","MJK",7,"slope + DE",0.0306016009899897,0.346198265640958,1.03107464849805
765,"Muntjac","MJK",7,"slope + DE",0.0320424809518515,0.359548796070747,1.03256136856521
766,"Muntjac","MJK",7,"slope + DE",0.0339974482778204,0.354588404486903,1.03458196903432
767,"Muntjac","MJK",7,"slope + DE",0.0353348485373848,0.36501964785742,1.03596657569291
768,"Muntjac","MJK",7,"slope + DE",0.0235493465736459,0.391966128811811,1.02382882413558
769,"Muntjac","MJK",7,"slope + DE",0.02443255425343,0.403149324647521,1.02473347894951
770,"Muntjac","MJK",7,"slope + DE",0.0310055239997565,0.433461635031705,1.03149128327176
771,"Muntjac","MJK",7,"slope + DE",0.03789068148893,0.447284673769935,1.03861768891303
772,"Muntjac","MJK",7,"slope + DE",0.0282749838434298,0.464316605168842,1.02867851869504
773,"Muntjac","MJK",7,"slope + DE",0.029788122732302,0.504684988861098,1.03023624575655
774,"Muntjac","MJK",7,"slope + DE",0.0269648978884822,0.52082225079515,1.02733174062095
775,"Muntjac","MJK",7,"slope + DE",0.0213484654544735,0.582378903644879,1.0215779767858
776,"Muntjac","MJK",7,"slope + DE",0.0348144444657487,0.440093223980855,1.03542758575086
777,"Muntjac","MJK",7,"slope + DE",0.036369342604863,0.3880309704803,1.03703879879144
778,"Muntjac","MJK",7,"slope + DE",0.0309769766873074,0.365132354713459,1.03146175884657
779,"Muntjac","MJK",7,"slope + DE",0.0377295628270141,0.351416349784488,1.03845036197874
780,"Muntjac","MJK",7,"slope + DE",0.0386619524995902,0.348981037292654,1.03941905260899
781,"Muntjac","MJK",7,"slope + DE",0.0417253723979152,0.338716868547995,1.04260811968922
782,"Muntjac","MJK",7,"slope + DE",0.0365077668831563,0.334235980328526,1.03718236136715
783,"Muntjac","MJK",7,"slope + DE",0.045243670218299,0.328858909288643,1.04628277935536
784,"Muntjac","MJK",7,"slope + DE",0.0455498417467841,0.333078365035277,1.04660319728774
785,"Muntjac","MJK",7,"slope + DE",0.0374647069952762,0.320530041630965,1.03817541270963
786,"Muntjac","MJK",7,"slope + DE",0.0534778079390325,0.312024734569662,1.05493358038887
787,"Muntjac","MJK",7,"slope + DE",0.0543283662421471,0.322544108617041,1.05583124488281
788,"Muntjac","MJK",7,"slope + DE",0.0538658773219057,0.30332806985386,1.05534304768726
789,"Muntjac","MJK",7,"slope + DE",0.0625847055815145,0.309106990448053,1.06458477025685
790,"Muntjac","MJK",7,"slope + DE",0.0742262213255507,0.304879016266015,1.07705043003996
791,"Muntjac","MJK",7,"slope + DE",0.0792716476495463,0.304654214462739,1.08249834290735
792,"Muntjac","MJK",7,"slope + DE",0.0866900618071393,0.296563697510474,1.09055863331932
793,"Muntjac","MJK",7,"slope + DE",0.08690386332623,0.29444872011859,1.09079182969852
794,"Muntjac","MJK",7,"slope + DE",0.080003882433272,0.291238934511202,1.08329127828239
795,"Muntjac","MJK",7,"slope + DE",0.064627628956645,0.281878513910234,1.06676172029016
796,"Muntjac","MJK",7,"slope + DE",0.0520377531141981,0.28702376620784,1.05341551866744
797,"Muntjac","MJK",7,"slope + DE",0.0494608445652598,0.282786932670102,1.0507044506326
798,"Muntjac","MJK",7,"slope + DE",0.0419548229556856,0.285461433631587,1.04284740249778
799,"Muntjac","MJK",7,"slope + DE",0.0476849940758506,0.297455767316362,1.04884021318313
800,"Muntjac","MJK",7,"slope + DE",0.0460325574521673,0.294755663282415,1.04710854575661
801,"Muntjac","MJK",7,"slope + DE",0.0426148266185446,0.300615755285351,1.04353597487654
802,"Muntjac","MJK",7,"slope + DE",0.0261379283580965,0.307149421498287,1.02648252269287
803,"Muntjac","MJK",7,"slope + DE",0.0339744174805947,0.306492081495493,1.03455813979442
804,"Muntjac","MJK",7,"slope + DE",0.0346212968497139,0.312076780701325,1.03522759932441
805,"Muntjac","MJK",7,"slope + DE",0.0311883784966122,0.322890509491717,1.03167986168113
806,"Muntjac","MJK",7,"slope + DE",0.033612324179102,0.320029600977004,1.03418360169248
807,"Muntjac","MJK",7,"slope + DE",0.0341826061632741,0.326609812683063,1.03477354552153
808,"Muntjac","MJK",7,"slope + DE",0.0335222908534902,0.326073855042495,1.03409049657401
809,"Muntjac","MJK",7,"slope + DE",0.0339473670285454,0.339905743484577,1.03453016007635
810,"Muntjac","MJK",7,"slope + DE",0.0321855860455808,0.347756704586512,1.03270914417024
811,"Muntjac","MJK",7,"slope + DE",0.0414367796071805,0.355539279861943,1.04230726470128
812,"Muntjac","MJK",7,"slope + DE",0.0421920799166107,0.351856948029956,1.04309482133895
813,"Muntjac","MJK",7,"slope + DE",0.0353253774409881,0.364292607940292,1.03595673096674
814,"Muntjac","MJK",7,"slope + DE",0.0320455294731845,0.367146094748189,1.03256455542356
815,"Muntjac","MJK",7,"slope + DE",0.0325220691477548,0.384984140853212,1.03305669165999
816,"Muntjac","MJK",7,"slope + DE",0.0279928357861731,0.402332023616951,1.02838843103791
817,"Muntjac","MJK",7,"slope + DE",0.018148541597368,0.422476449944335,1.01831423627594
818,"Muntjac","MJK",7,"slope + DE",0.0236046689614418,0.445989929192636,1.02388551613604
819,"Muntjac","MJK",7,"slope + DE",0.0361658542933204,0.481814011880998,1.03682782277397
820,"Muntjac","MJK",7,"slope + DE",0.0315500385589199,0.544369551729496,1.03205316005686
821,"Muntjac","MJK",7,"slope + DE",0.035651288149718,0.461137726630385,1.03629443087358
822,"Muntjac","MJK",7,"slope + DE",0.0386691534357595,0.398168665101934,1.03942654786945
823,"Muntjac","MJK",7,"slope + DE",0.0425175023708181,0.36419920784295,1.04343432036942
824,"Muntjac","MJK",7,"slope + DE",0.0317457631135277,0.363172746817152,1.03225503672034
825,"Muntjac","MJK",7,"slope + DE",0.0442210530572912,0.353697813433177,1.04521337699372
826,"Muntjac","MJK",7,"slope + DE",0.0328312766260815,0.347574673792217,1.03337616984616
827,"Muntjac","MJK",7,"slope + DE",0.0489706115536392,0.335704493591206,1.05018948805317
828,"Muntjac","MJK",7,"slope + DE",0.0394162288763704,0.325257250657366,1.04020336257582
829,"Muntjac","MJK",7,"slope + DE",0.0441121038184568,0.328679182425149,1.04509952016076
830,"Muntjac","MJK",7,"slope + DE",0.0453095517172577,0.323227908889011,1.04635171084639
831,"Muntjac","MJK",7,"slope + DE",0.0410666478412138,0.31565901392992,1.04192155605295
832,"Muntjac","MJK",7,"slope + DE",0.0564097433355273,0.309138409031202,1.05803111697181
833,"Muntjac","MJK",7,"slope + DE",0.0630922200418038,0.310695198212131,1.06512507958928
834,"Muntjac","MJK",7,"slope + DE",0.0600220400905589,0.301857769168022,1.06185995514079
835,"Muntjac","MJK",7,"slope + DE",0.0693865297849087,0.309210922103749,1.07185043251921
836,"Muntjac","MJK",7,"slope + DE",0.0764113650489849,0.300782750151874,1.07940652513714
837,"Muntjac","MJK",7,"slope + DE",0.075662581053528,0.297524351355035,1.07859859654096
838,"Muntjac","MJK",7,"slope + DE",0.0644929570555934,0.283312133640959,1.06661827783538
839,"Muntjac","MJK",7,"slope + DE",0.0605898201839445,0.284668967889517,1.0624630261295
840,"Muntjac","MJK",7,"slope + DE",0.0580875671951498,0.286185590345113,1.05980780183629
841,"Muntjac","MJK",7,"slope + DE",0.0551252222647914,0.284611133171951,1.05667293817428
842,"Muntjac","MJK",7,"slope + DE",0.0554774955887373,0.295267868854302,1.05704522878036
843,"Muntjac","MJK",7,"slope + DE",0.0538835448904578,0.292431622980918,1.0553616929757
844,"Muntjac","MJK",7,"slope + DE",0.0490324771732185,0.281658573753002,1.0502544613991
845,"Muntjac","MJK",7,"slope + DE",0.046999093571771,0.290203511120832,1.04812108496466
846,"Muntjac","MJK",7,"slope + DE",0.043093396943376,0.298232514427266,1.04403540018354
847,"Muntjac","MJK",7,"slope + DE",0.0380564424531397,0.30289360260483,1.0387898658415
848,"Muntjac","MJK",7,"slope + DE",0.03909596743921,0.314079830234001,1.03987028198763
849,"Muntjac","MJK",7,"slope + DE",0.0301340198311099,0.311004081937419,1.03059264471928
850,"Muntjac","MJK",7,"slope + DE",0.0313561617282914,0.315205512309158,1.03185294499
851,"Muntjac","MJK",7,"slope + DE",0.0343859890722003,0.329488692786331,1.03498403659679
852,"Muntjac","MJK",7,"slope + DE",0.0372515439753101,0.33143766950975,1.03795407918417
853,"Muntjac","MJK",7,"slope + DE",0.0421294325546059,0.335505367896301,1.04302948095063
854,"Muntjac","MJK",7,"slope + DE",0.0296223494491095,0.336092428289961,1.03006545880314
855,"Muntjac","MJK",7,"slope + DE",0.0332622669630504,0.338422172642198,1.03382164232048
856,"Muntjac","MJK",7,"slope + DE",0.0323130948718882,0.346284544813135,1.03284084645806
857,"Muntjac","MJK",7,"slope + DE",0.0378669327633714,0.355966195811147,1.03859314678929
858,"Muntjac","MJK",7,"slope + DE",0.031593451260532,0.370897855438636,1.03209782195525
859,"Muntjac","MJK",7,"slope + DE",0.0321304578768261,0.369813062801274,1.03265222010336
860,"Muntjac","MJK",7,"slope + DE",0.0335991843960194,0.372154635051151,1.03417001262857
861,"Muntjac","MJK",7,"slope + DE",0.033500977286081,0.392938413620742,1.03406845486263
862,"Muntjac","MJK",7,"slope + DE",0.031438748900411,0.411102301846771,1.03193816695885
863,"Muntjac","MJK",7,"slope + DE",0.0277150606577585,0.424600527576367,1.02810271342247
864,"Muntjac","MJK",7,"slope + DE",0.0329214055625968,0.446845147010275,1.03346932023095
865,"Muntjac","MJK",7,"slope + DE",0.0341291451401917,0.417303069328386,1.03471822693354
866,"Muntjac","MJK",7,"slope + DE",0.0433085110478362,0.381292656110822,1.04426001097522
867,"Muntjac","MJK",7,"slope + DE",0.0337717004321719,0.360844098388951,1.03434844619546
868,"Muntjac","MJK",7,"slope + DE",0.0410831397933273,0.35735480621652,1.04193872947286
869,"Muntjac","MJK",7,"slope + DE",0.0482060251431819,0.344615676773902,1.04938684092434
870,"Muntjac","MJK",7,"slope + DE",0.0377032961663527,0.334112247906966,1.03842310891065
871,"Muntjac","MJK",7,"slope + DE",0.0473513028472653,0.325925133006042,1.04849028435195
872,"Muntjac","MJK",7,"slope + DE",0.0477815509368802,0.322930459338351,1.04894149407688
873,"Muntjac","MJK",7,"slope + DE",0.0506199717028836,0.319449562534608,1.05192306742851
874,"Muntjac","MJK",7,"slope + DE",0.0543183109199353,0.316419686835679,1.05582065603644
875,"Muntjac","MJK",7,"slope + DE",0.061300856844522,0.316181545040292,1.06321874387435
876,"Muntjac","MJK",7,"slope + DE",0.0604989147762997,0.309254163119114,1.06236644562092
877,"Muntjac","MJK",7,"slope + DE",0.0548060783252745,0.296170687033865,1.05633575846159
878,"Muntjac","MJK",7,"slope + DE",0.0543786428579066,0.298755776733206,1.05588433317884
879,"Muntjac","MJK",7,"slope + DE",0.0629844953777881,0.298800958602773,1.0650103502961
880,"Muntjac","MJK",7,"slope + DE",0.0515013347491665,0.288659855548211,1.052850631723
881,"Muntjac","MJK",7,"slope + DE",0.0562580570038912,0.27159440033309,1.05787063944384
882,"Muntjac","MJK",7,"slope + DE",0.0555043744158985,0.281506474137316,1.0570736413507
883,"Muntjac","MJK",7,"slope + DE",0.0551022857812496,0.287141791054483,1.05664868937011
884,"Muntjac","MJK",7,"slope + DE",0.0530324497610922,0.290345552858969,1.05446386229553
885,"Muntjac","MJK",7,"slope + DE",0.0537883702032912,0.29348474058898,1.05526125410794
886,"Muntjac","MJK",7,"slope + DE",0.065348338793252,0.293633758511327,1.06753082730946
887,"Muntjac","MJK",7,"slope + DE",0.06364767825438,0.286572536378028,1.06571686041003
888,"Muntjac","MJK",7,"slope + DE",0.0576742425052475,0.288023157818501,1.05936984182985
889,"Muntjac","MJK",7,"slope + DE",0.0477463916229717,0.289679499404393,1.04890461348383
890,"Muntjac","MJK",7,"slope + DE",0.0471363867416331,0.301616066665014,1.04826499773545
891,"Muntjac","MJK",7,"slope + DE",0.0316680215682786,0.31632900329995,1.03217478873507
892,"Muntjac","MJK",7,"slope + DE",0.0341130069455723,0.312579228125651,1.03470152859472
893,"Muntjac","MJK",7,"slope + DE",0.0344437407943531,0.325693550414423,1.03504379906189
894,"Muntjac","MJK",7,"slope + DE",0.0306872373960085,0.325821959278145,1.03116294492416
895,"Muntjac","MJK",7,"slope + DE",0.033460164704532,0.331209931897471,1.03402625222502
896,"Muntjac","MJK",7,"slope + DE",0.0340166429246834,0.331853053225427,1.0346019247373
897,"Muntjac","MJK",7,"slope + DE",0.0252712712855679,0.337514646353473,1.02559330664885
898,"Muntjac","MJK",7,"slope + DE",0.0325586742043893,0.339346718553826,1.0330945091781
899,"Muntjac","MJK",7,"slope + DE",0.0380809695509677,0.346997545699519,1.0388153429125
900,"Muntjac","MJK",7,"slope + DE",0.0343333682604597,0.362389111766658,1.03492956285515
901,"Muntjac","MJK",7,"slope + DE",0.0379003714003807,0.364084851277826,1.0386277614725
902,"Muntjac","MJK",7,"slope + DE",0.0331150185625885,0.371262205761654,1.03366945131567
903,"Muntjac","MJK",7,"slope + DE",0.0306031252302051,0.375050449569865,1.03107622053523
904,"Muntjac","MJK",7,"slope + DE",0.024374310199305,0.384462772120945,1.02467379208588
905,"Muntjac","MJK",7,"slope + DE",0.028548545634923,0.396672265716096,1.02895997020817
906,"Muntjac","MJK",7,"slope + DE",0.0314538739404945,0.417130288192559,1.03195377454656
907,"Muntjac","MJK",7,"slope + DE",0.025743791070374,0.429137794629679,1.02607802451479
908,"Muntjac","MJK",7,"slope + DE",0.0215710442122465,0.477493565306995,1.02180538111981
909,"Muntjac","MJK",7,"slope + DE",0.0320762319862242,0.436576446723442,1.03259622138013
910,"Muntjac","MJK",7,"slope + DE",0.0425272815991852,0.386688074513579,1.043444589294
911,"Muntjac","MJK",7,"slope + DE",0.0375866093970627,0.377036689298767,1.03830192238269
912,"Muntjac","MJK",7,"slope + DE",0.0377087167063558,0.357043596309983,1.03842871894511
913,"Muntjac","MJK",7,"slope + DE",0.0402002042510874,0.341876875872183,1.0410191700403
914,"Muntjac","MJK",7,"slope + DE",0.0507947140585173,0.333830844318923,1.05210689258763
915,"Muntjac","MJK",7,"slope + DE",0.0553677367369793,0.329664947896419,1.05692921492883
916,"Muntjac","MJK",7,"slope + DE",0.0478793411562719,0.333174647764582,1.04904410243204
917,"Muntjac","MJK",7,"slope + DE",0.0499182064601211,0.329453330094909,1.05118520806233
918,"Muntjac","MJK",7,"slope + DE",0.0529840374993759,0.323068257478833,1.05441281431284
919,"Muntjac","MJK",7,"slope + DE",0.0538908663011637,0.3178488919912,1.05536942578493
920,"Muntjac","MJK",7,"slope + DE",0.0567184123770286,0.30514102403723,1.0583577494053
921,"Muntjac","MJK",7,"slope + DE",0.0558547585667654,0.293578729385592,1.05744409193309
922,"Muntjac","MJK",7,"slope + DE",0.0564700504942606,0.296170931508229,1.05809492829561
923,"Muntjac","MJK",7,"slope + DE",0.0489311724729487,0.282917866743779,1.05014807065508
924,"Muntjac","MJK",7,"slope + DE",0.0399831671499536,0.250619463373339,1.04079326423114
925,"Muntjac","MJK",7,"slope + DE",0.0425043350637088,0.24126555216594,1.04342057965973
926,"Muntjac","MJK",7,"slope + DE",0.0502129093090798,0.27693655514482,1.05149494798963
927,"Muntjac","MJK",7,"slope + DE",0.0531740415649526,0.292666127212308,1.05461319107029
928,"Muntjac","MJK",7,"slope + DE",0.0476259912197963,0.290069023885998,1.04877833005397
929,"Muntjac","MJK",7,"slope + DE",0.039669602850645,0.294339961036936,1.04046695115257
930,"Muntjac","MJK",7,"slope + DE",0.0478373329189751,0.287866612115136,1.04900000984809
931,"Muntjac","MJK",7,"slope + DE",0.074331394763883,0.272059024232821,1.07716371596951
932,"Muntjac","MJK",7,"slope + DE",0.0949603519778608,0.2504520796792,1.09961525710151
933,"Muntjac","MJK",7,"slope + DE",0.0568109747079905,0.293126952439581,1.05845577559975
934,"Muntjac","MJK",7,"slope + DE",0.0407376857613724,0.302531821872118,1.04157885978171
935,"Muntjac","MJK",7,"slope + DE",0.0344213425592834,0.310127809623333,1.03502061310626
936,"Muntjac","MJK",7,"slope + DE",0.0307964466652869,0.309403550754121,1.03127556708169
937,"Muntjac","MJK",7,"slope + DE",0.0307969520071615,0.312833519532259,1.03127611661132
938,"Muntjac","MJK",7,"slope + DE",0.0308784644145622,0.324390873057387,1.03136014937005
939,"Muntjac","MJK",7,"slope + DE",0.0261545808167294,0.317419936510766,1.02649963429394
940,"Muntjac","MJK",7,"slope + DE",0.0304443596081825,0.324731932464386,1.03091252818676
941,"Muntjac","MJK",7,"slope + DE",0.0294628706562526,0.336119679781351,1.02990119548105
942,"Muntjac","MJK",7,"slope + DE",0.0297303249042113,0.346528821017861,1.03017669037067
943,"Muntjac","MJK",7,"slope + DE",0.0416282658926755,0.345905245606721,1.04250687869843
944,"Muntjac","MJK",7,"slope + DE",0.0350793270025342,0.360372685013645,1.03570202689786
945,"Muntjac","MJK",7,"slope + DE",0.0425116641344662,0.364810117889176,1.04342822699653
946,"Muntjac","MJK",7,"slope + DE",0.0383076617072566,0.375533715978944,1.03905087769593
947,"Muntjac","MJK",7,"slope + DE",0.0477117723773414,0.367049213525596,1.04886831145059
948,"Muntjac","MJK",7,"slope + DE",0.0329511599103822,0.378861903188691,1.03350006696629
949,"Muntjac","MJK",7,"slope + DE",0.0262388161208769,0.392332031896799,1.02658609537153
950,"Muntjac","MJK",7,"slope + DE",0.0291915398336479,0.398593278111233,1.02962179045002
951,"Muntjac","MJK",7,"slope + DE",0.0180143440010717,0.416953228025961,1.01817758122991
952,"Muntjac","MJK",7,"slope + DE",0.0181590665720513,0.433368087281608,1.0183249666224
953,"Muntjac","MJK",7,"slope + DE",0.00905194843720773,0.548026615440563,1.00909304455284
954,"Muntjac","MJK",7,"slope + DE",0.0204654551791618,0.568019551597521,1.02067630924609
955,"Muntjac","MJK",7,"slope + DE",0.0408716293166958,0.463389063530406,1.04171837692699
956,"Muntjac","MJK",7,"slope + DE",0.0318148730830632,0.402464485757245,1.03232640758882
957,"Muntjac","MJK",7,"slope + DE",0.0352801629546568,0.371500484240049,1.03590990003125
958,"Muntjac","MJK",7,"slope + DE",0.0416824628851862,0.366623238511483,1.04256337414573
959,"Muntjac","MJK",7,"slope + DE",0.0409971275812368,0.347576562926794,1.04184914432642
960,"Muntjac","MJK",7,"slope + DE",0.0494450080463751,0.337635981629603,1.05068786894186
961,"Muntjac","MJK",7,"slope + DE",0.0501436911885543,0.332120372554228,1.05142222675388
962,"Muntjac","MJK",7,"slope + DE",0.0542707314993084,0.33231786336529,1.05577039539136
963,"Muntjac","MJK",7,"slope + DE",0.0499690638708772,0.324627054697695,1.05123857472301
964,"Muntjac","MJK",7,"slope + DE",0.0531869066219603,0.31947331659418,1.05462674345508
965,"Muntjac","MJK",7,"slope + DE",0.0549654758895826,0.320110310347421,1.05650414552104
966,"Muntjac","MJK",7,"slope + DE",0.0539587465682796,0.30246064359901,1.05544111995149
967,"Muntjac","MJK",7,"slope + DE",0.0580502386314062,0.303005863667536,1.05976823961653
968,"Muntjac","MJK",7,"slope + DE",0.0495551568480144,0.294080272503134,1.05080356401565
969,"Muntjac","MJK",7,"slope + DE",0.0554886977704801,0.289903258077043,1.05705707101514
970,"Muntjac","MJK",7,"slope + DE",0.039088795067357,0.266927509613692,1.03986281517955
971,"Muntjac","MJK",7,"slope + DE",0.0403664939726075,0.260361675299064,1.04119232235345
972,"Muntjac","MJK",7,"slope + DE",0.0358090910511683,0.282181222826686,1.0364579644548
973,"Muntjac","MJK",7,"slope + DE",0.0392561542001624,0.290807659733314,1.0400368598141
974,"Muntjac","MJK",7,"slope + DE",0.032974319345142,0.293572483465124,1.03352399769243
975,"Muntjac","MJK",7,"slope + DE",0.0344404960594899,0.296807135565137,1.03504047208365
976,"Muntjac","MJK",7,"slope + DE",0.0383569114067295,0.29975239363026,1.03910203462813
977,"Muntjac","MJK",7,"slope + DE",0.0449444091157985,0.292816304197636,1.045969714489
978,"Muntjac","MJK",7,"slope + DE",0.0498471766560343,0.284516432124714,1.05111045303492
979,"Muntjac","MJK",7,"slope + DE",0.0477517469958555,0.286317195683739,1.04891022826033
980,"Muntjac","MJK",7,"slope + DE",0.0432819536299381,0.299291356723331,1.04423228376265
981,"Muntjac","MJK",7,"slope + DE",0.0312897874044254,0.308585697376789,1.03178445875018
982,"Muntjac","MJK",7,"slope + DE",0.031467109246052,0.315355597538369,1.03196743285476
983,"Muntjac","MJK",7,"slope + DE",0.020397412512392,0.318608327800742,1.02060686172049
984,"Muntjac","MJK",7,"slope + DE",0.026966661747182,0.314718559391882,1.02733355547775
985,"Muntjac","MJK",7,"slope + DE",0.0290686394744625,0.32757557446582,1.029495261357
986,"Muntjac","MJK",7,"slope + DE",0.0332501191764757,0.331705811378142,1.03380913912165
987,"Muntjac","MJK",7,"slope + DE",0.0353437684999359,0.344152026945286,1.0359758139664
988,"Muntjac","MJK",7,"slope + DE",0.0295118972647409,0.342844552305994,1.02995168910156
989,"Muntjac","MJK",7,"slope + DE",0.0362259891671796,0.349665699294055,1.03689016145414
990,"Muntjac","MJK",7,"slope + DE",0.0246180761425902,0.350362910244797,1.02492366655108
991,"Muntjac","MJK",7,"slope + DE",0.0294059915437252,0.362770341924505,1.02984262075976
992,"Muntjac","MJK",7,"slope + DE",0.0309024147675624,0.367227613642849,1.0313848602366
993,"Muntjac","MJK",7,"slope + DE",0.029085652682744,0.369620746220945,1.02951277394952
994,"Muntjac","MJK",7,"slope + DE",0.0341105749162739,0.372142449774437,1.03469902978125
995,"Muntjac","MJK",7,"slope + DE",0.0322196155246232,0.387585793913828,1.03274429133115
996,"Muntjac","MJK",7,"slope + DE",0.020681431266458,0.383565494819443,1.02089678239323
997,"Muntjac","MJK",7,"slope + DE",0.0202885448763001,0.403099322569925,1.02049575677696
998,"Muntjac","MJK",7,"slope + DE",0.023613984854715,0.427478893289565,1.02389501999241
999,"Muntjac","MJK",7,"slope + DE",0.0132936801077248,0.447267949710496,1.01338244444696
1000,"Muntjac","MJK",7,"slope + DE",0.0185991111361652,0.470276953494192,1.01877315375543
1001,"Muntjac","MJK",7,"slope + DE",0.0172834521741869,0.481867738355663,1.01743368713595
1002,"Muntjac","MJK",7,"slope + DE",0.0141572166439311,0.517313301494084,1.0142579073041
1003,"Muntjac","MJK",7,"slope + DE",0.0118023634942349,0.558307708638427,1.01187228673988
1004,"Muntjac","MJK",7,"slope + DE",0.0415841486775583,0.422454795857717,1.04246088174018
1005,"Muntjac","MJK",7,"slope + DE",0.0357339314397658,0.392218576287607,1.03638006924734
1006,"Muntjac","MJK",7,"slope + DE",0.0388047177353199,0.36399526051364,1.0395674899607
1007,"Muntjac","MJK",7,"slope + DE",0.0414961727496112,0.353376080529898,1.04236917253518
1008,"Muntjac","MJK",7,"slope + DE",0.0517750799819645,0.342217753228067,1.05313884948704
1009,"Muntjac","MJK",7,"slope + DE",0.0605516177842356,0.341042218366158,1.06242243608782
1010,"Muntjac","MJK",7,"slope + DE",0.0546267026142689,0.32969944407538,1.05614635835704
1011,"Muntjac","MJK",7,"slope + DE",0.0500523840425333,0.321111746167779,1.0513261684555
1012,"Muntjac","MJK",7,"slope + DE",0.0480369697147864,0.31356479442457,1.04920946457355
1013,"Muntjac","MJK",7,"slope + DE",0.0579129479456434,0.311653215511519,1.05962279539227
1014,"Muntjac","MJK",7,"slope + DE",0.0562901646474087,0.308040386856431,1.05790461206551
1015,"Muntjac","MJK",7,"slope + DE",0.0675909612542754,0.30605176610601,1.06992757714755
1016,"Muntjac","MJK",7,"slope + DE",0.0473968492245556,0.29859317204576,1.04853803873469
1017,"Muntjac","MJK",7,"slope + DE",0.0452868644206032,0.29314295774092,1.04632797212378
1018,"Muntjac","MJK",7,"slope + DE",0.0444697086489062,0.2884606490014,1.04547331286218
1019,"Muntjac","MJK",7,"slope + DE",0.0313265729252369,0.288644029333086,1.03182241546725
1020,"Muntjac","MJK",7,"slope + DE",0.022764524229117,0.287836614371808,1.02302561560813
1021,"Muntjac","MJK",7,"slope + DE",0.0344279243530738,0.285112749138372,1.03502742630379
1022,"Muntjac","MJK",7,"slope + DE",0.0210263301844451,0.30028675065489,1.021248945993
1023,"Muntjac","MJK",7,"slope + DE",0.0272677923292369,0.296903669905668,1.02764296082322
1024,"Muntjac","MJK",7,"slope + DE",0.02426197409764,0.291091440695608,1.02455869081231
1025,"Muntjac","MJK",7,"slope + DE",0.0346068075476327,0.294473892456653,1.03521259131303
1026,"Muntjac","MJK",7,"slope + DE",0.0412031599297754,0.294964626651003,1.04206379183297
1027,"Muntjac","MJK",7,"slope + DE",0.0320478515768643,0.294487303796237,1.03256691455336
1028,"Muntjac","MJK",7,"slope + DE",0.0285740963553894,0.303819527970511,1.02898625227987
1029,"Muntjac","MJK",7,"slope + DE",0.0274056050998286,0.310110188700187,1.0277845944042
1030,"Muntjac","MJK",7,"slope + DE",0.0340093330721908,0.323463955750066,1.03459432054535
1031,"Muntjac","MJK",7,"slope + DE",0.0304705853024731,0.32021712673606,1.03093956869421
1032,"Muntjac","MJK",7,"slope + DE",0.0296597835783439,0.324051932372803,1.03010401974588
1033,"Muntjac","MJK",7,"slope + DE",0.0313033660161856,0.33159541013272,1.03179847116292
1034,"Muntjac","MJK",7,"slope + DE",0.0300187264958878,0.339570645490876,1.03047383154738
1035,"Muntjac","MJK",7,"slope + DE",0.0331626959685451,0.34448142939129,1.03371870896627
1036,"Muntjac","MJK",7,"slope + DE",0.0399629945906853,0.34415384440896,1.04077226075803
1037,"Muntjac","MJK",7,"slope + DE",0.0345959989259745,0.347623966651024,1.03520140591526
1038,"Muntjac","MJK",7,"slope + DE",0.0300745950454974,0.346111559234665,1.03053140429565
1039,"Muntjac","MJK",7,"slope + DE",0.038523702764809,0.353521889655685,1.03927536262009
1040,"Muntjac","MJK",7,"slope + DE",0.0304789574010705,0.370399326535873,1.03094819676922
1041,"Muntjac","MJK",7,"slope + DE",0.032646417845717,0.369443809308338,1.03318519001845
1042,"Muntjac","MJK",7,"slope + DE",0.029434077623184,0.384547700113821,1.02987154369221
1043,"Muntjac","MJK",7,"slope + DE",0.0306353536314037,0.37874469410137,1.03110944736322
1044,"Muntjac","MJK",7,"slope + DE",0.0230986668752218,0.385912868099107,1.02336750795952
1045,"Muntjac","MJK",7,"slope + DE",0.0211147681711542,0.395521062769657,1.02133926231841
1046,"Muntjac","MJK",7,"slope + DE",0.0198323308463553,0.402857974742899,1.02003030104047
1047,"Muntjac","MJK",7,"slope + DE",0.0182798262213576,0.426067814166492,1.01844792564792
1048,"Muntjac","MJK",7,"slope + DE",0.013067165637262,0.44169847238771,1.01315291608616
1049,"Muntjac","MJK",7,"slope + DE",0.00838478404722694,0.464001784739039,1.00842006656037
1050,"Muntjac","MJK",7,"slope + DE",0.00900099370923182,0.484292012059332,1.00904162548459
1051,"Muntjac","MJK",7,"slope + DE",0.0191881095088694,0.533837105377526,1.01937338909691
1052,"Muntjac","MJK",7,"slope + DE",0.0444104415853565,0.395673568667964,1.04541134713833
1053,"Muntjac","MJK",7,"slope + DE",0.0485362343394195,0.37034181643848,1.04973340762922
1054,"Muntjac","MJK",7,"slope + DE",0.04957730788272,0.353951737861673,1.05082682651991
1055,"Muntjac","MJK",7,"slope + DE",0.0530774881400367,0.348985242711226,1.05451136799517
1056,"Muntjac","MJK",7,"slope + DE",0.0540633886384212,0.337717842839322,1.05555151194743
1057,"Muntjac","MJK",7,"slope + DE",0.0436937324966692,0.328305370853049,1.04466236009886
1058,"Muntjac","MJK",7,"slope + DE",0.0518809155981672,0.323231332203963,1.05325031773403
1059,"Muntjac","MJK",7,"slope + DE",0.0635601853656677,0.315260412710769,1.06562362162609
1060,"Muntjac","MJK",7,"slope + DE",0.0518643642736009,0.315982237006915,1.05323290724701
1061,"Muntjac","MJK",7,"slope + DE",0.0482262022767703,0.307217779872991,1.04940800696998
1062,"Muntjac","MJK",7,"slope + DE",0.0581820619296622,0.296784581976334,1.05990794705612
1063,"Muntjac","MJK",7,"slope + DE",0.0560818653043586,0.296709519534298,1.05768430032667
1064,"Muntjac","MJK",7,"slope + DE",0.051775021341377,0.302187298594139,1.05313878586902
1065,"Muntjac","MJK",7,"slope + DE",0.0428305719877663,0.293707000169831,1.04376103763281
1066,"Muntjac","MJK",7,"slope + DE",0.0347175687547951,0.290826123860193,1.0353273049724
1067,"Muntjac","MJK",7,"slope + DE",0.0261751693940381,0.292348044835076,1.0265207493386
1068,"Muntjac","MJK",7,"slope + DE",0.0163767860065754,0.289630074500551,1.01651164045159
1069,"Muntjac","MJK",7,"slope + DE",0.0135714490523729,0.287003258475493,1.01366396404032
1070,"Muntjac","MJK",7,"slope + DE",0.0170337152961098,0.289171444868069,1.01717962051687
1071,"Muntjac","MJK",7,"slope + DE",0.018350002355769,0.289346839622822,1.01851939933958
1072,"Muntjac","MJK",7,"slope + DE",0.0241442851860966,0.296818220067339,1.02443811974825
1073,"Muntjac","MJK",7,"slope + DE",0.0241866036776187,0.305441507545432,1.02448148503278
1074,"Muntjac","MJK",7,"slope + DE",0.0252415782738615,0.299716554440931,1.02556284712247
1075,"Muntjac","MJK",7,"slope + DE",0.0306638190381804,0.298189838862182,1.0311387997543
1076,"Muntjac","MJK",7,"slope + DE",0.0282836769054433,0.313173535064544,1.02868746221818
1077,"Muntjac","MJK",7,"slope + DE",0.0230987254651379,0.314123337175629,1.02336767137696
1078,"Muntjac","MJK",7,"slope + DE",0.0278493485997381,0.318822651026873,1.02824076859301
1079,"Muntjac","MJK",7,"slope + DE",0.0292872155867257,0.332646715096664,1.02972031548229
1080,"Muntjac","MJK",7,"slope + DE",0.0366775058769019,0.321217571158699,1.03735842630174
1081,"Muntjac","MJK",7,"slope + DE",0.0326187212167035,0.327357896584053,1.03315654433314
1082,"Muntjac","MJK",7,"slope + DE",0.0298911319924288,0.33851215017566,1.03034235726483
1083,"Muntjac","MJK",7,"slope + DE",0.0299860725234353,0.342555630628542,1.03044018536241
1084,"Muntjac","MJK",7,"slope + DE",0.0330243848835665,0.345979141209941,1.03357574256092
1085,"Muntjac","MJK",7,"slope + DE",0.0341984544719648,0.344702824939621,1.03478995395283
1086,"Muntjac","MJK",7,"slope + DE",0.0262210117410054,0.354032524027174,1.02656780822277
1087,"Muntjac","MJK",7,"slope + DE",0.0307685072157979,0.368858020400743,1.0312467647268
1088,"Muntjac","MJK",7,"slope + DE",0.0238476935292515,0.364519747236495,1.02413434441922
1089,"Muntjac","MJK",7,"slope + DE",0.0220994849681651,0.370430882629757,1.02234548872382
1090,"Muntjac","MJK",7,"slope + DE",0.0251540753010639,0.379704746887691,1.02547311375625
1091,"Muntjac","MJK",7,"slope + DE",0.0250560252547787,0.384095173781794,1.02537257502003
1092,"Muntjac","MJK",7,"slope + DE",0.023960832185053,0.391175755233104,1.02425020029829
1093,"Muntjac","MJK",7,"slope + DE",0.027332090108496,0.407320689093951,1.02770905846227
1094,"Muntjac","MJK",7,"slope + DE",0.0240924338622224,0.418700220085104,1.0243850014157
1095,"Muntjac","MJK",7,"slope + DE",0.0114013266503194,0.435649375163113,1.01146657104427
1096,"Muntjac","MJK",7,"slope + DE",0.0152359425578155,0.450031943939422,1.01535260750017
1097,"Muntjac","MJK",7,"slope + DE",0.00467757652966738,0.482985671209107,1.00468853348717
1098,"Muntjac","MJK",7,"slope + DE",0.0102051647633545,0.53412499378769,1.01025741664706
1099,"Muntjac","MJK",7,"slope + DE",0.0312209097115505,0.402577770689386,1.0317133943769
1100,"Muntjac","MJK",7,"slope + DE",0.039266310231692,0.368472084288969,1.04004744665708
1101,"Muntjac","MJK",7,"slope + DE",0.0488817536906891,0.346554803791229,1.05009617567854
1102,"Muntjac","MJK",7,"slope + DE",0.0514643431937989,0.347023985893052,1.05281164712091
1103,"Muntjac","MJK",7,"slope + DE",0.0528640870981968,0.336821407404285,1.0542863461629
1104,"Muntjac","MJK",7,"slope + DE",0.0465767901205044,0.330197116477802,1.04767852823665
1105,"Muntjac","MJK",7,"slope + DE",0.0495055392598983,0.323213415820098,1.05075141851119
1106,"Muntjac","MJK",7,"slope + DE",0.0586943902669037,0.311720247354888,1.06045110786917
1107,"Muntjac","MJK",7,"slope + DE",0.0492922659364258,0.303351297198915,1.0505273542898
1108,"Muntjac","MJK",7,"slope + DE",0.0557303849986249,0.308801488065741,1.05731257875819
1109,"Muntjac","MJK",7,"slope + DE",0.0590440495317236,0.304273998681865,1.06082196871257
1110,"Muntjac","MJK",7,"slope + DE",0.0681575136611786,0.28709143207564,1.07053391905408
1111,"Muntjac","MJK",7,"slope + DE",0.0496651584538556,0.28774744641296,1.05091921781693
1112,"Muntjac","MJK",7,"slope + DE",0.0463168281778666,0.294225662147004,1.04740620760188
1113,"Muntjac","MJK",7,"slope + DE",0.025764023674811,0.288071208820388,1.02609878517253
1114,"Muntjac","MJK",7,"slope + DE",0.023642521795542,0.286219541030214,1.02392422222003
1115,"Muntjac","MJK",7,"slope + DE",0.00823988584961212,0.285555888671212,1.00827392726362
1116,"Muntjac","MJK",7,"slope + DE",0.00159950882567663,0.289421426661398,1.00160078927314
1117,"Muntjac","MJK",7,"slope + DE",0.00187980824429765,0.284090084247907,1.00188157619619
1118,"Muntjac","MJK",7,"slope + DE",0.00780528393966825,0.289112110243237,1.00783582459039
1119,"Muntjac","MJK",7,"slope + DE",0.0164931722996103,0.293457308795732,1.0166299459655
1120,"Muntjac","MJK",7,"slope + DE",0.0164561224636214,0.302114779376434,1.01659227057763
1121,"Muntjac","MJK",7,"slope + DE",0.0185548129706359,0.303400331772307,1.01872803524051
1122,"Muntjac","MJK",7,"slope + DE",0.0301762237808081,0.305954235967292,1.03063614904493
1123,"Muntjac","MJK",7,"slope + DE",0.0202324417940619,0.307460376759937,1.02043851025475
1124,"Muntjac","MJK",7,"slope + DE",0.0189726560303073,0.314280886991905,1.0191538266794
1125,"Muntjac","MJK",7,"slope + DE",0.0207860690653839,0.327423308030365,1.02100360964099
1126,"Muntjac","MJK",7,"slope + DE",0.0278102919612444,0.324738022184331,1.02820062019743
1127,"Muntjac","MJK",7,"slope + DE",0.0318725260429102,0.329168111790508,1.03238589460869
1128,"Muntjac","MJK",7,"slope + DE",0.0337018882377991,0.328806862176042,1.03427623285508
1129,"Muntjac","MJK",7,"slope + DE",0.0313409119489102,0.332917898884292,1.03183720957632
1130,"Muntjac","MJK",7,"slope + DE",0.0295447539137541,0.34841482534395,1.02998553055423
1131,"Muntjac","MJK",7,"slope + DE",0.0307125703096328,0.346679042789569,1.03118906702695
1132,"Muntjac","MJK",7,"slope + DE",0.0309864970581399,0.350212791397006,1.03147158519859
1133,"Muntjac","MJK",7,"slope + DE",0.0307446662010635,0.349160733534264,1.03122217153273
1134,"Muntjac","MJK",7,"slope + DE",0.033917975115529,0.361802703960416,1.03449974903713
1135,"Muntjac","MJK",7,"slope + DE",0.0383445773925863,0.364755369679333,1.03908922394268
1136,"Muntjac","MJK",7,"slope + DE",0.0194564914080233,0.367014457551524,1.01964702388312
1137,"Muntjac","MJK",7,"slope + DE",0.0216036727209307,0.372625187188249,1.02183872164798
1138,"Muntjac","MJK",7,"slope + DE",0.0207462945020626,0.380837705018635,1.02096300011057
1139,"Muntjac","MJK",7,"slope + DE",0.0224794348892464,0.385555293426446,1.02273400316773
1140,"Muntjac","MJK",7,"slope + DE",0.0155335918424216,0.400396035238655,1.01565488317502
1141,"Muntjac","MJK",7,"slope + DE",0.013191393467243,0.405666028965515,1.01327881324116
1142,"Muntjac","MJK",7,"slope + DE",0.0229975628528738,0.423843378152893,1.02326406848415
1143,"Muntjac","MJK",7,"slope + DE",0.00902826342302339,0.441488049512035,1.00906914153995
1144,"Muntjac","MJK",7,"slope + DE",0.00786992314525775,0.477728391206414,1.00790097534812
1145,"Muntjac","MJK",7,"slope + DE",0.00831475078511852,0.571613147598806,1.00834943454229
1146,"Muntjac","MJK",7,"slope + DE",0.0399301341593286,0.510881072609995,1.0407380619826
1147,"Muntjac","MJK",7,"slope + DE",0.0374785899452169,0.407668798042676,1.03818976916476
1148,"Muntjac","MJK",7,"slope + DE",0.0467965187856322,0.366436173480594,1.04790876544289
1149,"Muntjac","MJK",7,"slope + DE",0.0412432565329747,0.356630347129032,1.04210557856766
1150,"Muntjac","MJK",7,"slope + DE",0.0456358648924844,0.3457965926385,1.04669323702876
1151,"Muntjac","MJK",7,"slope + DE",0.046808374398695,0.327809877844356,1.04792118271637
1152,"Muntjac","MJK",7,"slope + DE",0.0500947965385624,0.323331010202805,1.05137077894887
1153,"Muntjac","MJK",7,"slope + DE",0.0571402568690801,0.33188895077227,1.05880432256874
1154,"Muntjac","MJK",7,"slope + DE",0.0443835739898062,0.315109841700667,1.04538326675358
1155,"Muntjac","MJK",7,"slope + DE",0.0464229800835248,0.316590518336798,1.04751739644247
1156,"Muntjac","MJK",7,"slope + DE",0.0621132420086664,0.30997388806281,1.06408287759098
1157,"Muntjac","MJK",7,"slope + DE",0.0652409442008884,0.289330742149218,1.06741618159317
1158,"Muntjac","MJK",7,"slope + DE",0.0712182922534777,0.288609155962728,1.07381563355618
1159,"Muntjac","MJK",7,"slope + DE",0.0603279405338267,0.28924214990274,1.06218482290033
1160,"Muntjac","MJK",7,"slope + DE",0.0454646426871633,0.291304056323552,1.0465140028412
1161,"Muntjac","MJK",7,"slope + DE",0.033721264590098,0.291148789859934,1.034296339062
1162,"Muntjac","MJK",7,"slope + DE",0.0151405081246187,0.296897329964488,1.01525570641956
1163,"Muntjac","MJK",7,"slope + DE",0.00388792796034165,0.290967741757937,1.00389549634554
1164,"Muntjac","MJK",7,"slope + DE",-0.0109706329025176,0.267559890914013,0.98908932504379
1165,"Muntjac","MJK",7,"slope + DE",-0.0178577090402638,0.263009002605638,0.982300797531522
1166,"Muntjac","MJK",7,"slope + DE",-0.000323041534033425,0.279261031359114,0.999677021692975
1167,"Muntjac","MJK",7,"slope + DE",0.00945561876403267,0.289584905503791,1.00950046564591
1168,"Muntjac","MJK",7,"slope + DE",0.0149413184301528,0.297441766268227,1.01505349804346
1169,"Muntjac","MJK",7,"slope + DE",0.0158478239981205,0.306938929418397,1.01597406704095
1170,"Muntjac","MJK",7,"slope + DE",0.0204791529852595,0.31233792807897,1.02069028969339
1171,"Muntjac","MJK",7,"slope + DE",0.0156056294217555,0.317387351315921,1.01572803315795
1172,"Muntjac","MJK",7,"slope + DE",0.0264003454411913,0.311101266308175,1.0267519217343
1173,"Muntjac","MJK",7,"slope + DE",0.0231612763219986,0.323116758335267,1.02343159035437
1174,"Muntjac","MJK",7,"slope + DE",0.0252256472992424,0.320031184869655,1.02554650839932
1175,"Muntjac","MJK",7,"slope + DE",0.0298587187774265,0.328808952384028,1.03030898855046
1176,"Muntjac","MJK",7,"slope + DE",0.021743271840608,0.327979756587055,1.02198145379446
1177,"Muntjac","MJK",7,"slope + DE",0.0236828305036441,0.347145179030931,1.02396549659695
1178,"Muntjac","MJK",7,"slope + DE",0.0231296761470638,0.341377741116319,1.02339924145579
1179,"Muntjac","MJK",7,"slope + DE",0.0243118686866693,0.350806498502986,1.02460981535888
1180,"Muntjac","MJK",7,"slope + DE",0.0267465681469628,0.346370915073796,1.02710747034537
1181,"Muntjac","MJK",7,"slope + DE",0.0279958761741425,0.357313819769105,1.02839145215501
1182,"Muntjac","MJK",7,"slope + DE",0.0274939701599281,0.358786798693875,1.02787541727482
1183,"Muntjac","MJK",7,"slope + DE",0.02900483964701,0.371017646379154,1.0294295775806
1184,"Muntjac","MJK",7,"slope + DE",0.0283798852486054,0.368419828698183,1.02878644407307
1185,"Muntjac","MJK",7,"slope + DE",0.017544514209315,0.376216258788485,1.01769932323397
1186,"Muntjac","MJK",7,"slope + DE",0.0199872457526562,0.382802836476938,1.02018833027994
1187,"Muntjac","MJK",7,"slope + DE",0.019487244754939,0.377148881243222,1.01967836185722
1188,"Muntjac","MJK",7,"slope + DE",0.0284588615019437,0.386357938603082,1.02886768694732
1189,"Muntjac","MJK",7,"slope + DE",0.0146028742194217,0.403910292198501,1.01471002586134
1190,"Muntjac","MJK",7,"slope + DE",0.00657087659020055,0.410251260689334,1.00659251508619
1191,"Muntjac","MJK",7,"slope + DE",0.00727662308115411,0.428927811493679,1.00730317344608
1192,"Muntjac","MJK",7,"slope + DE",0.0354960302052391,0.400841768627267,1.03613356688993
1193,"Muntjac","MJK",7,"slope + DE",0.0443704612472666,0.370054662682401,1.04536955955149
1194,"Muntjac","MJK",7,"slope + DE",0.0332866195294755,0.353462996760868,1.03384681746918
1195,"Muntjac","MJK",7,"slope + DE",0.0496868762236924,0.344514610954397,1.05094197731823
1196,"Muntjac","MJK",7,"slope + DE",0.0456597719415205,0.32887204296737,1.04671823656694
1197,"Muntjac","MJK",7,"slope + DE",0.0499696631472069,0.334638142460644,1.0512392048962
1198,"Muntjac","MJK",7,"slope + DE",0.051840797422464,0.325290782291516,1.05320805582146
1199,"Muntjac","MJK",7,"slope + DE",0.0535721042288261,0.311866402355831,1.05503306153311
1200,"Muntjac","MJK",7,"slope + DE",0.0620738413661054,0.317764380641254,1.06404091208191
1201,"Muntjac","MJK",7,"slope + DE",0.0651558273437535,0.307368309562717,1.06732532989769
1202,"Muntjac","MJK",7,"slope + DE",0.0644418147008641,0.288820950414114,1.06656352027978
1203,"Muntjac","MJK",7,"slope + DE",0.115512039132387,0.210004693617728,1.12244802843632
1204,"Muntjac","MJK",7,"slope + DE",0.053472886312859,0.289167526924859,1.0549284061225
1205,"Muntjac","MJK",7,"slope + DE",0.0442110596745421,0.295993910828967,1.04520294568735
1206,"Muntjac","MJK",7,"slope + DE",0.0271734608047782,0.294272676097908,1.0275460353999
1207,"Muntjac","MJK",7,"slope + DE",0.0143176822088509,0.288205982792306,1.01442067377013
1208,"Muntjac","MJK",7,"slope + DE",0.00460182193919424,0.283996867183264,1.00461242671373
1209,"Muntjac","MJK",7,"slope + DE",-0.0280698966762595,0.262997410199011,0.972320403446495
1210,"Muntjac","MJK",7,"slope + DE",-0.0361682216837236,0.253787515201965,0.96447803437181
1211,"Muntjac","MJK",7,"slope + DE",-0.000232780812264153,0.281663643812451,0.9997672491789
1212,"Muntjac","MJK",7,"slope + DE",0.00468493957498438,0.290800984044437,1.00469595237698
1213,"Muntjac","MJK",7,"slope + DE",0.0108458401347259,0.297538160605101,1.01090486978126
1214,"Muntjac","MJK",7,"slope + DE",0.0141249452547534,0.301324412936492,1.01422521030627
1215,"Muntjac","MJK",7,"slope + DE",0.0175995727548353,0.309144274315546,1.01775535785569
1216,"Muntjac","MJK",7,"slope + DE",0.0181473250440206,0.318085096397508,1.01831299460897
1217,"Muntjac","MJK",7,"slope + DE",0.019673832076484,0.315915810356185,1.01986863750345
1218,"Muntjac","MJK",7,"slope + DE",0.0284082826773149,0.315872408706597,1.02881564661581
1219,"Muntjac","MJK",7,"slope + DE",0.0277644701918108,0.31657858564734,1.0281535078913
1220,"Muntjac","MJK",7,"slope + DE",0.0205717570712923,0.326642492796218,1.0207848151762
1221,"Muntjac","MJK",7,"slope + DE",0.030034718664507,0.330375820948235,1.03049031062513
1222,"Muntjac","MJK",7,"slope + DE",0.0276838434619248,0.331471436929408,1.02807063436122
1223,"Muntjac","MJK",7,"slope + DE",0.032994074244592,0.341013527299404,1.03354442263828
1224,"Muntjac","MJK",7,"slope + DE",0.0305945059342468,0.330766031505385,1.0310673274772
1225,"Muntjac","MJK",7,"slope + DE",0.0182101090212552,0.341599060868224,1.01837692449596
1226,"Muntjac","MJK",7,"slope + DE",0.0312201239822945,0.352714981657428,1.03171258746616
1227,"Muntjac","MJK",7,"slope + DE",0.0312145651561798,0.356477582647739,1.03170685004923
1228,"Muntjac","MJK",7,"slope + DE",0.0298111640320565,0.358352446765335,1.03025997315758
1229,"Muntjac","MJK",7,"slope + DE",0.0319255438426916,0.361612913464184,1.03244063256804
1230,"Muntjac","MJK",7,"slope + DE",0.0293304090068204,0.368680770355027,1.02976478349906
1231,"Muntjac","MJK",7,"slope + DE",0.0265663281372801,0.372377277876886,1.02692235933375
1232,"Muntjac","MJK",7,"slope + DE",0.0196069484257568,0.38740873438982,1.01980043653187
1233,"Muntjac","MJK",7,"slope + DE",0.0176583523645987,0.38335865818755,1.01781518371315
1234,"Muntjac","MJK",7,"slope + DE",0.0148926036949022,0.396955443781774,1.01500405140777
1235,"Muntjac","MJK",7,"slope + DE",0.0114874321077456,0.416620575014598,1.01155366692454
1236,"Muntjac","MJK",7,"slope + DE",0.00498837410006917,0.42456725625195,1.00500083677053
1237,"Muntjac","MJK",7,"slope + DE",0.00430446436373984,0.490327899862402,1.0043137516282
1238,"Muntjac","MJK",7,"slope + DE",0.0198725528796574,0.478726980077606,1.02007134160875
1239,"Muntjac","MJK",7,"slope + DE",0.0360418756174039,0.4000192592422,1.0366992603761
1240,"Muntjac","MJK",7,"slope + DE",0.0347052415073448,0.368484374856212,1.03531451040324
1241,"Muntjac","MJK",7,"slope + DE",0.0434979358643561,0.342867659225133,1.0444578436727
1242,"Muntjac","MJK",7,"slope + DE",0.045620641764623,0.341983521438043,1.04667727114411
1243,"Muntjac","MJK",7,"slope + DE",0.0467235367359555,0.335958805063452,1.04783228578388
1244,"Muntjac","MJK",7,"slope + DE",0.0510155964352016,0.319008982438486,1.0523393291814
1245,"Muntjac","MJK",7,"slope + DE",0.0428119448265799,0.334180408662365,1.04374159550802
1246,"Muntjac","MJK",7,"slope + DE",0.0447919519104201,0.31593134280616,1.04581025992362
1247,"Muntjac","MJK",7,"slope + DE",0.0548106707085226,0.306638180231995,1.05634066080473
1248,"Muntjac","MJK",7,"slope + DE",0.0539214101032169,0.302950494907837,1.05540165593091
1249,"Muntjac","MJK",7,"slope + DE",0.0581356995761244,0.291071160263061,1.05985881149172
1250,"Muntjac","MJK",7,"slope + DE",0.0542957355917085,0.288606964510016,1.05579684286493
1251,"Muntjac","MJK",7,"slope + DE",0.0580061421465447,0.291057794278258,1.059721505825
1252,"Muntjac","MJK",7,"slope + DE",0.0338972567388461,0.307161706389502,1.03447831559233
1253,"Muntjac","MJK",7,"slope + DE",0.0295403055070604,0.29982012855696,1.02998095528576
1254,"Muntjac","MJK",7,"slope + DE",0.0148051352055311,0.289732297484027,1.01491527848051
1255,"Muntjac","MJK",7,"slope + DE",0.00423189230235188,0.290616916369787,1.00424085958591
1256,"Muntjac","MJK",7,"slope + DE",-0.000901113991134634,0.280487838429411,0.999099291903087
1257,"Muntjac","MJK",7,"slope + DE",-0.0110925203728755,0.28484194789585,0.98896877559635
1258,"Muntjac","MJK",7,"slope + DE",-0.00627449539319059,0.293700200969519,0.993745148383525
1259,"Muntjac","MJK",7,"slope + DE",0.00496993073557942,0.296351733266972,1.00498230680601
1260,"Muntjac","MJK",7,"slope + DE",0.00564053344002867,0.299058136515305,1.00565647508238
1261,"Muntjac","MJK",7,"slope + DE",0.011021010422283,0.301348460420933,1.01108196723177
1262,"Muntjac","MJK",7,"slope + DE",0.011923009698049,0.312330860437938,1.01199437272304
1263,"Muntjac","MJK",7,"slope + DE",0.0173992349978422,0.315911084375916,1.01755149637246
1264,"Muntjac","MJK",7,"slope + DE",0.0171616193658717,0.314806189719186,1.01730972640024
1265,"Muntjac","MJK",7,"slope + DE",0.027857709390589,0.313615625736169,1.02824936416591
1266,"Muntjac","MJK",7,"slope + DE",0.0188811929011874,0.327396836266708,1.01906057106596
1267,"Muntjac","MJK",7,"slope + DE",0.029410211351456,0.325978228363208,1.02984698493151
1268,"Muntjac","MJK",7,"slope + DE",0.031389135018278,0.327152093903221,1.03188696914664
1269,"Muntjac","MJK",7,"slope + DE",0.0309726120964014,0.329775665790052,1.03145725442424
1270,"Muntjac","MJK",7,"slope + DE",0.0333361607960121,0.33708564711401,1.0338980378351
1271,"Muntjac","MJK",7,"slope + DE",0.0225269350204148,0.336485046325485,1.02278258442848
1272,"Muntjac","MJK",7,"slope + DE",0.0268049666646908,0.353727841331285,1.02716745152696
1273,"Muntjac","MJK",7,"slope + DE",0.0217997023424111,0.34937040926888,1.0220390520211
1274,"Muntjac","MJK",7,"slope + DE",0.0271999023158127,0.35560131869749,1.02757319746058
1275,"Muntjac","MJK",7,"slope + DE",0.0330192845569071,0.3560759921598,1.03357047281549
1276,"Muntjac","MJK",7,"slope + DE",0.0182163151532511,0.361802129256492,1.01838325379029
1277,"Muntjac","MJK",7,"slope + DE",0.0266931641832221,0.364523043913561,1.02705261890825
1278,"Muntjac","MJK",7,"slope + DE",0.0311040594754039,0.381414586563691,1.03159284772611
1279,"Muntjac","MJK",7,"slope + DE",0.0233062485067333,0.375827756272256,1.02357996167607
1280,"Muntjac","MJK",7,"slope + DE",0.020498361298962,0.393793176121744,1.0207098966432
1281,"Muntjac","MJK",7,"slope + DE",0.0140770690964795,0.40132928736325,1.01417662493732
1282,"Muntjac","MJK",7,"slope + DE",0.0181349579596561,0.419894765377242,1.01830039505242
1283,"Muntjac","MJK",7,"slope + DE",0.0184129656337789,0.426208370376808,1.01858353011773
1284,"Muntjac","MJK",7,"slope + DE",0.000566410357274946,0.474009361159407,1.00056657089032
1285,"Muntjac","MJK",7,"slope + DE",0.0287925954693681,0.468018041293733,1.02921110956484
1286,"Muntjac","MJK",7,"slope + DE",0.0334457180455063,0.410047839993482,1.03401131423827
1287,"Muntjac","MJK",7,"slope + DE",0.0340399760004539,0.368213714119663,1.03462597005293
1288,"Muntjac","MJK",7,"slope + DE",0.0355480222627694,0.357526699026218,1.03618749871221
1289,"Muntjac","MJK",7,"slope + DE",0.0394639919534817,0.341224991457757,1.040253044071
1290,"Muntjac","MJK",7,"slope + DE",0.0475012970297444,0.333290435924633,1.04864756752576
1291,"Muntjac","MJK",7,"slope + DE",0.0434267714863997,0.325869298053033,1.04438351452477
1292,"Muntjac","MJK",7,"slope + DE",0.0404192226296008,0.318867519301545,1.04124720383442
1293,"Muntjac","MJK",7,"slope + DE",0.043471164370311,0.319638979774099,1.04442987740669
1294,"Muntjac","MJK",7,"slope + DE",0.0478565711068466,0.304303503331937,1.04902018473023
1295,"Muntjac","MJK",7,"slope + DE",0.0463661842406577,0.303428994612039,1.04745790542196
1296,"Muntjac","MJK",7,"slope + DE",0.0500795128048601,0.301027019416667,1.05135469027293
1297,"Muntjac","MJK",7,"slope + DE",0.0459683280598672,0.292859064603366,1.04704124878463
1298,"Muntjac","MJK",7,"slope + DE",0.0447322073466015,0.28995860865803,1.04574777887191
1299,"Muntjac","MJK",7,"slope + DE",0.0333593900720721,0.302978276857642,1.03392205615636
1300,"Muntjac","MJK",7,"slope + DE",0.0298720980877156,0.295756246587655,1.03032274564224
1301,"Muntjac","MJK",7,"slope + DE",0.0168269998511705,0.302349470550301,1.0169693718881
1302,"Muntjac","MJK",7,"slope + DE",0.0131931520661441,0.299427631712632,1.01328057353168
1303,"Muntjac","MJK",7,"slope + DE",0.00195750681204605,0.303369449448233,1.00195942511326
1304,"Muntjac","MJK",7,"slope + DE",0.000541134760757145,0.297358361697498,1.00054128155141
1305,"Muntjac","MJK",7,"slope + DE",0.0030931987323695,0.301531312711572,1.00309798772563
1306,"Muntjac","MJK",7,"slope + DE",0.00532864903338603,0.299375461529751,1.00534287284369
1307,"Muntjac","MJK",7,"slope + DE",0.00630587646583012,0.300330084919796,1.00632583383369
1308,"Muntjac","MJK",7,"slope + DE",0.0134040748864572,0.30143798207361,1.01349432054538
1309,"Muntjac","MJK",7,"slope + DE",0.0154812136992379,0.31309437483871,1.01560166902584
1310,"Muntjac","MJK",7,"slope + DE",0.0196150171577599,0.310038124337094,1.01980867403566
1311,"Muntjac","MJK",7,"slope + DE",0.0170090169266676,0.310402831284077,1.01715450076783
1312,"Muntjac","MJK",7,"slope + DE",0.0142340990763783,0.310330282059041,1.01433588725221
1313,"Muntjac","MJK",7,"slope + DE",0.0260983319323986,0.313350921763209,1.02644187561378
1314,"Muntjac","MJK",7,"slope + DE",0.0274766324722673,0.322179754054933,1.02785759902858
1315,"Muntjac","MJK",7,"slope + DE",0.0252758515486965,0.330624021694693,1.02559799446702
1316,"Muntjac","MJK",7,"slope + DE",0.0261849226749505,0.330998606392333,1.02653076394717
1317,"Muntjac","MJK",7,"slope + DE",0.0239016005125083,0.319948506493536,1.02418954975655
1318,"Muntjac","MJK",7,"slope + DE",0.0288420823329784,0.339794165219221,1.02926204552718
1319,"Muntjac","MJK",7,"slope + DE",0.0216483431790226,0.342888457310307,1.0218843766423
1320,"Muntjac","MJK",7,"slope + DE",0.0253805341319778,0.346925227691597,1.02570536251859
1321,"Muntjac","MJK",7,"slope + DE",0.0330467775318899,0.354787068019668,1.03359888890014
1322,"Muntjac","MJK",7,"slope + DE",0.0194788040466795,0.358870123605221,1.01966975467227
1323,"Muntjac","MJK",7,"slope + DE",0.0240512609438821,0.359371979779256,1.02434285408155
1324,"Muntjac","MJK",7,"slope + DE",0.0239077201609758,0.363345504781638,1.02419580102793
1325,"Muntjac","MJK",7,"slope + DE",0.0244264986134211,0.378542111698993,1.02472727304661
1326,"Muntjac","MJK",7,"slope + DE",0.0190078222408047,0.373905013144595,1.01918962099108
1327,"Muntjac","MJK",7,"slope + DE",0.0152600493121473,0.383990128559315,1.01537707839675
1328,"Muntjac","MJK",7,"slope + DE",0.0124929120608316,0.400120433679726,1.01257127831896
1329,"Muntjac","MJK",7,"slope + DE",0.012247343642969,0.408823187012189,1.01232264956748
1330,"Muntjac","MJK",7,"slope + DE",0.0163111915550064,0.435384641296927,1.0164449499729
1331,"Muntjac","MJK",7,"slope + DE",0.0115718610892695,0.470411909162379,1.0116390795263
1332,"Muntjac","MJK",7,"slope + DE",0.0335316554498683,0.431824697641092,1.03410019562557
1333,"Muntjac","MJK",7,"slope + DE",0.0363503410755075,0.385482353232831,1.03701909595431
1334,"Muntjac","MJK",7,"slope + DE",0.0343437265104529,0.356874442954362,1.03494028558531
1335,"Muntjac","MJK",7,"slope + DE",0.0351921721270993,0.34307461394929,1.03581876595723
1336,"Muntjac","MJK",7,"slope + DE",0.0399941800741664,0.346281552028825,1.04080472254667
1337,"Muntjac","MJK",7,"slope + DE",0.0400825874980357,0.327332325704902,1.04089673596778
1338,"Muntjac","MJK",7,"slope + DE",0.0357992604424679,0.322783834372533,1.03644776954088
1339,"Muntjac","MJK",7,"slope + DE",0.0408497301087843,0.307504774000773,1.04169556546665
1340,"Muntjac","MJK",7,"slope + DE",0.0434386865263178,0.313598571453174,1.04439595785382
1341,"Muntjac","MJK",7,"slope + DE",0.0428042692968944,0.307890780174597,1.04373358426078
1342,"Muntjac","MJK",7,"slope + DE",0.0389284455826219,0.305169410185568,1.03969608692268
1343,"Muntjac","MJK",7,"slope + DE",0.0380876475022128,0.298076822019961,1.03882228809728
1344,"Muntjac","MJK",7,"slope + DE",0.0415618302047394,0.300517566344134,1.04243761985041
1345,"Muntjac","MJK",7,"slope + DE",0.0362878152158543,0.298041928990166,1.03695426234747
1346,"Muntjac","MJK",7,"slope + DE",0.0230448144559412,0.296354478136957,1.0233124064159
1347,"Muntjac","MJK",7,"slope + DE",0.0089680569504399,0.300747695426988,1.00900839053949
1348,"Muntjac","MJK",7,"slope + DE",0.0150125891713033,0.296079007260978,1.01512584618754
1349,"Muntjac","MJK",7,"slope + DE",0.00555011544974003,0.294110467780797,1.00556555205506
1350,"Muntjac","MJK",7,"slope + DE",0.000225906136990802,0.294984279049514,1.0002259319062
1351,"Muntjac","MJK",7,"slope + DE",0.000848089130378387,0.294070690386501,1.00084845198582
1352,"Muntjac","MJK",7,"slope + DE",0.00623129788991539,0.289061608715876,1.00625075297352
1353,"Muntjac","MJK",7,"slope + DE",0.00486525111736444,0.299528304978431,1.0048771062112
1354,"Muntjac","MJK",7,"slope + DE",0.00900847049677326,0.306454628665851,1.00904917071625
1355,"Muntjac","MJK",7,"slope + DE",0.0167142154696882,0.303874289187605,1.01685468128813
1356,"Muntjac","MJK",7,"slope + DE",0.018146105505358,0.310520706684094,1.01831174731774
1357,"Muntjac","MJK",7,"slope + DE",0.0180908801377795,0.313854278846412,1.01825551825167
1358,"Muntjac","MJK",7,"slope + DE",0.0285048638756985,0.304701232379701,1.02891501673032
1359,"Muntjac","MJK",7,"slope + DE",0.0303073155275406,0.306623569286693,1.03077128428765
1360,"Muntjac","MJK",7,"slope + DE",0.0255518604374451,0.304035490154102,1.02588110777068
1361,"Muntjac","MJK",7,"slope + DE",0.0242200664780907,0.319531139315051,1.02451575469847
1362,"Muntjac","MJK",7,"slope + DE",0.0234101876005795,0.321573649740067,1.02368635827082
1363,"Muntjac","MJK",7,"slope + DE",0.0232584574551022,0.32847285721824,1.02353104864395
1364,"Muntjac","MJK",7,"slope + DE",0.0210016040781188,0.331417569259852,1.02122369230831
1365,"Muntjac","MJK",7,"slope + DE",0.0353404688615299,0.341616339821024,1.03597236580666
1366,"Muntjac","MJK",7,"slope + DE",0.0365254695925003,0.345725236998103,1.03720072076794
1367,"Muntjac","MJK",7,"slope + DE",0.0288488852311916,0.341389462971468,1.02926908861968
1368,"Muntjac","MJK",7,"slope + DE",0.0248297386955042,0.351842931304097,1.02514056456145
1369,"Muntjac","MJK",7,"slope + DE",0.0215711293847168,0.356165629806329,1.02180546996609
1370,"Muntjac","MJK",7,"slope + DE",0.0298052445702475,0.365938253743525,1.03025387916797
1371,"Muntjac","MJK",7,"slope + DE",0.0188079918081103,0.37019988191635,1.01898600987137
1372,"Muntjac","MJK",7,"slope + DE",0.0179133122583108,0.38133369541592,1.01807471872112
1373,"Muntjac","MJK",7,"slope + DE",0.0146658995624291,0.392126630891398,1.01477398174582
1374,"Muntjac","MJK",7,"slope + DE",0.0139528796982354,0.396603976406833,1.01405068863026
1375,"Muntjac","MJK",7,"slope + DE",0.0122341853260136,0.410625664285482,1.01230933267992
1376,"Muntjac","MJK",7,"slope + DE",0.0152178093226217,0.433201617681482,1.0153341929462
1377,"Muntjac","MJK",7,"slope + DE",0.0137207110637322,0.474252776294702,1.01381528541486
1378,"Muntjac","MJK",7,"slope + DE",0.0291342934536373,0.381853804348862,1.02956286509379
1379,"Muntjac","MJK",7,"slope + DE",0.024971424113416,0.362377068921783,1.02528582292338
1380,"Muntjac","MJK",7,"slope + DE",0.0295395084114796,0.350398702896943,1.02998012882387
1381,"Muntjac","MJK",7,"slope + DE",0.0402638392429794,0.33180240275826,1.041085466591
1382,"Muntjac","MJK",7,"slope + DE",0.0280985090870257,0.328749863613485,1.02849700401945
1383,"Muntjac","MJK",7,"slope + DE",0.0414036350117239,0.322487416378969,1.04227279264371
1384,"Muntjac","MJK",7,"slope + DE",0.0339597238253052,0.324105164116154,1.03454293960549
1385,"Muntjac","MJK",7,"slope + DE",0.0375182610896075,0.313713811662285,1.03823096483237
1386,"Muntjac","MJK",7,"slope + DE",0.0360768369800786,0.315681583691229,1.03673550305582
1387,"Muntjac","MJK",7,"slope + DE",0.030634140019545,0.303011575537506,1.03110819701361
1388,"Muntjac","MJK",7,"slope + DE",0.0396291965367857,0.302085229983749,1.04042491150394
1389,"Muntjac","MJK",7,"slope + DE",0.0354921572562265,0.299216707425078,1.03612952203004
1390,"Muntjac","MJK",7,"slope + DE",0.0271315124425741,0.289488634160913,1.02750292372875
1391,"Muntjac","MJK",7,"slope + DE",0.0209943098856187,0.305632181077059,1.02121627811857
1392,"Muntjac","MJK",7,"slope + DE",0.0165817532116232,0.295107473239433,1.01672000869786
1393,"Muntjac","MJK",7,"slope + DE",0.0122635319626495,0.290416031986236,1.01233904018198
1394,"Muntjac","MJK",7,"slope + DE",0.0115536105774961,0.296415007856904,1.01162063441568
1395,"Muntjac","MJK",7,"slope + DE",-0.00233240054547661,0.291027750222225,0.997670320867172
1396,"Muntjac","MJK",7,"slope + DE",-0.000810030868911232,0.292006096104538,0.999190297701675
1397,"Muntjac","MJK",7,"slope + DE",0.00237961135993805,0.291719521111724,1.00238244545596
1398,"Muntjac","MJK",7,"slope + DE",0.0038392909572795,0.295085738754607,1.00384667130426
1399,"Muntjac","MJK",7,"slope + DE",0.0103575602497425,0.301269497775241,1.01041138597613
1400,"Muntjac","MJK",7,"slope + DE",0.0137696342053049,0.303758320338119,1.01386487989683
1401,"Muntjac","MJK",7,"slope + DE",0.0200310710763894,0.303100124477778,1.02023305815599
1402,"Muntjac","MJK",7,"slope + DE",0.0215454290204652,0.310350224112901,1.02177920771157
1403,"Muntjac","MJK",7,"slope + DE",0.0261307268902208,0.312248471613706,1.02647512860275
1404,"Muntjac","MJK",7,"slope + DE",0.0202567709977442,0.302041629904137,1.02046333276588
1405,"Muntjac","MJK",7,"slope + DE",0.020952440931977,0.313404041741047,1.02117348896251
1406,"Muntjac","MJK",7,"slope + DE",0.0286439451816934,0.308936053272275,1.02905813545347
1407,"Muntjac","MJK",7,"slope + DE",0.022571465729459,0.324601004750772,1.0228281306352
1408,"Muntjac","MJK",7,"slope + DE",0.0229013834559957,0.320144746612684,1.02316564075036
1409,"Muntjac","MJK",7,"slope + DE",0.0200762788020643,0.332662849219451,1.02027917120635
1410,"Muntjac","MJK",7,"slope + DE",0.0288220971433827,0.332630614901572,1.02924148488646
1411,"Muntjac","MJK",7,"slope + DE",0.028641972992794,0.342309365804262,1.02905614293813
1412,"Muntjac","MJK",7,"slope + DE",0.0234197101690303,0.344954379942236,1.02369621838582
1413,"Muntjac","MJK",7,"slope + DE",0.024156058011766,0.350954004976265,1.02445017935944
1414,"Muntjac","MJK",7,"slope + DE",0.0272774754452452,0.351976357155362,1.02765291359796
1415,"Muntjac","MJK",7,"slope + DE",0.0289334252735332,0.360252305898505,1.02935606331691
1416,"Muntjac","MJK",7,"slope + DE",0.0273200112393217,0.367502334565138,1.02769663336527
1417,"Muntjac","MJK",7,"slope + DE",0.0215429998735553,0.382505763354568,1.02177672642327
1418,"Muntjac","MJK",7,"slope + DE",0.0119330505389423,0.38582299355128,1.01200453877349
1419,"Muntjac","MJK",7,"slope + DE",0.0206753695754,0.395983191883782,1.02089058817631
1420,"Muntjac","MJK",7,"slope + DE",0.0163369301443489,0.409278120216994,1.01647111994977
1421,"Muntjac","MJK",7,"slope + DE",0.0267975778270454,0.43670165447958,1.02715991946573
1422,"Muntjac","MJK",7,"slope + DE",0.0227222984311745,0.492838596903479,1.0229824460491
1423,"Muntjac","MJK",7,"slope + DE",0.0249143991851757,0.410674114822658,1.02522735833619
1424,"Muntjac","MJK",7,"slope + DE",0.0296409940995061,0.369462010686903,1.03008466153893
1425,"Muntjac","MJK",7,"slope + DE",0.0254443263936,0.342130210158402,1.02577079646729
1426,"Muntjac","MJK",7,"slope + DE",0.0293614492619487,0.345611344058604,1.02979675888189
1427,"Muntjac","MJK",7,"slope + DE",0.0252969401520647,0.335892031466371,1.02561962506317
1428,"Muntjac","MJK",7,"slope + DE",0.0297753882638775,0.319229967555744,1.03022310845354
1429,"Muntjac","MJK",7,"slope + DE",0.0374088172976133,0.321839554414109,1.03811734452652
1430,"Muntjac","MJK",7,"slope + DE",0.0357029087886898,0.323521857066204,1.03634793568232
1431,"Muntjac","MJK",7,"slope + DE",0.041167159751042,0.31577900662937,1.04202627895074
1432,"Muntjac","MJK",7,"slope + DE",0.0376780406768758,0.30958751342042,1.03839685942059
1433,"Muntjac","MJK",7,"slope + DE",0.0389022082320237,0.301032027427543,1.03966882400228
1434,"Muntjac","MJK",7,"slope + DE",0.0372757085578,0.304424383128027,1.03797916118566
1435,"Muntjac","MJK",7,"slope + DE",0.0320398334125703,0.301288509543875,1.03255865233351
1436,"Muntjac","MJK",7,"slope + DE",0.0281306696890891,0.302736390585094,1.02853009031249
1437,"Muntjac","MJK",7,"slope + DE",0.0203219116496385,0.294338018912911,1.02052980759288
1438,"Muntjac","MJK",7,"slope + DE",0.0143931799519453,0.285135938309077,1.0144972605621
1439,"Muntjac","MJK",7,"slope + DE",0.0150940895923409,0.296330802894544,1.01520858114121
1440,"Muntjac","MJK",7,"slope + DE",0.00103003743984913,0.287640672243038,1.00103056813437
1441,"Muntjac","MJK",7,"slope + DE",0.000449685645572748,0.285436180450154,1.0004497885166
1442,"Muntjac","MJK",7,"slope + DE",-0.00206729310059669,0.281718340741678,0.997934847986043
1443,"Muntjac","MJK",7,"slope + DE",0.00359288067379271,0.294894804425962,1.00359934564406
1444,"Muntjac","MJK",7,"slope + DE",0.00734709296783395,0.289986345244664,1.00737414969805
1445,"Muntjac","MJK",7,"slope + DE",0.00942528931609301,0.307827845530151,1.00946985007766
1446,"Muntjac","MJK",7,"slope + DE",0.0165094254062663,0.306429226015305,1.01664646035809
1447,"Muntjac","MJK",7,"slope + DE",0.0169454610100651,0.302488333318015,1.01708985053253
1448,"Muntjac","MJK",7,"slope + DE",0.0340143973776947,0.299936929514378,1.03459950271129
1449,"Muntjac","MJK",7,"slope + DE",0.0272843787480818,0.302962873349029,1.02766000789503
1450,"Muntjac","MJK",7,"slope + DE",0.0275510004544293,0.308373516144149,1.02793403898897
1451,"Muntjac","MJK",7,"slope + DE",0.0292919742985242,0.315158147131485,1.02972520449198
1452,"Muntjac","MJK",7,"slope + DE",0.0155415936324621,0.313809766054661,1.0156629945864
1453,"Muntjac","MJK",7,"slope + DE",0.0193525027464214,0.315571341413966,1.01954097821848
1454,"Muntjac","MJK",7,"slope + DE",0.0300415786086632,0.324215400561494,1.03049737973714
1455,"Muntjac","MJK",7,"slope + DE",0.0276066823063837,0.334531100365324,1.02799127909313
1456,"Muntjac","MJK",7,"slope + DE",0.0222028952542236,0.330170684560878,1.02245122251223
1457,"Muntjac","MJK",7,"slope + DE",0.0287323558569076,0.339839100031144,1.02914911190947
1458,"Muntjac","MJK",7,"slope + DE",0.0175466980040821,0.3478488712267,1.01770154897313
1459,"Muntjac","MJK",7,"slope + DE",0.0287472797949444,0.35523448933415,1.02916448283851
1460,"Muntjac","MJK",7,"slope + DE",0.0191388150922559,0.354572806235372,1.01932314517289
1461,"Muntjac","MJK",7,"slope + DE",0.026757532145645,0.364983331131635,1.02711875300363
1462,"Muntjac","MJK",7,"slope + DE",0.0291141452347462,0.372291153399363,1.02954210892872
1463,"Muntjac","MJK",7,"slope + DE",0.0181947072703021,0.37830230072944,1.01836124477574
1464,"Muntjac","MJK",7,"slope + DE",0.0193983733852944,0.388423321408004,1.0195877461004
1465,"Muntjac","MJK",7,"slope + DE",0.0171090505663657,0.408379572927221,1.01725641413202
1466,"Muntjac","MJK",7,"slope + DE",0.0161932233055238,0.443737151239799,1.01632504725373
1467,"Muntjac","MJK",7,"slope + DE",0.0265384921046265,0.430444886295316,1.02689377602577
1468,"Muntjac","MJK",7,"slope + DE",0.0290913903708765,0.373628034615495,1.02951868076055
1469,"Muntjac","MJK",7,"slope + DE",0.0283844686516427,0.357296086375271,1.02879116960825
1470,"Muntjac","MJK",7,"slope + DE",0.0316633837279139,0.340738159575339,1.0321700083158
1471,"Muntjac","MJK",7,"slope + DE",0.0255652258610619,0.337685556343918,1.02589484533722
1472,"Muntjac","MJK",7,"slope + DE",0.0279588500676766,0.32939957997834,1.02835341389481
1473,"Muntjac","MJK",7,"slope + DE",0.0343135567584639,0.321657466893538,1.03490906020779
1474,"Muntjac","MJK",7,"slope + DE",0.0396126571556014,0.315286037466718,1.04040771128123
1475,"Muntjac","MJK",7,"slope + DE",0.0338734931036008,0.315320185062192,1.03445373293486
1476,"Muntjac","MJK",7,"slope + DE",0.0362870243867034,0.304541666754931,1.03695344661411
1477,"Muntjac","MJK",7,"slope + DE",0.0331402811080408,0.306355407651165,1.03369554642819
1478,"Muntjac","MJK",7,"slope + DE",0.0303311009782299,0.305338718797082,1.03079578124535
1479,"Muntjac","MJK",7,"slope + DE",0.0266160943109187,0.303698313300744,1.02697346786415
1480,"Muntjac","MJK",7,"slope + DE",0.0199993047551313,0.302921756064016,1.02020063998066
1481,"Muntjac","MJK",7,"slope + DE",0.0249010707585835,0.29881186031342,1.02521369297771
1482,"Muntjac","MJK",7,"slope + DE",0.0198615840838213,0.294556772345578,1.02006013945668
1483,"Muntjac","MJK",7,"slope + DE",0.0117582323436024,0.296032976606135,1.01182763225959
1484,"Muntjac","MJK",7,"slope + DE",0.00440500571025615,0.280967122875269,1.00441472202773
1485,"Muntjac","MJK",7,"slope + DE",-0.0174535160825246,0.256242594502132,0.982697920355625
1486,"Muntjac","MJK",7,"slope + DE",-0.00773850952496721,0.256050529977015,0.992291355935212
1487,"Muntjac","MJK",7,"slope + DE",0.00619955963518529,0.290025818183834,1.0062188168885
1488,"Muntjac","MJK",7,"slope + DE",0.0136143326713871,0.29656043057251,1.01370744872147
1489,"Muntjac","MJK",7,"slope + DE",0.0150664395196122,0.303978539353277,1.01518051310405
1490,"Muntjac","MJK",7,"slope + DE",0.0173639679287407,0.308592790292177,1.01751559814037
1491,"Muntjac","MJK",7,"slope + DE",0.0265515283572697,0.303909805309476,1.02690716228931
1492,"Muntjac","MJK",7,"slope + DE",0.0369251335654011,0.2836977229013,1.03761533974913
1493,"Muntjac","MJK",7,"slope + DE",0.0327663819742576,0.284529742624758,1.03330911236563
1494,"Muntjac","MJK",7,"slope + DE",0.0260403312143766,0.309312269706131,1.02638234580741
1495,"Muntjac","MJK",7,"slope + DE",0.0275942100189276,0.311975692773606,1.02797845992266
1496,"Muntjac","MJK",7,"slope + DE",0.0228473953481135,0.318926264350003,1.02311039690763
1497,"Muntjac","MJK",7,"slope + DE",0.0241286601473808,0.323623262483546,1.02442212065684
1498,"Muntjac","MJK",7,"slope + DE",0.0222999781482945,0.31527536850425,1.0225504817131
1499,"Muntjac","MJK",7,"slope + DE",0.0274716324904264,0.327585109889626,1.02785245829389
1500,"Muntjac","MJK",7,"slope + DE",0.0251212442349802,0.331314986926295,1.02543944403146
1501,"Muntjac","MJK",7,"slope + DE",0.0254770766100688,0.340853576081471,1.02580439491877
1502,"Muntjac","MJK",7,"slope + DE",0.0327115363861198,0.345810865769071,1.03325244245687
1503,"Muntjac","MJK",7,"slope + DE",0.0255788144960144,0.344726368672456,1.02590877243527
1504,"Muntjac","MJK",7,"slope + DE",0.0285925782262359,0.355111529900735,1.02900526993171
1505,"Muntjac","MJK",7,"slope + DE",0.0201391293774215,0.364462399647559,1.02034341194393
1506,"Muntjac","MJK",7,"slope + DE",0.0212025284180125,0.370772370739417,1.02142890929044
1507,"Muntjac","MJK",7,"slope + DE",0.012089691253957,0.382558431462432,1.01216306700731
1508,"Muntjac","MJK",7,"slope + DE",0.0234802595305535,0.391221485257099,1.02375809575313
1509,"Muntjac","MJK",7,"slope + DE",0.023409629122926,0.414544895172004,1.02368578533616
1510,"Muntjac","MJK",7,"slope + DE",0.0103898018434054,0.455830512095407,1.01044396488793
1511,"Muntjac","MJK",7,"slope + DE",0.0230527328308332,0.464986742135324,1.0233205014155
1512,"Muntjac","MJK",7,"slope + DE",0.0212859050471245,0.396741591779312,1.02151407136791
1513,"Muntjac","MJK",7,"slope + DE",0.0205534268653243,0.351121793920565,1.02076612322578
1514,"Muntjac","MJK",7,"slope + DE",0.0285583214835048,0.34850888820167,1.02897003941546
1515,"Muntjac","MJK",7,"slope + DE",0.0296616668261623,0.343175726125066,1.03010595960365
1516,"Muntjac","MJK",7,"slope + DE",0.0260913993541835,0.335381640535669,1.0264347841361
1517,"Muntjac","MJK",7,"slope + DE",0.0340399714787617,0.321194687702516,1.03462596296028
1518,"Muntjac","MJK",7,"slope + DE",0.0249619024355107,0.318429545407778,1.02527606108046
1519,"Muntjac","MJK",7,"slope + DE",0.0437441270207014,0.311932967962807,1.0447150156811
1520,"Muntjac","MJK",7,"slope + DE",0.0347046100642323,0.310395084691848,1.03531384235805
1521,"Muntjac","MJK",7,"slope + DE",0.0349800415704152,0.322036990721148,1.03559904108406
1522,"Muntjac","MJK",7,"slope + DE",0.0335257081119453,0.306155035506295,1.03409402840712
1523,"Muntjac","MJK",7,"slope + DE",0.0273887096382592,0.308655557726382,1.02776723178318
1524,"Muntjac","MJK",7,"slope + DE",0.0251509755171369,0.294830361215885,1.02546993128354
1525,"Muntjac","MJK",7,"slope + DE",0.0291913562284197,0.301973186797229,1.02962160027584
1526,"Muntjac","MJK",7,"slope + DE",0.0269810652162121,0.29530414821065,1.02734835439554
1527,"Muntjac","MJK",7,"slope + DE",0.0260293273779959,0.296534245658075,1.02637106365595
1528,"Muntjac","MJK",7,"slope + DE",0.0159343760830779,0.295013571889897,1.01606200634942
1529,"Muntjac","MJK",7,"slope + DE",0.010020317618704,0.283982553159735,1.01007068994669
1530,"Muntjac","MJK",7,"slope + DE",0.00628461738506445,0.284763641970709,1.00630441061138
1531,"Muntjac","MJK",7,"slope + DE",0.00930719028207677,0.295326866676389,1.0093506368641
1532,"Muntjac","MJK",7,"slope + DE",0.00962931636769422,0.290829416903547,1.00967584706085
1533,"Muntjac","MJK",7,"slope + DE",0.0144622783482629,0.298646578799739,1.01456736587651
1534,"Muntjac","MJK",7,"slope + DE",0.0190654257821526,0.298952248067057,1.01924835411801
1535,"Muntjac","MJK",7,"slope + DE",0.0178691512492447,0.293199308101879,1.01802975996041
1536,"Muntjac","MJK",7,"slope + DE",0.0290376115270549,0.287737786212198,1.02946331361355
1537,"Muntjac","MJK",7,"slope + DE",0.0289468127180831,0.285979819419748,1.02936984364104
1538,"Muntjac","MJK",7,"slope + DE",0.0232147505999673,0.293013434860113,1.02348631114974
1539,"Muntjac","MJK",7,"slope + DE",0.0270588962837877,0.308147907031086,1.02742831269129
1540,"Muntjac","MJK",7,"slope + DE",0.021595199430577,0.321585004047125,1.02183007566956
1541,"Muntjac","MJK",7,"slope + DE",0.0190014788824001,0.322950918982023,1.01918315595746
1542,"Muntjac","MJK",7,"slope + DE",0.0277608209079564,0.322523582980603,1.02814974812257
1543,"Muntjac","MJK",7,"slope + DE",0.0294140808043498,0.326259330809152,1.02985096934431
1544,"Muntjac","MJK",7,"slope + DE",0.0256945442558817,0.331625011155562,1.02602750698663
1545,"Muntjac","MJK",7,"slope + DE",0.0227623554873578,0.334439612141353,1.02302339575332
1546,"Muntjac","MJK",7,"slope + DE",0.0259672249653399,0.34168197803577,1.02630731070697
1547,"Muntjac","MJK",7,"slope + DE",0.0283107907985165,0.348355968797789,1.02871535610397
1548,"Muntjac","MJK",7,"slope + DE",0.0229664241988138,0.352987479186973,1.02323222491866
1549,"Muntjac","MJK",7,"slope + DE",0.022652224612308,0.36120396746268,1.02291074346254
1550,"Muntjac","MJK",7,"slope + DE",0.0225817985387834,0.363873933139353,1.02283872736288
1551,"Muntjac","MJK",7,"slope + DE",0.0162628008530066,0.388327202050751,1.01639578009115
1552,"Muntjac","MJK",7,"slope + DE",0.0204134105761572,0.405081386311248,1.02062320991912
1553,"Muntjac","MJK",7,"slope + DE",0.0136527359020694,0.416846048546698,1.01374636043393
1554,"Muntjac","MJK",7,"slope + DE",0.0118644468472952,0.452910101293493,1.01193512114616
1555,"Muntjac","MJK",7,"slope + DE",0.0228618282846303,0.410436561257906,1.02312516553673
1556,"Muntjac","MJK",7,"slope + DE",0.0285893042231308,0.378648300320046,1.0290019068593
1557,"Muntjac","MJK",7,"slope + DE",0.0307966868649433,0.35542910265572,1.03127583043741
1558,"Muntjac","MJK",7,"slope + DE",0.023430000184242,0.345576946826894,1.02370664647101
1559,"Muntjac","MJK",7,"slope + DE",0.0353319603293426,0.340649850082129,1.03596355139836
1560,"Muntjac","MJK",7,"slope + DE",0.0221611630599015,0.321254581479788,1.02240854713943
1561,"Muntjac","MJK",7,"slope + DE",0.0299579792351809,0.321431469423521,1.03041123438371
1562,"Muntjac","MJK",7,"slope + DE",0.0311237114714451,0.32062308693291,1.03161312314631
1563,"Muntjac","MJK",7,"slope + DE",0.0317327581777146,0.311401284993875,1.03224161331692
1564,"Muntjac","MJK",7,"slope + DE",0.0306268592024074,0.308727400916522,1.03110068796117
1565,"Muntjac","MJK",7,"slope + DE",0.0308851853471349,0.304792333625106,1.03136708346657
1566,"Muntjac","MJK",7,"slope + DE",0.0388888636967607,0.30233192409357,1.03965493383261
1567,"Muntjac","MJK",7,"slope + DE",0.0284229417569507,0.291700813383961,1.02883073762486
1568,"Muntjac","MJK",7,"slope + DE",0.0314319259709433,0.287604526894129,1.03193112753201
1569,"Muntjac","MJK",7,"slope + DE",0.0277841816674323,0.299290849411863,1.02817376176106
1570,"Muntjac","MJK",7,"slope + DE",0.0337066777936294,0.289436863866178,1.03428118830288
1571,"Muntjac","MJK",7,"slope + DE",0.0314426724185912,0.291907681241859,1.03194221731863
1572,"Muntjac","MJK",7,"slope + DE",0.0335258597709815,0.291268293198139,1.03409419585776
1573,"Muntjac","MJK",7,"slope + DE",0.0303883918119555,0.289185325689523,1.03085486254698
1574,"Muntjac","MJK",7,"slope + DE",0.0268514995022304,0.290090297491686,1.02721525179666
1575,"Muntjac","MJK",7,"slope + DE",0.0168346736211571,0.299657606630204,1.01697717529111
1576,"Muntjac","MJK",7,"slope + DE",0.0251023903538101,0.289512712128237,1.0254201085575
1577,"Muntjac","MJK",7,"slope + DE",0.0160212296674583,0.296692534713048,1.01615025834437
1578,"Muntjac","MJK",7,"slope + DE",0.0166168353447571,0.287418499885756,1.01675566294124
1579,"Muntjac","MJK",7,"slope + DE",0.0195834850104194,0.288458892656049,1.01977649998954
1580,"Muntjac","MJK",7,"slope + DE",0.0251218937389895,0.296279415021584,1.02544011264752
1581,"Muntjac","MJK",7,"slope + DE",0.0170940938483956,0.2992935287432,1.01724103456589
1582,"Muntjac","MJK",7,"slope + DE",0.0180904793253754,0.319012838109689,1.01825510958454
1583,"Muntjac","MJK",7,"slope + DE",0.0206084969599646,0.318707830517669,1.02082232518165
1584,"Muntjac","MJK",7,"slope + DE",0.0114404060420479,0.320168633395835,1.01150609838331
1585,"Muntjac","MJK",7,"slope + DE",0.0200322494509698,0.319105643889175,1.02023424267568
1586,"Muntjac","MJK",7,"slope + DE",0.0251361891361716,0.32339385761303,1.02545476998268
1587,"Muntjac","MJK",7,"slope + DE",0.0308340456394152,0.332043121393293,1.03131433857764
1588,"Muntjac","MJK",7,"slope + DE",0.0265230861664976,0.336778529477289,1.02687797487051
1589,"Muntjac","MJK",7,"slope + DE",0.0145926541243777,0.346048236721723,1.01469964686686
1590,"Muntjac","MJK",7,"slope + DE",0.0196488546025347,0.348068288985863,1.01984316425102
1591,"Muntjac","MJK",7,"slope + DE",0.0183732185663521,0.356914490266746,1.0185430453333
1592,"Muntjac","MJK",7,"slope + DE",0.0253533086251726,0.365453651045026,1.02567743848042
1593,"Muntjac","MJK",7,"slope + DE",0.017041464210334,0.371327482329527,1.01718762518645
1594,"Muntjac","MJK",7,"slope + DE",0.0164916848800718,0.393909771391463,1.01662842410608
1595,"Muntjac","MJK",7,"slope + DE",0.0273398179726436,0.415074709531922,1.02771698048194
1596,"Muntjac","MJK",7,"slope + DE",0.0172588156231293,0.436357326434088,1.01740861098125
1597,"Muntjac","MJK",7,"slope + DE",0.0214725874570681,0.476630095259759,1.02170479080675
1598,"Muntjac","MJK",7,"slope + DE",0.0205087120204831,0.53128131626167,1.02072046124425
1599,"Muntjac","MJK",7,"slope + DE",0.0186829556500146,0.390157244992106,1.01885857456683
1600,"Muntjac","MJK",7,"slope + DE",0.0287800758344185,0.368152234129396,1.02919824056466
1601,"Muntjac","MJK",7,"slope + DE",0.0252997816251173,0.341784161431398,1.02562253783694
1602,"Muntjac","MJK",7,"slope + DE",0.0272602827393443,0.332485187808986,1.02763525088489
1603,"Muntjac","MJK",7,"slope + DE",0.03333094432645,0.334760521100688,1.03389264576052
1604,"Muntjac","MJK",7,"slope + DE",0.0263827588649177,0.321314211500181,1.02673386476562
1605,"Muntjac","MJK",7,"slope + DE",0.0285207469012802,0.321859041767754,1.02893137563534
1606,"Muntjac","MJK",7,"slope + DE",0.0351463225860148,0.312903405650756,1.0357712554698
1607,"Muntjac","MJK",7,"slope + DE",0.0356124964576566,0.301637237322837,1.03625421670807
1608,"Muntjac","MJK",7,"slope + DE",0.0357196367825602,0.297980293883523,1.03636524798041
1609,"Muntjac","MJK",7,"slope + DE",0.0334657554134207,0.294011638646863,1.03403207604811
1610,"Muntjac","MJK",7,"slope + DE",0.0460222511079232,0.294082574118324,1.04709771313452
1611,"Muntjac","MJK",7,"slope + DE",0.039054564560686,0.292863804604548,1.03982723225275
1612,"Muntjac","MJK",7,"slope + DE",0.041429137040165,0.295879480044546,1.04229929958375
1613,"Muntjac","MJK",7,"slope + DE",0.0460651779709868,0.289125279668786,1.04714265999367
1614,"Muntjac","MJK",7,"slope + DE",0.0434727754241398,0.300472127359645,1.04443156046495
1615,"Muntjac","MJK",7,"slope + DE",0.0477647960108955,0.287352899820977,1.04892391721522
1616,"Muntjac","MJK",7,"slope + DE",0.0461593932425029,0.296828995900443,1.04724133605877
1617,"Muntjac","MJK",7,"slope + DE",0.0335689847154106,0.297051474617605,1.03413878419642
1618,"Muntjac","MJK",7,"slope + DE",0.0303233632978439,0.295821696100465,1.03078780569031
1619,"Muntjac","MJK",7,"slope + DE",0.0171374166771803,0.29418810190725,1.01728510839668
1620,"Muntjac","MJK",7,"slope + DE",0.0125448891293099,0.292620082585653,1.01262390634267
1621,"Muntjac","MJK",7,"slope + DE",0.0139980814251995,0.294811946499369,1.01409651363823
1622,"Muntjac","MJK",7,"slope + DE",0.0068870497166547,0.290847718868461,1.00691082281388
1623,"Muntjac","MJK",7,"slope + DE",0.0135673414101781,0.299535480133811,1.01365980051126
1624,"Muntjac","MJK",7,"slope + DE",0.0197383644988169,0.304512403734486,1.01993445610814
1625,"Muntjac","MJK",7,"slope + DE",0.0209931198363073,0.307529873194677,1.02121502708624
1626,"Muntjac","MJK",7,"slope + DE",0.0227268156188806,0.32184333849159,1.02298704876814
1627,"Muntjac","MJK",7,"slope + DE",0.0146589448272351,0.322286791821699,1.01476695440181
1628,"Muntjac","MJK",7,"slope + DE",0.0150353559175425,0.328232882610783,1.01514895631744
1629,"Muntjac","MJK",7,"slope + DE",0.0144684543694651,0.334597526816114,1.01457363329061
1630,"Muntjac","MJK",7,"slope + DE",0.0221053834133613,0.339428762504965,1.02235157141132
1631,"Muntjac","MJK",7,"slope + DE",0.0225367003912814,0.343191456151041,1.02279258077338
1632,"Muntjac","MJK",7,"slope + DE",0.0142980992928946,0.337028788365218,1.01440080614978
1633,"Muntjac","MJK",7,"slope + DE",0.0135385817519027,0.347062830604353,1.01363064454199
1634,"Muntjac","MJK",7,"slope + DE",0.0260836274668515,0.359141957965602,1.02642678419073
1635,"Muntjac","MJK",7,"slope + DE",0.0229652348754861,0.352939767446124,1.02323096893792
1636,"Muntjac","MJK",7,"slope + DE",0.0196976819768941,0.38633947854175,1.01989297044207
1637,"Muntjac","MJK",7,"slope + DE",0.0202804500044413,0.414024769252786,1.02048749838478
1638,"Muntjac","MJK",7,"slope + DE",0.0143823898139991,0.460515332345499,1.01448631912932
1639,"Muntjac","MJK",7,"slope + DE",0.0137984510108598,0.47762892396104,1.0138940988584
1640,"Muntjac","MJK",7,"slope + DE",0.00684055639111709,0.510070065254668,1.00686400890314
1641,"Muntjac","MJK",7,"slope + DE",0.0119086638429332,0.550626481833333,1.01197986546572
1642,"Muntjac","MJK",7,"slope + DE",0.0167659728404466,0.420421923611847,1.01690731065256
1643,"Muntjac","MJK",7,"slope + DE",0.0270326090808193,0.360343539871677,1.02740130484859
1644,"Muntjac","MJK",7,"slope + DE",0.0204274796542564,0.348729827265517,1.02063755712285
1645,"Muntjac","MJK",7,"slope + DE",0.022973900915028,0.33705552014449,1.02323983428418
1646,"Muntjac","MJK",7,"slope + DE",0.0286986659768735,0.325157074742557,1.02911444057049
1647,"Muntjac","MJK",7,"slope + DE",0.0328864712679584,0.327077698501432,1.0334332213075
1648,"Muntjac","MJK",7,"slope + DE",0.0299183632335701,0.315597794219887,1.03037045545194
1649,"Muntjac","MJK",7,"slope + DE",0.0337949737402382,0.312357610244674,1.03437251549352
1650,"Muntjac","MJK",7,"slope + DE",0.0378507642634074,0.304107976052787,1.0385762386979
1651,"Muntjac","MJK",7,"slope + DE",0.0367412866825499,0.300537889363987,1.03742459914305
1652,"Muntjac","MJK",7,"slope + DE",0.0359520005156854,0.28775393807984,1.03660609096818
1653,"Muntjac","MJK",7,"slope + DE",0.0394724094629985,0.293564977873802,1.04026179766915
1654,"Muntjac","MJK",7,"slope + DE",0.0422810834672044,0.297323886113421,1.0431876603929
1655,"Muntjac","MJK",7,"slope + DE",0.0587742805709033,0.292876361470507,1.06053583038816
1656,"Muntjac","MJK",7,"slope + DE",0.05813142527726,0.294778669973259,1.05985427823579
1657,"Muntjac","MJK",7,"slope + DE",0.0668184382938249,0.292803568274803,1.06910140310845
1658,"Muntjac","MJK",7,"slope + DE",0.0700500688730672,0.289614807801686,1.0725618842207
1659,"Muntjac","MJK",7,"slope + DE",0.0664466311306815,0.286592201140648,1.06870392764328
1660,"Muntjac","MJK",7,"slope + DE",0.0596816431848059,0.288984557348981,1.06149855960909
1661,"Muntjac","MJK",7,"slope + DE",0.0367182104784365,0.29217582328428,1.03740065129877
1662,"Muntjac","MJK",7,"slope + DE",0.0292615717598055,0.282789596828416,1.02969390510314
1663,"Muntjac","MJK",7,"slope + DE",0.00617258393500867,0.286839221577002,1.00619167401168
1664,"Muntjac","MJK",7,"slope + DE",0.00326994078020848,0.288809951897555,1.00327529703713
1665,"Muntjac","MJK",7,"slope + DE",-0.000484980362219301,0.300302723246273,0.999515137226917
1666,"Muntjac","MJK",7,"slope + DE",0.00503468869346844,0.301255035173029,1.00504738901631
1667,"Muntjac","MJK",7,"slope + DE",0.0141946185223362,0.290723775264157,1.01429585905137
1668,"Muntjac","MJK",7,"slope + DE",0.02148809047625,0.302220579191217,1.02172062466971
1669,"Muntjac","MJK",7,"slope + DE",0.0307641634962006,0.311284331994762,1.03124228133606
1670,"Muntjac","MJK",7,"slope + DE",0.0258558871862781,0.320896847907072,1.02619305032333
1671,"Muntjac","MJK",7,"slope + DE",0.0296394352801828,0.325698654396001,1.03008306390421
1672,"Muntjac","MJK",7,"slope + DE",0.0230636364309791,0.338033196826434,1.02333166440509
1673,"Muntjac","MJK",7,"slope + DE",0.0227143626889605,0.335242410428434,1.02297430977327
1674,"Muntjac","MJK",7,"slope + DE",0.0245947550325826,0.339507709609992,1.02489978045738
1675,"Muntjac","MJK",7,"slope + DE",0.0164610621432426,0.341456814641205,1.01659729192132
1676,"Muntjac","MJK",7,"slope + DE",0.02148667750902,0.348072754766495,1.02171917919432
1677,"Muntjac","MJK",7,"slope + DE",0.0112405994309974,0.360184919322435,1.01130401335254
1678,"Muntjac","MJK",7,"slope + DE",0.0178786342044483,0.368748074214133,1.01803942037068
1679,"Muntjac","MJK",7,"slope + DE",0.0188165697832797,0.382998841699029,1.0189947518836
1680,"Muntjac","MJK",7,"slope + DE",0.0112048984033784,0.575941083751001,1.01126791689601
1681,"Muntjac","MJK",7,"slope + DE",0.0094166296438554,0.612073936297953,1.00946111683626
1682,"Muntjac","MJK",7,"slope + DE",0.0218014389980454,0.415661238481092,1.0220408315836
1683,"Muntjac","MJK",7,"slope + DE",0.0256484601292531,0.364090387095494,1.02598022552475
1684,"Muntjac","MJK",7,"slope + DE",0.0247726188854486,0.354824852424489,1.02508205983681
1685,"Muntjac","MJK",7,"slope + DE",0.0264404562895241,0.342156292181409,1.02679310689893
1686,"Muntjac","MJK",7,"slope + DE",0.0286451011561234,0.334481141999559,1.02905935825171
1687,"Muntjac","MJK",7,"slope + DE",0.0258362819342899,0.329565456180215,1.02617294653583
1688,"Muntjac","MJK",7,"slope + DE",0.0328571358183553,0.315159690329758,1.03340290525935
1689,"Muntjac","MJK",7,"slope + DE",0.0326557826352801,0.308095589545293,1.03319485757468
1690,"Muntjac","MJK",7,"slope + DE",0.0448125786616731,0.305550456694461,1.04583184207475
1691,"Muntjac","MJK",7,"slope + DE",0.0421822535521203,0.30417860319498,1.04308456983873
1692,"Muntjac","MJK",7,"slope + DE",0.0400056959445647,0.279729309819639,1.04081670839528
1693,"Muntjac","MJK",7,"slope + DE",0.0422917292983426,0.263647238994727,1.04319876634168
1694,"Muntjac","MJK",7,"slope + DE",0.0499531815650477,0.284217848198879,1.05122188363938
1695,"Muntjac","MJK",7,"slope + DE",0.0591135694735129,0.287195985073893,1.06089573271095
1696,"Muntjac","MJK",7,"slope + DE",0.0669207605375081,0.293920452906584,1.06921075114621
1697,"Muntjac","MJK",7,"slope + DE",0.0790211108814485,0.290751548455285,1.08222718743921
1698,"Muntjac","MJK",7,"slope + DE",0.119513781414979,0.276095448557198,1.12694877521734
1699,"Muntjac","MJK",7,"slope + DE",0.0998134962576688,0.282221405347808,1.10496483235448
1700,"Muntjac","MJK",7,"slope + DE",0.0701456740971238,0.281701200992625,1.07266442929556
1701,"Muntjac","MJK",7,"slope + DE",0.0389882973093224,0.284363617620818,1.03975831714057
1702,"Muntjac","MJK",7,"slope + DE",0.0197683817165443,0.292345652086628,1.01996507284885
1703,"Muntjac","MJK",7,"slope + DE",0.0029954090305216,0.286431713351067,1.00299990017454
1704,"Muntjac","MJK",7,"slope + DE",-0.0355012185516649,0.265142640663848,0.96512156157163
1705,"Muntjac","MJK",7,"slope + DE",-0.0119929576486577,0.280261767775544,0.988078671381572
1706,"Muntjac","MJK",7,"slope + DE",0.00815963924380081,0.294023153677902,1.00819302213024
1707,"Muntjac","MJK",7,"slope + DE",0.0112804359670262,0.309912818422546,1.01134430043895
1708,"Muntjac","MJK",7,"slope + DE",0.0253953860542998,0.304568025388466,1.0257206033724
1709,"Muntjac","MJK",7,"slope + DE",0.0335333322846596,0.316053499573345,1.03410192890664
1710,"Muntjac","MJK",7,"slope + DE",0.0298412939081777,0.318024590748585,1.03029101625646
1711,"Muntjac","MJK",7,"slope + DE",0.0252593310689361,0.324688158499887,1.0255810521245
1712,"Muntjac","MJK",7,"slope + DE",0.0253131264230385,0.327363345941142,1.02563623498649
1713,"Muntjac","MJK",7,"slope + DE",0.0180640353490547,0.331371557224743,1.01822818937544
1714,"Muntjac","MJK",7,"slope + DE",0.0226706479506591,0.342882554421201,1.02292958030233
1715,"Muntjac","MJK",7,"slope + DE",0.0144774863327934,0.340882406636605,1.01458279279945
1716,"Muntjac","MJK",7,"slope + DE",0.00965806885848546,0.348671939225561,1.00970485905921
1717,"Muntjac","MJK",7,"slope + DE",0.0126104478551185,0.36262532453927,1.01269029518897
1718,"Muntjac","MJK",7,"slope + DE",0.0187245189558412,0.369102010575317,1.01890092211911
1719,"Muntjac","MJK",7,"slope + DE",0.0110958294049949,0.406551658663223,1.01115761689564
1720,"Muntjac","MJK",7,"slope + DE",0.0183928498471052,0.412810351974742,1.01856304150905
1721,"Muntjac","MJK",7,"slope + DE",0.0297288271443362,0.368676242325594,1.03017514057246
1722,"Muntjac","MJK",7,"slope + DE",0.0232292371851073,0.358340189988886,1.023501137419
1723,"Muntjac","MJK",7,"slope + DE",0.02853222746089,0.342877493312557,1.02894317248392
1724,"Muntjac","MJK",7,"slope + DE",0.0266427562832605,0.340970656015866,1.0270008596073
1725,"Muntjac","MJK",7,"slope + DE",0.0307380147162415,0.327653758617474,1.03121530528867
1726,"Muntjac","MJK",7,"slope + DE",0.0293719705384962,0.32618581790442,1.02980758212301
1727,"Muntjac","MJK",7,"slope + DE",0.0393170174717324,0.312531479139348,1.04010016270298
1728,"Muntjac","MJK",7,"slope + DE",0.0473077899177611,0.307787709338506,1.04844467010204
1729,"Muntjac","MJK",7,"slope + DE",0.0395997880541849,0.307931733732402,1.0403943419789
1730,"Muntjac","MJK",7,"slope + DE",0.044597104867562,0.287916137643173,1.04560653062594
1731,"Muntjac","MJK",7,"slope + DE",0.0342084834539441,0.23357226018419,1.03480032322211
1732,"Muntjac","MJK",7,"slope + DE",0.0490349524799013,0.279979270493557,1.0502570610438
1733,"Muntjac","MJK",7,"slope + DE",0.0656534964066043,0.292552608216373,1.06785663916439
1734,"Muntjac","MJK",7,"slope + DE",0.0746851498934497,0.293103006279011,1.07754483739769
1735,"Muntjac","MJK",7,"slope + DE",0.0991095652906326,0.294717093796397,1.10418727372351
1736,"Muntjac","MJK",7,"slope + DE",0.130365094139903,0.267712753506627,1.13924423956464
1737,"Muntjac","MJK",7,"slope + DE",0.127928931138104,0.269554598261008,1.1364722360527
1738,"Muntjac","MJK",7,"slope + DE",0.0815875737301793,0.29151007418249,1.08500823164561
1739,"Muntjac","MJK",7,"slope + DE",0.0654788919915173,0.298336272873389,1.06767020108418
1740,"Muntjac","MJK",7,"slope + DE",0.0426261480135383,0.289132280215125,1.04354771690602
1741,"Muntjac","MJK",7,"slope + DE",0.0111961274392909,0.284763229276576,1.01125903865459
1742,"Muntjac","MJK",7,"slope + DE",-0.0460103937577965,0.26518486742689,0.955032061127864
1743,"Muntjac","MJK",7,"slope + DE",-0.0144169525972763,0.267977998168586,0.985686474150696
1744,"Muntjac","MJK",7,"slope + DE",0.012464112666562,0.292573525295551,1.01254211358227
1745,"Muntjac","MJK",7,"slope + DE",0.0274878536042342,0.304510914114489,1.02786913268056
1746,"Muntjac","MJK",7,"slope + DE",0.0310243836559825,0.317451598519102,1.03151065576633
1747,"Muntjac","MJK",7,"slope + DE",0.0324898003220099,0.313999607900082,1.03302335659845
1748,"Muntjac","MJK",7,"slope + DE",0.0434774940841189,0.324924930292524,1.04443649463823
1749,"Muntjac","MJK",7,"slope + DE",0.0327739138877399,0.324846516640638,1.0333168996094
1750,"Muntjac","MJK",7,"slope + DE",0.0224514123469927,0.3217047044933,1.02270542574635
1751,"Muntjac","MJK",7,"slope + DE",0.0214629909882318,0.338818062147655,1.0216949969675
1752,"Muntjac","MJK",7,"slope + DE",0.0215830756665176,0.347974571136118,1.0218176757644
1753,"Muntjac","MJK",7,"slope + DE",0.0142640680099232,0.338192167377293,1.01436628821366
1754,"Muntjac","MJK",7,"slope + DE",0.0226203067820035,0.356595292857905,1.02287809929805
1755,"Muntjac","MJK",7,"slope + DE",0.0233133339039379,0.360671913212631,1.02358721423181
1756,"Muntjac","MJK",7,"slope + DE",0.0160880168798971,0.369974695369803,1.01621812665726
1757,"Muntjac","MJK",7,"slope + DE",0.0266022854028871,0.420938526620577,1.02695928496814
1758,"Muntjac","MJK",7,"slope + DE",0.0269202464043625,0.474981471786248,1.02728586990488
1759,"Muntjac","MJK",7,"slope + DE",0.0321767619055182,0.407060595423337,1.03270004954058
1760,"Muntjac","MJK",7,"slope + DE",0.0260522753343999,0.374624971215459,1.02639460947298
1761,"Muntjac","MJK",7,"slope + DE",0.0238692140720177,0.359830700523835,1.02415636412398
1762,"Muntjac","MJK",7,"slope + DE",0.027634312191995,0.343931612886675,1.02801968141589
1763,"Muntjac","MJK",7,"slope + DE",0.0262381301376124,0.340477067271756,1.02658539751448
1764,"Muntjac","MJK",7,"slope + DE",0.033338636085818,0.333888067298117,1.03390059607113
1765,"Muntjac","MJK",7,"slope + DE",0.0410571917874707,0.324871276062189,1.04191169302171
1766,"Muntjac","MJK",7,"slope + DE",0.0459929362938659,0.316895822883315,1.04706701561641
1767,"Muntjac","MJK",7,"slope + DE",0.0523389058016622,0.295912192654398,1.05373280450275
1768,"Muntjac","MJK",7,"slope + DE",0.056492505012465,0.30080023431008,1.05811868422245
1769,"Muntjac","MJK",7,"slope + DE",0.0538813445538331,0.286841725918049,1.05535937323761
1770,"Muntjac","MJK",7,"slope + DE",0.0596624388974991,0.279180471057936,1.06147817373422
1771,"Muntjac","MJK",7,"slope + DE",0.0555550371555525,0.290334684000886,1.0571272050413
1772,"Muntjac","MJK",7,"slope + DE",0.0770309898195256,0.294343520452344,1.08007554798854
1773,"Muntjac","MJK",7,"slope + DE",0.0809661604553373,0.298921106271832,1.08433420257906
1774,"Muntjac","MJK",7,"slope + DE",0.0966998925016341,0.290303792508369,1.10152976652728
1775,"Muntjac","MJK",7,"slope + DE",0.11131618003435,0.29137539166917,1.11774826824941
1776,"Muntjac","MJK",7,"slope + DE",0.103830022254264,0.288045634478096,1.10941198190525
1777,"Muntjac","MJK",7,"slope + DE",0.0935850773092552,0.294529231932528,1.09810402355361
1778,"Muntjac","MJK",7,"slope + DE",0.078648420934202,0.297006272138066,1.0818239294411
1779,"Muntjac","MJK",7,"slope + DE",0.0598069247182681,0.295407651115341,1.06163155223881
1780,"Muntjac","MJK",7,"slope + DE",0.04309666048256,0.2867118071318,1.04403880729449
1781,"Muntjac","MJK",7,"slope + DE",0.0228305813576172,0.286624000611085,1.02309319451817
1782,"Muntjac","MJK",7,"slope + DE",0.0240455890942759,0.289140216825702,1.0243370325913
1783,"Muntjac","MJK",7,"slope + DE",0.0272628937686704,0.29610698711046,1.02763792896424
1784,"Muntjac","MJK",7,"slope + DE",0.038175675719163,0.311890611467315,1.03891372885543
1785,"Muntjac","MJK",7,"slope + DE",0.0362368128910151,0.302947768589354,1.03690136928475
1786,"Muntjac","MJK",7,"slope + DE",0.0402199482391959,0.318906502025421,1.04103972844186
1787,"Muntjac","MJK",7,"slope + DE",0.0351841765524615,0.315380801055067,1.0358104632339
1788,"Muntjac","MJK",7,"slope + DE",0.0418083861652168,0.318099331166173,1.04269466558686
1789,"Muntjac","MJK",7,"slope + DE",0.0258640137959194,0.327895633281171,1.02620141351878
1790,"Muntjac","MJK",7,"slope + DE",0.0225757879558188,0.33816861888639,1.02283255125884
1791,"Muntjac","MJK",7,"slope + DE",0.0207284755992936,0.332815057349988,1.0209448185347
1792,"Muntjac","MJK",7,"slope + DE",0.0249478135108731,0.358066444864844,1.02526161583331
1793,"Muntjac","MJK",7,"slope + DE",0.0159207169109326,0.352316381679869,1.01604812855009
1794,"Muntjac","MJK",7,"slope + DE",0.0179561624472221,0.360063545010085,1.01811834382536
1795,"Muntjac","MJK",7,"slope + DE",0.021412188408536,0.389721685637972,1.02164308181951
1796,"Muntjac","MJK",7,"slope + DE",0.0214903531521369,0.428864352076844,1.0217229340362
1797,"Muntjac","MJK",7,"slope + DE",0.0191024046227175,0.448919550576863,1.01928603461672
1798,"Muntjac","MJK",7,"slope + DE",0.0270364068787896,0.398264337581429,1.0274052173352
1799,"Muntjac","MJK",7,"slope + DE",0.0274039422135473,0.383384250836075,1.0277828914628
1800,"Muntjac","MJK",7,"slope + DE",0.0255335788458435,0.369392346638872,1.02586235342567
1801,"Muntjac","MJK",7,"slope + DE",0.0354207128803118,0.349159720202406,1.0360555092599
1802,"Muntjac","MJK",7,"slope + DE",0.031098400726353,0.34091110780262,1.03158701741793
1803,"Muntjac","MJK",7,"slope + DE",0.0423621062943988,0.3393747183163,1.0432721999639
1804,"Muntjac","MJK",7,"slope + DE",0.0443492827535684,0.32828799052523,1.0453474291028
1805,"Muntjac","MJK",7,"slope + DE",0.0460943043996665,0.313613600752897,1.04717316184976
1806,"Muntjac","MJK",7,"slope + DE",0.0591758039058858,0.302399262795392,1.0609617470686
1807,"Muntjac","MJK",7,"slope + DE",0.0591760091261605,0.290826837988703,1.0609619642589
1808,"Muntjac","MJK",7,"slope + DE",0.0630780225937135,0.295415271602711,1.06510994004921
1809,"Muntjac","MJK",7,"slope + DE",0.0647227520853782,0.290480742113036,1.06686319841568
1810,"Muntjac","MJK",7,"slope + DE",0.0774932398605207,0.296727558173734,1.08057492761862
1811,"Muntjac","MJK",7,"slope + DE",0.0803405642885295,0.298217481905962,1.08365608233578
1812,"Muntjac","MJK",7,"slope + DE",0.0822444595292243,0.294728514681045,1.08572121430473
1813,"Muntjac","MJK",7,"slope + DE",0.0895902985830913,0.297352751521297,1.09372609163101
1814,"Muntjac","MJK",7,"slope + DE",0.0968701107373723,0.295869377323858,1.10171726330355
1815,"Muntjac","MJK",7,"slope + DE",0.0897915311888006,0.296220770942568,1.09394623969781
1816,"Muntjac","MJK",7,"slope + DE",0.0955341183327679,0.291523591507059,1.10024640982356
1817,"Muntjac","MJK",7,"slope + DE",0.0977724227876635,0.294006874615884,1.10271180464045
1818,"Muntjac","MJK",7,"slope + DE",0.0771212288251432,0.295353947477966,1.0801730487996
1819,"Muntjac","MJK",7,"slope + DE",0.0797045349310252,0.292458689264442,1.08296705505904
1820,"Muntjac","MJK",7,"slope + DE",0.0666592964510716,0.295606163131871,1.06893122869712
1821,"Muntjac","MJK",7,"slope + DE",0.0631947419474256,0.295520587258993,1.06523427563889
1822,"Muntjac","MJK",7,"slope + DE",0.0612798989585943,0.295444271580996,1.06319648090589
1823,"Muntjac","MJK",7,"slope + DE",0.0522247272728417,0.298955017475421,1.05361249140232
1824,"Muntjac","MJK",7,"slope + DE",0.0457302110235459,0.308804829416221,1.04679196040683
1825,"Muntjac","MJK",7,"slope + DE",0.0430280192392101,0.310588050712592,1.04396714735977
1826,"Muntjac","MJK",7,"slope + DE",0.0387083477842112,0.325703734843749,1.03946727822495
1827,"Muntjac","MJK",7,"slope + DE",0.0392560127254095,0.317851156205927,1.04003671276687
1828,"Muntjac","MJK",7,"slope + DE",0.0228508387430754,0.318137649018045,1.02311392097505
1829,"Muntjac","MJK",7,"slope + DE",0.0170643351784598,0.333257293157509,1.01721076581871
1830,"Muntjac","MJK",7,"slope + DE",0.0233828138774799,0.339427916596717,1.02365834978984
1831,"Muntjac","MJK",7,"slope + DE",0.0232992660885618,0.349484018069853,1.02357283368984
1832,"Muntjac","MJK",7,"slope + DE",0.0176335640584097,0.353750231654032,1.01778996163861
1833,"Muntjac","MJK",7,"slope + DE",0.0247637640571302,0.375376032114785,1.02507293290379
1834,"Muntjac","MJK",7,"slope + DE",0.0198446473239017,0.402792987567787,1.0200429150985
1835,"Muntjac","MJK",7,"slope + DE",0.0238347271353413,0.433105592863511,1.02412104861529
1836,"Muntjac","MJK",7,"slope + DE",0.0187577297109929,0.502824923061375,1.0189347647089
1837,"Muntjac","MJK",7,"slope + DE",0.0265493372194587,0.452789493237166,1.02690491100487
1838,"Muntjac","MJK",7,"slope + DE",0.0258812726107176,0.387888848267232,1.02621910105783
1839,"Muntjac","MJK",7,"slope + DE",0.0318772366090394,0.375762819396628,1.03239076049026
1840,"Muntjac","MJK",7,"slope + DE",0.0299022752388367,0.370267821225691,1.03035383801313
1841,"Muntjac","MJK",7,"slope + DE",0.034340011794471,0.351817162838018,1.03493645568205
1842,"Muntjac","MJK",7,"slope + DE",0.0356341794298144,0.342648219956425,1.03627668714139
1843,"Muntjac","MJK",7,"slope + DE",0.0450648611925452,0.332730059749426,1.04609571958574
1844,"Muntjac","MJK",7,"slope + DE",0.0500076289591899,0.325338742312621,1.05127913078077
1845,"Muntjac","MJK",7,"slope + DE",0.0487802760306902,0.321208410259307,1.04998961763083
1846,"Muntjac","MJK",7,"slope + DE",0.0606228935006452,0.298372218176809,1.06249816390913
1847,"Muntjac","MJK",7,"slope + DE",0.0700288686005115,0.296301730428539,1.07253914605957
1848,"Muntjac","MJK",7,"slope + DE",0.0758698825874979,0.292719530415203,1.07882219381586
1849,"Muntjac","MJK",7,"slope + DE",0.0869819567290553,0.291883704184794,1.09087699810841
1850,"Muntjac","MJK",7,"slope + DE",0.0807399145887245,0.286383813702848,1.08408890607399
1851,"Muntjac","MJK",7,"slope + DE",0.078495127216019,0.295604620722362,1.08165808454438
1852,"Muntjac","MJK",7,"slope + DE",0.0867676621163746,0.292991865381973,1.09064325511417
1853,"Muntjac","MJK",7,"slope + DE",0.090798735976809,0.29431364518881,1.09504858923169
1854,"Muntjac","MJK",7,"slope + DE",0.0938272826030184,0.298314784233082,1.09837002192321
1855,"Muntjac","MJK",7,"slope + DE",0.0960668459079855,0.2915394987106,1.10083264782555
1856,"Muntjac","MJK",7,"slope + DE",0.0984026436950697,0.297536013236673,1.10340697554014
1857,"Muntjac","MJK",7,"slope + DE",0.0990451604150771,0.29967835148247,1.10411616301268
1858,"Muntjac","MJK",7,"slope + DE",0.111433421850102,0.291203982837197,1.1178793253301
1859,"Muntjac","MJK",7,"slope + DE",0.123065265227246,0.290140063936739,1.13095823135352
1860,"Muntjac","MJK",7,"slope + DE",0.121215973958621,0.289624187668953,1.12886869469418
1861,"Muntjac","MJK",7,"slope + DE",0.102729471571874,0.28786983873613,1.10819157122063
1862,"Muntjac","MJK",7,"slope + DE",0.100156839636145,0.298783007171756,1.10534426712187
1863,"Muntjac","MJK",7,"slope + DE",0.0826771195318933,0.301222955400779,1.08619105684633
1864,"Muntjac","MJK",7,"slope + DE",0.0607518244121311,0.306003892558478,1.06263518124887
1865,"Muntjac","MJK",7,"slope + DE",0.0518466464567363,0.312670010536938,1.05321421719232
1866,"Muntjac","MJK",7,"slope + DE",0.0418732469734504,0.311610898153482,1.04276229709832
1867,"Muntjac","MJK",7,"slope + DE",0.0433758707275335,0.323343463432871,1.04433037652924
1868,"Muntjac","MJK",7,"slope + DE",0.0314193574338549,0.325399783038532,1.03191815646249
1869,"Muntjac","MJK",7,"slope + DE",0.0220419661493506,0.33241525184155,1.02228668500736
1870,"Muntjac","MJK",7,"slope + DE",0.0187579167357139,0.344575140696835,1.01893500158825
1871,"Muntjac","MJK",7,"slope + DE",0.0202133109956137,0.350225848188344,1.02041898340676
1872,"Muntjac","MJK",7,"slope + DE",0.0225083921191323,0.363708016698929,1.02276361750083
1873,"Muntjac","MJK",7,"slope + DE",0.0201295704404607,0.391670378881063,1.02033357778238
1874,"Muntjac","MJK",7,"slope + DE",0.0235777820575229,0.422230406451924,1.02385795614165
1875,"Muntjac","MJK",7,"slope + DE",0.0226271617352937,0.475575551479269,1.02288510805229
1876,"Muntjac","MJK",7,"slope + DE",0.0191484285315181,0.505621894919292,1.01933300556531
1877,"Muntjac","MJK",7,"slope + DE",0.0138001814041626,0.582756472865638,1.0138958664172
1878,"Muntjac","MJK",7,"slope + DE",0.0340428410560513,0.47556969890155,1.03462900619913
1879,"Muntjac","MJK",7,"slope + DE",0.0249135564505911,0.413838485286629,1.02522649985348
1880,"Muntjac","MJK",7,"slope + DE",0.0277489458707774,0.377227481772912,1.02813753386
1881,"Muntjac","MJK",7,"slope + DE",0.0333276187901671,0.364456407106677,1.03388922206235
1882,"Muntjac","MJK",7,"slope + DE",0.032827385393868,0.352588726626293,1.03337214871905
1883,"Muntjac","MJK",7,"slope + DE",0.0340550901315452,0.3402779797312,1.03464160474113
1884,"Muntjac","MJK",7,"slope + DE",0.0471692806434031,0.326486110106753,1.04829945086924
1885,"Muntjac","MJK",7,"slope + DE",0.04519181904881,0.326053737824653,1.04622853166395
1886,"Muntjac","MJK",7,"slope + DE",0.0508997647955275,0.316650129661725,1.05221742329931
1887,"Muntjac","MJK",7,"slope + DE",0.0658247171420463,0.304716996248598,1.06803955678384
1888,"Muntjac","MJK",7,"slope + DE",0.0677552562285053,0.299780960064974,1.07010338092582
1889,"Muntjac","MJK",7,"slope + DE",0.0951226787982413,0.291177374273828,1.0997937688425
1890,"Muntjac","MJK",7,"slope + DE",0.0985111373171192,0.291390152126096,1.10352670778183
1891,"Muntjac","MJK",7,"slope + DE",0.0991165105315879,0.288332985045349,1.10419494900128
1892,"Muntjac","MJK",7,"slope + DE",0.090495957757124,0.294240371474324,1.09471708418354
1893,"Muntjac","MJK",7,"slope + DE",0.0928851785980659,0.29874593484833,1.09733585024457
1894,"Muntjac","MJK",7,"slope + DE",0.0917468035890351,0.292158059152526,1.09608726386878
1895,"Muntjac","MJK",7,"slope + DE",0.104537412380062,0.290220358609631,1.11019692961516
1896,"Muntjac","MJK",7,"slope + DE",0.102555504494173,0.297585095739767,1.10799882230002
1897,"Muntjac","MJK",7,"slope + DE",0.106287080518524,0.303488325751616,1.11214110533156
1898,"Muntjac","MJK",7,"slope + DE",0.124396702829418,0.299987609140474,1.13246503403918
1899,"Muntjac","MJK",7,"slope + DE",0.147176814321833,0.298926495777222,1.15855879485737
1900,"Muntjac","MJK",7,"slope + DE",0.175808086054518,0.293487053351108,1.19220942224913
1901,"Muntjac","MJK",7,"slope + DE",0.180136160567419,0.286905720178534,1.19738043360918
1902,"Muntjac","MJK",7,"slope + DE",0.161705711254027,0.296625582984868,1.17551429121118
1903,"Muntjac","MJK",7,"slope + DE",0.129785545792061,0.303484997026979,1.13858419362261
1904,"Muntjac","MJK",7,"slope + DE",0.0997750088222783,0.293541575081162,1.1049222982315
1905,"Muntjac","MJK",7,"slope + DE",0.0651894984906854,0.308855484939441,1.0673613482707
1906,"Muntjac","MJK",7,"slope + DE",0.0618471370975529,0.315996105408949,1.06379971684596
1907,"Muntjac","MJK",7,"slope + DE",0.0497726134166743,0.317969981408831,1.05103212122608
1908,"Muntjac","MJK",7,"slope + DE",0.0413433666039505,0.317956708467014,1.04220990493205
1909,"Muntjac","MJK",7,"slope + DE",0.0348005153216221,0.322860805548212,1.0354131401146
1910,"Muntjac","MJK",7,"slope + DE",0.0279913459950848,0.340043323062485,1.02838683871734
1911,"Muntjac","MJK",7,"slope + DE",0.0323284390672488,0.345360215597417,1.03285670113939
1912,"Muntjac","MJK",7,"slope + DE",0.01868223527505,0.355331367403529,1.01885784283859
1913,"Muntjac","MJK",7,"slope + DE",0.0307849365887974,0.364088563740321,1.03126369896224
1914,"Muntjac","MJK",7,"slope + DE",0.0243349518072128,0.387376886536618,1.02463347193112
1915,"Muntjac","MJK",7,"slope + DE",0.0196463493115076,0.517347521638866,1.01984061287364
1916,"Muntjac","MJK",7,"slope + DE",0.00926804648062506,0.549642647791213,1.00931112864668
1917,"Muntjac","MJK",7,"slope + DE",0.0183120332825192,0.426316631848689,1.01848072675977
1918,"Muntjac","MJK",7,"slope + DE",0.0335840373245584,0.376818118413083,1.03415435218741
1919,"Muntjac","MJK",7,"slope + DE",0.0340106019396684,0.363437076622275,1.0345955755271
1920,"Muntjac","MJK",7,"slope + DE",0.033421071711662,0.349608776913162,1.03398582978438
1921,"Muntjac","MJK",7,"slope + DE",0.0285952814161202,0.341025551691881,1.02900805352721
1922,"Muntjac","MJK",7,"slope + DE",0.0429640459174938,0.332811082997601,1.04390036608734
1923,"Muntjac","MJK",7,"slope + DE",0.0358293872405194,0.321495829833254,1.03647899650686
1924,"Muntjac","MJK",7,"slope + DE",0.0509592553550621,0.319022972980124,1.05228003572879
1925,"Muntjac","MJK",7,"slope + DE",0.0687033900302952,0.308618427184681,1.07111846265831
1926,"Muntjac","MJK",7,"slope + DE",0.0795881705491397,0.296945524420005,1.08284103395651
1927,"Muntjac","MJK",7,"slope + DE",0.119977760609398,0.271049253448034,1.12747180139421
1928,"Muntjac","MJK",7,"slope + DE",0.150108403403348,0.261661472171052,1.16196020431958
1929,"Muntjac","MJK",7,"slope + DE",0.110487219780582,0.282551080105388,1.11682207822686
1930,"Muntjac","MJK",7,"slope + DE",0.104640704143175,0.284740514095976,1.11031161159294
1931,"Muntjac","MJK",7,"slope + DE",0.0951638587224669,0.290665065791677,1.09983907782146
1932,"Muntjac","MJK",7,"slope + DE",0.103141582021467,0.292394583665237,1.10864836499629
1933,"Muntjac","MJK",7,"slope + DE",0.100997589806826,0.27660797408123,1.10627398160499
1934,"Muntjac","MJK",7,"slope + DE",0.103685077368634,0.284721142669197,1.10925111377106
1935,"Muntjac","MJK",7,"slope + DE",0.108921615114256,0.291159449888412,1.1150750303789
1936,"Muntjac","MJK",7,"slope + DE",0.137060626787526,0.310373329242673,1.14689767913737
1937,"Muntjac","MJK",7,"slope + DE",0.164411928793975,0.296458527625708,1.17869976341369
1938,"Muntjac","MJK",7,"slope + DE",0.196830320753442,0.305718440587069,1.2175374363625
1939,"Muntjac","MJK",7,"slope + DE",0.323192161012186,0.296107080574664,1.38153080620038
1940,"Muntjac","MJK",7,"slope + DE",0.251463225879551,0.301310277452163,1.28590566589518
1941,"Muntjac","MJK",7,"slope + DE",0.150453074795007,0.299069364565641,1.16236076021573
1942,"Muntjac","MJK",7,"slope + DE",0.112012555935059,0.306629401403727,1.11852691079327
1943,"Muntjac","MJK",7,"slope + DE",0.0866797214978423,0.304905277609541,1.09054734632192
1944,"Muntjac","MJK",7,"slope + DE",0.0601761946742314,0.313903062192974,1.06202365598263
1945,"Muntjac","MJK",7,"slope + DE",0.051194238492977,0.314669416051387,1.05252731490247
1946,"Muntjac","MJK",7,"slope + DE",0.033428431395937,0.325043969923046,1.03399344114385
1947,"Muntjac","MJK",7,"slope + DE",0.0399247604637648,0.328261700407171,1.04073251048636
1948,"Muntjac","MJK",7,"slope + DE",0.0252255108055586,0.32905200297059,1.02554636762789
1949,"Muntjac","MJK",7,"slope + DE",0.0279328147696127,0.340455895943227,1.02832664705131
1950,"Muntjac","MJK",7,"slope + DE",0.0240493226333924,0.360421275686809,1.02434104927466
1951,"Muntjac","MJK",7,"slope + DE",0.029964461399588,0.372734638607407,1.03041791381308
1952,"Muntjac","MJK",7,"slope + DE",0.0209869045246907,0.416296959965029,1.02120868105819
1953,"Muntjac","MJK",7,"slope + DE",0.0300346709197392,0.456889499646938,1.03049027199149
1954,"Muntjac","MJK",7,"slope + DE",0.0196012085190204,0.391335347302269,1.01979458011934
1955,"Muntjac","MJK",7,"slope + DE",0.0165251062930266,0.358641832159279,1.01666247018934
1956,"Muntjac","MJK",7,"slope + DE",0.0345451390171504,0.350012352907262,1.03514875440428
1957,"Muntjac","MJK",7,"slope + DE",0.029927878096719,0.336688377844652,1.03038021831696
1958,"Muntjac","MJK",7,"slope + DE",0.0364735325656375,0.320766302611326,1.03714690143271
1959,"Muntjac","MJK",7,"slope + DE",0.0412345134102946,0.304793092463829,1.04209646450632
1960,"Muntjac","MJK",7,"slope + DE",0.0433523289528948,0.308192767238712,1.04430576924971
1961,"Muntjac","MJK",7,"slope + DE",0.0650775403060005,0.30075005992956,1.0672418186604
1962,"Muntjac","MJK",7,"slope + DE",0.0796364521644854,0.300067042033533,1.08289333813218
1963,"Muntjac","MJK",7,"slope + DE",0.11163723728937,0.274797541430665,1.1181072254873
1964,"Muntjac","MJK",7,"slope + DE",0.140712999709413,0.26994152512955,1.15109423619447
1965,"Muntjac","MJK",7,"slope + DE",0.113924276391343,0.279649198767756,1.12066728460754
1966,"Muntjac","MJK",7,"slope + DE",0.0921677495675302,0.299429062406249,1.09654876056644
1967,"Muntjac","MJK",7,"slope + DE",0.103155583850635,0.29482061836009,1.10866389385548
1968,"Muntjac","MJK",7,"slope + DE",0.100696147783108,0.285369147334719,1.10594055103027
1969,"Muntjac","MJK",7,"slope + DE",0.0974216702471815,0.260903390791826,1.10232510487236
1970,"Muntjac","MJK",7,"slope + DE",0.10364418120564,0.287695223249159,1.10920571900494
1971,"Muntjac","MJK",7,"slope + DE",0.122511025946137,0.295069460894001,1.13033163748417
1972,"Muntjac","MJK",7,"slope + DE",0.139139725167646,0.308331512072561,1.14928467405008
1973,"Muntjac","MJK",7,"slope + DE",0.165430408143515,0.298999185994073,1.17990085132676
1974,"Muntjac","MJK",7,"slope + DE",0.221810544918065,0.298399692023189,1.24833485216849
1975,"Muntjac","MJK",7,"slope + DE",0.339325999013018,0.299912978910717,1.40400097447916
1976,"Muntjac","MJK",7,"slope + DE",0.257112866845614,0.298959397773059,1.29319109249189
1977,"Muntjac","MJK",7,"slope + DE",0.165946812360965,0.302267823441885,1.18051031197999
1978,"Muntjac","MJK",7,"slope + DE",0.120447350914682,0.308760175430884,1.12800135196308
1979,"Muntjac","MJK",7,"slope + DE",0.075630647881295,0.306414960417101,1.07856413805678
1980,"Muntjac","MJK",7,"slope + DE",0.0690046254409874,0.313949934883959,1.07144116524502
1981,"Muntjac","MJK",7,"slope + DE",0.0524785676424592,0.3149398857447,1.05387997470426
1982,"Muntjac","MJK",7,"slope + DE",0.0336520671679845,0.323126855103215,1.0342247146269
1983,"Muntjac","MJK",7,"slope + DE",0.0296932953947212,0.335646538050141,1.03013854256721
1984,"Muntjac","MJK",7,"slope + DE",0.0294146104658062,0.335773153477332,1.02985149385717
1985,"Muntjac","MJK",7,"slope + DE",0.0227946574573104,0.348629759432921,1.02305645634606
1986,"Muntjac","MJK",7,"slope + DE",0.0290584628452501,0.351659759678216,1.0294847798836
1987,"Muntjac","MJK",7,"slope + DE",0.02192660284174,0.374442096706606,1.0221687761504
1988,"Muntjac","MJK",7,"slope + DE",0.0166870055541471,0.409833873802199,1.01682701714698
1989,"Muntjac","MJK",7,"slope + DE",0.0252585625420285,0.387286876369386,1.02558028120157
1990,"Muntjac","MJK",7,"slope + DE",0.022374297595844,0.359726758011761,1.02262647978486
1991,"Muntjac","MJK",7,"slope + DE",0.0236647851086864,0.345752540905323,1.02394701828522
1992,"Muntjac","MJK",7,"slope + DE",0.0186374496672828,0.33468840544857,1.01881221925486
1993,"Muntjac","MJK",7,"slope + DE",0.0287451523125841,0.32222531487469,1.02916228285706
1994,"Muntjac","MJK",7,"slope + DE",0.0297366850524683,0.302951465302635,1.03018323570145
1995,"Muntjac","MJK",7,"slope + DE",0.0470282276475599,0.305544529748717,1.04815159707845
1996,"Muntjac","MJK",7,"slope + DE",0.0567278807754999,0.309010338619836,1.05836776925776
1997,"Muntjac","MJK",7,"slope + DE",0.0705238171269315,0.29619123164129,1.07307014384376
1998,"Muntjac","MJK",7,"slope + DE",0.0846230643173428,0.282065715914305,1.0883067682627
1999,"Muntjac","MJK",7,"slope + DE",0.0975197723927664,0.282674807509429,1.10243324262754
2000,"Muntjac","MJK",7,"slope + DE",0.096610492726173,0.290532411402188,1.10143129230911
2001,"Muntjac","MJK",7,"slope + DE",0.0929865528930708,0.297561169635833,1.09744698428857
2002,"Muntjac","MJK",7,"slope + DE",0.0862413639491725,0.29092441511952,1.090069401754
2003,"Muntjac","MJK",7,"slope + DE",0.100805409403141,0.291159415155212,1.106061404546
2004,"Muntjac","MJK",7,"slope + DE",0.111734364059268,0.293252724815442,1.11821580208469
2005,"Muntjac","MJK",7,"slope + DE",0.114051429826576,0.294875140601377,1.12080977271116
2006,"Muntjac","MJK",7,"slope + DE",0.120718428968716,0.29970146770732,1.12830719324568
2007,"Muntjac","MJK",7,"slope + DE",0.136341540737214,0.301203159955927,1.14607327913606
2008,"Muntjac","MJK",7,"slope + DE",0.164562242532057,0.307781568041476,1.17887695100742
2009,"Muntjac","MJK",7,"slope + DE",0.182849175667587,0.295784156347274,1.20063331020591
2010,"Muntjac","MJK",7,"slope + DE",0.202418371552207,0.299757845546022,1.22436014688604
2011,"Muntjac","MJK",7,"slope + DE",0.168416555119168,0.296440190416988,1.18342947480197
2012,"Muntjac","MJK",7,"slope + DE",0.135340547732766,0.294896603960475,1.14492662293135
2013,"Muntjac","MJK",7,"slope + DE",0.110407841935198,0.300721301824427,1.1167334704057
2014,"Muntjac","MJK",7,"slope + DE",0.085877151828468,0.318218139942581,1.08967248122528
2015,"Muntjac","MJK",7,"slope + DE",0.0600790619263455,0.307891329804942,1.06192050088539
2016,"Muntjac","MJK",7,"slope + DE",0.05164155327899,0.315430922113407,1.05299823432969
2017,"Muntjac","MJK",7,"slope + DE",0.0356255832073053,0.313209412806045,1.03626777783018
2018,"Muntjac","MJK",7,"slope + DE",0.0256981545336337,0.335545987046315,1.02603120032704
2019,"Muntjac","MJK",7,"slope + DE",0.0198545110074685,0.340881077189897,1.02005292286929
2020,"Muntjac","MJK",7,"slope + DE",0.0300799129300388,0.350381740162849,1.03053688636347
2021,"Muntjac","MJK",7,"slope + DE",0.0213739082171468,0.358178541080702,1.02160396635387
2022,"Muntjac","MJK",7,"slope + DE",0.0155717359754134,0.376677644267019,1.01569360803166
2023,"Muntjac","MJK",7,"slope + DE",0.0231240643897381,0.408520550110587,1.0233935819365
2024,"Muntjac","MJK",7,"slope + DE",0.0128704590890682,0.479543959321483,1.01295364517487
2025,"Muntjac","MJK",7,"slope + DE",0.014795901033111,0.414007182689957,1.01490590486453
2026,"Muntjac","MJK",7,"slope + DE",0.0170663532886791,0.362649062017717,1.01721281550206
2027,"Muntjac","MJK",7,"slope + DE",0.0196613891247806,0.337246798947644,1.01985594758658
2028,"Muntjac","MJK",7,"slope + DE",0.0183990766870782,0.332582620288678,1.01856938264738
2029,"Muntjac","MJK",7,"slope + DE",0.0178866531984261,0.315305047108875,1.0180475790346
2030,"Muntjac","MJK",7,"slope + DE",0.0230182004282213,0.308003203460236,1.02328516370055
2031,"Muntjac","MJK",7,"slope + DE",0.0411892037108955,0.304197508284991,1.04204924747654
2032,"Muntjac","MJK",7,"slope + DE",0.0381233641126576,0.304239596404767,1.03885938532344
2033,"Muntjac","MJK",7,"slope + DE",0.0532691515269659,0.300922655822238,1.05471348482095
2034,"Muntjac","MJK",7,"slope + DE",0.069881869787614,0.291900331520638,1.07238149315568
2035,"Muntjac","MJK",7,"slope + DE",0.0805326933280774,0.283829157850024,1.08386428136547
2036,"Muntjac","MJK",7,"slope + DE",0.0870115602882411,0.286816682306534,1.09090940473959
2037,"Muntjac","MJK",7,"slope + DE",0.0789788956366167,0.299677283139715,1.0821814844342
2038,"Muntjac","MJK",7,"slope + DE",0.096659087956135,0.294925155783546,1.10148480023989
2039,"Muntjac","MJK",7,"slope + DE",0.107741876422492,0.290446265467695,1.11376023207573
2040,"Muntjac","MJK",7,"slope + DE",0.116056254309948,0.292516707016907,1.12305904808615
2041,"Muntjac","MJK",7,"slope + DE",0.114463679986657,0.297562348491306,1.1212719422578
2042,"Muntjac","MJK",7,"slope + DE",0.124908466405934,0.299949985989392,1.13304473806006
2043,"Muntjac","MJK",7,"slope + DE",0.132024981262951,0.294665816233422,1.14113683035932
2044,"Muntjac","MJK",7,"slope + DE",0.137294388298247,0.297298755049294,1.1471658110739
2045,"Muntjac","MJK",7,"slope + DE",0.145125281010735,0.295273655165075,1.15618442036572
2046,"Muntjac","MJK",7,"slope + DE",0.14256966201518,0.298692819110966,1.15323342115425
2047,"Muntjac","MJK",7,"slope + DE",0.13164836359647,0.291603086188759,1.14070713593933
2048,"Muntjac","MJK",7,"slope + DE",0.101502968821039,0.30209916433962,1.10683320439311
2049,"Muntjac","MJK",7,"slope + DE",0.0862482793946126,0.30489789719197,1.09007693928478
2050,"Muntjac","MJK",7,"slope + DE",0.0664222927986083,0.310116160801996,1.06867791692051
2051,"Muntjac","MJK",7,"slope + DE",0.0457288687933908,0.308449234712895,1.0467905549239
2052,"Muntjac","MJK",7,"slope + DE",0.0408337383369708,0.314528718904467,1.04167890322217
2053,"Muntjac","MJK",7,"slope + DE",0.029621485012512,0.313165768775734,1.03006460627974
2054,"Muntjac","MJK",7,"slope + DE",0.0234717220311922,0.321696838564669,1.02374936646361
2055,"Muntjac","MJK",7,"slope + DE",0.0244895864114944,0.336078933558395,1.0247919195311
2056,"Muntjac","MJK",7,"slope + DE",0.0201099788401266,0.346440568450862,1.02031354675729
2057,"Muntjac","MJK",7,"slope + DE",0.0137409084464432,0.355733631717025,1.01383574879745
2058,"Muntjac","MJK",7,"slope + DE",0.0151867080443525,0.382373660063209,1.0153026120853
2059,"Muntjac","MJK",7,"slope + DE",0.0160166920382656,0.405602543314233,1.01614570950243
2060,"Muntjac","MJK",7,"slope + DE",0.0235963112103379,0.472661147510977,1.02387690696329
2061,"Muntjac","MJK",7,"slope + DE",0.00785708691364212,0.390361051045827,1.00788803883155
2062,"Muntjac","MJK",7,"slope + DE",0.00950247733217686,0.35226981624877,1.00954778323786
2063,"Muntjac","MJK",7,"slope + DE",0.0155368106389171,0.341457544231642,1.01565813806117
2064,"Muntjac","MJK",7,"slope + DE",0.0160662368080886,0.333425933978024,1.01619599449615
2065,"Muntjac","MJK",7,"slope + DE",0.0160276170726839,0.319879036947607,1.0161567486124
2066,"Muntjac","MJK",7,"slope + DE",0.0180207897669787,0.319798665313997,1.01818415209149
2067,"Muntjac","MJK",7,"slope + DE",0.0240022482175472,0.312686380657671,1.02429266004074
2068,"Muntjac","MJK",7,"slope + DE",0.0347644561296086,0.306337833533211,1.03537580763138
2069,"Muntjac","MJK",7,"slope + DE",0.0419645507879325,0.297245258892366,1.0428575101303
2070,"Muntjac","MJK",7,"slope + DE",0.0450106693052521,0.287126191037195,1.04603902043034
2071,"Muntjac","MJK",7,"slope + DE",0.0592931762345772,0.287740830397583,1.06108628301464
2072,"Muntjac","MJK",7,"slope + DE",0.0675460440796368,0.292405828744558,1.06987952319689
2073,"Muntjac","MJK",7,"slope + DE",0.0872494853469186,0.291174473992558,1.0911688810106
2074,"Muntjac","MJK",7,"slope + DE",0.09563551592302,0.295742038518638,1.10035793432998
2075,"Muntjac","MJK",7,"slope + DE",0.119316114993344,0.295269903763528,1.12672603823952
2076,"Muntjac","MJK",7,"slope + DE",0.126056031004175,0.296977838274317,1.13434574349883
2077,"Muntjac","MJK",7,"slope + DE",0.131548183700722,0.306440120279212,1.14059288043125
2078,"Muntjac","MJK",7,"slope + DE",0.129296748983504,0.298266054457844,1.1380277842085
2079,"Muntjac","MJK",7,"slope + DE",0.122667031651016,0.302747019629705,1.13050800859433
2080,"Muntjac","MJK",7,"slope + DE",0.115882102064798,0.298265538548896,1.12286348107348
2081,"Muntjac","MJK",7,"slope + DE",0.112345152390465,0.292658916826704,1.11889902316107
2082,"Muntjac","MJK",7,"slope + DE",0.112565712753305,0.292427725600915,1.11914580628743
2083,"Muntjac","MJK",7,"slope + DE",0.0935582059952975,0.298152633012728,1.09807451651454
2084,"Muntjac","MJK",7,"slope + DE",0.0723111220603272,0.302389958800402,1.07498975072787
2085,"Muntjac","MJK",7,"slope + DE",0.066555390076162,0.302369417417488,1.06882023119466
2086,"Muntjac","MJK",7,"slope + DE",0.0507124859174913,0.29566164964833,1.05202039247376
2087,"Muntjac","MJK",7,"slope + DE",0.0363936608353983,0.300574818133627,1.03706401781692
2088,"Muntjac","MJK",7,"slope + DE",0.0279112148678446,0.309192831964111,1.02830438763671
2089,"Muntjac","MJK",7,"slope + DE",0.0257562210832757,0.316673304323424,1.02609078917343
2090,"Muntjac","MJK",7,"slope + DE",0.0263040987843811,0.322414248373632,1.02665310497105
2091,"Muntjac","MJK",7,"slope + DE",0.0103569596896295,0.336826340859762,1.0104108008488
2092,"Muntjac","MJK",7,"slope + DE",0.0133373933192781,0.339598800512125,1.01342675683278
2093,"Muntjac","MJK",7,"slope + DE",0.0140696044533719,0.355738062496432,1.01416904885602
2094,"Muntjac","MJK",7,"slope + DE",0.00849101959853523,0.374160845413083,1.0085271705788
2095,"Muntjac","MJK",7,"slope + DE",0.0027400388860295,0.413893816005977,1.00274379661756
2096,"Muntjac","MJK",7,"slope + DE",-0.00187370137473814,0.51411605076156,0.99812805528305
2097,"Muntjac","MJK",7,"slope + DE",0.00745326771038825,0.419782533124375,1.00748111810247
2098,"Muntjac","MJK",7,"slope + DE",0.00371203121141081,0.374577356630395,1.00371892984328
2099,"Muntjac","MJK",7,"slope + DE",0.0105161484946861,0.35639821355158,1.01057163855161
2100,"Muntjac","MJK",7,"slope + DE",0.0125372605016081,0.343123272324353,1.0126161814265
2101,"Muntjac","MJK",7,"slope + DE",0.00623306320559071,0.330156308774996,1.00625253231419
2102,"Muntjac","MJK",7,"slope + DE",0.0063112927860987,0.327185443224208,1.00633125103434
2103,"Muntjac","MJK",7,"slope + DE",0.0182671765393321,0.310594994838637,1.01843504274769
2104,"Muntjac","MJK",7,"slope + DE",0.014176206099315,0.307185431256623,1.01427716667657
2105,"Muntjac","MJK",7,"slope + DE",0.027826167600123,0.303817314734676,1.02821693217948
2106,"Muntjac","MJK",7,"slope + DE",0.0242981275567795,0.298947400658576,1.02459574732774
2107,"Muntjac","MJK",7,"slope + DE",0.0293041554632655,0.285609571552734,1.02973774763575
2108,"Muntjac","MJK",7,"slope + DE",0.0425170352598168,0.285642697971807,1.04343383146651
2109,"Muntjac","MJK",7,"slope + DE",0.0539260066155817,0.288588225323225,1.05540650693714
2110,"Muntjac","MJK",7,"slope + DE",0.0832838340284899,0.29883814605062,1.08685025194545
2111,"Muntjac","MJK",7,"slope + DE",0.0981496326118565,0.294780464802059,1.10312783781158
2112,"Muntjac","MJK",7,"slope + DE",0.12465394839384,0.288362983881398,1.13275639345283
2113,"Muntjac","MJK",7,"slope + DE",0.149010572309003,0.290364195348334,1.16068527419334
2114,"Muntjac","MJK",7,"slope + DE",0.144704636153217,0.299242133180208,1.15569817569087
2115,"Muntjac","MJK",7,"slope + DE",0.129715534554852,0.300918250344787,1.13850447907241
2116,"Muntjac","MJK",7,"slope + DE",0.114170596942858,0.300313674437105,1.12094334705691
2117,"Muntjac","MJK",7,"slope + DE",0.0895979953557447,0.3015601417828,1.09373450906512
2118,"Muntjac","MJK",7,"slope + DE",0.0866827398611238,0.289558914021156,1.09055063679401
2119,"Muntjac","MJK",7,"slope + DE",0.0600147251212849,0.276449531494778,1.06185219504264
2120,"Muntjac","MJK",7,"slope + DE",0.0562334496798835,0.283805804652823,1.05784460944522
2121,"Muntjac","MJK",7,"slope + DE",0.0664846530674149,0.298131272041095,1.06874456409286
2122,"Muntjac","MJK",7,"slope + DE",0.0496842605725322,0.286166222160107,1.05093922123408
2123,"Muntjac","MJK",7,"slope + DE",0.0354031734206048,0.294623772454163,1.03603733582563
2124,"Muntjac","MJK",7,"slope + DE",0.028761707848554,0.292506494330905,1.02917932219377
2125,"Muntjac","MJK",7,"slope + DE",0.0193885692352435,0.288407425201103,1.01957774824989
2126,"Muntjac","MJK",7,"slope + DE",0.0175376365669174,0.301021173897979,1.01769232421507
2127,"Muntjac","MJK",7,"slope + DE",0.0136371867600453,0.318344558255527,1.01373072356616
2128,"Muntjac","MJK",7,"slope + DE",0.0185662460885672,0.321971932195136,1.01873968246596
2129,"Muntjac","MJK",7,"slope + DE",0.0069186786009191,0.33621928565211,1.00694267010427
2130,"Muntjac","MJK",7,"slope + DE",0.00487318466204226,0.352660810956723,1.00488507817417
2131,"Muntjac","MJK",7,"slope + DE",0.0107179107270303,0.385280130782633,1.01077555331114
2132,"Muntjac","MJK",7,"slope + DE",0.00485171756207902,0.456033946169957,1.00486350652288
2133,"Muntjac","MJK",7,"slope + DE",0.000887777239424247,0.44381239042886,1.0008881799007
2134,"Muntjac","MJK",7,"slope + DE",-0.00392884836214728,0.388980041660694,0.996078859654431
2135,"Muntjac","MJK",7,"slope + DE",0.00278484891575578,0.365456941449994,1.00278873669187
2136,"Muntjac","MJK",7,"slope + DE",-0.00049572472887681,0.361526054684515,0.999504398133346
2137,"Muntjac","MJK",7,"slope + DE",-0.00193928829076008,0.348915606070577,0.998062591070489
2138,"Muntjac","MJK",7,"slope + DE",0.0088923684843178,0.336561370737947,1.00893202318363
2139,"Muntjac","MJK",7,"slope + DE",0.00667321040086744,0.324496496419167,1.0066955259909
2140,"Muntjac","MJK",7,"slope + DE",0.00562696047188765,0.308658120872125,1.00564282308699
2141,"Muntjac","MJK",7,"slope + DE",0.00870542605590193,0.313492035264276,1.00874342888991
2142,"Muntjac","MJK",7,"slope + DE",0.00653144699093162,0.301260723703389,1.00655282351947
2143,"Muntjac","MJK",7,"slope + DE",0.0160278587577616,0.291619397345685,1.01615699416547
2144,"Muntjac","MJK",7,"slope + DE",0.013658608603815,0.260136339551377,1.013752317341
2145,"Muntjac","MJK",7,"slope + DE",0.0230919417648353,0.264494396511046,1.02336062850062
2146,"Muntjac","MJK",7,"slope + DE",0.0447905026564702,0.291588059436395,1.04580874826699
2147,"Muntjac","MJK",7,"slope + DE",0.0628965405749429,0.296501982807174,1.06491665898581
2148,"Muntjac","MJK",7,"slope + DE",0.0983356727595929,0.292246026647731,1.10333308285171
2149,"Muntjac","MJK",7,"slope + DE",0.130944154226694,0.289147654296333,1.13990412225341
2150,"Muntjac","MJK",7,"slope + DE",0.221433045606989,0.280179287069598,1.247863709739
2151,"Muntjac","MJK",7,"slope + DE",0.181853695775775,0.284782505709578,1.19943870347037
2152,"Muntjac","MJK",7,"slope + DE",0.136005244429979,0.292704494560826,1.14568790220652
2153,"Muntjac","MJK",7,"slope + DE",0.111569093046499,0.300725558448791,1.11803099092453
2154,"Muntjac","MJK",7,"slope + DE",0.0770720019011022,0.290804866875791,1.08011984447501
2155,"Muntjac","MJK",7,"slope + DE",0.0561400923760018,0.289064572652134,1.05774591509108
2156,"Muntjac","MJK",7,"slope + DE",0.0225015878090312,0.249567727351075,1.0227566588983
2157,"Muntjac","MJK",7,"slope + DE",0.0269554563138634,0.260968606845337,1.02732204601944
2158,"Muntjac","MJK",7,"slope + DE",0.0487885298201397,0.290303622806874,1.04999828403715
2159,"Muntjac","MJK",7,"slope + DE",0.0416197084927789,0.291441124483652,1.04249795337689
2160,"Muntjac","MJK",7,"slope + DE",0.0281658881477489,0.300782373139339,1.02856630849105
2161,"Muntjac","MJK",7,"slope + DE",0.0198041653487962,0.290452385366578,1.02000156882076
2162,"Muntjac","MJK",7,"slope + DE",0.00346275100321247,0.254812706343631,1.00346875763916
2163,"Muntjac","MJK",7,"slope + DE",0.0117087715393546,0.299121328709787,1.0117775877781
2164,"Muntjac","MJK",7,"slope + DE",0.0104093824190569,0.309923165003704,1.01046375278373
2165,"Muntjac","MJK",7,"slope + DE",0.0134538316730958,0.331956144053,1.0135447449044
2166,"Muntjac","MJK",7,"slope + DE",0.0123361893161014,0.338237590152722,1.01241259724486
2167,"Muntjac","MJK",7,"slope + DE",0.0108420805132076,0.353553340357042,1.01090107642565
2168,"Muntjac","MJK",7,"slope + DE",0.00659075033881729,0.392797452118456,1.00661252455535
2169,"Muntjac","MJK",7,"slope + DE",-0.00520329787597087,0.423015353555046,0.994810217052864
2170,"Muntjac","MJK",7,"slope + DE",-0.00124415373174065,0.376799529117988,0.998756619906638
2171,"Muntjac","MJK",7,"slope + DE",0.00172122470857192,0.35866929059217,1.0017227069705
2172,"Muntjac","MJK",7,"slope + DE",0.00250865330161894,0.352232717117471,1.00251180268147
2173,"Muntjac","MJK",7,"slope + DE",-0.000183444592515218,0.332078886284449,0.999816576021165
2174,"Muntjac","MJK",7,"slope + DE",0.00245575761989681,0.333302373814611,1.00245878191145
2175,"Muntjac","MJK",7,"slope + DE",-0.00164878237163239,0.326659802045301,0.998352576786697
2176,"Muntjac","MJK",7,"slope + DE",0.00115709424541507,0.311628639267954,1.00115777038706
2177,"Muntjac","MJK",7,"slope + DE",0.00513617812665876,0.312812481973511,1.00514940060283
2178,"Muntjac","MJK",7,"slope + DE",0.00473150467982779,0.307257966183272,1.00474271688817
2179,"Muntjac","MJK",7,"slope + DE",0.00887759492819082,0.29278746343829,1.00891712567858
2180,"Muntjac","MJK",7,"slope + DE",0.0139131070443107,0.275122814053717,1.01401034731256
2181,"Muntjac","MJK",7,"slope + DE",0.0171166467987392,0.271122732199486,1.01726398466938
2182,"Muntjac","MJK",7,"slope + DE",0.0299278173123225,0.287924459126632,1.03038015939243
2183,"Muntjac","MJK",7,"slope + DE",0.0536234613970535,0.29664244861654,1.05508724714312
2184,"Muntjac","MJK",7,"slope + DE",0.0752038318342772,0.298533747029766,1.07810388306505
2185,"Muntjac","MJK",7,"slope + DE",0.115799494211653,0.29105618334991,1.12277073252687
2186,"Muntjac","MJK",7,"slope + DE",0.188814327399707,0.282948502350789,1.20781667345295
2187,"Muntjac","MJK",7,"slope + DE",0.17261487522486,0.283064000865961,1.18840833159291
2188,"Muntjac","MJK",7,"slope + DE",0.110262339083753,0.288186145939341,1.1165709571391
2189,"Muntjac","MJK",7,"slope + DE",0.0872170381639926,0.288811879981751,1.09113350411605
2190,"Muntjac","MJK",7,"slope + DE",0.0740127890265486,0.281376559407181,1.07682058063057
2191,"Muntjac","MJK",7,"slope + DE",0.0456326639346128,0.287988203764925,1.0466898536109
2192,"Muntjac","MJK",7,"slope + DE",0.0192966565185644,0.267167407974589,1.01948405014952
2193,"Muntjac","MJK",7,"slope + DE",0.0243000455289878,0.280039361483568,1.02459770089341
2194,"Muntjac","MJK",7,"slope + DE",0.0272178196609087,0.290173811425059,1.02759160805751
2195,"Muntjac","MJK",7,"slope + DE",0.0270246500501158,0.292556615383515,1.02739312820702
2196,"Muntjac","MJK",7,"slope + DE",0.031516221867998,0.297259467740975,1.0320181167677
2197,"Muntjac","MJK",7,"slope + DE",0.0173548640037876,0.288735438983642,1.01750634769201
2198,"Muntjac","MJK",7,"slope + DE",-0.00312004954473079,0.249003460028028,0.996884812861955
2199,"Muntjac","MJK",7,"slope + DE",0.00827148620313627,0.291905201195816,1.00830578949365
2200,"Muntjac","MJK",7,"slope + DE",0.0143241240472656,0.307391958634556,1.01442720649919
2201,"Muntjac","MJK",7,"slope + DE",0.0100288378390388,0.317137935515575,1.01007929684464
2202,"Muntjac","MJK",7,"slope + DE",0.0114439369510049,0.338355139367871,1.01150966931818
2203,"Muntjac","MJK",7,"slope + DE",0.00808060240253963,0.354793124678042,1.00811333902241
2204,"Muntjac","MJK",7,"slope + DE",0.0108414675869401,0.40296660364469,1.01090044926804
2205,"Muntjac","MJK",7,"slope + DE",-0.0102600400337457,0.407964873524877,0.989792414631224
2206,"Muntjac","MJK",7,"slope + DE",-0.00143677846996443,0.373763082340008,0.998564253210285
2207,"Muntjac","MJK",7,"slope + DE",-0.000749976014338092,0.36026450779778,0.99925030930663
2208,"Muntjac","MJK",7,"slope + DE",0.00117332192387812,0.344649489917113,1.00117401816862
2209,"Muntjac","MJK",7,"slope + DE",-0.0111045399911696,0.339370803338056,0.988956888402662
2210,"Muntjac","MJK",7,"slope + DE",0.00122088998499793,0.336412878786286,1.00122163634459
2211,"Muntjac","MJK",7,"slope + DE",-0.00166811557851854,0.314833330994952,0.99833327675877
2212,"Muntjac","MJK",7,"slope + DE",-0.00184568849754642,0.318144306190036,0.998156013767482
2213,"Muntjac","MJK",7,"slope + DE",0.00284819244042706,0.307797319555895,1.00285225450378
2214,"Muntjac","MJK",7,"slope + DE",0.000336187115942606,0.298700880870316,1.00033624421562
2215,"Muntjac","MJK",7,"slope + DE",0.00580185044714391,0.29081250360887,1.0058187144449
2216,"Muntjac","MJK",7,"slope + DE",0.00291880203662579,0.291198751837143,1.00292306588746
2217,"Muntjac","MJK",7,"slope + DE",0.00549982781418078,0.287019328433047,1.00551498140446
2218,"Muntjac","MJK",7,"slope + DE",0.01678867787305,0.288675316296966,1.01693039976098
2219,"Muntjac","MJK",7,"slope + DE",0.0275139261043492,0.28816298965402,1.02789593596133
2220,"Muntjac","MJK",7,"slope + DE",0.0483847646325039,0.293882462601036,1.04957441753105
2221,"Muntjac","MJK",7,"slope + DE",0.0772570430936474,0.294614907638955,1.08031975431317
2222,"Muntjac","MJK",7,"slope + DE",0.0833530105840404,0.286730279892475,1.08692543879604
2223,"Muntjac","MJK",7,"slope + DE",0.0850136738563009,0.293547707474956,1.08873196017098
2224,"Muntjac","MJK",7,"slope + DE",0.0764321826989119,0.302062898462122,1.07942898429687
2225,"Muntjac","MJK",7,"slope + DE",0.0644646576507316,0.300834984529411,1.06658792591034
2226,"Muntjac","MJK",7,"slope + DE",0.0586801887232358,0.301550839124371,1.06043604805469
2227,"Muntjac","MJK",7,"slope + DE",0.0467187905993122,0.288407234253477,1.04782730904614
2228,"Muntjac","MJK",7,"slope + DE",0.0377626232801541,0.286774977718842,1.0384846922176
2229,"Muntjac","MJK",7,"slope + DE",0.0296510588331925,0.286814233016153,1.03009502868123
2230,"Muntjac","MJK",7,"slope + DE",0.0284155128226873,0.287329021212602,1.02882309710832
2231,"Muntjac","MJK",7,"slope + DE",0.030054365502411,0.294052340559311,1.03051055734026
2232,"Muntjac","MJK",7,"slope + DE",0.0326586856405848,0.291472201521532,1.03319784485815
2233,"Muntjac","MJK",7,"slope + DE",0.0160245171981267,0.286688857132065,1.01615359852194
2234,"Muntjac","MJK",7,"slope + DE",0.0148249126624669,0.291332184018424,1.01493534790338
2235,"Muntjac","MJK",7,"slope + DE",0.0041893265742981,0.295374377158759,1.0041981145055
2236,"Muntjac","MJK",7,"slope + DE",0.00798432142633374,0.311522411300263,1.00801628787402
2237,"Muntjac","MJK",7,"slope + DE",0.00907850255173925,0.319148709099471,1.00911983724176
2238,"Muntjac","MJK",7,"slope + DE",0.0104134213893013,0.337804200794494,1.01046785766006
2239,"Muntjac","MJK",7,"slope + DE",0.00515495680351395,0.35856925152051,1.00516826653331
2240,"Muntjac","MJK",7,"slope + DE",0.00436944166464751,0.424249155342035,1.00437900301233
2241,"Muntjac","MJK",7,"slope + DE",-0.0111966074156857,0.469080804908036,0.988865845972011
2242,"Muntjac","MJK",7,"slope + DE",-0.0091916828191752,0.403002196073764,0.990850482780056
2243,"Muntjac","MJK",7,"slope + DE",-0.00802586745835363,0.369622065342633,0.99200625554559
2244,"Muntjac","MJK",7,"slope + DE",-0.00817372147035967,0.36202852878458,0.991859598303914
2245,"Muntjac","MJK",7,"slope + DE",-0.00921156320854308,0.34701409741523,0.990830733417001
2246,"Muntjac","MJK",7,"slope + DE",-0.00753876072097968,0.334267313839174,0.992489584732769
2247,"Muntjac","MJK",7,"slope + DE",-0.00758106487466369,0.331051443050164,0.992447604078091
2248,"Muntjac","MJK",7,"slope + DE",-0.00620056648212673,0.317900202011383,0.993818617605487
2249,"Muntjac","MJK",7,"slope + DE",-0.00437125058079889,0.304730836222245,0.995638289429423
2250,"Muntjac","MJK",7,"slope + DE",-0.00328720174119392,0.311458945926387,0.996718195237117
2251,"Muntjac","MJK",7,"slope + DE",-0.00507344459491511,0.300404585418022,0.994939404076311
2252,"Muntjac","MJK",7,"slope + DE",-0.0013609253946411,0.296434738049789,0.998640000250236
2253,"Muntjac","MJK",7,"slope + DE",-0.0036866270753263,0.298272025277789,0.996320167186946
2254,"Muntjac","MJK",7,"slope + DE",-0.00314013554025296,0.287961254099389,0.996864792863793
2255,"Muntjac","MJK",7,"slope + DE",0.00388657011557384,0.278160018849764,1.00389414283159
2256,"Muntjac","MJK",7,"slope + DE",0.0106531300401446,0.285680222379688,1.01071009273206
2257,"Muntjac","MJK",7,"slope + DE",0.0175665040697028,0.293540362334711,1.01772171279593
2258,"Muntjac","MJK",7,"slope + DE",0.0310704438803772,0.287585059258208,1.03155817210352
2259,"Muntjac","MJK",7,"slope + DE",0.0356918213664353,0.280436723031478,1.03633642361888
2260,"Muntjac","MJK",7,"slope + DE",0.0332778196134169,0.284269257040271,1.03383772266921
2261,"Muntjac","MJK",7,"slope + DE",0.0392249382367421,0.292267048406091,1.04000440245937
2262,"Muntjac","MJK",7,"slope + DE",0.0403128628723056,0.292255195908255,1.04113645621079
2263,"Muntjac","MJK",7,"slope + DE",0.0487055656423736,0.288341828063195,1.04991117731362
2264,"Muntjac","MJK",7,"slope + DE",0.0473572762945557,0.297256278718649,1.04849655734463
2265,"Muntjac","MJK",7,"slope + DE",0.0395385782775343,0.299989053611876,1.04033068563806
2266,"Muntjac","MJK",7,"slope + DE",0.032595266680275,0.29610610001145,1.03313231365855
2267,"Muntjac","MJK",7,"slope + DE",0.0378289732656104,0.295768305032495,1.03855359776562
2268,"Muntjac","MJK",7,"slope + DE",0.0363749350695985,0.297280157430214,1.03704461368724
2269,"Muntjac","MJK",7,"slope + DE",0.0254426854471147,0.296204675451755,1.02576912117244
2270,"Muntjac","MJK",7,"slope + DE",0.0137171632932763,0.296618107050144,1.01381170313375
2271,"Muntjac","MJK",7,"slope + DE",0.0104282895854453,0.293314064919838,1.01048285874233
2272,"Muntjac","MJK",7,"slope + DE",0.00447707811600436,0.302002953826858,1.00448711581581
2273,"Muntjac","MJK",7,"slope + DE",0.00587701000560938,0.313002138703257,1.00589431499238
2274,"Muntjac","MJK",7,"slope + DE",0.00323869163066476,0.323182812047629,1.0032440419367
2275,"Muntjac","MJK",7,"slope + DE",0.00135797965530962,0.332043282466662,1.00135890235375
2276,"Muntjac","MJK",7,"slope + DE",0.0153645096425104,0.365192057493257,1.01548315081778
2277,"Muntjac","MJK",7,"slope + DE",0.00736992220384289,0.43118997416891,1.00739715076731
2278,"Muntjac","MJK",7,"slope + DE",-0.0139888722332823,0.469481557381771,0.986108517657298
2279,"Muntjac","MJK",7,"slope + DE",-0.0216631350028107,0.39488716313126,0.9785698288658
2280,"Muntjac","MJK",7,"slope + DE",-0.0116312394482112,0.376276229960789,0.988436143029903
2281,"Muntjac","MJK",7,"slope + DE",-0.0129860839381914,0.356843091065728,0.987097871802539
2282,"Muntjac","MJK",7,"slope + DE",-0.0143377455298757,0.336128835328287,0.985764550533516
2283,"Muntjac","MJK",7,"slope + DE",-0.0063617533999099,0.328774000298268,0.993658441796415
2284,"Muntjac","MJK",7,"slope + DE",-0.0126836817166461,0.331733168053031,0.987396447664449
2285,"Muntjac","MJK",7,"slope + DE",-0.0103049219060249,0.320846249744388,0.989747992813971
2286,"Muntjac","MJK",7,"slope + DE",-0.0104012563834275,0.309562001565005,0.989652654699318
2287,"Muntjac","MJK",7,"slope + DE",-0.0121850210796594,0.315045915439449,0.987888915737421
2288,"Muntjac","MJK",7,"slope + DE",-0.016153204806173,0.298350938428759,0.98397655925663
2289,"Muntjac","MJK",7,"slope + DE",-0.0102693127927042,0.294688867306379,0.989783236757858
2290,"Muntjac","MJK",7,"slope + DE",-0.0172134452329227,0.295419411276036,0.982933862366063
2291,"Muntjac","MJK",7,"slope + DE",-0.00752930869152432,0.289693108617434,0.99249896583958
2292,"Muntjac","MJK",7,"slope + DE",-0.000913500168378406,0.287899698878507,0.999086917618274
2293,"Muntjac","MJK",7,"slope + DE",-0.00401725408934,0.288853267851839,0.995990804297616
2294,"Muntjac","MJK",7,"slope + DE",-0.00336384142844924,0.288856842430699,0.996641810378228
2295,"Muntjac","MJK",7,"slope + DE",-0.00496667041189538,0.279112755367351,0.995045666975118
2296,"Muntjac","MJK",7,"slope + DE",-0.00552534365406092,0.284898326184612,0.994489893807764
2297,"Muntjac","MJK",7,"slope + DE",0.00626749071654115,0.286350602396525,1.00628717975386
2298,"Muntjac","MJK",7,"slope + DE",0.0133523871784229,0.286634542343478,1.0134419548734
2299,"Muntjac","MJK",7,"slope + DE",0.0150923524552544,0.292335876938979,1.01520681718608
2300,"Muntjac","MJK",7,"slope + DE",0.0330340539986028,0.28928008643332,1.03358573675267
2301,"Muntjac","MJK",7,"slope + DE",0.0338778068785486,0.288292813147475,1.03445820778631
2302,"Muntjac","MJK",7,"slope + DE",0.0488068688496564,0.298488574117816,1.05001754006074
2303,"Muntjac","MJK",7,"slope + DE",0.0456610461565041,0.298327090355534,1.04671956156591
2304,"Muntjac","MJK",7,"slope + DE",0.0368031637440091,0.296110874117399,1.03748879072532
2305,"Muntjac","MJK",7,"slope + DE",0.035423158736703,0.298823532431994,1.03605803568182
2306,"Muntjac","MJK",7,"slope + DE",0.0282430981417364,0.294400167049728,1.02864571701631
2307,"Muntjac","MJK",7,"slope + DE",0.0225080100015598,0.297054201015342,1.0227633179556
2308,"Muntjac","MJK",7,"slope + DE",0.00906473971855818,0.296352699176766,1.00910594891646
2309,"Muntjac","MJK",7,"slope + DE",0.00364390164038342,0.295830960146993,1.00365054899648
2310,"Muntjac","MJK",7,"slope + DE",0.00806774117388859,0.314620750046654,1.00810037309451
2311,"Muntjac","MJK",7,"slope + DE",0.0029700034138863,0.328018476740923,1.0029744461095
2312,"Muntjac","MJK",7,"slope + DE",0.00929857455316272,0.335730361125694,1.00934194316141
2313,"Muntjac","MJK",7,"slope + DE",-0.00042280157365697,0.37237086202687,0.999577294286738
2314,"Muntjac","MJK",7,"slope + DE",-0.0177252202623811,0.413046178478433,0.982430947719648
2315,"Muntjac","MJK",7,"slope + DE",-0.0191486600386983,0.3650757496226,0.981033511245041
2316,"Muntjac","MJK",7,"slope + DE",-0.027683093920544,0.345220116763035,0.972696617357006
2317,"Muntjac","MJK",7,"slope + DE",-0.0164511059035603,0.336024326786245,0.983683482882754
2318,"Muntjac","MJK",7,"slope + DE",-0.0222271548347489,0.329183419297614,0.978018048847742
2319,"Muntjac","MJK",7,"slope + DE",-0.0177479240880492,0.322489257579104,0.982408642947435
2320,"Muntjac","MJK",7,"slope + DE",-0.0116578218646433,0.321682702623365,0.988409868604699
2321,"Muntjac","MJK",7,"slope + DE",-0.0261183376017248,0.320459527570188,0.974219804181341
2322,"Muntjac","MJK",7,"slope + DE",-0.0159726191075349,0.309130323931161,0.984154266846833
2323,"Muntjac","MJK",7,"slope + DE",-0.0150135252201109,0.305352629307463,0.985098615959131
2324,"Muntjac","MJK",7,"slope + DE",-0.023002828391057,0.298505715790524,0.977259735266307
2325,"Muntjac","MJK",7,"slope + DE",-0.0251281365077412,0.289203179394156,0.975184949802536
2326,"Muntjac","MJK",7,"slope + DE",-0.0261914187390689,0.291120924892089,0.97414860153601
2327,"Muntjac","MJK",7,"slope + DE",-0.0159511177687823,0.281478606645259,0.984175448354515
2328,"Muntjac","MJK",7,"slope + DE",-0.0177398957983534,0.280802394477654,0.982416531131581
2329,"Muntjac","MJK",7,"slope + DE",-0.0232894143255211,0.283148380460695,0.976979699613077
2330,"Muntjac","MJK",7,"slope + DE",-0.0390225216417448,0.285065200779081,0.961729049188685
2331,"Muntjac","MJK",7,"slope + DE",-0.0546320866331527,0.283855667668361,0.946833441555819
2332,"Muntjac","MJK",7,"slope + DE",-0.0482093375981502,0.287311457294686,0.952934281776763
2333,"Muntjac","MJK",7,"slope + DE",-0.0200837993320888,0.293652812731403,0.980116539929346
2334,"Muntjac","MJK",7,"slope + DE",-0.00157771096237519,0.29142954884117,0.998423534679881
2335,"Muntjac","MJK",7,"slope + DE",0.0231186907627132,0.286316400106569,1.02338799918842
2336,"Muntjac","MJK",7,"slope + DE",0.0399182900692025,0.285615821952741,1.04072573469457
2337,"Muntjac","MJK",7,"slope + DE",0.0666635915424077,0.288690382844571,1.06893588464145
2338,"Muntjac","MJK",7,"slope + DE",0.0715235769309692,0.299853505297227,1.07414347541243
2339,"Muntjac","MJK",7,"slope + DE",0.0447973547055541,0.302874782786448,1.04581590994786
2340,"Muntjac","MJK",7,"slope + DE",0.0371937289368424,0.301648907544777,1.03789407617407
2341,"Muntjac","MJK",7,"slope + DE",0.0307793433277747,0.293736498199544,1.03125793969206
2342,"Muntjac","MJK",7,"slope + DE",0.0209753158512159,0.291837378396891,1.02119684804306
2343,"Muntjac","MJK",7,"slope + DE",0.00595488710849569,0.281122751876727,1.00597265479943
2344,"Muntjac","MJK",7,"slope + DE",0.00505302817657443,0.290143906711841,1.00506581625419
2345,"Muntjac","MJK",7,"slope + DE",0.00205549487588335,0.30381767586058,1.00205760985332
2346,"Muntjac","MJK",7,"slope + DE",0.0061013326439665,0.325908097929884,1.00611998386196
2347,"Muntjac","MJK",7,"slope + DE",0.00128079598781327,0.341703897277398,1.00128162369053
2348,"Muntjac","MJK",7,"slope + DE",0.00530293979543309,0.386882547912778,1.00531702634133
2349,"Muntjac","MJK",7,"slope + DE",-0.0282207068583378,0.420608683811271,0.972173779644079
2350,"Muntjac","MJK",7,"slope + DE",-0.0278006992020062,0.363926891934495,0.972582218479075
2351,"Muntjac","MJK",7,"slope + DE",-0.0238529615472661,0.355161973383843,0.976429311104474
2352,"Muntjac","MJK",7,"slope + DE",-0.0255812344769231,0.341698854263204,0.974743204082541
2353,"Muntjac","MJK",7,"slope + DE",-0.0214174698260553,0.331872292736559,0.978810268393869
2354,"Muntjac","MJK",7,"slope + DE",-0.0238658653420109,0.3295501917251,0.976416673070393
2355,"Muntjac","MJK",7,"slope + DE",-0.0224066391088431,0.326627738744696,0.977842574757558
2356,"Muntjac","MJK",7,"slope + DE",-0.0238576540842596,0.323719974414866,0.976424692836463
2357,"Muntjac","MJK",7,"slope + DE",-0.0245512548386335,0.313388369316311,0.975747690102827
2358,"Muntjac","MJK",7,"slope + DE",-0.0288527161039836,0.302101043799271,0.971559549015832
2359,"Muntjac","MJK",7,"slope + DE",-0.034209857473714,0.293204158004605,0.966368684512425
2360,"Muntjac","MJK",7,"slope + DE",-0.0244485402644496,0.26371609416279,0.975847904517428
2361,"Muntjac","MJK",7,"slope + DE",-0.0344738299723391,0.242265528595038,0.966113623025547
2362,"Muntjac","MJK",7,"slope + DE",-0.0388068187707945,0.281373114667958,0.961936585073866
2363,"Muntjac","MJK",7,"slope + DE",-0.041065240197054,0.289260398950424,0.95976651434024
2364,"Muntjac","MJK",7,"slope + DE",-0.0482446177938718,0.292080766954933,0.952900669552144
2365,"Muntjac","MJK",7,"slope + DE",-0.0782457039678379,0.282150306372441,0.924737187133194
2366,"Muntjac","MJK",7,"slope + DE",-0.140491991761889,0.260835215064803,0.868930680565137
2367,"Muntjac","MJK",7,"slope + DE",-0.125141206616078,0.266898116212489,0.882372299351418
2368,"Muntjac","MJK",7,"slope + DE",-0.0496311462222413,0.282858276097144,0.951580354766952
2369,"Muntjac","MJK",7,"slope + DE",-0.0127354329983891,0.294353676381086,0.987345322840482
2370,"Muntjac","MJK",7,"slope + DE",0.00859958136104849,0.29021181385568,1.00863666398922
2371,"Muntjac","MJK",7,"slope + DE",0.0413106712966884,0.294008138878122,1.04217583019357
2372,"Muntjac","MJK",7,"slope + DE",0.120773361715081,0.293365088868838,1.1283691558834
2373,"Muntjac","MJK",7,"slope + DE",0.103948821115254,0.3089263132076,1.10954366838197
2374,"Muntjac","MJK",7,"slope + DE",0.0579075992417046,0.30456113109507,1.0596171022926
2375,"Muntjac","MJK",7,"slope + DE",0.0347676370484717,0.308571162155032,1.03537909712165
2376,"Muntjac","MJK",7,"slope + DE",0.0205548449822587,0.301676354296112,1.02076755727404
2377,"Muntjac","MJK",7,"slope + DE",0.0103118705993565,0.282522331616888,1.01036523118977
2378,"Muntjac","MJK",7,"slope + DE",0.00097833245804932,0.220373325473385,1.00097881127001
2379,"Muntjac","MJK",7,"slope + DE",0.00745771749744602,0.29029571491053,1.00748560536311
2380,"Muntjac","MJK",7,"slope + DE",0.00738793653350422,0.310073961840353,1.00741529467072
2381,"Muntjac","MJK",7,"slope + DE",0.00150117839765367,0.324675876842497,1.00150230671192
2382,"Muntjac","MJK",7,"slope + DE",-0.00193117383788554,0.349767650060402,0.998070689778547
2383,"Muntjac","MJK",7,"slope + DE",0.000934676859529741,0.389353841527636,1.00093511924955
2384,"Muntjac","MJK",7,"slope + DE",0.00813857343659915,0.461699039186605,1.0081717816626
2385,"Muntjac","MJK",7,"slope + DE",-0.042946571446013,0.39770559808817,0.957962576584853
2386,"Muntjac","MJK",7,"slope + DE",-0.0409634351603015,0.365102788810834,0.959864231848786
2387,"Muntjac","MJK",7,"slope + DE",-0.0314818434623561,0.347548668425199,0.969008550170164
2388,"Muntjac","MJK",7,"slope + DE",-0.0256432953557772,0.346611173088215,0.974682876703308
2389,"Muntjac","MJK",7,"slope + DE",-0.0287108134688421,0.33493459116377,0.971697425695546
2390,"Muntjac","MJK",7,"slope + DE",-0.0309680061183814,0.323019740492584,0.969506592871522
2391,"Muntjac","MJK",7,"slope + DE",-0.0334874564221267,0.329461509988209,0.967067046569332
2392,"Muntjac","MJK",7,"slope + DE",-0.0236577597194201,0.309141891979558,0.976619942871102
2393,"Muntjac","MJK",7,"slope + DE",-0.0344154080506776,0.311034510449325,0.966170071614797
2394,"Muntjac","MJK",7,"slope + DE",-0.0337421562512067,0.300240856731298,0.966820761305603
2395,"Muntjac","MJK",7,"slope + DE",-0.0478636303997292,0.292621726001297,0.953263774582314
2396,"Muntjac","MJK",7,"slope + DE",-0.048940061600394,0.276533383679204,0.952238203641298
2397,"Muntjac","MJK",7,"slope + DE",-0.0487918177383833,0.264238143350146,0.952379380552603
2398,"Muntjac","MJK",7,"slope + DE",-0.0549468464497992,0.288388798240093,0.946535462724295
2399,"Muntjac","MJK",7,"slope + DE",-0.0622705402324185,0.293654813779964,0.939628648558926
2400,"Muntjac","MJK",7,"slope + DE",-0.0729781879076641,0.291389830241116,0.929621111178978
2401,"Muntjac","MJK",7,"slope + DE",-0.092574105093591,0.287028896479192,0.91158168777339
2402,"Muntjac","MJK",7,"slope + DE",-0.142185443387221,0.286760038712551,0.867460376980323
2403,"Muntjac","MJK",7,"slope + DE",-0.113009437258027,0.285083601068268,0.89314223805087
2404,"Muntjac","MJK",7,"slope + DE",-0.0686128696785237,0.289045223860397,0.933688074058785
2405,"Muntjac","MJK",7,"slope + DE",-0.0252739318047071,0.296921226455197,0.975042783082488
2406,"Muntjac","MJK",7,"slope + DE",-0.00218960529252492,0.300142948820964,0.99781279076875
2407,"Muntjac","MJK",7,"slope + DE",0.0174073139156565,0.302679472884163,1.01755975937445
2408,"Muntjac","MJK",7,"slope + DE",0.0697662342740251,0.29404420420265,1.07225749508522
2409,"Muntjac","MJK",7,"slope + DE",0.0626924652745811,0.301738753992256,1.06469935720336
2410,"Muntjac","MJK",7,"slope + DE",0.047174248551883,0.300667270177784,1.04830465873923
2411,"Muntjac","MJK",7,"slope + DE",0.0234822279784485,0.304097915502125,1.02376010630835
2412,"Muntjac","MJK",7,"slope + DE",0.0242529052330959,0.299635536132477,1.02454939947005
2413,"Muntjac","MJK",7,"slope + DE",0.0124124193187798,0.290502451089979,1.01248977345811
2414,"Muntjac","MJK",7,"slope + DE",0.00491656758436933,0.268359276118767,1.00492868219891
2415,"Muntjac","MJK",7,"slope + DE",0.00753481167975279,0.292220718675991,1.00756326987336
2416,"Muntjac","MJK",7,"slope + DE",0.00152885741428612,0.323287396997288,1.00153002855762
2417,"Muntjac","MJK",7,"slope + DE",0.00932371538986045,0.327521768054187,1.00936731662943
2418,"Muntjac","MJK",7,"slope + DE",0.00445495034239648,0.344147696345145,1.00446488843691
2419,"Muntjac","MJK",7,"slope + DE",0.00298211526632001,0.391427965466813,1.0029865817444
2420,"Muntjac","MJK",7,"slope + DE",0.00640552783557208,0.459907476520305,1.00642609301353
2421,"Muntjac","MJK",7,"slope + DE",-0.0487326986893369,0.46092744777075,0.952435690370559
2422,"Muntjac","MJK",7,"slope + DE",-0.0422192896658568,0.387841442468828,0.958659533453431
2423,"Muntjac","MJK",7,"slope + DE",-0.046982452284071,0.364687589807558,0.954104176280348
2424,"Muntjac","MJK",7,"slope + DE",-0.0468052331171711,0.346243825304501,0.954273240363178
2425,"Muntjac","MJK",7,"slope + DE",-0.0505980775254487,0.337570558505732,0.95066069254997
2426,"Muntjac","MJK",7,"slope + DE",-0.0468554545422171,0.32731114013366,0.954225326230132
2427,"Muntjac","MJK",7,"slope + DE",-0.0435569147140684,0.329390307396274,0.957378063688585
2428,"Muntjac","MJK",7,"slope + DE",-0.0432249253660161,0.314294374037835,0.957695956050197
2429,"Muntjac","MJK",7,"slope + DE",-0.0395287700446607,0.319816866802961,0.961242312306633
2430,"Muntjac","MJK",7,"slope + DE",-0.0434526197359565,0.312126980854039,0.957477919636895
2431,"Muntjac","MJK",7,"slope + DE",-0.0447718674467557,0.301025271408675,0.956215602086659
2432,"Muntjac","MJK",7,"slope + DE",-0.0521052375794704,0.296215099335605,0.94922896707749
2433,"Muntjac","MJK",7,"slope + DE",-0.0570707755286672,0.297036475099172,0.944527217640985
2434,"Muntjac","MJK",7,"slope + DE",-0.0543816772920818,0.291125380486637,0.947070562469729
2435,"Muntjac","MJK",7,"slope + DE",-0.0686344982098886,0.296299428849521,0.933667904824231
2436,"Muntjac","MJK",7,"slope + DE",-0.072914177775929,0.302035436299144,0.929680770131356
2437,"Muntjac","MJK",7,"slope + DE",-0.086577894339839,0.302208248333268,0.917064113458481
2438,"Muntjac","MJK",7,"slope + DE",-0.0943870131125465,0.295883439046709,0.909930540283298
2439,"Muntjac","MJK",7,"slope + DE",-0.103659866564094,0.292648616971356,0.901531925662208
2440,"Muntjac","MJK",7,"slope + DE",-0.09372017316503,0.291846911689619,0.91053752166234
2441,"Muntjac","MJK",7,"slope + DE",-0.0715784685824483,0.295727076150856,0.930923238742978
2442,"Muntjac","MJK",7,"slope + DE",-0.0456357198062222,0.29714151636429,0.955389940471016
2443,"Muntjac","MJK",7,"slope + DE",-0.0156293804359076,0.308572334881479,0.984492125110051
2444,"Muntjac","MJK",7,"slope + DE",-0.00425362868586415,0.30166248229781,0.995755451375548
2445,"Muntjac","MJK",7,"slope + DE",0.0138579194203522,0.300148294278711,1.01395439678441
2446,"Muntjac","MJK",7,"slope + DE",0.040349670024398,0.305366214641326,1.04117477815883
2447,"Muntjac","MJK",7,"slope + DE",0.0174502996176527,0.303423541851621,1.01760344597729
2448,"Muntjac","MJK",7,"slope + DE",0.0183806338983156,0.303171997860655,1.01855061177385
2449,"Muntjac","MJK",7,"slope + DE",0.0178413877715163,0.299476417279506,1.01800149698623
2450,"Muntjac","MJK",7,"slope + DE",0.0143937166669234,0.290524150569599,1.01449780572791
2451,"Muntjac","MJK",7,"slope + DE",0.0149854146389483,0.29895027996049,1.01509825903046
2452,"Muntjac","MJK",7,"slope + DE",0.00873724693811893,0.3055268839771,1.00877553177193
2453,"Muntjac","MJK",7,"slope + DE",0.0121911477512027,0.326187777242747,1.01226576703073
2454,"Muntjac","MJK",7,"slope + DE",0.00831964095813071,0.338575710888083,1.00835434959645
2455,"Muntjac","MJK",7,"slope + DE",0.00177040065794727,0.367444697576736,1.00177197619601
2456,"Muntjac","MJK",7,"slope + DE",0.00285045316263832,0.421141267317991,1.00285452894278
2457,"Muntjac","MJK",7,"slope + DE",-0.0660829292342799,0.441257647254265,0.936053289121379
2458,"Muntjac","MJK",7,"slope + DE",-0.0563936343306393,0.381084014664245,0.94516703837699
2459,"Muntjac","MJK",7,"slope + DE",-0.0512342167781065,0.370558729746149,0.950056125501294
2460,"Muntjac","MJK",7,"slope + DE",-0.048509028045099,0.356162116681778,0.952648738954193
2461,"Muntjac","MJK",7,"slope + DE",-0.0563578817940435,0.340263867913908,0.945200805762473
2462,"Muntjac","MJK",7,"slope + DE",-0.0664924068717707,0.335059715210565,0.935670021568357
2463,"Muntjac","MJK",7,"slope + DE",-0.047321823089178,0.328177950995725,0.953780399681983
2464,"Muntjac","MJK",7,"slope + DE",-0.0517311370996001,0.316629319135125,0.949584140470771
2465,"Muntjac","MJK",7,"slope + DE",-0.0597206810905302,0.322580525871082,0.942027768289112
2466,"Muntjac","MJK",7,"slope + DE",-0.0581538266226765,0.311426924203544,0.94350480679099
2467,"Muntjac","MJK",7,"slope + DE",-0.0572513128746201,0.306534246056095,0.944356713542795
2468,"Muntjac","MJK",7,"slope + DE",-0.0660631309111624,0.301734435362803,0.936071788380593
2469,"Muntjac","MJK",7,"slope + DE",-0.0652848729879411,0.298407837135074,0.936800574904156
2470,"Muntjac","MJK",7,"slope + DE",-0.0711292038858629,0.295769774816339,0.931341590377641
2471,"Muntjac","MJK",7,"slope + DE",-0.0756294032443851,0.286486010751099,0.927159747110756
2472,"Muntjac","MJK",7,"slope + DE",-0.0867918322524686,0.296919056968823,0.916867938142734
2473,"Muntjac","MJK",7,"slope + DE",-0.106941371023628,0.296757604218662,0.898578354182588
2474,"Muntjac","MJK",7,"slope + DE",-0.103422617090271,0.291589999315681,0.901745818868455
2475,"Muntjac","MJK",7,"slope + DE",-0.107015984164692,0.286940511850708,0.898511312890674
2476,"Muntjac","MJK",7,"slope + DE",-0.091993479229938,0.291332774305403,0.912111122925185
2477,"Muntjac","MJK",7,"slope + DE",-0.0875487411770951,0.295720612194067,0.916174217772684
2478,"Muntjac","MJK",7,"slope + DE",-0.0596571596845421,0.302207566625945,0.942087466902834
2479,"Muntjac","MJK",7,"slope + DE",-0.0313364949307888,0.30439792438621,0.969149407672834
2480,"Muntjac","MJK",7,"slope + DE",-0.0174745248760555,0.308355021635114,0.982677269831196
2481,"Muntjac","MJK",7,"slope + DE",0.000296805033133497,0.29948306664707,1.00029684910158
2482,"Muntjac","MJK",7,"slope + DE",0.00469894392858055,0.30148834866603,1.00471002134838
2483,"Muntjac","MJK",7,"slope + DE",0.00653035778765663,0.303617609690967,1.00655175797615
2484,"Muntjac","MJK",7,"slope + DE",0.0155136102814098,0.304128796716587,1.01563457329698
2485,"Muntjac","MJK",7,"slope + DE",0.0167874192261266,0.289121295437321,1.01692912009916
2486,"Muntjac","MJK",7,"slope + DE",0.0252736488157176,0.306764700683871,1.02559575199896
2487,"Muntjac","MJK",7,"slope + DE",0.0200496074183079,0.311794523596538,1.02025195493827
2488,"Muntjac","MJK",7,"slope + DE",0.0188224462306249,0.312518480383025,1.0190007054454
2489,"Muntjac","MJK",7,"slope + DE",0.0108655129943586,0.332520135338222,1.01092475724629
2490,"Muntjac","MJK",7,"slope + DE",0.00616134251746962,0.353512250371043,1.00618036328801
2491,"Muntjac","MJK",7,"slope + DE",0.00952841346148828,0.389917633871602,1.00957395439982
2492,"Muntjac","MJK",7,"slope + DE",-0.0660445858166157,0.447039656714304,0.936089151319777
2493,"Muntjac","MJK",7,"slope + DE",-0.0602144246811935,0.390960330061507,0.941562650677735
2494,"Muntjac","MJK",7,"slope + DE",-0.0653124100233461,0.355819572438445,0.93677495710937
2495,"Muntjac","MJK",7,"slope + DE",-0.0558365346506331,0.351816133160041,0.945693712355706
2496,"Muntjac","MJK",7,"slope + DE",-0.0545426993209901,0.344756058738306,0.946918192457446
2497,"Muntjac","MJK",7,"slope + DE",-0.0686462556072756,0.334273503467646,0.933656900287235
2498,"Muntjac","MJK",7,"slope + DE",-0.0654760254528606,0.332907180683359,0.936621508462936
2499,"Muntjac","MJK",7,"slope + DE",-0.0735773285942317,0.311953853395233,0.929064325288795
2500,"Muntjac","MJK",7,"slope + DE",-0.0711079400064944,0.313517109813837,0.931361377815366
2501,"Muntjac","MJK",7,"slope + DE",-0.072336020226226,0.309657032384351,0.93021827415326
2502,"Muntjac","MJK",7,"slope + DE",-0.0697295683830896,0.303769006015004,0.932646002814295
2503,"Muntjac","MJK",7,"slope + DE",-0.0738740312106936,0.292074805165464,0.928788710794711
2504,"Muntjac","MJK",7,"slope + DE",-0.069393679087804,0.292309832100297,0.932959321744482
2505,"Muntjac","MJK",7,"slope + DE",-0.0745261810494659,0.289532495435367,0.928183173156164
2506,"Muntjac","MJK",7,"slope + DE",-0.0925875242131862,0.294939873834568,0.911569427385867
2507,"Muntjac","MJK",7,"slope + DE",-0.101033216249697,0.29536460906593,0.903903017563671
2508,"Muntjac","MJK",7,"slope + DE",-0.108423879975314,0.298192311788976,0.897247191900848
2509,"Muntjac","MJK",7,"slope + DE",-0.108970073267926,0.289722061387898,0.896757258487143
2510,"Muntjac","MJK",7,"slope + DE",-0.113176796427248,0.291333413333918,0.892992768534151
2511,"Muntjac","MJK",7,"slope + DE",-0.109751477869442,0.287598796900182,0.896056821528914
2512,"Muntjac","MJK",7,"slope + DE",-0.0855542905640852,0.292033387708239,0.91800330431302
2513,"Muntjac","MJK",7,"slope + DE",-0.0746376592729182,0.294706331834116,0.928079719275928
2514,"Muntjac","MJK",7,"slope + DE",-0.0529705003568134,0.295698658740649,0.94840799251657
2515,"Muntjac","MJK",7,"slope + DE",-0.0378382575992762,0.297034099017623,0.962868703292646
2516,"Muntjac","MJK",7,"slope + DE",-0.0239633830064838,0.300008234230386,0.976321459327299
2517,"Muntjac","MJK",7,"slope + DE",-0.00801086592691131,0.305273873239693,0.99202113659149
2518,"Muntjac","MJK",7,"slope + DE",-0.00467713488925886,0.305089598876771,0.995333787570278
2519,"Muntjac","MJK",7,"slope + DE",0.0111446199745393,0.294237956611259,1.01120696144901
2520,"Muntjac","MJK",7,"slope + DE",0.0218714906815669,0.289651898202084,1.02211242506442
2521,"Muntjac","MJK",7,"slope + DE",0.0295600306917779,0.297176065383056,1.03000129081304
2522,"Muntjac","MJK",7,"slope + DE",0.0275002845027962,0.308214763436094,1.02788190837452
2523,"Muntjac","MJK",7,"slope + DE",0.0149990579033879,0.316659821330347,1.01511211393821
2524,"Muntjac","MJK",7,"slope + DE",0.0142847191094349,0.342279461317621,1.01438724020265
2525,"Muntjac","MJK",7,"slope + DE",0.0114311372938638,0.371754192207536,1.01149672241002
2526,"Muntjac","MJK",7,"slope + DE",-0.0677348484700323,0.389747009790099,0.934508227272216
2527,"Muntjac","MJK",7,"slope + DE",-0.0737107661184388,0.362914487473249,0.928940343232093
2528,"Muntjac","MJK",7,"slope + DE",-0.0670408034046384,0.35561143422099,0.935157043332959
2529,"Muntjac","MJK",7,"slope + DE",-0.0662098327559532,0.347371503523646,0.935934460232531
2530,"Muntjac","MJK",7,"slope + DE",-0.0741831266770174,0.334950319892786,0.928501654138665
2531,"Muntjac","MJK",7,"slope + DE",-0.0836979018408838,0.32943365325649,0.9197090584942
2532,"Muntjac","MJK",7,"slope + DE",-0.0648208393179827,0.323706719069566,0.937235366251796
2533,"Muntjac","MJK",7,"slope + DE",-0.0760658607610832,0.317283151670387,0.92675516939611
2534,"Muntjac","MJK",7,"slope + DE",-0.0783964069142344,0.305907931322552,0.924597837068362
2535,"Muntjac","MJK",7,"slope + DE",-0.0822284997713475,0.301514471854472,0.921061481277001
2536,"Muntjac","MJK",7,"slope + DE",-0.0771597904048395,0.292066531686613,0.925741931834367
2537,"Muntjac","MJK",7,"slope + DE",-0.0835740143162756,0.304457439845644,0.919823004327283
2538,"Muntjac","MJK",7,"slope + DE",-0.0796151747053749,0.292101237680928,0.923471681216815
2539,"Muntjac","MJK",7,"slope + DE",-0.0854779225657193,0.293063820290737,0.918073433953277
2540,"Muntjac","MJK",7,"slope + DE",-0.101118312366203,0.29943655116414,0.903826094926574
2541,"Muntjac","MJK",7,"slope + DE",-0.116362880107778,0.295071267086933,0.890152146253979
2542,"Muntjac","MJK",7,"slope + DE",-0.137941474525423,0.300923128942313,0.871149674755899
2543,"Muntjac","MJK",7,"slope + DE",-0.13299102641779,0.285103626992176,0.875472950859195
2544,"Muntjac","MJK",7,"slope + DE",-0.132716030943418,0.279304309185901,0.875713732789432
2545,"Muntjac","MJK",7,"slope + DE",-0.110724121958945,0.297634192510738,0.89518567723393
2546,"Muntjac","MJK",7,"slope + DE",-0.0859102632976522,0.293842476140036,0.917676583538901
2547,"Muntjac","MJK",7,"slope + DE",-0.0779090196627909,0.290024738784749,0.925048584089678
2548,"Muntjac","MJK",7,"slope + DE",-0.0666433137930448,0.293359637367632,0.935528832149474
2549,"Muntjac","MJK",7,"slope + DE",-0.057841723666289,0.301942578600571,0.943799317423061
2550,"Muntjac","MJK",7,"slope + DE",-0.0383980266499496,0.295643548090017,0.962329833513505
2551,"Muntjac","MJK",7,"slope + DE",-0.013703138765296,0.299711751019521,0.986390325693589
2552,"Muntjac","MJK",7,"slope + DE",0.0046775651033322,0.300636191091599,1.00468852528853
2553,"Muntjac","MJK",7,"slope + DE",0.0535060648722839,0.292089219468758,1.05496339581735
2554,"Muntjac","MJK",7,"slope + DE",0.0588678592738657,0.296361373184966,1.06063508245938
2555,"Muntjac","MJK",7,"slope + DE",0.0330660391456011,0.308062915527769,1.03361880622795
2556,"Muntjac","MJK",7,"slope + DE",0.0247870847584031,0.330125791656604,1.025096839009
2557,"Muntjac","MJK",7,"slope + DE",0.0208819552458605,0.351520826327276,1.02110151532156
2558,"Muntjac","MJK",7,"slope + DE",0.0152316385560466,0.425115499747963,1.01534823253576
2559,"Muntjac","MJK",7,"slope + DE",-0.0905177436518523,0.452340978282824,0.913458125711757
2560,"Muntjac","MJK",7,"slope + DE",-0.0793634344042749,0.393164407140292,0.923704207899387
2561,"Muntjac","MJK",7,"slope + DE",-0.0823374867722969,0.377045504044322,0.920961104849619
2562,"Muntjac","MJK",7,"slope + DE",-0.0739780816998091,0.362834972612897,0.928692109747009
2563,"Muntjac","MJK",7,"slope + DE",-0.0780964934012306,0.345352486929611,0.924875179772707
2564,"Muntjac","MJK",7,"slope + DE",-0.0708400843377352,0.339899870589314,0.931610898534945
2565,"Muntjac","MJK",7,"slope + DE",-0.0760939862762347,0.332202549219158,0.926729103074055
2566,"Muntjac","MJK",7,"slope + DE",-0.0780179432943542,0.326115034035787,0.924947858441487
2567,"Muntjac","MJK",7,"slope + DE",-0.0870714263245336,0.318455659125703,0.916611631168924
2568,"Muntjac","MJK",7,"slope + DE",-0.0897902254862499,0.319796063553291,0.914122934136484
2569,"Muntjac","MJK",7,"slope + DE",-0.0932131273497879,0.308612756660995,0.910999320745127
2570,"Muntjac","MJK",7,"slope + DE",-0.0849877380106224,0.30006620459588,0.918523547259074
2571,"Muntjac","MJK",7,"slope + DE",-0.085837666420823,0.298006992928399,0.91774320814255
2572,"Muntjac","MJK",7,"slope + DE",-0.094937391061465,0.260743314162736,0.909429872488069
2573,"Muntjac","MJK",7,"slope + DE",-0.0827973624141245,0.269885803608609,0.920537663888937
2574,"Muntjac","MJK",7,"slope + DE",-0.105065105821683,0.295686146296148,0.900265939104677
2575,"Muntjac","MJK",7,"slope + DE",-0.122526563677655,0.296912499687773,0.884682411219674
2576,"Muntjac","MJK",7,"slope + DE",-0.147491242790551,0.291294887877807,0.862869994871916
2577,"Muntjac","MJK",7,"slope + DE",-0.196213576648362,0.248553137882755,0.821836691041615
2578,"Muntjac","MJK",7,"slope + DE",-0.158611510476294,0.261761663917919,0.853327805371366
2579,"Muntjac","MJK",7,"slope + DE",-0.114772735834312,0.29134318849144,0.891568756850881
2580,"Muntjac","MJK",7,"slope + DE",-0.103407036659248,0.297931293580756,0.901759849507315
2581,"Muntjac","MJK",7,"slope + DE",-0.0854070894682839,0.297466112821693,0.918138444068902
2582,"Muntjac","MJK",7,"slope + DE",-0.0810469876042138,0.301123980941813,0.922150364041449
2583,"Muntjac","MJK",7,"slope + DE",-0.125076675632203,0.287859791902031,0.882429248362781
2584,"Muntjac","MJK",7,"slope + DE",-0.0815037221160349,0.284729707029221,0.921729282589548
2585,"Muntjac","MJK",7,"slope + DE",-0.025044223157756,0.301985871265885,0.975266781734701
2586,"Muntjac","MJK",7,"slope + DE",0.00173609976281397,0.307812472966896,1.00173760895044
2587,"Muntjac","MJK",7,"slope + DE",0.0391366640081494,0.297979070896092,1.03991259677768
2588,"Muntjac","MJK",7,"slope + DE",0.0596422788546761,0.292511947187015,1.06145677311962
2589,"Muntjac","MJK",7,"slope + DE",0.0341240835794714,0.328575696258035,1.03471299146219
2590,"Muntjac","MJK",7,"slope + DE",0.019117274249084,0.33788034199542,1.01930118097386
2591,"Muntjac","MJK",7,"slope + DE",0.0222523728944611,0.367076050529397,1.02250180579567
2592,"Muntjac","MJK",7,"slope + DE",-0.085781191954478,0.430363513557849,0.917795052402914
2593,"Muntjac","MJK",7,"slope + DE",-0.0845249840085128,0.38921629146498,0.918948696816693
2594,"Muntjac","MJK",7,"slope + DE",-0.0831826311548997,0.362775482341188,0.920183085098679
2595,"Muntjac","MJK",7,"slope + DE",-0.0764478808669301,0.363467225083627,0.926401317274107
2596,"Muntjac","MJK",7,"slope + DE",-0.0876883127407816,0.350335401693369,0.916046354078606
2597,"Muntjac","MJK",7,"slope + DE",-0.0841498526840258,0.333893610605278,0.919293490843487
2598,"Muntjac","MJK",7,"slope + DE",-0.0855701845153664,0.335268952568649,0.917988727854592
2599,"Muntjac","MJK",7,"slope + DE",-0.0871361031093452,0.32291719909596,0.916552351824373
2600,"Muntjac","MJK",7,"slope + DE",-0.100478043326195,0.325586591038961,0.904404973531435
2601,"Muntjac","MJK",7,"slope + DE",-0.09466890911926,0.314506431281006,0.909674074569577
2602,"Muntjac","MJK",7,"slope + DE",-0.0932172705538527,0.317732855883318,0.910995554801514
2603,"Muntjac","MJK",7,"slope + DE",-0.0942546041465133,0.312152852641875,0.910051030001936
2604,"Muntjac","MJK",7,"slope + DE",-0.102332804771834,0.30274104802663,0.902729069363406
2605,"Muntjac","MJK",7,"slope + DE",-0.108998259195543,0.290255016637405,0.896731982214376
2606,"Muntjac","MJK",7,"slope + DE",-0.108183520510629,0.295228217780205,0.897462888017189
2607,"Muntjac","MJK",7,"slope + DE",-0.120939743141276,0.290780605124183,0.886087360055349
2608,"Muntjac","MJK",7,"slope + DE",-0.125667819823219,0.301049830387667,0.881907754088059
2609,"Muntjac","MJK",7,"slope + DE",-0.141886405095927,0.294580655933346,0.867719826183872
2610,"Muntjac","MJK",7,"slope + DE",-0.147487418315692,0.294386503381599,0.862873295574131
2611,"Muntjac","MJK",7,"slope + DE",-0.136133210261219,0.290178723581116,0.872726370267177
2612,"Muntjac","MJK",7,"slope + DE",-0.118772269019432,0.301788745272569,0.888010006696077
2613,"Muntjac","MJK",7,"slope + DE",-0.0990589412430327,0.302665434885213,0.90568932467062
2614,"Muntjac","MJK",7,"slope + DE",-0.0896096853241211,0.304238373847969,0.914287980118889
2615,"Muntjac","MJK",7,"slope + DE",-0.0896696221583936,0.313011582589054,0.914233180050063
2616,"Muntjac","MJK",7,"slope + DE",-0.0723893808691601,0.300699365137236,0.930168637105811
2617,"Muntjac","MJK",7,"slope + DE",-0.0654916303793934,0.309701409053955,0.936606890559722
2618,"Muntjac","MJK",7,"slope + DE",-0.0273690410272065,0.302233910291213,0.973002097678376
2619,"Muntjac","MJK",7,"slope + DE",-0.00756811929840873,0.305235656073354,0.992460446892524
2620,"Muntjac","MJK",7,"slope + DE",0.0073834965524609,0.313913050015118,1.00741082703669
2621,"Muntjac","MJK",7,"slope + DE",0.0234048433136951,0.325114317744351,1.02368088735111
2622,"Muntjac","MJK",7,"slope + DE",0.0216414444931939,0.32864535703356,1.02187732065102
2623,"Muntjac","MJK",7,"slope + DE",0.0154359407003172,0.343606742703851,1.01555569237645
2624,"Muntjac","MJK",7,"slope + DE",0.0122786188168807,0.391243758555634,1.01235431381943
2625,"Muntjac","MJK",7,"slope + DE",-0.082131056341315,0.499167891489019,0.921151231207902
2626,"Muntjac","MJK",7,"slope + DE",-0.0868268385649598,0.427287272754458,0.916835842772408
2627,"Muntjac","MJK",7,"slope + DE",-0.0843367934500169,0.395798905029577,0.919121711911048
2628,"Muntjac","MJK",7,"slope + DE",-0.0920429582693683,0.376213039027782,0.912065968823456
2629,"Muntjac","MJK",7,"slope + DE",-0.089929970970159,0.369922837403492,0.913995192367325
2630,"Muntjac","MJK",7,"slope + DE",-0.0878982438201124,0.358260927728496,0.915854066418472
2631,"Muntjac","MJK",7,"slope + DE",-0.0938928896664785,0.34183738201886,0.910380272373852
2632,"Muntjac","MJK",7,"slope + DE",-0.086810672356266,0.346218742360625,0.916850665001496
2633,"Muntjac","MJK",7,"slope + DE",-0.0953701349556986,0.330714963804762,0.909036412735299
2634,"Muntjac","MJK",7,"slope + DE",-0.102455230925754,0.327929990701506,0.90261855825527
2635,"Muntjac","MJK",7,"slope + DE",-0.105295230943258,0.332586556506222,0.900058758651307
2636,"Muntjac","MJK",7,"slope + DE",-0.1134023136351,0.317239279069012,0.892791413907701
2637,"Muntjac","MJK",7,"slope + DE",-0.109627878414819,0.314390104675445,0.896167556547851
2638,"Muntjac","MJK",7,"slope + DE",-0.120582889245733,0.314053610402166,0.88640361097411
2639,"Muntjac","MJK",7,"slope + DE",-0.123563613927242,0.304912680117326,0.883765437842155
2640,"Muntjac","MJK",7,"slope + DE",-0.129184661681551,0.300047273959026,0.878811668326918
2641,"Muntjac","MJK",7,"slope + DE",-0.135808276940778,0.30313564924419,0.873009995276483
2642,"Muntjac","MJK",7,"slope + DE",-0.139615769483893,0.306914288738136,0.869692469038363
2643,"Muntjac","MJK",7,"slope + DE",-0.132248139326619,0.299574452329296,0.876123579575816
2644,"Muntjac","MJK",7,"slope + DE",-0.136369496063298,0.300779981954016,0.872520201093579
2645,"Muntjac","MJK",7,"slope + DE",-0.12863608199195,0.30343759803365,0.879293898300565
2646,"Muntjac","MJK",7,"slope + DE",-0.117506697700942,0.305118134358193,0.889134557762313
2647,"Muntjac","MJK",7,"slope + DE",-0.110364631256795,0.303667389124797,0.895507547463539
2648,"Muntjac","MJK",7,"slope + DE",-0.0941444529329078,0.316100728702425,0.910151279307156
2649,"Muntjac","MJK",7,"slope + DE",-0.0827847015591223,0.309775269394609,0.920549319659501
2650,"Muntjac","MJK",7,"slope + DE",-0.0725276123437298,0.316681673600948,0.930040065721717
2651,"Muntjac","MJK",7,"slope + DE",-0.0486150083445221,0.311755041032283,0.952547782612333
2652,"Muntjac","MJK",7,"slope + DE",-0.0361782614402195,0.311931882725729,0.964468354162116
2653,"Muntjac","MJK",7,"slope + DE",-0.0232800504713696,0.319079652624778,0.976988841729676
2654,"Muntjac","MJK",7,"slope + DE",0.000418901395612083,0.328546686100386,1.00041899326926
2655,"Muntjac","MJK",7,"slope + DE",0.0041366733841961,0.339109750798393,1.00414527948729
2656,"Muntjac","MJK",7,"slope + DE",0.00832225323864996,0.349434249022012,1.00835697947166
2657,"Muntjac","MJK",7,"slope + DE",0.00972683677255102,0.360916343550354,1.00977430161708
2658,"Muntjac","MJK",7,"slope + DE",0.00496755496862039,0.397376284892549,1.00497991844539
2659,"Muntjac","MJK",7,"slope + DE",-0.0993478200805102,0.47227776932791,0.905427727353134
2660,"Muntjac","MJK",7,"slope + DE",-0.0913664249060623,0.428563281692405,0.912683233729017
2661,"Muntjac","MJK",7,"slope + DE",-0.0891468592810952,0.40363731484876,0.914711239148463
2662,"Muntjac","MJK",7,"slope + DE",-0.0906910141816935,0.378830974532705,0.913299869663468
2663,"Muntjac","MJK",7,"slope + DE",-0.0924905591187818,0.369152584438375,0.911657820958175
2664,"Muntjac","MJK",7,"slope + DE",-0.0981644691540583,0.356654681453857,0.906499800277099
2665,"Muntjac","MJK",7,"slope + DE",-0.10398167763311,0.35438077742715,0.901241813213037
2666,"Muntjac","MJK",7,"slope + DE",-0.102165045319036,0.352172661475701,0.902880532677794
2667,"Muntjac","MJK",7,"slope + DE",-0.107031423477312,0.340075108706994,0.898497440024096
2668,"Muntjac","MJK",7,"slope + DE",-0.115330138391096,0.336703794718128,0.891072004371306
2669,"Muntjac","MJK",7,"slope + DE",-0.120759936161823,0.327862283945354,0.886246690364193
2670,"Muntjac","MJK",7,"slope + DE",-0.119054972534164,0.330902153716755,0.887758997243898
2671,"Muntjac","MJK",7,"slope + DE",-0.130812581797414,0.323748869869133,0.877382198895121
2672,"Muntjac","MJK",7,"slope + DE",-0.139886391209601,0.312285494087199,0.869457021235495
2673,"Muntjac","MJK",7,"slope + DE",-0.150082811404517,0.316576680340321,0.860636766819033
2674,"Muntjac","MJK",7,"slope + DE",-0.150962332702454,0.310688819272782,0.859880087763993
2675,"Muntjac","MJK",7,"slope + DE",-0.144516364905647,0.317686246349844,0.865440753460769
2676,"Muntjac","MJK",7,"slope + DE",-0.144749735089061,0.311307851969801,0.865238808386024
2677,"Muntjac","MJK",7,"slope + DE",-0.137858680606208,0.302247253659181,0.871221803634039
2678,"Muntjac","MJK",7,"slope + DE",-0.121930718714914,0.309837929927541,0.885209700032326
2679,"Muntjac","MJK",7,"slope + DE",-0.117554077727567,0.311588113303452,0.889092430798613
2680,"Muntjac","MJK",7,"slope + DE",-0.108691373971499,0.316410192222951,0.897007215870023
2681,"Muntjac","MJK",7,"slope + DE",-0.0954731398016633,0.317829840518017,0.908942790890833
2682,"Muntjac","MJK",7,"slope + DE",-0.0809828755420995,0.316919958325794,0.922209511380026
2683,"Muntjac","MJK",7,"slope + DE",-0.0831316412495375,0.323367509186172,0.92022999902226
2684,"Muntjac","MJK",7,"slope + DE",-0.0674105470388768,0.320762179780315,0.934811367556193
2685,"Muntjac","MJK",7,"slope + DE",-0.0571541439458943,0.329963451818703,0.944448487181708
2686,"Muntjac","MJK",7,"slope + DE",-0.0371624466699431,0.320945080325889,0.963519619430232
2687,"Muntjac","MJK",7,"slope + DE",-0.0282450182083885,0.332852519535639,0.972150143461018
2688,"Muntjac","MJK",7,"slope + DE",-0.0136308585712946,0.346396124525572,0.986461624567688
2689,"Muntjac","MJK",7,"slope + DE",-0.00929728026687725,0.344399857824229,0.990745805884372
2690,"Muntjac","MJK",7,"slope + DE",-0.00353676907959565,0.362041997255437,0.996469487899317
2691,"Muntjac","MJK",7,"slope + DE",-0.000230364206185934,0.375268887006474,0.999769662335028
2692,"Muntjac","MJK",7,"slope + DE",0.00183978675533631,0.421666100946447,1.00184149354577
2693,"Muntjac","MJK",7,"slope + DE",0.00775434013090998,0.480142463230341,1.00778448524374
2694,"Muntjac","MJK",7,"slope + DE",-0.113331296988387,0.479589010872942,0.892854815461817
2695,"Muntjac","MJK",7,"slope + DE",-0.10179981741458,0.439484868855803,0.903210371139626
2696,"Muntjac","MJK",7,"slope + DE",-0.0942294258598063,0.412103598271257,0.910073952188899
2697,"Muntjac","MJK",7,"slope + DE",-0.108257657096332,0.388325419056086,0.89739635594735
2698,"Muntjac","MJK",7,"slope + DE",-0.101549546090949,0.371992085013856,0.903436445968469
2699,"Muntjac","MJK",7,"slope + DE",-0.101685321136291,0.360029727409417,0.903313802126033
2700,"Muntjac","MJK",7,"slope + DE",-0.110625773510231,0.352013904556918,0.895273726457588
2701,"Muntjac","MJK",7,"slope + DE",-0.124901612627238,0.353997245581974,0.882583733812859
2702,"Muntjac","MJK",7,"slope + DE",-0.109131121588791,0.349440890579661,0.896612855261235
2703,"Muntjac","MJK",7,"slope + DE",-0.116226786659709,0.345439733692922,0.890273324968729
2704,"Muntjac","MJK",7,"slope + DE",-0.12642216260745,0.333126377504195,0.881242790593915
2705,"Muntjac","MJK",7,"slope + DE",-0.138985887319539,0.331532205278985,0.870240311695471
2706,"Muntjac","MJK",7,"slope + DE",-0.151454425355914,0.323790850538296,0.859457065155798
2707,"Muntjac","MJK",7,"slope + DE",-0.1468910191641,0.322002786478737,0.863388068819847
2708,"Muntjac","MJK",7,"slope + DE",-0.155871858516922,0.317380721976366,0.855668830019148
2709,"Muntjac","MJK",7,"slope + DE",-0.16770805928074,0.320788493602527,0.845600665273459
2710,"Muntjac","MJK",7,"slope + DE",-0.152116215510254,0.319740720854001,0.858888458795945
2711,"Muntjac","MJK",7,"slope + DE",-0.137963037033109,0.327204742232542,0.871130892321525
2712,"Muntjac","MJK",7,"slope + DE",-0.130753322934246,0.315850743890937,0.877434191630569
2713,"Muntjac","MJK",7,"slope + DE",-0.119487018523652,0.314543264692306,0.887375545607444
2714,"Muntjac","MJK",7,"slope + DE",-0.109234132280532,0.317403947966164,0.896520492957134
2715,"Muntjac","MJK",7,"slope + DE",-0.105853729705814,0.319828250656746,0.899556222568178
2716,"Muntjac","MJK",7,"slope + DE",-0.0998088456957474,0.328028256858206,0.905010415390087
2717,"Muntjac","MJK",7,"slope + DE",-0.0986595953737716,0.325820313298572,0.906051079703778
2718,"Muntjac","MJK",7,"slope + DE",-0.084800524500807,0.337246167268647,0.918695529504759
2719,"Muntjac","MJK",7,"slope + DE",-0.0675031350263031,0.332676206899257,0.934724803838322
2720,"Muntjac","MJK",7,"slope + DE",-0.0526564774735791,0.334237622525792,0.94870585914937
2721,"Muntjac","MJK",7,"slope + DE",-0.0454642911048392,0.350817490903236,0.955553726138093
2722,"Muntjac","MJK",7,"slope + DE",-0.0280234339292419,0.33358381741121,0.97236558056359
2723,"Muntjac","MJK",7,"slope + DE",-0.0249046769759718,0.358306477737798,0.975402886298191
2724,"Muntjac","MJK",7,"slope + DE",-0.00684602939165153,0.365962281789169,0.993177351319448
2725,"Muntjac","MJK",7,"slope + DE",-0.00568501065226591,0.369520107304961,0.994331136464427
2726,"Muntjac","MJK",7,"slope + DE",-0.00229533264653846,0.385898252774424,0.997707301067831
2727,"Muntjac","MJK",7,"slope + DE",0.00120396308102303,0.417258199541743,1.00120469594997
2728,"Muntjac","MJK",7,"slope + DE",0.00246149108495342,0.459562550927639,1.00246452470584
2729,"Muntjac","MJK",7,"slope + DE",-0.0998528762096565,0.516057027734248,0.904970554064139
2730,"Muntjac","MJK",7,"slope + DE",-0.10217684328569,0.448685831869105,0.902869884695526
2731,"Muntjac","MJK",7,"slope + DE",-0.0973990642691765,0.41505966773693,0.907193916186435
2732,"Muntjac","MJK",7,"slope + DE",-0.0972079448500892,0.401226134412724,0.907367304431867
2733,"Muntjac","MJK",7,"slope + DE",-0.104837525436579,0.37751802992616,0.900470814820017
2734,"Muntjac","MJK",7,"slope + DE",-0.102451039716205,0.363142444685701,0.902622367495618
2735,"Muntjac","MJK",7,"slope + DE",-0.117318159808009,0.357966845473695,0.889302266986196
2736,"Muntjac","MJK",7,"slope + DE",-0.112372637373484,0.346994768562637,0.89371116644773
2737,"Muntjac","MJK",7,"slope + DE",-0.113811278441313,0.349641826048519,0.892426360500166
2738,"Muntjac","MJK",7,"slope + DE",-0.124960324110544,0.346008404596834,0.882531917227963
2739,"Muntjac","MJK",7,"slope + DE",-0.124897705909427,0.337404650919742,0.88258718171687
2740,"Muntjac","MJK",7,"slope + DE",-0.144646045388347,0.330693941866107,0.865328576161412
2741,"Muntjac","MJK",7,"slope + DE",-0.160509616425715,0.319220434438117,0.851709634748665
2742,"Muntjac","MJK",7,"slope + DE",-0.200084214412075,0.310078415546141,0.818661813885894
2743,"Muntjac","MJK",7,"slope + DE",-0.201726743613624,0.310728588645175,0.817318234911339
2744,"Muntjac","MJK",7,"slope + DE",-0.171107553596202,0.316313940143427,0.842730937404117
2745,"Muntjac","MJK",7,"slope + DE",-0.153935027959585,0.327625037179977,0.857327726592737
2746,"Muntjac","MJK",7,"slope + DE",-0.146289087508552,0.329894606817911,0.863907925870428
2747,"Muntjac","MJK",7,"slope + DE",-0.126780561929808,0.321424710190374,0.880927001518197
2748,"Muntjac","MJK",7,"slope + DE",-0.118128966306865,0.332310314288271,0.8885814506156
2749,"Muntjac","MJK",7,"slope + DE",-0.106999375405925,0.324901218454865,0.898526249497375
2750,"Muntjac","MJK",7,"slope + DE",-0.111343777565993,0.325713737087478,0.894631180592884
2751,"Muntjac","MJK",7,"slope + DE",-0.103587724396076,0.320094818087059,0.901596927992328
2752,"Muntjac","MJK",7,"slope + DE",-0.0942085232064712,0.347868742731346,0.910092979581418
2753,"Muntjac","MJK",7,"slope + DE",-0.0783589456547908,0.339346092683032,0.924632500857546
2754,"Muntjac","MJK",7,"slope + DE",-0.0764146077696245,0.350132932295721,0.92643202432337
2755,"Muntjac","MJK",7,"slope + DE",-0.057072293600014,0.346945192652223,0.944525792309477
2756,"Muntjac","MJK",7,"slope + DE",-0.0502202384909789,0.344612346469789,0.951020175678204
2757,"Muntjac","MJK",7,"slope + DE",-0.0352913486487528,0.359648039638906,0.965324131973042
2758,"Muntjac","MJK",7,"slope + DE",-0.0370328850978159,0.375422817989205,0.96364448729358
2759,"Muntjac","MJK",7,"slope + DE",-0.0268716806267628,0.381072059657305,0.973486154004024
2760,"Muntjac","MJK",7,"slope + DE",-0.0167551703062382,0.393278799554744,0.983384417743666
2761,"Muntjac","MJK",7,"slope + DE",-0.0111586557306821,0.397830917515345,0.988903373001964
2762,"Muntjac","MJK",7,"slope + DE",-0.00707621250189635,0.439652185224579,0.992948797864184
2763,"Muntjac","MJK",7,"slope + DE",-0.0102882127704929,0.507636362245851,0.989764531215117
2764,"Muntjac","MJK",7,"slope + DE",-0.0994266065458501,0.508698345628508,0.905356397273899
2765,"Muntjac","MJK",7,"slope + DE",-0.109550873631185,0.431590050894111,0.89623658508834
2766,"Muntjac","MJK",7,"slope + DE",-0.112639975383546,0.396043524082357,0.893472316344016
2767,"Muntjac","MJK",7,"slope + DE",-0.101877139453145,0.387204262438376,0.903140508965404
2768,"Muntjac","MJK",7,"slope + DE",-0.117416077349696,0.37594749285608,0.88921513413912
2769,"Muntjac","MJK",7,"slope + DE",-0.115243464692793,0.360491060254763,0.891149155548073
2770,"Muntjac","MJK",7,"slope + DE",-0.110646281467841,0.354638075549156,0.895255372702705
2771,"Muntjac","MJK",7,"slope + DE",-0.13195813788138,0.348568740319445,0.876377681388176
2772,"Muntjac","MJK",7,"slope + DE",-0.118920719363051,0.347505863328265,0.887878226842125
2773,"Muntjac","MJK",7,"slope + DE",-0.135793480701974,0.331552764160801,0.873022909995443
2774,"Muntjac","MJK",7,"slope + DE",-0.153414123148632,0.333758313174697,0.857774469192014
2775,"Muntjac","MJK",7,"slope + DE",-0.170238453471914,0.326948115332876,0.843463674179535
2776,"Muntjac","MJK",7,"slope + DE",-0.218671638958005,0.311084475682703,0.803585545885964
2777,"Muntjac","MJK",7,"slope + DE",-0.230651265998639,0.310990862639477,0.794016325842697
2778,"Muntjac","MJK",7,"slope + DE",-0.173256811525949,0.32607364799706,0.840921629127139
2779,"Muntjac","MJK",7,"slope + DE",-0.152788473548443,0.335324185809703,0.85831126753902
2780,"Muntjac","MJK",7,"slope + DE",-0.149542002004088,0.328258868584495,0.861102292097922
2781,"Muntjac","MJK",7,"slope + DE",-0.132130019570811,0.337175237800997,0.876227062354905
2782,"Muntjac","MJK",7,"slope + DE",-0.115713252314988,0.333998459038728,0.890730602737835
2783,"Muntjac","MJK",7,"slope + DE",-0.117289623543652,0.336330543176788,0.889327620571419
2784,"Muntjac","MJK",7,"slope + DE",-0.0999136803323104,0.330353581707248,0.904915527696236
2785,"Muntjac","MJK",7,"slope + DE",-0.094972663052236,0.342404370100053,0.909397794665124
2786,"Muntjac","MJK",7,"slope + DE",-0.0841131053094646,0.343694527069274,0.919327269471136
2787,"Muntjac","MJK",7,"slope + DE",-0.0778233013683955,0.349613403767215,0.925127884639165
2788,"Muntjac","MJK",7,"slope + DE",-0.0649797277277626,0.355839510257147,0.937086461347133
2789,"Muntjac","MJK",7,"slope + DE",-0.0679938197242714,0.359289973473677,0.934266257176396
2790,"Muntjac","MJK",7,"slope + DE",-0.0461574063238293,0.360790194708909,0.954891644680511
2791,"Muntjac","MJK",7,"slope + DE",-0.0373965196211009,0.381639215173931,0.963294099996572
2792,"Muntjac","MJK",7,"slope + DE",-0.0309365685827815,0.39065557781648,0.969537078014374
2793,"Muntjac","MJK",7,"slope + DE",-0.0280463917900396,0.412462382049822,0.972343262310593
2794,"Muntjac","MJK",7,"slope + DE",-0.0191431491609358,0.419445400311471,0.981038918740295
2795,"Muntjac","MJK",7,"slope + DE",-0.0132596460021366,0.456571635262184,0.986827878831215
2796,"Muntjac","MJK",7,"slope + DE",-0.00772517372613134,0.507150937714432,0.992304658569553
2797,"Muntjac","MJK",7,"slope + DE",-0.108029167720105,0.407177768998541,0.897601422420782
2798,"Muntjac","MJK",7,"slope + DE",-0.115369425408996,0.388005592594676,0.891036911456953
2799,"Muntjac","MJK",7,"slope + DE",-0.118686737222036,0.382502800347283,0.888085967988016
2800,"Muntjac","MJK",7,"slope + DE",-0.123855664990454,0.369774652385314,0.883507398375418
2801,"Muntjac","MJK",7,"slope + DE",-0.125717248478994,0.35685203256895,0.881864164665
2802,"Muntjac","MJK",7,"slope + DE",-0.137639895095275,0.350571186101086,0.871412436006655
2803,"Muntjac","MJK",7,"slope + DE",-0.140491188719519,0.349708433660227,0.868931327355021
2804,"Muntjac","MJK",7,"slope + DE",-0.149839926444775,0.350211320664471,0.860845768578057
2805,"Muntjac","MJK",7,"slope + DE",-0.14762966559596,0.342371846768203,0.862750564038349
2806,"Muntjac","MJK",7,"slope + DE",-0.16964560273218,0.334277171005044,0.843963946454692
2807,"Muntjac","MJK",7,"slope + DE",-0.186024181043116,0.333157658429102,0.830253518732225
2808,"Muntjac","MJK",7,"slope + DE",-0.180631551134542,0.330276923727762,0.834742866479829
2809,"Muntjac","MJK",7,"slope + DE",-0.1725604656355,0.333728136670165,0.84150752376275
2810,"Muntjac","MJK",7,"slope + DE",-0.164572932844077,0.339835513010339,0.848255889146353
2811,"Muntjac","MJK",7,"slope + DE",-0.144593628414278,0.350592453283514,0.865373911678419
2812,"Muntjac","MJK",7,"slope + DE",-0.130391721513506,0.349312499383832,0.877751555633305
2813,"Muntjac","MJK",7,"slope + DE",-0.126442973463473,0.350884082108221,0.881224416305037
2814,"Muntjac","MJK",7,"slope + DE",-0.110822318128867,0.352146072068546,0.895097777700344
2815,"Muntjac","MJK",7,"slope + DE",-0.114721162388529,0.350967593724964,0.891614762835257
2816,"Muntjac","MJK",7,"slope + DE",-0.0954781285579501,0.344574739460014,0.908938249881936
2817,"Muntjac","MJK",7,"slope + DE",-0.0878967392070878,0.356745343588411,0.915855444478553
2818,"Muntjac","MJK",7,"slope + DE",-0.0823354253637761,0.357599249208925,0.920963013529943
2819,"Muntjac","MJK",7,"slope + DE",-0.0723923369020701,0.367803108956018,0.930165889707858
2820,"Muntjac","MJK",7,"slope + DE",-0.0597134791736708,0.372925209041377,0.942034408992227
2821,"Muntjac","MJK",7,"slope + DE",-0.0502511271320671,0.386159170190133,0.95099057618946
2822,"Muntjac","MJK",7,"slope + DE",-0.0469357262614227,0.408306931820919,0.95414872269007
2823,"Muntjac","MJK",7,"slope + DE",-0.0336380084144146,0.441002112836564,0.966921461177668
2824,"Muntjac","MJK",7,"slope + DE",-0.0314998798363183,0.478478777434591,0.968991073222709
2825,"Muntjac","MJK",7,"slope + DE",-0.107525732359134,0.439509824422448,0.898053414565527
2826,"Muntjac","MJK",7,"slope + DE",-0.126117691517021,0.402334472855009,0.881511099096723
2827,"Muntjac","MJK",7,"slope + DE",-0.131098831222864,0.393506609146644,0.87713108494268
2828,"Muntjac","MJK",7,"slope + DE",-0.124264468726102,0.37872312306036,0.883146263168166
2829,"Muntjac","MJK",7,"slope + DE",-0.138311529245427,0.366425897947868,0.870827362144211
2830,"Muntjac","MJK",7,"slope + DE",-0.130724093481664,0.359212487084667,0.877459838019713
2831,"Muntjac","MJK",7,"slope + DE",-0.136621071840728,0.360462827886911,0.872300703016968
2832,"Muntjac","MJK",7,"slope + DE",-0.136913199723007,0.347333825780589,0.872045916710734
2833,"Muntjac","MJK",7,"slope + DE",-0.146851289191066,0.344992210240391,0.863422371677932
2834,"Muntjac","MJK",7,"slope + DE",-0.150165527999662,0.339144908942168,0.860565517623607
2835,"Muntjac","MJK",7,"slope + DE",-0.158329237044548,0.341166181222049,0.853568771998497
2836,"Muntjac","MJK",7,"slope + DE",-0.161277319051269,0.345644446835423,0.851056026742353
2837,"Muntjac","MJK",7,"slope + DE",-0.154852240880653,0.346600301901356,0.856541730657913
2838,"Muntjac","MJK",7,"slope + DE",-0.143397982394889,0.349920786307665,0.866409191656756
2839,"Muntjac","MJK",7,"slope + DE",-0.135453480932933,0.355169827317468,0.873319788321061
2840,"Muntjac","MJK",7,"slope + DE",-0.128537860647648,0.350260583516359,0.879380272324318
2841,"Muntjac","MJK",7,"slope + DE",-0.116079957685313,0.350825645463543,0.890404039971133
2842,"Muntjac","MJK",7,"slope + DE",-0.11275196549545,0.357162016015602,0.893372234550874
2843,"Muntjac","MJK",7,"slope + DE",-0.108456307579423,0.352026138307525,0.897218101293265
2844,"Muntjac","MJK",7,"slope + DE",-0.0846807067925491,0.353058037767318,0.918805609027254
2845,"Muntjac","MJK",7,"slope + DE",-0.0885712390700498,0.355333960226744,0.915237969199661
2846,"Muntjac","MJK",7,"slope + DE",-0.0814670805017787,0.374069438447215,0.921763053880819
2847,"Muntjac","MJK",7,"slope + DE",-0.0745935684081379,0.373007010855038,0.928120628519887
2848,"Muntjac","MJK",7,"slope + DE",-0.0634106132180896,0.39820444659167,0.938558011963049
2849,"Muntjac","MJK",7,"slope + DE",-0.0670902084081019,0.419708012108296,0.935110846131154
2850,"Muntjac","MJK",7,"slope + DE",-0.0987450170084798,0.468591626825018,0.905973708890728
2851,"Muntjac","MJK",7,"slope + DE",-0.123837820077622,0.410325391149837,0.883523122612444
2852,"Muntjac","MJK",7,"slope + DE",-0.129922507872944,0.399435693828723,0.878163563758115
2853,"Muntjac","MJK",7,"slope + DE",-0.135733745428872,0.384137419741511,0.873075063373914
2854,"Muntjac","MJK",7,"slope + DE",-0.128982085184573,0.381691366357122,0.878989712343334
2855,"Muntjac","MJK",7,"slope + DE",-0.130475191107533,0.363846999945702,0.877678267244175
2856,"Muntjac","MJK",7,"slope + DE",-0.13884582869049,0.36717932615327,0.870362203563784
2857,"Muntjac","MJK",7,"slope + DE",-0.126206468237712,0.369823320684984,0.881432849561348
2858,"Muntjac","MJK",7,"slope + DE",-0.135283339035921,0.366151264634425,0.873468418162411
2859,"Muntjac","MJK",7,"slope + DE",-0.145686379069783,0.345853199378476,0.864428763640417
2860,"Muntjac","MJK",7,"slope + DE",-0.148214938184927,0.356693141431369,0.862245775775704
2861,"Muntjac","MJK",7,"slope + DE",-0.148960285094619,0.351975545091332,0.861603332934538
2862,"Muntjac","MJK",7,"slope + DE",-0.14491437374353,0.356576425311334,0.8650963893865
2863,"Muntjac","MJK",7,"slope + DE",-0.13004469756584,0.355860262969005,0.8780561836097
2864,"Muntjac","MJK",7,"slope + DE",-0.129608007002006,0.361765475349523,0.878439705794584
2865,"Muntjac","MJK",7,"slope + DE",-0.111442233748326,0.366807813864217,0.894543070301681
2866,"Muntjac","MJK",7,"slope + DE",-0.124763823111992,0.361851009079176,0.882705356584564
2867,"Muntjac","MJK",7,"slope + DE",-0.110498892407447,0.363994539182164,0.895387352562141
2868,"Muntjac","MJK",7,"slope + DE",-0.113280988659988,0.359248847976578,0.892899737357335
2869,"Muntjac","MJK",7,"slope + DE",-0.0923664881546784,0.366008054924983,0.911770944160591
2870,"Muntjac","MJK",7,"slope + DE",-0.0842292742925975,0.381665548972935,0.919220478367963
2871,"Muntjac","MJK",7,"slope + DE",-0.0838213174431108,0.403054900858003,0.919595631066965
2872,"Muntjac","MJK",7,"slope + DE",-0.0725113735600459,0.435916143120105,0.930055169710994
2873,"Muntjac","MJK",7,"slope + DE",-0.0625534433460629,0.461854019512032,0.93936286983905
2874,"Muntjac","MJK",7,"slope + DE",-0.120738337390585,0.464802306481118,0.886265831945553
2875,"Muntjac","MJK",7,"slope + DE",-0.12297871743519,0.421745651149204,0.884282486282294
2876,"Muntjac","MJK",7,"slope + DE",-0.127355987969202,0.408154771209814,0.880420256247603
2877,"Muntjac","MJK",7,"slope + DE",-0.125958477739346,0.40021294846936,0.88165145430607
2878,"Muntjac","MJK",7,"slope + DE",-0.131104616174678,0.38664249689882,0.877126018878123
2879,"Muntjac","MJK",7,"slope + DE",-0.128543276831161,0.370984196513915,0.879375525695521
2880,"Muntjac","MJK",7,"slope + DE",-0.124766981923131,0.368925901781254,0.882702576649296
2881,"Muntjac","MJK",7,"slope + DE",-0.143819225593082,0.368356036054648,0.866044305891194
2882,"Muntjac","MJK",7,"slope + DE",-0.127680724789129,0.367720773744985,0.880134351635039
2883,"Muntjac","MJK",7,"slope + DE",-0.133628572009879,0.363424203865503,0.874914975745774
2884,"Muntjac","MJK",7,"slope + DE",-0.131069026149484,0.369687098256893,0.877157387578418
2885,"Muntjac","MJK",7,"slope + DE",-0.140290536400755,0.363789797695294,0.869105692835451
2886,"Muntjac","MJK",7,"slope + DE",-0.147107879338531,0.361048594350171,0.863200851900311
2887,"Muntjac","MJK",7,"slope + DE",-0.128716531994224,0.369778096825995,0.879223174079995
2888,"Muntjac","MJK",7,"slope + DE",-0.126056755790947,0.374390164923465,0.881564813467154
2889,"Muntjac","MJK",7,"slope + DE",-0.127268859215825,0.371290219041583,0.880496914690032
2890,"Muntjac","MJK",7,"slope + DE",-0.115790917580124,0.38084046460848,0.890661429341804
2891,"Muntjac","MJK",7,"slope + DE",-0.11111352505502,0.371696165658199,0.894837158672142
2892,"Muntjac","MJK",7,"slope + DE",-0.102693305441621,0.377782983854644,0.902403693375481
2893,"Muntjac","MJK",7,"slope + DE",-0.0987576651569016,0.382657420853588,0.905962229150394
2894,"Muntjac","MJK",7,"slope + DE",-0.0874575887587191,0.42475926672612,0.916257739615221
2895,"Muntjac","MJK",7,"slope + DE",-0.122513958082388,0.474825423774511,0.884693565831162
2896,"Muntjac","MJK",7,"slope + DE",-0.126820460235454,0.431338754626721,0.880891818485458
2897,"Muntjac","MJK",7,"slope + DE",-0.122783190886027,0.427252478340772,0.884455399938982
2898,"Muntjac","MJK",7,"slope + DE",-0.123297979542572,0.403705947893725,0.884000237253529
2899,"Muntjac","MJK",7,"slope + DE",-0.123420819235084,0.402349368769947,0.883891625902558
2900,"Muntjac","MJK",7,"slope + DE",-0.127025683484302,0.380309136306207,0.880711096364225
2901,"Muntjac","MJK",7,"slope + DE",-0.126074679500761,0.371828075185333,0.881549010686214
2902,"Muntjac","MJK",7,"slope + DE",-0.121781657195795,0.378435819225842,0.885341661786528
2903,"Muntjac","MJK",7,"slope + DE",-0.125231768166196,0.383945349805543,0.88229239160863
2904,"Muntjac","MJK",7,"slope + DE",-0.129096614491079,0.378322220199815,0.878889050991111
2905,"Muntjac","MJK",7,"slope + DE",-0.130505867277323,0.366933996753573,0.877651411352182
2906,"Muntjac","MJK",7,"slope + DE",-0.13101183184103,0.367224624740346,0.877207397951492
2907,"Muntjac","MJK",7,"slope + DE",-0.131673265526027,0.377469631766641,0.876627430231969
2908,"Muntjac","MJK",7,"slope + DE",-0.126202575502506,0.375751533964307,0.881436283565219
2909,"Muntjac","MJK",7,"slope + DE",-0.130827481173785,0.380263484198633,0.877369124397519
2910,"Muntjac","MJK",7,"slope + DE",-0.122494062775159,0.387630667764272,0.884711177715513
2911,"Muntjac","MJK",7,"slope + DE",-0.12274342680754,0.381430198229212,0.884490573179266
2912,"Muntjac","MJK",7,"slope + DE",-0.109738559776254,0.39724599515159,0.896068373118062
2913,"Muntjac","MJK",7,"slope + DE",-0.111612782193222,0.395246720067304,0.894390515896286
2914,"Muntjac","MJK",7,"slope + DE",-0.0970678734228279,0.423583031725412,0.907494457474878
2915,"Muntjac","MJK",7,"slope + DE",-0.127732242463669,0.527455879931661,0.880089002685094
2916,"Muntjac","MJK",7,"slope + DE",-0.135657605513604,0.479329974500103,0.873141543085205
2917,"Muntjac","MJK",7,"slope + DE",-0.139816164210433,0.45229014713999,0.869518079831365
2918,"Muntjac","MJK",7,"slope + DE",-0.13056275084117,0.425106161683783,0.877601429775333
2919,"Muntjac","MJK",7,"slope + DE",-0.123179012333086,0.40721679491124,0.884105386846671
2920,"Muntjac","MJK",7,"slope + DE",-0.124949653000305,0.394331101481988,0.882541334862624
2921,"Muntjac","MJK",7,"slope + DE",-0.116168252219404,0.39587837258453,0.89032542321586
2922,"Muntjac","MJK",7,"slope + DE",-0.121559516996724,0.387435030022665,0.885538350265964
2923,"Muntjac","MJK",7,"slope + DE",-0.126005871076169,0.377910741145982,0.881609672071813
2924,"Muntjac","MJK",7,"slope + DE",-0.120801924638843,0.37939138356327,0.886209519830574
2925,"Muntjac","MJK",7,"slope + DE",-0.13189232522451,0.375725425031366,0.876435511018836
2926,"Muntjac","MJK",7,"slope + DE",-0.123146040430608,0.376183935748668,0.884134536126484
2927,"Muntjac","MJK",7,"slope + DE",-0.129165379107567,0.385223089762547,0.878828617546009
2928,"Muntjac","MJK",7,"slope + DE",-0.124444463712103,0.388650481862835,0.882987302077082
2929,"Muntjac","MJK",7,"slope + DE",-0.12353313803923,0.380167483973987,0.883792353627868
2930,"Muntjac","MJK",7,"slope + DE",-0.119332521958954,0.396520862851711,0.887512634956443
2931,"Muntjac","MJK",7,"slope + DE",-0.119110673702536,0.394134011595812,0.887709569065605
2932,"Muntjac","MJK",7,"slope + DE",-0.120028503621244,0.396524795357444,0.88689518380145
2933,"Muntjac","MJK",7,"slope + DE",-0.106662619968321,0.400640985299507,0.898828871130442
2934,"Muntjac","MJK",7,"slope + DE",-0.10637263091634,0.421242064369416,0.899089558120401
2935,"Muntjac","MJK",7,"slope + DE",-0.100409776362773,0.478539421120354,0.904466764147922
2936,"Muntjac","MJK",7,"slope + DE",-0.130648741492037,0.558643208344802,0.877525974799304
2937,"Muntjac","MJK",7,"slope + DE",-0.132715372420822,0.493020897316374,0.875714336502095
2938,"Muntjac","MJK",7,"slope + DE",-0.129315232780825,0.46390510964863,0.878696927905771
2939,"Muntjac","MJK",7,"slope + DE",-0.130733859999834,0.437597463237619,0.877451378984234
2940,"Muntjac","MJK",7,"slope + DE",-0.145084017023815,0.427660826723201,0.864949623596797
2941,"Muntjac","MJK",7,"slope + DE",-0.123518807125869,0.415887623500547,0.883805044093375
2942,"Muntjac","MJK",7,"slope + DE",-0.123623990802945,0.401049639610984,0.883712062416633
2943,"Muntjac","MJK",7,"slope + DE",-0.112043838693881,0.406380335286293,0.894005092291457
2944,"Muntjac","MJK",7,"slope + DE",-0.128047038341438,0.392525877363422,0.879811994488924
2945,"Muntjac","MJK",7,"slope + DE",-0.11899479124534,0.39266725108405,0.887812476385837
2946,"Muntjac","MJK",7,"slope + DE",-0.115357113862927,0.390508682397543,0.891047895867017
2947,"Muntjac","MJK",7,"slope + DE",-0.123803041832887,0.388395437989238,0.883553982424759
2948,"Muntjac","MJK",7,"slope + DE",-0.121536010708535,0.389628700409577,0.885559163262371
2949,"Muntjac","MJK",7,"slope + DE",-0.119344056957375,0.396428237118574,0.887502413006775
2950,"Muntjac","MJK",7,"slope + DE",-0.126642484697993,0.395229826479648,0.881048607007766
2951,"Muntjac","MJK",7,"slope + DE",-0.113546663499374,0.404101521995093,0.892662541083519
2952,"Muntjac","MJK",7,"slope + DE",-0.114789847931324,0.413448322284646,0.891553562707106
2953,"Muntjac","MJK",7,"slope + DE",-0.114671168707422,0.418331509460696,0.891659319095354
2954,"Muntjac","MJK",7,"slope + DE",-0.112882219414169,0.429685207104746,0.89325591335421
2955,"Muntjac","MJK",7,"slope + DE",-0.112163371839078,0.462945289209477,0.89389821059384
2956,"Muntjac","MJK",7,"slope + DE",-0.119948139915916,0.545717965251563,0.886966441651675
2957,"Muntjac","MJK",7,"slope + DE",-0.123855343185836,0.500468348421976,0.883507642919198
2958,"Muntjac","MJK",7,"slope + DE",-0.12759100998886,0.480530523472309,0.880213306626395
2959,"Muntjac","MJK",7,"slope + DE",-0.140431449152846,0.451183770695493,0.86898323366138
2960,"Muntjac","MJK",7,"slope + DE",-0.122590405054556,0.431688143889616,0.884625935881499
2961,"Muntjac","MJK",7,"slope + DE",-0.12312680216966,0.415114328593066,0.88415173713705
2962,"Muntjac","MJK",7,"slope + DE",-0.11972691293674,0.402456816277605,0.887162691594639
2963,"Muntjac","MJK",7,"slope + DE",-0.116296213330995,0.396798505731581,0.890211491912529
2964,"Muntjac","MJK",7,"slope + DE",-0.11598734109635,0.398962667321811,0.890486519034567
2965,"Muntjac","MJK",7,"slope + DE",-0.122620710109199,0.401923793366005,0.884599118483062
2966,"Muntjac","MJK",7,"slope + DE",-0.117253771083838,0.40558137802169,0.88935947111641
2967,"Muntjac","MJK",7,"slope + DE",-0.111152214703571,0.40639421905592,0.894802536469572
2968,"Muntjac","MJK",7,"slope + DE",-0.119126775816597,0.40277085633089,0.887695261083353
2969,"Muntjac","MJK",7,"slope + DE",-0.11872426225397,0.401499579377354,0.888052693900446
2970,"Muntjac","MJK",7,"slope + DE",-0.126143743109155,0.420286595292347,0.881488135346069
2971,"Muntjac","MJK",7,"slope + DE",-0.112704969891353,0.43308538184059,0.89341420550399
2972,"Muntjac","MJK",7,"slope + DE",-0.105683274478854,0.447677971347667,0.89970972860377
2973,"Muntjac","MJK",7,"slope + DE",-0.110730224169004,0.47127597015129,0.895180276440048
2974,"Muntjac","MJK",7,"slope + DE",-0.123347598713654,0.44843510178389,0.883956373540582
2975,"Muntjac","MJK",7,"slope + DE",-0.116556587467266,0.431583480731124,0.889979739497212
2976,"Muntjac","MJK",7,"slope + DE",-0.120234003596287,0.42270554378972,0.886713008653226
2977,"Muntjac","MJK",7,"slope + DE",-0.128717225142377,0.418720503994415,0.879222620036841
2978,"Muntjac","MJK",7,"slope + DE",-0.125803884722372,0.414472870449102,0.881787770777639
2979,"Muntjac","MJK",7,"slope + DE",-0.108281587509212,0.409321566101964,0.897374921441446
2980,"Muntjac","MJK",7,"slope + DE",-0.111758217553263,0.408240984829651,0.894260449300814
2981,"Muntjac","MJK",7,"slope + DE",-0.124403567383911,0.416418789876615,0.883023409601717
2982,"Muntjac","MJK",7,"slope + DE",-0.127944746946751,0.414992263858413,0.87990199959969
2983,"Muntjac","MJK",7,"slope + DE",-0.119049938611743,0.429396325319749,0.887763466002977
2984,"Muntjac","MJK",7,"slope + DE",-0.116502616942921,0.439430912148266,0.89002777179581
2985,"Muntjac","MJK",7,"slope + DE",-0.110441595836488,0.454288670836834,0.895438629404613
2986,"Muntjac","MJK",7,"slope + DE",-0.104785108580807,0.506689462300514,0.900518015457229
2987,"Muntjac","MJK",7,"slope + DE",-0.107234484397632,0.495516870935348,0.8983151065167
2988,"Muntjac","MJK",7,"slope + DE",-0.114657747048703,0.455695322641895,0.891671270236776
2989,"Muntjac","MJK",7,"slope + DE",-0.116144098262186,0.4477750681301,0.89034696570653
2990,"Muntjac","MJK",7,"slope + DE",-0.126800441019765,0.425080043543892,0.880909448661762
2991,"Muntjac","MJK",7,"slope + DE",-0.125151462595046,0.429602459234183,0.882363248811955
2992,"Muntjac","MJK",7,"slope + DE",-0.119627521241912,0.420763222613382,0.887250858439063
2993,"Muntjac","MJK",7,"slope + DE",-0.11797354042125,0.426494955390796,0.888719567556368
2994,"Muntjac","MJK",7,"slope + DE",-0.116182779317522,0.442679691574578,0.890312482965056
2995,"Muntjac","MJK",7,"slope + DE",-0.114746374403206,0.455424240190558,0.891592247160371
2996,"Muntjac","MJK",7,"slope + DE",-0.108003745853016,0.473555057757224,0.897624234607976
2997,"Muntjac","MJK",7,"slope + DE",-0.114515981277391,0.493932034587675,0.891797687487265
2998,"Muntjac","MJK",7,"slope + DE",-0.116697204463547,0.526722866668398,0.889854631028085
2999,"Muntjac","MJK",7,"slope + DE",-0.113073401333594,0.47698951979898,0.893085104227974
3000,"Muntjac","MJK",7,"slope + DE",-0.114099887927056,0.465433824883955,0.892168836971284
3001,"Muntjac","MJK",7,"slope + DE",-0.132462881694718,0.457016441278359,0.875935450126797
3002,"Muntjac","MJK",7,"slope + DE",-0.124385301959838,0.446190404009999,0.883039538708459
3003,"Muntjac","MJK",7,"slope + DE",-0.126042016937753,0.453232870102,0.881577968985545
3004,"Muntjac","MJK",7,"slope + DE",-0.117740296814647,0.446090191471329,0.888926889813335
3005,"Muntjac","MJK",7,"slope + DE",-0.119081921095443,0.487665440366524,0.88773507372404
3006,"Muntjac","MJK",7,"slope + DE",-0.134194745443508,0.511303595716924,0.874419763548302
3007,"Muntjac","MJK",7,"slope + DE",-0.130751508230291,0.485056129479898,0.877435783099698
3008,"Muntjac","MJK",7,"slope + DE",-0.1341816655419,0.48236263749678,0.874431197186414
3009,"Muntjac","MJK",7,"slope + DE",-0.115391886600544,0.481772822265154,0.891016898422854
3010,"Muntjac","MJK",7,"slope + DE",-0.129702717168973,0.49497889796511,0.878356626416963
3011,"Muntjac","MJK",7,"slope + DE",-0.128410447527139,0.587525865386422,0.879492319679395
3012,"Muntjac","MJK",7,"slope + DE",-0.127579734948303,0.529663384413283,0.880223229668145
3013,"Muntjac","MJK",7,"slope + DE",-0.122201841911508,0.546634189772358,0.884969726503471
