"grid_id","Species","Species_Code","Rank","Covariates","CAR_Median","CAR_SD","CAR_RelativeRisk"
1,"Wild boar","PIG",1,"slope",-0.520095184556165,1.11256053922205,0.59446396193112
2,"Wild boar","PIG",1,"slope",-0.489302970694691,0.988243315211353,0.613053572394234
3,"Wild boar","PIG",1,"slope",-0.500566637801188,0.966047554908529,0.606187077433896
4,"Wild boar","PIG",1,"slope",-0.506932705895091,0.956953677990344,0.602340356557433
5,"Wild boar","PIG",1,"slope",-0.494439614584145,1.00348543631654,0.609912626032489
6,"Wild boar","PIG",1,"slope",-0.472498013340842,1.0929050069856,0.623442955505681
7,"Wild boar","PIG",1,"slope",-0.491700726049398,0.921947531077945,0.611585380436745
8,"Wild boar","PIG",1,"slope",-0.504885014898434,0.895715414903092,0.603575004818769
9,"Wild boar","PIG",1,"slope",-0.485144023224327,0.89826904057843,0.615608545395382
10,"Wild boar","PIG",1,"slope",-0.519195329285012,0.89576667474034,0.594999138177339
11,"Wild boar","PIG",1,"slope",-0.498535758253694,0.907858668894178,0.607419425836787
12,"Wild boar","PIG",1,"slope",-0.490025868730977,0.95157018869702,0.612610547373719
13,"Wild boar","PIG",1,"slope",-0.554213120412023,0.921241490094808,0.574524187368008
14,"Wild boar","PIG",1,"slope",-0.56404566251902,0.919979798739351,0.568902813197304
15,"Wild boar","PIG",1,"slope",-0.505667044843342,0.893545121769285,0.603103181483051
16,"Wild boar","PIG",1,"slope",-0.498417724772179,0.852850099900803,0.607491120844517
17,"Wild boar","PIG",1,"slope",-0.499835039767175,0.85161858731384,0.606630743661263
18,"Wild boar","PIG",1,"slope",-0.507877922349067,0.846845444334904,0.601771246456902
19,"Wild boar","PIG",1,"slope",-0.507535298366757,0.835812826123106,0.601977483620634
20,"Wild boar","PIG",1,"slope",-0.491045481947281,0.840539087133309,0.611986239069139
21,"Wild boar","PIG",1,"slope",-0.512444068485034,0.850590249366098,0.599029719639239
22,"Wild boar","PIG",1,"slope",-0.489078005818416,0.872616034812663,0.613191506449814
23,"Wild boar","PIG",1,"slope",-0.500817779768825,0.880988944995585,0.606034853971863
24,"Wild boar","PIG",1,"slope",-0.500907339949369,0.89995997638824,0.605980579808337
25,"Wild boar","PIG",1,"slope",-0.498194268350671,0.963969507762006,0.607626884761552
26,"Wild boar","PIG",1,"slope",-0.483385283864717,1.11544524983718,0.61669219507457
27,"Wild boar","PIG",1,"slope",-0.554295428962634,0.983033947956486,0.574476886278814
28,"Wild boar","PIG",1,"slope",-0.554414105394681,0.845430946929673,0.574408722371996
29,"Wild boar","PIG",1,"slope",-0.564356587339764,0.799306625994405,0.568725954846143
30,"Wild boar","PIG",1,"slope",-0.566467400700991,0.781524828725693,0.56752675579016
31,"Wild boar","PIG",1,"slope",-0.546778623022171,0.776108959435419,0.578811429847849
32,"Wild boar","PIG",1,"slope",-0.525252946013627,0.779988471819687,0.591405752361138
33,"Wild boar","PIG",1,"slope",-0.519594649894078,0.777277946683022,0.594761586521708
34,"Wild boar","PIG",1,"slope",-0.50729622053355,0.765586006516729,0.602121386495497
35,"Wild boar","PIG",1,"slope",-0.515188570166036,0.751192504649233,0.597387942746574
36,"Wild boar","PIG",1,"slope",-0.510833380999928,0.781910593174677,0.599995406654145
37,"Wild boar","PIG",1,"slope",-0.529174444178199,0.789547891747607,0.589091096851907
38,"Wild boar","PIG",1,"slope",-0.504643195067062,0.806500053258111,0.603720948031818
39,"Wild boar","PIG",1,"slope",-0.493890065667115,0.825733503271683,0.610247876476353
40,"Wild boar","PIG",1,"slope",-0.489088464357633,0.838130261544497,0.613185090090352
41,"Wild boar","PIG",1,"slope",-0.514943164772331,0.851655232604029,0.597534610593201
42,"Wild boar","PIG",1,"slope",-0.509465958867572,0.875473846649,0.600816359244423
43,"Wild boar","PIG",1,"slope",-0.505015831307311,0.914010544419024,0.603496050942932
44,"Wild boar","PIG",1,"slope",-0.492809471515003,0.99033518723741,0.610907708837673
45,"Wild boar","PIG",1,"slope",-0.57240169309973,0.807740474033132,0.564168849993407
46,"Wild boar","PIG",1,"slope",-0.568616131483535,0.746712679707165,0.566308605423134
47,"Wild boar","PIG",1,"slope",-0.578904346113366,0.731717868117201,0.56051217228011
48,"Wild boar","PIG",1,"slope",-0.554557060375349,0.719362879562274,0.574326600689565
49,"Wild boar","PIG",1,"slope",-0.549593290525146,0.704637626204082,0.577184511052619
50,"Wild boar","PIG",1,"slope",-0.544866035765974,0.714655705175043,0.579919466611892
51,"Wild boar","PIG",1,"slope",-0.543140939275606,0.724406981103047,0.580920882034145
52,"Wild boar","PIG",1,"slope",-0.508867593419214,0.730144681683367,0.601175985476332
53,"Wild boar","PIG",1,"slope",-0.508380067271232,0.734870674003115,0.6014691338123
54,"Wild boar","PIG",1,"slope",-0.512609484397534,0.744810602587675,0.598930723755088
55,"Wild boar","PIG",1,"slope",-0.507659404459479,0.76608622709661,0.601902754586076
56,"Wild boar","PIG",1,"slope",-0.502973392158808,0.790446976324914,0.604729884839175
57,"Wild boar","PIG",1,"slope",-0.489118788649336,0.796767028473885,0.61316648632121
58,"Wild boar","PIG",1,"slope",-0.504579762409769,0.812943476471649,0.603759251514381
59,"Wild boar","PIG",1,"slope",-0.514905777512421,0.837277155834326,0.597556905256048
60,"Wild boar","PIG",1,"slope",-0.50548481163667,0.854666847446174,0.60321306436985
61,"Wild boar","PIG",1,"slope",-0.495069116808912,0.886800009959839,0.609528777248537
62,"Wild boar","PIG",1,"slope",-0.490681349361588,0.959847619973947,0.612209142771038
63,"Wild boar","PIG",1,"slope",-0.45954221253678,0.914190681074097,0.631572706406007
64,"Wild boar","PIG",1,"slope",-0.474497389540204,0.867915550631487,0.622197700971069
65,"Wild boar","PIG",1,"slope",-0.464981619297489,0.860007386453599,0.628146751471944
66,"Wild boar","PIG",1,"slope",-0.472331432057903,0.895575588213463,0.623546815267351
67,"Wild boar","PIG",1,"slope",-0.55333993225446,0.789785535917002,0.575026131578352
68,"Wild boar","PIG",1,"slope",-0.580729243447605,0.73155991505502,0.559490214478629
69,"Wild boar","PIG",1,"slope",-0.580978609016083,0.702106507785874,0.559350758158984
70,"Wild boar","PIG",1,"slope",-0.582536346799105,0.689042911311422,0.558480084597055
71,"Wild boar","PIG",1,"slope",-0.580584321726505,0.683331286867096,0.559571310634479
72,"Wild boar","PIG",1,"slope",-0.567333681301805,0.680787794211131,0.567035351902352
73,"Wild boar","PIG",1,"slope",-0.534964506411417,0.691708242523677,0.585690136727236
74,"Wild boar","PIG",1,"slope",-0.530556964396937,0.695634845742149,0.588277228989161
75,"Wild boar","PIG",1,"slope",-0.525106579998788,0.708245612252621,0.591492320804203
76,"Wild boar","PIG",1,"slope",-0.512221107366236,0.718166147380364,0.599163293790177
77,"Wild boar","PIG",1,"slope",-0.52192660872922,0.737014278311486,0.593376249861755
78,"Wild boar","PIG",1,"slope",-0.507170349335415,0.754040184212451,0.60219717822912
79,"Wild boar","PIG",1,"slope",-0.513625939671248,0.762870534351613,0.598322168446783
80,"Wild boar","PIG",1,"slope",-0.504929996699562,0.783912872895665,0.603547835720831
81,"Wild boar","PIG",1,"slope",-0.507384281040321,0.793034318212011,0.602068363088565
82,"Wild boar","PIG",1,"slope",-0.496304372302246,0.821421462148956,0.60877632093089
83,"Wild boar","PIG",1,"slope",-0.520738450208692,0.850121142638168,0.594081690133614
84,"Wild boar","PIG",1,"slope",-0.515225504675098,0.866157876149182,0.597365936920454
85,"Wild boar","PIG",1,"slope",-0.492788710251508,0.958332059857489,0.61092034119379
86,"Wild boar","PIG",1,"slope",-0.44363505347398,0.96224592908045,0.641699564831545
87,"Wild boar","PIG",1,"slope",-0.454444124171607,0.912164172278977,0.634800741339745
88,"Wild boar","PIG",1,"slope",-0.449145573031513,0.888726125189759,0.638173194088204
89,"Wild boar","PIG",1,"slope",-0.468843696111258,0.86720107595903,0.625725382846172
90,"Wild boar","PIG",1,"slope",-0.478107761206714,0.822744362147011,0.61995540696489
91,"Wild boar","PIG",1,"slope",-0.465406427978196,0.797677782728699,0.627879877914563
92,"Wild boar","PIG",1,"slope",-0.480185759863204,0.783108945462682,0.618668489955231
93,"Wild boar","PIG",1,"slope",-0.471429109940504,0.767552692700812,0.624109709272819
94,"Wild boar","PIG",1,"slope",-0.481812900931724,0.771865326352956,0.617662643282511
95,"Wild boar","PIG",1,"slope",-0.488315561364404,0.768513963806553,0.613659201070872
96,"Wild boar","PIG",1,"slope",-0.511199146184884,0.783219103242748,0.59977593125405
97,"Wild boar","PIG",1,"slope",-0.537797537232692,0.733088328394702,0.584033148403955
98,"Wild boar","PIG",1,"slope",-0.56132433829918,0.708966096664539,0.57045309798998
99,"Wild boar","PIG",1,"slope",-0.581708921783383,0.685585369714898,0.558942396323024
100,"Wild boar","PIG",1,"slope",-0.566414833535383,0.671275575484281,0.567556583927308
101,"Wild boar","PIG",1,"slope",-0.606929825595878,0.651928125280768,0.545021615432597
102,"Wild boar","PIG",1,"slope",-0.606926580531871,0.649754786117996,0.54502338306701
103,"Wild boar","PIG",1,"slope",-0.569013897277207,0.654112884516707,0.566083382486342
104,"Wild boar","PIG",1,"slope",-0.542987732958867,0.666097041224452,0.581009755182483
105,"Wild boar","PIG",1,"slope",-0.551638012180451,0.679029033808329,0.576005533405493
106,"Wild boar","PIG",1,"slope",-0.512899118839452,0.69546113136925,0.598757193263633
107,"Wild boar","PIG",1,"slope",-0.519564006439509,0.711805880096328,0.594779811831299
108,"Wild boar","PIG",1,"slope",-0.511245489794445,0.716103584712526,0.599748133685869
109,"Wild boar","PIG",1,"slope",-0.498450837899842,0.737759732106745,0.607471013179005
110,"Wild boar","PIG",1,"slope",-0.503507330246759,0.751807223841383,0.604407101550747
111,"Wild boar","PIG",1,"slope",-0.510055423074019,0.770093852175887,0.600462304404985
112,"Wild boar","PIG",1,"slope",-0.501142835251604,0.790021227824074,0.605837891556584
113,"Wild boar","PIG",1,"slope",-0.509189421541648,0.809370592210187,0.600982525534213
114,"Wild boar","PIG",1,"slope",-0.500131208235276,0.828103528846615,0.606451110463813
115,"Wild boar","PIG",1,"slope",-0.503528673127791,0.860395125586631,0.60439418621814
116,"Wild boar","PIG",1,"slope",-0.495696486266268,0.935175381698769,0.609146542965193
117,"Wild boar","PIG",1,"slope",-0.425680092064402,0.912830650355059,0.653325314636463
118,"Wild boar","PIG",1,"slope",-0.462125875424211,0.859090931177272,0.629943043859188
119,"Wild boar","PIG",1,"slope",-0.465446115355898,0.819282998076915,0.627854949242832
120,"Wild boar","PIG",1,"slope",-0.457453874836717,0.793461982119491,0.63289302414674
121,"Wild boar","PIG",1,"slope",-0.468002499805722,0.785004061247679,0.626251958174903
122,"Wild boar","PIG",1,"slope",-0.477622832473456,0.764971160468866,0.620256095436218
123,"Wild boar","PIG",1,"slope",-0.466488608006382,0.746828983935255,0.627200755904754
124,"Wild boar","PIG",1,"slope",-0.482344798532366,0.739702301829481,0.617334169247413
125,"Wild boar","PIG",1,"slope",-0.480183826310559,0.720644580686973,0.618669654368143
126,"Wild boar","PIG",1,"slope",-0.477158820022759,0.71964390701671,0.620543967395773
127,"Wild boar","PIG",1,"slope",-0.483486338162119,0.714951549190522,0.61662986011003
128,"Wild boar","PIG",1,"slope",-0.494297894803688,0.697604488969078,0.60999904379938
129,"Wild boar","PIG",1,"slope",-0.529716277216348,0.689119355782996,0.588771998621752
130,"Wild boar","PIG",1,"slope",-0.551445810621282,0.667580502208893,0.576116295651372
131,"Wild boar","PIG",1,"slope",-0.548243134624514,0.657091286442501,0.577964332230013
132,"Wild boar","PIG",1,"slope",-0.605180637629189,0.63786945601444,0.545975794624383
133,"Wild boar","PIG",1,"slope",-0.672831092918609,0.600614260442076,0.510261954390117
134,"Wild boar","PIG",1,"slope",-0.634124400474799,0.620098520991198,0.530399702866434
135,"Wild boar","PIG",1,"slope",-0.577448338829623,0.642284496318382,0.561328886011868
136,"Wild boar","PIG",1,"slope",-0.553269631791961,0.655373992922914,0.575066488082792
137,"Wild boar","PIG",1,"slope",-0.542517191937777,0.664016755397632,0.581283216039706
138,"Wild boar","PIG",1,"slope",-0.528638383485906,0.666059756144845,0.589406970463537
139,"Wild boar","PIG",1,"slope",-0.530527781521546,0.696281002209003,0.588294431414888
140,"Wild boar","PIG",1,"slope",-0.507524005828774,0.707376109340725,0.601984248532499
141,"Wild boar","PIG",1,"slope",-0.498195607348539,0.728099083673472,0.607626067153802
142,"Wild boar","PIG",1,"slope",-0.500975899134861,0.733323394149336,0.60593905497181
143,"Wild boar","PIG",1,"slope",-0.497332887261142,0.760602284974447,0.608150504584626
144,"Wild boar","PIG",1,"slope",-0.499369081531688,0.780854976317429,0.606913451916887
145,"Wild boar","PIG",1,"slope",-0.493593595893289,0.787171188805504,0.610428814284973
146,"Wild boar","PIG",1,"slope",-0.492396670151622,0.818009396372038,0.611159896232706
147,"Wild boar","PIG",1,"slope",-0.487629680907312,0.843193931046434,0.614080299769754
148,"Wild boar","PIG",1,"slope",-0.47803193943223,0.895377944392989,0.620002508844631
149,"Wild boar","PIG",1,"slope",-0.439860047178603,0.933932341661724,0.644126598064897
150,"Wild boar","PIG",1,"slope",-0.444750401166701,0.869995093105691,0.640984245379052
151,"Wild boar","PIG",1,"slope",-0.446954445827434,0.818911167999341,0.639573052440927
152,"Wild boar","PIG",1,"slope",-0.450755149289374,0.781695366906489,0.637146834657757
153,"Wild boar","PIG",1,"slope",-0.455906589856426,0.759805382217607,0.63387304548765
154,"Wild boar","PIG",1,"slope",-0.456540122503353,0.745330064781226,0.633471594046592
155,"Wild boar","PIG",1,"slope",-0.46389622800136,0.741509265632171,0.628828806364849
156,"Wild boar","PIG",1,"slope",-0.461549057419532,0.716249564058121,0.630306509337345
157,"Wild boar","PIG",1,"slope",-0.484853771017086,0.712588810688806,0.615787236798954
158,"Wild boar","PIG",1,"slope",-0.475357870773984,0.704474693183525,0.621662542758374
159,"Wild boar","PIG",1,"slope",-0.477514256891235,0.695186360924685,0.620323453352576
160,"Wild boar","PIG",1,"slope",-0.482366987322222,0.685271042729403,0.617320475407667
161,"Wild boar","PIG",1,"slope",-0.494119063171582,0.672474894247578,0.610108150804777
162,"Wild boar","PIG",1,"slope",-0.525246845589802,0.65760054707338,0.591409442827759
163,"Wild boar","PIG",1,"slope",-0.533411971480901,0.6470033462197,0.586600127167094
164,"Wild boar","PIG",1,"slope",-0.549856663289788,0.644034944681458,0.577032519072788
165,"Wild boar","PIG",1,"slope",-0.559927591823356,0.621973656476767,0.571250427078343
166,"Wild boar","PIG",1,"slope",-0.601497348037183,0.612895505119511,0.547990489037709
167,"Wild boar","PIG",1,"slope",-0.59303051866602,0.624152301777654,0.552649943057435
168,"Wild boar","PIG",1,"slope",-0.561748379575417,0.632423076689927,0.57021125607525
169,"Wild boar","PIG",1,"slope",-0.546628232325933,0.652919700534755,0.578898434408971
170,"Wild boar","PIG",1,"slope",-0.529326895888204,0.661804754783111,0.589001295672745
171,"Wild boar","PIG",1,"slope",-0.508413178649746,0.661644317735925,0.601449214571636
172,"Wild boar","PIG",1,"slope",-0.507262101949039,0.676266688177552,0.602141927230031
173,"Wild boar","PIG",1,"slope",-0.498292474104872,0.688601394510326,0.607567214411046
174,"Wild boar","PIG",1,"slope",-0.504043035276634,0.707109771419945,0.604083385519667
175,"Wild boar","PIG",1,"slope",-0.492917550828338,0.719997524006888,0.61084163055163
176,"Wild boar","PIG",1,"slope",-0.496193747400055,0.750592043956689,0.608843670600304
177,"Wild boar","PIG",1,"slope",-0.502439080333319,0.768090574639251,0.605053087786561
178,"Wild boar","PIG",1,"slope",-0.484658575813591,0.799439602861253,0.615907453132072
179,"Wild boar","PIG",1,"slope",-0.50367971246036,0.814152985162245,0.604302902665522
180,"Wild boar","PIG",1,"slope",-0.496683232275021,0.843827063620171,0.608545726171665
181,"Wild boar","PIG",1,"slope",-0.480639401969809,0.901117444907802,0.618387869468669
182,"Wild boar","PIG",1,"slope",-0.483891773913926,0.970062875163691,0.616379907986812
183,"Wild boar","PIG",1,"slope",-0.444961366337231,1.05897334175758,0.640849077217376
184,"Wild boar","PIG",1,"slope",-0.441506705881824,0.898602438173875,0.643066778318484
185,"Wild boar","PIG",1,"slope",-0.42899715075061,0.826504173958658,0.651161790348929
186,"Wild boar","PIG",1,"slope",-0.446493096819065,0.790182646784868,0.639868183788356
187,"Wild boar","PIG",1,"slope",-0.43652004067898,0.759771960127597,0.646281546223103
188,"Wild boar","PIG",1,"slope",-0.44948725490736,0.750338447153715,0.63795517826233
189,"Wild boar","PIG",1,"slope",-0.454898185989393,0.73270121931653,0.63451257479795
190,"Wild boar","PIG",1,"slope",-0.464846165692304,0.71922894049508,0.628231792580033
191,"Wild boar","PIG",1,"slope",-0.480917284311925,0.713093718246132,0.61821605182009
192,"Wild boar","PIG",1,"slope",-0.478285615201887,0.705873427602338,0.619845136200021
193,"Wild boar","PIG",1,"slope",-0.470157768489111,0.686667971599962,0.624903673051653
194,"Wild boar","PIG",1,"slope",-0.485253666606349,0.687565900969557,0.615541036290433
195,"Wild boar","PIG",1,"slope",-0.47769389642214,0.664919516853176,0.62021203771749
196,"Wild boar","PIG",1,"slope",-0.502832383914022,0.663923798173041,0.604815169324919
197,"Wild boar","PIG",1,"slope",-0.507614709585143,0.646614703997193,0.601929673917574
198,"Wild boar","PIG",1,"slope",-0.514324023647847,0.640652499802557,0.597904630548545
199,"Wild boar","PIG",1,"slope",-0.512830540443484,0.645203341122669,0.598798261482678
200,"Wild boar","PIG",1,"slope",-0.543664528225026,0.623774776149162,0.580616665579711
201,"Wild boar","PIG",1,"slope",-0.538714997064227,0.618585806750555,0.583497569792121
202,"Wild boar","PIG",1,"slope",-0.545182827741622,0.625744231427255,0.579735784432174
203,"Wild boar","PIG",1,"slope",-0.525351542165711,0.629898708460877,0.59134747567691
204,"Wild boar","PIG",1,"slope",-0.527321163434372,0.635078535757198,0.590183895886849
205,"Wild boar","PIG",1,"slope",-0.515278383281161,0.648375816149722,0.597334284958915
206,"Wild boar","PIG",1,"slope",-0.490888709860203,0.648664233850452,0.61208220575058
207,"Wild boar","PIG",1,"slope",-0.503136297077924,0.659576625523135,0.604631379683553
208,"Wild boar","PIG",1,"slope",-0.483907680185888,0.674591488741807,0.616370178474541
209,"Wild boar","PIG",1,"slope",-0.481495371903929,0.687225591556946,0.617858773751069
210,"Wild boar","PIG",1,"slope",-0.492926746073216,0.719832178464731,0.610836018627257
211,"Wild boar","PIG",1,"slope",-0.489017463257916,0.731176373652956,0.613228619949255
212,"Wild boar","PIG",1,"slope",-0.482425299412155,0.769146708772867,0.617284482816669
213,"Wild boar","PIG",1,"slope",-0.492578639605882,0.798399041060691,0.611048701332518
214,"Wild boar","PIG",1,"slope",-0.50196329544606,0.824830280946553,0.605341051833507
215,"Wild boar","PIG",1,"slope",-0.487641231716321,0.861673900952197,0.614073143965585
216,"Wild boar","PIG",1,"slope",-0.494350746679959,0.901168880774987,0.60996682978797
217,"Wild boar","PIG",1,"slope",-0.496125891740255,0.96447441727301,0.608884982723124
218,"Wild boar","PIG",1,"slope",-0.497387988834656,1.07330368872401,0.608117012250737
219,"Wild boar","PIG",1,"slope",-0.423451177736452,0.859763796044517,0.654783175039008
220,"Wild boar","PIG",1,"slope",-0.43759435850851,0.794861825659713,0.645587646469577
221,"Wild boar","PIG",1,"slope",-0.422843367158456,0.774689215260288,0.655181303854705
222,"Wild boar","PIG",1,"slope",-0.448055958243075,0.750183058111879,0.638868950455443
223,"Wild boar","PIG",1,"slope",-0.446901251163038,0.724712311601472,0.639607065648914
224,"Wild boar","PIG",1,"slope",-0.456096693841998,0.712481223185479,0.633752554520546
225,"Wild boar","PIG",1,"slope",-0.43544277635863,0.710935867509328,0.646978139977774
226,"Wild boar","PIG",1,"slope",-0.463651883905558,0.699136124400481,0.628982483594916
227,"Wild boar","PIG",1,"slope",-0.480943522474568,0.687924255317986,0.618199834615503
228,"Wild boar","PIG",1,"slope",-0.444879918300853,0.670915656179144,0.64090125096918
229,"Wild boar","PIG",1,"slope",-0.468515749619957,0.67454259956764,0.625930630382185
230,"Wild boar","PIG",1,"slope",-0.477854705239623,0.659567211799379,0.620112289906535
231,"Wild boar","PIG",1,"slope",-0.48322047683832,0.653585736722062,0.616793819633232
232,"Wild boar","PIG",1,"slope",-0.493333694100553,0.643330887195731,0.61058749827413
233,"Wild boar","PIG",1,"slope",-0.498059713221273,0.630897970784477,0.607708647298883
234,"Wild boar","PIG",1,"slope",-0.481693478817606,0.628564701517674,0.617736430264233
235,"Wild boar","PIG",1,"slope",-0.496825223857198,0.625188094151709,0.608459319628395
236,"Wild boar","PIG",1,"slope",-0.50499755139666,0.623341799193658,0.603507053329998
237,"Wild boar","PIG",1,"slope",-0.515585662655155,0.61248186244245,0.597150763322412
238,"Wild boar","PIG",1,"slope",-0.511904978551159,0.619662619649338,0.599352736515686
239,"Wild boar","PIG",1,"slope",-0.507007872988051,0.624423186465361,0.602295028715076
240,"Wild boar","PIG",1,"slope",-0.489722789458672,0.633875113727518,0.612796254882688
241,"Wild boar","PIG",1,"slope",-0.489710194609371,0.629616661600732,0.612803964108734
242,"Wild boar","PIG",1,"slope",-0.486735545858329,0.641265284924673,0.614629555814751
243,"Wild boar","PIG",1,"slope",-0.475306190278142,0.664512022896857,0.6216946884794
244,"Wild boar","PIG",1,"slope",-0.506449014384252,0.686578079708149,0.602631735669434
245,"Wild boar","PIG",1,"slope",-0.487595552529,0.700769645402277,0.614101199654937
246,"Wild boar","PIG",1,"slope",-0.491071393585969,0.737665354898993,0.611970415338839
247,"Wild boar","PIG",1,"slope",-0.496366456347688,0.76736144185431,0.608738539766082
248,"Wild boar","PIG",1,"slope",-0.495556137905388,0.809529807689149,0.609231997101254
249,"Wild boar","PIG",1,"slope",-0.500020953053979,0.837095791430237,0.606517951753356
250,"Wild boar","PIG",1,"slope",-0.514319654666264,0.881612904338397,0.597907275217768
251,"Wild boar","PIG",1,"slope",-0.503971782853634,0.924108686090715,0.604126432185832
252,"Wild boar","PIG",1,"slope",-0.485700026938167,0.979275081224979,0.615266344705844
253,"Wild boar","PIG",1,"slope",-0.475304022979479,1.09092996211521,0.621696030069605
254,"Wild boar","PIG",1,"slope",-0.418309864931605,0.83351775957389,0.658158256789138
255,"Wild boar","PIG",1,"slope",-0.413021974321094,0.777882079734354,0.661647770451121
256,"Wild boar","PIG",1,"slope",-0.431124367290645,0.752506460661666,0.649778120546201
257,"Wild boar","PIG",1,"slope",-0.424916301215978,0.739552166894234,0.653824509141052
258,"Wild boar","PIG",1,"slope",-0.426972053554388,0.72735043345739,0.652481835519566
259,"Wild boar","PIG",1,"slope",-0.442386626695959,0.711606726300185,0.642501194518356
260,"Wild boar","PIG",1,"slope",-0.451965051601788,0.704850674335482,0.636376423488153
261,"Wild boar","PIG",1,"slope",-0.441637262481049,0.698574563042406,0.642982827216909
262,"Wild boar","PIG",1,"slope",-0.451096314221003,0.685656985263047,0.636929495228151
263,"Wild boar","PIG",1,"slope",-0.452217059192854,0.665806618158588,0.63621605979656
264,"Wild boar","PIG",1,"slope",-0.454362524925778,0.666833501354949,0.634852542265377
265,"Wild boar","PIG",1,"slope",-0.461591876058199,0.655512638651938,0.630279531899244
266,"Wild boar","PIG",1,"slope",-0.477347969106109,0.638704988382203,0.620426606635452
267,"Wild boar","PIG",1,"slope",-0.463914410155888,0.636016563878758,0.628817374278899
268,"Wild boar","PIG",1,"slope",-0.469830065618818,0.628742755113147,0.62510848923165
269,"Wild boar","PIG",1,"slope",-0.487162290481491,0.623802419140677,0.614367320102865
270,"Wild boar","PIG",1,"slope",-0.470939705400579,0.619046176259855,0.624415260806772
271,"Wild boar","PIG",1,"slope",-0.479176414197513,0.602050053281731,0.619293232666893
272,"Wild boar","PIG",1,"slope",-0.475497467715938,0.61346157854842,0.621575765684165
273,"Wild boar","PIG",1,"slope",-0.481338941388146,0.606173685232922,0.61795546092118
274,"Wild boar","PIG",1,"slope",-0.467751006803592,0.612866374143802,0.626409475955511
275,"Wild boar","PIG",1,"slope",-0.479505423061143,0.611378431893064,0.619089516679453
276,"Wild boar","PIG",1,"slope",-0.484024031810991,0.61806860306645,0.616298391817574
277,"Wild boar","PIG",1,"slope",-0.477435344026506,0.633713042965483,0.620372434537278
278,"Wild boar","PIG",1,"slope",-0.481804529586643,0.65033398684228,0.617667813008958
279,"Wild boar","PIG",1,"slope",-0.46562565537467,0.676565973055705,0.6277422346691
280,"Wild boar","PIG",1,"slope",-0.47705436467386,0.697140190043609,0.620608790065418
281,"Wild boar","PIG",1,"slope",-0.483062315741516,0.726481346907225,0.616891381095636
282,"Wild boar","PIG",1,"slope",-0.492319953970857,0.775411015494553,0.611206778946364
283,"Wild boar","PIG",1,"slope",-0.492149088245843,0.821029224125193,0.611311279686545
284,"Wild boar","PIG",1,"slope",-0.497119570926393,0.868086734523329,0.608280262791578
285,"Wild boar","PIG",1,"slope",-0.503883396516673,0.917303153825023,0.604179828286163
286,"Wild boar","PIG",1,"slope",-0.491959165244004,0.996391314294724,0.611427337316104
287,"Wild boar","PIG",1,"slope",-0.482274869622154,1.07067550543316,0.617377341209457
288,"Wild boar","PIG",1,"slope",-0.406010183779375,0.92714935109265,0.666303396007165
289,"Wild boar","PIG",1,"slope",-0.410994038501063,0.809304408049559,0.662990919375747
290,"Wild boar","PIG",1,"slope",-0.420182759900659,0.765138989454589,0.656926750185728
291,"Wild boar","PIG",1,"slope",-0.449517359596821,0.747145626512722,0.637935972884644
292,"Wild boar","PIG",1,"slope",-0.447575317289094,0.731747859483942,0.639176073463871
293,"Wild boar","PIG",1,"slope",-0.435862654009373,0.711325747839062,0.64670654617063
294,"Wild boar","PIG",1,"slope",-0.444855728575188,0.70045684519468,0.640916738534068
295,"Wild boar","PIG",1,"slope",-0.438287943023675,0.696130880089658,0.645139993168271
296,"Wild boar","PIG",1,"slope",-0.439869529623029,0.682837449103029,0.644120463486689
297,"Wild boar","PIG",1,"slope",-0.439590382346886,0.665086858617054,0.644300284381326
298,"Wild boar","PIG",1,"slope",-0.438128733033202,0.652126640180513,0.645242713765644
299,"Wild boar","PIG",1,"slope",-0.452527810396079,0.653233686128763,0.636018433967705
300,"Wild boar","PIG",1,"slope",-0.4316782090907,0.649829409907635,0.649418320979076
301,"Wild boar","PIG",1,"slope",-0.439725224691489,0.632860740847183,0.64421341071197
302,"Wild boar","PIG",1,"slope",-0.455339858951785,0.625145186664503,0.634232387024945
303,"Wild boar","PIG",1,"slope",-0.44039943745332,0.619495969910125,0.643779224428641
304,"Wild boar","PIG",1,"slope",-0.431681036058899,0.610439203725679,0.649416484222391
305,"Wild boar","PIG",1,"slope",-0.43907182500603,0.607177708575378,0.644634478177204
306,"Wild boar","PIG",1,"slope",-0.448839000204177,0.59620532373403,0.638368867752346
307,"Wild boar","PIG",1,"slope",-0.457666572749299,0.586813151712413,0.632758419970884
308,"Wild boar","PIG",1,"slope",-0.452494445850358,0.597440482643136,0.636039641723757
309,"Wild boar","PIG",1,"slope",-0.456059205729186,0.614933327214926,0.633776312835786
310,"Wild boar","PIG",1,"slope",-0.463934529804269,0.603583302322868,0.628804728356665
311,"Wild boar","PIG",1,"slope",-0.464342255815966,0.59472351948053,0.628548394001394
312,"Wild boar","PIG",1,"slope",-0.466901167123071,0.609693518960075,0.626942050643086
313,"Wild boar","PIG",1,"slope",-0.453737274958219,0.638750852789412,0.635249607499286
314,"Wild boar","PIG",1,"slope",-0.453841965445867,0.66644896574886,0.635183118213129
315,"Wild boar","PIG",1,"slope",-0.472362968011917,0.681291138855662,0.623527153440548
316,"Wild boar","PIG",1,"slope",-0.474532484135825,0.732537791441322,0.622175879000419
317,"Wild boar","PIG",1,"slope",-0.465836552550141,0.802102424881833,0.627609858023456
318,"Wild boar","PIG",1,"slope",-0.498683984432407,0.899388673690625,0.607329393188248
319,"Wild boar","PIG",1,"slope",-0.484052066563159,0.97351212302427,0.616281116608601
320,"Wild boar","PIG",1,"slope",-0.414628891031682,0.884547627936497,0.660585395497623
321,"Wild boar","PIG",1,"slope",-0.413519426899764,0.794292199272739,0.661318688501997
322,"Wild boar","PIG",1,"slope",-0.406823641362481,0.773133604108082,0.66576159276391
323,"Wild boar","PIG",1,"slope",-0.433522038912572,0.739333075467899,0.648222006391066
324,"Wild boar","PIG",1,"slope",-0.444371857713163,0.718831832465952,0.641226937544676
325,"Wild boar","PIG",1,"slope",-0.431453263635319,0.709017643959589,0.649564452792861
326,"Wild boar","PIG",1,"slope",-0.437091778703282,0.693205474013155,0.64591214799154
327,"Wild boar","PIG",1,"slope",-0.427901329913799,0.682690536171057,0.651875733335656
328,"Wild boar","PIG",1,"slope",-0.428422484044508,0.682649087266239,0.651536095277829
329,"Wild boar","PIG",1,"slope",-0.439734600495092,0.669005957143167,0.64420737078719
330,"Wild boar","PIG",1,"slope",-0.441850023901449,0.653686367014368,0.642846051046994
331,"Wild boar","PIG",1,"slope",-0.444025780569552,0.64225578743226,0.641448887459245
332,"Wild boar","PIG",1,"slope",-0.431591118726278,0.636431740975848,0.649474880714466
333,"Wild boar","PIG",1,"slope",-0.441271207999501,0.644396196914248,0.643218238092837
334,"Wild boar","PIG",1,"slope",-0.43019365788306,0.617365059921223,0.650383135222519
335,"Wild boar","PIG",1,"slope",-0.422635992734028,0.608084470735232,0.65531713283488
336,"Wild boar","PIG",1,"slope",-0.428295859511417,0.60201319335245,0.651618604434333
337,"Wild boar","PIG",1,"slope",-0.396805536122284,0.569410669838793,0.672464793244395
338,"Wild boar","PIG",1,"slope",-0.394509682923789,0.555910614585906,0.674010438076414
339,"Wild boar","PIG",1,"slope",-0.435722382840065,0.594254514499928,0.646797263098527
340,"Wild boar","PIG",1,"slope",-0.432695243366322,0.59882290264785,0.64875817507741
341,"Wild boar","PIG",1,"slope",-0.445781301349284,0.596028459918354,0.640323799586198
342,"Wild boar","PIG",1,"slope",-0.447878134641469,0.596752953229761,0.638982549175477
343,"Wild boar","PIG",1,"slope",-0.458808020515414,0.545449876918075,0.632036572583686
344,"Wild boar","PIG",1,"slope",-0.462976352868406,0.568704362577002,0.629407532166072
345,"Wild boar","PIG",1,"slope",-0.442786160530562,0.630497886181924,0.642244537766763
346,"Wild boar","PIG",1,"slope",-0.444334575142298,0.653749266611339,0.641250846846809
347,"Wild boar","PIG",1,"slope",-0.456872308797238,0.681740244789079,0.633261197004579
348,"Wild boar","PIG",1,"slope",-0.453162458396388,0.756372081426908,0.635614867719293
349,"Wild boar","PIG",1,"slope",-0.391017759881885,0.880369024180812,0.67636816541553
350,"Wild boar","PIG",1,"slope",-0.407757235240529,0.786133108143199,0.665140335785243
351,"Wild boar","PIG",1,"slope",-0.415430018874711,0.750724827701719,0.660056389278044
352,"Wild boar","PIG",1,"slope",-0.426244334850099,0.731800047474009,0.65295678258449
353,"Wild boar","PIG",1,"slope",-0.417477089019103,0.709604838696911,0.658706599546239
354,"Wild boar","PIG",1,"slope",-0.432742393564494,0.684916704779333,0.648727588627245
355,"Wild boar","PIG",1,"slope",-0.42505610983467,0.684969333526014,0.6537331074218
356,"Wild boar","PIG",1,"slope",-0.41777675053929,0.679456486051373,0.658509225608739
357,"Wild boar","PIG",1,"slope",-0.409755415764081,0.666058975343475,0.66381259982862
358,"Wild boar","PIG",1,"slope",-0.424522494101167,0.662144078598606,0.654082046930008
359,"Wild boar","PIG",1,"slope",-0.425549590228329,0.657616254882105,0.653410578714592
360,"Wild boar","PIG",1,"slope",-0.427297210764183,0.657214882873979,0.652269661888904
361,"Wild boar","PIG",1,"slope",-0.424002590378564,0.644516231492513,0.654422192925632
362,"Wild boar","PIG",1,"slope",-0.413642800487076,0.620020852650462,0.661237224877259
363,"Wild boar","PIG",1,"slope",-0.415510810597602,0.615686076614327,0.660003060696633
364,"Wild boar","PIG",1,"slope",-0.426323611184764,0.609818831929397,0.652905020982741
365,"Wild boar","PIG",1,"slope",-0.412756463555603,0.596231275236458,0.661823441417163
366,"Wild boar","PIG",1,"slope",-0.402440302105291,0.5866041549423,0.668686292760301
367,"Wild boar","PIG",1,"slope",-0.398622447805782,0.581280207107058,0.671244088325996
368,"Wild boar","PIG",1,"slope",-0.415727255422102,0.583240344992367,0.659860219241768
369,"Wild boar","PIG",1,"slope",-0.417932303154409,0.585869117883639,0.658406809139814
370,"Wild boar","PIG",1,"slope",-0.414779785084729,0.60733323975164,0.660485713563784
371,"Wild boar","PIG",1,"slope",-0.425836004153315,0.590372667409589,0.653223461037526
372,"Wild boar","PIG",1,"slope",-0.435064994359103,0.586799339275608,0.647222607903986
373,"Wild boar","PIG",1,"slope",-0.446612333457104,0.600434894041465,0.639791886477567
374,"Wild boar","PIG",1,"slope",-0.417957027700162,0.61704759626089,0.658390527223501
375,"Wild boar","PIG",1,"slope",-0.428071593881809,0.654125405209038,0.651764754971561
376,"Wild boar","PIG",1,"slope",-0.430715567408719,0.686300224255024,0.650043779991261
377,"Wild boar","PIG",1,"slope",-0.445084626904505,0.786580721473009,0.64077004737789
378,"Wild boar","PIG",1,"slope",-0.394084489457374,0.879973935055223,0.674297100511864
379,"Wild boar","PIG",1,"slope",-0.380575591573766,0.782873103837926,0.683467910324763
380,"Wild boar","PIG",1,"slope",-0.414839447637069,0.745606568265657,0.660446308818234
381,"Wild boar","PIG",1,"slope",-0.410538852086785,0.731518176058375,0.663292745635768
382,"Wild boar","PIG",1,"slope",-0.423497074919137,0.716775304464224,0.654753092923098
383,"Wild boar","PIG",1,"slope",-0.408196596095764,0.698603847801776,0.664848176784356
384,"Wild boar","PIG",1,"slope",-0.420830905960156,0.671586865302117,0.656501110641035
385,"Wild boar","PIG",1,"slope",-0.420370932204728,0.663661524688015,0.656803160056473
386,"Wild boar","PIG",1,"slope",-0.425442304915087,0.656126401345185,0.653480726390829
387,"Wild boar","PIG",1,"slope",-0.415353908951431,0.654814773878001,0.660106630324062
388,"Wild boar","PIG",1,"slope",-0.403138854552292,0.642010177657171,0.668219343127118
389,"Wild boar","PIG",1,"slope",-0.407236924842005,0.642522139327467,0.665486501358031
390,"Wild boar","PIG",1,"slope",-0.401503777944388,0.627292270196546,0.669312791498426
391,"Wild boar","PIG",1,"slope",-0.39135155433137,0.604243688097057,0.676142415357748
392,"Wild boar","PIG",1,"slope",-0.401977036706981,0.618607400241109,0.668996108358317
393,"Wild boar","PIG",1,"slope",-0.401725285847253,0.603533221434089,0.669164560111226
394,"Wild boar","PIG",1,"slope",-0.409675427750927,0.596816313788984,0.663865689011674
395,"Wild boar","PIG",1,"slope",-0.397368017638013,0.583699363319832,0.672086676903679
396,"Wild boar","PIG",1,"slope",-0.399035246609166,0.588393642527887,0.670967052465514
397,"Wild boar","PIG",1,"slope",-0.392163218928713,0.587625901161553,0.675593836721569
398,"Wild boar","PIG",1,"slope",-0.401305709970577,0.591666774773481,0.669445373630257
399,"Wild boar","PIG",1,"slope",-0.408140576393001,0.600958649531422,0.6648854052467
400,"Wild boar","PIG",1,"slope",-0.405361421403867,0.59874295570368,0.66673582234145
401,"Wild boar","PIG",1,"slope",-0.415034358481952,0.600000048786481,0.660317613415087
402,"Wild boar","PIG",1,"slope",-0.430739626810406,0.602369516838676,0.650028147550848
403,"Wild boar","PIG",1,"slope",-0.418616724088355,0.611730631234443,0.657956337730044
404,"Wild boar","PIG",1,"slope",-0.420802261962491,0.635646015465347,0.65651990801963
405,"Wild boar","PIG",1,"slope",-0.417749152559561,0.686057404442946,0.658527410814326
406,"Wild boar","PIG",1,"slope",-0.407379087770107,0.782563547322323,0.665391901911266
407,"Wild boar","PIG",1,"slope",-0.400485459027078,0.912042075797267,0.669994785858419
408,"Wild boar","PIG",1,"slope",-0.393162100604001,0.795339172374875,0.674919338105961
409,"Wild boar","PIG",1,"slope",-0.389737440835536,0.750151353697168,0.677234696183654
410,"Wild boar","PIG",1,"slope",-0.3952795546376,0.727145845725972,0.67349175512839
411,"Wild boar","PIG",1,"slope",-0.4059999599225,0.700845748455433,0.666310201762039
412,"Wild boar","PIG",1,"slope",-0.410707442518511,0.687319910266817,0.663180922925472
413,"Wild boar","PIG",1,"slope",-0.394099531740763,0.676705134710743,0.674286985787194
414,"Wild boar","PIG",1,"slope",-0.399579957915082,0.662411018388204,0.670601670270641
415,"Wild boar","PIG",1,"slope",-0.411510626675162,0.65640478584121,0.662648484034112
416,"Wild boar","PIG",1,"slope",-0.406722233629898,0.654253560762441,0.665829109854769
417,"Wild boar","PIG",1,"slope",-0.394069401256395,0.641777189973447,0.674307297051406
418,"Wild boar","PIG",1,"slope",-0.39955047397627,0.633977732935219,0.670621451489492
419,"Wild boar","PIG",1,"slope",-0.401815521282745,0.622194725967304,0.669104177338139
420,"Wild boar","PIG",1,"slope",-0.390477031481457,0.612913008041731,0.676733974078012
421,"Wild boar","PIG",1,"slope",-0.390345544747502,0.598176697215877,0.67682296365372
422,"Wild boar","PIG",1,"slope",-0.38644815450084,0.601863096346881,0.679465965354174
423,"Wild boar","PIG",1,"slope",-0.380789722802086,0.596667663245792,0.683321564454693
424,"Wild boar","PIG",1,"slope",-0.376493447775904,0.574274069148637,0.686263619004282
425,"Wild boar","PIG",1,"slope",-0.374269851838754,0.572120003542889,0.687791289607905
426,"Wild boar","PIG",1,"slope",-0.366100040656982,0.583878612341408,0.693433434537622
427,"Wild boar","PIG",1,"slope",-0.378148144021688,0.591257025631935,0.685128995523967
428,"Wild boar","PIG",1,"slope",-0.383764255845743,0.585035231640854,0.681292022342625
429,"Wild boar","PIG",1,"slope",-0.378029942917486,0.590203728787131,0.685209983506042
430,"Wild boar","PIG",1,"slope",-0.383773052668947,0.591296442551901,0.681286025768287
431,"Wild boar","PIG",1,"slope",-0.403488700708957,0.595758126281127,0.667985584025186
432,"Wild boar","PIG",1,"slope",-0.392916679676828,0.615460660895539,0.675084995921194
433,"Wild boar","PIG",1,"slope",-0.390798676976984,0.648664736233302,0.676516342778083
434,"Wild boar","PIG",1,"slope",-0.382436351008887,0.670387709249585,0.682197317143867
435,"Wild boar","PIG",1,"slope",-0.393843623565078,0.780326449001495,0.674459522964667
436,"Wild boar","PIG",1,"slope",-0.389098741963009,0.777776918888197,0.677667362627675
437,"Wild boar","PIG",1,"slope",-0.402410326429638,0.735632415940214,0.668706308167283
438,"Wild boar","PIG",1,"slope",-0.390759710238526,0.712352645956388,0.676542757526923
439,"Wild boar","PIG",1,"slope",-0.388420618636613,0.696047992868328,0.678127057511106
440,"Wild boar","PIG",1,"slope",-0.392538512864381,0.688910835688132,0.675340362755076
441,"Wild boar","PIG",1,"slope",-0.388290792187113,0.669890307609519,0.678215141503354
442,"Wild boar","PIG",1,"slope",-0.398004937537764,0.664186381451675,0.671658718882133
443,"Wild boar","PIG",1,"slope",-0.390804466129168,0.654915104797361,0.676512425025296
444,"Wild boar","PIG",1,"slope",-0.393373285501105,0.63515480817695,0.674776816211272
445,"Wild boar","PIG",1,"slope",-0.392908954068926,0.636303097351819,0.6750902212987
446,"Wild boar","PIG",1,"slope",-0.374057799571652,0.61954374893106,0.687937148332543
447,"Wild boar","PIG",1,"slope",-0.372241219175514,0.620773852860918,0.689187988392249
448,"Wild boar","PIG",1,"slope",-0.372178933898441,0.612470357153069,0.689230914540534
449,"Wild boar","PIG",1,"slope",-0.386707136309164,0.598052662935716,0.679290029445604
450,"Wild boar","PIG",1,"slope",-0.368848848673444,0.596988351211208,0.691529943267625
451,"Wild boar","PIG",1,"slope",-0.357259091623774,0.58199395842569,0.699591235250985
452,"Wild boar","PIG",1,"slope",-0.343079147957822,0.583291951380097,0.709582049913243
453,"Wild boar","PIG",1,"slope",-0.36250500996864,0.576958842677354,0.695930827264453
454,"Wild boar","PIG",1,"slope",-0.350198552136283,0.575265214460356,0.704548186755079
455,"Wild boar","PIG",1,"slope",-0.361922186051014,0.576654492923712,0.696336553533099
456,"Wild boar","PIG",1,"slope",-0.371847400090915,0.589274441765148,0.689459446205747
457,"Wild boar","PIG",1,"slope",-0.374857031770307,0.576430414775148,0.687387546877476
458,"Wild boar","PIG",1,"slope",-0.365382289509187,0.585759812585686,0.693931317526262
459,"Wild boar","PIG",1,"slope",-0.390483360211923,0.585530373468385,0.676729696610549
460,"Wild boar","PIG",1,"slope",-0.372403232405573,0.597247948915615,0.689076328861891
461,"Wild boar","PIG",1,"slope",-0.359968147673642,0.625185846288946,0.697698554997529
462,"Wild boar","PIG",1,"slope",-0.361567053529224,0.659465672069422,0.696583886539708
463,"Wild boar","PIG",1,"slope",-0.365883155946515,0.771973997368161,0.693583855289241
464,"Wild boar","PIG",1,"slope",-0.36373654541119,0.865262087004951,0.695074383425019
465,"Wild boar","PIG",1,"slope",-0.367873975749333,0.784488873999496,0.692204410832461
466,"Wild boar","PIG",1,"slope",-0.391138690785239,0.727773051458241,0.676286372230757
467,"Wild boar","PIG",1,"slope",-0.391643719702143,0.705494247973284,0.675944899624928
468,"Wild boar","PIG",1,"slope",-0.381574069809407,0.6968872707716,0.682785817055779
469,"Wild boar","PIG",1,"slope",-0.37092814325683,0.672837328218499,0.690093617173025
470,"Wild boar","PIG",1,"slope",-0.383859382355565,0.670090151163782,0.681227213061681
471,"Wild boar","PIG",1,"slope",-0.376897273977594,0.656508527673693,0.685986539019994
472,"Wild boar","PIG",1,"slope",-0.38426259523005,0.657363672085524,0.680952617458733
473,"Wild boar","PIG",1,"slope",-0.381554575991569,0.644498797747396,0.68279912440748
474,"Wild boar","PIG",1,"slope",-0.38408096322241,0.629869312581541,0.681076283927023
475,"Wild boar","PIG",1,"slope",-0.384315051450139,0.618362424729205,0.680916871174988
476,"Wild boar","PIG",1,"slope",-0.369912141337907,0.610762466990125,0.690795027063138
477,"Wild boar","PIG",1,"slope",-0.371805411827803,0.616423278383411,0.689488412275995
478,"Wild boar","PIG",1,"slope",-0.367792530347122,0.591419681771115,0.69226078999497
479,"Wild boar","PIG",1,"slope",-0.353240661048792,0.577486117770376,0.702408134912805
480,"Wild boar","PIG",1,"slope",-0.330333985519946,0.580960559398649,0.718683710663316
481,"Wild boar","PIG",1,"slope",-0.3285181740878,0.561214358752561,0.719989849617603
482,"Wild boar","PIG",1,"slope",-0.319358267416937,0.565732297864055,0.726615181454265
483,"Wild boar","PIG",1,"slope",-0.334307391185679,0.571677443834275,0.715833723917153
484,"Wild boar","PIG",1,"slope",-0.355243100037249,0.575063582134558,0.701003010424621
485,"Wild boar","PIG",1,"slope",-0.348077966678136,0.586146829545619,0.70604395340226
486,"Wild boar","PIG",1,"slope",-0.355936427201874,0.582603397715591,0.700517172936492
487,"Wild boar","PIG",1,"slope",-0.356442288035978,0.570672610067131,0.700162879357939
488,"Wild boar","PIG",1,"slope",-0.376605363316481,0.544888437994108,0.68618681708497
489,"Wild boar","PIG",1,"slope",-0.361967050901334,0.577285359021734,0.696305320412079
490,"Wild boar","PIG",1,"slope",-0.347542366109069,0.62034374771361,0.70642210022503
491,"Wild boar","PIG",1,"slope",-0.322492272757128,0.656160181653978,0.724341529927231
492,"Wild boar","PIG",1,"slope",-0.338855939135467,0.766518068414804,0.712585185510109
493,"Wild boar","PIG",1,"slope",-0.368487525112541,0.945368473788558,0.691779848642272
494,"Wild boar","PIG",1,"slope",-0.371081847568472,0.825912479439541,0.689987577390871
495,"Wild boar","PIG",1,"slope",-0.373314209737492,0.768269660412612,0.688448910398062
496,"Wild boar","PIG",1,"slope",-0.37474856413814,0.730713210955251,0.687462125557933
497,"Wild boar","PIG",1,"slope",-0.378162663967272,0.704994293784906,0.685119153939974
498,"Wild boar","PIG",1,"slope",-0.380224750071981,0.690743178736961,0.683707730057249
499,"Wild boar","PIG",1,"slope",-0.379305562857063,0.681808344147946,0.684336473386155
500,"Wild boar","PIG",1,"slope",-0.362200946580616,0.667279679841479,0.696142514931179
501,"Wild boar","PIG",1,"slope",-0.380583892985785,0.651309736680721,0.683462224592293
502,"Wild boar","PIG",1,"slope",-0.376742694457122,0.652055422679877,0.686092588127245
503,"Wild boar","PIG",1,"slope",-0.376518973818263,0.636244432672483,0.686246137166994
504,"Wild boar","PIG",1,"slope",-0.377362390798781,0.626691290074514,0.685667622755839
505,"Wild boar","PIG",1,"slope",-0.367074957918832,0.605899811052048,0.692757716064376
506,"Wild boar","PIG",1,"slope",-0.354898568629532,0.609270159125706,0.701244580157739
507,"Wild boar","PIG",1,"slope",-0.348946209775794,0.601148930078157,0.705431079737189
508,"Wild boar","PIG",1,"slope",-0.3453985451609,0.590289444278966,0.707938151917636
509,"Wild boar","PIG",1,"slope",-0.33749331061999,0.58465032256787,0.713556748135201
510,"Wild boar","PIG",1,"slope",-0.330727630075176,0.579030865489339,0.718400817259506
511,"Wild boar","PIG",1,"slope",-0.298615404703372,0.545665724502381,0.741844666249096
512,"Wild boar","PIG",1,"slope",-0.294455185059705,0.562186436893303,0.74493733637709
513,"Wild boar","PIG",1,"slope",-0.316773714203911,0.569986126040938,0.728495680048225
514,"Wild boar","PIG",1,"slope",-0.310242847071413,0.582278780900599,0.733268862819765
515,"Wild boar","PIG",1,"slope",-0.329043437366992,0.57447368718326,0.719611758634067
516,"Wild boar","PIG",1,"slope",-0.334177844023742,0.569869018184356,0.715926448465385
517,"Wild boar","PIG",1,"slope",-0.33521958670801,0.570466984756568,0.715181026120634
518,"Wild boar","PIG",1,"slope",-0.363418560669379,0.534367950951489,0.695295352630618
519,"Wild boar","PIG",1,"slope",-0.322221539334084,0.553813111911227,0.724537659100593
520,"Wild boar","PIG",1,"slope",-0.305031141849985,0.604959436911066,0.737100419896605
521,"Wild boar","PIG",1,"slope",-0.294510922865446,0.639225243231821,0.744895810563688
522,"Wild boar","PIG",1,"slope",-0.301903007332827,0.748964698657225,0.739409788624692
523,"Wild boar","PIG",1,"slope",-0.352257359866459,0.901668471155355,0.703099151181973
524,"Wild boar","PIG",1,"slope",-0.359713813376744,0.805467665321084,0.697876029313331
525,"Wild boar","PIG",1,"slope",-0.354336973909441,0.760553221803938,0.701638505224593
526,"Wild boar","PIG",1,"slope",-0.360173904204242,0.727629630891137,0.697555058697099
527,"Wild boar","PIG",1,"slope",-0.353918310117496,0.708386121457504,0.701932315868882
528,"Wild boar","PIG",1,"slope",-0.362036532198582,0.6895107462173,0.696256932044856
529,"Wild boar","PIG",1,"slope",-0.352108832621767,0.678830955026789,0.703203586321743
530,"Wild boar","PIG",1,"slope",-0.352171360628384,0.664826416259685,0.703159618181925
531,"Wild boar","PIG",1,"slope",-0.367224577550844,0.660715916432825,0.692654076146045
532,"Wild boar","PIG",1,"slope",-0.366286810211834,0.647831256244049,0.693303945838172
533,"Wild boar","PIG",1,"slope",-0.354812384133705,0.631005798587569,0.701305013179195
534,"Wild boar","PIG",1,"slope",-0.358328066535545,0.624164575408607,0.698843772628555
535,"Wild boar","PIG",1,"slope",-0.350080782072486,0.604539769111951,0.704631169107457
536,"Wild boar","PIG",1,"slope",-0.337162413314991,0.596932111015522,0.713792904258107
537,"Wild boar","PIG",1,"slope",-0.340239058690095,0.584693429149228,0.71160020860743
538,"Wild boar","PIG",1,"slope",-0.32612222978541,0.592081745796048,0.721716969377936
539,"Wild boar","PIG",1,"slope",-0.312967011767827,0.581414905316002,0.731274035710725
540,"Wild boar","PIG",1,"slope",-0.302131503514584,0.578056764650689,0.739240846691471
541,"Wild boar","PIG",1,"slope",-0.305632924947692,0.561893525818332,0.736656989674461
542,"Wild boar","PIG",1,"slope",-0.305382345804614,0.565110120934871,0.736841592610722
543,"Wild boar","PIG",1,"slope",-0.30115443505461,0.570138567998512,0.739963506416203
544,"Wild boar","PIG",1,"slope",-0.300170240828309,0.570977974320246,0.740692150328861
545,"Wild boar","PIG",1,"slope",-0.308284079037409,0.577065936384587,0.734706574491452
546,"Wild boar","PIG",1,"slope",-0.309224559267629,0.574599275496657,0.734015923193606
547,"Wild boar","PIG",1,"slope",-0.320185522458471,0.572668250557758,0.726014332623756
548,"Wild boar","PIG",1,"slope",-0.307601809517268,0.575473837135101,0.735208012810793
549,"Wild boar","PIG",1,"slope",-0.277144415547157,0.582120768502174,0.757945031764468
550,"Wild boar","PIG",1,"slope",-0.262681459907013,0.612098886286642,0.768986828538482
551,"Wild boar","PIG",1,"slope",-0.257566898869715,0.639127539443016,0.77292991795514
552,"Wild boar","PIG",1,"slope",-0.259878110587028,0.737192340143302,0.771145579583374
553,"Wild boar","PIG",1,"slope",-0.347669609920519,0.942341477332014,0.706332205308946
554,"Wild boar","PIG",1,"slope",-0.351629390082009,0.822583590357827,0.703540813114241
555,"Wild boar","PIG",1,"slope",-0.360952833946789,0.756747456091488,0.697011879879426
556,"Wild boar","PIG",1,"slope",-0.345723599376368,0.725694920998226,0.707708093532314
557,"Wild boar","PIG",1,"slope",-0.338317971678288,0.702381236725374,0.712968548747358
558,"Wild boar","PIG",1,"slope",-0.359374610323227,0.672320714030189,0.698112797744089
559,"Wild boar","PIG",1,"slope",-0.354044019234156,0.667676626328202,0.701844081973279
560,"Wild boar","PIG",1,"slope",-0.352958954342832,0.661456426524281,0.702606032546003
561,"Wild boar","PIG",1,"slope",-0.348614779406831,0.644005787177125,0.705664914689806
562,"Wild boar","PIG",1,"slope",-0.347657227770623,0.641342882055758,0.70634095260868
563,"Wild boar","PIG",1,"slope",-0.341879664164001,0.633333541049321,0.71043369043995
564,"Wild boar","PIG",1,"slope",-0.313843626234771,0.623090352923604,0.730633272185451
565,"Wild boar","PIG",1,"slope",-0.318947180493603,0.607960146899138,0.726913956897974
566,"Wild boar","PIG",1,"slope",-0.325702092789208,0.606146495691342,0.72202026164753
567,"Wild boar","PIG",1,"slope",-0.316073974328389,0.606455127778856,0.729005521848874
568,"Wild boar","PIG",1,"slope",-0.304786739798544,0.594206717266033,0.737280618659215
569,"Wild boar","PIG",1,"slope",-0.303726026867455,0.572818647182665,0.738063198914513
570,"Wild boar","PIG",1,"slope",-0.296483837742228,0.577384193212773,0.743427644631778
571,"Wild boar","PIG",1,"slope",-0.28359515957421,0.569367165816444,0.753071459527071
572,"Wild boar","PIG",1,"slope",-0.290567502731357,0.568334620986706,0.74783904653403
573,"Wild boar","PIG",1,"slope",-0.293412909459396,0.559100713544787,0.745714164700765
574,"Wild boar","PIG",1,"slope",-0.288265369252205,0.571015586987984,0.749562665476917
575,"Wild boar","PIG",1,"slope",-0.278167046421858,0.563384253527089,0.757170330158335
576,"Wild boar","PIG",1,"slope",-0.283465357891314,0.574326685401195,0.753169213058768
577,"Wild boar","PIG",1,"slope",-0.278621193017878,0.57450447646927,0.756826540958615
578,"Wild boar","PIG",1,"slope",-0.269108611545182,0.577741997278531,0.764060304949127
579,"Wild boar","PIG",1,"slope",-0.264070635441364,0.592912614462607,0.767919295496644
580,"Wild boar","PIG",1,"slope",-0.238907214727625,0.60503982784237,0.787487946617719
581,"Wild boar","PIG",1,"slope",-0.213450549168525,0.626548514071885,0.807792105662699
582,"Wild boar","PIG",1,"slope",-0.192598320704603,0.680454393019726,0.824813218178062
583,"Wild boar","PIG",1,"slope",-0.360937327147258,0.85220221856206,0.697022697475853
584,"Wild boar","PIG",1,"slope",-0.340008348631107,0.77643789250851,0.711764382831964
585,"Wild boar","PIG",1,"slope",-0.346780491311508,0.726787014111205,0.706960511974774
586,"Wild boar","PIG",1,"slope",-0.333064250086209,0.704742796687592,0.716724143142385
587,"Wild boar","PIG",1,"slope",-0.344749315668086,0.683554208040392,0.708397916459693
588,"Wild boar","PIG",1,"slope",-0.332909503600566,0.672568550662779,0.716835119267179
589,"Wild boar","PIG",1,"slope",-0.352414225293161,0.65597397050214,0.702988882531991
590,"Wild boar","PIG",1,"slope",-0.326355498290876,0.648549287708322,0.72154864363937
591,"Wild boar","PIG",1,"slope",-0.329699348654899,0.632107749135325,0.719139919968777
592,"Wild boar","PIG",1,"slope",-0.33216160105647,0.631066437357837,0.717371385632084
593,"Wild boar","PIG",1,"slope",-0.320371234719794,0.624053382312014,0.725879516692029
594,"Wild boar","PIG",1,"slope",-0.317022868249602,0.618647264107538,0.728314102261159
595,"Wild boar","PIG",1,"slope",-0.312285947798044,0.604865280399771,0.731772256308705
596,"Wild boar","PIG",1,"slope",-0.31551567549366,0.608259693487304,0.729412637461752
597,"Wild boar","PIG",1,"slope",-0.305528075914146,0.591377034766011,0.73673423646577
598,"Wild boar","PIG",1,"slope",-0.286823612164859,0.587526640280186,0.750644122098301
599,"Wild boar","PIG",1,"slope",-0.276155847700182,0.570504753705216,0.758694680737974
600,"Wild boar","PIG",1,"slope",-0.263795183380365,0.566308390898125,0.768130849688604
601,"Wild boar","PIG",1,"slope",-0.261186991607397,0.563305810114899,0.770136897544451
602,"Wild boar","PIG",1,"slope",-0.249155318784252,0.558015611036693,0.779458907700451
603,"Wild boar","PIG",1,"slope",-0.266364340906028,0.570935028550603,0.766159933281891
604,"Wild boar","PIG",1,"slope",-0.270344224790735,0.566789965628176,0.76311678521284
605,"Wild boar","PIG",1,"slope",-0.249878275657956,0.564866989481608,0.778895592631773
606,"Wild boar","PIG",1,"slope",-0.253559357349595,0.569598468800667,0.776033684216798
607,"Wild boar","PIG",1,"slope",-0.254579283334392,0.572880179976637,0.775242589302705
608,"Wild boar","PIG",1,"slope",-0.215186694576759,0.579504289977173,0.806391037367474
609,"Wild boar","PIG",1,"slope",-0.210603029667252,0.598986669826111,0.810095592714123
610,"Wild boar","PIG",1,"slope",-0.184264916509493,0.615886571352422,0.831715455550798
611,"Wild boar","PIG",1,"slope",-0.147827341806926,0.665019109228128,0.862580034388174
612,"Wild boar","PIG",1,"slope",-0.121182840639805,0.710755070544389,0.885871971654256
613,"Wild boar","PIG",1,"slope",-0.0842634612506999,0.766442761082089,0.919189057145515
614,"Wild boar","PIG",1,"slope",-0.0485014853686372,0.777036354117032,0.952655928619584
615,"Wild boar","PIG",1,"slope",-0.0343013006011839,0.82167439235615,0.966280320805463
616,"Wild boar","PIG",1,"slope",-0.0123713626503323,0.87444173600616,0.987704867013373
617,"Wild boar","PIG",1,"slope",-0.330246689886903,0.787178154244158,0.718746404490488
618,"Wild boar","PIG",1,"slope",-0.317475582808966,0.714221524216237,0.727984545416138
619,"Wild boar","PIG",1,"slope",-0.331996161019873,0.70288989898227,0.717490077350186
620,"Wild boar","PIG",1,"slope",-0.309543440755741,0.687879688448682,0.73378189482937
621,"Wild boar","PIG",1,"slope",-0.324619458590781,0.669415572583188,0.722802408232777
622,"Wild boar","PIG",1,"slope",-0.331338281354534,0.637154942876491,0.717962292208209
623,"Wild boar","PIG",1,"slope",-0.325673551178882,0.635038509232171,0.72204087146946
624,"Wild boar","PIG",1,"slope",-0.32248613716603,0.646631003924681,0.724345975036198
625,"Wild boar","PIG",1,"slope",-0.327630842862946,0.625493265582028,0.720629033817071
626,"Wild boar","PIG",1,"slope",-0.316244049351695,0.621503692231656,0.728881547466387
627,"Wild boar","PIG",1,"slope",-0.305776900365498,0.61949625508915,0.736550929473676
628,"Wild boar","PIG",1,"slope",-0.301957020219762,0.616075233479258,0.739369842160186
629,"Wild boar","PIG",1,"slope",-0.299484333897148,0.594805060802463,0.741200335107506
630,"Wild boar","PIG",1,"slope",-0.284119291195368,0.593646202012244,0.752676860614796
631,"Wild boar","PIG",1,"slope",-0.269695011152309,0.579448175175928,0.76361235749431
632,"Wild boar","PIG",1,"slope",-0.269102475230809,0.567561064921495,0.764064954012562
633,"Wild boar","PIG",1,"slope",-0.243965038277285,0.566086601948433,0.783515050103012
634,"Wild boar","PIG",1,"slope",-0.236932750254536,0.557125321560796,0.789044356092665
635,"Wild boar","PIG",1,"slope",-0.237432155079213,0.560280294519847,0.788650395758796
636,"Wild boar","PIG",1,"slope",-0.236800831301451,0.562511083478366,0.789148447280216
637,"Wild boar","PIG",1,"slope",-0.234825289736308,0.56152062100238,0.790708982540221
638,"Wild boar","PIG",1,"slope",-0.227404041564461,0.562942611356027,0.796598858232984
639,"Wild boar","PIG",1,"slope",-0.219996698057585,0.55631356957067,0.8025214506878
640,"Wild boar","PIG",1,"slope",-0.198028881254973,0.562625382672705,0.820346165122211
641,"Wild boar","PIG",1,"slope",-0.196192428160565,0.575323775869667,0.821854131899515
642,"Wild boar","PIG",1,"slope",-0.167420476910668,0.592401188169203,0.845843917974109
643,"Wild boar","PIG",1,"slope",-0.164501567130673,0.618014081484915,0.848316429401627
644,"Wild boar","PIG",1,"slope",-0.13151846173554,0.629520267171666,0.876763089712888
645,"Wild boar","PIG",1,"slope",-0.103686053223223,0.648403489414142,0.90150830665452
646,"Wild boar","PIG",1,"slope",-0.0659070571476249,0.668883057107568,0.936217875825127
647,"Wild boar","PIG",1,"slope",-0.050068718656393,0.693717094449615,0.951164059609726
648,"Wild boar","PIG",1,"slope",-0.0310197459669224,0.721922896414525,0.969456439602387
649,"Wild boar","PIG",1,"slope",-0.0121180486308196,0.759142815480539,0.987955141346078
650,"Wild boar","PIG",1,"slope",0.010317427673902,0.792196813803829,1.01037091372325
651,"Wild boar","PIG",1,"slope",0.0169998975024758,0.846412349073342,1.01714521835687
652,"Wild boar","PIG",1,"slope",0.0353765534575626,0.854331691044841,1.03600975433616
653,"Wild boar","PIG",1,"slope",0.0516706128546259,0.908251564402012,1.05302888955441
654,"Wild boar","PIG",1,"slope",0.0575248591268746,1.05647208188049,1.05921160907688
655,"Wild boar","PIG",1,"slope",-0.315162394132929,0.823214332839677,0.72967039591394
656,"Wild boar","PIG",1,"slope",-0.329463013436055,0.733147431139131,0.719309893154936
657,"Wild boar","PIG",1,"slope",-0.320132641707356,0.697446690364869,0.72605288776234
658,"Wild boar","PIG",1,"slope",-0.326242575881208,0.686656710368215,0.721630151431816
659,"Wild boar","PIG",1,"slope",-0.31841669393883,0.669438836442034,0.727299663937179
660,"Wild boar","PIG",1,"slope",-0.320614645965743,0.64831636880748,0.725702856162036
661,"Wild boar","PIG",1,"slope",-0.333586482960909,0.636866507007186,0.7163499464641
662,"Wild boar","PIG",1,"slope",-0.317636855413495,0.638801910296126,0.727867063758067
663,"Wild boar","PIG",1,"slope",-0.318209355923496,0.630532322586934,0.727450509317644
664,"Wild boar","PIG",1,"slope",-0.308876520204825,0.622238458153199,0.734271432562199
665,"Wild boar","PIG",1,"slope",-0.293033103411177,0.615210879348124,0.745997457996909
666,"Wild boar","PIG",1,"slope",-0.290152271393319,0.60200181630939,0.748149641276549
667,"Wild boar","PIG",1,"slope",-0.282355286849676,0.602608723244282,0.754005756365122
668,"Wild boar","PIG",1,"slope",-0.275223275608254,0.587788065707383,0.759402548702433
669,"Wild boar","PIG",1,"slope",-0.268233133561177,0.584856329569963,0.764729488016022
670,"Wild boar","PIG",1,"slope",-0.254433602116404,0.568263076324958,0.775355557467493
671,"Wild boar","PIG",1,"slope",-0.224565583133509,0.545607103587204,0.798863183992466
672,"Wild boar","PIG",1,"slope",-0.198773462837093,0.529317188376144,0.819735573259644
673,"Wild boar","PIG",1,"slope",-0.212540930333044,0.55330300046957,0.808527223302095
674,"Wild boar","PIG",1,"slope",-0.217643628487669,0.560527774007025,0.804412060786894
675,"Wild boar","PIG",1,"slope",-0.214263748543457,0.566459634743069,0.807135483025602
676,"Wild boar","PIG",1,"slope",-0.201454892581755,0.554598742122939,0.817540472509137
677,"Wild boar","PIG",1,"slope",-0.19474541424015,0.545867657931581,0.823044169151248
678,"Wild boar","PIG",1,"slope",-0.179623015299893,0.557762933584678,0.835585156107845
679,"Wild boar","PIG",1,"slope",-0.167756471470869,0.5779406434973,0.845559727872662
680,"Wild boar","PIG",1,"slope",-0.153055352571293,0.597594625619708,0.858082242665974
681,"Wild boar","PIG",1,"slope",-0.130715507763756,0.606773574767192,0.877467371663228
682,"Wild boar","PIG",1,"slope",-0.109604757372745,0.62086331903389,0.896188277135166
683,"Wild boar","PIG",1,"slope",-0.0878290362003521,0.622182494198914,0.915917453232809
684,"Wild boar","PIG",1,"slope",-0.0530533253585262,0.650599879325434,0.948329442717606
685,"Wild boar","PIG",1,"slope",-0.0360292273010561,0.673417097588878,0.964612100396015
686,"Wild boar","PIG",1,"slope",-0.0101485801955074,0.680347782091612,0.989902742991261
687,"Wild boar","PIG",1,"slope",-0.000757505322170052,0.71458163135141,0.999242792030584
688,"Wild boar","PIG",1,"slope",0.0187583201920879,0.731243957483775,1.01893537872227
689,"Wild boar","PIG",1,"slope",0.0230976546732764,0.744760945870099,1.0233665161679
690,"Wild boar","PIG",1,"slope",0.0412424006881326,0.765967679663438,1.04210468993987
691,"Wild boar","PIG",1,"slope",0.0366325472044396,0.80372213679912,1.03731182770306
692,"Wild boar","PIG",1,"slope",0.063714900717499,0.90408314066269,1.06578854085325
693,"Wild boar","PIG",1,"slope",-0.302485000588304,0.834237668050117,0.738979671294446
694,"Wild boar","PIG",1,"slope",-0.331034590935655,0.740033021696795,0.718180426789314
695,"Wild boar","PIG",1,"slope",-0.30010557794733,0.700281123534489,0.740740026813196
696,"Wild boar","PIG",1,"slope",-0.318001142151915,0.677529243020166,0.727602117717901
697,"Wild boar","PIG",1,"slope",-0.313479582183699,0.669739453459962,0.730899303969911
698,"Wild boar","PIG",1,"slope",-0.299976512973119,0.657119884711614,0.740835622930649
699,"Wild boar","PIG",1,"slope",-0.314472302452958,0.651927678407873,0.730174083757313
700,"Wild boar","PIG",1,"slope",-0.298851862389415,0.639698387536347,0.741669288258978
701,"Wild boar","PIG",1,"slope",-0.299428168000424,0.635105903659321,0.741241967528035
702,"Wild boar","PIG",1,"slope",-0.280535706604713,0.623125163463866,0.755378977207473
703,"Wild boar","PIG",1,"slope",-0.283314568722367,0.609794869900256,0.753282792878817
704,"Wild boar","PIG",1,"slope",-0.28525397734897,0.601937086099857,0.751823329493341
705,"Wild boar","PIG",1,"slope",-0.270326920083776,0.603906057565397,0.763129986452775
706,"Wild boar","PIG",1,"slope",-0.276546791250604,0.598689416110639,0.758398132469408
707,"Wild boar","PIG",1,"slope",-0.246236641349848,0.581818927946125,0.781737216936926
708,"Wild boar","PIG",1,"slope",-0.232158653288171,0.558667172772678,0.792820332246571
709,"Wild boar","PIG",1,"slope",-0.200284169276326,0.540148046422908,0.818498128186301
710,"Wild boar","PIG",1,"slope",-0.17382683998773,0.525408234132326,0.840442417909955
711,"Wild boar","PIG",1,"slope",-0.190998180176192,0.553256139081666,0.826134096608531
712,"Wild boar","PIG",1,"slope",-0.193013149072815,0.569388945780365,0.824471138082773
713,"Wild boar","PIG",1,"slope",-0.191729501390709,0.564025038276235,0.825530143225699
714,"Wild boar","PIG",1,"slope",-0.176296729311411,0.563722548123773,0.838369182329969
715,"Wild boar","PIG",1,"slope",-0.176887335568123,0.527647306945452,0.837874187420172
716,"Wild boar","PIG",1,"slope",-0.164918479010598,0.547773437960226,0.847962854361495
717,"Wild boar","PIG",1,"slope",-0.135534062866234,0.572695231905179,0.873249514237217
718,"Wild boar","PIG",1,"slope",-0.121479744350982,0.587262839006645,0.885608994386459
719,"Wild boar","PIG",1,"slope",-0.110687323567752,0.592408653163153,0.895218627814433
720,"Wild boar","PIG",1,"slope",-0.0907661832232877,0.611337414106443,0.913231218558529
721,"Wild boar","PIG",1,"slope",-0.0892635254797935,0.618878645857111,0.914604520888074
722,"Wild boar","PIG",1,"slope",-0.0503835913973,0.635476447339775,0.950864611085211
723,"Wild boar","PIG",1,"slope",-0.035980010231024,0.649743852867886,0.964659579798998
724,"Wild boar","PIG",1,"slope",-0.00798261896999652,0.667792316522675,0.992049158211739
725,"Wild boar","PIG",1,"slope",0.013719930601826,0.675988545851568,1.01381448746562
726,"Wild boar","PIG",1,"slope",0.0151284334567901,0.698774688076383,1.01524345065681
727,"Wild boar","PIG",1,"slope",0.0488095231087751,0.721323552223814,1.05002032712393
728,"Wild boar","PIG",1,"slope",0.0450614689698671,0.730229864287262,1.04609216014482
729,"Wild boar","PIG",1,"slope",0.0532098852356374,0.766067326110608,1.05465097877658
730,"Wild boar","PIG",1,"slope",0.050045338455589,0.793414508811176,1.05131876047212
731,"Wild boar","PIG",1,"slope",-0.292481419284354,0.847057437608142,0.746409113725048
732,"Wild boar","PIG",1,"slope",-0.300457405648585,0.747245939917287,0.74047945456058
733,"Wild boar","PIG",1,"slope",-0.285578324220159,0.711044935815932,0.751579472237853
734,"Wild boar","PIG",1,"slope",-0.300275428543161,0.686207816359081,0.740614208245894
735,"Wild boar","PIG",1,"slope",-0.295831711399431,0.674369356046169,0.743912670473801
736,"Wild boar","PIG",1,"slope",-0.304698220356308,0.659628554134327,0.737345882872797
737,"Wild boar","PIG",1,"slope",-0.300465559527688,0.643588749673217,0.740473408131555
738,"Wild boar","PIG",1,"slope",-0.301850403576376,0.63441075297958,0.73944867575898
739,"Wild boar","PIG",1,"slope",-0.289140190193869,0.61884937931565,0.748907216971065
740,"Wild boar","PIG",1,"slope",-0.285719082488252,0.617286470338317,0.751473688586841
741,"Wild boar","PIG",1,"slope",-0.26777722340664,0.6125430784608,0.765078205066378
742,"Wild boar","PIG",1,"slope",-0.265503759379428,0.610751422375247,0.766819568044973
743,"Wild boar","PIG",1,"slope",-0.26767674714793,0.596570080486325,0.765155083865942
744,"Wild boar","PIG",1,"slope",-0.25836213268692,0.594216410977619,0.772315501122358
745,"Wild boar","PIG",1,"slope",-0.252372448806595,0.588611063132236,0.776955311953307
746,"Wild boar","PIG",1,"slope",-0.236361521645933,0.574635858782875,0.789495204071973
747,"Wild boar","PIG",1,"slope",-0.226083489686744,0.567751727441431,0.797651504319452
748,"Wild boar","PIG",1,"slope",-0.209759286778023,0.554421936139838,0.810779395345733
749,"Wild boar","PIG",1,"slope",-0.199313229646487,0.565055419725532,0.819293226470537
750,"Wild boar","PIG",1,"slope",-0.195778269764264,0.558450390324042,0.822194553329404
751,"Wild boar","PIG",1,"slope",-0.175597675655965,0.570134796035197,0.838955447650845
752,"Wild boar","PIG",1,"slope",-0.167456271518892,0.555730316587822,0.845813605584113
753,"Wild boar","PIG",1,"slope",-0.138306691166073,0.560292324696281,0.870831583940159
754,"Wild boar","PIG",1,"slope",-0.12977773136161,0.562491711037101,0.878290625694931
755,"Wild boar","PIG",1,"slope",-0.119956676083732,0.576579285931849,0.886958870202994
756,"Wild boar","PIG",1,"slope",-0.102411564130797,0.580400721981174,0.902657995922311
757,"Wild boar","PIG",1,"slope",-0.0873540824627695,0.597544843592561,0.916352574339255
758,"Wild boar","PIG",1,"slope",-0.0834949688377757,0.607483920177723,0.919895716327769
759,"Wild boar","PIG",1,"slope",-0.0442743626171105,0.629111765660956,0.956691441627928
760,"Wild boar","PIG",1,"slope",-0.039325585837932,0.628962239077528,0.961437628038816
761,"Wild boar","PIG",1,"slope",-0.0188682149306849,0.642046281766136,0.981308695231397
762,"Wild boar","PIG",1,"slope",-0.00271186051259352,0.661800023184202,0.997291815003294
763,"Wild boar","PIG",1,"slope",0.0190207682229372,0.663575356455701,1.01920281706078
764,"Wild boar","PIG",1,"slope",0.0278863515846975,0.68142587171387,1.02827881575961
765,"Wild boar","PIG",1,"slope",0.0293160703216889,0.696672322437996,1.02975002810634
766,"Wild boar","PIG",1,"slope",0.0542458736322298,0.72589076610873,1.05574414989467
767,"Wild boar","PIG",1,"slope",0.0456215741058957,0.728586579812486,1.0466783137896
768,"Wild boar","PIG",1,"slope",0.0644331891881491,0.763392752620615,1.06655431879408
769,"Wild boar","PIG",1,"slope",0.0587507734404465,0.786146924581701,1.06051093702067
770,"Wild boar","PIG",1,"slope",0.089622956815723,0.850627978093993,1.09376181561105
771,"Wild boar","PIG",1,"slope",0.096205475556622,0.872038762258076,1.10098526723321
772,"Wild boar","PIG",1,"slope",0.108013344983839,0.919305753470641,1.11406263618205
773,"Wild boar","PIG",1,"slope",0.0971773935834849,0.944886045494221,1.10205592726414
774,"Wild boar","PIG",1,"slope",0.11276264977734,0.997212623653163,1.1193662327088
775,"Wild boar","PIG",1,"slope",0.131178464716287,1.13645297010785,1.14017124876812
776,"Wild boar","PIG",1,"slope",-0.297558134583443,0.842645985528808,0.742629418634825
777,"Wild boar","PIG",1,"slope",-0.284972633776872,0.758169573753935,0.752034848836784
778,"Wild boar","PIG",1,"slope",-0.298247266801082,0.719688876283459,0.742117822889451
779,"Wild boar","PIG",1,"slope",-0.28746556285637,0.706524359257928,0.750162400900193
780,"Wild boar","PIG",1,"slope",-0.279817555022983,0.680119407533368,0.755921650255121
781,"Wild boar","PIG",1,"slope",-0.278287103056671,0.667793020562738,0.757079430491379
782,"Wild boar","PIG",1,"slope",-0.277471638448719,0.648003614646306,0.757697057108534
783,"Wild boar","PIG",1,"slope",-0.284074904214269,0.6365669922678,0.75271028379462
784,"Wild boar","PIG",1,"slope",-0.283140670511597,0.626864297344492,0.753413815553254
785,"Wild boar","PIG",1,"slope",-0.274422944993893,0.618682576455042,0.760010602504646
786,"Wild boar","PIG",1,"slope",-0.285682007893272,0.612638870962883,0.751501550182015
787,"Wild boar","PIG",1,"slope",-0.285943296813287,0.612068650676635,0.751305216206884
788,"Wild boar","PIG",1,"slope",-0.278668231579537,0.603683888671457,0.756790965068458
789,"Wild boar","PIG",1,"slope",-0.270326602306006,0.600495281124458,0.763130219117621
790,"Wild boar","PIG",1,"slope",-0.267537913274184,0.587672659981439,0.765261317100812
791,"Wild boar","PIG",1,"slope",-0.239510942833812,0.578505605779513,0.787012683676722
792,"Wild boar","PIG",1,"slope",-0.239221736942062,0.574227891558719,0.787240311872707
793,"Wild boar","PIG",1,"slope",-0.234001522230008,0.570543673505401,0.791360622522001
794,"Wild boar","PIG",1,"slope",-0.210296774572174,0.570722838720067,0.810343722463889
795,"Wild boar","PIG",1,"slope",-0.190171393406979,0.567965851085451,0.826817411390016
796,"Wild boar","PIG",1,"slope",-0.172351899853328,0.57140036810019,0.841682952830641
797,"Wild boar","PIG",1,"slope",-0.148827028742487,0.563534556413093,0.861718163008199
798,"Wild boar","PIG",1,"slope",-0.12305254142585,0.559201782792662,0.884217207363697
799,"Wild boar","PIG",1,"slope",-0.109754803522502,0.570587788870359,0.896053818707321
800,"Wild boar","PIG",1,"slope",-0.0971162681178366,0.564767819615182,0.907450497280285
801,"Wild boar","PIG",1,"slope",-0.086423794466671,0.583788898108491,0.917205443216748
802,"Wild boar","PIG",1,"slope",-0.0561818989906632,0.586662366057702,0.945367167743129
803,"Wild boar","PIG",1,"slope",-0.0588468264761874,0.621197799852686,0.942851205966969
804,"Wild boar","PIG",1,"slope",-0.0408863973000792,0.618928139031587,0.959938275730042
805,"Wild boar","PIG",1,"slope",-0.0391370392561504,0.632129582727968,0.961618927216158
806,"Wild boar","PIG",1,"slope",0.00514762794606914,0.638367503028969,1.00516090222978
807,"Wild boar","PIG",1,"slope",0.00727649989080611,0.645688041056514,1.00730303906896
808,"Wild boar","PIG",1,"slope",0.013892194323865,0.661086952847496,1.01398914880166
809,"Wild boar","PIG",1,"slope",0.0327563570289022,0.666690011836116,1.03329877680076
810,"Wild boar","PIG",1,"slope",0.0471831061362219,0.690074590877786,1.04831394469712
811,"Wild boar","PIG",1,"slope",0.0592669641110664,0.700945578688502,1.06105846781294
812,"Wild boar","PIG",1,"slope",0.0699623015844244,0.711617211405763,1.07246776403084
813,"Wild boar","PIG",1,"slope",0.0675263550657213,0.726305185767405,1.06985846029133
814,"Wild boar","PIG",1,"slope",0.0800673345590207,0.751326562651638,1.08336001529792
815,"Wild boar","PIG",1,"slope",0.0770211384467831,0.753582741389298,1.08006491128528
816,"Wild boar","PIG",1,"slope",0.0986150898750553,0.800815836454357,1.10364142582697
817,"Wild boar","PIG",1,"slope",0.119515948531785,0.820702880040533,1.12695143682736
818,"Wild boar","PIG",1,"slope",0.108225437345991,0.856789570266649,1.11429893391618
819,"Wild boar","PIG",1,"slope",0.128073836938725,0.919553192157877,1.13663692654238
820,"Wild boar","PIG",1,"slope",0.0993445912627448,1.03863467641727,1.10444684936905
821,"Wild boar","PIG",1,"slope",-0.269706057645262,0.895676497771197,0.763603927898964
822,"Wild boar","PIG",1,"slope",-0.290171586905312,0.775294455593241,0.748135195120329
823,"Wild boar","PIG",1,"slope",-0.262521721233562,0.729943355593984,0.769109659005429
824,"Wild boar","PIG",1,"slope",-0.292967514657915,0.692456135170644,0.746046394833082
825,"Wild boar","PIG",1,"slope",-0.294921060029401,0.6846193042736,0.744590363667201
826,"Wild boar","PIG",1,"slope",-0.282120810908244,0.660507468323793,0.754182567275747
827,"Wild boar","PIG",1,"slope",-0.265921026636512,0.6538782011379,0.766499697220841
828,"Wild boar","PIG",1,"slope",-0.26739948916595,0.640242599132704,0.765367261070432
829,"Wild boar","PIG",1,"slope",-0.271857582357953,0.63046358655454,0.761962777261902
830,"Wild boar","PIG",1,"slope",-0.266643135561548,0.626965693541493,0.76594636186343
831,"Wild boar","PIG",1,"slope",-0.275499040240336,0.6112540772643,0.759193215124714
832,"Wild boar","PIG",1,"slope",-0.274906739178188,0.603029764155032,0.759642964866129
833,"Wild boar","PIG",1,"slope",-0.261320745359227,0.604856319776787,0.770033895899353
834,"Wild boar","PIG",1,"slope",-0.278318059975624,0.593500514452046,0.757055994304138
835,"Wild boar","PIG",1,"slope",-0.268144140590351,0.583658473642265,0.764797555376
836,"Wild boar","PIG",1,"slope",-0.280717645272012,0.583028576711071,0.755241551978751
837,"Wild boar","PIG",1,"slope",-0.255276825271267,0.57563368481824,0.774702011201452
838,"Wild boar","PIG",1,"slope",-0.229196004066909,0.577877716269605,0.79517266740052
839,"Wild boar","PIG",1,"slope",-0.219097918477675,0.56878566956597,0.803243062947526
840,"Wild boar","PIG",1,"slope",-0.191381377380047,0.5726398086831,0.825817581633079
841,"Wild boar","PIG",1,"slope",-0.164648066558122,0.575118553333445,0.848192159694199
842,"Wild boar","PIG",1,"slope",-0.13857996298666,0.568638550373941,0.870593712532901
843,"Wild boar","PIG",1,"slope",-0.10371328645433,0.570443955339856,0.901483728248998
844,"Wild boar","PIG",1,"slope",-0.0828811047564591,0.562176025495258,0.920460579982605
845,"Wild boar","PIG",1,"slope",-0.0519252072291716,0.56953222669947,0.949399934814795
846,"Wild boar","PIG",1,"slope",-0.0497811025338376,0.582781574589157,0.951437677740291
847,"Wild boar","PIG",1,"slope",-0.032692597553151,0.586173638328546,0.967836031476524
848,"Wild boar","PIG",1,"slope",-0.028587327774354,0.605135121370162,0.971817427631003
849,"Wild boar","PIG",1,"slope",-0.0196856896037274,0.622825844127292,0.980506895501729
850,"Wild boar","PIG",1,"slope",-0.0102867693422361,0.626364959005428,0.989765960095856
851,"Wild boar","PIG",1,"slope",-0.000146635137847156,0.628687382691963,0.999853379413205
852,"Wild boar","PIG",1,"slope",0.0322657270927828,0.63957987386791,1.03279191826674
853,"Wild boar","PIG",1,"slope",0.0452569678638627,0.654260983162588,1.04629670246614
854,"Wild boar","PIG",1,"slope",0.0467521593925064,0.654885182273184,1.04786228493151
855,"Wild boar","PIG",1,"slope",0.0532184544710179,0.668507029382694,1.0546600152322
856,"Wild boar","PIG",1,"slope",0.0663397838880947,0.675940811198766,1.06858974507026
857,"Wild boar","PIG",1,"slope",0.0713344202472347,0.69607613054769,1.07394031555044
858,"Wild boar","PIG",1,"slope",0.0908717994092089,0.700026117060721,1.09512860015252
859,"Wild boar","PIG",1,"slope",0.0969451421445175,0.727298624994188,1.10179992982316
860,"Wild boar","PIG",1,"slope",0.102942156840968,0.744719626063541,1.1084272972415
861,"Wild boar","PIG",1,"slope",0.116039652747632,0.774047257362518,1.12304040316756
862,"Wild boar","PIG",1,"slope",0.119951879176017,0.783018250653894,1.12744259698242
863,"Wild boar","PIG",1,"slope",0.124304632237197,0.811903118375588,1.13236079294944
864,"Wild boar","PIG",1,"slope",0.114299322063464,0.850448801868298,1.12108764162623
865,"Wild boar","PIG",1,"slope",-0.272265957454263,0.798907735324353,0.761651667464839
866,"Wild boar","PIG",1,"slope",-0.277044392432981,0.733807452580682,0.75802084866337
867,"Wild boar","PIG",1,"slope",-0.26675621192844,0.701922532483425,0.765859783037288
868,"Wild boar","PIG",1,"slope",-0.276407591083074,0.678003101986424,0.758503708506938
869,"Wild boar","PIG",1,"slope",-0.276087039171582,0.670397379871161,0.758746887199199
870,"Wild boar","PIG",1,"slope",-0.283297954564506,0.658559118342446,0.753295327614782
871,"Wild boar","PIG",1,"slope",-0.272863911042461,0.648495613045726,0.761196375324896
872,"Wild boar","PIG",1,"slope",-0.267635793351359,0.635255033247546,0.765186416484471
873,"Wild boar","PIG",1,"slope",-0.266026406204573,0.620666884358258,0.766418889024091
874,"Wild boar","PIG",1,"slope",-0.281561765427864,0.62556897305487,0.754604353576693
875,"Wild boar","PIG",1,"slope",-0.265464124581941,0.607050497900871,0.766850110336662
876,"Wild boar","PIG",1,"slope",-0.276741931550166,0.593691445663788,0.758250173174457
877,"Wild boar","PIG",1,"slope",-0.283886648909818,0.594926912459304,0.752851977318496
878,"Wild boar","PIG",1,"slope",-0.27950645954722,0.593050081718463,0.75615684407614
879,"Wild boar","PIG",1,"slope",-0.290364139243816,0.582323640015472,0.747991146354259
880,"Wild boar","PIG",1,"slope",-0.298551613152873,0.575637614236123,0.741891995069768
881,"Wild boar","PIG",1,"slope",-0.262692042835117,0.573797392186399,0.768978674834761
882,"Wild boar","PIG",1,"slope",-0.232473951647478,0.569720160518906,0.792570394916445
883,"Wild boar","PIG",1,"slope",-0.190787732912817,0.566693047132727,0.826308016057979
884,"Wild boar","PIG",1,"slope",-0.177570735668875,0.569615594008785,0.837301770679377
885,"Wild boar","PIG",1,"slope",-0.123139983073914,0.572683254924227,0.884139889642801
886,"Wild boar","PIG",1,"slope",-0.0754421039395698,0.564802620421792,0.927333443727
887,"Wild boar","PIG",1,"slope",-0.0365497559226334,0.547747513526659,0.964110122517393
888,"Wild boar","PIG",1,"slope",-0.0210408693209861,0.551821442169739,0.979178945384829
889,"Wild boar","PIG",1,"slope",-0.0175015489764413,0.570950868740202,0.982650716084883
890,"Wild boar","PIG",1,"slope",-0.0105483152687091,0.597793320484455,0.989507198057071
891,"Wild boar","PIG",1,"slope",-0.0143835381813314,0.597716636914386,0.985719422712179
892,"Wild boar","PIG",1,"slope",0.00514879103776317,0.602664923521078,1.00516207590327
893,"Wild boar","PIG",1,"slope",0.0109085641223971,0.623410352169732,1.01096827957495
894,"Wild boar","PIG",1,"slope",0.0111578142723561,0.63386697183299,1.0112202980822
895,"Wild boar","PIG",1,"slope",0.0294950219799119,0.637917718029947,1.02993434399331
896,"Wild boar","PIG",1,"slope",0.0502179186948391,0.649018035096842,1.05150021481875
897,"Wild boar","PIG",1,"slope",0.0496611979819838,0.658397695013646,1.05091499104883
898,"Wild boar","PIG",1,"slope",0.0794328817428044,0.665725210338249,1.08267289351018
899,"Wild boar","PIG",1,"slope",0.0777462407420496,0.674191463761307,1.08084835355424
900,"Wild boar","PIG",1,"slope",0.0802929310061098,0.688187949347106,1.08360444481255
901,"Wild boar","PIG",1,"slope",0.0980146991610688,0.706254814463667,1.10297915790704
902,"Wild boar","PIG",1,"slope",0.11405700903253,0.708007128551434,1.12081602002384
903,"Wild boar","PIG",1,"slope",0.115684460568339,0.736636109873988,1.12264157856427
904,"Wild boar","PIG",1,"slope",0.110086562098455,0.745749662928526,1.11637521141563
905,"Wild boar","PIG",1,"slope",0.136493920018166,0.762744712187914,1.14624791213645
906,"Wild boar","PIG",1,"slope",0.13151528245026,0.788506249442493,1.14055534798392
907,"Wild boar","PIG",1,"slope",0.122101308346974,0.823653380527403,1.1298685612004
908,"Wild boar","PIG",1,"slope",0.161082230520177,0.925081082152928,1.1747815935204
909,"Wild boar","PIG",1,"slope",-0.263134028158043,0.835912970737488,0.768638884647711
910,"Wild boar","PIG",1,"slope",-0.25276629088396,0.748366004906483,0.776649372012696
911,"Wild boar","PIG",1,"slope",-0.250773511549527,0.717303906957941,0.778198617401067
912,"Wild boar","PIG",1,"slope",-0.264440676025152,0.687800776654616,0.76763518885147
913,"Wild boar","PIG",1,"slope",-0.248106614446064,0.672149676587941,0.780276761184112
914,"Wild boar","PIG",1,"slope",-0.254981438335901,0.655561937803161,0.774930885712668
915,"Wild boar","PIG",1,"slope",-0.253663534744985,0.640651747273156,0.775952839670824
916,"Wild boar","PIG",1,"slope",-0.261673155861568,0.636719119088709,0.769762576371762
917,"Wild boar","PIG",1,"slope",-0.251056577966506,0.620106030598895,0.777978354527089
918,"Wild boar","PIG",1,"slope",-0.257089382432519,0.617747013783785,0.773299093754733
919,"Wild boar","PIG",1,"slope",-0.261972973962956,0.612237462145224,0.76953183193702
920,"Wild boar","PIG",1,"slope",-0.269067410196813,0.596811541275614,0.764091747404486
921,"Wild boar","PIG",1,"slope",-0.27278776574869,0.603723180904405,0.761254335076239
922,"Wild boar","PIG",1,"slope",-0.278624913454018,0.578199417277687,0.756823731900222
923,"Wild boar","PIG",1,"slope",-0.307746559613399,0.589798086897256,0.73510163686758
924,"Wild boar","PIG",1,"slope",-0.325853979746514,0.560876432441683,0.721910593332995
925,"Wild boar","PIG",1,"slope",-0.314717019746082,0.54876795415427,0.729995419332751
926,"Wild boar","PIG",1,"slope",-0.23959497080299,0.565076875074854,0.7869465359294
927,"Wild boar","PIG",1,"slope",-0.191483290926824,0.568309360723616,0.825733422679006
928,"Wild boar","PIG",1,"slope",-0.144837069389381,0.572775313416455,0.865163243310359
929,"Wild boar","PIG",1,"slope",-0.109723139063651,0.569521827334651,0.896082191135516
930,"Wild boar","PIG",1,"slope",-0.065942784157543,0.566062904116185,0.936184435808626
931,"Wild boar","PIG",1,"slope",0.027848407928858,0.512673668961393,1.02823979977679
932,"Wild boar","PIG",1,"slope",0.0713045747157209,0.504068280409724,1.07390826143834
933,"Wild boar","PIG",1,"slope",0.00799368603951297,0.561237963158741,1.00802573163143
934,"Wild boar","PIG",1,"slope",0.00801199564514351,0.582087729581796,1.00804420852433
935,"Wild boar","PIG",1,"slope",0.0139074774687699,0.59608601523911,1.01400464192498
936,"Wild boar","PIG",1,"slope",0.0210090570965402,0.598964201860105,1.02123130212757
937,"Wild boar","PIG",1,"slope",0.0157111019368231,0.608930420976586,1.01583519838746
938,"Wild boar","PIG",1,"slope",0.0218012943941813,0.620118075551745,1.02204067912298
939,"Wild boar","PIG",1,"slope",0.044363063875535,0.631281208260629,1.04536181911355
940,"Wild boar","PIG",1,"slope",0.0656338480732941,0.640416989052181,1.06783566088178
941,"Wild boar","PIG",1,"slope",0.0841487185225205,0.657981113925548,1.08779065690678
942,"Wild boar","PIG",1,"slope",0.0830285920701862,0.666501271679295,1.08657287857541
943,"Wild boar","PIG",1,"slope",0.0915935125040217,0.67179756201119,1.09591925424606
944,"Wild boar","PIG",1,"slope",0.102827222099526,0.675207280524201,1.10829991076636
945,"Wild boar","PIG",1,"slope",0.107377048332316,0.697991136803431,1.11335396451554
946,"Wild boar","PIG",1,"slope",0.112574930291293,0.71143486374182,1.11915611291385
947,"Wild boar","PIG",1,"slope",0.11768122027207,0.71854577383824,1.12488546389166
948,"Wild boar","PIG",1,"slope",0.140411377799187,0.73146420237502,1.15074709501511
949,"Wild boar","PIG",1,"slope",0.144303072974944,0.737676466366213,1.15523417605522
950,"Wild boar","PIG",1,"slope",0.162232110127329,0.766945405487104,1.1761332119704
951,"Wild boar","PIG",1,"slope",0.148587454611625,0.774187427631776,1.16019425852657
952,"Wild boar","PIG",1,"slope",0.148732147985131,0.83585870150896,1.16036227165788
953,"Wild boar","PIG",1,"slope",0.162651438133795,1.0432188192336,1.17662649475292
954,"Wild boar","PIG",1,"slope",0.166623809091617,1.08394550259213,1.18130981814787
955,"Wild boar","PIG",1,"slope",-0.251282295323527,0.906511766879908,0.777802770961099
956,"Wild boar","PIG",1,"slope",-0.273594632624851,0.77446562241115,0.760640357706845
957,"Wild boar","PIG",1,"slope",-0.247713990438449,0.718887378063338,0.780583165617093
958,"Wild boar","PIG",1,"slope",-0.241063762688194,0.697200999222345,0.785791567195878
959,"Wild boar","PIG",1,"slope",-0.245217952896694,0.670791426274369,0.782533966765419
960,"Wild boar","PIG",1,"slope",-0.248260691698564,0.652798093810987,0.780156536545923
961,"Wild boar","PIG",1,"slope",-0.244499046458626,0.638472142466328,0.783096754462759
962,"Wild boar","PIG",1,"slope",-0.252369303560747,0.626173765725339,0.77695775196214
963,"Wild boar","PIG",1,"slope",-0.258191560222033,0.618270525664922,0.772447247785688
964,"Wild boar","PIG",1,"slope",-0.255943278417605,0.619721406269487,0.774185885272551
965,"Wild boar","PIG",1,"slope",-0.254600769143862,0.606698181884497,0.775225934532371
966,"Wild boar","PIG",1,"slope",-0.26640846768793,0.595218967757848,0.76612612982983
967,"Wild boar","PIG",1,"slope",-0.270998249156059,0.594195473025039,0.762617841158274
968,"Wild boar","PIG",1,"slope",-0.279418491825299,0.590178234828869,0.756223366916289
969,"Wild boar","PIG",1,"slope",-0.282460626054087,0.586349947957317,0.753926326525783
970,"Wild boar","PIG",1,"slope",-0.305493835313302,0.573982889978553,0.736759446706685
971,"Wild boar","PIG",1,"slope",-0.280385489096686,0.566848888030468,0.755492592662239
972,"Wild boar","PIG",1,"slope",-0.240148225976593,0.567013921420337,0.786511271836956
973,"Wild boar","PIG",1,"slope",-0.1845113773944,0.582135078959245,0.831510479524552
974,"Wild boar","PIG",1,"slope",-0.139227632891251,0.57575399779598,0.870029962000174
975,"Wild boar","PIG",1,"slope",-0.112909324057752,0.576244602328462,0.893231651085746
976,"Wild boar","PIG",1,"slope",-0.0794754095283473,0.558666183581898,0.923600731718462
977,"Wild boar","PIG",1,"slope",-0.0242508078084195,0.545104491949543,0.976040880516793
978,"Wild boar","PIG",1,"slope",0.0051244744235075,0.555097933915678,1.0051376319886
979,"Wild boar","PIG",1,"slope",0.0138115777781024,0.565208705715099,1.01390746922887
980,"Wild boar","PIG",1,"slope",0.0103466831411054,0.588905106911421,1.01040039825478
981,"Wild boar","PIG",1,"slope",0.0222276533139623,0.592037595702174,1.02247653348414
982,"Wild boar","PIG",1,"slope",0.0365869965033404,0.594507927003679,1.03726454005062
983,"Wild boar","PIG",1,"slope",0.0429241333258469,0.607016296297541,1.0438586978729
984,"Wild boar","PIG",1,"slope",0.0499381874017678,0.611073462987328,1.05120611891344
985,"Wild boar","PIG",1,"slope",0.0619030539930394,0.619403290445306,1.06385920282877
986,"Wild boar","PIG",1,"slope",0.0826559180768778,0.637654536667853,1.08616801346668
987,"Wild boar","PIG",1,"slope",0.0828905162542885,0.639763825821808,1.08642285773929
988,"Wild boar","PIG",1,"slope",0.0862057539716218,0.646783727917595,1.09003058336135
989,"Wild boar","PIG",1,"slope",0.107184935391929,0.669856979997612,1.11314009492217
990,"Wild boar","PIG",1,"slope",0.104870534995329,0.664689153327359,1.11056683401121
991,"Wild boar","PIG",1,"slope",0.124415186977632,0.688397623636496,1.13248596741012
992,"Wild boar","PIG",1,"slope",0.143447834615905,0.70005837925839,1.15424662022057
993,"Wild boar","PIG",1,"slope",0.146902970232512,0.708130193935399,1.15824157993485
994,"Wild boar","PIG",1,"slope",0.133228326762375,0.706038020705112,1.14251084997515
995,"Wild boar","PIG",1,"slope",0.141532378490268,0.730636131536349,1.15203781022352
996,"Wild boar","PIG",1,"slope",0.144457463545396,0.748800249796985,1.15541254676739
997,"Wild boar","PIG",1,"slope",0.163356602081028,0.765319993591415,1.17745649838032
998,"Wild boar","PIG",1,"slope",0.163405050457154,0.802147725558792,1.17751355279675
999,"Wild boar","PIG",1,"slope",0.170485395979328,0.831749957267377,1.18588035163356
1000,"Wild boar","PIG",1,"slope",0.158826256048437,0.88229063381469,1.17213429087736
1001,"Wild boar","PIG",1,"slope",0.159399775402096,0.933552622402114,1.17280671568985
1002,"Wild boar","PIG",1,"slope",0.15847747818174,0.979979208810516,1.17172681374521
1003,"Wild boar","PIG",1,"slope",0.157434924130555,1.08833239790598,1.17050460341647
1004,"Wild boar","PIG",1,"slope",-0.240840150180145,0.824851969717974,0.785967256301728
1005,"Wild boar","PIG",1,"slope",-0.240841106536883,0.7426818070964,0.785966514022929
1006,"Wild boar","PIG",1,"slope",-0.234878163982833,0.698065707654083,0.790667180732394
1007,"Wild boar","PIG",1,"slope",-0.226478910707942,0.670954580253407,0.797336168897769
1008,"Wild boar","PIG",1,"slope",-0.227114452811245,0.661360007926296,0.796829627775551
1009,"Wild boar","PIG",1,"slope",-0.24768521124169,0.642578354198624,0.780605643454254
1010,"Wild boar","PIG",1,"slope",-0.237913727833668,0.641206257177008,0.788270694050789
1011,"Wild boar","PIG",1,"slope",-0.25018511592004,0.634577234230781,0.778656627991684
1012,"Wild boar","PIG",1,"slope",-0.259115502207267,0.619038570908066,0.771733880995352
1013,"Wild boar","PIG",1,"slope",-0.25124390856332,0.614633387590641,0.777832628391506
1014,"Wild boar","PIG",1,"slope",-0.272289074769881,0.600616981968839,0.76163406595579
1015,"Wild boar","PIG",1,"slope",-0.268447332955729,0.604810346497164,0.764565690405972
1016,"Wild boar","PIG",1,"slope",-0.272344886182323,0.597344862865384,0.761591553666123
1017,"Wild boar","PIG",1,"slope",-0.284832834155671,0.589400391602289,0.752139993534553
1018,"Wild boar","PIG",1,"slope",-0.290051607473696,0.587270230491244,0.748224952582796
1019,"Wild boar","PIG",1,"slope",-0.244427364334327,0.588207498948138,0.783152876652198
1020,"Wild boar","PIG",1,"slope",-0.22546662045161,0.585584817544794,0.798143752747881
1021,"Wild boar","PIG",1,"slope",-0.181512997885936,0.564269740523792,0.834007472189469
1022,"Wild boar","PIG",1,"slope",-0.14084821115913,0.574196872150503,0.86862114991456
1023,"Wild boar","PIG",1,"slope",-0.0972759017008416,0.565062366521909,0.907305651153258
1024,"Wild boar","PIG",1,"slope",-0.0720706434076105,0.564186331668138,0.930465170096816
1025,"Wild boar","PIG",1,"slope",-0.0254312868142426,0.557155794762792,0.974889365586416
1026,"Wild boar","PIG",1,"slope",-0.00745695567151122,0.5616503124031,0.992570779275199
1027,"Wild boar","PIG",1,"slope",0.0132670479853491,0.582798041042008,1.01335545323014
1028,"Wild boar","PIG",1,"slope",0.0189950944822011,0.592639681153579,1.01917665035371
1029,"Wild boar","PIG",1,"slope",0.0429489363521072,0.594373466414204,1.04388463430454
1030,"Wild boar","PIG",1,"slope",0.0385090701299261,0.594591136881246,1.03926015473983
1031,"Wild boar","PIG",1,"slope",0.0626877146007705,0.603842094733634,1.06469429904263
1032,"Wild boar","PIG",1,"slope",0.0623576898278922,0.611442022765619,1.06434301649942
1033,"Wild boar","PIG",1,"slope",0.0905175756508373,0.61891846075466,1.09474075121112
1034,"Wild boar","PIG",1,"slope",0.0912600422524507,0.627049589678303,1.09555394762291
1035,"Wild boar","PIG",1,"slope",0.0892345335166715,0.636390703096295,1.09333705268172
1036,"Wild boar","PIG",1,"slope",0.110813234802049,0.646115403275133,1.11718629445241
1037,"Wild boar","PIG",1,"slope",0.112943805026985,0.664102083444518,1.1195690321558
1038,"Wild boar","PIG",1,"slope",0.122810444122826,0.665484395698257,1.13067007547606
1039,"Wild boar","PIG",1,"slope",0.145378764865111,0.684017499412765,1.15647752209051
1040,"Wild boar","PIG",1,"slope",0.158372898797282,0.682415327147665,1.17160305038093
1041,"Wild boar","PIG",1,"slope",0.139260137327742,0.698051129111645,1.14942306983616
1042,"Wild boar","PIG",1,"slope",0.153209956347754,0.695864211660026,1.1655696934733
1043,"Wild boar","PIG",1,"slope",0.146564006682354,0.720565019609008,1.15784903949123
1044,"Wild boar","PIG",1,"slope",0.177051063488094,0.733420080672102,1.19369207267531
1045,"Wild boar","PIG",1,"slope",0.188702003658585,0.735053809100722,1.20768103226371
1046,"Wild boar","PIG",1,"slope",0.164105979900523,0.759825749745915,1.17833919414204
1047,"Wild boar","PIG",1,"slope",0.179308158894831,0.802149238728449,1.19638944281985
1048,"Wild boar","PIG",1,"slope",0.166697830247224,0.829792563846482,1.18139830267526
1049,"Wild boar","PIG",1,"slope",0.146846631795022,0.890412989647002,1.15817632648335
1050,"Wild boar","PIG",1,"slope",0.156446146599932,0.944335990673813,1.16934778936598
1051,"Wild boar","PIG",1,"slope",0.148422921245892,1.02036960959428,1.16000338602615
1052,"Wild boar","PIG",1,"slope",-0.225378306780364,0.764025481595695,0.798214193309676
1053,"Wild boar","PIG",1,"slope",-0.225179139747396,0.706480376577798,0.79837318565808
1054,"Wild boar","PIG",1,"slope",-0.233973641152038,0.675006312169793,0.791382716253368
1055,"Wild boar","PIG",1,"slope",-0.215345265250363,0.668981887567884,0.806263053487643
1056,"Wild boar","PIG",1,"slope",-0.241929782512512,0.64764570894586,0.785111312646342
1057,"Wild boar","PIG",1,"slope",-0.225263012843486,0.638785484570827,0.798306233368247
1058,"Wild boar","PIG",1,"slope",-0.239673113354542,0.625968911545518,0.786885045754646
1059,"Wild boar","PIG",1,"slope",-0.242588552625083,0.620947717488778,0.784594266668876
1060,"Wild boar","PIG",1,"slope",-0.251306480716203,0.5966327373176,0.777783960560396
1061,"Wild boar","PIG",1,"slope",-0.265495021231237,0.604194130929782,0.766826264238371
1062,"Wild boar","PIG",1,"slope",-0.254543373323442,0.588813201185424,0.775270426818539
1063,"Wild boar","PIG",1,"slope",-0.266469193770575,0.591589507218738,0.766079628822609
1064,"Wild boar","PIG",1,"slope",-0.261943026242053,0.601999779683912,0.769554877773335
1065,"Wild boar","PIG",1,"slope",-0.244689081450581,0.59424344875013,0.782947933905228
1066,"Wild boar","PIG",1,"slope",-0.217397017955651,0.586574501576335,0.804610475597962
1067,"Wild boar","PIG",1,"slope",-0.202240054879005,0.584792719251367,0.816898803974306
1068,"Wild boar","PIG",1,"slope",-0.16393791887325,0.571743749796926,0.848794716686781
1069,"Wild boar","PIG",1,"slope",-0.142173798916625,0.576821411527547,0.867470484959628
1070,"Wild boar","PIG",1,"slope",-0.108556762143934,0.572573362928724,0.89712798365925
1071,"Wild boar","PIG",1,"slope",-0.064544851247255,0.572182138268325,0.937494092218645
1072,"Wild boar","PIG",1,"slope",-0.0351676349182532,0.567818287064431,0.96544357513726
1073,"Wild boar","PIG",1,"slope",-0.00125730874059993,0.569881579651023,0.998743481526288
1074,"Wild boar","PIG",1,"slope",0.0206700757129067,0.579182731385449,1.02088521224174
1075,"Wild boar","PIG",1,"slope",0.0331134300634196,0.597211295754525,1.03366778368476
1076,"Wild boar","PIG",1,"slope",0.0477544001473114,0.598236703421069,1.0489130167347
1077,"Wild boar","PIG",1,"slope",0.0594767080526889,0.590921730879761,1.06128105655137
1078,"Wild boar","PIG",1,"slope",0.0789178603102156,0.596173030293953,1.08211545017997
1079,"Wild boar","PIG",1,"slope",0.0793645929591245,0.600962777394521,1.08259895876255
1080,"Wild boar","PIG",1,"slope",0.103135726922593,0.614453840587028,1.10864188418583
1081,"Wild boar","PIG",1,"slope",0.115513715558677,0.62440194295918,1.12244991016165
1082,"Wild boar","PIG",1,"slope",0.101178562190439,0.640554216863566,1.10647420056433
1083,"Wild boar","PIG",1,"slope",0.123685035907337,0.635729719864974,1.13165938297944
1084,"Wild boar","PIG",1,"slope",0.130118862328446,0.653293591788263,1.13896376878426
1085,"Wild boar","PIG",1,"slope",0.153654860749232,0.660649605980761,1.16608835465052
1086,"Wild boar","PIG",1,"slope",0.15353686995971,0.674490169885542,1.16595087832733
1087,"Wild boar","PIG",1,"slope",0.150202980490528,0.682113200359755,1.16207011918436
1088,"Wild boar","PIG",1,"slope",0.162020931868848,0.684108897262178,1.1758848561682
1089,"Wild boar","PIG",1,"slope",0.150450094116958,0.703690418160539,1.16235729706535
1090,"Wild boar","PIG",1,"slope",0.173010138978981,0.714427052336635,1.18887817814723
1091,"Wild boar","PIG",1,"slope",0.175845895527515,0.722782477427604,1.19225431280494
1092,"Wild boar","PIG",1,"slope",0.165894861852774,0.736273109076534,1.18044907104631
1093,"Wild boar","PIG",1,"slope",0.180284366986008,0.744201102543637,1.1975578611718
1094,"Wild boar","PIG",1,"slope",0.181187607014944,0.776022433395622,1.19864007518082
1095,"Wild boar","PIG",1,"slope",0.180891472412548,0.820694009877699,1.19828521744186
1096,"Wild boar","PIG",1,"slope",0.186704473954236,0.852795887909719,1.20527105623367
1097,"Wild boar","PIG",1,"slope",0.168438491833312,0.923237578309306,1.18345543885359
1098,"Wild boar","PIG",1,"slope",0.178384259378869,1.0269560573962,1.19528453592546
1099,"Wild boar","PIG",1,"slope",-0.207225056403721,0.783088618724998,0.812836695781832
1100,"Wild boar","PIG",1,"slope",-0.205883832602857,0.714896332164755,0.813927622670854
1101,"Wild boar","PIG",1,"slope",-0.214720965943014,0.686953097005594,0.806766559660885
1102,"Wild boar","PIG",1,"slope",-0.225000025806645,0.665612506660475,0.798516198253558
1103,"Wild boar","PIG",1,"slope",-0.209509822112004,0.654017225169684,0.810981673937365
1104,"Wild boar","PIG",1,"slope",-0.22569930319869,0.64391091592249,0.797958011253784
1105,"Wild boar","PIG",1,"slope",-0.227284354424288,0.624288219979296,0.796694207396254
1106,"Wild boar","PIG",1,"slope",-0.231154149138924,0.625278491759419,0.793617121217337
1107,"Wild boar","PIG",1,"slope",-0.249979865881683,0.605360242326528,0.778816472621382
1108,"Wild boar","PIG",1,"slope",-0.24639573946854,0.599195860275512,0.781612848733227
1109,"Wild boar","PIG",1,"slope",-0.264741921475573,0.599618856398011,0.767403974910307
1110,"Wild boar","PIG",1,"slope",-0.273119360671232,0.590980609744294,0.761001948504592
1111,"Wild boar","PIG",1,"slope",-0.25830409966726,0.590077733326723,0.772360425161979
1112,"Wild boar","PIG",1,"slope",-0.224193615833983,0.592701232428681,0.799160397368
1113,"Wild boar","PIG",1,"slope",-0.208921329114063,0.590162810848397,0.811459146188405
1114,"Wild boar","PIG",1,"slope",-0.187133682084941,0.585189890298101,0.829332862143257
1115,"Wild boar","PIG",1,"slope",-0.153217960821718,0.572920923185327,0.857942708747739
1116,"Wild boar","PIG",1,"slope",-0.142844292664055,0.565284272372979,0.866889039738992
1117,"Wild boar","PIG",1,"slope",-0.108656881311104,0.558601496428166,0.897038219309062
1118,"Wild boar","PIG",1,"slope",-0.0711407364551435,0.568027822145454,0.931330816804482
1119,"Wild boar","PIG",1,"slope",-0.0418900895132995,0.567567956446468,0.958975176330445
1120,"Wild boar","PIG",1,"slope",0.00334460047058596,0.581038011226252,1.00335021743679
1121,"Wild boar","PIG",1,"slope",0.0203434938254276,0.582553381070715,1.02055185778942
1122,"Wild boar","PIG",1,"slope",0.0369805560593687,0.591796043790546,1.03767284486262
1123,"Wild boar","PIG",1,"slope",0.057451659479395,0.599019682391316,1.05913407532439
1124,"Wild boar","PIG",1,"slope",0.068792828799155,0.589470787886419,1.07121426351334
1125,"Wild boar","PIG",1,"slope",0.0872800830507817,0.595418816817355,1.09120229945237
1126,"Wild boar","PIG",1,"slope",0.114903091299594,0.609099923996391,1.1217648328141
1127,"Wild boar","PIG",1,"slope",0.116937798508134,0.628993322299904,1.12404952981175
1128,"Wild boar","PIG",1,"slope",0.132086217818031,0.626288362196333,1.14120676663251
1129,"Wild boar","PIG",1,"slope",0.126779486666808,0.637891819604497,1.13516670530782
1130,"Wild boar","PIG",1,"slope",0.143726576476883,0.63526149593655,1.15456839150973
1131,"Wild boar","PIG",1,"slope",0.141821203109978,0.64298026405398,1.15237059016994
1132,"Wild boar","PIG",1,"slope",0.164692708784643,0.655250634376501,1.17903077409107
1133,"Wild boar","PIG",1,"slope",0.168611768221467,0.664930848894856,1.18366053033227
1134,"Wild boar","PIG",1,"slope",0.182162354427157,0.676668867515055,1.19980897245608
1135,"Wild boar","PIG",1,"slope",0.172772914857838,0.6784285863878,1.18859616555355
1136,"Wild boar","PIG",1,"slope",0.175832225449191,0.68703928067167,1.19223802120293
1137,"Wild boar","PIG",1,"slope",0.174901687359719,0.705107287334894,1.19112910971542
1138,"Wild boar","PIG",1,"slope",0.198841207504948,0.706187102208381,1.21998822559205
1139,"Wild boar","PIG",1,"slope",0.189387851790161,0.727475636492993,1.20850958881411
1140,"Wild boar","PIG",1,"slope",0.19227314860966,0.734980970628758,1.2120015282887
1141,"Wild boar","PIG",1,"slope",0.196746798679677,0.777466375520049,1.21743574726842
1142,"Wild boar","PIG",1,"slope",0.188996359781612,0.801062775099327,1.20803655568534
1143,"Wild boar","PIG",1,"slope",0.18481428601925,0.857682730253605,1.20299500873461
1144,"Wild boar","PIG",1,"slope",0.164275589007583,0.934486543354823,1.17853906323604
1145,"Wild boar","PIG",1,"slope",0.166640966905789,1.11640878786706,1.18133005776579
1146,"Wild boar","PIG",1,"slope",-0.180908614984357,0.950740898130597,0.834511637635315
1147,"Wild boar","PIG",1,"slope",-0.190439706879856,0.804970300045914,0.826595612049126
1148,"Wild boar","PIG",1,"slope",-0.189302008105571,0.721463319913579,0.827536546306584
1149,"Wild boar","PIG",1,"slope",-0.193353442823723,0.688471920415768,0.824190633653558
1150,"Wild boar","PIG",1,"slope",-0.212259210303295,0.667919000202735,0.808755050010884
1151,"Wild boar","PIG",1,"slope",-0.209693274294956,0.668195393145245,0.810832915189105
1152,"Wild boar","PIG",1,"slope",-0.207913977738609,0.647016878302227,0.812276908088839
1153,"Wild boar","PIG",1,"slope",-0.240846921575418,0.63223263883146,0.785961931045894
1154,"Wild boar","PIG",1,"slope",-0.220678276098042,0.619627416166859,0.801974685457114
1155,"Wild boar","PIG",1,"slope",-0.233373378454274,0.598273476167709,0.791857857872104
1156,"Wild boar","PIG",1,"slope",-0.242962038528904,0.607294415087103,0.784301307888153
1157,"Wild boar","PIG",1,"slope",-0.260135261711697,0.583592502993822,0.770947304409543
1158,"Wild boar","PIG",1,"slope",-0.266784040719185,0.591787220481666,0.765838444841797
1159,"Wild boar","PIG",1,"slope",-0.264701214870987,0.587339803076032,0.76743521491308
1160,"Wild boar","PIG",1,"slope",-0.214538905654764,0.589731154064771,0.806913424100308
1161,"Wild boar","PIG",1,"slope",-0.196284258331768,0.583377457275183,0.821778604272632
1162,"Wild boar","PIG",1,"slope",-0.169257493574584,0.580951704029498,0.844291476190501
1163,"Wild boar","PIG",1,"slope",-0.162003038789234,0.568445213155231,0.850438629578105
1164,"Wild boar","PIG",1,"slope",-0.136837433504425,0.545537269076648,0.872112069701147
1165,"Wild boar","PIG",1,"slope",-0.103694629277155,0.539878986632604,0.901500547920573
1166,"Wild boar","PIG",1,"slope",-0.0614318898434979,0.566071724187663,0.940417011850966
1167,"Wild boar","PIG",1,"slope",-0.0213129735750377,0.561378894254589,0.978912546161129
1168,"Wild boar","PIG",1,"slope",0.000207531833515163,0.579328757790795,1.00020755340201
1169,"Wild boar","PIG",1,"slope",0.034600938559673,0.584780262151422,1.03520652057195
1170,"Wild boar","PIG",1,"slope",0.049326044356177,0.589337035210974,1.05056283303628
1171,"Wild boar","PIG",1,"slope",0.0556532182082514,0.592465289612005,1.057230991736
1172,"Wild boar","PIG",1,"slope",0.079791599696862,0.592914911463289,1.08306133465724
1173,"Wild boar","PIG",1,"slope",0.117755301428106,0.59930494336438,1.12496883547491
1174,"Wild boar","PIG",1,"slope",0.105348054732272,0.600174179462586,1.11109731026454
1175,"Wild boar","PIG",1,"slope",0.131137145480732,0.618807951671775,1.14012426614921
1176,"Wild boar","PIG",1,"slope",0.138704956969059,0.627298749436197,1.14878510906029
1177,"Wild boar","PIG",1,"slope",0.158976922986758,0.634284764213117,1.17231089892887
1178,"Wild boar","PIG",1,"slope",0.160076207210183,0.638422250907514,1.17360036020421
1179,"Wild boar","PIG",1,"slope",0.175317516887921,0.646773749630921,1.19162452489119
1180,"Wild boar","PIG",1,"slope",0.17509796922205,0.657990601337764,1.19136293612275
1181,"Wild boar","PIG",1,"slope",0.180559552577441,0.655341983899616,1.19788745705311
1182,"Wild boar","PIG",1,"slope",0.199034356505082,0.664131836854122,1.22022390441214
1183,"Wild boar","PIG",1,"slope",0.192103558304975,0.662343262577724,1.21179601332536
1184,"Wild boar","PIG",1,"slope",0.187478211832905,0.685496397359201,1.20620397253477
1185,"Wild boar","PIG",1,"slope",0.185437879829474,0.689677153724607,1.20374550181744
1186,"Wild boar","PIG",1,"slope",0.186943573177004,0.697065196230736,1.20555926665319
1187,"Wild boar","PIG",1,"slope",0.190569049603545,0.707670607934401,1.20993792699217
1188,"Wild boar","PIG",1,"slope",0.188006825545618,0.744826205158817,1.20684183052134
1189,"Wild boar","PIG",1,"slope",0.187220300206715,0.756859593019247,1.20589291605233
1190,"Wild boar","PIG",1,"slope",0.202087703240891,0.78449088481144,1.22395539241232
1191,"Wild boar","PIG",1,"slope",0.173453815754553,0.836644639607447,1.18940575744725
1192,"Wild boar","PIG",1,"slope",-0.175224349368439,0.786198135492457,0.839268750056625
1193,"Wild boar","PIG",1,"slope",-0.193869315586067,0.728475537919145,0.823765554520181
1194,"Wild boar","PIG",1,"slope",-0.188716238966317,0.711681412969652,0.828021441788486
1195,"Wild boar","PIG",1,"slope",-0.184441424889888,0.676948533019111,0.831568647710316
1196,"Wild boar","PIG",1,"slope",-0.198813748472021,0.66293632320147,0.819702550454884
1197,"Wild boar","PIG",1,"slope",-0.189562225892402,0.649739091309045,0.82732123449625
1198,"Wild boar","PIG",1,"slope",-0.200224450178128,0.63434382373664,0.818547019858767
1199,"Wild boar","PIG",1,"slope",-0.216620290863357,0.622167737053804,0.805235667973774
1200,"Wild boar","PIG",1,"slope",-0.215452404924409,0.605265770925921,0.806176640779162
1201,"Wild boar","PIG",1,"slope",-0.221813785443232,0.603000277119281,0.80106452103445
1202,"Wild boar","PIG",1,"slope",-0.240044048689003,0.597279365118949,0.786593237532437
1203,"Wild boar","PIG",1,"slope",-0.373392237835547,0.537330678709395,0.68839518039373
1204,"Wild boar","PIG",1,"slope",-0.245054607954241,0.580649955297704,0.782661797875621
1205,"Wild boar","PIG",1,"slope",-0.210689020734119,0.584595451816609,0.810025932927619
1206,"Wild boar","PIG",1,"slope",-0.162792707404304,0.589435038768453,0.849767325436584
1207,"Wild boar","PIG",1,"slope",-0.150732363689974,0.577842769167116,0.86007796384672
1208,"Wild boar","PIG",1,"slope",-0.142807287103681,0.55932114242936,0.866921121586914
1209,"Wild boar","PIG",1,"slope",-0.146120336670943,0.527039060131353,0.864053719694601
1210,"Wild boar","PIG",1,"slope",-0.104291013097727,0.533812399776874,0.900963074164007
1211,"Wild boar","PIG",1,"slope",-0.0568649759442635,0.557115783113215,0.944721621057976
1212,"Wild boar","PIG",1,"slope",-0.0169554441118407,0.563425116167477,0.983187496307662
1213,"Wild boar","PIG",1,"slope",0.0309732470256849,0.576016552765567,1.03145790949631
1214,"Wild boar","PIG",1,"slope",0.0402001360487803,0.573150069386063,1.0410191222277
1215,"Wild boar","PIG",1,"slope",0.0580779735877723,0.591226109183201,1.05979764164471
1216,"Wild boar","PIG",1,"slope",0.0877936509085628,0.580262876364593,1.09176281461424
1217,"Wild boar","PIG",1,"slope",0.100138840462092,0.597216988455778,1.10532439812572
1218,"Wild boar","PIG",1,"slope",0.122023865066812,0.60530799893532,1.12978109536288
1219,"Wild boar","PIG",1,"slope",0.13410552197394,0.606268810821296,1.1435135155438
1220,"Wild boar","PIG",1,"slope",0.160564828878961,0.610679347902086,1.17417391687463
1221,"Wild boar","PIG",1,"slope",0.158855827156373,0.629405792981367,1.17216894777861
1222,"Wild boar","PIG",1,"slope",0.174333966992941,0.623639875283211,1.19045307166794
1223,"Wild boar","PIG",1,"slope",0.179040816876109,0.630050666027443,1.19606956351407
1224,"Wild boar","PIG",1,"slope",0.188101575049235,0.640798799387823,1.20695620551835
1225,"Wild boar","PIG",1,"slope",0.183471917935848,0.640187099489625,1.20138124265983
1226,"Wild boar","PIG",1,"slope",0.188806567407876,0.6421436594129,1.20780730058968
1227,"Wild boar","PIG",1,"slope",0.203715500318762,0.661199495654536,1.22594932801318
1228,"Wild boar","PIG",1,"slope",0.206890982771033,0.677368726545517,1.2298485154936
1229,"Wild boar","PIG",1,"slope",0.189219762066499,0.669156645711242,1.20830647716441
1230,"Wild boar","PIG",1,"slope",0.210039320969364,0.685145547975613,1.23372657034874
1231,"Wild boar","PIG",1,"slope",0.19573009925929,0.702442042034386,1.21619861013103
1232,"Wild boar","PIG",1,"slope",0.217893955723747,0.711393121406617,1.24345520137674
1233,"Wild boar","PIG",1,"slope",0.196809968131319,0.730662151238112,1.2175126554242
1234,"Wild boar","PIG",1,"slope",0.186356083729246,0.760893352816537,1.20485121267925
1235,"Wild boar","PIG",1,"slope",0.17253984880475,0.778491903976027,1.18831917433537
1236,"Wild boar","PIG",1,"slope",0.197939246649715,0.829864353805752,1.21888834019187
1237,"Wild boar","PIG",1,"slope",0.199611845358759,0.930272683235795,1.22092877468223
1238,"Wild boar","PIG",1,"slope",-0.182641633740469,0.917546770745414,0.833066660208085
1239,"Wild boar","PIG",1,"slope",-0.187048945883138,0.801911583315931,0.829403158747989
1240,"Wild boar","PIG",1,"slope",-0.173983506264901,0.736752386540213,0.840310759107044
1241,"Wild boar","PIG",1,"slope",-0.178703741342329,0.704553593778836,0.83635364349782
1242,"Wild boar","PIG",1,"slope",-0.180772493216801,0.692732438190297,0.834625222343514
1243,"Wild boar","PIG",1,"slope",-0.1772724844497,0.666558498772053,0.837551558931993
1244,"Wild boar","PIG",1,"slope",-0.179154162537334,0.647853690307172,0.835977013232835
1245,"Wild boar","PIG",1,"slope",-0.179511136699986,0.643307430019241,0.835678644640816
1246,"Wild boar","PIG",1,"slope",-0.195270013720802,0.626474773002403,0.822612511418571
1247,"Wild boar","PIG",1,"slope",-0.201489462150659,0.612493951987672,0.817512192412644
1248,"Wild boar","PIG",1,"slope",-0.208959711179483,0.603426732422421,0.811427926828485
1249,"Wild boar","PIG",1,"slope",-0.220227926489378,0.596672974026729,0.802335923961839
1250,"Wild boar","PIG",1,"slope",-0.231613653279264,0.584810430417263,0.793252553544622
1251,"Wild boar","PIG",1,"slope",-0.22322707243306,0.58087308924481,0.79993318592127
1252,"Wild boar","PIG",1,"slope",-0.190080204521233,0.585989487984005,0.826892830174143
1253,"Wild boar","PIG",1,"slope",-0.150689193927824,0.587399035612408,0.860115021631334
1254,"Wild boar","PIG",1,"slope",-0.121574759207901,0.584028388974111,0.885524850174265
1255,"Wild boar","PIG",1,"slope",-0.104617076593075,0.565731305803337,0.900669345139444
1256,"Wild boar","PIG",1,"slope",-0.103029270754561,0.560868508833356,0.902100611588187
1257,"Wild boar","PIG",1,"slope",-0.0683647781299505,0.565805589253976,0.933919751191759
1258,"Wild boar","PIG",1,"slope",-0.0310827554651016,0.570589782125509,0.969395390670838
1259,"Wild boar","PIG",1,"slope",-0.00744457224251045,0.580023696755345,0.992583070341224
1260,"Wild boar","PIG",1,"slope",0.020853111945976,0.581826724822222,1.02107206724407
1261,"Wild boar","PIG",1,"slope",0.0576823513047463,0.582507535419055,1.05937843436139
1262,"Wild boar","PIG",1,"slope",0.0784579556836162,0.578219405471139,1.08161788322183
1263,"Wild boar","PIG",1,"slope",0.107570867038232,0.602045948394627,1.11356977465571
1264,"Wild boar","PIG",1,"slope",0.123624307902347,0.592266951393918,1.13159066172463
1265,"Wild boar","PIG",1,"slope",0.15338139081273,0.598915621632499,1.1657695120604
1266,"Wild boar","PIG",1,"slope",0.163814526352612,0.597940816054958,1.17799581937072
1267,"Wild boar","PIG",1,"slope",0.18057632657383,0.606198794987452,1.19790755034418
1268,"Wild boar","PIG",1,"slope",0.179295828566723,0.607401711231375,1.19637463899293
1269,"Wild boar","PIG",1,"slope",0.189099859597715,0.620243507951775,1.20816163274991
1270,"Wild boar","PIG",1,"slope",0.186884383908233,0.62516886223832,1.20548790762626
1271,"Wild boar","PIG",1,"slope",0.206233880316018,0.635864724325644,1.22904062024855
1272,"Wild boar","PIG",1,"slope",0.209903375347872,0.645953671640541,1.23355886387378
1273,"Wild boar","PIG",1,"slope",0.201665189713189,0.648316708677793,1.22343833052247
1274,"Wild boar","PIG",1,"slope",0.229013184753916,0.65295669926653,1.25735862201456
1275,"Wild boar","PIG",1,"slope",0.206871288523443,0.659728037375109,1.22982428556883
1276,"Wild boar","PIG",1,"slope",0.210932233192559,0.67421549109918,1.2348286718397
1277,"Wild boar","PIG",1,"slope",0.204579126881051,0.688359041058544,1.22700854458457
1278,"Wild boar","PIG",1,"slope",0.210996085703716,0.694751760282405,1.23490759078351
1279,"Wild boar","PIG",1,"slope",0.217597530001128,0.706896632116738,1.24308669609424
1280,"Wild boar","PIG",1,"slope",0.224419382349383,0.726984900104565,1.25159580786339
1281,"Wild boar","PIG",1,"slope",0.209768840582563,0.744230214741951,1.23339294749956
1282,"Wild boar","PIG",1,"slope",0.215508946129813,0.777942309803245,1.24049308214817
1283,"Wild boar","PIG",1,"slope",0.206935636568467,0.801823722209569,1.22990340843027
1284,"Wild boar","PIG",1,"slope",0.205914921460866,0.892996664964877,1.22864890930423
1285,"Wild boar","PIG",1,"slope",-0.165054196291115,0.930070973559295,0.8478480380895
1286,"Wild boar","PIG",1,"slope",-0.172416446666642,0.812818053609903,0.841628620497119
1287,"Wild boar","PIG",1,"slope",-0.153143478571356,0.75400030296205,0.858006607514176
1288,"Wild boar","PIG",1,"slope",-0.152481893871269,0.709819816308401,0.85857451106689
1289,"Wild boar","PIG",1,"slope",-0.168357574126041,0.69670659499438,0.845051619890306
1290,"Wild boar","PIG",1,"slope",-0.170599383400709,0.672500478831125,0.843159295393809
1291,"Wild boar","PIG",1,"slope",-0.167624877021418,0.660070635047489,0.845671014678879
1292,"Wild boar","PIG",1,"slope",-0.155273452607323,0.643680831203576,0.856181040879286
1293,"Wild boar","PIG",1,"slope",-0.168797748490974,0.636017237367739,0.844679724558163
1294,"Wild boar","PIG",1,"slope",-0.167313833586678,0.623031738934247,0.845934090974049
1295,"Wild boar","PIG",1,"slope",-0.172196324668532,0.613411471779449,0.841813893165922
1296,"Wild boar","PIG",1,"slope",-0.180020014087001,0.603031411961622,0.835253498890251
1297,"Wild boar","PIG",1,"slope",-0.163278648794386,0.608016738599837,0.849354483849934
1298,"Wild boar","PIG",1,"slope",-0.162333278139952,0.579786837621059,0.850157829642046
1299,"Wild boar","PIG",1,"slope",-0.140631301957674,0.581630418758416,0.868809584078297
1300,"Wild boar","PIG",1,"slope",-0.114710400697725,0.584280228955578,0.891624320412037
1301,"Wild boar","PIG",1,"slope",-0.0838584210968533,0.576102293826487,0.91956143820239
1302,"Wild boar","PIG",1,"slope",-0.0806795666121889,0.569641846064189,0.92248925036736
1303,"Wild boar","PIG",1,"slope",-0.0648491421463303,0.56987739808943,0.937208852418326
1304,"Wild boar","PIG",1,"slope",-0.0327659522353571,0.57339263602158,0.967765036738515
1305,"Wild boar","PIG",1,"slope",-0.0115485221398279,0.562669602758297,0.988517908203665
1306,"Wild boar","PIG",1,"slope",0.0129701652772271,0.576251410266451,1.01305464421682
1307,"Wild boar","PIG",1,"slope",0.0308277509738916,0.583113054600016,1.03130784990767
1308,"Wild boar","PIG",1,"slope",0.0683697044294016,0.580445188448936,1.0707611074032
1309,"Wild boar","PIG",1,"slope",0.100903811707027,0.587498126582055,1.10617024301794
1310,"Wild boar","PIG",1,"slope",0.127374197234179,0.577306529956005,1.13584200357214
1311,"Wild boar","PIG",1,"slope",0.141738968265897,0.583218960063898,1.15227584254435
1312,"Wild boar","PIG",1,"slope",0.171229697060957,0.589820021291622,1.18676333952438
1313,"Wild boar","PIG",1,"slope",0.217172892943441,0.596880627340335,1.24255891734896
1314,"Wild boar","PIG",1,"slope",0.20500623142134,0.59924558794525,1.22753271422197
1315,"Wild boar","PIG",1,"slope",0.220964387397863,0.605007094010781,1.24727902268952
1316,"Wild boar","PIG",1,"slope",0.215540423546944,0.607405388062119,1.24053212923755
1317,"Wild boar","PIG",1,"slope",0.21831039722417,0.622792013058113,1.24397313396675
1318,"Wild boar","PIG",1,"slope",0.228115013445539,0.629671264753214,1.25622980054129
1319,"Wild boar","PIG",1,"slope",0.209990007719953,0.632376138722549,1.23366573325774
1320,"Wild boar","PIG",1,"slope",0.210707718226492,0.652112545307542,1.23455150077488
1321,"Wild boar","PIG",1,"slope",0.227864879324256,0.64923082096851,1.25591561875318
1322,"Wild boar","PIG",1,"slope",0.234303351130012,0.657774344377076,1.26402788862227
1323,"Wild boar","PIG",1,"slope",0.234124185504084,0.666629862424339,1.26380143324948
1324,"Wild boar","PIG",1,"slope",0.217077184032779,0.684928498070047,1.24243999521725
1325,"Wild boar","PIG",1,"slope",0.226695460663922,0.695983381580924,1.25444778687079
1326,"Wild boar","PIG",1,"slope",0.209327404261112,0.708211973796663,1.23284859295037
1327,"Wild boar","PIG",1,"slope",0.223780149012872,0.727777608454383,1.25079600101178
1328,"Wild boar","PIG",1,"slope",0.2239274533192,0.74931235274621,1.25098026647655
1329,"Wild boar","PIG",1,"slope",0.231789366163378,0.772015431993236,1.26085412251348
1330,"Wild boar","PIG",1,"slope",0.223751374026768,0.794262477598087,1.25076000943931
1331,"Wild boar","PIG",1,"slope",0.193354346353269,0.896051226874697,1.21331267184045
1332,"Wild boar","PIG",1,"slope",-0.156182068940988,0.864991649872176,0.855403442384922
1333,"Wild boar","PIG",1,"slope",-0.140120628055117,0.763990040478975,0.869253375601824
1334,"Wild boar","PIG",1,"slope",-0.15112757174296,0.714544612039916,0.859738014138168
1335,"Wild boar","PIG",1,"slope",-0.138580106160157,0.696773944654966,0.870593514038901
1336,"Wild boar","PIG",1,"slope",-0.150713610518326,0.675787388121219,0.860093985819552
1337,"Wild boar","PIG",1,"slope",-0.149148850647777,0.652900123183241,0.861440879675563
1338,"Wild boar","PIG",1,"slope",-0.155419636601263,0.642660208688381,0.856055870768612
1339,"Wild boar","PIG",1,"slope",-0.13033440252446,0.642084360488731,0.877801886852915
1340,"Wild boar","PIG",1,"slope",-0.142558015545938,0.629607665188253,0.867137251382539
1341,"Wild boar","PIG",1,"slope",-0.145064812165042,0.614988877083831,0.864966241203071
1342,"Wild boar","PIG",1,"slope",-0.127219083520973,0.602594043822371,0.880540744296785
1343,"Wild boar","PIG",1,"slope",-0.122041768471583,0.604301721877033,0.885111480335133
1344,"Wild boar","PIG",1,"slope",-0.129008960071643,0.605001680141565,0.87896608997907
1345,"Wild boar","PIG",1,"slope",-0.0951609371972781,0.592193625099038,0.90922659970142
1346,"Wild boar","PIG",1,"slope",-0.0843473267945064,0.584435717798956,0.91911197200084
1347,"Wild boar","PIG",1,"slope",-0.0646032570730823,0.584080061926954,0.937439312194602
1348,"Wild boar","PIG",1,"slope",-0.0465205065886896,0.57725014894885,0.954545005504958
1349,"Wild boar","PIG",1,"slope",-0.0388259074947734,0.575504087029243,0.961918157326133
1350,"Wild boar","PIG",1,"slope",-0.0183159592257456,0.571316770182252,0.981850758538627
1351,"Wild boar","PIG",1,"slope",0.000729355864723068,0.570825122664944,1.00072965202287
1352,"Wild boar","PIG",1,"slope",0.0413351645096189,0.575635859411108,1.04220135622864
1353,"Wild boar","PIG",1,"slope",0.0608152614301534,0.574126198519045,1.06270258029156
1354,"Wild boar","PIG",1,"slope",0.089333939130335,0.57570533859111,1.09344575710283
1355,"Wild boar","PIG",1,"slope",0.109754946030694,0.580781020232429,1.11600455809099
1356,"Wild boar","PIG",1,"slope",0.150717745181342,0.576430893114424,1.16266861315812
1357,"Wild boar","PIG",1,"slope",0.178975199788968,0.586168643210458,1.19599108324371
1358,"Wild boar","PIG",1,"slope",0.209349276243048,0.585591518959439,1.23287564178012
1359,"Wild boar","PIG",1,"slope",0.223928298532041,0.586192349863445,1.25098132309915
1360,"Wild boar","PIG",1,"slope",0.227922783740445,0.596945216655163,1.25598834637721
1361,"Wild boar","PIG",1,"slope",0.230388126770093,0.601202517225975,1.25908860560402
1362,"Wild boar","PIG",1,"slope",0.231236157951863,0.614207936728342,1.26015680582584
1363,"Wild boar","PIG",1,"slope",0.231439513591493,0.617224235154372,1.26041309872846
1364,"Wild boar","PIG",1,"slope",0.2281019229305,0.620135941543339,1.25621335662789
1365,"Wild boar","PIG",1,"slope",0.240537741365042,0.631917273559252,1.27193298663127
1366,"Wild boar","PIG",1,"slope",0.231420593718882,0.644707280086054,1.26038924004204
1367,"Wild boar","PIG",1,"slope",0.243641259239606,0.640535374174199,1.27588654804099
1368,"Wild boar","PIG",1,"slope",0.257293360498489,0.656515383252382,1.29342452784031
1369,"Wild boar","PIG",1,"slope",0.247901637202841,0.66195331645341,1.28133389745837
1370,"Wild boar","PIG",1,"slope",0.234281497096316,0.673090232763535,1.26400025453688
1371,"Wild boar","PIG",1,"slope",0.242408920237766,0.698187922652289,1.27431517962301
1372,"Wild boar","PIG",1,"slope",0.232822492780613,0.709194253312304,1.26215742199517
1373,"Wild boar","PIG",1,"slope",0.23192072761039,0.719965635098815,1.26101981414889
1374,"Wild boar","PIG",1,"slope",0.223511724531674,0.753213469144516,1.25046031143289
1375,"Wild boar","PIG",1,"slope",0.212368700499435,0.773208788852476,1.23660374024076
1376,"Wild boar","PIG",1,"slope",0.205803877427145,0.799477308687492,1.22851225115858
1377,"Wild boar","PIG",1,"slope",0.20069122463851,0.901596501898132,1.222247358862
1378,"Wild boar","PIG",1,"slope",-0.134813608644076,0.788578512368628,0.873879156745375
1379,"Wild boar","PIG",1,"slope",-0.122872313208068,0.726225401373548,0.884376590535751
1380,"Wild boar","PIG",1,"slope",-0.118355421471737,0.688625657745389,0.888380497385106
1381,"Wild boar","PIG",1,"slope",-0.119813127605965,0.674650835206197,0.887086244795505
1382,"Wild boar","PIG",1,"slope",-0.117269181172372,0.665508068919237,0.889345769961105
1383,"Wild boar","PIG",1,"slope",-0.122924196184077,0.641492390720707,0.884330723400262
1384,"Wild boar","PIG",1,"slope",-0.12240897849295,0.642324877962736,0.884786437516077
1385,"Wild boar","PIG",1,"slope",-0.115293767000906,0.641624889228289,0.891104348200905
1386,"Wild boar","PIG",1,"slope",-0.119928989340765,0.623972549688938,0.886983433314894
1387,"Wild boar","PIG",1,"slope",-0.12295459323243,0.610814395812265,0.884303816608036
1388,"Wild boar","PIG",1,"slope",-0.0958228875789214,0.602118959872414,0.908624941370738
1389,"Wild boar","PIG",1,"slope",-0.0897870147523189,0.601055863002926,0.914125861743825
1390,"Wild boar","PIG",1,"slope",-0.0774037363239967,0.595235734819663,0.925516119032013
1391,"Wild boar","PIG",1,"slope",-0.0493588415605321,0.580800116310248,0.951839510500775
1392,"Wild boar","PIG",1,"slope",-0.0481812576942339,0.592501443160557,0.952961087121053
1393,"Wild boar","PIG",1,"slope",-0.0323027266009911,0.575180677605829,0.968213442765679
1394,"Wild boar","PIG",1,"slope",-0.00023180281829179,0.581252478414062,0.999768229300105
1395,"Wild boar","PIG",1,"slope",-0.0096479273745123,0.568370590201525,0.990398468032698
1396,"Wild boar","PIG",1,"slope",0.00140409067903169,0.574980100245938,1.00140508762956
1397,"Wild boar","PIG",1,"slope",0.0414854153558762,0.562120682073428,1.04235796567221
1398,"Wild boar","PIG",1,"slope",0.0673058850646458,0.585911138440422,1.06962261309769
1399,"Wild boar","PIG",1,"slope",0.0944756600495513,0.570884241763263,1.09908241140803
1400,"Wild boar","PIG",1,"slope",0.138779616930836,0.57217027276527,1.14887088081392
1401,"Wild boar","PIG",1,"slope",0.170940143417476,0.572162254619973,1.18641973470557
1402,"Wild boar","PIG",1,"slope",0.215241703732632,0.578455976538566,1.24016161292513
1403,"Wild boar","PIG",1,"slope",0.249540607048083,0.576114488808563,1.28343569488387
1404,"Wild boar","PIG",1,"slope",0.25420863453112,0.579061358077334,1.28944080100141
1405,"Wild boar","PIG",1,"slope",0.255359488704633,0.582731386430166,1.29092576616226
1406,"Wild boar","PIG",1,"slope",0.249302875507654,0.592837702677903,1.28313060442437
1407,"Wild boar","PIG",1,"slope",0.255906782260575,0.609994308508711,1.29163232669724
1408,"Wild boar","PIG",1,"slope",0.254289281530268,0.61404389617794,1.28954479323477
1409,"Wild boar","PIG",1,"slope",0.247136500077739,0.612348301554248,1.28035386978452
1410,"Wild boar","PIG",1,"slope",0.237001637116832,0.636406021910111,1.26744322840494
1411,"Wild boar","PIG",1,"slope",0.245100853361235,0.639899690282114,1.277750172645
1412,"Wild boar","PIG",1,"slope",0.25518568585371,0.651677941287858,1.29070126374533
1413,"Wild boar","PIG",1,"slope",0.25319602552809,0.656464396596085,1.28813577165592
1414,"Wild boar","PIG",1,"slope",0.246678644875634,0.661603085873797,1.27976778776924
1415,"Wild boar","PIG",1,"slope",0.263538468578939,0.66759113968449,1.3015273829765
1416,"Wild boar","PIG",1,"slope",0.256670473308284,0.688228432354864,1.2926191046851
1417,"Wild boar","PIG",1,"slope",0.244179752291805,0.706371798011648,1.27657378043843
1418,"Wild boar","PIG",1,"slope",0.242848943454704,0.718921052360186,1.27487607850535
1419,"Wild boar","PIG",1,"slope",0.234877636254483,0.744959023167404,1.26475401733275
1420,"Wild boar","PIG",1,"slope",0.222904256083021,0.770535450429586,1.2497009341151
1421,"Wild boar","PIG",1,"slope",0.214649348342202,0.818833255959382,1.23942740374175
1422,"Wild boar","PIG",1,"slope",0.217376425978502,0.926446606284747,1.2428118686768
1423,"Wild boar","PIG",1,"slope",-0.119689235691371,0.824683102927703,0.887196113056958
1424,"Wild boar","PIG",1,"slope",-0.10989828273139,0.739961004361572,0.895925261867023
1425,"Wild boar","PIG",1,"slope",-0.0991761317555583,0.696975730234746,0.905583197757671
1426,"Wild boar","PIG",1,"slope",-0.107166907529557,0.676451995485261,0.898375715000926
1427,"Wild boar","PIG",1,"slope",-0.10117849597658,0.668591594473293,0.903771701303094
1428,"Wild boar","PIG",1,"slope",-0.0974324606569036,0.654779851065383,0.907163610131138
1429,"Wild boar","PIG",1,"slope",-0.0956682177546326,0.650964027041503,0.908765512320214
1430,"Wild boar","PIG",1,"slope",-0.084866544965311,0.64028016426502,0.918634878565918
1431,"Wild boar","PIG",1,"slope",-0.0970707108337477,0.619782202620217,0.907491843262693
1432,"Wild boar","PIG",1,"slope",-0.0848507158197927,0.61412403552378,0.918649419884518
1433,"Wild boar","PIG",1,"slope",-0.0743094865846429,0.606667975350178,0.928384328240911
1434,"Wild boar","PIG",1,"slope",-0.0591270828007577,0.600799621190333,0.94258698446582
1435,"Wild boar","PIG",1,"slope",-0.0410870391025534,0.599955681336566,0.959745603306229
1436,"Wild boar","PIG",1,"slope",-0.0340574486960028,0.590397044934587,0.966515983875425
1437,"Wild boar","PIG",1,"slope",-0.013124356900725,0.583080599415366,0.986961392097967
1438,"Wild boar","PIG",1,"slope",-0.00543971125021824,0.579965318919678,0.994575077708472
1439,"Wild boar","PIG",1,"slope",0.00857738279344567,0.566863581891165,1.00861427405873
1440,"Wild boar","PIG",1,"slope",0.011330268469025,0.564966782333983,1.01139470426435
1441,"Wild boar","PIG",1,"slope",0.0116293085129082,0.555047018998883,1.01169719503829
1442,"Wild boar","PIG",1,"slope",0.0446028529440046,0.561082993292614,1.04561253313019
1443,"Wild boar","PIG",1,"slope",0.0774634298111411,0.561307574293571,1.08054271936075
1444,"Wild boar","PIG",1,"slope",0.119933111797383,0.575340251600923,1.12742144016483
1445,"Wild boar","PIG",1,"slope",0.149327461545862,0.572248482732678,1.1610531365682
1446,"Wild boar","PIG",1,"slope",0.194428138559546,0.568056802162847,1.21461619599649
1447,"Wild boar","PIG",1,"slope",0.240439136675057,0.563965901075001,1.27180753178283
1448,"Wild boar","PIG",1,"slope",0.294905444614921,0.564730412995557,1.34299936486956
1449,"Wild boar","PIG",1,"slope",0.317097479400356,0.560854419604958,1.37313641881426
1450,"Wild boar","PIG",1,"slope",0.283231119894986,0.569587838935859,1.32741205697822
1451,"Wild boar","PIG",1,"slope",0.288653382459656,0.591973559483317,1.33462904253968
1452,"Wild boar","PIG",1,"slope",0.267171311119957,0.591832660767923,1.30626422631824
1453,"Wild boar","PIG",1,"slope",0.26558968040003,0.608179808559163,1.30419982610675
1454,"Wild boar","PIG",1,"slope",0.267268620659579,0.620653786820947,1.30639132955073
1455,"Wild boar","PIG",1,"slope",0.262592752247063,0.622120607836254,1.30029706955088
1456,"Wild boar","PIG",1,"slope",0.269034161475735,0.627565033674319,1.30869986465291
1457,"Wild boar","PIG",1,"slope",0.252496011576464,0.640093921792755,1.28723436287505
1458,"Wild boar","PIG",1,"slope",0.249388995510624,0.65482484194163,1.28324111418622
1459,"Wild boar","PIG",1,"slope",0.259698324701885,0.661587251892648,1.29653890769879
1460,"Wild boar","PIG",1,"slope",0.258347216898978,0.672679708194898,1.29478831704487
1461,"Wild boar","PIG",1,"slope",0.25655550182888,0.686064118599808,1.29247050264443
1462,"Wild boar","PIG",1,"slope",0.247306635247109,0.708269604527493,1.28057172102419
1463,"Wild boar","PIG",1,"slope",0.232645404574078,0.727591981533457,1.26193392402867
1464,"Wild boar","PIG",1,"slope",0.246844655567724,0.74440904005449,1.2799802604628
1465,"Wild boar","PIG",1,"slope",0.229221517505044,0.771829974694717,1.25762059346848
1466,"Wild boar","PIG",1,"slope",0.224577875110137,0.82434179091549,1.25179422146452
1467,"Wild boar","PIG",1,"slope",-0.102156309354613,0.84514497545114,0.90288841320809
1468,"Wild boar","PIG",1,"slope",-0.0950958803199771,0.747397909559309,0.909285747775946
1469,"Wild boar","PIG",1,"slope",-0.108637110941039,0.715533642870852,0.897055890207271
1470,"Wild boar","PIG",1,"slope",-0.0829707043445541,0.681520512879978,0.920378122988767
1471,"Wild boar","PIG",1,"slope",-0.0760136708814682,0.671904865770878,0.926803656251054
1472,"Wild boar","PIG",1,"slope",-0.0860996831360461,0.654783777386661,0.917502767850363
1473,"Wild boar","PIG",1,"slope",-0.0832547230558273,0.639837122208785,0.920116754494691
1474,"Wild boar","PIG",1,"slope",-0.0770146792995095,0.634535039207913,0.925876264230638
1475,"Wild boar","PIG",1,"slope",-0.0676878664929425,0.622615558147746,0.934552162535645
1476,"Wild boar","PIG",1,"slope",-0.0559213887696299,0.616571407624741,0.945613476637413
1477,"Wild boar","PIG",1,"slope",-0.0566454952778726,0.602769283442071,0.944929014485396
1478,"Wild boar","PIG",1,"slope",-0.0221641649759158,0.609790094818912,0.97807965560747
1479,"Wild boar","PIG",1,"slope",-0.0107077855698487,0.593648531683784,0.989349340594517
1480,"Wild boar","PIG",1,"slope",-0.00617135557644446,0.592405114206906,0.993847651908314
1481,"Wild boar","PIG",1,"slope",0.0161455479794686,0.571784901109333,1.01627659546871
1482,"Wild boar","PIG",1,"slope",0.0304318606500681,0.577401492587234,1.03089964293613
1483,"Wild boar","PIG",1,"slope",0.0343831518861307,0.56982532376378,1.03498109593968
1484,"Wild boar","PIG",1,"slope",0.0299723352258149,0.55756029312344,1.03042602726106
1485,"Wild boar","PIG",1,"slope",-0.00769821156172249,0.495559175861697,0.992331395291835
1486,"Wild boar","PIG",1,"slope",0.0237980276545057,0.521015054827386,1.02408355313798
1487,"Wild boar","PIG",1,"slope",0.109343294281551,0.560152639689191,1.1155452463974
1488,"Wild boar","PIG",1,"slope",0.137740161023417,0.565514323028416,1.14767733657242
1489,"Wild boar","PIG",1,"slope",0.178065112987448,0.564755497594183,1.19490317707196
1490,"Wild boar","PIG",1,"slope",0.21635665456293,0.566928655800041,1.24154510546951
1491,"Wild boar","PIG",1,"slope",0.281094704148194,0.556465475726488,1.3245791351057
1492,"Wild boar","PIG",1,"slope",0.39439874062805,0.527441979699392,1.48349196063494
1493,"Wild boar","PIG",1,"slope",0.427274274983828,0.527337750710865,1.53307309876553
1494,"Wild boar","PIG",1,"slope",0.337262186381305,0.565177482186906,1.40110636895287
1495,"Wild boar","PIG",1,"slope",0.288439888340513,0.577024507481912,1.33434413888754
1496,"Wild boar","PIG",1,"slope",0.286902821388636,0.594218773469081,1.33229475208252
1497,"Wild boar","PIG",1,"slope",0.279218813502789,0.601124248941786,1.32209660547955
1498,"Wild boar","PIG",1,"slope",0.273101425032312,0.617932618173963,1.31403351533269
1499,"Wild boar","PIG",1,"slope",0.269564928437131,0.618392327691408,1.30939464872661
1500,"Wild boar","PIG",1,"slope",0.266835876393483,0.634539498471368,1.30582612301996
1501,"Wild boar","PIG",1,"slope",0.262354790292618,0.651467385559809,1.29998768735819
1502,"Wild boar","PIG",1,"slope",0.251756066835285,0.653909866420383,1.28628223242496
1503,"Wild boar","PIG",1,"slope",0.273210623983581,0.671096398254495,1.31417701312551
1504,"Wild boar","PIG",1,"slope",0.262812070266094,0.660927856556929,1.30058228098565
1505,"Wild boar","PIG",1,"slope",0.251181703053755,0.706844034544783,1.28554372288804
1506,"Wild boar","PIG",1,"slope",0.262300137979017,0.715448007858997,1.29991664625428
1507,"Wild boar","PIG",1,"slope",0.251188194231034,0.725288908587522,1.28555227783156
1508,"Wild boar","PIG",1,"slope",0.250107602683559,0.761556506299453,1.28416360219276
1509,"Wild boar","PIG",1,"slope",0.249840400900994,0.783864290077723,1.28382050420558
1510,"Wild boar","PIG",1,"slope",0.241758748965145,0.876074047331865,1.27348692575668
1511,"Wild boar","PIG",1,"slope",-0.102071763320813,0.891813048318801,0.902964766734542
1512,"Wild boar","PIG",1,"slope",-0.0892182248583495,0.759670660852017,0.914646024963345
1513,"Wild boar","PIG",1,"slope",-0.0865987874397125,0.718335718133736,0.917044951810789
1514,"Wild boar","PIG",1,"slope",-0.074654013193317,0.691368892581428,0.928064538291784
1515,"Wild boar","PIG",1,"slope",-0.0828082703093988,0.663408593335502,0.92052762287914
1516,"Wild boar","PIG",1,"slope",-0.0677842034054916,0.656714282323767,0.934462117480355
1517,"Wild boar","PIG",1,"slope",-0.0528117406817799,0.648533375588641,0.948558659245605
1518,"Wild boar","PIG",1,"slope",-0.0540178101198565,0.632253524833256,0.947415239109348
1519,"Wild boar","PIG",1,"slope",-0.0489586458833936,0.626450670890134,0.952220507149647
1520,"Wild boar","PIG",1,"slope",-0.0328620304955497,0.617437159876046,0.967672059615285
1521,"Wild boar","PIG",1,"slope",-0.0268400303841392,0.6124323395303,0.973516991340576
1522,"Wild boar","PIG",1,"slope",-0.00806255408267015,0.603236508181186,0.991969861408669
1523,"Wild boar","PIG",1,"slope",0.0303782949658119,0.596901177601894,1.03084443460745
1524,"Wild boar","PIG",1,"slope",0.0381683848811938,0.592096338795782,1.03890617009382
1525,"Wild boar","PIG",1,"slope",0.0569660384514503,0.582618134878163,1.0586198589617
1526,"Wild boar","PIG",1,"slope",0.066843240206706,0.569024103554286,1.06912795434189
1527,"Wild boar","PIG",1,"slope",0.0643681706486637,0.568771172425205,1.06648508688107
1528,"Wild boar","PIG",1,"slope",0.0481196202000374,0.556864013699698,1.04929617257137
1529,"Wild boar","PIG",1,"slope",0.0742620060844293,0.551872314038553,1.07708897446779
1530,"Wild boar","PIG",1,"slope",0.093563310200955,0.548082490433609,1.09808012170605
1531,"Wild boar","PIG",1,"slope",0.123307544740849,0.557332285667471,1.13123227975248
1532,"Wild boar","PIG",1,"slope",0.154230185403915,0.568981569463756,1.16675955116538
1533,"Wild boar","PIG",1,"slope",0.187999766009207,0.566953250533476,1.20683323494706
1534,"Wild boar","PIG",1,"slope",0.210420685352228,0.561717904659822,1.23419716960693
1535,"Wild boar","PIG",1,"slope",0.276463532645063,0.547521097684131,1.31845887185755
1536,"Wild boar","PIG",1,"slope",0.376426639111301,0.540438755932642,1.45706864368838
1537,"Wild boar","PIG",1,"slope",0.421289593216639,0.527565215530608,1.52392562061899
1538,"Wild boar","PIG",1,"slope",0.331029549217432,0.559004179979781,1.39240094860115
1539,"Wild boar","PIG",1,"slope",0.30443964008,0.580582483086285,1.35586502268585
1540,"Wild boar","PIG",1,"slope",0.288555309822476,0.593371754087395,1.33449819101915
1541,"Wild boar","PIG",1,"slope",0.294927459506354,0.595812774997552,1.34302894631941
1542,"Wild boar","PIG",1,"slope",0.287394207382685,0.613684924467381,1.33294957047132
1543,"Wild boar","PIG",1,"slope",0.27619230595745,0.61800262905508,1.31810131890609
1544,"Wild boar","PIG",1,"slope",0.268804891287366,0.640645570658371,1.30839983627502
1545,"Wild boar","PIG",1,"slope",0.257796673990957,0.640312556525334,1.2940756830519
1546,"Wild boar","PIG",1,"slope",0.261076777078873,0.657202755030892,1.29832734358685
1547,"Wild boar","PIG",1,"slope",0.27434158813915,0.664959308603891,1.31566414288755
1548,"Wild boar","PIG",1,"slope",0.277547083553078,0.680703074902667,1.31988829697256
1549,"Wild boar","PIG",1,"slope",0.266680615744072,0.685972658248653,1.30562338627041
1550,"Wild boar","PIG",1,"slope",0.265721862622471,0.706491328059547,1.30437231784157
1551,"Wild boar","PIG",1,"slope",0.265447565990391,0.74229442305319,1.30401475470163
1552,"Wild boar","PIG",1,"slope",0.268053456406626,0.772939956826892,1.30741702815755
1553,"Wild boar","PIG",1,"slope",0.260989704043927,0.809165693665988,1.29821429976161
1554,"Wild boar","PIG",1,"slope",0.243333112998309,0.888725716344609,1.27549343954742
1555,"Wild boar","PIG",1,"slope",-0.0862108752505261,0.814819578768067,0.917400753721354
1556,"Wild boar","PIG",1,"slope",-0.0972969708581373,0.742817939636362,0.907286589321616
1557,"Wild boar","PIG",1,"slope",-0.0651954258682269,0.693182452528477,0.936884354540179
1558,"Wild boar","PIG",1,"slope",-0.0539408849642694,0.672996333448068,0.94748812138246
1559,"Wild boar","PIG",1,"slope",-0.0560353014759429,0.656178885751485,0.945505759288776
1560,"Wild boar","PIG",1,"slope",-0.0533670181192709,0.642787543798829,0.948032003700614
1561,"Wild boar","PIG",1,"slope",-0.0391118446823816,0.646649260592016,0.961643148701058
1562,"Wild boar","PIG",1,"slope",-0.0195959621197518,0.61711789011155,0.980594827482888
1563,"Wild boar","PIG",1,"slope",-0.00540181891756266,0.62151000129563,0.994612752845236
1564,"Wild boar","PIG",1,"slope",0.0155530966833706,0.600072199874182,1.01567470822004
1565,"Wild boar","PIG",1,"slope",0.0290906989769264,0.591898705510534,1.02951796790319
1566,"Wild boar","PIG",1,"slope",0.0478083407416021,0.596283951491567,1.04896959472272
1567,"Wild boar","PIG",1,"slope",0.0682330795859342,0.58657545458565,1.07061481787519
1568,"Wild boar","PIG",1,"slope",0.0821142687143041,0.588534878568244,1.08558003784258
1569,"Wild boar","PIG",1,"slope",0.104247143307612,0.570843705111998,1.10987474413845
1570,"Wild boar","PIG",1,"slope",0.117857956426176,0.574548107945878,1.12508428923705
1571,"Wild boar","PIG",1,"slope",0.126314825655509,0.571108699002001,1.13463932758944
1572,"Wild boar","PIG",1,"slope",0.136481010670663,0.561701768711681,1.14623311150672
1573,"Wild boar","PIG",1,"slope",0.149986274315396,0.567471916918067,1.16181830781631
1574,"Wild boar","PIG",1,"slope",0.157253554558323,0.558020944933471,1.17029231099071
1575,"Wild boar","PIG",1,"slope",0.183158364631725,0.575169140712337,1.20100461260122
1576,"Wild boar","PIG",1,"slope",0.178480589213385,0.56505625680026,1.19539968301641
1577,"Wild boar","PIG",1,"slope",0.196540175325819,0.568688223733465,1.21718429068909
1578,"Wild boar","PIG",1,"slope",0.243836848927669,0.550341872016497,1.27613611198688
1579,"Wild boar","PIG",1,"slope",0.278735704214631,0.552915414408424,1.32145804196919
1580,"Wild boar","PIG",1,"slope",0.305773099813569,0.555159979235783,1.35767421765647
1581,"Wild boar","PIG",1,"slope",0.306533319136318,0.571257796390274,1.35870674059855
1582,"Wild boar","PIG",1,"slope",0.277851323304445,0.574484599004233,1.32028989185443
1583,"Wild boar","PIG",1,"slope",0.286893213730686,0.583230963942537,1.33228194057111
1584,"Wild boar","PIG",1,"slope",0.288530595736928,0.595692398721051,1.33446519012739
1585,"Wild boar","PIG",1,"slope",0.28720785068897,0.610478640243749,1.33270128512508
1586,"Wild boar","PIG",1,"slope",0.297175978952329,0.624178590916433,1.34605218411919
1587,"Wild boar","PIG",1,"slope",0.287974124880104,0.637795674893398,1.33372284144659
1588,"Wild boar","PIG",1,"slope",0.292739789959989,0.645851311143959,1.34009420307996
1589,"Wild boar","PIG",1,"slope",0.282767888450073,0.654298383773722,1.3267971691195
1590,"Wild boar","PIG",1,"slope",0.28500493809684,0.670815936861635,1.32976868068829
1591,"Wild boar","PIG",1,"slope",0.287073556558548,0.678161443793041,1.33252222755993
1592,"Wild boar","PIG",1,"slope",0.267241614447973,0.701568669817539,1.30635607179603
1593,"Wild boar","PIG",1,"slope",0.2772106918659,0.722801708069737,1.31944441902298
1594,"Wild boar","PIG",1,"slope",0.265508660820979,0.744792041091838,1.3040941578976
1595,"Wild boar","PIG",1,"slope",0.260480888394707,0.785646349669116,1.2975540504098
1596,"Wild boar","PIG",1,"slope",0.264565725135769,0.836371349832908,1.30286563726302
1597,"Wild boar","PIG",1,"slope",0.248058468331419,0.920467774901573,1.28153486121527
1598,"Wild boar","PIG",1,"slope",0.250064002503256,1.03406737153122,1.28410760181815
1599,"Wild boar","PIG",1,"slope",-0.0554884908718651,0.762760788291631,0.946022931422007
1600,"Wild boar","PIG",1,"slope",-0.0418542119879311,0.693874944173463,0.959009608176474
1601,"Wild boar","PIG",1,"slope",-0.0359761712093699,0.666276402946382,0.964663288642363
1602,"Wild boar","PIG",1,"slope",-0.041552684451592,0.660011774556737,0.959298799602385
1603,"Wild boar","PIG",1,"slope",-0.0138172440376651,0.649896006647055,0.986277822858035
1604,"Wild boar","PIG",1,"slope",-0.0305035560560446,0.63551541540339,0.969956993770691
1605,"Wild boar","PIG",1,"slope",-0.00474836120139102,0.628810800515766,0.995262894962091
1606,"Wild boar","PIG",1,"slope",0.0189259078118774,0.61795989736717,1.01910614338597
1607,"Wild boar","PIG",1,"slope",0.0194366584817107,0.602755124996752,1.01962680063083
1608,"Wild boar","PIG",1,"slope",0.0524892223125035,0.591501516908642,1.05389120513251
1609,"Wild boar","PIG",1,"slope",0.0717740954193112,0.591915892484784,1.07441260726091
1610,"Wild boar","PIG",1,"slope",0.10523350786466,0.580705657931502,1.11097000030327
1611,"Wild boar","PIG",1,"slope",0.128560783214607,0.573796915659402,1.13719058142678
1612,"Wild boar","PIG",1,"slope",0.131556381352251,0.57152483347062,1.14060221632072
1613,"Wild boar","PIG",1,"slope",0.161685609517205,0.567035236967329,1.17549067342784
1614,"Wild boar","PIG",1,"slope",0.174638783880875,0.571646000392716,1.1908160130171
1615,"Wild boar","PIG",1,"slope",0.205276677640764,0.570277291786635,1.22786475211225
1616,"Wild boar","PIG",1,"slope",0.19972811387402,0.572258665636254,1.22107074361137
1617,"Wild boar","PIG",1,"slope",0.19203524654642,0.57292321292363,1.21171322526335
1618,"Wild boar","PIG",1,"slope",0.182959139067022,0.565468263208997,1.20076534269275
1619,"Wild boar","PIG",1,"slope",0.174815985622784,0.565742483011488,1.19102703036606
1620,"Wild boar","PIG",1,"slope",0.176916898416814,0.563590087478608,1.1935319083226
1621,"Wild boar","PIG",1,"slope",0.187885222740836,0.563322647628691,1.20669503444748
1622,"Wild boar","PIG",1,"slope",0.209773014732783,0.562518774854556,1.23339808213998
1623,"Wild boar","PIG",1,"slope",0.233944742361447,0.567962743183757,1.26357467397834
1624,"Wild boar","PIG",1,"slope",0.262741109050793,0.582034742143305,1.30048999072937
1625,"Wild boar","PIG",1,"slope",0.270692361432471,0.582441796786831,1.31087173564918
1626,"Wild boar","PIG",1,"slope",0.272559045757144,0.59196495737244,1.31332100374669
1627,"Wild boar","PIG",1,"slope",0.287432190057004,0.600563254140914,1.333000201035
1628,"Wild boar","PIG",1,"slope",0.301233917663701,0.615781611793966,1.35152545538475
1629,"Wild boar","PIG",1,"slope",0.297329781941956,0.619220236105269,1.34625921793363
1630,"Wild boar","PIG",1,"slope",0.302282854247241,0.631825243220677,1.35294392137616
1631,"Wild boar","PIG",1,"slope",0.284721355545628,0.641149959428036,1.32939155255
1632,"Wild boar","PIG",1,"slope",0.295018937100997,0.662086800178532,1.34315185609136
1633,"Wild boar","PIG",1,"slope",0.288358829530828,0.675052317460141,1.33423598230617
1634,"Wild boar","PIG",1,"slope",0.297627570253557,0.687859723402432,1.3466601581895
1635,"Wild boar","PIG",1,"slope",0.265775572457541,0.69372725430825,1.30444227306554
1636,"Wild boar","PIG",1,"slope",0.263789307468126,0.734820194203732,1.30185391144686
1637,"Wild boar","PIG",1,"slope",0.268811006717578,0.782626034998684,1.3084078787474
1638,"Wild boar","PIG",1,"slope",0.263538504246343,0.87105965216311,1.30152745797627
1639,"Wild boar","PIG",1,"slope",0.255570058190353,0.912060077723107,1.29119747491344
1640,"Wild boar","PIG",1,"slope",0.268067269840531,0.972637865102775,1.30743510297267
1641,"Wild boar","PIG",1,"slope",0.247563451371374,1.03962595460313,1.28090063629645
1642,"Wild boar","PIG",1,"slope",-0.0267898015226014,0.794246003984784,0.973565881101174
1643,"Wild boar","PIG",1,"slope",-0.0392339497722719,0.695391611245124,0.961525734133235
1644,"Wild boar","PIG",1,"slope",-0.0335165395695974,0.67134820920157,0.967038917075438
1645,"Wild boar","PIG",1,"slope",-0.016652823823163,0.658558149933428,0.983485077583228
1646,"Wild boar","PIG",1,"slope",-0.0102449538801853,0.642846531654408,0.989807347217785
1647,"Wild boar","PIG",1,"slope",0.00975057408005837,0.637668682010449,1.00979826698801
1648,"Wild boar","PIG",1,"slope",0.0171622273717522,0.624738272439151,1.0173103446939
1649,"Wild boar","PIG",1,"slope",0.0450376222346845,0.612733444305752,1.04606721610955
1650,"Wild boar","PIG",1,"slope",0.0566891461446681,0.599168357305532,1.05832678411262
1651,"Wild boar","PIG",1,"slope",0.0772383209954954,0.588408601064414,1.08029950547899
1652,"Wild boar","PIG",1,"slope",0.115550363929813,0.579852326440614,1.12249104754259
1653,"Wild boar","PIG",1,"slope",0.135495246385274,0.571842109695851,1.14510376265021
1654,"Wild boar","PIG",1,"slope",0.157824456120867,0.566510723273155,1.17096062451819
1655,"Wild boar","PIG",1,"slope",0.177452447979326,0.579484764049962,1.19417127329551
1656,"Wild boar","PIG",1,"slope",0.191136504858735,0.566465251590997,1.21062474018739
1657,"Wild boar","PIG",1,"slope",0.228985739011145,0.56234846457186,1.25732411321545
1658,"Wild boar","PIG",1,"slope",0.263690676577933,0.557361999565924,1.30172550096231
1659,"Wild boar","PIG",1,"slope",0.257098874578102,0.548355665094663,1.29317298267324
1660,"Wild boar","PIG",1,"slope",0.262203048904718,0.562859171306106,1.29979049725685
1661,"Wild boar","PIG",1,"slope",0.205333781553662,0.567714248244186,1.2279348589568
1662,"Wild boar","PIG",1,"slope",0.192167185649319,0.569513113216303,1.21187310895858
1663,"Wild boar","PIG",1,"slope",0.154930525617726,0.557088688351326,1.16757684883521
1664,"Wild boar","PIG",1,"slope",0.144513949405762,0.553603588558451,1.15547782049634
1665,"Wild boar","PIG",1,"slope",0.158608602710486,0.56529167130482,1.17187919380003
1666,"Wild boar","PIG",1,"slope",0.195487017221266,0.575326935582275,1.21590301146884
1667,"Wild boar","PIG",1,"slope",0.235984166521509,0.577029156918512,1.26615426238972
1668,"Wild boar","PIG",1,"slope",0.251068249254606,0.592428840247129,1.28539782274834
1669,"Wild boar","PIG",1,"slope",0.266098889218299,0.591838190599275,1.3048640913607
1670,"Wild boar","PIG",1,"slope",0.27427083996541,0.598937072368355,1.31557106797321
1671,"Wild boar","PIG",1,"slope",0.288357003749769,0.62128867469659,1.33423363465036
1672,"Wild boar","PIG",1,"slope",0.295906158458992,0.62474370905382,1.34434411981328
1673,"Wild boar","PIG",1,"slope",0.294768502900327,0.626360915159037,1.34281548140742
1674,"Wild boar","PIG",1,"slope",0.294138968699414,0.640444569795858,1.34197038441685
1675,"Wild boar","PIG",1,"slope",0.299348171282867,0.657109260691205,1.34897940228553
1676,"Wild boar","PIG",1,"slope",0.30695040991073,0.672469630903963,1.35927359396536
1677,"Wild boar","PIG",1,"slope",0.286295251547396,0.677481558032561,1.33148552254127
1678,"Wild boar","PIG",1,"slope",0.28979564455258,0.703478464082123,1.33615442009691
1679,"Wild boar","PIG",1,"slope",0.281397452217659,0.760069463978334,1.32498015056452
1680,"Wild boar","PIG",1,"slope",0.2491680663929,1.08394300615754,1.28295789904324
1681,"Wild boar","PIG",1,"slope",0.240590855221245,1.16899565193185,1.27200052048548
1682,"Wild boar","PIG",1,"slope",-0.0134841148758791,0.79782702217023,0.986606399033063
1683,"Wild boar","PIG",1,"slope",-0.0154800082199518,0.702905326136313,0.984639193430749
1684,"Wild boar","PIG",1,"slope",-0.00247599193533479,0.672168025475137,0.997527070816071
1685,"Wild boar","PIG",1,"slope",0.0019755633937197,0.658089926261346,1.00197751833704
1686,"Wild boar","PIG",1,"slope",0.0138694222140837,0.648575104563324,1.01396605735084
1687,"Wild boar","PIG",1,"slope",0.0217513857621987,0.627758959111548,1.02198967830122
1688,"Wild boar","PIG",1,"slope",0.0395528235200034,0.625552395328518,1.04034545275996
1689,"Wild boar","PIG",1,"slope",0.0580775531435308,0.608087041513114,1.05979718650542
1690,"Wild boar","PIG",1,"slope",0.0758033217412422,0.59325915330067,1.07875038905114
1691,"Wild boar","PIG",1,"slope",0.0912652368633428,0.580468257552482,1.09555955106499
1692,"Wild boar","PIG",1,"slope",0.125787659607111,0.576364195931664,1.13404137819203
1693,"Wild boar","PIG",1,"slope",0.198726052599163,0.555903468675197,1.21984778784572
1694,"Wild boar","PIG",1,"slope",0.186078255500173,0.567165503589583,1.20451652143069
1695,"Wild boar","PIG",1,"slope",0.20145409847511,0.576482671193969,1.22318009011399
1696,"Wild boar","PIG",1,"slope",0.241520472783803,0.564902048527499,1.27318352591239
1697,"Wild boar","PIG",1,"slope",0.29062433182866,0.552972046471624,1.33726212870551
1698,"Wild boar","PIG",1,"slope",0.385936996758907,0.530195095546595,1.47099207104247
1699,"Wild boar","PIG",1,"slope",0.362693305753094,0.552074599178084,1.43719503466963
1700,"Wild boar","PIG",1,"slope",0.269769999575911,0.564031462772471,1.30966319343353
1701,"Wild boar","PIG",1,"slope",0.233642159909916,0.567708746598652,1.26319239044844
1702,"Wild boar","PIG",1,"slope",0.178307358675205,0.568348393241767,1.19519261861115
1703,"Wild boar","PIG",1,"slope",0.137479358186358,0.55608903686213,1.14737802535713
1704,"Wild boar","PIG",1,"slope",0.0525275989138444,0.534567552658799,1.0539317651887
1705,"Wild boar","PIG",1,"slope",0.11236959730381,0.548603690929354,1.11892634437958
1706,"Wild boar","PIG",1,"slope",0.161322280884061,0.5715578797969,1.17506362439799
1707,"Wild boar","PIG",1,"slope",0.221645434599943,0.578221538073259,1.24812875954377
1708,"Wild boar","PIG",1,"slope",0.245531153457524,0.599854530651517,1.27830015155305
1709,"Wild boar","PIG",1,"slope",0.274294647130106,0.605531609177822,1.31560244843157
1710,"Wild boar","PIG",1,"slope",0.286754491312033,0.608658010021366,1.33209715574084
1711,"Wild boar","PIG",1,"slope",0.29634476626406,0.618525818545252,1.3449337659706
1712,"Wild boar","PIG",1,"slope",0.288980575145679,0.63298721540896,1.3350657978449
1713,"Wild boar","PIG",1,"slope",0.293687617356871,0.6324411170583,1.34136484968922
1714,"Wild boar","PIG",1,"slope",0.318686007742418,0.652755495079211,1.37531941751876
1715,"Wild boar","PIG",1,"slope",0.314575689042691,0.658835375292142,1.36967801880445
1716,"Wild boar","PIG",1,"slope",0.308086065838737,0.676336444954778,1.36081817554545
1717,"Wild boar","PIG",1,"slope",0.310307625728831,0.671717019273788,1.36384461609437
1718,"Wild boar","PIG",1,"slope",0.301093502217728,0.702397128755794,1.35133569374387
1719,"Wild boar","PIG",1,"slope",0.303488004162452,0.806310440320749,1.35457534158093
1720,"Wild boar","PIG",1,"slope",0.00861894990583163,0.772756309850232,1.00865620039365
1721,"Wild boar","PIG",1,"slope",0.0159518529876368,0.714004828498055,1.01607976323956
1722,"Wild boar","PIG",1,"slope",0.0298579512748648,0.679203803683101,1.03030816980485
1723,"Wild boar","PIG",1,"slope",0.0275250670840962,0.67171049459982,1.027907390667
1724,"Wild boar","PIG",1,"slope",0.0190546945934141,0.649593554872561,1.01923740627182
1725,"Wild boar","PIG",1,"slope",0.0371627598268802,0.629726513975995,1.03786192938405
1726,"Wild boar","PIG",1,"slope",0.0533816084350876,0.615176488933373,1.05483210118488
1727,"Wild boar","PIG",1,"slope",0.0693281649928786,0.612350167434716,1.07178787909115
1728,"Wild boar","PIG",1,"slope",0.0759150761588068,0.595763101553732,1.07887095298709
1729,"Wild boar","PIG",1,"slope",0.106153007739665,0.582328702140186,1.11199201181123
1730,"Wild boar","PIG",1,"slope",0.142487851892545,0.571233811213608,1.15313908286305
1731,"Wild boar","PIG",1,"slope",0.231977589240375,0.527532125515294,1.26109147528022
1732,"Wild boar","PIG",1,"slope",0.188764196218715,0.570079633162051,1.20775612799869
1733,"Wild boar","PIG",1,"slope",0.214422544079221,0.569547489844786,1.23914613946818
1734,"Wild boar","PIG",1,"slope",0.238117368396912,0.570945724310738,1.26885839714324
1735,"Wild boar","PIG",1,"slope",0.295660667502676,0.55024939978469,1.34401404713753
1736,"Wild boar","PIG",1,"slope",0.487212537111925,0.501704849948752,1.62777253812645
1737,"Wild boar","PIG",1,"slope",0.41297142224943,0.54636945263527,1.51130184454819
1738,"Wild boar","PIG",1,"slope",0.278019333592643,0.564317880340796,1.32051177259205
1739,"Wild boar","PIG",1,"slope",0.222860350999735,0.570842988385799,1.24964605099806
1740,"Wild boar","PIG",1,"slope",0.18232702451673,0.577179201460237,1.20000660318195
1741,"Wild boar","PIG",1,"slope",0.131917007514468,0.559549405630521,1.14101362110997
1742,"Wild boar","PIG",1,"slope",0.0278759761567313,0.525162203926764,1.02826814674664
1743,"Wild boar","PIG",1,"slope",0.078551153000081,0.537306114430052,1.08171868876691
1744,"Wild boar","PIG",1,"slope",0.162622243367587,0.569590727076285,1.17659215635017
1745,"Wild boar","PIG",1,"slope",0.198239816120283,0.595309931253657,1.21925478420472
1746,"Wild boar","PIG",1,"slope",0.240645849115628,0.594910078335,1.27207045085255
1747,"Wild boar","PIG",1,"slope",0.261956435005101,0.601887386227565,1.29946994361835
1748,"Wild boar","PIG",1,"slope",0.290760313722713,0.6158576502205,1.33744399489868
1749,"Wild boar","PIG",1,"slope",0.285837453854506,0.6243541863569,1.33087611020369
1750,"Wild boar","PIG",1,"slope",0.312792274265255,0.630415592652509,1.36723749331821
1751,"Wild boar","PIG",1,"slope",0.323743701871379,0.646852446341275,1.38229303677353
1752,"Wild boar","PIG",1,"slope",0.316348107852872,0.639885768476321,1.37210781400943
1753,"Wild boar","PIG",1,"slope",0.326515250565844,0.662012738946143,1.38612938890071
1754,"Wild boar","PIG",1,"slope",0.318806578021438,0.679881023752927,1.37548525033044
1755,"Wild boar","PIG",1,"slope",0.315893288700764,0.695302895832918,1.37148389670348
1756,"Wild boar","PIG",1,"slope",0.325409709108282,0.729431373501764,1.38459781796813
1757,"Wild boar","PIG",1,"slope",0.330925343435677,0.818770354590967,1.39225585002378
1758,"Wild boar","PIG",1,"slope",0.0471998632217942,0.895019966317752,1.04833151267104
1759,"Wild boar","PIG",1,"slope",0.0461786457280671,0.773237141466077,1.04726148378469
1760,"Wild boar","PIG",1,"slope",0.0324124789834881,0.728104895621601,1.03294351690604
1761,"Wild boar","PIG",1,"slope",0.0495084452112299,0.673642124673939,1.050754479024
1762,"Wild boar","PIG",1,"slope",0.045606441600245,0.669637080106957,1.04666241713476
1763,"Wild boar","PIG",1,"slope",0.0485143114343416,0.657023680159146,1.04971040076356
1764,"Wild boar","PIG",1,"slope",0.0570785651778572,0.636872303076796,1.05873899107186
1765,"Wild boar","PIG",1,"slope",0.0627477157213324,0.629559056013503,1.06475818554019
1766,"Wild boar","PIG",1,"slope",0.0740807076300919,0.615287336344816,1.07689371554988
1767,"Wild boar","PIG",1,"slope",0.0935851617830858,0.613402149691845,1.09810411996512
1768,"Wild boar","PIG",1,"slope",0.10638921260028,0.594433671298322,1.11225471108251
1769,"Wild boar","PIG",1,"slope",0.14441009506813,0.577218120459989,1.15535789584679
1770,"Wild boar","PIG",1,"slope",0.16276733995339,0.578012915648127,1.17676287948139
1771,"Wild boar","PIG",1,"slope",0.167439381010922,0.563054242370551,1.18227372337841
1772,"Wild boar","PIG",1,"slope",0.203456737548541,0.578755234356671,1.22563215883584
1773,"Wild boar","PIG",1,"slope",0.236835128409106,0.552967540630516,1.26723217724928
1774,"Wild boar","PIG",1,"slope",0.278207445949234,0.550844715477946,1.32076022739854
1775,"Wild boar","PIG",1,"slope",0.302117280070552,0.551809800305041,1.35271986651159
1776,"Wild boar","PIG",1,"slope",0.29493872190314,0.558761504674344,1.34304405703278
1777,"Wild boar","PIG",1,"slope",0.25998992522795,0.559343083747999,1.29691707323964
1778,"Wild boar","PIG",1,"slope",0.221467398472352,0.571126232104171,1.2479065662956
1779,"Wild boar","PIG",1,"slope",0.185706311403972,0.568019309337208,1.20406858724837
1780,"Wild boar","PIG",1,"slope",0.154157346703101,0.55343986501309,1.16667447897562
1781,"Wild boar","PIG",1,"slope",0.130507272074875,0.567066845361934,1.13940624893183
1782,"Wild boar","PIG",1,"slope",0.139298473209499,0.567399798920644,1.14946713785918
1783,"Wild boar","PIG",1,"slope",0.172019162700376,0.572272317734361,1.18770068519631
1784,"Wild boar","PIG",1,"slope",0.233979828098648,0.583008421386571,1.26361901932462
1785,"Wild boar","PIG",1,"slope",0.239284341651158,0.58843646140546,1.27033971466492
1786,"Wild boar","PIG",1,"slope",0.278554633691696,0.607841476813085,1.32121879435515
1787,"Wild boar","PIG",1,"slope",0.291959608983833,0.615378306591137,1.33904893181705
1788,"Wild boar","PIG",1,"slope",0.319860759354282,0.612549518434968,1.3769360630075
1789,"Wild boar","PIG",1,"slope",0.331945583421751,0.619431605046413,1.39367705345759
1790,"Wild boar","PIG",1,"slope",0.344840416475024,0.624674930338441,1.4117646073186
1791,"Wild boar","PIG",1,"slope",0.326930677093341,0.648723560790057,1.3867053434072
1792,"Wild boar","PIG",1,"slope",0.339266427736293,0.664047344459089,1.40391734799213
1793,"Wild boar","PIG",1,"slope",0.343641595887406,0.678807743871032,1.41007326883035
1794,"Wild boar","PIG",1,"slope",0.343415144603984,0.694870123697734,1.40975396785086
1795,"Wild boar","PIG",1,"slope",0.33410044765521,0.738048910414617,1.39668348309094
1796,"Wild boar","PIG",1,"slope",0.351495942829091,0.818999059674196,1.42119198393692
1797,"Wild boar","PIG",1,"slope",0.0332045891279229,0.844126244915575,1.03376207458642
1798,"Wild boar","PIG",1,"slope",0.0523210560050825,0.76661470969389,1.05371398945069
1799,"Wild boar","PIG",1,"slope",0.0502100924792586,0.707950032057443,1.0514921000462
1800,"Wild boar","PIG",1,"slope",0.0352545026959856,0.692754796186251,1.03588331140217
1801,"Wild boar","PIG",1,"slope",0.0587823260027345,0.669222063470315,1.06054442958875
1802,"Wild boar","PIG",1,"slope",0.0614851264134205,0.654799221153489,1.06341468123061
1803,"Wild boar","PIG",1,"slope",0.0662093019135504,0.644332419703949,1.06845033334078
1804,"Wild boar","PIG",1,"slope",0.0768070523305781,0.63781761654207,1.07983373592453
1805,"Wild boar","PIG",1,"slope",0.0863811796442514,0.616233948898693,1.09022181948683
1806,"Wild boar","PIG",1,"slope",0.0888397890053988,0.59547536473909,1.09290554858628
1807,"Wild boar","PIG",1,"slope",0.0997299133074796,0.591741293340706,1.10487246709171
1808,"Wild boar","PIG",1,"slope",0.116431039611523,0.586713509262346,1.12348003677363
1809,"Wild boar","PIG",1,"slope",0.149125674914154,0.579419939528673,1.16081886993475
1810,"Wild boar","PIG",1,"slope",0.152354095902891,0.569833655977049,1.16457253544469
1811,"Wild boar","PIG",1,"slope",0.182275999348623,0.577208402227386,1.19994533684368
1812,"Wild boar","PIG",1,"slope",0.206088756423906,0.572470450479581,1.22886229567322
1813,"Wild boar","PIG",1,"slope",0.231541129058838,0.558999696823436,1.26054118466816
1814,"Wild boar","PIG",1,"slope",0.249611549150594,0.570313590366959,1.28352683598579
1815,"Wild boar","PIG",1,"slope",0.246719449236257,0.566230831774934,1.27982003025979
1816,"Wild boar","PIG",1,"slope",0.240224481002422,0.562177967363182,1.2715345543702
1817,"Wild boar","PIG",1,"slope",0.215051490652014,0.572598701518251,1.23992573991142
1818,"Wild boar","PIG",1,"slope",0.186402570690694,0.566984012745759,1.20490722868755
1819,"Wild boar","PIG",1,"slope",0.163228038467396,0.572279218029762,1.17730513003726
1820,"Wild boar","PIG",1,"slope",0.163700060871858,0.571210758115517,1.17786097601294
1821,"Wild boar","PIG",1,"slope",0.17566480607242,0.576913211912022,1.19203842768581
1822,"Wild boar","PIG",1,"slope",0.210455073185469,0.580926532699105,1.23423961769073
1823,"Wild boar","PIG",1,"slope",0.23361108836926,0.588932576034533,1.26315316078789
1824,"Wild boar","PIG",1,"slope",0.265421091239583,0.595478449957871,1.30397995503171
1825,"Wild boar","PIG",1,"slope",0.282165490948652,0.595649877363717,1.3259981476774
1826,"Wild boar","PIG",1,"slope",0.308772050024949,0.601213283170135,1.36175192389519
1827,"Wild boar","PIG",1,"slope",0.322593785806677,0.613960538781796,1.38070437644724
1828,"Wild boar","PIG",1,"slope",0.344276697487842,0.615340038584076,1.41096901185068
1829,"Wild boar","PIG",1,"slope",0.351478825140164,0.625789953160248,1.42116765796231
1830,"Wild boar","PIG",1,"slope",0.355274488917919,0.642522271914941,1.42657221703306
1831,"Wild boar","PIG",1,"slope",0.361419904648364,0.66186665621113,1.4353660550246
1832,"Wild boar","PIG",1,"slope",0.345654831822362,0.678714846010595,1.41291485358572
1833,"Wild boar","PIG",1,"slope",0.356008610826991,0.708168379776834,1.4276198412649
1834,"Wild boar","PIG",1,"slope",0.350220402455468,0.755005068163606,1.41938034923893
1835,"Wild boar","PIG",1,"slope",0.350834241121558,0.837197046473438,1.42025189340227
1836,"Wild boar","PIG",1,"slope",0.352028352897199,0.953207967509549,1.42194883960557
1837,"Wild boar","PIG",1,"slope",0.059612134116409,0.857365578674278,1.06142479701507
1838,"Wild boar","PIG",1,"slope",0.0667084218278977,0.763934030295817,1.06898375017434
1839,"Wild boar","PIG",1,"slope",0.0514754285864935,0.719838517095771,1.05282331689475
1840,"Wild boar","PIG",1,"slope",0.0666227391858689,0.697384474415922,1.06889217961527
1841,"Wild boar","PIG",1,"slope",0.0751425801810712,0.676205974581027,1.07803785147293
1842,"Wild boar","PIG",1,"slope",0.0873325071957077,0.657964970091004,1.09125947159562
1843,"Wild boar","PIG",1,"slope",0.0766811008023864,0.637704225869609,1.07969770679501
1844,"Wild boar","PIG",1,"slope",0.0827325374631589,0.630282942160333,1.08625123828109
1845,"Wild boar","PIG",1,"slope",0.0802778758208951,0.620592971100349,1.08358812913812
1846,"Wild boar","PIG",1,"slope",0.0965716361808802,0.608387316294318,1.10138849365804
1847,"Wild boar","PIG",1,"slope",0.0846684446150558,0.599467711029891,1.08835616499345
1848,"Wild boar","PIG",1,"slope",0.0821636580879755,0.581972885039126,1.08563346803688
1849,"Wild boar","PIG",1,"slope",0.112270871927066,0.573097082486268,1.11881588176016
1850,"Wild boar","PIG",1,"slope",0.136844394520911,0.575221544775975,1.1466497096682
1851,"Wild boar","PIG",1,"slope",0.149858078136346,0.580914955358701,1.16166936510169
1852,"Wild boar","PIG",1,"slope",0.172445405313019,0.572283107298792,1.18820694910854
1853,"Wild boar","PIG",1,"slope",0.201494451314462,0.568549508091733,1.22322945893657
1854,"Wild boar","PIG",1,"slope",0.206841935826062,0.563188018647037,1.22978817134165
1855,"Wild boar","PIG",1,"slope",0.217821445181753,0.56427056855759,1.24336507238233
1856,"Wild boar","PIG",1,"slope",0.210192205135072,0.570113753694258,1.23391525434921
1857,"Wild boar","PIG",1,"slope",0.195498363239327,0.569816022126894,1.21591682138579
1858,"Wild boar","PIG",1,"slope",0.179329817515369,0.561750221383265,1.19641530751302
1859,"Wild boar","PIG",1,"slope",0.178961665560094,0.5594546284162,1.19597490185246
1860,"Wild boar","PIG",1,"slope",0.173621027898696,0.571494865464588,1.18960465351121
1861,"Wild boar","PIG",1,"slope",0.192135160460449,0.575059232012588,1.2118342998232
1862,"Wild boar","PIG",1,"slope",0.222218282008479,0.579508554782645,1.24884394902186
1863,"Wild boar","PIG",1,"slope",0.263709837515378,0.584088205564644,1.3017504435923
1864,"Wild boar","PIG",1,"slope",0.277388664708094,0.587087763424225,1.31967918415448
1865,"Wild boar","PIG",1,"slope",0.312714619264074,0.597464800382183,1.36713140541643
1866,"Wild boar","PIG",1,"slope",0.340965444965374,0.605393127393081,1.40630466610319
1867,"Wild boar","PIG",1,"slope",0.354424077374531,0.607302463674156,1.42535956989456
1868,"Wild boar","PIG",1,"slope",0.365645935050104,0.61620862208853,1.44144480427781
1869,"Wild boar","PIG",1,"slope",0.371327069047697,0.628471289000967,1.4496571338515
1870,"Wild boar","PIG",1,"slope",0.392817354288615,0.635049354309787,1.48114794092009
1871,"Wild boar","PIG",1,"slope",0.385792433713327,0.665548981869655,1.47077935493476
1872,"Wild boar","PIG",1,"slope",0.375607291682694,0.675407319334197,1.45587529138001
1873,"Wild boar","PIG",1,"slope",0.38648722195784,0.731567221046078,1.47180159102527
1874,"Wild boar","PIG",1,"slope",0.368336502745739,0.786287205712691,1.44532834884349
1875,"Wild boar","PIG",1,"slope",0.373659879011986,0.882889251222902,1.45304286867276
1876,"Wild boar","PIG",1,"slope",0.341019163183023,0.9700862350159,1.4063802273952
1877,"Wild boar","PIG",1,"slope",0.343332763081706,1.13340993901112,1.40963776075524
1878,"Wild boar","PIG",1,"slope",0.0503568206031589,0.888316069915074,1.05164627872084
1879,"Wild boar","PIG",1,"slope",0.0797598899188644,0.780557071183462,1.08302699301884
1880,"Wild boar","PIG",1,"slope",0.0713495775560193,0.718414050733865,1.07395659143521
1881,"Wild boar","PIG",1,"slope",0.0970064273521707,0.69316051732855,1.10186745570253
1882,"Wild boar","PIG",1,"slope",0.0811605346360438,0.683430153216982,1.08454499504088
1883,"Wild boar","PIG",1,"slope",0.0949880029628437,0.660811293459763,1.09964567224243
1884,"Wild boar","PIG",1,"slope",0.100852474078956,0.651949021717507,1.10611345059741
1885,"Wild boar","PIG",1,"slope",0.0897356005992794,0.631477511926099,1.09388505288286
1886,"Wild boar","PIG",1,"slope",0.0824521024037708,0.613785640358191,1.08594667679229
1887,"Wild boar","PIG",1,"slope",0.0905882410723921,0.600093644951995,1.09481816172454
1888,"Wild boar","PIG",1,"slope",0.0644545251919841,0.590495730163871,1.06657707658539
1889,"Wild boar","PIG",1,"slope",0.0618643263721256,0.574526026807418,1.06381800528509
1890,"Wild boar","PIG",1,"slope",0.0547515820332842,0.569761235633876,1.05627819019316
1891,"Wild boar","PIG",1,"slope",0.0973645325404055,0.576199852275385,1.10226215364246
1892,"Wild boar","PIG",1,"slope",0.127788206984558,0.581244821280621,1.13631248384631
1893,"Wild boar","PIG",1,"slope",0.151243080031596,0.563082228333511,1.16327939548214
1894,"Wild boar","PIG",1,"slope",0.164827496139477,0.570182596756563,1.1791896880728
1895,"Wild boar","PIG",1,"slope",0.172877871057898,0.558478377656713,1.18872096599353
1896,"Wild boar","PIG",1,"slope",0.188412148041729,0.57476901460009,1.2073310141326
1897,"Wild boar","PIG",1,"slope",0.213188732022228,0.559718434568379,1.23761820747069
1898,"Wild boar","PIG",1,"slope",0.209399035823257,0.56230513272573,1.23293689160899
1899,"Wild boar","PIG",1,"slope",0.182226730313789,0.563374137334838,1.19988622073701
1900,"Wild boar","PIG",1,"slope",0.168238912997488,0.559661418283045,1.18321926437833
1901,"Wild boar","PIG",1,"slope",0.169664403151945,0.565548225925364,1.18490715377326
1902,"Wild boar","PIG",1,"slope",0.190580398334557,0.563604502146698,1.20995164912273
1903,"Wild boar","PIG",1,"slope",0.242994412722879,0.577222862198645,1.27506150032067
1904,"Wild boar","PIG",1,"slope",0.269583529246077,0.58907459396617,1.30941900400668
1905,"Wild boar","PIG",1,"slope",0.322147425657445,0.597628748845149,1.38008824227895
1906,"Wild boar","PIG",1,"slope",0.341722187262832,0.599428398006282,1.40736926829658
1907,"Wild boar","PIG",1,"slope",0.371878257530482,0.598038891968512,1.45045638894537
1908,"Wild boar","PIG",1,"slope",0.398686489868739,0.616967604021609,1.48986645778765
1909,"Wild boar","PIG",1,"slope",0.407248884302699,0.621574781706405,1.50267805220481
1910,"Wild boar","PIG",1,"slope",0.401592568720775,0.62903135343879,1.49420245291572
1911,"Wild boar","PIG",1,"slope",0.408169259621859,0.645330440227601,1.50406171673416
1912,"Wild boar","PIG",1,"slope",0.410838886264711,0.654114669037593,1.50808236457721
1913,"Wild boar","PIG",1,"slope",0.415078050878563,0.683356959987535,1.51448894332898
1914,"Wild boar","PIG",1,"slope",0.395614570304186,0.747135517262725,1.48529673423264
1915,"Wild boar","PIG",1,"slope",0.367556260492319,1.01177657708166,1.44420104902848
1916,"Wild boar","PIG",1,"slope",0.355195001111529,1.05899144229417,1.42645887602192
1917,"Wild boar","PIG",1,"slope",0.0879834762163263,0.793086047465819,1.09197007849613
1918,"Wild boar","PIG",1,"slope",0.0932985724699168,0.725812181642849,1.09778945641563
1919,"Wild boar","PIG",1,"slope",0.101698155932443,0.697608246432116,1.10704926509208
1920,"Wild boar","PIG",1,"slope",0.0996230117823411,0.680865912522114,1.10475436313282
1921,"Wild boar","PIG",1,"slope",0.0888483330818345,0.64834985461088,1.09291488523635
1922,"Wild boar","PIG",1,"slope",0.108106654063314,0.64452675615024,1.11416658268283
1923,"Wild boar","PIG",1,"slope",0.0830908080816208,0.629147826028872,1.08664048069691
1924,"Wild boar","PIG",1,"slope",0.0906231550533948,0.607897289462112,1.09485646459223
1925,"Wild boar","PIG",1,"slope",0.0719541543748733,0.607691253888351,1.074606132045
1926,"Wild boar","PIG",1,"slope",0.0504221434062807,0.597441088979814,1.05171499298188
1927,"Wild boar","PIG",1,"slope",0.00143443761155318,0.552601172839673,1.00143547509044
1928,"Wild boar","PIG",1,"slope",-0.0244959791558724,0.534131066892168,0.975801625043983
1929,"Wild boar","PIG",1,"slope",0.0756800919918275,0.568912736231865,1.07861749191322
1930,"Wild boar","PIG",1,"slope",0.11515239500208,0.58136834809539,1.12204442603818
1931,"Wild boar","PIG",1,"slope",0.131865793183173,0.565945000960185,1.14095519617407
1932,"Wild boar","PIG",1,"slope",0.142518041300637,0.560802949330609,1.15317401526197
1933,"Wild boar","PIG",1,"slope",0.135949706301079,0.527178587741436,1.14562428590114
1934,"Wild boar","PIG",1,"slope",0.171616887962388,0.538714743902254,1.18722290669568
1935,"Wild boar","PIG",1,"slope",0.203884727062535,0.565739031466605,1.22615680829582
1936,"Wild boar","PIG",1,"slope",0.21192970838728,0.563926835594211,1.23606099896116
1937,"Wild boar","PIG",1,"slope",0.213887364253961,0.569263512570041,1.23848314953987
1938,"Wild boar","PIG",1,"slope",0.175498997245464,0.558886970702351,1.19184079431908
1939,"Wild boar","PIG",1,"slope",0.123120981420588,0.538972063202154,1.13102124524561
1940,"Wild boar","PIG",1,"slope",0.166486338990816,0.549775019000934,1.18114740400297
1941,"Wild boar","PIG",1,"slope",0.25551282844787,0.580038411458539,1.29112357800656
1942,"Wild boar","PIG",1,"slope",0.29479882124936,0.589448359890169,1.34285617779113
1943,"Wild boar","PIG",1,"slope",0.348245786432986,0.592400871675479,1.41658038322485
1944,"Wild boar","PIG",1,"slope",0.379269422105908,0.605814688059625,1.46121666681542
1945,"Wild boar","PIG",1,"slope",0.405246942160302,0.607409507720626,1.49967279256632
1946,"Wild boar","PIG",1,"slope",0.424171629759586,0.608246469793145,1.52832387985195
1947,"Wild boar","PIG",1,"slope",0.440983241713189,0.610332902112368,1.5542346979746
1948,"Wild boar","PIG",1,"slope",0.449835486235433,0.609667926060799,1.56805423084903
1949,"Wild boar","PIG",1,"slope",0.452736617162271,0.640614482608641,1.57260996205641
1950,"Wild boar","PIG",1,"slope",0.436515338958232,0.657601578981419,1.54730603392601
1951,"Wild boar","PIG",1,"slope",0.437949407455321,0.692431704497534,1.54952651099285
1952,"Wild boar","PIG",1,"slope",0.438509138340442,0.783289452169677,1.55039407157431
1953,"Wild boar","PIG",1,"slope",0.101361726186545,0.869771942071644,1.10667688343821
1954,"Wild boar","PIG",1,"slope",0.109601744817881,0.740152031215815,1.11583363839933
1955,"Wild boar","PIG",1,"slope",0.106545490400082,0.691531931397379,1.11242858974968
1956,"Wild boar","PIG",1,"slope",0.121553450046644,0.670926028572613,1.12924976945131
1957,"Wild boar","PIG",1,"slope",0.114305815347556,0.652531567673992,1.12109492130727
1958,"Wild boar","PIG",1,"slope",0.119383722001478,0.636874212522339,1.12680221698701
1959,"Wild boar","PIG",1,"slope",0.119883648704295,0.623676128908761,1.12736567379246
1960,"Wild boar","PIG",1,"slope",0.107297885311721,0.61460295481276,1.11326584844689
1961,"Wild boar","PIG",1,"slope",0.098880128111006,0.602496783737951,1.1039339697675
1962,"Wild boar","PIG",1,"slope",0.0685209953973392,0.578013826424506,1.07092311181775
1963,"Wild boar","PIG",1,"slope",0.0275937771832519,0.571802861610238,1.0279780117591
1964,"Wild boar","PIG",1,"slope",-0.0185205831822465,0.549263105549634,0.981649868907961
1965,"Wild boar","PIG",1,"slope",0.0767213066900628,0.57707715227331,1.07974112463116
1966,"Wild boar","PIG",1,"slope",0.122039717782499,0.574320009514884,1.1297989762707
1967,"Wild boar","PIG",1,"slope",0.145982202952136,0.572381028190285,1.15717559413585
1968,"Wild boar","PIG",1,"slope",0.161221275394452,0.554463171803459,1.17494492658317
1969,"Wild boar","PIG",1,"slope",0.145125737397117,0.527959936168278,1.15618494757026
1970,"Wild boar","PIG",1,"slope",0.170477205699395,0.536726073737424,1.18587064363491
1971,"Wild boar","PIG",1,"slope",0.195072362635148,0.562721265253025,1.21539893388234
1972,"Wild boar","PIG",1,"slope",0.234882288609121,0.576143715510449,1.2647598892612
1973,"Wild boar","PIG",1,"slope",0.231071967611762,0.56381462707595,1.25994991177278
1974,"Wild boar","PIG",1,"slope",0.22528902058074,0.566489744977759,1.25268471806223
1975,"Wild boar","PIG",1,"slope",0.160489115857193,0.536918846628283,1.1740850030517
1976,"Wild boar","PIG",1,"slope",0.210650795325894,0.553061695931055,1.23448119752055
1977,"Wild boar","PIG",1,"slope",0.286324446085166,0.565736588998823,1.33152439305489
1978,"Wild boar","PIG",1,"slope",0.335096021079763,0.578417333606663,1.39807462357324
1979,"Wild boar","PIG",1,"slope",0.374353655997676,0.583764246515007,1.4540513165161
1980,"Wild boar","PIG",1,"slope",0.426048310358069,0.587939707569721,1.53119474657218
1981,"Wild boar","PIG",1,"slope",0.452259563191376,0.601588009812585,1.5718598980074
1982,"Wild boar","PIG",1,"slope",0.471275380347627,0.608598535132745,1.60203610595826
1983,"Wild boar","PIG",1,"slope",0.472038719738723,0.615235891219249,1.60325947556676
1984,"Wild boar","PIG",1,"slope",0.471057722779601,0.626836052131053,1.60168744620974
1985,"Wild boar","PIG",1,"slope",0.476038236112074,0.636644487031553,1.60968456902471
1986,"Wild boar","PIG",1,"slope",0.466984248675159,0.670933935237391,1.59517628050065
1987,"Wild boar","PIG",1,"slope",0.468198397895298,0.678328950388725,1.59711424118326
1988,"Wild boar","PIG",1,"slope",0.491689870397506,0.751802910144296,1.63507695674555
1989,"Wild boar","PIG",1,"slope",0.117402867919041,0.748507654648398,1.12457241360585
1990,"Wild boar","PIG",1,"slope",0.138473644169924,0.688774565770225,1.14851947457668
1991,"Wild boar","PIG",1,"slope",0.127452417740323,0.664021727357104,1.13593081682576
1992,"Wild boar","PIG",1,"slope",0.136069964860097,0.648828479237232,1.14576206314384
1993,"Wild boar","PIG",1,"slope",0.135351526129421,0.636605040516034,1.1449391896851
1994,"Wild boar","PIG",1,"slope",0.124755245480103,0.627895565881237,1.13287115152242
1995,"Wild boar","PIG",1,"slope",0.129333843745354,0.625418517065463,1.1380700111364
1996,"Wild boar","PIG",1,"slope",0.12468984680626,0.611392207488844,1.13279715949426
1997,"Wild boar","PIG",1,"slope",0.105102290972684,0.592070412252211,1.1108242321131
1998,"Wild boar","PIG",1,"slope",0.0704929271336041,0.586881084376295,1.07303698204249
1999,"Wild boar","PIG",1,"slope",0.0956592810810075,0.582697042020976,1.100384080369
2000,"Wild boar","PIG",1,"slope",0.102258109620034,0.585275058360559,1.10766934412267
2001,"Wild boar","PIG",1,"slope",0.138284714438663,0.578988301616951,1.14830244423983
2002,"Wild boar","PIG",1,"slope",0.161329664335661,0.572622521475935,1.17507228469701
2003,"Wild boar","PIG",1,"slope",0.174173356143939,0.565686389092241,1.19026188735952
2004,"Wild boar","PIG",1,"slope",0.188669733645971,0.56492373324222,1.20764204318673
2005,"Wild boar","PIG",1,"slope",0.220804536576459,0.560095885380483,1.24707964863316
2006,"Wild boar","PIG",1,"slope",0.247752998390185,0.571621416238916,1.28114346762748
2007,"Wild boar","PIG",1,"slope",0.256950992995387,0.566237295365688,1.2929817921811
2008,"Wild boar","PIG",1,"slope",0.285602787449581,0.574633490501484,1.33056383374684
2009,"Wild boar","PIG",1,"slope",0.271446571479168,0.557325090657155,1.31186077927466
2010,"Wild boar","PIG",1,"slope",0.27767043542331,0.560697768437537,1.32005110508883
2011,"Wild boar","PIG",1,"slope",0.310070377950476,0.560868132501439,1.36352108426178
2012,"Wild boar","PIG",1,"slope",0.3441497055622,0.572921030820959,1.41078982378367
2013,"Wild boar","PIG",1,"slope",0.405382273916715,0.5686063606512,1.49987579738183
2014,"Wild boar","PIG",1,"slope",0.437492534050811,0.579155944262818,1.54881874798395
2015,"Wild boar","PIG",1,"slope",0.460488229053758,0.592585842319472,1.58484757319705
2016,"Wild boar","PIG",1,"slope",0.493021162813108,0.594863654472141,1.63725517077213
2017,"Wild boar","PIG",1,"slope",0.511037177576948,0.60717916526264,1.6670193409222
2018,"Wild boar","PIG",1,"slope",0.51755790731609,0.613846218525431,1.67792506314334
2019,"Wild boar","PIG",1,"slope",0.515549830302643,0.627016527769107,1.67455897199121
2020,"Wild boar","PIG",1,"slope",0.502346484585156,0.642678102607197,1.6525945125841
2021,"Wild boar","PIG",1,"slope",0.509176959939757,0.672226987936525,1.66392117009835
2022,"Wild boar","PIG",1,"slope",0.518168719299202,0.694687998731504,1.6789502036626
2023,"Wild boar","PIG",1,"slope",0.503328247421009,0.756485721717149,1.65421777296936
2024,"Wild boar","PIG",1,"slope",0.5248516556619,0.880503660590343,1.69020809792973
2025,"Wild boar","PIG",1,"slope",0.14401337898052,0.773198522689497,1.15489956316989
2026,"Wild boar","PIG",1,"slope",0.139843003779988,0.688157261160616,1.15009336835201
2027,"Wild boar","PIG",1,"slope",0.153908158501657,0.659709456611969,1.16638376862983
2028,"Wild boar","PIG",1,"slope",0.163296328318122,0.650498688728837,1.17738554155654
2029,"Wild boar","PIG",1,"slope",0.156070201779191,0.635385191594071,1.16890828433507
2030,"Wild boar","PIG",1,"slope",0.147477847363379,0.622635821931064,1.15890761173799
2031,"Wild boar","PIG",1,"slope",0.147983754168665,0.623687845262614,1.15949406532685
2032,"Wild boar","PIG",1,"slope",0.134374500390018,0.602145371357994,1.14382114903115
2033,"Wild boar","PIG",1,"slope",0.126497988416547,0.591847218126977,1.13484716839675
2034,"Wild boar","PIG",1,"slope",0.123613871377025,0.584464844315715,1.13157886799967
2035,"Wild boar","PIG",1,"slope",0.132752325559105,0.575084442554121,1.14196715698149
2036,"Wild boar","PIG",1,"slope",0.137265320064522,0.569882204993298,1.14713246540848
2037,"Wild boar","PIG",1,"slope",0.169435249262414,0.569517716340123,1.18463566613944
2038,"Wild boar","PIG",1,"slope",0.184886325877001,0.568542040592966,1.20308167804821
2039,"Wild boar","PIG",1,"slope",0.193652125341971,0.565881171125635,1.21367400736524
2040,"Wild boar","PIG",1,"slope",0.227667357465509,0.562160331477663,1.25566762198181
2041,"Wild boar","PIG",1,"slope",0.242825302898552,0.56005277818607,1.27484589296186
2042,"Wild boar","PIG",1,"slope",0.26824923077205,0.565489325434435,1.30767301816674
2043,"Wild boar","PIG",1,"slope",0.301316784592096,0.570910239600287,1.35163745518957
2044,"Wild boar","PIG",1,"slope",0.323092128282892,0.571373439859972,1.38139261489308
2045,"Wild boar","PIG",1,"slope",0.348073449264474,0.562773360226186,1.41633636445517
2046,"Wild boar","PIG",1,"slope",0.366772018522627,0.563455638983013,1.44306890673789
2047,"Wild boar","PIG",1,"slope",0.393939119354643,0.568029131151214,1.48281042869525
2048,"Wild boar","PIG",1,"slope",0.431806684561125,0.576930400043709,1.54003737393785
2049,"Wild boar","PIG",1,"slope",0.459323710315332,0.574611351474458,1.58300305840164
2050,"Wild boar","PIG",1,"slope",0.502204468672264,0.580135070228363,1.65235984712073
2051,"Wild boar","PIG",1,"slope",0.542385681165206,0.579725961487811,1.72010559784583
2052,"Wild boar","PIG",1,"slope",0.556790429677284,0.596202024189246,1.74506261523997
2053,"Wild boar","PIG",1,"slope",0.550378728328498,0.598750289063683,1.73390957426758
2054,"Wild boar","PIG",1,"slope",0.567072336487937,0.613357665035253,1.76309777302703
2055,"Wild boar","PIG",1,"slope",0.54729050411863,0.623757460344903,1.72856313608733
2056,"Wild boar","PIG",1,"slope",0.560328420448966,0.644730726203463,1.7512475605113
2057,"Wild boar","PIG",1,"slope",0.553257192446659,0.66201798286579,1.73890781704746
2058,"Wild boar","PIG",1,"slope",0.539208612944222,0.700035905075166,1.71464937566828
2059,"Wild boar","PIG",1,"slope",0.541007656549672,0.754807563090379,1.71773695091205
2060,"Wild boar","PIG",1,"slope",0.500069321899678,0.885100002703667,1.64883559901572
2061,"Wild boar","PIG",1,"slope",0.156384929000882,0.750212711137892,1.16927620652008
2062,"Wild boar","PIG",1,"slope",0.158075637142648,0.683162200116974,1.17125478808827
2063,"Wild boar","PIG",1,"slope",0.15837812326272,0.655447068607812,1.17160912386088
2064,"Wild boar","PIG",1,"slope",0.157595358388348,0.648498534543185,1.17069238990863
2065,"Wild boar","PIG",1,"slope",0.170727835664318,0.644155436116606,1.18616787461419
2066,"Wild boar","PIG",1,"slope",0.178024903431235,0.616428697417136,1.19485513361283
2067,"Wild boar","PIG",1,"slope",0.162667281715802,0.614084454151002,1.17664513479228
2068,"Wild boar","PIG",1,"slope",0.143691192152149,0.603838266979556,1.15452752680753
2069,"Wild boar","PIG",1,"slope",0.149542907406985,0.587103808960003,1.16130332741964
2070,"Wild boar","PIG",1,"slope",0.16452250694261,0.586920063717241,1.1788301043931
2071,"Wild boar","PIG",1,"slope",0.171738706307607,0.572182593278024,1.18736754130992
2072,"Wild boar","PIG",1,"slope",0.178419223792041,0.572897550978966,1.19532632709501
2073,"Wild boar","PIG",1,"slope",0.196061032754138,0.563286594404902,1.21660121903861
2074,"Wild boar","PIG",1,"slope",0.216415694531813,0.568667966625949,1.24161842495372
2075,"Wild boar","PIG",1,"slope",0.245203091705316,0.558990746932974,1.27788081491818
2076,"Wild boar","PIG",1,"slope",0.261366496669277,0.576626394242846,1.29870354978326
2077,"Wild boar","PIG",1,"slope",0.287149094945296,0.57118053946485,1.33262288842353
2078,"Wild boar","PIG",1,"slope",0.312462745433929,0.562030818846233,1.366787022864
2079,"Wild boar","PIG",1,"slope",0.336802193469545,0.566764423917688,1.40046201869136
2080,"Wild boar","PIG",1,"slope",0.379973249377876,0.562535359016085,1.46224548921348
2081,"Wild boar","PIG",1,"slope",0.417417340863872,0.562502251522993,1.51803591934424
2082,"Wild boar","PIG",1,"slope",0.449050147815122,0.559680373997514,1.5668232288699
2083,"Wild boar","PIG",1,"slope",0.480982026437932,0.561495884451023,1.61766221099952
2084,"Wild boar","PIG",1,"slope",0.497937979270248,0.577427330114767,1.64532507657055
2085,"Wild boar","PIG",1,"slope",0.535779219958796,0.574064115264402,1.70877923869498
2086,"Wild boar","PIG",1,"slope",0.556291456040867,0.58888599927668,1.74419209820719
2087,"Wild boar","PIG",1,"slope",0.610697449415442,0.585151997008103,1.8417154738516
2088,"Wild boar","PIG",1,"slope",0.626864590173362,0.582233985845943,1.8717327205503
2089,"Wild boar","PIG",1,"slope",0.615047130950371,0.598187515218252,1.84974377941703
2090,"Wild boar","PIG",1,"slope",0.606069765596966,0.602241848775392,1.83321226774694
2091,"Wild boar","PIG",1,"slope",0.616240720824368,0.623198559926392,1.85195294609407
2092,"Wild boar","PIG",1,"slope",0.60004983142696,0.64437732399194,1.82220968839763
2093,"Wild boar","PIG",1,"slope",0.595222144610847,0.676460664115409,1.81343376651114
2094,"Wild boar","PIG",1,"slope",0.584282755769618,0.692235324813712,1.79370400921175
2095,"Wild boar","PIG",1,"slope",0.575135770380444,0.772845750319212,1.77737183392568
2096,"Wild boar","PIG",1,"slope",0.171420089140289,0.994489870059716,1.18698936239718
2097,"Wild boar","PIG",1,"slope",0.164807550487926,0.802366091952436,1.1791661750756
2098,"Wild boar","PIG",1,"slope",0.156407612905244,0.727225020879412,1.16930273148198
2099,"Wild boar","PIG",1,"slope",0.166602498916668,0.68732158355339,1.18128466195453
2100,"Wild boar","PIG",1,"slope",0.176477058353371,0.655267074034926,1.19300705690139
2101,"Wild boar","PIG",1,"slope",0.154478432644261,0.651546014643562,1.1670491589555
2102,"Wild boar","PIG",1,"slope",0.167870289767618,0.637509559486978,1.18278321186403
2103,"Wild boar","PIG",1,"slope",0.172200870529797,0.635295491517063,1.18791643168881
2104,"Wild boar","PIG",1,"slope",0.183691447350437,0.614279502496125,1.20164502783594
2105,"Wild boar","PIG",1,"slope",0.169329175824628,0.601886346259006,1.1845100010885
2106,"Wild boar","PIG",1,"slope",0.175222186189181,0.592285206507105,1.19151093368147
2107,"Wild boar","PIG",1,"slope",0.181238212669114,0.577606287840998,1.19870069932953
2108,"Wild boar","PIG",1,"slope",0.196024297808269,0.557039240799016,1.21655647035024
2109,"Wild boar","PIG",1,"slope",0.215349745084337,0.564836709223498,1.2402956524932
2110,"Wild boar","PIG",1,"slope",0.215084069535991,0.57785513488117,1.239966141351
2111,"Wild boar","PIG",1,"slope",0.227310047283082,0.559757677362679,1.25521899328455
2112,"Wild boar","PIG",1,"slope",0.273386871694027,0.563974585594542,1.3144087053584
2113,"Wild boar","PIG",1,"slope",0.296593611306148,0.564302662067746,1.3452684864592
2114,"Wild boar","PIG",1,"slope",0.317193984994074,0.55541596939598,1.37326893969877
2115,"Wild boar","PIG",1,"slope",0.332808139766072,0.560759120960684,1.39487965087502
2116,"Wild boar","PIG",1,"slope",0.382161349504655,0.559192345903382,1.46544851749053
2117,"Wild boar","PIG",1,"slope",0.428726687418321,0.555848190503594,1.5353013617585
2118,"Wild boar","PIG",1,"slope",0.483657954384177,0.560532369420113,1.62199677373152
2119,"Wild boar","PIG",1,"slope",0.535131349330856,0.548331002813967,1.70767254772215
2120,"Wild boar","PIG",1,"slope",0.557857483906096,0.554968204778849,1.74692575585126
2121,"Wild boar","PIG",1,"slope",0.559150028261719,0.572877518272904,1.74918511861057
2122,"Wild boar","PIG",1,"slope",0.589672234237439,0.574771284371686,1.80339723545996
2123,"Wild boar","PIG",1,"slope",0.631650865698811,0.574315265197418,1.88071282784041
2124,"Wild boar","PIG",1,"slope",0.681342334252446,0.567761554991203,1.97652912593391
2125,"Wild boar","PIG",1,"slope",0.719120147701896,0.573601636689907,2.05262640796559
2126,"Wild boar","PIG",1,"slope",0.720140434088259,0.578018329354404,2.05472174486978
2127,"Wild boar","PIG",1,"slope",0.66364499034958,0.602698913090881,1.94185750766865
2128,"Wild boar","PIG",1,"slope",0.654459265092461,0.617125624041408,1.92410180702661
2129,"Wild boar","PIG",1,"slope",0.618195048557685,0.645682686672112,1.85557580002415
2130,"Wild boar","PIG",1,"slope",0.611467490954688,0.67089125801622,1.84313421147072
2131,"Wild boar","PIG",1,"slope",0.610862384863747,0.714124170412516,1.84201929976346
2132,"Wild boar","PIG",1,"slope",0.592573419136741,0.839555314104649,1.80863681399908
2133,"Wild boar","PIG",1,"slope",0.167800909527576,0.861073487050278,1.18270115841059
2134,"Wild boar","PIG",1,"slope",0.176630310174148,0.758623123461212,1.19318995176639
2135,"Wild boar","PIG",1,"slope",0.160622587415306,0.713426092757553,1.17424171218477
2136,"Wild boar","PIG",1,"slope",0.172827117271145,0.686079209510335,1.18866059928227
2137,"Wild boar","PIG",1,"slope",0.175117273288521,0.664542379080901,1.19138596897963
2138,"Wild boar","PIG",1,"slope",0.182419832428243,0.64956414420654,1.20011802922992
2139,"Wild boar","PIG",1,"slope",0.181407964667269,0.637357378315871,1.19890430027544
2140,"Wild boar","PIG",1,"slope",0.192842794848315,0.630492202109628,1.21269214472484
2141,"Wild boar","PIG",1,"slope",0.189496088004734,0.615947185399513,1.2086403961847
2142,"Wild boar","PIG",1,"slope",0.203754900473812,0.597814593217495,1.22599763234461
2143,"Wild boar","PIG",1,"slope",0.188441994106645,0.577458817209521,1.20736705871836
2144,"Wild boar","PIG",1,"slope",0.196488552172218,0.524995185822033,1.21712138826761
2145,"Wild boar","PIG",1,"slope",0.214409464197218,0.530356355074174,1.23912993277834
2146,"Wild boar","PIG",1,"slope",0.233758684604537,0.551878091374178,1.26333959254731
2147,"Wild boar","PIG",1,"slope",0.253548085373755,0.579118674185819,1.28858934149193
2148,"Wild boar","PIG",1,"slope",0.269644690199933,0.561268647756744,1.30949909878207
2149,"Wild boar","PIG",1,"slope",0.291090612326561,0.560730320637407,1.33788589636224
2150,"Wild boar","PIG",1,"slope",0.351989293733079,0.541076078244626,1.42189341655288
2151,"Wild boar","PIG",1,"slope",0.350134075392542,0.526696083123974,1.41925782432003
2152,"Wild boar","PIG",1,"slope",0.375171899358199,0.552069552988603,1.4552415548161
2153,"Wild boar","PIG",1,"slope",0.41444755882503,0.56214161001702,1.51353437155811
2154,"Wild boar","PIG",1,"slope",0.458025763022257,0.548516383324138,1.58094974209553
2155,"Wild boar","PIG",1,"slope",0.532725448252666,0.5565759772334,1.703568978559
2156,"Wild boar","PIG",1,"slope",0.691745912686731,0.510220340392872,1.99719956270942
2157,"Wild boar","PIG",1,"slope",0.660432407605817,0.546192078315364,1.93562950532859
2158,"Wild boar","PIG",1,"slope",0.615755693198514,0.572883764018776,1.85105490474705
2159,"Wild boar","PIG",1,"slope",0.620351278859703,0.575551864009011,1.85958119667508
2160,"Wild boar","PIG",1,"slope",0.66587210137075,0.56956181101896,1.94618706419734
2161,"Wild boar","PIG",1,"slope",0.74726935533247,0.552551222396886,2.11122714218443
2162,"Wild boar","PIG",1,"slope",0.917533027594283,0.454767871608385,2.50310766928638
2163,"Wild boar","PIG",1,"slope",0.771438269172994,0.572013210247645,2.16287484148935
2164,"Wild boar","PIG",1,"slope",0.733736811604641,0.603885973249424,2.08284929905227
2165,"Wild boar","PIG",1,"slope",0.685480304064921,0.619831312549763,1.98472488253135
2166,"Wild boar","PIG",1,"slope",0.675296472458626,0.640363638762901,1.96461539519173
2167,"Wild boar","PIG",1,"slope",0.671770364978407,0.677041841855483,1.9577001029603
2168,"Wild boar","PIG",1,"slope",0.635585206287128,0.733515565942901,1.88812690888647
2169,"Wild boar","PIG",1,"slope",0.183476649253456,0.838752178895202,1.20138691232125
2170,"Wild boar","PIG",1,"slope",0.170012243546064,0.738837504149494,1.18531946156381
2171,"Wild boar","PIG",1,"slope",0.175076030556429,0.69639947913488,1.19133680793328
2172,"Wild boar","PIG",1,"slope",0.165538072411812,0.67714797986936,1.18002806815144
2173,"Wild boar","PIG",1,"slope",0.183630290880933,0.65731320860276,1.20157150922873
2174,"Wild boar","PIG",1,"slope",0.195886157428735,0.646678258685856,1.21638842086726
2175,"Wild boar","PIG",1,"slope",0.186323446014532,0.632120555278588,1.20481189524144
2176,"Wild boar","PIG",1,"slope",0.206970800467811,0.623524552131818,1.22994672937807
2177,"Wild boar","PIG",1,"slope",0.209205317173336,0.605903123638745,1.23269807713799
2178,"Wild boar","PIG",1,"slope",0.217736965138,0.600238219492938,1.24326000665361
2179,"Wild boar","PIG",1,"slope",0.201536569753702,0.572632100067798,1.22328097629964
2180,"Wild boar","PIG",1,"slope",0.219534615288112,0.545775001119915,1.24549703543677
2181,"Wild boar","PIG",1,"slope",0.244377091685647,0.54680087566758,1.27682572023509
2182,"Wild boar","PIG",1,"slope",0.265068275801932,0.567623485796283,1.30351997283611
2183,"Wild boar","PIG",1,"slope",0.260297501069954,0.568939541525019,1.29731599549569
2184,"Wild boar","PIG",1,"slope",0.292498365469195,0.565421369689055,1.33977055631072
2185,"Wild boar","PIG",1,"slope",0.311322099281504,0.558163022350516,1.36522889274693
2186,"Wild boar","PIG",1,"slope",0.349694695564386,0.541747882622557,1.41863436809455
2187,"Wild boar","PIG",1,"slope",0.381665416901834,0.543585701661184,1.46472202048959
2188,"Wild boar","PIG",1,"slope",0.390362208908836,0.558198590739448,1.47751586638254
2189,"Wild boar","PIG",1,"slope",0.424136639492907,0.561783366276412,1.52827040249791
2190,"Wild boar","PIG",1,"slope",0.483286155484511,0.548042609434487,1.62139380941667
2191,"Wild boar","PIG",1,"slope",0.553853889359309,0.540234503232047,1.73994567876479
2192,"Wild boar","PIG",1,"slope",0.728955727888227,0.49495333076331,2.07291482149351
2193,"Wild boar","PIG",1,"slope",0.656302679071304,0.554782504291788,1.92765200225513
2194,"Wild boar","PIG",1,"slope",0.639310561995971,0.560022429412765,1.89517382702989
2195,"Wild boar","PIG",1,"slope",0.66252502460176,0.576022649005356,1.93968391417304
2196,"Wild boar","PIG",1,"slope",0.683745422912716,0.572091669957329,1.98128461143533
2197,"Wild boar","PIG",1,"slope",0.750545399067803,0.565856763532443,2.11815494147239
2198,"Wild boar","PIG",1,"slope",0.862020960610525,0.555589208913683,2.36794138625656
2199,"Wild boar","PIG",1,"slope",0.789644125767031,0.569599291507447,2.20261243608029
2200,"Wild boar","PIG",1,"slope",0.745941016296689,0.602364154643851,2.10842456895134
2201,"Wild boar","PIG",1,"slope",0.723424858133863,0.627018256774763,2.06148141571634
2202,"Wild boar","PIG",1,"slope",0.687885663555778,0.6573096200211,1.98950461242982
2203,"Wild boar","PIG",1,"slope",0.675052913006528,0.693520423718371,1.96413692091675
2204,"Wild boar","PIG",1,"slope",0.672969943644177,0.790148737051639,1.96005004361521
2205,"Wild boar","PIG",1,"slope",0.17129500962367,0.788245013661544,1.18684082712879
2206,"Wild boar","PIG",1,"slope",0.181384869191278,0.730155670948293,1.19887650224171
2207,"Wild boar","PIG",1,"slope",0.186525851786548,0.694383163130827,1.20505578021544
2208,"Wild boar","PIG",1,"slope",0.183206787413129,0.665182698233193,1.20106274710249
2209,"Wild boar","PIG",1,"slope",0.174596482378228,0.653962249786017,1.19076562480756
2210,"Wild boar","PIG",1,"slope",0.192669149026124,0.643314866507396,1.21248158863203
2211,"Wild boar","PIG",1,"slope",0.18675173693373,0.623354706120168,1.2053280118562
2212,"Wild boar","PIG",1,"slope",0.187296390780538,0.61365748510816,1.20598469327256
2213,"Wild boar","PIG",1,"slope",0.209117131488323,0.597140489457303,1.23258936524218
2214,"Wild boar","PIG",1,"slope",0.233111143952773,0.598051316282761,1.26252181368277
2215,"Wild boar","PIG",1,"slope",0.236011258129127,0.585105314127103,1.2661887059934
2216,"Wild boar","PIG",1,"slope",0.227762614276572,0.571670464752568,1.25578722152554
2217,"Wild boar","PIG",1,"slope",0.255879170839676,0.564526248575473,1.29159666368043
2218,"Wild boar","PIG",1,"slope",0.280059659122593,0.574021599187364,1.32320878743162
2219,"Wild boar","PIG",1,"slope",0.293122167233911,0.572562698141672,1.34060656268813
2220,"Wild boar","PIG",1,"slope",0.315733632414549,0.570390364570884,1.37126502885164
2221,"Wild boar","PIG",1,"slope",0.315152021414441,0.566799940180276,1.37046763557084
2222,"Wild boar","PIG",1,"slope",0.345966897088909,0.558571838091148,1.41335582951018
2223,"Wild boar","PIG",1,"slope",0.359216083382152,0.563297375249333,1.43220624512526
2224,"Wild boar","PIG",1,"slope",0.381097766238941,0.562192155873574,1.46389075910875
2225,"Wild boar","PIG",1,"slope",0.418629821116983,0.560284062756862,1.51987768026349
2226,"Wild boar","PIG",1,"slope",0.464073198347255,0.554121331946172,1.59053939995838
2227,"Wild boar","PIG",1,"slope",0.528570693236473,0.545357230899233,1.6965057496187
2228,"Wild boar","PIG",1,"slope",0.593700550212265,0.548621349116387,1.8106765347103
2229,"Wild boar","PIG",1,"slope",0.624642504808736,0.559070648748589,1.86757818786943
2230,"Wild boar","PIG",1,"slope",0.641565909751467,0.564027335407435,1.89945294030219
2231,"Wild boar","PIG",1,"slope",0.672170161056459,0.58072891183456,1.95848301634282
2232,"Wild boar","PIG",1,"slope",0.704701742816076,0.583573793657664,2.02324333832276
2233,"Wild boar","PIG",1,"slope",0.73479590901589,0.581850021653216,2.0850564116913
2234,"Wild boar","PIG",1,"slope",0.787096989613264,0.587088007293438,2.1970093519004
2235,"Wild boar","PIG",1,"slope",0.784628304316307,0.593931276252135,2.19159225750303
2236,"Wild boar","PIG",1,"slope",0.770776465633739,0.619101888752048,2.16144389203593
2237,"Wild boar","PIG",1,"slope",0.748481332098912,0.629111206185104,2.11378784689676
2238,"Wild boar","PIG",1,"slope",0.716427561589036,0.660429704180319,2.04710696916045
2239,"Wild boar","PIG",1,"slope",0.716495859729947,0.696664020589479,2.04724679928871
2240,"Wild boar","PIG",1,"slope",0.694708773986053,0.814689327531426,2.00312563150933
2241,"Wild boar","PIG",1,"slope",0.153751956950342,0.88685880165565,1.16620161224095
2242,"Wild boar","PIG",1,"slope",0.159154644714658,0.774850066625378,1.17251928171257
2243,"Wild boar","PIG",1,"slope",0.182610575276538,0.722949667736145,1.20034688008762
2244,"Wild boar","PIG",1,"slope",0.185446703463438,0.678860247321298,1.20375604355462
2245,"Wild boar","PIG",1,"slope",0.192327577675949,0.678815833411383,1.21206753801567
2246,"Wild boar","PIG",1,"slope",0.201933859104531,0.649186560966545,1.22376707021167
2247,"Wild boar","PIG",1,"slope",0.194205774013274,0.639189725070117,1.21434615210767
2248,"Wild boar","PIG",1,"slope",0.210600921108289,0.633888879562409,1.23441963112338
2249,"Wild boar","PIG",1,"slope",0.198564229964465,0.608097711809799,1.21965036474894
2250,"Wild boar","PIG",1,"slope",0.224371073855648,0.606763115773459,1.25153535800285
2251,"Wild boar","PIG",1,"slope",0.243971661731173,0.596873601600112,1.27630816162166
2252,"Wild boar","PIG",1,"slope",0.252874648337799,0.583998164386463,1.28772185300359
2253,"Wild boar","PIG",1,"slope",0.263344833023804,0.583432078225889,1.30127536641815
2254,"Wild boar","PIG",1,"slope",0.275225598662223,0.571016063483948,1.31682771599687
2255,"Wild boar","PIG",1,"slope",0.292739641728996,0.569858648515129,1.34009384064553
2256,"Wild boar","PIG",1,"slope",0.305988848080534,0.568626011177088,1.3579671676063
2257,"Wild boar","PIG",1,"slope",0.311149082053811,0.577471301798315,1.36499270204976
2258,"Wild boar","PIG",1,"slope",0.325953280834048,0.571574532407572,1.38535064656188
2259,"Wild boar","PIG",1,"slope",0.345567774085965,0.561362683201699,1.41279185491765
2260,"Wild boar","PIG",1,"slope",0.364979386813271,0.564646200239347,1.44048431856011
2261,"Wild boar","PIG",1,"slope",0.372089449807857,0.576932661968408,1.45076275025208
2262,"Wild boar","PIG",1,"slope",0.407838080570693,0.556141351449408,1.50356369249011
2263,"Wild boar","PIG",1,"slope",0.44684393202759,0.551621338096776,1.56337029017026
2264,"Wild boar","PIG",1,"slope",0.480584581881847,0.556830756114638,1.6170194066044
2265,"Wild boar","PIG",1,"slope",0.532053151708269,0.565743059651131,1.70242410089377
2266,"Wild boar","PIG",1,"slope",0.574648573793163,0.558613815556856,1.7765061064042
2267,"Wild boar","PIG",1,"slope",0.608481419280596,0.570430963275271,1.83763868242923
2268,"Wild boar","PIG",1,"slope",0.657824395010113,0.589940725910877,1.93058756813557
2269,"Wild boar","PIG",1,"slope",0.705915558705634,0.576174355022919,2.02570050420583
2270,"Wild boar","PIG",1,"slope",0.767869269081223,0.592684739092241,2.15516928071851
2271,"Wild boar","PIG",1,"slope",0.793964199056763,0.592595574960703,2.21214847051185
2272,"Wild boar","PIG",1,"slope",0.801515533746644,0.606704511188914,2.22891681594643
2273,"Wild boar","PIG",1,"slope",0.783323274770797,0.62658552360911,2.18873395841086
2274,"Wild boar","PIG",1,"slope",0.751797664356735,0.64597999672805,2.12080910118807
2275,"Wild boar","PIG",1,"slope",0.74262875211449,0.658982321084357,2.10145245757139
2276,"Wild boar","PIG",1,"slope",0.734207051484899,0.715581740371347,2.08382897046375
2277,"Wild boar","PIG",1,"slope",0.709501818613307,0.851735103259376,2.0329782276961
2278,"Wild boar","PIG",1,"slope",0.182476518636836,0.893326245316686,1.20018596912277
2279,"Wild boar","PIG",1,"slope",0.169442580891921,0.774246489716832,1.18464438949692
2280,"Wild boar","PIG",1,"slope",0.170701579480508,0.718363760408801,1.18613673990227
2281,"Wild boar","PIG",1,"slope",0.168392450427862,0.692815933927877,1.18340102180879
2282,"Wild boar","PIG",1,"slope",0.200372790591163,0.65602420489786,1.22185817126281
2283,"Wild boar","PIG",1,"slope",0.194450689396448,0.637219306460494,1.21464361291324
2284,"Wild boar","PIG",1,"slope",0.192723968360268,0.648535091451912,1.21254806611615
2285,"Wild boar","PIG",1,"slope",0.21317635632049,0.625371551385166,1.2376028970931
2286,"Wild boar","PIG",1,"slope",0.236974178771143,0.612642628019588,1.26740839743206
2287,"Wild boar","PIG",1,"slope",0.227915108789762,0.606448195068967,1.25597870453162
2288,"Wild boar","PIG",1,"slope",0.26045080405858,0.604147972002012,1.29751488081048
2289,"Wild boar","PIG",1,"slope",0.27578950217655,0.583682648261977,1.31757049953026
2290,"Wild boar","PIG",1,"slope",0.296507097497948,0.570854901353197,1.34515210944355
2291,"Wild boar","PIG",1,"slope",0.313215438942924,0.576010719649019,1.36781621312133
2292,"Wild boar","PIG",1,"slope",0.298507662423161,0.569930399526889,1.347845867912
2293,"Wild boar","PIG",1,"slope",0.30979826051707,0.572336110847335,1.36315010377668
2294,"Wild boar","PIG",1,"slope",0.318030338392679,0.56944220414181,1.37441796130216
2295,"Wild boar","PIG",1,"slope",0.315527338714664,0.56714418749781,1.37098222622796
2296,"Wild boar","PIG",1,"slope",0.32793144538785,0.570588415116908,1.38809383166382
2297,"Wild boar","PIG",1,"slope",0.349742484179137,0.568895123179965,1.41870221284628
2298,"Wild boar","PIG",1,"slope",0.33812820181181,0.564769303178396,1.40232027555193
2299,"Wild boar","PIG",1,"slope",0.392931117942378,0.564691519072118,1.48131641456737
2300,"Wild boar","PIG",1,"slope",0.411602228026091,0.558047880381906,1.50923398595849
2301,"Wild boar","PIG",1,"slope",0.45816070853193,0.561599138984856,1.58116309928036
2302,"Wild boar","PIG",1,"slope",0.499761846448786,0.558532372391978,1.64832870602164
2303,"Wild boar","PIG",1,"slope",0.53763040099863,0.567584470396592,1.71194543700959
2304,"Wild boar","PIG",1,"slope",0.586317238296058,0.573364354242351,1.79735699274979
2305,"Wild boar","PIG",1,"slope",0.642245337128504,0.573034021312465,1.9007439081364
2306,"Wild boar","PIG",1,"slope",0.733189755973302,0.58317075610936,2.08171017745188
2307,"Wild boar","PIG",1,"slope",0.782216170432732,0.582290807517734,2.18631214122781
2308,"Wild boar","PIG",1,"slope",0.819912579604309,0.592823156806294,2.27030136730723
2309,"Wild boar","PIG",1,"slope",0.813811227111687,0.608701222230605,2.25649162124019
2310,"Wild boar","PIG",1,"slope",0.793445070787155,0.618919692673414,2.21100037532123
2311,"Wild boar","PIG",1,"slope",0.762124050428136,0.639827528992413,2.14282288458726
2312,"Wild boar","PIG",1,"slope",0.759076910816627,0.674072764681183,2.13630336303683
2313,"Wild boar","PIG",1,"slope",0.728215553881992,0.729618681450924,2.07138104786865
2314,"Wild boar","PIG",1,"slope",0.152205411005816,0.775482919310824,1.16439948013213
2315,"Wild boar","PIG",1,"slope",0.155037859971133,0.712177978753959,1.16770217935224
2316,"Wild boar","PIG",1,"slope",0.178261855788126,0.673190102294293,1.19513823414932
2317,"Wild boar","PIG",1,"slope",0.183659130853927,0.659249638060186,1.20160616452433
2318,"Wild boar","PIG",1,"slope",0.183770480576734,0.646677263276341,1.2017399723802
2319,"Wild boar","PIG",1,"slope",0.193102570835063,0.635864558824592,1.21300720825033
2320,"Wild boar","PIG",1,"slope",0.213760381136241,0.623584329020519,1.2383258930625
2321,"Wild boar","PIG",1,"slope",0.215382024757456,0.609869296231944,1.2403356491551
2322,"Wild boar","PIG",1,"slope",0.241720476389963,0.610744682022356,1.27343835793059
2323,"Wild boar","PIG",1,"slope",0.269967000441512,0.600570282007881,1.30992122325614
2324,"Wild boar","PIG",1,"slope",0.306993514565182,0.578864286357168,1.35933215391516
2325,"Wild boar","PIG",1,"slope",0.336406925872197,0.575680901985769,1.3999085784186
2326,"Wild boar","PIG",1,"slope",0.342979591767307,0.5596245863011,1.40914000358522
2327,"Wild boar","PIG",1,"slope",0.334739042403288,0.574896615503693,1.39757563020325
2328,"Wild boar","PIG",1,"slope",0.311567639631888,0.570279286919905,1.36556419030266
2329,"Wild boar","PIG",1,"slope",0.31981905324813,0.574461856522141,1.37687861699607
2330,"Wild boar","PIG",1,"slope",0.318219507077895,0.571618956106344,1.37467802500529
2331,"Wild boar","PIG",1,"slope",0.330505146922241,0.566067147507377,1.39167095061357
2332,"Wild boar","PIG",1,"slope",0.337374626791896,0.557126007320274,1.40126391651609
2333,"Wild boar","PIG",1,"slope",0.350090655261813,0.562758383724201,1.41919620057283
2334,"Wild boar","PIG",1,"slope",0.351842402021144,0.568818504571875,1.42168445179973
2335,"Wild boar","PIG",1,"slope",0.383014413660226,0.568278873330295,1.46669919260672
2336,"Wild boar","PIG",1,"slope",0.396853443275181,0.551304862783544,1.48713797436479
2337,"Wild boar","PIG",1,"slope",0.435004474245226,0.54554255073877,1.54496997345143
2338,"Wild boar","PIG",1,"slope",0.473112199971575,0.548397339019141,1.60498145176654
2339,"Wild boar","PIG",1,"slope",0.531438825224949,0.55902018757729,1.70137853524706
2340,"Wild boar","PIG",1,"slope",0.629936376401499,0.573155078677571,1.87749115109269
2341,"Wild boar","PIG",1,"slope",0.715245395370197,0.56927215676057,2.04468839200908
2342,"Wild boar","PIG",1,"slope",0.844671139935616,0.584116281227049,2.32721236365384
2343,"Wild boar","PIG",1,"slope",0.910875178532603,0.588775109341113,2.48649811198772
2344,"Wild boar","PIG",1,"slope",0.893795208541949,0.602893731529756,2.44438913910762
2345,"Wild boar","PIG",1,"slope",0.820467164029201,0.619805691519063,2.27156080126386
2346,"Wild boar","PIG",1,"slope",0.771046562040896,0.651271760656515,2.16202778911372
2347,"Wild boar","PIG",1,"slope",0.755666428648424,0.672179928136211,2.12902989766498
2348,"Wild boar","PIG",1,"slope",0.740682949729768,0.748175711449817,2.09736743482511
2349,"Wild boar","PIG",1,"slope",0.173784391055924,0.796916162652746,1.18979900686075
2350,"Wild boar","PIG",1,"slope",0.151695428233026,0.710454556643742,1.16380572192034
2351,"Wild boar","PIG",1,"slope",0.150633607809899,0.684422856612574,1.16257067383225
2352,"Wild boar","PIG",1,"slope",0.173607761038672,0.659867653253672,1.18958887869755
2353,"Wild boar","PIG",1,"slope",0.185830943465488,0.641866570433134,1.20421875459402
2354,"Wild boar","PIG",1,"slope",0.179441984709054,0.627905976891328,1.19654951057648
2355,"Wild boar","PIG",1,"slope",0.208993555003486,0.624446328597841,1.23243705548202
2356,"Wild boar","PIG",1,"slope",0.233230976400928,0.616751802568672,1.26267318644104
2357,"Wild boar","PIG",1,"slope",0.24096461064085,0.601507342833062,1.27247600442507
2358,"Wild boar","PIG",1,"slope",0.25518209957119,0.586942052392011,1.29069669791839
2359,"Wild boar","PIG",1,"slope",0.318873445089004,0.580160231976051,1.3755772285043
2360,"Wild boar","PIG",1,"slope",0.415006753515389,0.542873285669683,1.51438096828077
2361,"Wild boar","PIG",1,"slope",0.446753145619495,0.542631097033161,1.5632283692607
2362,"Wild boar","PIG",1,"slope",0.342121109608146,0.562281055461061,1.40793080906127
2363,"Wild boar","PIG",1,"slope",0.313898312394625,0.575270188726289,1.36875054505491
2364,"Wild boar","PIG",1,"slope",0.303676020846091,0.570932269895157,1.3548300536741
2365,"Wild boar","PIG",1,"slope",0.328567849263954,0.563949949968745,1.38897748089726
2366,"Wild boar","PIG",1,"slope",0.349437069180286,0.528231838948609,1.41826897834135
2367,"Wild boar","PIG",1,"slope",0.329480725508849,0.541107740072636,1.39024602170046
2368,"Wild boar","PIG",1,"slope",0.318969015684386,0.569377112827105,1.37570870090775
2369,"Wild boar","PIG",1,"slope",0.318099969443329,0.571625835301293,1.37451366434076
2370,"Wild boar","PIG",1,"slope",0.341629581754698,0.568175378146528,1.40723893820839
2371,"Wild boar","PIG",1,"slope",0.360385535111983,0.553265907090914,1.43388212380486
2372,"Wild boar","PIG",1,"slope",0.375745524854997,0.491981042580378,1.45607661865753
2373,"Wild boar","PIG",1,"slope",0.423208002716779,0.524815962702229,1.52685188507689
2374,"Wild boar","PIG",1,"slope",0.498960856749997,0.563709295122123,1.64700890670367
2375,"Wild boar","PIG",1,"slope",0.579979423521422,0.567452385961286,1.78600170486765
2376,"Wild boar","PIG",1,"slope",0.677996081506132,0.574690941374576,1.96992639323804
2377,"Wild boar","PIG",1,"slope",0.83207468199959,0.57703293534645,2.29808158792551
2378,"Wild boar","PIG",1,"slope",1.32560244613883,0.554518530922096,3.76445260404704
2379,"Wild boar","PIG",1,"slope",0.901215105171989,0.603268116544577,2.46259362549295
2380,"Wild boar","PIG",1,"slope",0.804270558760773,0.624150048741777,2.23506555565982
2381,"Wild boar","PIG",1,"slope",0.753997101238045,0.641375276977393,2.12547884991046
2382,"Wild boar","PIG",1,"slope",0.728065151683587,0.692538542915198,2.07106952603562
2383,"Wild boar","PIG",1,"slope",0.715589283276321,0.756053497811657,2.04539164270858
2384,"Wild boar","PIG",1,"slope",0.713503939814113,0.884167651520112,2.04113080331828
2385,"Wild boar","PIG",1,"slope",0.143839713758499,0.779781624930441,1.15469902677572
2386,"Wild boar","PIG",1,"slope",0.148153058793566,0.711056031071,1.15969042978766
2387,"Wild boar","PIG",1,"slope",0.168437371427371,0.677832557856457,1.18345410763576
2388,"Wild boar","PIG",1,"slope",0.176445015984032,0.657221640538007,1.19296883135641
2389,"Wild boar","PIG",1,"slope",0.17080851233204,0.644880303973092,1.18626357337013
2390,"Wild boar","PIG",1,"slope",0.195297130372181,0.627390026098537,1.2156721459846
2391,"Wild boar","PIG",1,"slope",0.21489568500698,0.622999039641177,1.23973263550734
2392,"Wild boar","PIG",1,"slope",0.213897267909714,0.608526761002164,1.23849541506711
2393,"Wild boar","PIG",1,"slope",0.242795524528699,0.604994633263129,1.27480796982736
2394,"Wild boar","PIG",1,"slope",0.260914335504793,0.593329244810244,1.29811645820099
2395,"Wild boar","PIG",1,"slope",0.300097479524853,0.581687701570295,1.34999044866827
2396,"Wild boar","PIG",1,"slope",0.351939484539363,0.565656585278502,1.42182251563964
2397,"Wild boar","PIG",1,"slope",0.36709762834553,0.557647967768575,1.44353884254789
2398,"Wild boar","PIG",1,"slope",0.335509651948394,0.567050098718132,1.3986530324712
2399,"Wild boar","PIG",1,"slope",0.311948351461488,0.575370384170228,1.36608413520593
2400,"Wild boar","PIG",1,"slope",0.282306291052121,0.567991502339118,1.32618485745282
2401,"Wild boar","PIG",1,"slope",0.281641467966911,0.566971359167842,1.32530353533496
2402,"Wild boar","PIG",1,"slope",0.29839776821964,0.551677741166685,1.34769775270703
2403,"Wild boar","PIG",1,"slope",0.274197797173877,0.549776113103658,1.31547501427251
2404,"Wild boar","PIG",1,"slope",0.272761496755616,0.566465493303804,1.31358691273297
2405,"Wild boar","PIG",1,"slope",0.277052536278843,0.579865037700395,1.31923567731905
2406,"Wild boar","PIG",1,"slope",0.278766530859099,0.572874721518967,1.32149877867731
2407,"Wild boar","PIG",1,"slope",0.292796302829952,0.558092941853144,1.34016977716408
2408,"Wild boar","PIG",1,"slope",0.319334771011749,0.532412297334086,1.37621197096875
2409,"Wild boar","PIG",1,"slope",0.379810320743618,0.543757664756762,1.4620072598076
2410,"Wild boar","PIG",1,"slope",0.418893195508719,0.566138415444628,1.5202779827723
2411,"Wild boar","PIG",1,"slope",0.504135527900846,0.574446102909118,1.65555372168002
2412,"Wild boar","PIG",1,"slope",0.598234433313433,0.573829232292702,1.8189045666708
2413,"Wild boar","PIG",1,"slope",0.753416170159181,0.569192943316483,2.12424446220776
2414,"Wild boar","PIG",1,"slope",0.953019402657354,0.588495991687463,2.59352875951004
2415,"Wild boar","PIG",1,"slope",0.839168427698456,0.5884182995251,2.31444155230166
2416,"Wild boar","PIG",1,"slope",0.750970795722753,0.625172737877941,2.11905623590908
2417,"Wild boar","PIG",1,"slope",0.718550951999808,0.657989206563267,2.05145839571031
2418,"Wild boar","PIG",1,"slope",0.697758732909941,0.699621702277237,2.00924444340705
2419,"Wild boar","PIG",1,"slope",0.712514252915465,0.76191100056112,2.03911166264932
2420,"Wild boar","PIG",1,"slope",0.713786819003512,0.899336573715452,2.04170836900707
2421,"Wild boar","PIG",1,"slope",0.148468829970216,0.880351605237502,1.16005663853871
2422,"Wild boar","PIG",1,"slope",0.151722623480895,0.760154330362757,1.16383738067048
2423,"Wild boar","PIG",1,"slope",0.147373480505206,0.71313529957729,1.15878666666137
2424,"Wild boar","PIG",1,"slope",0.154095011355183,0.677943017392533,1.16660172200025
2425,"Wild boar","PIG",1,"slope",0.164697734772016,0.651751530459522,1.17903668384907
2426,"Wild boar","PIG",1,"slope",0.159462955632786,0.648531462463658,1.17288083995581
2427,"Wild boar","PIG",1,"slope",0.185905916581106,0.633831099873911,1.20430894962643
2428,"Wild boar","PIG",1,"slope",0.184783891203372,0.624948404857314,1.20295844580784
2429,"Wild boar","PIG",1,"slope",0.208731062306395,0.605129899888637,1.23211361012741
2430,"Wild boar","PIG",1,"slope",0.229139777194721,0.598902117601895,1.25751779965398
2431,"Wild boar","PIG",1,"slope",0.263520318001733,0.583637579631209,1.3015037452851
2432,"Wild boar","PIG",1,"slope",0.270659671139105,0.5746088333479,1.31082888426867
2433,"Wild boar","PIG",1,"slope",0.292975878538244,0.569660985551621,1.34041046565722
2434,"Wild boar","PIG",1,"slope",0.298947659711996,0.569898154168215,1.34843905032193
2435,"Wild boar","PIG",1,"slope",0.28983189759054,0.576425712749476,1.33620286761235
2436,"Wild boar","PIG",1,"slope",0.26066130056406,0.585772688647412,1.29778803677938
2437,"Wild boar","PIG",1,"slope",0.258340434448241,0.572289453616557,1.29477953224678
2438,"Wild boar","PIG",1,"slope",0.257602384147542,0.570863327106067,1.29382427131522
2439,"Wild boar","PIG",1,"slope",0.224620729588407,0.570403150504786,1.2518478373798
2440,"Wild boar","PIG",1,"slope",0.235833405610378,0.566233821445575,1.26596343954397
2441,"Wild boar","PIG",1,"slope",0.236693470079955,0.572811123807997,1.26705267118526
2442,"Wild boar","PIG",1,"slope",0.221233930508232,0.577714000558079,1.24761525170168
2443,"Wild boar","PIG",1,"slope",0.237344394355975,0.580644332747005,1.26787770609998
2444,"Wild boar","PIG",1,"slope",0.248941284383729,0.566812034521561,1.28266672301318
2445,"Wild boar","PIG",1,"slope",0.274599163493411,0.561793483338147,1.31600306725412
2446,"Wild boar","PIG",1,"slope",0.304544127831671,0.569910334102239,1.35600671384982
2447,"Wild boar","PIG",1,"slope",0.359316069576181,0.581311738843027,1.43234946397333
2448,"Wild boar","PIG",1,"slope",0.420776588069428,0.57867375357706,1.52314397352664
2449,"Wild boar","PIG",1,"slope",0.501916451537269,0.567859760057349,1.65188401631968
2450,"Wild boar","PIG",1,"slope",0.60077640619664,0.578465915837412,1.82353405442574
2451,"Wild boar","PIG",1,"slope",0.661114087507589,0.589708627652504,1.93694907435005
2452,"Wild boar","PIG",1,"slope",0.682904159777005,0.60764533317704,1.97961852285729
2453,"Wild boar","PIG",1,"slope",0.674165977929912,0.626275268220602,1.96239567812778
2454,"Wild boar","PIG",1,"slope",0.651961797863187,0.67148936000406,1.91930242213463
2455,"Wild boar","PIG",1,"slope",0.657191063512232,0.725702779336031,1.92936527340405
2456,"Wild boar","PIG",1,"slope",0.675479324720066,0.813863927625951,1.9649748283467
2457,"Wild boar","PIG",1,"slope",0.135862749041495,0.856930052221111,1.1455246604314
2458,"Wild boar","PIG",1,"slope",0.136638965677433,0.743937045663924,1.14641417918506
2459,"Wild boar","PIG",1,"slope",0.129399289507766,0.705687984082308,1.13814448279583
2460,"Wild boar","PIG",1,"slope",0.149261645218796,0.669699578342131,1.16097672286532
2461,"Wild boar","PIG",1,"slope",0.147926694206805,0.662732010601412,1.15942792467723
2462,"Wild boar","PIG",1,"slope",0.178535737866498,0.641527435001402,1.19546561372245
2463,"Wild boar","PIG",1,"slope",0.181045444757604,0.652975375511142,1.19846965706297
2464,"Wild boar","PIG",1,"slope",0.194001213071194,0.637863539730901,1.21409775813924
2465,"Wild boar","PIG",1,"slope",0.182539220654644,0.621311052129707,1.20026133934213
2466,"Wild boar","PIG",1,"slope",0.218547237047467,0.599807259117426,1.24426779176893
2467,"Wild boar","PIG",1,"slope",0.226288640330146,0.595223138644906,1.25393756455858
2468,"Wild boar","PIG",1,"slope",0.24973963254844,0.574981112413494,1.28369114178265
2469,"Wild boar","PIG",1,"slope",0.238753065239891,0.564945065845131,1.26966497414764
2470,"Wild boar","PIG",1,"slope",0.259799743918091,0.570253174216756,1.29667039453432
2471,"Wild boar","PIG",1,"slope",0.240210195783305,0.567704844201627,1.27151650412047
2472,"Wild boar","PIG",1,"slope",0.220891018077956,0.570549283296816,1.24718750239947
2473,"Wild boar","PIG",1,"slope",0.217666027015625,0.567351913603496,1.243171826661
2474,"Wild boar","PIG",1,"slope",0.194659693117439,0.572825263063209,1.21489748197795
2475,"Wild boar","PIG",1,"slope",0.197867507151151,0.584647714785887,1.21880090633145
2476,"Wild boar","PIG",1,"slope",0.174690831373885,0.571563482364233,1.19087798064135
2477,"Wild boar","PIG",1,"slope",0.186793391656758,0.578990530277615,1.20537824531407
2478,"Wild boar","PIG",1,"slope",0.199578423257098,0.576495840713075,1.22088797974329
2479,"Wild boar","PIG",1,"slope",0.184146559157502,0.5787427546117,1.2021920040486
2480,"Wild boar","PIG",1,"slope",0.211344023957163,0.573352907974432,1.2353372690396
2481,"Wild boar","PIG",1,"slope",0.199682984276289,0.568814585755325,1.22101562979303
2482,"Wild boar","PIG",1,"slope",0.238518986136051,0.580094083269217,1.26936781177172
2483,"Wild boar","PIG",1,"slope",0.27156324017765,0.581792205219536,1.31201385447471
2484,"Wild boar","PIG",1,"slope",0.306732304270533,0.578603089318881,1.35897712720218
2485,"Wild boar","PIG",1,"slope",0.378807745269211,0.576043445633205,1.46054221336013
2486,"Wild boar","PIG",1,"slope",0.427360886866846,0.575822327057272,1.53320587583457
2487,"Wild boar","PIG",1,"slope",0.485557619747115,0.593854092537858,1.62508119423783
2488,"Wild boar","PIG",1,"slope",0.528820733473346,0.608473430504427,1.69693000402864
2489,"Wild boar","PIG",1,"slope",0.556737755871898,0.637811832108904,1.74497069180552
2490,"Wild boar","PIG",1,"slope",0.572038465970116,0.691004096695205,1.77187528684548
2491,"Wild boar","PIG",1,"slope",0.586831676326294,0.775864079988247,1.79828184751087
2492,"Wild boar","PIG",1,"slope",0.129568871052551,0.880874345971402,1.13833753674456
2493,"Wild boar","PIG",1,"slope",0.136829316447755,0.753041568040867,1.14663242377719
2494,"Wild boar","PIG",1,"slope",0.13698001016742,0.696302497847041,1.14680527711203
2495,"Wild boar","PIG",1,"slope",0.144790057671667,0.678874682075014,1.15579690242464
2496,"Wild boar","PIG",1,"slope",0.138159369503544,0.656042319493952,1.14815851731421
2497,"Wild boar","PIG",1,"slope",0.148441843237588,0.650414066544158,1.16002533831048
2498,"Wild boar","PIG",1,"slope",0.169509658318931,0.638447530699098,1.18472379285291
2499,"Wild boar","PIG",1,"slope",0.178125906148551,0.631143366591252,1.19497576786139
2500,"Wild boar","PIG",1,"slope",0.174256289347565,0.622526802513063,1.19036061422242
2501,"Wild boar","PIG",1,"slope",0.195360233816698,0.598037179494259,1.21574887130076
2502,"Wild boar","PIG",1,"slope",0.210345686947525,0.58234857373026,1.23410460064298
2503,"Wild boar","PIG",1,"slope",0.21359910310719,0.586021435432391,1.23812620999976
2504,"Wild boar","PIG",1,"slope",0.221323667503071,0.565072431383374,1.24772721400655
2505,"Wild boar","PIG",1,"slope",0.226869940413244,0.566487224258962,1.25466667606709
2506,"Wild boar","PIG",1,"slope",0.199267754593253,0.564895417209236,1.22050875946416
2507,"Wild boar","PIG",1,"slope",0.189318592043428,0.56616815264986,1.20842589113043
2508,"Wild boar","PIG",1,"slope",0.173316607858933,0.575148416863633,1.18924257028137
2509,"Wild boar","PIG",1,"slope",0.136612702508623,0.577072422856359,1.14638407606852
2510,"Wild boar","PIG",1,"slope",0.12137512212074,0.577293944043937,1.12904840386871
2511,"Wild boar","PIG",1,"slope",0.11164455622508,0.576950355971825,1.1181153628822
2512,"Wild boar","PIG",1,"slope",0.127819289690804,0.585434968937649,1.13634763679295
2513,"Wild boar","PIG",1,"slope",0.128925453710223,0.585346689318705,1.13760532037133
2514,"Wild boar","PIG",1,"slope",0.132887106965437,0.576696712817173,1.14212105639344
2515,"Wild boar","PIG",1,"slope",0.136676298767574,0.56602981541226,1.1464569800587
2516,"Wild boar","PIG",1,"slope",0.156097198337971,0.572463758764832,1.16893981746856
2517,"Wild boar","PIG",1,"slope",0.165777304340519,0.574537122441696,1.18031022334554
2518,"Wild boar","PIG",1,"slope",0.192301715910939,0.584791955752567,1.21203615347286
2519,"Wild boar","PIG",1,"slope",0.212082077650285,0.574607114470157,1.23624935198657
2520,"Wild boar","PIG",1,"slope",0.224466324015518,0.579068574436452,1.25165458049668
2521,"Wild boar","PIG",1,"slope",0.252907212914424,0.571938406609115,1.28776378383102
2522,"Wild boar","PIG",1,"slope",0.325123308811542,0.59769957957734,1.38420131981799
2523,"Wild boar","PIG",1,"slope",0.399233605726084,0.615282125321638,1.49068181145
2524,"Wild boar","PIG",1,"slope",0.432359156613438,0.648589921231284,1.54088853032307
2525,"Wild boar","PIG",1,"slope",0.487569830596582,0.723557220232273,1.62835425519346
2526,"Wild boar","PIG",1,"slope",0.113429264288068,0.739662503432604,1.12011265717815
2527,"Wild boar","PIG",1,"slope",0.129216935743454,0.694152295910181,1.13793696754791
2528,"Wild boar","PIG",1,"slope",0.11784096806745,0.683386200624855,1.12506517664953
2529,"Wild boar","PIG",1,"slope",0.136286891327347,0.6684210866109,1.1460106307931
2530,"Wild boar","PIG",1,"slope",0.136914384690807,0.659053101576471,1.14673001388568
2531,"Wild boar","PIG",1,"slope",0.144631620392349,0.640170434258355,1.15561378826483
2532,"Wild boar","PIG",1,"slope",0.153623823056446,0.63364255642218,1.1660521630424
2533,"Wild boar","PIG",1,"slope",0.156952206373634,0.61653756647837,1.16993970639266
2534,"Wild boar","PIG",1,"slope",0.16947894904183,0.607721016503333,1.18468740841918
2535,"Wild boar","PIG",1,"slope",0.178524384824784,0.586103015741099,1.195452034048
2536,"Wild boar","PIG",1,"slope",0.192825413450935,0.580027342707801,1.21267106905818
2537,"Wild boar","PIG",1,"slope",0.206532583236176,0.562600919281834,1.22940779294319
2538,"Wild boar","PIG",1,"slope",0.235309143428451,0.5443060488283,1.26529986743778
2539,"Wild boar","PIG",1,"slope",0.205064371896712,0.54969884419034,1.22760408942573
2540,"Wild boar","PIG",1,"slope",0.169839206860417,0.569642061398283,1.18511428043344
2541,"Wild boar","PIG",1,"slope",0.12540204268981,0.569395663466341,1.13360412271513
2542,"Wild boar","PIG",1,"slope",0.0844644904768969,0.574929626952522,1.08813420443223
2543,"Wild boar","PIG",1,"slope",0.0571475431719423,0.578802177454951,1.05881203988372
2544,"Wild boar","PIG",1,"slope",0.0504500522348709,0.56818385474694,1.05174437288133
2545,"Wild boar","PIG",1,"slope",0.0560093456991815,0.583314365172007,1.05760756853782
2546,"Wild boar","PIG",1,"slope",0.0705819210851438,0.578280252027337,1.07313249851807
2547,"Wild boar","PIG",1,"slope",0.0850717716561913,0.58128641435421,1.08879520956893
2548,"Wild boar","PIG",1,"slope",0.0833599794796525,0.567776544920824,1.08693301268474
2549,"Wild boar","PIG",1,"slope",0.0846964207001862,0.564623958422934,1.08838660490999
2550,"Wild boar","PIG",1,"slope",0.101483908231814,0.567649731764475,1.10681211822027
2551,"Wild boar","PIG",1,"slope",0.128090714756038,0.576112991018322,1.13665611149337
2552,"Wild boar","PIG",1,"slope",0.12146851225782,0.576880938252764,1.1291538179092
2553,"Wild boar","PIG",1,"slope",0.0648468152873017,0.531187487362599,1.06699556459063
2554,"Wild boar","PIG",1,"slope",0.0279435017431509,0.514673307536931,1.02833758421673
2555,"Wild boar","PIG",1,"slope",0.213815985997623,0.595964815734969,1.23839475314665
2556,"Wild boar","PIG",1,"slope",0.283327627625443,0.624703277182087,1.3275400379886
2557,"Wild boar","PIG",1,"slope",0.361949358023117,0.675597033236626,1.43612622951724
2558,"Wild boar","PIG",1,"slope",0.376805175272339,0.802248307427761,1.45762030157171
2559,"Wild boar","PIG",1,"slope",0.0987253728061713,0.868420760862629,1.10376315486176
2560,"Wild boar","PIG",1,"slope",0.107211246095271,0.744720649316551,1.11316942983401
2561,"Wild boar","PIG",1,"slope",0.106703237663604,0.701960008168267,1.11260403057818
2562,"Wild boar","PIG",1,"slope",0.101668580386957,0.682238949573975,1.10701653099499
2563,"Wild boar","PIG",1,"slope",0.120502892954931,0.67229663979725,1.12806400579696
2564,"Wild boar","PIG",1,"slope",0.123497831755581,0.658095014354011,1.13144755430718
2565,"Wild boar","PIG",1,"slope",0.136754398492589,0.633711517298799,1.14654656792395
2566,"Wild boar","PIG",1,"slope",0.126501619752691,0.623327130077797,1.13485129163103
2567,"Wild boar","PIG",1,"slope",0.132817617049491,0.617253097241184,1.14204170995442
2568,"Wild boar","PIG",1,"slope",0.128747434483903,0.603128228505182,1.13740282378185
2569,"Wild boar","PIG",1,"slope",0.137836508021587,0.58633358165037,1.147787885778
2570,"Wild boar","PIG",1,"slope",0.16461042944854,0.579624340163469,1.17893375137011
2571,"Wild boar","PIG",1,"slope",0.184804897497792,0.561798195320827,1.20298371415288
2572,"Wild boar","PIG",1,"slope",0.28609388074451,0.46079635215073,1.33121742508058
2573,"Wild boar","PIG",1,"slope",0.220211021968178,0.534547635093055,1.24633970986009
2574,"Wild boar","PIG",1,"slope",0.123444380762647,0.572407330607592,1.13138707591216
2575,"Wild boar","PIG",1,"slope",0.0827483761679836,0.569776777588745,1.08626844350013
2576,"Wild boar","PIG",1,"slope",0.0358404366808611,0.572673488312918,1.03649045184473
2577,"Wild boar","PIG",1,"slope",-0.0687871656864213,0.545364635696979,0.933525345512366
2578,"Wild boar","PIG",1,"slope",-0.0361784708471209,0.55330472992542,0.964468149834937
2579,"Wild boar","PIG",1,"slope",0.0246770164855714,0.577829577769212,1.02498401621949
2580,"Wild boar","PIG",1,"slope",0.0380834298846203,0.592556606526303,1.03881790767094
2581,"Wild boar","PIG",1,"slope",0.0253266829406495,0.58459891493944,1.02565012821888
2582,"Wild boar","PIG",1,"slope",0.0297981618328084,0.571126389273899,1.03024658509045
2583,"Wild boar","PIG",1,"slope",-0.0438655411833088,0.498903254522358,0.95708263705177
2584,"Wild boar","PIG",1,"slope",0.0197652382734664,0.549621792258817,1.01996186393038
2585,"Wild boar","PIG",1,"slope",0.0681935476100764,0.5760141031871,1.07057250119867
2586,"Wild boar","PIG",1,"slope",0.0721389604064938,0.57724971905742,1.07480471394571
2587,"Wild boar","PIG",1,"slope",0.0347761566497796,0.544278335412982,1.03538792268898
2588,"Wild boar","PIG",1,"slope",0.0351592182174861,0.547494466914257,1.03578461597857
2589,"Wild boar","PIG",1,"slope",0.14210048433559,0.593594945586565,1.15269247067786
2590,"Wild boar","PIG",1,"slope",0.206315579505467,0.641550756305253,1.22914104599283
2591,"Wild boar","PIG",1,"slope",0.263510515673584,0.705774891555243,1.30149098323874
2592,"Wild boar","PIG",1,"slope",0.0953569019248123,0.813219580918892,1.10005141252095
2593,"Wild boar","PIG",1,"slope",0.107205679655942,0.738690237706442,1.11316320048128
2594,"Wild boar","PIG",1,"slope",0.0846425680118075,0.707730565087868,1.08832802575317
2595,"Wild boar","PIG",1,"slope",0.099752649887182,0.689281868410298,1.10489758852574
2596,"Wild boar","PIG",1,"slope",0.0947089527174137,0.670063398494663,1.09933885106967
2597,"Wild boar","PIG",1,"slope",0.12123835986942,0.647370762736728,1.12889396361535
2598,"Wild boar","PIG",1,"slope",0.110019016535314,0.629657402767495,1.11629929841286
2599,"Wild boar","PIG",1,"slope",0.0960984280565014,0.622021370063867,1.10086741534338
2600,"Wild boar","PIG",1,"slope",0.0887008725543689,0.621111974551705,1.09275376879075
2601,"Wild boar","PIG",1,"slope",0.102509774535382,0.609004808422915,1.1079481349267
2602,"Wild boar","PIG",1,"slope",0.100004878991902,0.598172933870976,1.10517633353354
2603,"Wild boar","PIG",1,"slope",0.116145866265166,0.582305375410002,1.12315973113024
2604,"Wild boar","PIG",1,"slope",0.138259610905368,0.563477432558776,1.14827362138498
2605,"Wild boar","PIG",1,"slope",0.140082788044471,0.55378189356793,1.15036903189791
2606,"Wild boar","PIG",1,"slope",0.127831716974692,0.562395538655199,1.13636175699582
2607,"Wild boar","PIG",1,"slope",0.0845245130315365,0.571443298910685,1.08819951928653
2608,"Wild boar","PIG",1,"slope",0.0540206604134451,0.580516878121306,1.05550640953788
2609,"Wild boar","PIG",1,"slope",0.00504299383036742,0.577421437266796,1.00505574696852
2610,"Wild boar","PIG",1,"slope",-0.00338712552898374,0.582431764444794,0.996618604325469
2611,"Wild boar","PIG",1,"slope",-0.0271564511499769,0.579263449640439,0.973208970090213
2612,"Wild boar","PIG",1,"slope",0.00316685304028438,0.589779591016967,1.0031718735728
2613,"Wild boar","PIG",1,"slope",0.0193870780174071,0.588807148863943,1.01957622934791
2614,"Wild boar","PIG",1,"slope",0.0297890345323072,0.592179805565702,1.03023716801379
2615,"Wild boar","PIG",1,"slope",-0.0125898632799585,0.590312638906747,0.987489061236474
2616,"Wild boar","PIG",1,"slope",0.0176354493965542,0.583461732139164,1.01779187405234
2617,"Wild boar","PIG",1,"slope",0.0435855662827641,0.58067618852034,1.0445493701633
2618,"Wild boar","PIG",1,"slope",0.0434394546257093,0.581096313529583,1.04439675920266
2619,"Wild boar","PIG",1,"slope",0.054855962638783,0.590435088068606,1.05638846398182
2620,"Wild boar","PIG",1,"slope",0.0589539977346334,0.59422111364654,1.06072645323386
2621,"Wild boar","PIG",1,"slope",0.0810581500852885,0.604435072607848,1.08443396384605
2622,"Wild boar","PIG",1,"slope",0.10899224024042,0.623137206590827,1.1151537155449
2623,"Wild boar","PIG",1,"slope",0.151048471667236,0.658558683410721,1.16305303341621
2624,"Wild boar","PIG",1,"slope",0.159892548284815,0.752547252291878,1.17338482759816
2625,"Wild boar","PIG",1,"slope",0.0798816351269278,0.920755949085108,1.08315885246156
2626,"Wild boar","PIG",1,"slope",0.0946797062707782,0.796212998308864,1.09930669769058
2627,"Wild boar","PIG",1,"slope",0.0931236060599248,0.740339222733417,1.09759742360481
2628,"Wild boar","PIG",1,"slope",0.0955864733726606,0.720677093407472,1.1003039864002
2629,"Wild boar","PIG",1,"slope",0.0915989377722913,0.701185268950631,1.09592520470702
2630,"Wild boar","PIG",1,"slope",0.0954578205202983,0.68809552610317,1.10016243792221
2631,"Wild boar","PIG",1,"slope",0.0898092067387391,0.662514659224168,1.09396554384217
2632,"Wild boar","PIG",1,"slope",0.0900470626355557,0.646830582333317,1.09422578404867
2633,"Wild boar","PIG",1,"slope",0.0813918139073336,0.633854368842961,1.08479585670223
2634,"Wild boar","PIG",1,"slope",0.0558267376561942,0.628589815041637,1.05741447405934
2635,"Wild boar","PIG",1,"slope",0.0494134127224774,0.610167979319286,1.05065463862026
2636,"Wild boar","PIG",1,"slope",0.0750085143174186,0.598213736045273,1.07789332929506
2637,"Wild boar","PIG",1,"slope",0.0757856201213072,0.595267319902653,1.07873129108363
2638,"Wild boar","PIG",1,"slope",0.0684981092874359,0.585402087120466,1.07089860370461
2639,"Wild boar","PIG",1,"slope",0.07371486050448,0.573270327503035,1.07649981221065
2640,"Wild boar","PIG",1,"slope",0.0442900489969478,0.578846419019809,1.04528549494969
2641,"Wild boar","PIG",1,"slope",0.0487621478558876,0.583630145032312,1.04997063168712
2642,"Wild boar","PIG",1,"slope",0.0232237325703198,0.583211082073513,1.02349550326075
2643,"Wild boar","PIG",1,"slope",0.011119952609245,0.585799747774782,1.01118204099702
2644,"Wild boar","PIG",1,"slope",-0.00593883360874627,0.59327901102731,0.994078797573979
2645,"Wild boar","PIG",1,"slope",-0.00862257848003187,0.596969326341046,0.991414504097927
2646,"Wild boar","PIG",1,"slope",-0.00441350948882844,0.595147458083128,0.99559625003093
2647,"Wild boar","PIG",1,"slope",0.0114061374242624,0.604896624417275,1.01147143543998
2648,"Wild boar","PIG",1,"slope",0.0230174248001079,0.608268641671272,1.0232843723805
2649,"Wild boar","PIG",1,"slope",0.0296866580732279,0.601104496743921,1.03013170383222
2650,"Wild boar","PIG",1,"slope",0.010866132567532,0.600063307388335,1.01092538348878
2651,"Wild boar","PIG",1,"slope",0.0405133461936945,0.604766496836638,1.04134520857576
2652,"Wild boar","PIG",1,"slope",0.0460552314845213,0.605680515258532,1.0471322440615
2653,"Wild boar","PIG",1,"slope",0.0701881407909444,0.6126570675702,1.07270998328712
2654,"Wild boar","PIG",1,"slope",0.0738549018627318,0.620535667996829,1.07665066316389
2655,"Wild boar","PIG",1,"slope",0.0814009222339989,0.632215993419259,1.0848057496821
2656,"Wild boar","PIG",1,"slope",0.0989055584827635,0.657521916785771,1.10396203905695
2657,"Wild boar","PIG",1,"slope",0.119222813988405,0.683799015642577,1.12662092841645
2658,"Wild boar","PIG",1,"slope",0.109231091112943,0.75904027685394,1.11542008449089
2659,"Wild boar","PIG",1,"slope",0.0845261091168353,0.894155931744226,1.0882012958909
2660,"Wild boar","PIG",1,"slope",0.0892878881224512,0.795493020155296,1.09339540685419
2661,"Wild boar","PIG",1,"slope",0.0913178936783554,0.747969522899322,1.09561727320939
2662,"Wild boar","PIG",1,"slope",0.0979903086244834,0.723386810298173,1.10295209608069
2663,"Wild boar","PIG",1,"slope",0.0953090493637775,0.703432971037248,1.09999875736164
2664,"Wild boar","PIG",1,"slope",0.100558039599466,0.680931419730366,1.10578782009938
2665,"Wild boar","PIG",1,"slope",0.0654621750664535,0.681418906885128,1.0676523547444
2666,"Wild boar","PIG",1,"slope",0.064228750710592,0.651066319319988,1.06633629741915
2667,"Wild boar","PIG",1,"slope",0.046231346847588,0.626940587781361,1.0473166763582
2668,"Wild boar","PIG",1,"slope",0.0462952756050909,0.633395503378944,1.04738363217146
2669,"Wild boar","PIG",1,"slope",0.0232852676711878,0.617360788624763,1.02355848605114
2670,"Wild boar","PIG",1,"slope",0.016850692846448,0.606265723964956,1.01699350889373
2671,"Wild boar","PIG",1,"slope",0.0048953802756088,0.598823225126121,1.00490738483661
2672,"Wild boar","PIG",1,"slope",0.00385269181976137,0.578540194513558,1.00386013475568
2673,"Wild boar","PIG",1,"slope",0.00495719768750982,0.580210415231498,1.00496950672299
2674,"Wild boar","PIG",1,"slope",0.0067001895738127,0.590219895496265,1.0067227121689
2675,"Wild boar","PIG",1,"slope",0.00312509066982279,0.589070771053171,1.00312998485169
2676,"Wild boar","PIG",1,"slope",-0.00295909575632318,0.602410082166972,0.997045278424752
2677,"Wild boar","PIG",1,"slope",-0.005607283984461,0.588118791871451,0.994408437482993
2678,"Wild boar","PIG",1,"slope",-0.00203255751012864,0.603533383779878,0.997969509379066
2679,"Wild boar","PIG",1,"slope",0.00380429620678634,0.596248613343595,1.00381154796995
2680,"Wild boar","PIG",1,"slope",-0.00868844977991912,0.600902437886132,0.991349194588764
2681,"Wild boar","PIG",1,"slope",0.00488033358110215,0.61192994579237,1.0048922618673
2682,"Wild boar","PIG",1,"slope",0.0119007758885697,0.631570611703148,1.011971872138
2683,"Wild boar","PIG",1,"slope",0.0149878671640583,0.611248350163093,1.01510075342776
2684,"Wild boar","PIG",1,"slope",0.0264235063489444,0.618515679203751,1.02677570266503
2685,"Wild boar","PIG",1,"slope",0.0270914604120447,0.61676553926677,1.02746191404922
2686,"Wild boar","PIG",1,"slope",0.0451333106304029,0.622111912593623,1.04616731929642
2687,"Wild boar","PIG",1,"slope",0.0438447652282545,0.62431290682978,1.04482015531666
2688,"Wild boar","PIG",1,"slope",0.0661394683527667,0.645617878133487,1.06837571227605
2689,"Wild boar","PIG",1,"slope",0.0845607575009552,0.655512774838622,1.08823896110506
2690,"Wild boar","PIG",1,"slope",0.0773387508204613,0.671247002836672,1.08040805700308
2691,"Wild boar","PIG",1,"slope",0.0947280380613665,0.703887187488619,1.09935984440754
2692,"Wild boar","PIG",1,"slope",0.107104057330128,0.771142979785802,1.11305006989288
2693,"Wild boar","PIG",1,"slope",0.0794792807763222,0.898418449396503,1.08272316149844
2694,"Wild boar","PIG",1,"slope",0.0867169781580275,0.887305705654461,1.09058799475394
2695,"Wild boar","PIG",1,"slope",0.0930656249203021,0.797331112648792,1.0975337585232
2696,"Wild boar","PIG",1,"slope",0.0884996754547442,0.760364518801856,1.09253389864114
2697,"Wild boar","PIG",1,"slope",0.087255171057994,0.729496409926305,1.09117508512066
2698,"Wild boar","PIG",1,"slope",0.0840559243113083,0.704811850259095,1.08768972144788
2699,"Wild boar","PIG",1,"slope",0.0800316431203744,0.686074612803575,1.083321348032
2700,"Wild boar","PIG",1,"slope",0.0512830709596645,0.664923828016342,1.05262081802922
2701,"Wild boar","PIG",1,"slope",0.0600976878469425,0.657777131439,1.061940281168
2702,"Wild boar","PIG",1,"slope",0.0255286101655416,0.644380315744326,1.02585725579824
2703,"Wild boar","PIG",1,"slope",0.0243690124999216,0.623158182847433,1.02466836362192
2704,"Wild boar","PIG",1,"slope",0.00999278491159434,0.630378273619755,1.01004290085565
2705,"Wild boar","PIG",1,"slope",-0.0192272239720108,0.615755181021274,0.980956446893217
2706,"Wild boar","PIG",1,"slope",-0.0535980351506495,0.600298989328339,0.947813017546917
2707,"Wild boar","PIG",1,"slope",-0.0690961392603875,0.585041551818771,0.933236960353247
2708,"Wild boar","PIG",1,"slope",-0.0716832330299544,0.596065642360749,0.930825704414979
2709,"Wild boar","PIG",1,"slope",-0.0419455456508312,0.586732272795396,0.958921998146809
2710,"Wild boar","PIG",1,"slope",-0.0445101868725106,0.611113701301009,0.956465873284343
2711,"Wild boar","PIG",1,"slope",-0.0392234622954383,0.608293880180498,0.961535836447654
2712,"Wild boar","PIG",1,"slope",-0.0359029269840447,0.619372461160363,0.96473394371846
2713,"Wild boar","PIG",1,"slope",-0.0303372763971849,0.607172327819245,0.970118283584021
2714,"Wild boar","PIG",1,"slope",-0.0183641049903276,0.613567113378393,0.981803487901595
2715,"Wild boar","PIG",1,"slope",-0.0127646427858558,0.626041808768542,0.987316479943069
2716,"Wild boar","PIG",1,"slope",-0.0112386638435242,0.640499717043142,0.988824263323744
2717,"Wild boar","PIG",1,"slope",0.000141573444931885,0.635006844313788,1.00014158725834
2718,"Wild boar","PIG",1,"slope",0.0144640354432844,0.634502617567184,1.01456922965707
2719,"Wild boar","PIG",1,"slope",0.0214364631638784,0.632214903569708,1.02166788082026
2720,"Wild boar","PIG",1,"slope",0.0214546469592222,0.638878300958777,1.02168646268616
2721,"Wild boar","PIG",1,"slope",0.032086788412199,0.641227433192844,1.03260711993073
2722,"Wild boar","PIG",1,"slope",0.0538921993778581,0.651067644132314,1.05537082667806
2723,"Wild boar","PIG",1,"slope",0.0625977969958648,0.668842679960744,1.06459857960221
2724,"Wild boar","PIG",1,"slope",0.074522017582279,0.682639080805284,1.07736907568517
2725,"Wild boar","PIG",1,"slope",0.0931377852701398,0.696703339178801,1.09761296991423
2726,"Wild boar","PIG",1,"slope",0.0968647915388169,0.741466166087531,1.10171144117027
2727,"Wild boar","PIG",1,"slope",0.0810981278146815,0.7828640397996,1.08447741634404
2728,"Wild boar","PIG",1,"slope",0.0801468464438696,0.881078406695893,1.08344615779413
2729,"Wild boar","PIG",1,"slope",0.0569093461669433,0.944936110090342,1.05855984886024
2730,"Wild boar","PIG",1,"slope",0.0902162852799782,0.826239623279267,1.09441104745261
2731,"Wild boar","PIG",1,"slope",0.0732348594151996,0.778693217780468,1.07598326016519
2732,"Wild boar","PIG",1,"slope",0.0732828975980817,0.731656177305611,1.07603491091746
2733,"Wild boar","PIG",1,"slope",0.0548761609198093,0.711502635210588,1.05640984534813
2734,"Wild boar","PIG",1,"slope",0.0559186012339602,0.690408418274695,1.05751168086453
2735,"Wild boar","PIG",1,"slope",0.0449989327566861,0.677952390925789,1.04602674518594
2736,"Wild boar","PIG",1,"slope",0.0225010777474197,0.661839014691166,1.02275613819015
2737,"Wild boar","PIG",1,"slope",0.0264025994343184,0.644301867548586,1.0267542466208
2738,"Wild boar","PIG",1,"slope",0.000183025835626461,0.63072757490727,1.00018304291056
2739,"Wild boar","PIG",1,"slope",-0.0277958797668722,0.633057786047772,0.972586872560916
2740,"Wild boar","PIG",1,"slope",-0.0439401741675846,0.615969871880318,0.95701121639339
2741,"Wild boar","PIG",1,"slope",-0.100885591359878,0.603239183792587,0.904036457471485
2742,"Wild boar","PIG",1,"slope",-0.191004809309067,0.562105701990806,0.826128618922189
2743,"Wild boar","PIG",1,"slope",-0.167042143760684,0.573246912279836,0.846163953095509
2744,"Wild boar","PIG",1,"slope",-0.0925352139511207,0.594602912554577,0.911617111544787
2745,"Wild boar","PIG",1,"slope",-0.074916296910632,0.608162214773713,0.927821157342238
2746,"Wild boar","PIG",1,"slope",-0.0567036795451009,0.620114069468538,0.944874022156849
2747,"Wild boar","PIG",1,"slope",-0.0534842242034811,0.611783019938574,0.947920909224224
2748,"Wild boar","PIG",1,"slope",-0.0373238441962347,0.625855290480476,0.963364143057413
2749,"Wild boar","PIG",1,"slope",-0.0255357498512075,0.630873153112809,0.974787531167555
2750,"Wild boar","PIG",1,"slope",-0.0256542870696839,0.641465845865678,0.974672024374883
2751,"Wild boar","PIG",1,"slope",-0.0107409767647676,0.642802857052151,0.989316506718384
2752,"Wild boar","PIG",1,"slope",-0.0112442616157007,0.64697423826574,0.988818733264402
2753,"Wild boar","PIG",1,"slope",0.000566382885294983,0.646143202366923,1.00056671081388
2754,"Wild boar","PIG",1,"slope",0.0164350791255005,0.651654950978003,1.01657094087657
2755,"Wild boar","PIG",1,"slope",0.00585453564395485,0.658354272307351,1.00587170770322
2756,"Wild boar","PIG",1,"slope",0.0325604944183774,0.658549029693606,1.03309641607331
2757,"Wild boar","PIG",1,"slope",0.0472163265168846,0.665656503053235,1.04834877227438
2758,"Wild boar","PIG",1,"slope",0.0617357089970998,0.689271535282252,1.06368118701038
2759,"Wild boar","PIG",1,"slope",0.0625613188828444,0.70887861843624,1.0645598405856
2760,"Wild boar","PIG",1,"slope",0.0827946765219317,0.736768469255535,1.0863187389521
2761,"Wild boar","PIG",1,"slope",0.0940512962141249,0.770017947877251,1.09861609972581
2762,"Wild boar","PIG",1,"slope",0.0833564171070661,0.824220403659647,1.08692914092041
2763,"Wild boar","PIG",1,"slope",0.0803816262953177,0.946538247288777,1.0837005630522
2764,"Wild boar","PIG",1,"slope",0.0763649006155067,0.934018481647612,1.07935637959237
2765,"Wild boar","PIG",1,"slope",0.0601689356517554,0.81194731372951,1.06201595153803
2766,"Wild boar","PIG",1,"slope",0.0623126765007915,0.749786398960173,1.06429507350421
2767,"Wild boar","PIG",1,"slope",0.0448255899274771,0.731224507057232,1.04584544054696
2768,"Wild boar","PIG",1,"slope",0.0319374356235487,0.703647715838114,1.03245292350639
2769,"Wild boar","PIG",1,"slope",0.0381860754837279,0.68574631637987,1.03892455139558
2770,"Wild boar","PIG",1,"slope",0.0112229127621512,0.664900173319596,1.01128615771516
2771,"Wild boar","PIG",1,"slope",0.00984251001407619,0.652758026956993,1.00989110714877
2772,"Wild boar","PIG",1,"slope",-0.0161296503647034,0.640437098780697,0.983999755837716
2773,"Wild boar","PIG",1,"slope",-0.0262715386029692,0.633354889468637,0.974070556700931
2774,"Wild boar","PIG",1,"slope",-0.0718416854024822,0.622535156218572,0.930678255634536
2775,"Wild boar","PIG",1,"slope",-0.116043461358844,0.604880925219676,0.890436527460735
2776,"Wild boar","PIG",1,"slope",-0.236465790313426,0.56447771854377,0.789412888132642
2777,"Wild boar","PIG",1,"slope",-0.201629214599201,0.586430814030537,0.817397969751688
2778,"Wild boar","PIG",1,"slope",-0.142109736238276,0.621563034561375,0.867526056455643
2779,"Wild boar","PIG",1,"slope",-0.0930995841133479,0.616814377580813,0.911102765329854
2780,"Wild boar","PIG",1,"slope",-0.0641528082561649,0.62465868046156,0.937861678836584
2781,"Wild boar","PIG",1,"slope",-0.0440700420625535,0.629675989945721,0.956886933449247
2782,"Wild boar","PIG",1,"slope",-0.038933885928804,0.633625052459036,0.961814301805691
2783,"Wild boar","PIG",1,"slope",-0.0209655902576382,0.62931585998055,0.979252690895411
2784,"Wild boar","PIG",1,"slope",-0.0373464351060228,0.64450458867451,0.963342349831343
2785,"Wild boar","PIG",1,"slope",-0.016735675957077,0.6572560077083,0.983403597749893
2786,"Wild boar","PIG",1,"slope",-0.00644100841352587,0.659539112724561,0.993579690791941
2787,"Wild boar","PIG",1,"slope",-0.00668327467219887,0.664409078729306,0.993339010370818
2788,"Wild boar","PIG",1,"slope",0.021199730925397,0.660247407859071,1.02142618209601
2789,"Wild boar","PIG",1,"slope",0.0261875233360064,0.677695805368343,1.02653343013574
2790,"Wild boar","PIG",1,"slope",0.027892233760944,0.682572226731811,1.0282848657412
2791,"Wild boar","PIG",1,"slope",0.0444360371329418,0.698539430520843,1.04543810915286
2792,"Wild boar","PIG",1,"slope",0.0401475985080606,0.716701037324306,1.04096442813549
2793,"Wild boar","PIG",1,"slope",0.0531065250033963,0.744272252148512,1.05454197545524
2794,"Wild boar","PIG",1,"slope",0.0590728868556922,0.780703499462499,1.06085256013627
2795,"Wild boar","PIG",1,"slope",0.0653132844048847,0.866619103874243,1.06749341418673
2796,"Wild boar","PIG",1,"slope",0.0680133853030792,0.936970949505094,1.07037968212793
2797,"Wild boar","PIG",1,"slope",0.0385019003583658,0.783458841739125,1.03925270814002
2798,"Wild boar","PIG",1,"slope",0.0311566205264835,0.731740967943807,1.03164707029188
2799,"Wild boar","PIG",1,"slope",0.0250468700274189,0.717113158313125,1.02536320620783
2800,"Wild boar","PIG",1,"slope",0.0126075196668589,0.697568863963604,1.0126873294938
2801,"Wild boar","PIG",1,"slope",0.00490055614727158,0.680700897015395,1.00491258496472
2802,"Wild boar","PIG",1,"slope",-0.0176742089187165,0.665858682144443,0.982481072321866
2803,"Wild boar","PIG",1,"slope",-0.0186480889551937,0.658740630918312,0.981524725696185
2804,"Wild boar","PIG",1,"slope",-0.0368252174331481,0.648620613172531,0.963844584585791
2805,"Wild boar","PIG",1,"slope",-0.0693406840549037,0.634706656266373,0.933008770163253
2806,"Wild boar","PIG",1,"slope",-0.11005975129513,0.621729531001547,0.895780613353648
2807,"Wild boar","PIG",1,"slope",-0.138092752884543,0.611957102657646,0.87101790335415
2808,"Wild boar","PIG",1,"slope",-0.128140986404885,0.625829793815738,0.879729345195137
2809,"Wild boar","PIG",1,"slope",-0.119495763730706,0.63146253769871,0.887367772194347
2810,"Wild boar","PIG",1,"slope",-0.0849886579435194,0.631898833547274,0.918522702557282
2811,"Wild boar","PIG",1,"slope",-0.0712095420851688,0.640533704380354,0.931266743498044
2812,"Wild boar","PIG",1,"slope",-0.0574298535422472,0.639074734313973,0.944188140692663
2813,"Wild boar","PIG",1,"slope",-0.0381850610245375,0.644109344478456,0.962534797259795
2814,"Wild boar","PIG",1,"slope",-0.0382102989119785,0.649279862345246,0.962510510943177
2815,"Wild boar","PIG",1,"slope",-0.0356047372760158,0.65097738885491,0.965021673619412
2816,"Wild boar","PIG",1,"slope",-0.0239160426634603,0.661609043412441,0.976367679664858
2817,"Wild boar","PIG",1,"slope",-0.0133907469932284,0.670896616903237,0.986698522090023
2818,"Wild boar","PIG",1,"slope",-0.000857826930946157,0.686709010603439,0.99914255613674
2819,"Wild boar","PIG",1,"slope",0.0163782054175049,0.699439508540045,1.01651307533642
2820,"Wild boar","PIG",1,"slope",0.000885107656122118,0.700515525053649,1.0008855507514
2821,"Wild boar","PIG",1,"slope",0.0308941083891477,0.726375304502706,1.03137628456921
2822,"Wild boar","PIG",1,"slope",0.0373659669140937,0.756092876652988,1.03807286010477
2823,"Wild boar","PIG",1,"slope",0.0539538387404386,0.819558047459919,1.05543589804236
2824,"Wild boar","PIG",1,"slope",0.0531625749447021,0.868215416965005,1.05460110424404
2825,"Wild boar","PIG",1,"slope",0.0256143639167236,0.83126510659468,1.02594541716258
2826,"Wild boar","PIG",1,"slope",0.0165597208367245,0.750995677254009,1.01669760368749
2827,"Wild boar","PIG",1,"slope",0.00268651585361006,0.721263854406613,1.00269017053063
2828,"Wild boar","PIG",1,"slope",-0.000307673181943495,0.703485087584806,0.999692374733548
2829,"Wild boar","PIG",1,"slope",-0.000189807698699937,0.687432184476357,0.999810219571663
2830,"Wild boar","PIG",1,"slope",-0.00426701487077959,0.683201329749271,0.995742091417886
2831,"Wild boar","PIG",1,"slope",-0.0188387289224865,0.671665562646002,0.981337610983306
2832,"Wild boar","PIG",1,"slope",-0.0365359329008764,0.656135603989942,0.964123455672993
2833,"Wild boar","PIG",1,"slope",-0.0606663340529616,0.651958375824289,0.941137224988014
2834,"Wild boar","PIG",1,"slope",-0.0848858030922898,0.63715343244544,0.918617219064244
2835,"Wild boar","PIG",1,"slope",-0.110680855859114,0.633944985518439,0.895224409425887
2836,"Wild boar","PIG",1,"slope",-0.109195670031885,0.633097549785454,0.89655497162323
2837,"Wild boar","PIG",1,"slope",-0.0984932107038496,0.648464202044237,0.906201845762244
2838,"Wild boar","PIG",1,"slope",-0.0787841049224309,0.640516116604193,0.924239444680394
2839,"Wild boar","PIG",1,"slope",-0.0622944857951016,0.650569376003273,0.93960615078058
2840,"Wild boar","PIG",1,"slope",-0.0416780026200672,0.651331382868358,0.959178593979903
2841,"Wild boar","PIG",1,"slope",-0.0474222169185889,0.656596371782452,0.953684650886488
2842,"Wild boar","PIG",1,"slope",-0.0295244768763044,0.661376219649517,0.970907113922305
2843,"Wild boar","PIG",1,"slope",-0.0415300285966204,0.666949512171392,0.959320528043847
2844,"Wild boar","PIG",1,"slope",-0.0292494061227295,0.670438075983331,0.971174217740132
2845,"Wild boar","PIG",1,"slope",-0.00221191260116044,0.680608123194259,0.997790540843949
2846,"Wild boar","PIG",1,"slope",0.0146428698098866,0.703929533855436,1.01475060212107
2847,"Wild boar","PIG",1,"slope",0.0127952771922367,0.724317080351106,1.01287749339046
2848,"Wild boar","PIG",1,"slope",0.0182804894917455,0.757344395617331,1.01844863269721
2849,"Wild boar","PIG",1,"slope",0.0154702655278295,0.816037819327402,1.01559055688898
2850,"Wild boar","PIG",1,"slope",0.0049294794115914,0.848401334395691,1.00494164935245
2851,"Wild boar","PIG",1,"slope",0.00420203066942142,0.766706232503584,1.00421087161637
2852,"Wild boar","PIG",1,"slope",0.00740022304754815,0.737819783428156,1.00742767818159
2853,"Wild boar","PIG",1,"slope",-0.00358308832774331,0.721604818296657,0.996423324866113
2854,"Wild boar","PIG",1,"slope",-0.00237486956957641,0.712974940958752,0.997627951215586
2855,"Wild boar","PIG",1,"slope",0.00704810167467438,0.695086549789193,1.00707300852471
2856,"Wild boar","PIG",1,"slope",-0.0200155346498182,0.687210876416026,0.980183471929933
2857,"Wild boar","PIG",1,"slope",-0.0333669288317456,0.667343382461046,0.967183670795846
2858,"Wild boar","PIG",1,"slope",-0.0658142741221955,0.656965395444359,0.936304746254232
2859,"Wild boar","PIG",1,"slope",-0.0836380837411998,0.657824207437419,0.919764073494898
2860,"Wild boar","PIG",1,"slope",-0.0863900879875729,0.658553193463811,0.917236358539377
2861,"Wild boar","PIG",1,"slope",-0.0834967753570826,0.657574712504978,0.919894085323259
2862,"Wild boar","PIG",1,"slope",-0.0800761012978811,0.653352423496572,0.923046103153968
2863,"Wild boar","PIG",1,"slope",-0.0675437519782141,0.651737610600439,0.934686941656828
2864,"Wild boar","PIG",1,"slope",-0.0656146257752736,0.659090744176422,0.93649169868324
2865,"Wild boar","PIG",1,"slope",-0.0502156998092766,0.664958791390939,0.95102426797211
2866,"Wild boar","PIG",1,"slope",-0.048975913892546,0.673191987845079,0.952204064316787
2867,"Wild boar","PIG",1,"slope",-0.037456612281416,0.668714695401857,0.963236209465896
2868,"Wild boar","PIG",1,"slope",-0.0253871685864863,0.686514187614782,0.974932448523827
2869,"Wild boar","PIG",1,"slope",-0.0264629867955239,0.70487541799717,0.973884090044341
2870,"Wild boar","PIG",1,"slope",-0.024917345331423,0.726353880905033,0.975390536524548
2871,"Wild boar","PIG",1,"slope",-0.00559046342019628,0.763521897814328,0.994425160212208
2872,"Wild boar","PIG",1,"slope",0.00158792635729812,0.826510050762401,1.00158921644916
2873,"Wild boar","PIG",1,"slope",-0.00365485865131127,0.88129594537135,0.996351840350866
2874,"Wild boar","PIG",1,"slope",-0.00769238528852415,0.880901740388183,0.992337127262742
2875,"Wild boar","PIG",1,"slope",0.0117842673155315,0.783245335148521,1.01185397904633
2876,"Wild boar","PIG",1,"slope",-0.0209832084110821,0.75757672315465,0.979235407423587
2877,"Wild boar","PIG",1,"slope",0.00170191692273918,0.736749070530581,1.00170336603255
2878,"Wild boar","PIG",1,"slope",0.00169614777615058,0.713862775546633,1.00169759510195
2879,"Wild boar","PIG",1,"slope",-0.0238268199138008,0.710339268190011,0.976454798052914
2880,"Wild boar","PIG",1,"slope",-0.0284418348906157,0.706741522459523,0.971958827200573
2881,"Wild boar","PIG",1,"slope",-0.043887747169129,0.684217347046134,0.957061389804226
2882,"Wild boar","PIG",1,"slope",-0.045300157418566,0.676522093809504,0.955710581462941
2883,"Wild boar","PIG",1,"slope",-0.0488868589750421,0.674765264111064,0.952288930162247
2884,"Wild boar","PIG",1,"slope",-0.073794485179555,0.669954299131832,0.928862615091101
2885,"Wild boar","PIG",1,"slope",-0.0723105076525256,0.659954192517208,0.930242004942357
2886,"Wild boar","PIG",1,"slope",-0.0658983092607717,0.661874554476009,0.936226066728242
2887,"Wild boar","PIG",1,"slope",-0.0490218670704016,0.663842410296415,0.952160311051004
2888,"Wild boar","PIG",1,"slope",-0.0608537897332213,0.669790551899138,0.940960808577242
2889,"Wild boar","PIG",1,"slope",-0.0564935108782384,0.687814094798397,0.94507261717291
2890,"Wild boar","PIG",1,"slope",-0.042480131739892,0.69163028727631,0.958409507375439
2891,"Wild boar","PIG",1,"slope",-0.0198654496726336,0.695768022475308,0.980330585140769
2892,"Wild boar","PIG",1,"slope",-0.0329041368303877,0.711078264062957,0.967631433347445
2893,"Wild boar","PIG",1,"slope",-0.0176093283354905,0.733512981059252,0.982544810200431
2894,"Wild boar","PIG",1,"slope",-0.00901626813246897,0.786249767187627,0.99102425654532
2895,"Wild boar","PIG",1,"slope",-0.00996187810757032,0.885198024923905,0.990087657232683
2896,"Wild boar","PIG",1,"slope",-0.0112331818013934,0.824253091822109,0.9888297238842
2897,"Wild boar","PIG",1,"slope",-0.0207223729036728,0.775685423884952,0.979490875498331
2898,"Wild boar","PIG",1,"slope",0.0111248268999859,0.760015495550059,1.01118695416691
2899,"Wild boar","PIG",1,"slope",-0.00801883896649523,0.735913485072333,0.992013227879214
2900,"Wild boar","PIG",1,"slope",-0.0204534697130608,0.717140183212808,0.97975428912074
2901,"Wild boar","PIG",1,"slope",-0.0342081610850061,0.729326464219487,0.966370323031166
2902,"Wild boar","PIG",1,"slope",-0.0390510074157482,0.708621667850915,0.96170165971515
2903,"Wild boar","PIG",1,"slope",-0.0355973184007931,0.698483140950399,0.965028818690868
2904,"Wild boar","PIG",1,"slope",-0.0402896991470784,0.685585256333946,0.96051114117999
2905,"Wild boar","PIG",1,"slope",-0.0536675759970461,0.689713202767869,0.947747108289345
2906,"Wild boar","PIG",1,"slope",-0.0526217891454451,0.689895443690289,0.948738770054786
2907,"Wild boar","PIG",1,"slope",-0.0533176682168493,0.694565484150303,0.948078803548521
2908,"Wild boar","PIG",1,"slope",-0.0528580498583884,0.68479856002781,0.948514645381482
2909,"Wild boar","PIG",1,"slope",-0.0442614036554093,0.687599692573082,0.956703847882453
2910,"Wild boar","PIG",1,"slope",-0.0512232468238455,0.692098899009197,0.950066553241369
2911,"Wild boar","PIG",1,"slope",-0.0492661275809497,0.708357061594126,0.95192776187684
2912,"Wild boar","PIG",1,"slope",-0.0194340827099584,0.729782293887035,0.980753543972722
2913,"Wild boar","PIG",1,"slope",-0.0231926548834454,0.7295391293594,0.977074235411045
2914,"Wild boar","PIG",1,"slope",-0.0284476611335221,0.784311590442419,0.971953306087071
2915,"Wild boar","PIG",1,"slope",-0.00932195323279957,1.02144803336305,0.990721408832085
2916,"Wild boar","PIG",1,"slope",-0.00865631610833818,0.893854164810329,0.991381051423995
2917,"Wild boar","PIG",1,"slope",-0.0184301154532984,0.842668600477089,0.981738698957131
2918,"Wild boar","PIG",1,"slope",-0.00400110859693773,0.811530633410841,0.996006885175587
2919,"Wild boar","PIG",1,"slope",-0.000461866668662603,0.78513237409389,0.999538240033125
2920,"Wild boar","PIG",1,"slope",-0.0110533832657472,0.754297822197637,0.989007482769102
2921,"Wild boar","PIG",1,"slope",-0.0122947904003729,0.737467369742649,0.987780482419793
2922,"Wild boar","PIG",1,"slope",-0.0386334082840163,0.738715756655427,0.962103344949513
2923,"Wild boar","PIG",1,"slope",-0.0302613851366088,0.725083102525056,0.970191910331265
2924,"Wild boar","PIG",1,"slope",-0.0372653088582433,0.7215670025593,0.963420510687146
2925,"Wild boar","PIG",1,"slope",-0.0451730589802607,0.711083928388998,0.955832053091759
2926,"Wild boar","PIG",1,"slope",-0.0395862538087841,0.703664519702839,0.961187055714826
2927,"Wild boar","PIG",1,"slope",-0.0495942949282963,0.710562145424008,0.951615458928579
2928,"Wild boar","PIG",1,"slope",-0.0484481889080872,0.700191707698983,0.95270670891235
2929,"Wild boar","PIG",1,"slope",-0.0493368291388112,0.711199694450389,0.951860462149047
2930,"Wild boar","PIG",1,"slope",-0.0447725383095338,0.723310587709747,0.956215061371857
2931,"Wild boar","PIG",1,"slope",-0.0493657477557972,0.72340306663083,0.951832944943801
2932,"Wild boar","PIG",1,"slope",-0.071914878857853,0.737642496393165,0.930610111698415
2933,"Wild boar","PIG",1,"slope",-0.0338045690386873,0.752080395952472,0.966760463788775
2934,"Wild boar","PIG",1,"slope",-0.0413474899827707,0.783858123229244,0.959495663561456
2935,"Wild boar","PIG",1,"slope",-0.0319373123681179,0.903512836832806,0.968567420976771
2936,"Wild boar","PIG",1,"slope",-0.00727212336212917,1.04201289850237,0.992754255013107
2937,"Wild boar","PIG",1,"slope",-0.00653716766506296,0.931437511145659,0.993484157567127
2938,"Wild boar","PIG",1,"slope",0.00804821446892603,0.864627205976185,1.00808069156812
2939,"Wild boar","PIG",1,"slope",-0.00227167885210745,0.834941466987325,0.997730932603576
2940,"Wild boar","PIG",1,"slope",-0.000505781784089099,0.801410112813822,0.999494400349569
2941,"Wild boar","PIG",1,"slope",-0.00768330629658663,0.773243973990784,0.99234614650404
2942,"Wild boar","PIG",1,"slope",-0.0217730339966752,0.761165175635015,0.978462301513554
2943,"Wild boar","PIG",1,"slope",-0.0296776881806752,0.752316486983617,0.970758380784639
2944,"Wild boar","PIG",1,"slope",-0.0271860948434587,0.741831759800828,0.973180142987254
2945,"Wild boar","PIG",1,"slope",-0.0414013051480903,0.737569904431222,0.959444033278654
2946,"Wild boar","PIG",1,"slope",-0.0454097690997155,0.726314213336515,0.955605841351679
2947,"Wild boar","PIG",1,"slope",-0.0527616536938744,0.730155736840849,0.948606290008042
2948,"Wild boar","PIG",1,"slope",-0.0252818113598411,0.729050992052626,0.975035101328059
2949,"Wild boar","PIG",1,"slope",-0.0451608997398448,0.727560449074197,0.955843675022711
2950,"Wild boar","PIG",1,"slope",-0.0449339318629664,0.731016457870116,0.956060647310045
2951,"Wild boar","PIG",1,"slope",-0.0482067264641143,0.739084495519562,0.952936776432247
2952,"Wild boar","PIG",1,"slope",-0.0449719162865715,0.75999393166108,0.956024334931474
2953,"Wild boar","PIG",1,"slope",-0.046667198997898,0.760447197840272,0.954404972994589
2954,"Wild boar","PIG",1,"slope",-0.0383243868305763,0.782126016882679,0.962400702295239
2955,"Wild boar","PIG",1,"slope",-0.0580832784447265,0.865210823430758,0.943571369899821
2956,"Wild boar","PIG",1,"slope",0.0012729620457783,1.02455100632796,1.00127379776163
2957,"Wild boar","PIG",1,"slope",-0.00488549128221172,0.956765388476785,0.995126831953533
2958,"Wild boar","PIG",1,"slope",0.0052796640661528,0.921111907022495,1.00529362609774
2959,"Wild boar","PIG",1,"slope",-0.01860363711291,0.843122859964923,0.981568454494026
2960,"Wild boar","PIG",1,"slope",-0.030236363814972,0.795614595019119,0.970216225519161
2961,"Wild boar","PIG",1,"slope",-0.0290568609588082,0.777750808638202,0.971361249016771
2962,"Wild boar","PIG",1,"slope",-0.0320734798007087,0.775997922053135,0.968435426188557
2963,"Wild boar","PIG",1,"slope",-0.0352200391306349,0.767707896618208,0.965392968732542
2964,"Wild boar","PIG",1,"slope",-0.0388785528332205,0.749650692205204,0.961867545279085
2965,"Wild boar","PIG",1,"slope",-0.0459108538728557,0.74586773582783,0.955127105970686
2966,"Wild boar","PIG",1,"slope",-0.0311598512671025,0.745106829104765,0.969320640490898
2967,"Wild boar","PIG",1,"slope",-0.0477736935589027,0.745982420325696,0.953349518712915
2968,"Wild boar","PIG",1,"slope",-0.0333056031251345,0.738457290483471,0.967242957109661
2969,"Wild boar","PIG",1,"slope",-0.0254500621515482,0.755676321515573,0.974871248861342
2970,"Wild boar","PIG",1,"slope",-0.0412673719220124,0.770506480519289,0.959572577564159
2971,"Wild boar","PIG",1,"slope",-0.0351386201988742,0.780176275003266,0.965471581055718
2972,"Wild boar","PIG",1,"slope",-0.0156405218805125,0.812745677540618,0.984481167083255
2973,"Wild boar","PIG",1,"slope",-0.0350265862835204,0.872144326195355,0.965579804809003
2974,"Wild boar","PIG",1,"slope",-0.0212648907106203,0.852228320879118,0.978959621377338
2975,"Wild boar","PIG",1,"slope",-0.0231511016442849,0.811446291318827,0.977114829114937
2976,"Wild boar","PIG",1,"slope",-0.00969092812245566,0.806490565535691,0.990355882535672
2977,"Wild boar","PIG",1,"slope",-0.0348841968797323,0.782775065316173,0.965717249381976
2978,"Wild boar","PIG",1,"slope",-0.0213473862439681,0.787618469937322,0.978878857000894
2979,"Wild boar","PIG",1,"slope",-0.0261113092327701,0.766355564824171,0.974226643893125
2980,"Wild boar","PIG",1,"slope",-0.0299842570843418,0.766198958226879,0.970461327915385
2981,"Wild boar","PIG",1,"slope",-0.040298439160074,0.762540111954111,0.960502766215751
2982,"Wild boar","PIG",1,"slope",-0.0298341298951318,0.769990937394629,0.970606514946413
2983,"Wild boar","PIG",1,"slope",-0.0393739436191718,0.786210509082989,0.961391143791238
2984,"Wild boar","PIG",1,"slope",-0.038032505325537,0.806801360530435,0.962681648523515
2985,"Wild boar","PIG",1,"slope",-0.0341803517376797,0.848831093868764,0.966397198626272
2986,"Wild boar","PIG",1,"slope",-0.0448668638091114,0.929200259088358,0.956124778884617
2987,"Wild boar","PIG",1,"slope",-0.0391690365084499,0.943438023510289,0.961588178046292
2988,"Wild boar","PIG",1,"slope",-0.0214704248743904,0.856246403983557,0.97875844179443
2989,"Wild boar","PIG",1,"slope",-0.0250603052678483,0.831206693128743,0.975251098649053
2990,"Wild boar","PIG",1,"slope",-0.0227864157163553,0.82473955442342,0.977471235279994
2991,"Wild boar","PIG",1,"slope",-0.0287046458914432,0.814940120435848,0.971703430900948
2992,"Wild boar","PIG",1,"slope",-0.011912172629485,0.809304931697086,0.988158505115657
2993,"Wild boar","PIG",1,"slope",-0.0360072705253098,0.802843857306797,0.964633282182823
2994,"Wild boar","PIG",1,"slope",-0.0287994085647633,0.817284895264784,0.971611458760481
2995,"Wild boar","PIG",1,"slope",-0.0383883006190095,0.835671278429487,0.962339195715641
2996,"Wild boar","PIG",1,"slope",-0.0212554407838951,0.872512475713988,0.978968886780875
2997,"Wild boar","PIG",1,"slope",-0.0331717865071519,0.923778113937138,0.967372397322112
2998,"Wild boar","PIG",1,"slope",-0.0256830668658547,1.01875145167899,0.974643961819744
2999,"Wild boar","PIG",1,"slope",-0.0164354659106996,0.909761843877357,0.983699109659255
3000,"Wild boar","PIG",1,"slope",-0.0155260366491143,0.87022064999645,0.984593872652846
3001,"Wild boar","PIG",1,"slope",-0.0280613998800861,0.852557519643449,0.972328666600061
3002,"Wild boar","PIG",1,"slope",-0.0317205217740882,0.846391444949448,0.968777298715935
3003,"Wild boar","PIG",1,"slope",-0.0097583652148859,0.855938936604404,0.990289119146522
3004,"Wild boar","PIG",1,"slope",-0.0239258528832299,0.879121398603263,0.976358101325385
3005,"Wild boar","PIG",1,"slope",-0.0301648506193958,0.945736924523251,0.970285577150662
3006,"Wild boar","PIG",1,"slope",-0.0171809765136617,0.971433514313005,0.982965789292362
3007,"Wild boar","PIG",1,"slope",-0.00733923778691336,0.92770907246124,0.992687630332662
3008,"Wild boar","PIG",1,"slope",-0.0173278028275291,0.915680367749766,0.982821462034018
3009,"Wild boar","PIG",1,"slope",-0.0214838975290274,0.921582562375558,0.978745238529834
3010,"Wild boar","PIG",1,"slope",-0.03190260284194,0.980626469240378,0.968600924911562
3011,"Wild boar","PIG",1,"slope",-0.0300487909399184,1.12790024382302,0.970398238822251
3012,"Wild boar","PIG",1,"slope",-0.0192865486483378,1.01783134984608,0.980898266763339
3013,"Wild boar","PIG",1,"slope",-0.0261017273575189,1.03350171747802,0.974235982344735
