"grid_id","Species","Species_Code","Rank","Covariates","CAR_Median","CAR_SD","CAR_RelativeRisk"
1,"Sambar deer","SBR",1,"dist_str + ndvi_cv + elev + BB + DD",-0.200990186064242,1.28473715474641,0.817920465920202
2,"Sambar deer","SBR",1,"dist_str + ndvi_cv + elev + BB + DD",-0.185920028412462,1.13039686757396,0.830339998702241
3,"Sambar deer","SBR",1,"dist_str + ndvi_cv + elev + BB + DD",-0.181271023022203,1.11371415154069,0.834209247596073
4,"Sambar deer","SBR",1,"dist_str + ndvi_cv + elev + BB + DD",-0.191037641469835,1.11182160087199,0.826101493175942
5,"Sambar deer","SBR",1,"dist_str + ndvi_cv + elev + BB + DD",-0.175625233577668,1.14990218475068,0.838932373900684
6,"Sambar deer","SBR",1,"dist_str + ndvi_cv + elev + BB + DD",-0.19097778777529,1.27202071444351,0.826150949021707
7,"Sambar deer","SBR",1,"dist_str + ndvi_cv + elev + BB + DD",-0.197286132517747,1.07084967412084,0.820955698755062
8,"Sambar deer","SBR",1,"dist_str + ndvi_cv + elev + BB + DD",-0.184978470964968,1.03749155048801,0.831122181354362
9,"Sambar deer","SBR",1,"dist_str + ndvi_cv + elev + BB + DD",-0.181593796972054,1.02479716674943,0.833940021272289
10,"Sambar deer","SBR",1,"dist_str + ndvi_cv + elev + BB + DD",-0.18975497488635,1.03167383081135,0.827161800009661
11,"Sambar deer","SBR",1,"dist_str + ndvi_cv + elev + BB + DD",-0.205321772376773,1.06483526762252,0.814385228966388
12,"Sambar deer","SBR",1,"dist_str + ndvi_cv + elev + BB + DD",-0.19054829416835,1.10275171975513,0.82650584887239
13,"Sambar deer","SBR",1,"dist_str + ndvi_cv + elev + BB + DD",-0.0239772818333986,1.01382746682555,0.976307890619197
14,"Sambar deer","SBR",1,"dist_str + ndvi_cv + elev + BB + DD",-0.0608166629129197,1.00127070013477,0.94099574880077
15,"Sambar deer","SBR",1,"dist_str + ndvi_cv + elev + BB + DD",-0.133924866553084,1.00765208018907,0.874655813736611
16,"Sambar deer","SBR",1,"dist_str + ndvi_cv + elev + BB + DD",-0.130159252008896,0.969597025187277,0.877955615375805
17,"Sambar deer","SBR",1,"dist_str + ndvi_cv + elev + BB + DD",-0.148663679120419,0.98053357209766,0.861858929349416
18,"Sambar deer","SBR",1,"dist_str + ndvi_cv + elev + BB + DD",-0.148387065253525,0.964133468851946,0.862097386799593
19,"Sambar deer","SBR",1,"dist_str + ndvi_cv + elev + BB + DD",-0.164040981973911,0.975557157094305,0.848707239525075
20,"Sambar deer","SBR",1,"dist_str + ndvi_cv + elev + BB + DD",-0.189305588234447,0.976206463989798,0.827533608487396
21,"Sambar deer","SBR",1,"dist_str + ndvi_cv + elev + BB + DD",-0.177402559926469,0.988461748532595,0.837442610661947
22,"Sambar deer","SBR",1,"dist_str + ndvi_cv + elev + BB + DD",-0.196812100390413,0.991257305449433,0.821344998934198
23,"Sambar deer","SBR",1,"dist_str + ndvi_cv + elev + BB + DD",-0.188010545875032,1.01334924631609,0.828605979586789
24,"Sambar deer","SBR",1,"dist_str + ndvi_cv + elev + BB + DD",-0.207502652048602,1.05337877447601,0.812611126014693
25,"Sambar deer","SBR",1,"dist_str + ndvi_cv + elev + BB + DD",-0.196840028675882,1.09349813817856,0.821322024298562
26,"Sambar deer","SBR",1,"dist_str + ndvi_cv + elev + BB + DD",-0.196754520800484,1.27225960061595,0.821392243356098
27,"Sambar deer","SBR",1,"dist_str + ndvi_cv + elev + BB + DD",-0.00310810618568606,1.06963164386932,0.996896748895562
28,"Sambar deer","SBR",1,"dist_str + ndvi_cv + elev + BB + DD",-0.0138374952902983,0.902253172309569,0.986258216817785
29,"Sambar deer","SBR",1,"dist_str + ndvi_cv + elev + BB + DD",-0.0387754587800307,0.867513660220135,0.961966706878226
30,"Sambar deer","SBR",1,"dist_str + ndvi_cv + elev + BB + DD",-0.0517911873548565,0.850061627869531,0.949527140553442
31,"Sambar deer","SBR",1,"dist_str + ndvi_cv + elev + BB + DD",-0.0727127623099051,0.852866689363578,0.929867907946094
32,"Sambar deer","SBR",1,"dist_str + ndvi_cv + elev + BB + DD",-0.0984189069654049,0.867464258859975,0.906269181840654
33,"Sambar deer","SBR",1,"dist_str + ndvi_cv + elev + BB + DD",-0.129713680311541,0.860581119986109,0.878346883305769
34,"Sambar deer","SBR",1,"dist_str + ndvi_cv + elev + BB + DD",-0.138419564101452,0.856072400422338,0.870733300173116
35,"Sambar deer","SBR",1,"dist_str + ndvi_cv + elev + BB + DD",-0.13842754368772,0.880577281093154,0.870726338662671
36,"Sambar deer","SBR",1,"dist_str + ndvi_cv + elev + BB + DD",-0.148721385420135,0.891817231813598,0.861809207199268
37,"Sambar deer","SBR",1,"dist_str + ndvi_cv + elev + BB + DD",-0.167934464344772,0.905116040316332,0.845409237317787
38,"Sambar deer","SBR",1,"dist_str + ndvi_cv + elev + BB + DD",-0.170853264951776,0.934718631765583,0.842945423996908
39,"Sambar deer","SBR",1,"dist_str + ndvi_cv + elev + BB + DD",-0.20176259464916,0.932320861941541,0.817288959285378
40,"Sambar deer","SBR",1,"dist_str + ndvi_cv + elev + BB + DD",-0.20230927331465,0.970723552560148,0.816842279155765
41,"Sambar deer","SBR",1,"dist_str + ndvi_cv + elev + BB + DD",-0.201098423724129,0.977784129729539,0.817831948636553
42,"Sambar deer","SBR",1,"dist_str + ndvi_cv + elev + BB + DD",-0.220654825636782,1.0088277064135,0.801993464540749
43,"Sambar deer","SBR",1,"dist_str + ndvi_cv + elev + BB + DD",-0.210400107158753,1.0455295686914,0.810259992757217
44,"Sambar deer","SBR",1,"dist_str + ndvi_cv + elev + BB + DD",-0.193338172769761,1.14421005356002,0.824203204036319
45,"Sambar deer","SBR",1,"dist_str + ndvi_cv + elev + BB + DD",-0.00735086915458131,0.867630654992807,0.992676093395417
46,"Sambar deer","SBR",1,"dist_str + ndvi_cv + elev + BB + DD",-0.0222255219469796,0.811318270813081,0.978019647189201
47,"Sambar deer","SBR",1,"dist_str + ndvi_cv + elev + BB + DD",-0.0500792311692872,0.79036106276145,0.951154061691721
48,"Sambar deer","SBR",1,"dist_str + ndvi_cv + elev + BB + DD",-0.0480673965911954,0.769737028784852,0.953069551840665
49,"Sambar deer","SBR",1,"dist_str + ndvi_cv + elev + BB + DD",-0.0786078723088389,0.767768124047107,0.924402339895278
50,"Sambar deer","SBR",1,"dist_str + ndvi_cv + elev + BB + DD",-0.0998092461330165,0.784568937603925,0.905010038538337
51,"Sambar deer","SBR",1,"dist_str + ndvi_cv + elev + BB + DD",-0.115260188095562,0.799903625882515,0.891134259941418
52,"Sambar deer","SBR",1,"dist_str + ndvi_cv + elev + BB + DD",-0.148022548026312,0.825954465541582,0.862411675692569
53,"Sambar deer","SBR",1,"dist_str + ndvi_cv + elev + BB + DD",-0.13942518446616,0.827192563024685,0.869858099782924
54,"Sambar deer","SBR",1,"dist_str + ndvi_cv + elev + BB + DD",-0.157358216264192,0.854251082425504,0.85439794720633
55,"Sambar deer","SBR",1,"dist_str + ndvi_cv + elev + BB + DD",-0.168452855226023,0.881964316876276,0.844971111004737
56,"Sambar deer","SBR",1,"dist_str + ndvi_cv + elev + BB + DD",-0.176072058081607,0.903115834275401,0.838557647787508
57,"Sambar deer","SBR",1,"dist_str + ndvi_cv + elev + BB + DD",-0.202594779880056,0.9174070569236,0.816609106194169
58,"Sambar deer","SBR",1,"dist_str + ndvi_cv + elev + BB + DD",-0.214047478435141,0.925833802953648,0.80731005796468
59,"Sambar deer","SBR",1,"dist_str + ndvi_cv + elev + BB + DD",-0.225614798562645,0.957828180377841,0.798025444006068
60,"Sambar deer","SBR",1,"dist_str + ndvi_cv + elev + BB + DD",-0.227774138530276,0.986114504993323,0.796304143302623
61,"Sambar deer","SBR",1,"dist_str + ndvi_cv + elev + BB + DD",-0.207929208161167,1.02446436484321,0.812264544713511
62,"Sambar deer","SBR",1,"dist_str + ndvi_cv + elev + BB + DD",-0.244308239758193,1.12088839922145,0.783246170813538
63,"Sambar deer","SBR",1,"dist_str + ndvi_cv + elev + BB + DD",0.119461611215115,1.04224289350237,1.1268899848616
64,"Sambar deer","SBR",1,"dist_str + ndvi_cv + elev + BB + DD",0.0979800974233353,0.983139830724166,1.10294087031764
65,"Sambar deer","SBR",1,"dist_str + ndvi_cv + elev + BB + DD",0.0978079105427204,0.980757448458792,1.10275094511773
66,"Sambar deer","SBR",1,"dist_str + ndvi_cv + elev + BB + DD",0.0938581030152272,1.0130111320461,1.09840390196309
67,"Sambar deer","SBR",1,"dist_str + ndvi_cv + elev + BB + DD",0.0156601698922426,0.86019291001719,1.01578343303923
68,"Sambar deer","SBR",1,"dist_str + ndvi_cv + elev + BB + DD",0.00353607188362068,0.785388609598145,1.0035423313338
69,"Sambar deer","SBR",1,"dist_str + ndvi_cv + elev + BB + DD",-0.00246748930246703,0.743191254357155,0.997535561914012
70,"Sambar deer","SBR",1,"dist_str + ndvi_cv + elev + BB + DD",-0.0509983414932424,0.739049926738888,0.950280247379374
71,"Sambar deer","SBR",1,"dist_str + ndvi_cv + elev + BB + DD",-0.0685146864598399,0.725174791972354,0.933779826899147
72,"Sambar deer","SBR",1,"dist_str + ndvi_cv + elev + BB + DD",-0.0631850497318009,0.726881182226384,0.938769745893614
73,"Sambar deer","SBR",1,"dist_str + ndvi_cv + elev + BB + DD",-0.0966946615756598,0.743495746559486,0.907833162074175
74,"Sambar deer","SBR",1,"dist_str + ndvi_cv + elev + BB + DD",-0.1173834587461,0.76901679205802,0.889244335019858
75,"Sambar deer","SBR",1,"dist_str + ndvi_cv + elev + BB + DD",-0.137977249865999,0.792856614018683,0.871118522512535
76,"Sambar deer","SBR",1,"dist_str + ndvi_cv + elev + BB + DD",-0.162616645261791,0.812014835844193,0.849916960002498
77,"Sambar deer","SBR",1,"dist_str + ndvi_cv + elev + BB + DD",-0.15234826099449,0.831875196291126,0.85868918101807
78,"Sambar deer","SBR",1,"dist_str + ndvi_cv + elev + BB + DD",-0.150934835667224,0.856679895450105,0.859903749528936
79,"Sambar deer","SBR",1,"dist_str + ndvi_cv + elev + BB + DD",-0.187221778516733,0.879153626377245,0.829259804422737
80,"Sambar deer","SBR",1,"dist_str + ndvi_cv + elev + BB + DD",-0.201384455727641,0.90054418498936,0.817598040883101
81,"Sambar deer","SBR",1,"dist_str + ndvi_cv + elev + BB + DD",-0.222078301020562,0.919182691341395,0.800852656191902
82,"Sambar deer","SBR",1,"dist_str + ndvi_cv + elev + BB + DD",-0.23896470520579,0.929783349907946,0.787442689513772
83,"Sambar deer","SBR",1,"dist_str + ndvi_cv + elev + BB + DD",-0.251688286830926,0.972703874594553,0.777487114423933
84,"Sambar deer","SBR",1,"dist_str + ndvi_cv + elev + BB + DD",-0.230431032047642,1.00455630965039,0.79419122694438
85,"Sambar deer","SBR",1,"dist_str + ndvi_cv + elev + BB + DD",-0.239599277902509,1.08916639256697,0.786943166607919
86,"Sambar deer","SBR",1,"dist_str + ndvi_cv + elev + BB + DD",0.111144120210333,1.09826833086911,1.11755595769154
87,"Sambar deer","SBR",1,"dist_str + ndvi_cv + elev + BB + DD",0.108650399180407,1.03978075722282,1.1147725591831
88,"Sambar deer","SBR",1,"dist_str + ndvi_cv + elev + BB + DD",0.12041598930735,0.995626176871563,1.12796608360242
89,"Sambar deer","SBR",1,"dist_str + ndvi_cv + elev + BB + DD",0.127593868522613,0.972325404740916,1.13609150920909
90,"Sambar deer","SBR",1,"dist_str + ndvi_cv + elev + BB + DD",0.0994168781031436,0.929639054924723,1.10452668605662
91,"Sambar deer","SBR",1,"dist_str + ndvi_cv + elev + BB + DD",0.110317418018578,0.889442309799436,1.11663259842084
92,"Sambar deer","SBR",1,"dist_str + ndvi_cv + elev + BB + DD",0.121393558762269,0.884129443611002,1.12906918002497
93,"Sambar deer","SBR",1,"dist_str + ndvi_cv + elev + BB + DD",0.110323719309193,0.874475366699978,1.11663952248797
94,"Sambar deer","SBR",1,"dist_str + ndvi_cv + elev + BB + DD",0.0797369180065071,0.878545512529082,1.08300211184811
95,"Sambar deer","SBR",1,"dist_str + ndvi_cv + elev + BB + DD",0.0779515444098758,0.872894511530121,1.0810703011784
96,"Sambar deer","SBR",1,"dist_str + ndvi_cv + elev + BB + DD",0.0884604933537658,0.883759591576394,1.09249109198415
97,"Sambar deer","SBR",1,"dist_str + ndvi_cv + elev + BB + DD",0.0710017454846193,0.82105128792465,1.0735831085131
98,"Sambar deer","SBR",1,"dist_str + ndvi_cv + elev + BB + DD",0.0294923406905971,0.780269846852304,1.02993157670266
99,"Sambar deer","SBR",1,"dist_str + ndvi_cv + elev + BB + DD",0.00640806913351436,0.725365088541022,1.00642865441067
100,"Sambar deer","SBR",1,"dist_str + ndvi_cv + elev + BB + DD",-0.00468998663093709,0.711549783817149,0.99532100601199
101,"Sambar deer","SBR",1,"dist_str + ndvi_cv + elev + BB + DD",-0.0396303122916246,0.680629769055171,0.961144697211118
102,"Sambar deer","SBR",1,"dist_str + ndvi_cv + elev + BB + DD",-0.0541199186455594,0.67721990436169,0.947318524099074
103,"Sambar deer","SBR",1,"dist_str + ndvi_cv + elev + BB + DD",-0.0732250035722209,0.697906534905634,0.929391690301756
104,"Sambar deer","SBR",1,"dist_str + ndvi_cv + elev + BB + DD",-0.0951821608549872,0.718974369297817,0.909207297515271
105,"Sambar deer","SBR",1,"dist_str + ndvi_cv + elev + BB + DD",-0.106431446071054,0.748808027815317,0.899036684640426
106,"Sambar deer","SBR",1,"dist_str + ndvi_cv + elev + BB + DD",-0.130314059474357,0.763966959448131,0.877819737824696
107,"Sambar deer","SBR",1,"dist_str + ndvi_cv + elev + BB + DD",-0.149096653295293,0.787618423020772,0.861485851567713
108,"Sambar deer","SBR",1,"dist_str + ndvi_cv + elev + BB + DD",-0.152583687742583,0.80931661648438,0.858487046110824
109,"Sambar deer","SBR",1,"dist_str + ndvi_cv + elev + BB + DD",-0.172138276227161,0.83276759666039,0.841862755993534
110,"Sambar deer","SBR",1,"dist_str + ndvi_cv + elev + BB + DD",-0.201102761019919,0.854267704286106,0.817828402134098
111,"Sambar deer","SBR",1,"dist_str + ndvi_cv + elev + BB + DD",-0.227296012412213,0.891199489240109,0.796684954830357
112,"Sambar deer","SBR",1,"dist_str + ndvi_cv + elev + BB + DD",-0.232309516098351,0.898465093986003,0.792700816005777
113,"Sambar deer","SBR",1,"dist_str + ndvi_cv + elev + BB + DD",-0.210870039619567,0.922758192865119,0.809879323598143
114,"Sambar deer","SBR",1,"dist_str + ndvi_cv + elev + BB + DD",-0.227569275385643,0.955934907723596,0.796467247623402
115,"Sambar deer","SBR",1,"dist_str + ndvi_cv + elev + BB + DD",-0.241821436214332,0.983537348601995,0.785196663998912
116,"Sambar deer","SBR",1,"dist_str + ndvi_cv + elev + BB + DD",-0.237769629989326,1.06807556877909,0.788384293339611
117,"Sambar deer","SBR",1,"dist_str + ndvi_cv + elev + BB + DD",0.120499397566834,1.05413436110924,1.12806006424552
118,"Sambar deer","SBR",1,"dist_str + ndvi_cv + elev + BB + DD",0.131453521180643,0.970937446588856,1.14048491635029
119,"Sambar deer","SBR",1,"dist_str + ndvi_cv + elev + BB + DD",0.125449756403218,0.928328589728004,1.13365820922688
120,"Sambar deer","SBR",1,"dist_str + ndvi_cv + elev + BB + DD",0.134189771230219,0.889568215443106,1.14360982945891
121,"Sambar deer","SBR",1,"dist_str + ndvi_cv + elev + BB + DD",0.115102218774565,0.865922530046681,1.1219881209657
122,"Sambar deer","SBR",1,"dist_str + ndvi_cv + elev + BB + DD",0.131782182318922,0.850799922932965,1.14085979354282
123,"Sambar deer","SBR",1,"dist_str + ndvi_cv + elev + BB + DD",0.105163181632186,0.840662173546913,1.11089187447626
124,"Sambar deer","SBR",1,"dist_str + ndvi_cv + elev + BB + DD",0.113576405008503,0.837501380958143,1.12027768169342
125,"Sambar deer","SBR",1,"dist_str + ndvi_cv + elev + BB + DD",0.119497194463144,0.823078199955914,1.12693016973775
126,"Sambar deer","SBR",1,"dist_str + ndvi_cv + elev + BB + DD",0.110904613796522,0.82575713069243,1.11728835038811
127,"Sambar deer","SBR",1,"dist_str + ndvi_cv + elev + BB + DD",0.0908580982456154,0.792269034208659,1.09511361125962
128,"Sambar deer","SBR",1,"dist_str + ndvi_cv + elev + BB + DD",0.0956216288107605,0.776109730321627,1.10034264730951
129,"Sambar deer","SBR",1,"dist_str + ndvi_cv + elev + BB + DD",0.0640648387071028,0.752580307758019,1.06616154672151
130,"Sambar deer","SBR",1,"dist_str + ndvi_cv + elev + BB + DD",0.065145054787389,0.733474882194265,1.06731392177097
131,"Sambar deer","SBR",1,"dist_str + ndvi_cv + elev + BB + DD",0.0405280374543011,0.700706848920302,1.04136051208775
132,"Sambar deer","SBR",1,"dist_str + ndvi_cv + elev + BB + DD",-0.00509827297694412,0.675153180941744,0.994914704056069
133,"Sambar deer","SBR",1,"dist_str + ndvi_cv + elev + BB + DD",-0.0319329669948757,0.621452948800085,0.968571511114586
134,"Sambar deer","SBR",1,"dist_str + ndvi_cv + elev + BB + DD",-0.0526259818362767,0.487732645795911,0.948734797364363
135,"Sambar deer","SBR",1,"dist_str + ndvi_cv + elev + BB + DD",-0.0603844889846768,0.652930780500465,0.941402506675685
136,"Sambar deer","SBR",1,"dist_str + ndvi_cv + elev + BB + DD",-0.0712192654218094,0.696865435683886,0.931257698565285
137,"Sambar deer","SBR",1,"dist_str + ndvi_cv + elev + BB + DD",-0.113443492732158,0.738812631783057,0.892754672133215
138,"Sambar deer","SBR",1,"dist_str + ndvi_cv + elev + BB + DD",-0.136174670481322,0.760099156435439,0.872690186085896
139,"Sambar deer","SBR",1,"dist_str + ndvi_cv + elev + BB + DD",-0.16200792318784,0.776991502905949,0.850434468386075
140,"Sambar deer","SBR",1,"dist_str + ndvi_cv + elev + BB + DD",-0.163149406390375,0.815324495469534,0.849464263558624
141,"Sambar deer","SBR",1,"dist_str + ndvi_cv + elev + BB + DD",-0.1976959766913,0.831605848087986,0.820619306162123
142,"Sambar deer","SBR",1,"dist_str + ndvi_cv + elev + BB + DD",-0.201101473303515,0.840837614795896,0.817829439526981
143,"Sambar deer","SBR",1,"dist_str + ndvi_cv + elev + BB + DD",-0.231037913270726,0.861573833750297,0.793709393965564
144,"Sambar deer","SBR",1,"dist_str + ndvi_cv + elev + BB + DD",-0.235153902861545,0.885554564664825,0.790449191403185
145,"Sambar deer","SBR",1,"dist_str + ndvi_cv + elev + BB + DD",-0.235841612762045,0.912541787764838,0.789905881661662
146,"Sambar deer","SBR",1,"dist_str + ndvi_cv + elev + BB + DD",-0.247743833923055,0.95091009450061,0.780559871016641
147,"Sambar deer","SBR",1,"dist_str + ndvi_cv + elev + BB + DD",-0.259999779148087,0.955832881977029,0.771051790344751
148,"Sambar deer","SBR",1,"dist_str + ndvi_cv + elev + BB + DD",-0.257188062001018,1.02468261065726,0.773222788601695
149,"Sambar deer","SBR",1,"dist_str + ndvi_cv + elev + BB + DD",0.135314850384053,1.06511910481054,1.14489720090296
150,"Sambar deer","SBR",1,"dist_str + ndvi_cv + elev + BB + DD",0.133224994044051,0.981049637049081,1.14250703958588
151,"Sambar deer","SBR",1,"dist_str + ndvi_cv + elev + BB + DD",0.11248982783214,0.911500030257489,1.11906091322382
152,"Sambar deer","SBR",1,"dist_str + ndvi_cv + elev + BB + DD",0.119530108567453,0.88167016093625,1.12696717493167
153,"Sambar deer","SBR",1,"dist_str + ndvi_cv + elev + BB + DD",0.122408600898264,0.85877662891329,1.13021587194107
154,"Sambar deer","SBR",1,"dist_str + ndvi_cv + elev + BB + DD",0.140468202158157,0.841755046921156,1.15081248776017
155,"Sambar deer","SBR",1,"dist_str + ndvi_cv + elev + BB + DD",0.131989226439421,0.815265767202595,1.14109602811414
156,"Sambar deer","SBR",1,"dist_str + ndvi_cv + elev + BB + DD",0.11334548767759,0.817194078414009,1.12001881901696
157,"Sambar deer","SBR",1,"dist_str + ndvi_cv + elev + BB + DD",0.0990149928539795,0.804995356091346,1.1040828631824
158,"Sambar deer","SBR",1,"dist_str + ndvi_cv + elev + BB + DD",0.106641498092363,0.781474070180217,1.11253536464553
159,"Sambar deer","SBR",1,"dist_str + ndvi_cv + elev + BB + DD",0.128176449641262,0.775549860068851,1.13675356480384
160,"Sambar deer","SBR",1,"dist_str + ndvi_cv + elev + BB + DD",0.107762632944432,0.758753268545177,1.11378343464976
161,"Sambar deer","SBR",1,"dist_str + ndvi_cv + elev + BB + DD",0.108879718706326,0.750172019523069,1.11502823384887
162,"Sambar deer","SBR",1,"dist_str + ndvi_cv + elev + BB + DD",0.102550988227306,0.726394305974898,1.10799379580711
163,"Sambar deer","SBR",1,"dist_str + ndvi_cv + elev + BB + DD",0.0731426912498731,0.702931594870707,1.07588404885959
164,"Sambar deer","SBR",1,"dist_str + ndvi_cv + elev + BB + DD",0.0556937451902101,0.691037512471127,1.05727385151225
165,"Sambar deer","SBR",1,"dist_str + ndvi_cv + elev + BB + DD",0.027067551811904,0.660913504977426,1.02743721126806
166,"Sambar deer","SBR",1,"dist_str + ndvi_cv + elev + BB + DD",-0.00476734543489954,0.563475477630777,0.995244001669983
167,"Sambar deer","SBR",1,"dist_str + ndvi_cv + elev + BB + DD",-0.0216382091518673,0.61340351702223,0.9785942179165
168,"Sambar deer","SBR",1,"dist_str + ndvi_cv + elev + BB + DD",-0.0579729046046831,0.64836432639428,0.943675530032231
169,"Sambar deer","SBR",1,"dist_str + ndvi_cv + elev + BB + DD",-0.0857906071858447,0.701062494918881,0.917786426636481
170,"Sambar deer","SBR",1,"dist_str + ndvi_cv + elev + BB + DD",-0.127067398763788,0.731689997448426,0.88067431479888
171,"Sambar deer","SBR",1,"dist_str + ndvi_cv + elev + BB + DD",-0.137475301686902,0.747112298805111,0.871555876047676
172,"Sambar deer","SBR",1,"dist_str + ndvi_cv + elev + BB + DD",-0.167762668462423,0.778688058602886,0.845554491591818
173,"Sambar deer","SBR",1,"dist_str + ndvi_cv + elev + BB + DD",-0.195502782121321,0.787225151524035,0.822421062172821
174,"Sambar deer","SBR",1,"dist_str + ndvi_cv + elev + BB + DD",-0.201773325077307,0.809650071279763,0.817280165894287
175,"Sambar deer","SBR",1,"dist_str + ndvi_cv + elev + BB + DD",-0.213026970464944,0.827398986389392,0.808134342446864
176,"Sambar deer","SBR",1,"dist_str + ndvi_cv + elev + BB + DD",-0.23152105764351,0.854580990427269,0.793325990606227
177,"Sambar deer","SBR",1,"dist_str + ndvi_cv + elev + BB + DD",-0.235934042763701,0.872307450939785,0.789832769739089
178,"Sambar deer","SBR",1,"dist_str + ndvi_cv + elev + BB + DD",-0.238704890232652,0.904686240871986,0.787647290487704
179,"Sambar deer","SBR",1,"dist_str + ndvi_cv + elev + BB + DD",-0.250178085723886,0.937522825702516,0.778662103564243
180,"Sambar deer","SBR",1,"dist_str + ndvi_cv + elev + BB + DD",-0.249880674109658,0.95796586847406,0.778893791681142
181,"Sambar deer","SBR",1,"dist_str + ndvi_cv + elev + BB + DD",-0.26103688705252,1.02188237530334,0.770252506984491
182,"Sambar deer","SBR",1,"dist_str + ndvi_cv + elev + BB + DD",-0.279480608235434,1.11774536075885,0.756176474556138
183,"Sambar deer","SBR",1,"dist_str + ndvi_cv + elev + BB + DD",0.154259856210963,1.20629462138029,1.16679404666674
184,"Sambar deer","SBR",1,"dist_str + ndvi_cv + elev + BB + DD",0.12259930057746,1.02536336841042,1.13043136760965
185,"Sambar deer","SBR",1,"dist_str + ndvi_cv + elev + BB + DD",0.153503151630199,0.943313866809913,1.1659114720727
186,"Sambar deer","SBR",1,"dist_str + ndvi_cv + elev + BB + DD",0.115188701094293,0.892434108405138,1.12208522796716
187,"Sambar deer","SBR",1,"dist_str + ndvi_cv + elev + BB + DD",0.11542496826976,0.86493291919686,1.12235030123773
188,"Sambar deer","SBR",1,"dist_str + ndvi_cv + elev + BB + DD",0.108592071777597,0.844769173693485,1.11470754912728
189,"Sambar deer","SBR",1,"dist_str + ndvi_cv + elev + BB + DD",0.1183239860507,0.823572183271483,1.12560873613603
190,"Sambar deer","SBR",1,"dist_str + ndvi_cv + elev + BB + DD",0.117972634060746,0.797751310449599,1.12521332228488
191,"Sambar deer","SBR",1,"dist_str + ndvi_cv + elev + BB + DD",0.105982233246263,0.79706545191366,1.11180215314316
192,"Sambar deer","SBR",1,"dist_str + ndvi_cv + elev + BB + DD",0.121539535804113,0.779224250892988,1.12923402903829
193,"Sambar deer","SBR",1,"dist_str + ndvi_cv + elev + BB + DD",0.115604869036312,0.765251079455779,1.12255224319249
194,"Sambar deer","SBR",1,"dist_str + ndvi_cv + elev + BB + DD",0.1309030596589,0.749348676933992,1.13985730002823
195,"Sambar deer","SBR",1,"dist_str + ndvi_cv + elev + BB + DD",0.129433527736357,0.745763086736715,1.13818345155745
196,"Sambar deer","SBR",1,"dist_str + ndvi_cv + elev + BB + DD",0.113834588825901,0.720223436179559,1.12056676560652
197,"Sambar deer","SBR",1,"dist_str + ndvi_cv + elev + BB + DD",0.143167069376525,0.716964365816315,1.15392257390364
198,"Sambar deer","SBR",1,"dist_str + ndvi_cv + elev + BB + DD",0.117401471414289,0.705008470546873,1.12457082246312
199,"Sambar deer","SBR",1,"dist_str + ndvi_cv + elev + BB + DD",0.0960970806546709,0.67461466244189,1.10086596654359
200,"Sambar deer","SBR",1,"dist_str + ndvi_cv + elev + BB + DD",0.0672247266733679,0.662850446898544,1.06953580443655
201,"Sambar deer","SBR",1,"dist_str + ndvi_cv + elev + BB + DD",0.0396062173346123,0.647233309276656,1.04040100572779
202,"Sambar deer","SBR",1,"dist_str + ndvi_cv + elev + BB + DD",0.0192281815119192,0.647391669016752,1.019414238633
203,"Sambar deer","SBR",1,"dist_str + ndvi_cv + elev + BB + DD",-0.0277829919756072,0.661094636841218,0.97259940951778
204,"Sambar deer","SBR",1,"dist_str + ndvi_cv + elev + BB + DD",-0.0629795825011702,0.68439069916447,0.93896265029823
205,"Sambar deer","SBR",1,"dist_str + ndvi_cv + elev + BB + DD",-0.118433589856492,0.709789194168668,0.888310807182161
206,"Sambar deer","SBR",1,"dist_str + ndvi_cv + elev + BB + DD",-0.169449893749652,0.741221249557196,0.844129049731698
207,"Sambar deer","SBR",1,"dist_str + ndvi_cv + elev + BB + DD",-0.190433515848569,0.756647446056175,0.826600798056924
208,"Sambar deer","SBR",1,"dist_str + ndvi_cv + elev + BB + DD",-0.212976108725371,0.773591325875294,0.80817545497956
209,"Sambar deer","SBR",1,"dist_str + ndvi_cv + elev + BB + DD",-0.221679782678332,0.788944944839005,0.801171875004109
210,"Sambar deer","SBR",1,"dist_str + ndvi_cv + elev + BB + DD",-0.257358446215156,0.819573647405379,0.773091055669675
211,"Sambar deer","SBR",1,"dist_str + ndvi_cv + elev + BB + DD",-0.24201511116533,0.845346685633746,0.785044317648298
212,"Sambar deer","SBR",1,"dist_str + ndvi_cv + elev + BB + DD",-0.249833570566441,0.869026847773008,0.778930409437162
213,"Sambar deer","SBR",1,"dist_str + ndvi_cv + elev + BB + DD",-0.261344617393631,0.897892711031677,0.77001551326313
214,"Sambar deer","SBR",1,"dist_str + ndvi_cv + elev + BB + DD",-0.258002920775531,0.922974949912633,0.772592996046691
215,"Sambar deer","SBR",1,"dist_str + ndvi_cv + elev + BB + DD",-0.262684623196949,0.969834900213388,0.768984380592282
216,"Sambar deer","SBR",1,"dist_str + ndvi_cv + elev + BB + DD",-0.266058503360413,1.01270199751287,0.766394291521864
217,"Sambar deer","SBR",1,"dist_str + ndvi_cv + elev + BB + DD",-0.262558308221679,1.09201994525445,0.769081520113563
218,"Sambar deer","SBR",1,"dist_str + ndvi_cv + elev + BB + DD",-0.24196056144901,1.22169049123312,0.785087141317707
219,"Sambar deer","SBR",1,"dist_str + ndvi_cv + elev + BB + DD",0.132174835374797,0.981215990499982,1.14130785568228
220,"Sambar deer","SBR",1,"dist_str + ndvi_cv + elev + BB + DD",0.136453078969694,0.9180754230015,1.14620109589463
221,"Sambar deer","SBR",1,"dist_str + ndvi_cv + elev + BB + DD",0.126467786356996,0.875396170599913,1.13481289604103
222,"Sambar deer","SBR",1,"dist_str + ndvi_cv + elev + BB + DD",0.12010270108217,0.843419822013296,1.12761265813407
223,"Sambar deer","SBR",1,"dist_str + ndvi_cv + elev + BB + DD",0.118283063911416,0.831520686728197,1.12556267354004
224,"Sambar deer","SBR",1,"dist_str + ndvi_cv + elev + BB + DD",0.127033099876909,0.811368867622412,1.13545460087502
225,"Sambar deer","SBR",1,"dist_str + ndvi_cv + elev + BB + DD",0.12402315805287,0.784069557019248,1.13204208854817
226,"Sambar deer","SBR",1,"dist_str + ndvi_cv + elev + BB + DD",0.104796520198148,0.771084135288986,1.11048467165907
227,"Sambar deer","SBR",1,"dist_str + ndvi_cv + elev + BB + DD",0.125743595691882,0.767432001468565,1.13399138880079
228,"Sambar deer","SBR",1,"dist_str + ndvi_cv + elev + BB + DD",0.127455363525472,0.755413738629968,1.13593446646038
229,"Sambar deer","SBR",1,"dist_str + ndvi_cv + elev + BB + DD",0.133670403136266,0.739714367611535,1.143016033798
230,"Sambar deer","SBR",1,"dist_str + ndvi_cv + elev + BB + DD",0.137272725638409,0.718584837048666,1.14714096352844
231,"Sambar deer","SBR",1,"dist_str + ndvi_cv + elev + BB + DD",0.14236160052314,0.713515123805907,1.15299361338511
232,"Sambar deer","SBR",1,"dist_str + ndvi_cv + elev + BB + DD",0.15599394653265,0.707570747480165,1.16881913370416
233,"Sambar deer","SBR",1,"dist_str + ndvi_cv + elev + BB + DD",0.192885373852764,0.689905104100262,1.2127437839768
234,"Sambar deer","SBR",1,"dist_str + ndvi_cv + elev + BB + DD",0.173169704859509,0.673655708505693,1.18906788054556
235,"Sambar deer","SBR",1,"dist_str + ndvi_cv + elev + BB + DD",0.133666197228774,0.659989616334086,1.14301122373618
236,"Sambar deer","SBR",1,"dist_str + ndvi_cv + elev + BB + DD",0.110980672564523,0.656755609961913,1.1173734422449
237,"Sambar deer","SBR",1,"dist_str + ndvi_cv + elev + BB + DD",0.0630738139710964,0.650906422717649,1.06510545601339
238,"Sambar deer","SBR",1,"dist_str + ndvi_cv + elev + BB + DD",0.00851919092953751,0.674554329379233,1.00855558274897
239,"Sambar deer","SBR",1,"dist_str + ndvi_cv + elev + BB + DD",-0.0665511274863556,0.676843114467424,0.935615100021662
240,"Sambar deer","SBR",1,"dist_str + ndvi_cv + elev + BB + DD",-0.123364919427442,0.70269095545163,0.883941046536428
241,"Sambar deer","SBR",1,"dist_str + ndvi_cv + elev + BB + DD",-0.175308823995248,0.725005446010665,0.839197860037758
242,"Sambar deer","SBR",1,"dist_str + ndvi_cv + elev + BB + DD",-0.216928140514727,0.75021211454763,0.804987845574979
243,"Sambar deer","SBR",1,"dist_str + ndvi_cv + elev + BB + DD",-0.230482955003828,0.756214937814149,0.794149972760437
244,"Sambar deer","SBR",1,"dist_str + ndvi_cv + elev + BB + DD",-0.245638299337771,0.791684597194797,0.78220511132755
245,"Sambar deer","SBR",1,"dist_str + ndvi_cv + elev + BB + DD",-0.251756946460361,0.812362160911603,0.777433837068166
246,"Sambar deer","SBR",1,"dist_str + ndvi_cv + elev + BB + DD",-0.264075323243035,0.835966672606865,0.767915697179183
247,"Sambar deer","SBR",1,"dist_str + ndvi_cv + elev + BB + DD",-0.265028190191126,0.858350558640335,0.767184322732004
248,"Sambar deer","SBR",1,"dist_str + ndvi_cv + elev + BB + DD",-0.286958563955615,0.889273157979294,0.750542840761006
249,"Sambar deer","SBR",1,"dist_str + ndvi_cv + elev + BB + DD",-0.253879689200772,0.943715307943804,0.775785131897754
250,"Sambar deer","SBR",1,"dist_str + ndvi_cv + elev + BB + DD",-0.273460123354895,0.980488891119209,0.760742681174337
251,"Sambar deer","SBR",1,"dist_str + ndvi_cv + elev + BB + DD",-0.262000883460207,1.04391664550088,0.769510739156498
252,"Sambar deer","SBR",1,"dist_str + ndvi_cv + elev + BB + DD",-0.243051314245459,1.10792685118185,0.78423127642274
253,"Sambar deer","SBR",1,"dist_str + ndvi_cv + elev + BB + DD",-0.253241508967361,1.24342789492073,0.776280397142373
254,"Sambar deer","SBR",1,"dist_str + ndvi_cv + elev + BB + DD",0.120816428439248,0.949324057375125,1.12841778464213
255,"Sambar deer","SBR",1,"dist_str + ndvi_cv + elev + BB + DD",0.153505380923359,0.881476100511169,1.16591406568352
256,"Sambar deer","SBR",1,"dist_str + ndvi_cv + elev + BB + DD",0.132714550919655,0.862987149134307,1.14192401453186
257,"Sambar deer","SBR",1,"dist_str + ndvi_cv + elev + BB + DD",0.154132449877802,0.849210865492064,1.16664627414762
258,"Sambar deer","SBR",1,"dist_str + ndvi_cv + elev + BB + DD",0.122456254168378,0.811502981819671,1.13026989365791
259,"Sambar deer","SBR",1,"dist_str + ndvi_cv + elev + BB + DD",0.132466625196416,0.796178593902522,1.14164091528666
260,"Sambar deer","SBR",1,"dist_str + ndvi_cv + elev + BB + DD",0.131177412566311,0.790352871939844,1.14017004469104
261,"Sambar deer","SBR",1,"dist_str + ndvi_cv + elev + BB + DD",0.136681845062123,0.771162662949882,1.14646351067555
262,"Sambar deer","SBR",1,"dist_str + ndvi_cv + elev + BB + DD",0.13586604333464,0.757086939950294,1.14552843219253
263,"Sambar deer","SBR",1,"dist_str + ndvi_cv + elev + BB + DD",0.141863637196702,0.737213395918157,1.1524194927562
264,"Sambar deer","SBR",1,"dist_str + ndvi_cv + elev + BB + DD",0.140565888573669,0.734629790395311,1.1509249121559
265,"Sambar deer","SBR",1,"dist_str + ndvi_cv + elev + BB + DD",0.168016621804038,0.716669905906123,1.18295627564195
266,"Sambar deer","SBR",1,"dist_str + ndvi_cv + elev + BB + DD",0.17150070244843,0.695912321370881,1.18708500615487
267,"Sambar deer","SBR",1,"dist_str + ndvi_cv + elev + BB + DD",0.167202567562343,0.684260514599985,1.18199367472604
268,"Sambar deer","SBR",1,"dist_str + ndvi_cv + elev + BB + DD",0.20418380154024,0.67270475342858,1.22652361480728
269,"Sambar deer","SBR",1,"dist_str + ndvi_cv + elev + BB + DD",0.221080166443326,0.654937676192912,1.24742342866419
270,"Sambar deer","SBR",1,"dist_str + ndvi_cv + elev + BB + DD",0.225956850610866,0.635572183336774,1.25352158189295
271,"Sambar deer","SBR",1,"dist_str + ndvi_cv + elev + BB + DD",0.191440822385925,0.630194457387262,1.2109932162182
272,"Sambar deer","SBR",1,"dist_str + ndvi_cv + elev + BB + DD",0.109466605961647,0.655172232694282,1.11568282847544
273,"Sambar deer","SBR",1,"dist_str + ndvi_cv + elev + BB + DD",0.0281082218228212,0.676635380190269,1.02850698716862
274,"Sambar deer","SBR",1,"dist_str + ndvi_cv + elev + BB + DD",-0.0532067048488539,0.686985538436224,0.948184073683298
275,"Sambar deer","SBR",1,"dist_str + ndvi_cv + elev + BB + DD",-0.117034169382797,0.695963449928654,0.889554832016362
276,"Sambar deer","SBR",1,"dist_str + ndvi_cv + elev + BB + DD",-0.209900987565812,0.715934917274925,0.810664511826999
277,"Sambar deer","SBR",1,"dist_str + ndvi_cv + elev + BB + DD",-0.257710480938034,0.729392568897929,0.77281895075062
278,"Sambar deer","SBR",1,"dist_str + ndvi_cv + elev + BB + DD",-0.266309953815118,0.742915945059121,0.766201604309347
279,"Sambar deer","SBR",1,"dist_str + ndvi_cv + elev + BB + DD",-0.259213070463666,0.771265962787005,0.771658587959092
280,"Sambar deer","SBR",1,"dist_str + ndvi_cv + elev + BB + DD",-0.28144885278503,0.799431417079261,0.754689569576128
281,"Sambar deer","SBR",1,"dist_str + ndvi_cv + elev + BB + DD",-0.273448346535724,0.822894347204769,0.760751634655487
282,"Sambar deer","SBR",1,"dist_str + ndvi_cv + elev + BB + DD",-0.274305646384128,0.860638225111496,0.76009972866296
283,"Sambar deer","SBR",1,"dist_str + ndvi_cv + elev + BB + DD",-0.257028117907698,0.914932817095687,0.773346469651677
284,"Sambar deer","SBR",1,"dist_str + ndvi_cv + elev + BB + DD",-0.262093710469975,0.96587968069878,0.769438940067968
285,"Sambar deer","SBR",1,"dist_str + ndvi_cv + elev + BB + DD",-0.256622180258705,1.04043832505152,0.773660475019013
286,"Sambar deer","SBR",1,"dist_str + ndvi_cv + elev + BB + DD",-0.275012363460429,1.12936568884499,0.759562751189046
287,"Sambar deer","SBR",1,"dist_str + ndvi_cv + elev + BB + DD",-0.266414730658068,1.21083889713061,0.766121352249469
288,"Sambar deer","SBR",1,"dist_str + ndvi_cv + elev + BB + DD",0.107303210335094,1.06614351724489,1.11327180526945
289,"Sambar deer","SBR",1,"dist_str + ndvi_cv + elev + BB + DD",0.101197108897782,0.931668952012622,1.10649472184498
290,"Sambar deer","SBR",1,"dist_str + ndvi_cv + elev + BB + DD",0.135914741570883,0.880724504161684,1.14558421876292
291,"Sambar deer","SBR",1,"dist_str + ndvi_cv + elev + BB + DD",0.131411108622288,0.849526929635675,1.14043653155133
292,"Sambar deer","SBR",1,"dist_str + ndvi_cv + elev + BB + DD",0.128993023488499,0.832702588875114,1.13768221008789
293,"Sambar deer","SBR",1,"dist_str + ndvi_cv + elev + BB + DD",0.108701062538036,0.806682746198048,1.11482903733048
294,"Sambar deer","SBR",1,"dist_str + ndvi_cv + elev + BB + DD",0.130673182555379,0.799383835646859,1.13959528264917
295,"Sambar deer","SBR",1,"dist_str + ndvi_cv + elev + BB + DD",0.125867577039081,0.773714390306184,1.13413198751188
296,"Sambar deer","SBR",1,"dist_str + ndvi_cv + elev + BB + DD",0.141499191926446,0.766605277090224,1.15199958026312
297,"Sambar deer","SBR",1,"dist_str + ndvi_cv + elev + BB + DD",0.135876573954301,0.741845542778807,1.14554050990402
298,"Sambar deer","SBR",1,"dist_str + ndvi_cv + elev + BB + DD",0.139983492186631,0.73010713729466,1.15025481054066
299,"Sambar deer","SBR",1,"dist_str + ndvi_cv + elev + BB + DD",0.140169182983811,0.71907798638494,1.15046842208099
300,"Sambar deer","SBR",1,"dist_str + ndvi_cv + elev + BB + DD",0.163038260723232,0.703093595366373,1.17708172723002
301,"Sambar deer","SBR",1,"dist_str + ndvi_cv + elev + BB + DD",0.203420765845059,0.689007142496399,1.22558804741268
302,"Sambar deer","SBR",1,"dist_str + ndvi_cv + elev + BB + DD",0.202444216254187,0.670643748655502,1.22439182163857
303,"Sambar deer","SBR",1,"dist_str + ndvi_cv + elev + BB + DD",0.228560810101156,0.654626980475355,1.25678999693838
304,"Sambar deer","SBR",1,"dist_str + ndvi_cv + elev + BB + DD",0.318993701076492,0.637767223921794,1.37574266701391
305,"Sambar deer","SBR",1,"dist_str + ndvi_cv + elev + BB + DD",0.335903938420803,0.596639959708543,1.39920462986563
306,"Sambar deer","SBR",1,"dist_str + ndvi_cv + elev + BB + DD",0.310376362467974,0.601244621236976,1.36393835277652
307,"Sambar deer","SBR",1,"dist_str + ndvi_cv + elev + BB + DD",0.176699858638015,0.645158245292087,1.19327291358476
308,"Sambar deer","SBR",1,"dist_str + ndvi_cv + elev + BB + DD",0.0523336889536516,0.662464974030646,1.05372730106912
309,"Sambar deer","SBR",1,"dist_str + ndvi_cv + elev + BB + DD",-0.0407905677719685,0.687550340845583,0.960030211077981
310,"Sambar deer","SBR",1,"dist_str + ndvi_cv + elev + BB + DD",-0.158956955626427,0.6874536098361,0.853033177980984
311,"Sambar deer","SBR",1,"dist_str + ndvi_cv + elev + BB + DD",-0.264091515959027,0.697514915350495,0.767903388727755
312,"Sambar deer","SBR",1,"dist_str + ndvi_cv + elev + BB + DD",-0.305976825407375,0.699973164399946,0.736403733711251
313,"Sambar deer","SBR",1,"dist_str + ndvi_cv + elev + BB + DD",-0.31271846865486,0.728191511171622,0.731455811327346
314,"Sambar deer","SBR",1,"dist_str + ndvi_cv + elev + BB + DD",-0.286682691999449,0.758504419923154,0.750749912261743
315,"Sambar deer","SBR",1,"dist_str + ndvi_cv + elev + BB + DD",-0.292096600237922,0.789689514992925,0.746696409816701
316,"Sambar deer","SBR",1,"dist_str + ndvi_cv + elev + BB + DD",-0.28054386749861,0.84468678084729,0.755372807689671
317,"Sambar deer","SBR",1,"dist_str + ndvi_cv + elev + BB + DD",-0.263462983484247,0.897985883475755,0.768386064887942
318,"Sambar deer","SBR",1,"dist_str + ndvi_cv + elev + BB + DD",-0.260326008402312,1.01625091318829,0.770800299710531
319,"Sambar deer","SBR",1,"dist_str + ndvi_cv + elev + BB + DD",-0.266821130472097,1.09664881821964,0.765810127439866
320,"Sambar deer","SBR",1,"dist_str + ndvi_cv + elev + BB + DD",0.137305891350108,1.00683366054817,1.14717900721349
321,"Sambar deer","SBR",1,"dist_str + ndvi_cv + elev + BB + DD",0.118218313747262,0.914467751496475,1.12548979524981
322,"Sambar deer","SBR",1,"dist_str + ndvi_cv + elev + BB + DD",0.14958228219172,0.871764085789845,1.16134903542865
323,"Sambar deer","SBR",1,"dist_str + ndvi_cv + elev + BB + DD",0.134349013561239,0.848332427735549,1.14379195764652
324,"Sambar deer","SBR",1,"dist_str + ndvi_cv + elev + BB + DD",0.131628619665437,0.821363812905107,1.14068464955085
325,"Sambar deer","SBR",1,"dist_str + ndvi_cv + elev + BB + DD",0.118803316727748,0.806770502675419,1.1261484082782
326,"Sambar deer","SBR",1,"dist_str + ndvi_cv + elev + BB + DD",0.102605481885313,0.790120519826464,1.10805417657609
327,"Sambar deer","SBR",1,"dist_str + ndvi_cv + elev + BB + DD",0.129739847450751,0.769203947385539,1.13853215595649
328,"Sambar deer","SBR",1,"dist_str + ndvi_cv + elev + BB + DD",0.12255593310966,0.757428232063744,1.13038234879062
329,"Sambar deer","SBR",1,"dist_str + ndvi_cv + elev + BB + DD",0.14113221647142,0.741012514822725,1.151576907969
330,"Sambar deer","SBR",1,"dist_str + ndvi_cv + elev + BB + DD",0.143432570583593,0.734242239301664,1.15422899203353
331,"Sambar deer","SBR",1,"dist_str + ndvi_cv + elev + BB + DD",0.158760540605783,0.716713294695592,1.17205737187151
332,"Sambar deer","SBR",1,"dist_str + ndvi_cv + elev + BB + DD",0.175750600735803,0.689727285488263,1.19214070780418
333,"Sambar deer","SBR",1,"dist_str + ndvi_cv + elev + BB + DD",0.211966356583666,0.675268314356144,1.23610629806781
334,"Sambar deer","SBR",1,"dist_str + ndvi_cv + elev + BB + DD",0.215934095110511,0.672372984071549,1.24102058794184
335,"Sambar deer","SBR",1,"dist_str + ndvi_cv + elev + BB + DD",0.285099526963958,0.648927551015289,1.32989438195813
336,"Sambar deer","SBR",1,"dist_str + ndvi_cv + elev + BB + DD",0.34822252458815,0.614887617494965,1.41654748269548
337,"Sambar deer","SBR",1,"dist_str + ndvi_cv + elev + BB + DD",0.660842574856946,0.392785270397337,1.93642322878656
338,"Sambar deer","SBR",1,"dist_str + ndvi_cv + elev + BB + DD",0.491548784985212,0.554848925535054,1.63484628619931
339,"Sambar deer","SBR",1,"dist_str + ndvi_cv + elev + BB + DD",0.214508564760546,0.634832011875097,1.23925273611769
340,"Sambar deer","SBR",1,"dist_str + ndvi_cv + elev + BB + DD",0.0861900156681762,0.662747861869327,1.09001343100795
341,"Sambar deer","SBR",1,"dist_str + ndvi_cv + elev + BB + DD",-0.0571798512908974,0.682499124115411,0.944424199832783
342,"Sambar deer","SBR",1,"dist_str + ndvi_cv + elev + BB + DD",-0.169292458069914,0.686550814090176,0.844261957549179
343,"Sambar deer","SBR",1,"dist_str + ndvi_cv + elev + BB + DD",-0.387452782242575,0.663533049663613,0.678783699559797
344,"Sambar deer","SBR",1,"dist_str + ndvi_cv + elev + BB + DD",-0.496503974130036,0.639378831095127,0.60865482023274
345,"Sambar deer","SBR",1,"dist_str + ndvi_cv + elev + BB + DD",-0.32218462412653,0.720260258687612,0.724564408554526
346,"Sambar deer","SBR",1,"dist_str + ndvi_cv + elev + BB + DD",-0.284089917535047,0.74818680126316,0.752698961501585
347,"Sambar deer","SBR",1,"dist_str + ndvi_cv + elev + BB + DD",-0.295791789985246,0.776843361386334,0.74394231057653
348,"Sambar deer","SBR",1,"dist_str + ndvi_cv + elev + BB + DD",-0.287349682246422,0.84593825197954,0.750249357534229
349,"Sambar deer","SBR",1,"dist_str + ndvi_cv + elev + BB + DD",0.0974054677348031,1.00121873343675,1.10230737879275
350,"Sambar deer","SBR",1,"dist_str + ndvi_cv + elev + BB + DD",0.117141491215963,0.901652005171736,1.12427853330988
351,"Sambar deer","SBR",1,"dist_str + ndvi_cv + elev + BB + DD",0.122132227893666,0.864028153380582,1.129903496676
352,"Sambar deer","SBR",1,"dist_str + ndvi_cv + elev + BB + DD",0.107304326026175,0.842355024817639,1.11327300116577
353,"Sambar deer","SBR",1,"dist_str + ndvi_cv + elev + BB + DD",0.106403511035297,0.8070482772811,1.11227062950749
354,"Sambar deer","SBR",1,"dist_str + ndvi_cv + elev + BB + DD",0.0995915008764793,0.798952603368259,1.10471955518982
355,"Sambar deer","SBR",1,"dist_str + ndvi_cv + elev + BB + DD",0.118372819115355,0.774435006089247,1.12566370228623
356,"Sambar deer","SBR",1,"dist_str + ndvi_cv + elev + BB + DD",0.135967504378439,0.764651078509611,1.14564471846935
357,"Sambar deer","SBR",1,"dist_str + ndvi_cv + elev + BB + DD",0.125823847244395,0.75537714256777,1.13408238449392
358,"Sambar deer","SBR",1,"dist_str + ndvi_cv + elev + BB + DD",0.150494590666328,0.743780078382118,1.16240901887538
359,"Sambar deer","SBR",1,"dist_str + ndvi_cv + elev + BB + DD",0.15301687747041,0.721946160747102,1.16534467791373
360,"Sambar deer","SBR",1,"dist_str + ndvi_cv + elev + BB + DD",0.157806481360087,0.701943522351596,1.1709395847173
361,"Sambar deer","SBR",1,"dist_str + ndvi_cv + elev + BB + DD",0.183781194420002,0.698686520729174,1.20175284412232
362,"Sambar deer","SBR",1,"dist_str + ndvi_cv + elev + BB + DD",0.201982722774547,0.677038307943711,1.22382686373877
363,"Sambar deer","SBR",1,"dist_str + ndvi_cv + elev + BB + DD",0.228321815858401,0.6617461571763,1.25648962384254
364,"Sambar deer","SBR",1,"dist_str + ndvi_cv + elev + BB + DD",0.281046350148744,0.652467167382383,1.32451501391248
365,"Sambar deer","SBR",1,"dist_str + ndvi_cv + elev + BB + DD",0.362884001694395,0.611234080779667,1.43746910695788
366,"Sambar deer","SBR",1,"dist_str + ndvi_cv + elev + BB + DD",0.370788540133991,0.589340866194814,1.44887666274238
367,"Sambar deer","SBR",1,"dist_str + ndvi_cv + elev + BB + DD",0.34806357764759,0.59941780772756,1.41632229369661
368,"Sambar deer","SBR",1,"dist_str + ndvi_cv + elev + BB + DD",0.218669902358092,0.634809210050026,1.24442043871015
369,"Sambar deer","SBR",1,"dist_str + ndvi_cv + elev + BB + DD",0.0840350671467807,0.659300462949629,1.08766703611761
370,"Sambar deer","SBR",1,"dist_str + ndvi_cv + elev + BB + DD",-0.044302046635684,0.671680040502529,0.956664957041053
371,"Sambar deer","SBR",1,"dist_str + ndvi_cv + elev + BB + DD",-0.146971189746872,0.682684436701901,0.863318939608401
372,"Sambar deer","SBR",1,"dist_str + ndvi_cv + elev + BB + DD",-0.256773299920368,0.686184078588826,0.773543577910617
373,"Sambar deer","SBR",1,"dist_str + ndvi_cv + elev + BB + DD",-0.318944194527719,0.696504069124172,0.726916160471209
374,"Sambar deer","SBR",1,"dist_str + ndvi_cv + elev + BB + DD",-0.309398114113873,0.721084794207498,0.733888573426356
375,"Sambar deer","SBR",1,"dist_str + ndvi_cv + elev + BB + DD",-0.286561478786516,0.747343905223771,0.750840916623343
376,"Sambar deer","SBR",1,"dist_str + ndvi_cv + elev + BB + DD",-0.270369419258512,0.780646249478567,0.763097540192181
377,"Sambar deer","SBR",1,"dist_str + ndvi_cv + elev + BB + DD",-0.276081800477281,0.875654654640818,0.758750862074428
378,"Sambar deer","SBR",1,"dist_str + ndvi_cv + elev + BB + DD",0.104827818605095,1.00030861599715,1.11051938401437
379,"Sambar deer","SBR",1,"dist_str + ndvi_cv + elev + BB + DD",0.124623985574203,0.899499545244838,1.13272246472309
380,"Sambar deer","SBR",1,"dist_str + ndvi_cv + elev + BB + DD",0.0975438614486425,0.861022742374831,1.10245980735963
381,"Sambar deer","SBR",1,"dist_str + ndvi_cv + elev + BB + DD",0.103995134325514,0.81803006800931,1.10959508384616
382,"Sambar deer","SBR",1,"dist_str + ndvi_cv + elev + BB + DD",0.0948819817352646,0.804166009866269,1.09952910390284
383,"Sambar deer","SBR",1,"dist_str + ndvi_cv + elev + BB + DD",0.100340272348456,0.797043073314822,1.10554706986425
384,"Sambar deer","SBR",1,"dist_str + ndvi_cv + elev + BB + DD",0.144984241823484,0.77739385296375,1.15602135951218
385,"Sambar deer","SBR",1,"dist_str + ndvi_cv + elev + BB + DD",0.129403138902069,0.765002401563946,1.13814886377632
386,"Sambar deer","SBR",1,"dist_str + ndvi_cv + elev + BB + DD",0.133494869134794,0.76789071637872,1.14281541385771
387,"Sambar deer","SBR",1,"dist_str + ndvi_cv + elev + BB + DD",0.128436289337632,0.740326199610658,1.13704897688152
388,"Sambar deer","SBR",1,"dist_str + ndvi_cv + elev + BB + DD",0.130933844714562,0.726538102884873,1.13989238869765
389,"Sambar deer","SBR",1,"dist_str + ndvi_cv + elev + BB + DD",0.151371963533111,0.715577759799942,1.16342933154843
390,"Sambar deer","SBR",1,"dist_str + ndvi_cv + elev + BB + DD",0.183260346316313,0.702612415371744,1.20112708818932
391,"Sambar deer","SBR",1,"dist_str + ndvi_cv + elev + BB + DD",0.195838933070641,0.685494967483026,1.21633098335728
392,"Sambar deer","SBR",1,"dist_str + ndvi_cv + elev + BB + DD",0.214844227801202,0.680424764794422,1.23966879784696
393,"Sambar deer","SBR",1,"dist_str + ndvi_cv + elev + BB + DD",0.27135926396769,0.653111603028947,1.3117463137377
394,"Sambar deer","SBR",1,"dist_str + ndvi_cv + elev + BB + DD",0.291736020859152,0.631527601669704,1.33874957488131
395,"Sambar deer","SBR",1,"dist_str + ndvi_cv + elev + BB + DD",0.28889937086347,0.628298746381922,1.33495742752731
396,"Sambar deer","SBR",1,"dist_str + ndvi_cv + elev + BB + DD",0.24200990600989,0.633368333557427,1.27380681128736
397,"Sambar deer","SBR",1,"dist_str + ndvi_cv + elev + BB + DD",0.189804516407678,0.639311603096633,1.20901323274988
398,"Sambar deer","SBR",1,"dist_str + ndvi_cv + elev + BB + DD",0.0715110878101713,0.659142245783675,1.07413014212849
399,"Sambar deer","SBR",1,"dist_str + ndvi_cv + elev + BB + DD",-0.0478577427354574,0.66874900866424,0.953269387475921
400,"Sambar deer","SBR",1,"dist_str + ndvi_cv + elev + BB + DD",-0.133022006627326,0.682726302421669,0.875445830848718
401,"Sambar deer","SBR",1,"dist_str + ndvi_cv + elev + BB + DD",-0.211664959360428,0.684590244920434,0.809235779188365
402,"Sambar deer","SBR",1,"dist_str + ndvi_cv + elev + BB + DD",-0.279230803394571,0.69799938845589,0.756365311529767
403,"Sambar deer","SBR",1,"dist_str + ndvi_cv + elev + BB + DD",-0.285058699153992,0.712780774018172,0.751970119279604
404,"Sambar deer","SBR",1,"dist_str + ndvi_cv + elev + BB + DD",-0.289845985993063,0.744312311716251,0.748378871953712
405,"Sambar deer","SBR",1,"dist_str + ndvi_cv + elev + BB + DD",-0.280093736062349,0.764598701921498,0.755712900601133
406,"Sambar deer","SBR",1,"dist_str + ndvi_cv + elev + BB + DD",-0.281618826332068,0.870560164569255,0.754561283416672
407,"Sambar deer","SBR",1,"dist_str + ndvi_cv + elev + BB + DD",0.102969619288268,1.03882371499715,1.10845791742447
408,"Sambar deer","SBR",1,"dist_str + ndvi_cv + elev + BB + DD",0.0872882363960538,0.912050511334926,1.09121116256824
409,"Sambar deer","SBR",1,"dist_str + ndvi_cv + elev + BB + DD",0.110712899058542,0.857386207410318,1.11707415120569
410,"Sambar deer","SBR",1,"dist_str + ndvi_cv + elev + BB + DD",0.0900820643753848,0.824592151885225,1.09426408490809
411,"Sambar deer","SBR",1,"dist_str + ndvi_cv + elev + BB + DD",0.0898094436209757,0.807916633993563,1.09396580210422
412,"Sambar deer","SBR",1,"dist_str + ndvi_cv + elev + BB + DD",0.0964604283820386,0.784825175816984,1.10126606811933
413,"Sambar deer","SBR",1,"dist_str + ndvi_cv + elev + BB + DD",0.110457371987708,0.773871743211537,1.11678874783245
414,"Sambar deer","SBR",1,"dist_str + ndvi_cv + elev + BB + DD",0.11627706962764,0.752984515986037,1.12330706377334
415,"Sambar deer","SBR",1,"dist_str + ndvi_cv + elev + BB + DD",0.113707961661349,0.745335524739996,1.12042488228707
416,"Sambar deer","SBR",1,"dist_str + ndvi_cv + elev + BB + DD",0.121384510024698,0.739621889432548,1.12905896354755
417,"Sambar deer","SBR",1,"dist_str + ndvi_cv + elev + BB + DD",0.139269084155056,0.707378211200487,1.1494334040939
418,"Sambar deer","SBR",1,"dist_str + ndvi_cv + elev + BB + DD",0.154348936196438,0.701499346523993,1.16689798869464
419,"Sambar deer","SBR",1,"dist_str + ndvi_cv + elev + BB + DD",0.158244690987291,0.70166646753368,1.17145290709418
420,"Sambar deer","SBR",1,"dist_str + ndvi_cv + elev + BB + DD",0.192757389987207,0.687117234660299,1.21258866732117
421,"Sambar deer","SBR",1,"dist_str + ndvi_cv + elev + BB + DD",0.227620534921448,0.672414049804583,1.2556087758036
422,"Sambar deer","SBR",1,"dist_str + ndvi_cv + elev + BB + DD",0.24259625629233,0.645465884044393,1.27455394352488
423,"Sambar deer","SBR",1,"dist_str + ndvi_cv + elev + BB + DD",0.251084800184688,0.637003078211869,1.28541922734693
424,"Sambar deer","SBR",1,"dist_str + ndvi_cv + elev + BB + DD",0.257938525349287,0.637382167622689,1.29425972441006
425,"Sambar deer","SBR",1,"dist_str + ndvi_cv + elev + BB + DD",0.22971599677368,0.632709058869998,1.25824261622909
426,"Sambar deer","SBR",1,"dist_str + ndvi_cv + elev + BB + DD",0.157815425627005,0.648338022423382,1.1709500477025
427,"Sambar deer","SBR",1,"dist_str + ndvi_cv + elev + BB + DD",0.0735479941667057,0.656505335986481,1.07632020078987
428,"Sambar deer","SBR",1,"dist_str + ndvi_cv + elev + BB + DD",-0.0218599223393528,0.670180619444609,0.978377278432019
429,"Sambar deer","SBR",1,"dist_str + ndvi_cv + elev + BB + DD",-0.110954909802886,0.671848238193626,0.894979110852266
430,"Sambar deer","SBR",1,"dist_str + ndvi_cv + elev + BB + DD",-0.181835942866207,0.679455175832233,0.83373830957737
431,"Sambar deer","SBR",1,"dist_str + ndvi_cv + elev + BB + DD",-0.249288241190861,0.694796691547758,0.779355298822408
432,"Sambar deer","SBR",1,"dist_str + ndvi_cv + elev + BB + DD",-0.272736777678162,0.718324446850113,0.761293153390524
433,"Sambar deer","SBR",1,"dist_str + ndvi_cv + elev + BB + DD",-0.29091120362275,0.742725180750708,0.747582057712903
434,"Sambar deer","SBR",1,"dist_str + ndvi_cv + elev + BB + DD",-0.288768734850005,0.76824016672368,0.749185453155802
435,"Sambar deer","SBR",1,"dist_str + ndvi_cv + elev + BB + DD",-0.264831544079586,0.878897495476456,0.76733521206351
436,"Sambar deer","SBR",1,"dist_str + ndvi_cv + elev + BB + DD",0.0856516028314288,0.89203396018617,1.0894267094236
437,"Sambar deer","SBR",1,"dist_str + ndvi_cv + elev + BB + DD",0.0883542981021939,0.85058206822114,1.09237526020105
438,"Sambar deer","SBR",1,"dist_str + ndvi_cv + elev + BB + DD",0.102082761759974,0.824926233938632,1.10747512586308
439,"Sambar deer","SBR",1,"dist_str + ndvi_cv + elev + BB + DD",0.0858991832436038,0.802838587197657,1.08969646320054
440,"Sambar deer","SBR",1,"dist_str + ndvi_cv + elev + BB + DD",0.0977956335884096,0.786511236281919,1.10273740369812
441,"Sambar deer","SBR",1,"dist_str + ndvi_cv + elev + BB + DD",0.0897176899673423,0.774737345922934,1.09386543261965
442,"Sambar deer","SBR",1,"dist_str + ndvi_cv + elev + BB + DD",0.105968301322501,0.752241562626101,1.11178663378262
443,"Sambar deer","SBR",1,"dist_str + ndvi_cv + elev + BB + DD",0.118212414965102,0.739603516248916,1.12548317636999
444,"Sambar deer","SBR",1,"dist_str + ndvi_cv + elev + BB + DD",0.119135811627557,0.73358189548313,1.12652290334165
445,"Sambar deer","SBR",1,"dist_str + ndvi_cv + elev + BB + DD",0.130588274278627,0.714770047198378,1.1394985250703
446,"Sambar deer","SBR",1,"dist_str + ndvi_cv + elev + BB + DD",0.150230447509186,0.695255792317387,1.1621020454288
447,"Sambar deer","SBR",1,"dist_str + ndvi_cv + elev + BB + DD",0.166682022763294,0.692338768332623,1.18137860901336
448,"Sambar deer","SBR",1,"dist_str + ndvi_cv + elev + BB + DD",0.161195860500182,0.692972218676346,1.17491506962291
449,"Sambar deer","SBR",1,"dist_str + ndvi_cv + elev + BB + DD",0.193166178566064,0.665955117230573,1.21308436614711
450,"Sambar deer","SBR",1,"dist_str + ndvi_cv + elev + BB + DD",0.229666742547164,0.651554772756544,1.25818064202576
451,"Sambar deer","SBR",1,"dist_str + ndvi_cv + elev + BB + DD",0.281514328575869,0.625179722521138,1.32513498540609
452,"Sambar deer","SBR",1,"dist_str + ndvi_cv + elev + BB + DD",0.266582811085778,0.618411943708857,1.3054956945687
453,"Sambar deer","SBR",1,"dist_str + ndvi_cv + elev + BB + DD",0.244498989535,0.618787706628674,1.2769813831246
454,"Sambar deer","SBR",1,"dist_str + ndvi_cv + elev + BB + DD",0.161205782007385,0.627867653819809,1.17492672286785
455,"Sambar deer","SBR",1,"dist_str + ndvi_cv + elev + BB + DD",0.0718307699196238,0.646584163137153,1.07447349669626
456,"Sambar deer","SBR",1,"dist_str + ndvi_cv + elev + BB + DD",-0.0215396090328493,0.662559588338426,0.978690717480636
457,"Sambar deer","SBR",1,"dist_str + ndvi_cv + elev + BB + DD",-0.101861276253063,0.671756492850821,0.903154832773154
458,"Sambar deer","SBR",1,"dist_str + ndvi_cv + elev + BB + DD",-0.183337242121423,0.671403431821811,0.832487360025093
459,"Sambar deer","SBR",1,"dist_str + ndvi_cv + elev + BB + DD",-0.243986140980422,0.674907428098307,0.783498527868355
460,"Sambar deer","SBR",1,"dist_str + ndvi_cv + elev + BB + DD",-0.28076168033843,0.709314171763767,0.755208297522678
461,"Sambar deer","SBR",1,"dist_str + ndvi_cv + elev + BB + DD",-0.290126428049071,0.722700295008008,0.748168977309621
462,"Sambar deer","SBR",1,"dist_str + ndvi_cv + elev + BB + DD",-0.289017699148814,0.762454978054248,0.748998953400989
463,"Sambar deer","SBR",1,"dist_str + ndvi_cv + elev + BB + DD",-0.274343786615977,0.877088735499688,0.760070728400819
464,"Sambar deer","SBR",1,"dist_str + ndvi_cv + elev + BB + DD",0.0512025897133206,0.996865169948345,1.05253630690304
465,"Sambar deer","SBR",1,"dist_str + ndvi_cv + elev + BB + DD",0.076571283013736,0.892779844667592,1.0795791611634
466,"Sambar deer","SBR",1,"dist_str + ndvi_cv + elev + BB + DD",0.0904054696078051,0.842736184640078,1.0946180414335
467,"Sambar deer","SBR",1,"dist_str + ndvi_cv + elev + BB + DD",0.0682498382919179,0.825069342185641,1.07063276506771
468,"Sambar deer","SBR",1,"dist_str + ndvi_cv + elev + BB + DD",0.0875491864014837,0.802686697674456,1.09149595068824
469,"Sambar deer","SBR",1,"dist_str + ndvi_cv + elev + BB + DD",0.0832208303284753,0.791778855762457,1.08678177715489
470,"Sambar deer","SBR",1,"dist_str + ndvi_cv + elev + BB + DD",0.082474750203663,0.760803844238517,1.08597125478265
471,"Sambar deer","SBR",1,"dist_str + ndvi_cv + elev + BB + DD",0.0940460724986283,0.749829034808305,1.09861036135016
472,"Sambar deer","SBR",1,"dist_str + ndvi_cv + elev + BB + DD",0.102921985463217,0.749237776144988,1.10840493590159
473,"Sambar deer","SBR",1,"dist_str + ndvi_cv + elev + BB + DD",0.0912923738161579,0.728655885613977,1.09558931803275
474,"Sambar deer","SBR",1,"dist_str + ndvi_cv + elev + BB + DD",0.120314903133624,0.712365949929376,1.12785196082816
475,"Sambar deer","SBR",1,"dist_str + ndvi_cv + elev + BB + DD",0.123080104945688,0.713019450708121,1.13097503115938
476,"Sambar deer","SBR",1,"dist_str + ndvi_cv + elev + BB + DD",0.135393994916997,0.683522580564516,1.14498781738699
477,"Sambar deer","SBR",1,"dist_str + ndvi_cv + elev + BB + DD",0.148668739039879,0.681332307067039,1.16028857652398
478,"Sambar deer","SBR",1,"dist_str + ndvi_cv + elev + BB + DD",0.177644573972516,0.658681983864188,1.19440072475852
479,"Sambar deer","SBR",1,"dist_str + ndvi_cv + elev + BB + DD",0.197352597368554,0.646532762280141,1.21817348985507
480,"Sambar deer","SBR",1,"dist_str + ndvi_cv + elev + BB + DD",0.264509075350058,0.62596028105465,1.30279124701081
481,"Sambar deer","SBR",1,"dist_str + ndvi_cv + elev + BB + DD",0.381312052156581,0.543710278398713,1.46420444474805
482,"Sambar deer","SBR",1,"dist_str + ndvi_cv + elev + BB + DD",0.301455645510773,0.553039522404042,1.35182518860935
483,"Sambar deer","SBR",1,"dist_str + ndvi_cv + elev + BB + DD",0.160742209806862,0.600732745489227,1.17438218595522
484,"Sambar deer","SBR",1,"dist_str + ndvi_cv + elev + BB + DD",0.0662866885855335,0.633030908507842,1.06853301048501
485,"Sambar deer","SBR",1,"dist_str + ndvi_cv + elev + BB + DD",-0.0413115761885074,0.654500025251616,0.959530117695215
486,"Sambar deer","SBR",1,"dist_str + ndvi_cv + elev + BB + DD",-0.123208580212156,0.665273321895511,0.884079243525753
487,"Sambar deer","SBR",1,"dist_str + ndvi_cv + elev + BB + DD",-0.203114345208894,0.666560014601645,0.816185013624553
488,"Sambar deer","SBR",1,"dist_str + ndvi_cv + elev + BB + DD",-0.281706033773263,0.655184235373749,0.754495454795442
489,"Sambar deer","SBR",1,"dist_str + ndvi_cv + elev + BB + DD",-0.286097193500363,0.6890273969811,0.751189601653409
490,"Sambar deer","SBR",1,"dist_str + ndvi_cv + elev + BB + DD",-0.295321315911079,0.718542179642496,0.744292396200666
491,"Sambar deer","SBR",1,"dist_str + ndvi_cv + elev + BB + DD",-0.29242469553118,0.750762209021066,0.74645152487744
492,"Sambar deer","SBR",1,"dist_str + ndvi_cv + elev + BB + DD",-0.294088542640405,0.869364486196302,0.74521050697074
493,"Sambar deer","SBR",1,"dist_str + ndvi_cv + elev + BB + DD",0.0158028702508776,1.08386823569783,1.01592839697932
494,"Sambar deer","SBR",1,"dist_str + ndvi_cv + elev + BB + DD",0.0435717257735318,0.944932415903539,1.044534915802
495,"Sambar deer","SBR",1,"dist_str + ndvi_cv + elev + BB + DD",0.0533725984734632,0.877741272481172,1.05482260689608
496,"Sambar deer","SBR",1,"dist_str + ndvi_cv + elev + BB + DD",0.064664265220567,0.845278121798735,1.06680080231443
497,"Sambar deer","SBR",1,"dist_str + ndvi_cv + elev + BB + DD",0.061673730068088,0.817599993990247,1.06361527413426
498,"Sambar deer","SBR",1,"dist_str + ndvi_cv + elev + BB + DD",0.0594498978406896,0.794896558721528,1.06125258929453
499,"Sambar deer","SBR",1,"dist_str + ndvi_cv + elev + BB + DD",0.0702027426539004,0.777405715591087,1.0727256525064
500,"Sambar deer","SBR",1,"dist_str + ndvi_cv + elev + BB + DD",0.0772026170864343,0.769527584216023,1.08026094746472
501,"Sambar deer","SBR",1,"dist_str + ndvi_cv + elev + BB + DD",0.081755263582161,0.750459670013491,1.08519019265942
502,"Sambar deer","SBR",1,"dist_str + ndvi_cv + elev + BB + DD",0.0789507283634226,0.739170232568261,1.08215100927017
503,"Sambar deer","SBR",1,"dist_str + ndvi_cv + elev + BB + DD",0.0690983840186648,0.729383083868334,1.07154166318151
504,"Sambar deer","SBR",1,"dist_str + ndvi_cv + elev + BB + DD",0.0894638387482884,0.711646466908247,1.0935877876512
505,"Sambar deer","SBR",1,"dist_str + ndvi_cv + elev + BB + DD",0.102459782245561,0.700447582888794,1.10789274908636
506,"Sambar deer","SBR",1,"dist_str + ndvi_cv + elev + BB + DD",0.120154425120335,0.680150421851481,1.12767098391541
507,"Sambar deer","SBR",1,"dist_str + ndvi_cv + elev + BB + DD",0.147622103600816,0.68068474258127,1.15907484527407
508,"Sambar deer","SBR",1,"dist_str + ndvi_cv + elev + BB + DD",0.153494519375081,0.670283676132054,1.16590140739498
509,"Sambar deer","SBR",1,"dist_str + ndvi_cv + elev + BB + DD",0.196416333652013,0.652472556217772,1.21703349206399
510,"Sambar deer","SBR",1,"dist_str + ndvi_cv + elev + BB + DD",0.225046573475206,0.621022517498491,1.25238104263294
511,"Sambar deer","SBR",1,"dist_str + ndvi_cv + elev + BB + DD",0.323131026755361,0.553145471479853,1.38144634753225
512,"Sambar deer","SBR",1,"dist_str + ndvi_cv + elev + BB + DD",0.386034292923898,0.456319543697313,1.47113516916457
513,"Sambar deer","SBR",1,"dist_str + ndvi_cv + elev + BB + DD",0.13111352505568,0.606019441543401,1.14009722143827
514,"Sambar deer","SBR",1,"dist_str + ndvi_cv + elev + BB + DD",0.0358967380855384,0.629174487099139,1.03654887975685
515,"Sambar deer","SBR",1,"dist_str + ndvi_cv + elev + BB + DD",-0.0521895000042675,0.649035020493791,0.949148998160646
516,"Sambar deer","SBR",1,"dist_str + ndvi_cv + elev + BB + DD",-0.144487096159198,0.66106791699704,0.865466081334601
517,"Sambar deer","SBR",1,"dist_str + ndvi_cv + elev + BB + DD",-0.212122299831598,0.671227833445607,0.808865829351598
518,"Sambar deer","SBR",1,"dist_str + ndvi_cv + elev + BB + DD",-0.285997292691726,0.664154290218402,0.751264670308318
519,"Sambar deer","SBR",1,"dist_str + ndvi_cv + elev + BB + DD",-0.316549111692221,0.677845964752675,0.728659225002377
520,"Sambar deer","SBR",1,"dist_str + ndvi_cv + elev + BB + DD",-0.282819655101469,0.709891684543513,0.753655739193683
521,"Sambar deer","SBR",1,"dist_str + ndvi_cv + elev + BB + DD",-0.295485406410142,0.747170299679127,0.744170276993307
522,"Sambar deer","SBR",1,"dist_str + ndvi_cv + elev + BB + DD",-0.296468522829404,0.8542920699027,0.743439028716348
523,"Sambar deer","SBR",1,"dist_str + ndvi_cv + elev + BB + DD",0.0407952586670167,1.03148986864395,1.04163882520067
524,"Sambar deer","SBR",1,"dist_str + ndvi_cv + elev + BB + DD",0.0435617804040563,0.928803614134688,1.04452452802318
525,"Sambar deer","SBR",1,"dist_str + ndvi_cv + elev + BB + DD",0.02880701189597,0.88737604129759,1.02922594695936
526,"Sambar deer","SBR",1,"dist_str + ndvi_cv + elev + BB + DD",0.0469698860002767,0.847419630508496,1.04809045219691
527,"Sambar deer","SBR",1,"dist_str + ndvi_cv + elev + BB + DD",0.0469900536285806,0.817362628330298,1.04811158650289
528,"Sambar deer","SBR",1,"dist_str + ndvi_cv + elev + BB + DD",0.0481877299444547,0.791722600557782,1.04936763612912
529,"Sambar deer","SBR",1,"dist_str + ndvi_cv + elev + BB + DD",0.0505248644905876,0.778438962983871,1.05182302413691
530,"Sambar deer","SBR",1,"dist_str + ndvi_cv + elev + BB + DD",0.0620229732670013,0.753111470005096,1.06398679256558
531,"Sambar deer","SBR",1,"dist_str + ndvi_cv + elev + BB + DD",0.0696655925072923,0.744180121383495,1.07214960669403
532,"Sambar deer","SBR",1,"dist_str + ndvi_cv + elev + BB + DD",0.0552303105517547,0.744929401432956,1.056783996563
533,"Sambar deer","SBR",1,"dist_str + ndvi_cv + elev + BB + DD",0.061038697087605,0.7249963721238,1.06294006053358
534,"Sambar deer","SBR",1,"dist_str + ndvi_cv + elev + BB + DD",0.0783655756512935,0.712015961551995,1.08151796576586
535,"Sambar deer","SBR",1,"dist_str + ndvi_cv + elev + BB + DD",0.0910285960081127,0.703175003713887,1.09530032982277
536,"Sambar deer","SBR",1,"dist_str + ndvi_cv + elev + BB + DD",0.103306042833029,0.697214836092917,1.10883076797005
537,"Sambar deer","SBR",1,"dist_str + ndvi_cv + elev + BB + DD",0.118836866301375,0.684810498685338,1.12618624081474
538,"Sambar deer","SBR",1,"dist_str + ndvi_cv + elev + BB + DD",0.122317445676034,0.659965216779235,1.13011284189708
539,"Sambar deer","SBR",1,"dist_str + ndvi_cv + elev + BB + DD",0.128493621083368,0.652456990198835,1.13711422018005
540,"Sambar deer","SBR",1,"dist_str + ndvi_cv + elev + BB + DD",0.157029890027305,0.628846768958562,1.17003073229857
541,"Sambar deer","SBR",1,"dist_str + ndvi_cv + elev + BB + DD",0.168982038741497,0.604638032826599,1.18409890425078
542,"Sambar deer","SBR",1,"dist_str + ndvi_cv + elev + BB + DD",0.118027995100954,0.598141740409528,1.12527561347653
543,"Sambar deer","SBR",1,"dist_str + ndvi_cv + elev + BB + DD",0.0849052791518824,0.605809026499303,1.08861395468475
544,"Sambar deer","SBR",1,"dist_str + ndvi_cv + elev + BB + DD",-0.0165661614465036,0.635536143811475,0.983570351820534
545,"Sambar deer","SBR",1,"dist_str + ndvi_cv + elev + BB + DD",-0.0855188410309616,0.649557144852035,0.918035846159197
546,"Sambar deer","SBR",1,"dist_str + ndvi_cv + elev + BB + DD",-0.153498656435147,0.654999433837899,0.857701916671212
547,"Sambar deer","SBR",1,"dist_str + ndvi_cv + elev + BB + DD",-0.217451428236256,0.667069474379658,0.804566686664738
548,"Sambar deer","SBR",1,"dist_str + ndvi_cv + elev + BB + DD",-0.263174808199994,0.686709515955791,0.768607527413259
549,"Sambar deer","SBR",1,"dist_str + ndvi_cv + elev + BB + DD",-0.272821527848605,0.687862465298285,0.761228633694922
550,"Sambar deer","SBR",1,"dist_str + ndvi_cv + elev + BB + DD",-0.263647413034437,0.700715246682594,0.768244365482066
551,"Sambar deer","SBR",1,"dist_str + ndvi_cv + elev + BB + DD",-0.279463723743605,0.730832786665195,0.756189174927717
552,"Sambar deer","SBR",1,"dist_str + ndvi_cv + elev + BB + DD",-0.279924856218467,0.842365785221269,0.755840536597589
553,"Sambar deer","SBR",1,"dist_str + ndvi_cv + elev + BB + DD",0.0259277502968396,1.06891063407759,1.02626680023801
554,"Sambar deer","SBR",1,"dist_str + ndvi_cv + elev + BB + DD",0.0557614456360104,0.93911645847421,1.05734547298169
555,"Sambar deer","SBR",1,"dist_str + ndvi_cv + elev + BB + DD",0.0386304355289866,0.859949094257806,1.03938629580236
556,"Sambar deer","SBR",1,"dist_str + ndvi_cv + elev + BB + DD",0.0397730805250886,0.831007627376576,1.04057471047118
557,"Sambar deer","SBR",1,"dist_str + ndvi_cv + elev + BB + DD",0.022037304006855,0.814861629390015,1.02228191904367
558,"Sambar deer","SBR",1,"dist_str + ndvi_cv + elev + BB + DD",0.0662814327319263,0.790143274764805,1.06852749168198
559,"Sambar deer","SBR",1,"dist_str + ndvi_cv + elev + BB + DD",0.052732437774268,0.771391180519312,1.05414755836204
560,"Sambar deer","SBR",1,"dist_str + ndvi_cv + elev + BB + DD",0.055850677818242,0.748522205479837,1.0574397733803
561,"Sambar deer","SBR",1,"dist_str + ndvi_cv + elev + BB + DD",0.0423640333742206,0.749478374668474,1.04327419630623
562,"Sambar deer","SBR",1,"dist_str + ndvi_cv + elev + BB + DD",0.0551990328746364,0.732110282648285,1.05675092698526
563,"Sambar deer","SBR",1,"dist_str + ndvi_cv + elev + BB + DD",0.0502625585267113,0.729505106048359,1.05154715335193
564,"Sambar deer","SBR",1,"dist_str + ndvi_cv + elev + BB + DD",0.0579398608577468,0.706498038777264,1.05965127059503
565,"Sambar deer","SBR",1,"dist_str + ndvi_cv + elev + BB + DD",0.0690264178190707,0.700238046848355,1.07146452571712
566,"Sambar deer","SBR",1,"dist_str + ndvi_cv + elev + BB + DD",0.0915722576577864,0.690359339513951,1.09589596070699
567,"Sambar deer","SBR",1,"dist_str + ndvi_cv + elev + BB + DD",0.0809695471932246,0.672481075374775,1.08433789161619
568,"Sambar deer","SBR",1,"dist_str + ndvi_cv + elev + BB + DD",0.0779800721068453,0.658644947804661,1.08110111472958
569,"Sambar deer","SBR",1,"dist_str + ndvi_cv + elev + BB + DD",0.0796787883296665,0.657445888167647,1.08293917619503
570,"Sambar deer","SBR",1,"dist_str + ndvi_cv + elev + BB + DD",0.0791701306957486,0.637381790389723,1.08238845399888
571,"Sambar deer","SBR",1,"dist_str + ndvi_cv + elev + BB + DD",0.0691810645460356,0.637340830426976,1.07163022725332
572,"Sambar deer","SBR",1,"dist_str + ndvi_cv + elev + BB + DD",0.0407333140375026,0.615440606418183,1.04157429525963
573,"Sambar deer","SBR",1,"dist_str + ndvi_cv + elev + BB + DD",-0.00286697747323178,0.625112472994628,0.997137143353898
574,"Sambar deer","SBR",1,"dist_str + ndvi_cv + elev + BB + DD",-0.0668112610815026,0.646027578693546,0.935371726769187
575,"Sambar deer","SBR",1,"dist_str + ndvi_cv + elev + BB + DD",-0.124932197093575,0.65664078416744,0.882556741022327
576,"Sambar deer","SBR",1,"dist_str + ndvi_cv + elev + BB + DD",-0.173539862697676,0.660258300215582,0.84068364124211
577,"Sambar deer","SBR",1,"dist_str + ndvi_cv + elev + BB + DD",-0.213333585515294,0.667204190951053,0.807886593035735
578,"Sambar deer","SBR",1,"dist_str + ndvi_cv + elev + BB + DD",-0.247180062205192,0.673310257190971,0.781000056647719
579,"Sambar deer","SBR",1,"dist_str + ndvi_cv + elev + BB + DD",-0.267281010602008,0.698032556783053,0.765457946282661
580,"Sambar deer","SBR",1,"dist_str + ndvi_cv + elev + BB + DD",-0.283598438462004,0.687870102262901,0.753068988476399
581,"Sambar deer","SBR",1,"dist_str + ndvi_cv + elev + BB + DD",-0.274842642671736,0.706911519312815,0.759691659333775
582,"Sambar deer","SBR",1,"dist_str + ndvi_cv + elev + BB + DD",-0.255533793280397,0.78604265224014,0.774502994396715
583,"Sambar deer","SBR",1,"dist_str + ndvi_cv + elev + BB + DD",0.0405508840027718,0.987136495302407,1.04138430048555
584,"Sambar deer","SBR",1,"dist_str + ndvi_cv + elev + BB + DD",0.0357579064013816,0.890302398257903,1.03640495010953
585,"Sambar deer","SBR",1,"dist_str + ndvi_cv + elev + BB + DD",0.0425244825937805,0.843993569677642,1.04344161150481
586,"Sambar deer","SBR",1,"dist_str + ndvi_cv + elev + BB + DD",0.0330397821461519,0.810810904046407,1.03359167285817
587,"Sambar deer","SBR",1,"dist_str + ndvi_cv + elev + BB + DD",0.0440373185226832,0.782838071799316,1.0450213622614
588,"Sambar deer","SBR",1,"dist_str + ndvi_cv + elev + BB + DD",0.0352607127276104,0.768718538660597,1.03588979148004
589,"Sambar deer","SBR",1,"dist_str + ndvi_cv + elev + BB + DD",0.038381553829781,0.7479773627107,1.03912764335668
590,"Sambar deer","SBR",1,"dist_str + ndvi_cv + elev + BB + DD",0.0288155979361363,0.748608424416703,1.02923480217184
591,"Sambar deer","SBR",1,"dist_str + ndvi_cv + elev + BB + DD",0.0349300403105645,0.737198798081332,1.03554731404729
592,"Sambar deer","SBR",1,"dist_str + ndvi_cv + elev + BB + DD",0.0508446069658081,0.718465236686587,1.05215939368233
593,"Sambar deer","SBR",1,"dist_str + ndvi_cv + elev + BB + DD",0.0407711007074622,0.723848694646789,1.04161365389391
594,"Sambar deer","SBR",1,"dist_str + ndvi_cv + elev + BB + DD",0.0390048008135648,0.70358079927652,1.03977551789673
595,"Sambar deer","SBR",1,"dist_str + ndvi_cv + elev + BB + DD",0.0329404022645555,0.693756652358769,1.03348902247977
596,"Sambar deer","SBR",1,"dist_str + ndvi_cv + elev + BB + DD",0.035383404076022,0.681645243192916,1.03601684702327
597,"Sambar deer","SBR",1,"dist_str + ndvi_cv + elev + BB + DD",0.0384555932495749,0.666722961380012,1.03920458077602
598,"Sambar deer","SBR",1,"dist_str + ndvi_cv + elev + BB + DD",0.0250597021359152,0.650012486226147,1.02537634076243
599,"Sambar deer","SBR",1,"dist_str + ndvi_cv + elev + BB + DD",0.00731769748916828,0.63141356420854,1.00734453897302
600,"Sambar deer","SBR",1,"dist_str + ndvi_cv + elev + BB + DD",-0.00607376135089483,0.626788899729567,0.993944666797447
601,"Sambar deer","SBR",1,"dist_str + ndvi_cv + elev + BB + DD",-0.025734165451502,0.621532204412793,0.974594163378474
602,"Sambar deer","SBR",1,"dist_str + ndvi_cv + elev + BB + DD",-0.0555331882594128,0.636969018125618,0.945980688717004
603,"Sambar deer","SBR",1,"dist_str + ndvi_cv + elev + BB + DD",-0.114497372554288,0.641100493210204,0.891814281636074
604,"Sambar deer","SBR",1,"dist_str + ndvi_cv + elev + BB + DD",-0.152551601516805,0.654745658211298,0.858514596938081
605,"Sambar deer","SBR",1,"dist_str + ndvi_cv + elev + BB + DD",-0.192578500920518,0.66432874990514,0.824829597193906
606,"Sambar deer","SBR",1,"dist_str + ndvi_cv + elev + BB + DD",-0.226183275402687,0.67073412631058,0.797571914558405
607,"Sambar deer","SBR",1,"dist_str + ndvi_cv + elev + BB + DD",-0.260001529067247,0.668926029897541,0.771050415546309
608,"Sambar deer","SBR",1,"dist_str + ndvi_cv + elev + BB + DD",-0.278691672470959,0.679689870023843,0.756773220581622
609,"Sambar deer","SBR",1,"dist_str + ndvi_cv + elev + BB + DD",-0.28417650487731,0.694909313541139,0.752633790136086
610,"Sambar deer","SBR",1,"dist_str + ndvi_cv + elev + BB + DD",-0.265761436148432,0.71244668452402,0.766622100774096
611,"Sambar deer","SBR",1,"dist_str + ndvi_cv + elev + BB + DD",-0.268509104516246,0.757049210606263,0.764518523276495
612,"Sambar deer","SBR",1,"dist_str + ndvi_cv + elev + BB + DD",-0.246452981844061,0.80245095013962,0.781568108577771
613,"Sambar deer","SBR",1,"dist_str + ndvi_cv + elev + BB + DD",-0.235356111390522,0.87096288459786,0.790289375764841
614,"Sambar deer","SBR",1,"dist_str + ndvi_cv + elev + BB + DD",-0.211958818396997,0.904963500900005,0.808998020614375
615,"Sambar deer","SBR",1,"dist_str + ndvi_cv + elev + BB + DD",-0.195356982660916,0.943926473248108,0.822540973903876
616,"Sambar deer","SBR",1,"dist_str + ndvi_cv + elev + BB + DD",-0.210394463916054,0.999298970161835,0.810264645587817
617,"Sambar deer","SBR",1,"dist_str + ndvi_cv + elev + BB + DD",0.0556690700118317,0.919301985793395,1.05724776538414
618,"Sambar deer","SBR",1,"dist_str + ndvi_cv + elev + BB + DD",0.0108420733377349,0.841527871826337,1.01090123209907
619,"Sambar deer","SBR",1,"dist_str + ndvi_cv + elev + BB + DD",0.0339168885889642,0.818049965353645,1.03449862452904
620,"Sambar deer","SBR",1,"dist_str + ndvi_cv + elev + BB + DD",0.0237492579579315,0.794824375971009,1.02403351902911
621,"Sambar deer","SBR",1,"dist_str + ndvi_cv + elev + BB + DD",0.0252882968866966,0.772915456315744,1.02561077132325
622,"Sambar deer","SBR",1,"dist_str + ndvi_cv + elev + BB + DD",0.043549956156877,0.758573716356737,1.04451218103457
623,"Sambar deer","SBR",1,"dist_str + ndvi_cv + elev + BB + DD",0.040541985344877,0.743392181973144,1.04137503804784
624,"Sambar deer","SBR",1,"dist_str + ndvi_cv + elev + BB + DD",0.020317278249244,0.737568370510496,1.02052508593106
625,"Sambar deer","SBR",1,"dist_str + ndvi_cv + elev + BB + DD",0.0376780735149585,0.722421362104811,1.03839689165467
626,"Sambar deer","SBR",1,"dist_str + ndvi_cv + elev + BB + DD",0.0151526117678446,0.715520823650699,1.01526837045045
627,"Sambar deer","SBR",1,"dist_str + ndvi_cv + elev + BB + DD",0.0191724570196247,0.699905700607284,1.01935742881285
628,"Sambar deer","SBR",1,"dist_str + ndvi_cv + elev + BB + DD",0.00279051153121904,0.685413334448942,1.00279441579307
629,"Sambar deer","SBR",1,"dist_str + ndvi_cv + elev + BB + DD",0.0130140420546687,0.679169912740845,1.01309909412124
630,"Sambar deer","SBR",1,"dist_str + ndvi_cv + elev + BB + DD",-0.0152541984948858,0.663723472167292,0.984861558326723
631,"Sambar deer","SBR",1,"dist_str + ndvi_cv + elev + BB + DD",-0.0305350082901306,0.637537852644327,0.969926476403781
632,"Sambar deer","SBR",1,"dist_str + ndvi_cv + elev + BB + DD",-0.0524085891997183,0.614781826384898,0.948941060631033
633,"Sambar deer","SBR",1,"dist_str + ndvi_cv + elev + BB + DD",-0.107156554661227,0.604343141014426,0.898385092121037
634,"Sambar deer","SBR",1,"dist_str + ndvi_cv + elev + BB + DD",-0.109410479322424,0.607764532774213,0.89636240378741
635,"Sambar deer","SBR",1,"dist_str + ndvi_cv + elev + BB + DD",-0.124889720746965,0.637462088468112,0.882594230534675
636,"Sambar deer","SBR",1,"dist_str + ndvi_cv + elev + BB + DD",-0.148868728682207,0.648850247074867,0.861682230789321
637,"Sambar deer","SBR",1,"dist_str + ndvi_cv + elev + BB + DD",-0.188694853005482,0.662123515102155,0.82803915731759
638,"Sambar deer","SBR",1,"dist_str + ndvi_cv + elev + BB + DD",-0.236103820709378,0.655639264208388,0.789698682983752
639,"Sambar deer","SBR",1,"dist_str + ndvi_cv + elev + BB + DD",-0.263762322902828,0.65763511380118,0.768156091071631
640,"Sambar deer","SBR",1,"dist_str + ndvi_cv + elev + BB + DD",-0.292765874900739,0.66568236744736,0.746196823678346
641,"Sambar deer","SBR",1,"dist_str + ndvi_cv + elev + BB + DD",-0.294125927583049,0.677798864483964,0.745182646874397
642,"Sambar deer","SBR",1,"dist_str + ndvi_cv + elev + BB + DD",-0.267881881210068,0.690372828407437,0.764998333209468
643,"Sambar deer","SBR",1,"dist_str + ndvi_cv + elev + BB + DD",-0.280594673408492,0.707580212274233,0.755334497280665
644,"Sambar deer","SBR",1,"dist_str + ndvi_cv + elev + BB + DD",-0.262366543787707,0.733192824747134,0.769229015910669
645,"Sambar deer","SBR",1,"dist_str + ndvi_cv + elev + BB + DD",-0.233493627182516,0.746573685030372,0.791762650546628
646,"Sambar deer","SBR",1,"dist_str + ndvi_cv + elev + BB + DD",-0.214747467823317,0.760667089304159,0.806745147534422
647,"Sambar deer","SBR",1,"dist_str + ndvi_cv + elev + BB + DD",-0.20822613267313,0.793265739950062,0.812023395653309
648,"Sambar deer","SBR",1,"dist_str + ndvi_cv + elev + BB + DD",-0.228206295337031,0.812986903164573,0.795960040166843
649,"Sambar deer","SBR",1,"dist_str + ndvi_cv + elev + BB + DD",-0.225936717664321,0.863909949658375,0.797768587090141
650,"Sambar deer","SBR",1,"dist_str + ndvi_cv + elev + BB + DD",-0.196069956753926,0.889796136531723,0.821954731581369
651,"Sambar deer","SBR",1,"dist_str + ndvi_cv + elev + BB + DD",-0.202692617640452,0.940442539333875,0.816529195594757
652,"Sambar deer","SBR",1,"dist_str + ndvi_cv + elev + BB + DD",-0.164673123489185,0.969984521258411,0.848170936962432
653,"Sambar deer","SBR",1,"dist_str + ndvi_cv + elev + BB + DD",-0.164540987715364,1.02485036410378,0.848282994047272
654,"Sambar deer","SBR",1,"dist_str + ndvi_cv + elev + BB + DD",-0.155813690729377,1.16775080191914,0.85571860696633
655,"Sambar deer","SBR",1,"dist_str + ndvi_cv + elev + BB + DD",0.0327745246546125,0.957397145333662,1.03331792150096
656,"Sambar deer","SBR",1,"dist_str + ndvi_cv + elev + BB + DD",0.0113465144218476,0.850950612311431,1.01141113661174
657,"Sambar deer","SBR",1,"dist_str + ndvi_cv + elev + BB + DD",0.0110999839367477,0.815707365753528,1.01116204804721
658,"Sambar deer","SBR",1,"dist_str + ndvi_cv + elev + BB + DD",0.0328722180809016,0.790541547817001,1.03341848415288
659,"Sambar deer","SBR",1,"dist_str + ndvi_cv + elev + BB + DD",0.011218383788007,0.775861258694161,1.01128154589261
660,"Sambar deer","SBR",1,"dist_str + ndvi_cv + elev + BB + DD",0.0230509891023555,0.75846750462067,1.02331871673962
661,"Sambar deer","SBR",1,"dist_str + ndvi_cv + elev + BB + DD",0.0267879844897098,0.745233211348455,1.02715000842626
662,"Sambar deer","SBR",1,"dist_str + ndvi_cv + elev + BB + DD",7.53537633105188e-05,0.729596629143869,1.00007535675615
663,"Sambar deer","SBR",1,"dist_str + ndvi_cv + elev + BB + DD",0.00279157630112651,0.714163482410291,1.00279549554561
664,"Sambar deer","SBR",1,"dist_str + ndvi_cv + elev + BB + DD",0.00422232000028952,0.719559210861841,1.0042312978704
665,"Sambar deer","SBR",1,"dist_str + ndvi_cv + elev + BB + DD",-0.00480074726483815,0.699650143248202,0.995210760156545
666,"Sambar deer","SBR",1,"dist_str + ndvi_cv + elev + BB + DD",-0.00942543536978596,0.690772778963635,0.990618844838935
667,"Sambar deer","SBR",1,"dist_str + ndvi_cv + elev + BB + DD",-0.0136210841020974,0.68061610314618,0.986471271671176
668,"Sambar deer","SBR",1,"dist_str + ndvi_cv + elev + BB + DD",-0.0309609854369532,0.661994225553114,0.969513459524848
669,"Sambar deer","SBR",1,"dist_str + ndvi_cv + elev + BB + DD",-0.071506554312341,0.639102045593147,0.930990246974665
670,"Sambar deer","SBR",1,"dist_str + ndvi_cv + elev + BB + DD",-0.114932577881731,0.601943757938666,0.891426243729696
671,"Sambar deer","SBR",1,"dist_str + ndvi_cv + elev + BB + DD",-0.213995920276862,0.46369695218372,0.807351679149074
672,"Sambar deer","SBR",1,"dist_str + ndvi_cv + elev + BB + DD",-0.149135956390339,0.590327842977553,0.861451992049969
673,"Sambar deer","SBR",1,"dist_str + ndvi_cv + elev + BB + DD",-0.165369169245106,0.620386639816285,0.847580746009847
674,"Sambar deer","SBR",1,"dist_str + ndvi_cv + elev + BB + DD",-0.173961916368342,0.649786724599554,0.840328917703579
675,"Sambar deer","SBR",1,"dist_str + ndvi_cv + elev + BB + DD",-0.241039972222898,0.665824410686731,0.785810220626696
676,"Sambar deer","SBR",1,"dist_str + ndvi_cv + elev + BB + DD",-0.293280960739627,0.649573453385988,0.745812571693149
677,"Sambar deer","SBR",1,"dist_str + ndvi_cv + elev + BB + DD",-0.360148946806158,0.622118956614713,0.697572431636263
678,"Sambar deer","SBR",1,"dist_str + ndvi_cv + elev + BB + DD",-0.343812633782088,0.656954592047363,0.709061797781848
679,"Sambar deer","SBR",1,"dist_str + ndvi_cv + elev + BB + DD",-0.301346470980704,0.6687625415208,0.73982142111638
680,"Sambar deer","SBR",1,"dist_str + ndvi_cv + elev + BB + DD",-0.268388443991076,0.683126746014012,0.764610719083025
681,"Sambar deer","SBR",1,"dist_str + ndvi_cv + elev + BB + DD",-0.259701215802461,0.697958710824892,0.771282020700498
682,"Sambar deer","SBR",1,"dist_str + ndvi_cv + elev + BB + DD",-0.248137807278982,0.718266187987831,0.780252412343625
683,"Sambar deer","SBR",1,"dist_str + ndvi_cv + elev + BB + DD",-0.238854853275884,0.722851677851066,0.787529181609305
684,"Sambar deer","SBR",1,"dist_str + ndvi_cv + elev + BB + DD",-0.231595842988387,0.740111852728619,0.793266682425187
685,"Sambar deer","SBR",1,"dist_str + ndvi_cv + elev + BB + DD",-0.23422292080839,0.766050278535172,0.791185427397337
686,"Sambar deer","SBR",1,"dist_str + ndvi_cv + elev + BB + DD",-0.223804760396092,0.773451930413035,0.799471211656176
687,"Sambar deer","SBR",1,"dist_str + ndvi_cv + elev + BB + DD",-0.19765794925135,0.800743585685849,0.820650537276078
688,"Sambar deer","SBR",1,"dist_str + ndvi_cv + elev + BB + DD",-0.188021280161445,0.815325568443456,0.828597074786935
689,"Sambar deer","SBR",1,"dist_str + ndvi_cv + elev + BB + DD",-0.195700042927847,0.849573853875259,0.822258843888009
690,"Sambar deer","SBR",1,"dist_str + ndvi_cv + elev + BB + DD",-0.179151079344879,0.869407044615055,0.835979655063519
691,"Sambar deer","SBR",1,"dist_str + ndvi_cv + elev + BB + DD",-0.179057555696666,0.896989372788228,0.836057779344416
692,"Sambar deer","SBR",1,"dist_str + ndvi_cv + elev + BB + DD",-0.137158553193238,1.01297219237454,0.871831984039597
693,"Sambar deer","SBR",1,"dist_str + ndvi_cv + elev + BB + DD",0.0475298795759878,0.979822637888684,1.04867753469801
694,"Sambar deer","SBR",1,"dist_str + ndvi_cv + elev + BB + DD",0.0167333399101818,0.864390794340264,1.01687414496717
695,"Sambar deer","SBR",1,"dist_str + ndvi_cv + elev + BB + DD",-0.0100086636255076,0.830265933687896,0.990041257859988
696,"Sambar deer","SBR",1,"dist_str + ndvi_cv + elev + BB + DD",-0.00844942063093251,0.801903630993405,0.991586181256861
697,"Sambar deer","SBR",1,"dist_str + ndvi_cv + elev + BB + DD",-0.0092967662186172,0.777843468562478,0.990746321624655
698,"Sambar deer","SBR",1,"dist_str + ndvi_cv + elev + BB + DD",0.0161621927149069,0.760651032369537,1.01629356598004
699,"Sambar deer","SBR",1,"dist_str + ndvi_cv + elev + BB + DD",-0.0102891807812473,0.762491160164431,0.989763571761282
700,"Sambar deer","SBR",1,"dist_str + ndvi_cv + elev + BB + DD",0.00366455354222076,0.725021390623657,1.00367129431861
701,"Sambar deer","SBR",1,"dist_str + ndvi_cv + elev + BB + DD",-0.0210406982205907,0.722815643119349,0.9791792041712
702,"Sambar deer","SBR",1,"dist_str + ndvi_cv + elev + BB + DD",-0.00935431790298507,0.709896473630255,0.990689298105292
703,"Sambar deer","SBR",1,"dist_str + ndvi_cv + elev + BB + DD",-0.0258880270581184,0.689214303222565,0.974444204415412
704,"Sambar deer","SBR",1,"dist_str + ndvi_cv + elev + BB + DD",-0.0258707783871698,0.691064065218387,0.974461006634486
705,"Sambar deer","SBR",1,"dist_str + ndvi_cv + elev + BB + DD",-0.0437236658071959,0.669291132058021,0.957218453629427
706,"Sambar deer","SBR",1,"dist_str + ndvi_cv + elev + BB + DD",-0.0709714432081304,0.657497997779417,0.931488494424778
707,"Sambar deer","SBR",1,"dist_str + ndvi_cv + elev + BB + DD",-0.0945674813387514,0.64511120465593,0.909766371585588
708,"Sambar deer","SBR",1,"dist_str + ndvi_cv + elev + BB + DD",-0.134229078746659,0.601423635575574,0.874389740945404
709,"Sambar deer","SBR",1,"dist_str + ndvi_cv + elev + BB + DD",-0.202345364752915,0.496787550071353,0.816812796307295
710,"Sambar deer","SBR",1,"dist_str + ndvi_cv + elev + BB + DD",-0.172406848934244,0.598519195854971,0.841636714546632
711,"Sambar deer","SBR",1,"dist_str + ndvi_cv + elev + BB + DD",-0.173550998364718,0.630246951762613,0.84067428000913
712,"Sambar deer","SBR",1,"dist_str + ndvi_cv + elev + BB + DD",-0.200056087548662,0.656554820381718,0.818685057523018
713,"Sambar deer","SBR",1,"dist_str + ndvi_cv + elev + BB + DD",-0.229105582067974,0.650030727388442,0.795244566039024
714,"Sambar deer","SBR",1,"dist_str + ndvi_cv + elev + BB + DD",-0.273546423960732,0.639504025646345,0.760677024323434
715,"Sambar deer","SBR",1,"dist_str + ndvi_cv + elev + BB + DD",-0.411950515283668,0.608310952948468,0.662357057061515
716,"Sambar deer","SBR",1,"dist_str + ndvi_cv + elev + BB + DD",-0.35132180102321,0.637951935356609,0.703757263954971
717,"Sambar deer","SBR",1,"dist_str + ndvi_cv + elev + BB + DD",-0.293978013788795,0.676659289982644,0.745292878262124
718,"Sambar deer","SBR",1,"dist_str + ndvi_cv + elev + BB + DD",-0.268952624026033,0.684054022103603,0.764179459203782
719,"Sambar deer","SBR",1,"dist_str + ndvi_cv + elev + BB + DD",-0.257948168588797,0.694731391197401,0.772635281667082
720,"Sambar deer","SBR",1,"dist_str + ndvi_cv + elev + BB + DD",-0.241526362778516,0.706980421878299,0.785428105593853
721,"Sambar deer","SBR",1,"dist_str + ndvi_cv + elev + BB + DD",-0.22913051915708,0.716780609825065,0.795224785152652
722,"Sambar deer","SBR",1,"dist_str + ndvi_cv + elev + BB + DD",-0.23162091909916,0.721675913032248,0.793246789043128
723,"Sambar deer","SBR",1,"dist_str + ndvi_cv + elev + BB + DD",-0.21618163923189,0.746677747626367,0.805588976589217
724,"Sambar deer","SBR",1,"dist_str + ndvi_cv + elev + BB + DD",-0.207018406677178,0.749802639374325,0.813004685417602
725,"Sambar deer","SBR",1,"dist_str + ndvi_cv + elev + BB + DD",-0.206955440393732,0.76424928054822,0.81305589128316
726,"Sambar deer","SBR",1,"dist_str + ndvi_cv + elev + BB + DD",-0.20565583795681,0.7895043104085,0.814113214949643
727,"Sambar deer","SBR",1,"dist_str + ndvi_cv + elev + BB + DD",-0.174341166067834,0.805319051605625,0.840010265810994
728,"Sambar deer","SBR",1,"dist_str + ndvi_cv + elev + BB + DD",-0.171896945605056,0.824130977612477,0.842065949275066
729,"Sambar deer","SBR",1,"dist_str + ndvi_cv + elev + BB + DD",-0.171178319722941,0.843861151420273,0.842671297862897
730,"Sambar deer","SBR",1,"dist_str + ndvi_cv + elev + BB + DD",-0.194988179172605,0.901334722241126,0.822844435345188
731,"Sambar deer","SBR",1,"dist_str + ndvi_cv + elev + BB + DD",-0.00303272355212895,0.978061320328487,0.996971885147525
732,"Sambar deer","SBR",1,"dist_str + ndvi_cv + elev + BB + DD",0.0189422547394152,0.885156846013397,1.01912279841638
733,"Sambar deer","SBR",1,"dist_str + ndvi_cv + elev + BB + DD",0.00458284460467722,0.831942206435662,1.00459336649232
734,"Sambar deer","SBR",1,"dist_str + ndvi_cv + elev + BB + DD",-0.00580588025088855,0.811597448073706,0.994210968123896
735,"Sambar deer","SBR",1,"dist_str + ndvi_cv + elev + BB + DD",0.0174556197894033,0.793652610396193,1.01760891557709
736,"Sambar deer","SBR",1,"dist_str + ndvi_cv + elev + BB + DD",0.00424763157386855,0.77061417930756,1.00425666603764
737,"Sambar deer","SBR",1,"dist_str + ndvi_cv + elev + BB + DD",-0.0138933904038424,0.75225265671293,0.986202693709153
738,"Sambar deer","SBR",1,"dist_str + ndvi_cv + elev + BB + DD",-0.0171464729888728,0.73370949919164,0.982999697757034
739,"Sambar deer","SBR",1,"dist_str + ndvi_cv + elev + BB + DD",-0.0241228494747014,0.719956780048481,0.976165784021217
740,"Sambar deer","SBR",1,"dist_str + ndvi_cv + elev + BB + DD",-0.02639955199209,0.719448746635303,0.973945870524203
741,"Sambar deer","SBR",1,"dist_str + ndvi_cv + elev + BB + DD",-0.0348370723635246,0.695596282219861,0.965762822382937
742,"Sambar deer","SBR",1,"dist_str + ndvi_cv + elev + BB + DD",-0.0437411481136398,0.683402579570159,0.957201699204318
743,"Sambar deer","SBR",1,"dist_str + ndvi_cv + elev + BB + DD",-0.0563175913736712,0.673857859506481,0.945238888561818
744,"Sambar deer","SBR",1,"dist_str + ndvi_cv + elev + BB + DD",-0.0608856920067535,0.661769370714644,0.940930790765824
745,"Sambar deer","SBR",1,"dist_str + ndvi_cv + elev + BB + DD",-0.090658291332493,0.627369849285532,0.913329750301568
746,"Sambar deer","SBR",1,"dist_str + ndvi_cv + elev + BB + DD",-0.129441680916126,0.624938590246933,0.878585889385262
747,"Sambar deer","SBR",1,"dist_str + ndvi_cv + elev + BB + DD",-0.160002783371955,0.612425738583964,0.852141418694293
748,"Sambar deer","SBR",1,"dist_str + ndvi_cv + elev + BB + DD",-0.175219648724686,0.618461668879472,0.839272661102114
749,"Sambar deer","SBR",1,"dist_str + ndvi_cv + elev + BB + DD",-0.18541227717976,0.638932944682851,0.83076171682086
750,"Sambar deer","SBR",1,"dist_str + ndvi_cv + elev + BB + DD",-0.214562921168928,0.642802816142795,0.806894041239634
751,"Sambar deer","SBR",1,"dist_str + ndvi_cv + elev + BB + DD",-0.227198424371488,0.649346462041841,0.796762672199152
752,"Sambar deer","SBR",1,"dist_str + ndvi_cv + elev + BB + DD",-0.261162240400202,0.649353877221624,0.77015595909739
753,"Sambar deer","SBR",1,"dist_str + ndvi_cv + elev + BB + DD",-0.281838313015731,0.642635011247544,0.754395653307368
754,"Sambar deer","SBR",1,"dist_str + ndvi_cv + elev + BB + DD",-0.278101234065057,0.652433432841509,0.757220161918113
755,"Sambar deer","SBR",1,"dist_str + ndvi_cv + elev + BB + DD",-0.268963943150574,0.662238166471526,0.76417084554062
756,"Sambar deer","SBR",1,"dist_str + ndvi_cv + elev + BB + DD",-0.229227964497724,0.684955493812978,0.795147277233318
757,"Sambar deer","SBR",1,"dist_str + ndvi_cv + elev + BB + DD",-0.225817772316054,0.67908297348112,0.797863481475696
758,"Sambar deer","SBR",1,"dist_str + ndvi_cv + elev + BB + DD",-0.220518917394704,0.695459981542883,0.802102465799525
759,"Sambar deer","SBR",1,"dist_str + ndvi_cv + elev + BB + DD",-0.230878681757401,0.709607407486453,0.793835769713199
760,"Sambar deer","SBR",1,"dist_str + ndvi_cv + elev + BB + DD",-0.216709927340977,0.720738646234956,0.80516349835544
761,"Sambar deer","SBR",1,"dist_str + ndvi_cv + elev + BB + DD",-0.21610619100833,0.733203364005537,0.805649744815463
762,"Sambar deer","SBR",1,"dist_str + ndvi_cv + elev + BB + DD",-0.19695802873118,0.750431981619566,0.82122516617455
763,"Sambar deer","SBR",1,"dist_str + ndvi_cv + elev + BB + DD",-0.207201241114607,0.76032260104811,0.812856055243901
764,"Sambar deer","SBR",1,"dist_str + ndvi_cv + elev + BB + DD",-0.206425770576086,0.774655752260705,0.81348664442112
765,"Sambar deer","SBR",1,"dist_str + ndvi_cv + elev + BB + DD",-0.179239224136182,0.776930768570282,0.83590591541344
766,"Sambar deer","SBR",1,"dist_str + ndvi_cv + elev + BB + DD",-0.187085840971464,0.7939898160062,0.829372637674915
767,"Sambar deer","SBR",1,"dist_str + ndvi_cv + elev + BB + DD",-0.182260840823316,0.805302749174174,0.833383938882551
768,"Sambar deer","SBR",1,"dist_str + ndvi_cv + elev + BB + DD",-0.189108477914578,0.840073289298687,0.827696715041585
769,"Sambar deer","SBR",1,"dist_str + ndvi_cv + elev + BB + DD",-0.171531393697044,0.869333130017349,0.842373826819138
770,"Sambar deer","SBR",1,"dist_str + ndvi_cv + elev + BB + DD",-0.163952212836716,0.949271999560335,0.848782656112598
771,"Sambar deer","SBR",1,"dist_str + ndvi_cv + elev + BB + DD",-0.171770986975433,0.967470194149519,0.842172019449371
772,"Sambar deer","SBR",1,"dist_str + ndvi_cv + elev + BB + DD",-0.159557531485821,1.01666771035133,0.85252092084003
773,"Sambar deer","SBR",1,"dist_str + ndvi_cv + elev + BB + DD",-0.166791228730437,1.05658248915777,0.846376326318846
774,"Sambar deer","SBR",1,"dist_str + ndvi_cv + elev + BB + DD",-0.15648005282333,1.12853344613331,0.855148575351101
775,"Sambar deer","SBR",1,"dist_str + ndvi_cv + elev + BB + DD",-0.159563608501243,1.28642063284008,0.852515770726858
776,"Sambar deer","SBR",1,"dist_str + ndvi_cv + elev + BB + DD",-0.0154967227982241,0.992764807638767,0.984622733578771
777,"Sambar deer","SBR",1,"dist_str + ndvi_cv + elev + BB + DD",-0.00983036937035008,0.884666307672239,0.990217801130527
778,"Sambar deer","SBR",1,"dist_str + ndvi_cv + elev + BB + DD",-0.0192732478509876,0.838549681959531,0.980911293720393
779,"Sambar deer","SBR",1,"dist_str + ndvi_cv + elev + BB + DD",-0.00963332943282749,0.820369218102278,0.990412949987477
780,"Sambar deer","SBR",1,"dist_str + ndvi_cv + elev + BB + DD",0.00290953129868626,0.788849644943105,1.00291376834963
781,"Sambar deer","SBR",1,"dist_str + ndvi_cv + elev + BB + DD",-0.0197748560185471,0.771047851405966,0.980419395266388
782,"Sambar deer","SBR",1,"dist_str + ndvi_cv + elev + BB + DD",-0.0269952096508053,0.763468520388036,0.973365907969521
783,"Sambar deer","SBR",1,"dist_str + ndvi_cv + elev + BB + DD",-0.0276591475762179,0.73772845683136,0.972719868732811
784,"Sambar deer","SBR",1,"dist_str + ndvi_cv + elev + BB + DD",-0.0247661077550429,0.731144894041055,0.97553805967639
785,"Sambar deer","SBR",1,"dist_str + ndvi_cv + elev + BB + DD",-0.0319770145167795,0.714367368390157,0.968528843936577
786,"Sambar deer","SBR",1,"dist_str + ndvi_cv + elev + BB + DD",-0.0534413340278651,0.702520448872821,0.947961620341
787,"Sambar deer","SBR",1,"dist_str + ndvi_cv + elev + BB + DD",-0.0627608989487781,0.687972252204826,0.939168002904127
788,"Sambar deer","SBR",1,"dist_str + ndvi_cv + elev + BB + DD",-0.0560284459610841,0.67554240642099,0.945512468159809
789,"Sambar deer","SBR",1,"dist_str + ndvi_cv + elev + BB + DD",-0.0811643032783576,0.670322453763141,0.922042203332691
790,"Sambar deer","SBR",1,"dist_str + ndvi_cv + elev + BB + DD",-0.103423140799441,0.656835281466796,0.901745351812037
791,"Sambar deer","SBR",1,"dist_str + ndvi_cv + elev + BB + DD",-0.120385911392418,0.649461992805687,0.886578231424529
792,"Sambar deer","SBR",1,"dist_str + ndvi_cv + elev + BB + DD",-0.131315668128566,0.63522545859364,0.876940908598577
793,"Sambar deer","SBR",1,"dist_str + ndvi_cv + elev + BB + DD",-0.164892955352999,0.62993365637471,0.847984479032011
794,"Sambar deer","SBR",1,"dist_str + ndvi_cv + elev + BB + DD",-0.189623439718014,0.640685960265815,0.827270597529662
795,"Sambar deer","SBR",1,"dist_str + ndvi_cv + elev + BB + DD",-0.199351002574065,0.655469236951734,0.819262293174579
796,"Sambar deer","SBR",1,"dist_str + ndvi_cv + elev + BB + DD",-0.213937624458403,0.65645952259367,0.807398752713009
797,"Sambar deer","SBR",1,"dist_str + ndvi_cv + elev + BB + DD",-0.234219899827718,0.654516417863511,0.791187910049854
798,"Sambar deer","SBR",1,"dist_str + ndvi_cv + elev + BB + DD",-0.230022321979459,0.65822065486266,0.79451589433521
799,"Sambar deer","SBR",1,"dist_str + ndvi_cv + elev + BB + DD",-0.240619364454872,0.656797203411821,0.786140851927861
800,"Sambar deer","SBR",1,"dist_str + ndvi_cv + elev + BB + DD",-0.219240545206831,0.665197602697641,0.8031285107626
801,"Sambar deer","SBR",1,"dist_str + ndvi_cv + elev + BB + DD",-0.192048528434881,0.675990343218367,0.825266823303543
802,"Sambar deer","SBR",1,"dist_str + ndvi_cv + elev + BB + DD",-0.207894408894597,0.685722833753717,0.812292838940436
803,"Sambar deer","SBR",1,"dist_str + ndvi_cv + elev + BB + DD",-0.201368169285926,0.687613666349861,0.817611358145502
804,"Sambar deer","SBR",1,"dist_str + ndvi_cv + elev + BB + DD",-0.200844640593599,0.695386120477574,0.818039525430908
805,"Sambar deer","SBR",1,"dist_str + ndvi_cv + elev + BB + DD",-0.214676380595475,0.717401300622321,0.806802494887157
806,"Sambar deer","SBR",1,"dist_str + ndvi_cv + elev + BB + DD",-0.202079997511109,0.724376971661746,0.817029565020597
807,"Sambar deer","SBR",1,"dist_str + ndvi_cv + elev + BB + DD",-0.218235960669927,0.735344903982367,0.803935722394886
808,"Sambar deer","SBR",1,"dist_str + ndvi_cv + elev + BB + DD",-0.204751848753236,0.749690620295561,0.814849512853197
809,"Sambar deer","SBR",1,"dist_str + ndvi_cv + elev + BB + DD",-0.189676349331032,0.754712974425379,0.827226835491884
810,"Sambar deer","SBR",1,"dist_str + ndvi_cv + elev + BB + DD",-0.200118719144842,0.770216980346421,0.818633566014954
811,"Sambar deer","SBR",1,"dist_str + ndvi_cv + elev + BB + DD",-0.166806182298365,0.771331447474007,0.846363638333191
812,"Sambar deer","SBR",1,"dist_str + ndvi_cv + elev + BB + DD",-0.179446827876705,0.791177436574064,0.835732391432551
813,"Sambar deer","SBR",1,"dist_str + ndvi_cv + elev + BB + DD",-0.170190222103959,0.799335293705162,0.843504348194143
814,"Sambar deer","SBR",1,"dist_str + ndvi_cv + elev + BB + DD",-0.174417010764962,0.825491299396069,0.839946558196026
815,"Sambar deer","SBR",1,"dist_str + ndvi_cv + elev + BB + DD",-0.181903154209939,0.849912411848601,0.833682196626202
816,"Sambar deer","SBR",1,"dist_str + ndvi_cv + elev + BB + DD",-0.166285243849519,0.877462941888108,0.846804656812105
817,"Sambar deer","SBR",1,"dist_str + ndvi_cv + elev + BB + DD",-0.16450540812312,0.905384372798885,0.848313169196274
818,"Sambar deer","SBR",1,"dist_str + ndvi_cv + elev + BB + DD",-0.170958622640519,0.952827510637552,0.842856461793266
819,"Sambar deer","SBR",1,"dist_str + ndvi_cv + elev + BB + DD",-0.152022930038892,1.02749329462067,0.858968771463633
820,"Sambar deer","SBR",1,"dist_str + ndvi_cv + elev + BB + DD",-0.172735356172679,1.178495028716,0.841360255798786
821,"Sambar deer","SBR",1,"dist_str + ndvi_cv + elev + BB + DD",-0.0105460587254217,1.05405861733975,0.989509372953195
822,"Sambar deer","SBR",1,"dist_str + ndvi_cv + elev + BB + DD",-0.0109519787774998,0.915046367567412,0.989107936731752
823,"Sambar deer","SBR",1,"dist_str + ndvi_cv + elev + BB + DD",-0.0226911950229562,0.847003078444173,0.977564445377537
824,"Sambar deer","SBR",1,"dist_str + ndvi_cv + elev + BB + DD",-0.0243387193568839,0.805915532346367,0.975955113503565
825,"Sambar deer","SBR",1,"dist_str + ndvi_cv + elev + BB + DD",-0.0251495495863221,0.786276134266452,0.975164066089582
826,"Sambar deer","SBR",1,"dist_str + ndvi_cv + elev + BB + DD",-0.0299603385258664,0.775316838012924,0.970484076421577
827,"Sambar deer","SBR",1,"dist_str + ndvi_cv + elev + BB + DD",-0.0506127363704992,0.753172199974081,0.950646750182224
828,"Sambar deer","SBR",1,"dist_str + ndvi_cv + elev + BB + DD",-0.0327223550210354,0.744522246857901,0.967807231982147
829,"Sambar deer","SBR",1,"dist_str + ndvi_cv + elev + BB + DD",-0.0432512853255002,0.72951534508378,0.957670717097011
830,"Sambar deer","SBR",1,"dist_str + ndvi_cv + elev + BB + DD",-0.0368793498501328,0.719317349784853,0.963792410483238
831,"Sambar deer","SBR",1,"dist_str + ndvi_cv + elev + BB + DD",-0.0531830507238411,0.70410139762026,0.948206551923566
832,"Sambar deer","SBR",1,"dist_str + ndvi_cv + elev + BB + DD",-0.059718592107478,0.678618140736119,0.942029612528579
833,"Sambar deer","SBR",1,"dist_str + ndvi_cv + elev + BB + DD",-0.0700452734778999,0.669264031184164,0.932351608151567
834,"Sambar deer","SBR",1,"dist_str + ndvi_cv + elev + BB + DD",-0.0761760278057288,0.665922096771521,0.926653075631493
835,"Sambar deer","SBR",1,"dist_str + ndvi_cv + elev + BB + DD",-0.109231350005198,0.641996303214799,0.89652298365793
836,"Sambar deer","SBR",1,"dist_str + ndvi_cv + elev + BB + DD",-0.122439231000619,0.654321184740252,0.884759669369544
837,"Sambar deer","SBR",1,"dist_str + ndvi_cv + elev + BB + DD",-0.143634697328452,0.635572850956958,0.866204117407852
838,"Sambar deer","SBR",1,"dist_str + ndvi_cv + elev + BB + DD",-0.141906639913786,0.639625146630202,0.867702262039366
839,"Sambar deer","SBR",1,"dist_str + ndvi_cv + elev + BB + DD",-0.168641488521052,0.646842856431734,0.844811742008735
840,"Sambar deer","SBR",1,"dist_str + ndvi_cv + elev + BB + DD",-0.192609908929001,0.64912082340441,0.824803675183822
841,"Sambar deer","SBR",1,"dist_str + ndvi_cv + elev + BB + DD",-0.198752471707684,0.646168487496545,0.819752780367017
842,"Sambar deer","SBR",1,"dist_str + ndvi_cv + elev + BB + DD",-0.204909851565658,0.65070978649573,0.814720763989401
843,"Sambar deer","SBR",1,"dist_str + ndvi_cv + elev + BB + DD",-0.174920887324853,0.661953724324136,0.839523436352027
844,"Sambar deer","SBR",1,"dist_str + ndvi_cv + elev + BB + DD",-0.177130955461437,0.65671474807734,0.837670082309465
845,"Sambar deer","SBR",1,"dist_str + ndvi_cv + elev + BB + DD",-0.158188590983752,0.656913239790597,0.853688769335115
846,"Sambar deer","SBR",1,"dist_str + ndvi_cv + elev + BB + DD",-0.159668003706957,0.672802832981584,0.852426778446355
847,"Sambar deer","SBR",1,"dist_str + ndvi_cv + elev + BB + DD",-0.15439991145766,0.671633999289038,0.85692926735141
848,"Sambar deer","SBR",1,"dist_str + ndvi_cv + elev + BB + DD",-0.182126987785989,0.686694797733476,0.833495491329501
849,"Sambar deer","SBR",1,"dist_str + ndvi_cv + elev + BB + DD",-0.194432136232203,0.689504606023978,0.823302116057249
850,"Sambar deer","SBR",1,"dist_str + ndvi_cv + elev + BB + DD",-0.200721445216084,0.714177209574746,0.81814031176614
851,"Sambar deer","SBR",1,"dist_str + ndvi_cv + elev + BB + DD",-0.207503916781513,0.716004304272935,0.812610058979878
852,"Sambar deer","SBR",1,"dist_str + ndvi_cv + elev + BB + DD",-0.197991499128813,0.720305570837178,0.820376827066934
853,"Sambar deer","SBR",1,"dist_str + ndvi_cv + elev + BB + DD",-0.220958066076255,0.733272822120345,0.801750300921514
854,"Sambar deer","SBR",1,"dist_str + ndvi_cv + elev + BB + DD",-0.204505241947113,0.750460285129371,0.815050486151802
855,"Sambar deer","SBR",1,"dist_str + ndvi_cv + elev + BB + DD",-0.183904432265638,0.761617547064345,0.832015314022568
856,"Sambar deer","SBR",1,"dist_str + ndvi_cv + elev + BB + DD",-0.193868574322619,0.760806075259367,0.823766161405196
857,"Sambar deer","SBR",1,"dist_str + ndvi_cv + elev + BB + DD",-0.167019636997486,0.770836875819104,0.846182999421413
858,"Sambar deer","SBR",1,"dist_str + ndvi_cv + elev + BB + DD",-0.181101760140463,0.779922228556691,0.83435045088292
859,"Sambar deer","SBR",1,"dist_str + ndvi_cv + elev + BB + DD",-0.176281221004904,0.806544197576307,0.838382190120485
860,"Sambar deer","SBR",1,"dist_str + ndvi_cv + elev + BB + DD",-0.169977193258908,0.831743713890796,0.843684062938307
861,"Sambar deer","SBR",1,"dist_str + ndvi_cv + elev + BB + DD",-0.165579078557383,0.840441665165771,0.847402901950465
862,"Sambar deer","SBR",1,"dist_str + ndvi_cv + elev + BB + DD",-0.155745260732063,0.870481547367588,0.855777188439768
863,"Sambar deer","SBR",1,"dist_str + ndvi_cv + elev + BB + DD",-0.160138713598381,0.896009693128402,0.85202559323549
864,"Sambar deer","SBR",1,"dist_str + ndvi_cv + elev + BB + DD",-0.151803781782161,0.947649741629711,0.859156855693411
865,"Sambar deer","SBR",1,"dist_str + ndvi_cv + elev + BB + DD",-0.0451295484011373,0.928636187073152,0.955873679131122
866,"Sambar deer","SBR",1,"dist_str + ndvi_cv + elev + BB + DD",-0.0238772951409045,0.849742598327467,0.976405513107921
867,"Sambar deer","SBR",1,"dist_str + ndvi_cv + elev + BB + DD",-0.0337393142394941,0.824039609403123,0.96682359228933
868,"Sambar deer","SBR",1,"dist_str + ndvi_cv + elev + BB + DD",-0.0354745412704868,0.795266450964672,0.965147305617609
869,"Sambar deer","SBR",1,"dist_str + ndvi_cv + elev + BB + DD",-0.0451473664375134,0.767698058571142,0.955856610477841
870,"Sambar deer","SBR",1,"dist_str + ndvi_cv + elev + BB + DD",-0.0425502238828805,0.738808895275708,0.958342334701802
871,"Sambar deer","SBR",1,"dist_str + ndvi_cv + elev + BB + DD",-0.0498585010778141,0.732942537891774,0.951364031966817
872,"Sambar deer","SBR",1,"dist_str + ndvi_cv + elev + BB + DD",-0.0462590596762675,0.728900740375821,0.954794582074628
873,"Sambar deer","SBR",1,"dist_str + ndvi_cv + elev + BB + DD",-0.0498710784236212,0.720981474229284,0.951352070234388
874,"Sambar deer","SBR",1,"dist_str + ndvi_cv + elev + BB + DD",-0.0545075029996778,0.697490266141384,0.946951404217053
875,"Sambar deer","SBR",1,"dist_str + ndvi_cv + elev + BB + DD",-0.0510340809588532,0.683362546786291,0.950246331004505
876,"Sambar deer","SBR",1,"dist_str + ndvi_cv + elev + BB + DD",-0.0818780945679159,0.679232312444076,0.921384273835934
877,"Sambar deer","SBR",1,"dist_str + ndvi_cv + elev + BB + DD",-0.0992465697461673,0.66445073175892,0.905519408055688
878,"Sambar deer","SBR",1,"dist_str + ndvi_cv + elev + BB + DD",-0.112090432554467,0.646995026176095,0.893963423695179
879,"Sambar deer","SBR",1,"dist_str + ndvi_cv + elev + BB + DD",-0.118428453310141,0.633369442707295,0.888315421954694
880,"Sambar deer","SBR",1,"dist_str + ndvi_cv + elev + BB + DD",-0.125241598109716,0.624919272999497,0.882283718768817
881,"Sambar deer","SBR",1,"dist_str + ndvi_cv + elev + BB + DD",-0.145747038532524,0.61647681495905,0.864376334190329
882,"Sambar deer","SBR",1,"dist_str + ndvi_cv + elev + BB + DD",-0.159579892956442,0.630862795921486,0.852501862774277
883,"Sambar deer","SBR",1,"dist_str + ndvi_cv + elev + BB + DD",-0.180845411607563,0.652071764370468,0.834564364168856
884,"Sambar deer","SBR",1,"dist_str + ndvi_cv + elev + BB + DD",-0.200764176333495,0.64289029633552,0.818105339663727
885,"Sambar deer","SBR",1,"dist_str + ndvi_cv + elev + BB + DD",-0.1951708823572,0.658569320368415,0.82269428232704
886,"Sambar deer","SBR",1,"dist_str + ndvi_cv + elev + BB + DD",-0.146343855324268,0.648762138071436,0.863860611222574
887,"Sambar deer","SBR",1,"dist_str + ndvi_cv + elev + BB + DD",-0.0875754874864401,0.646251328668561,0.916149711205791
888,"Sambar deer","SBR",1,"dist_str + ndvi_cv + elev + BB + DD",-0.130213402369371,0.645400407758456,0.87790807351267
889,"Sambar deer","SBR",1,"dist_str + ndvi_cv + elev + BB + DD",-0.138019953585727,0.672908534533959,0.871081334030804
890,"Sambar deer","SBR",1,"dist_str + ndvi_cv + elev + BB + DD",-0.170345078719625,0.686785440111705,0.843373736080629
891,"Sambar deer","SBR",1,"dist_str + ndvi_cv + elev + BB + DD",-0.173713642988497,0.67575720012727,0.840537560718469
892,"Sambar deer","SBR",1,"dist_str + ndvi_cv + elev + BB + DD",-0.191208704280894,0.68982977675488,0.825960192032295
893,"Sambar deer","SBR",1,"dist_str + ndvi_cv + elev + BB + DD",-0.191249289746556,0.696155589831126,0.825926705429874
894,"Sambar deer","SBR",1,"dist_str + ndvi_cv + elev + BB + DD",-0.194839683104094,0.700121765501159,0.822966586260278
895,"Sambar deer","SBR",1,"dist_str + ndvi_cv + elev + BB + DD",-0.20996764733675,0.716848366865582,0.810610488647646
896,"Sambar deer","SBR",1,"dist_str + ndvi_cv + elev + BB + DD",-0.204291570388147,0.714776748508855,0.815224648105388
897,"Sambar deer","SBR",1,"dist_str + ndvi_cv + elev + BB + DD",-0.184933716000602,0.736130372201709,0.831159374655362
898,"Sambar deer","SBR",1,"dist_str + ndvi_cv + elev + BB + DD",-0.190637036882458,0.748733730991082,0.8264324982475
899,"Sambar deer","SBR",1,"dist_str + ndvi_cv + elev + BB + DD",-0.177828104605634,0.749521497275129,0.837086302596637
900,"Sambar deer","SBR",1,"dist_str + ndvi_cv + elev + BB + DD",-0.180111622544602,0.762043587487994,0.835177148197472
901,"Sambar deer","SBR",1,"dist_str + ndvi_cv + elev + BB + DD",-0.171600701611962,0.774264316440941,0.842315488441294
902,"Sambar deer","SBR",1,"dist_str + ndvi_cv + elev + BB + DD",-0.171553747846939,0.782198117627363,0.842355096927205
903,"Sambar deer","SBR",1,"dist_str + ndvi_cv + elev + BB + DD",-0.181369211817671,0.797606303521708,0.834127350276498
904,"Sambar deer","SBR",1,"dist_str + ndvi_cv + elev + BB + DD",-0.176102540733142,0.810480127865808,0.838532062910096
905,"Sambar deer","SBR",1,"dist_str + ndvi_cv + elev + BB + DD",-0.153588941749288,0.844639868412721,0.85762448745044
906,"Sambar deer","SBR",1,"dist_str + ndvi_cv + elev + BB + DD",-0.175008801558706,0.857098960576134,0.839449641303867
907,"Sambar deer","SBR",1,"dist_str + ndvi_cv + elev + BB + DD",-0.150465038200514,0.899879804727151,0.860307807487865
908,"Sambar deer","SBR",1,"dist_str + ndvi_cv + elev + BB + DD",-0.163584663700655,1.02311015558751,0.849094609084113
909,"Sambar deer","SBR",1,"dist_str + ndvi_cv + elev + BB + DD",-0.0206950505844367,0.962743113008818,0.979517733810404
910,"Sambar deer","SBR",1,"dist_str + ndvi_cv + elev + BB + DD",-0.0309116265588791,0.861065029655239,0.969561372838973
911,"Sambar deer","SBR",1,"dist_str + ndvi_cv + elev + BB + DD",-0.0414738998634747,0.825520947259606,0.959374478285318
912,"Sambar deer","SBR",1,"dist_str + ndvi_cv + elev + BB + DD",-0.0249870994039485,0.789059412334128,0.975322572361773
913,"Sambar deer","SBR",1,"dist_str + ndvi_cv + elev + BB + DD",-0.0483545046796003,0.766854904835869,0.952795963010481
914,"Sambar deer","SBR",1,"dist_str + ndvi_cv + elev + BB + DD",-0.0441244936344731,0.747873559488859,0.95683483096294
915,"Sambar deer","SBR",1,"dist_str + ndvi_cv + elev + BB + DD",-0.05678317660951,0.735632741462085,0.9447989088285
916,"Sambar deer","SBR",1,"dist_str + ndvi_cv + elev + BB + DD",-0.0664687843200454,0.726319669990058,0.935692126721603
917,"Sambar deer","SBR",1,"dist_str + ndvi_cv + elev + BB + DD",-0.0787060018374011,0.711614850319607,0.924311632653751
918,"Sambar deer","SBR",1,"dist_str + ndvi_cv + elev + BB + DD",-0.0620579417976749,0.697655881644979,0.939828455631714
919,"Sambar deer","SBR",1,"dist_str + ndvi_cv + elev + BB + DD",-0.0750482223761512,0.688211383992857,0.927698749443549
920,"Sambar deer","SBR",1,"dist_str + ndvi_cv + elev + BB + DD",-0.0819498946487732,0.679728937209342,0.921318121046483
921,"Sambar deer","SBR",1,"dist_str + ndvi_cv + elev + BB + DD",-0.0977256050423558,0.659503429466992,0.906897719620828
922,"Sambar deer","SBR",1,"dist_str + ndvi_cv + elev + BB + DD",-0.12255147422577,0.646974341524787,0.884660366777996
923,"Sambar deer","SBR",1,"dist_str + ndvi_cv + elev + BB + DD",-0.104072734012339,0.612124225579647,0.901159754168998
924,"Sambar deer","SBR",1,"dist_str + ndvi_cv + elev + BB + DD",-0.0830508802735771,0.572633995972438,0.920304337995841
925,"Sambar deer","SBR",1,"dist_str + ndvi_cv + elev + BB + DD",-0.108506452796284,0.574141919493431,0.897173105530659
926,"Sambar deer","SBR",1,"dist_str + ndvi_cv + elev + BB + DD",-0.14718368335239,0.629012592217681,0.863135423909514
927,"Sambar deer","SBR",1,"dist_str + ndvi_cv + elev + BB + DD",-0.206872708470806,0.637460560501939,0.813123211194243
928,"Sambar deer","SBR",1,"dist_str + ndvi_cv + elev + BB + DD",-0.182467257412178,0.645336464902037,0.833211941497344
929,"Sambar deer","SBR",1,"dist_str + ndvi_cv + elev + BB + DD",-0.161583536434168,0.643699637625432,0.850795465697084
930,"Sambar deer","SBR",1,"dist_str + ndvi_cv + elev + BB + DD",-0.121479139721348,0.644307635241015,0.885609527238808
931,"Sambar deer","SBR",1,"dist_str + ndvi_cv + elev + BB + DD",0.0680126464791247,0.628644997690853,1.07037884866052
932,"Sambar deer","SBR",1,"dist_str + ndvi_cv + elev + BB + DD",-0.0190079109144052,0.646344223184948,0.981171601797136
933,"Sambar deer","SBR",1,"dist_str + ndvi_cv + elev + BB + DD",-0.111023559258378,0.666608956179219,0.894917678996
934,"Sambar deer","SBR",1,"dist_str + ndvi_cv + elev + BB + DD",-0.158247413739482,0.680193064970979,0.853638562147808
935,"Sambar deer","SBR",1,"dist_str + ndvi_cv + elev + BB + DD",-0.175747189573515,0.687124576487891,0.838830025118982
936,"Sambar deer","SBR",1,"dist_str + ndvi_cv + elev + BB + DD",-0.192846504883628,0.68758466751696,0.824608569326585
937,"Sambar deer","SBR",1,"dist_str + ndvi_cv + elev + BB + DD",-0.22103876403919,0.706371365237486,0.801685642421193
938,"Sambar deer","SBR",1,"dist_str + ndvi_cv + elev + BB + DD",-0.206932205530289,0.701233271396962,0.813074771591989
939,"Sambar deer","SBR",1,"dist_str + ndvi_cv + elev + BB + DD",-0.207769203447319,0.716094890909645,0.812394655330178
940,"Sambar deer","SBR",1,"dist_str + ndvi_cv + elev + BB + DD",-0.199862039481438,0.720164450006423,0.818843721920056
941,"Sambar deer","SBR",1,"dist_str + ndvi_cv + elev + BB + DD",-0.184971982462108,0.723001768760787,0.83112756977531
942,"Sambar deer","SBR",1,"dist_str + ndvi_cv + elev + BB + DD",-0.194640401236488,0.737239260666399,0.823130603138254
943,"Sambar deer","SBR",1,"dist_str + ndvi_cv + elev + BB + DD",-0.169563524972527,0.750774836870051,0.844033135635452
944,"Sambar deer","SBR",1,"dist_str + ndvi_cv + elev + BB + DD",-0.189744108985884,0.765672938379641,0.827170801459415
945,"Sambar deer","SBR",1,"dist_str + ndvi_cv + elev + BB + DD",-0.173165593717547,0.767713142555089,0.840998343237718
946,"Sambar deer","SBR",1,"dist_str + ndvi_cv + elev + BB + DD",-0.173476792525347,0.781002120790232,0.8407366730992
947,"Sambar deer","SBR",1,"dist_str + ndvi_cv + elev + BB + DD",-0.191131612023577,0.784522027598044,0.826023875172044
948,"Sambar deer","SBR",1,"dist_str + ndvi_cv + elev + BB + DD",-0.171561609278138,0.795782086287647,0.842348378540868
949,"Sambar deer","SBR",1,"dist_str + ndvi_cv + elev + BB + DD",-0.158712286464022,0.820475603999345,0.853241879576228
950,"Sambar deer","SBR",1,"dist_str + ndvi_cv + elev + BB + DD",-0.174707643847153,0.842353515456867,0.83970247828003
951,"Sambar deer","SBR",1,"dist_str + ndvi_cv + elev + BB + DD",-0.153697941760815,0.868353179582125,0.857531009834909
952,"Sambar deer","SBR",1,"dist_str + ndvi_cv + elev + BB + DD",-0.157077638923892,0.921042249959144,0.854637706108432
953,"Sambar deer","SBR",1,"dist_str + ndvi_cv + elev + BB + DD",-0.181343605550986,1.20026933402043,0.834148692106043
954,"Sambar deer","SBR",1,"dist_str + ndvi_cv + elev + BB + DD",-0.154190863141977,1.24516559379537,0.857108422309428
955,"Sambar deer","SBR",1,"dist_str + ndvi_cv + elev + BB + DD",-0.057377484227631,1.01949731742005,0.944237567766643
956,"Sambar deer","SBR",1,"dist_str + ndvi_cv + elev + BB + DD",-0.0447735296191823,0.875490880563821,0.956214013347925
957,"Sambar deer","SBR",1,"dist_str + ndvi_cv + elev + BB + DD",-0.0454703018403803,0.828070982622165,0.955548005239726
958,"Sambar deer","SBR",1,"dist_str + ndvi_cv + elev + BB + DD",-0.0445144139823915,0.786643221489028,0.956461813900168
959,"Sambar deer","SBR",1,"dist_str + ndvi_cv + elev + BB + DD",-0.0548488397520714,0.762738738663268,0.946628234688723
960,"Sambar deer","SBR",1,"dist_str + ndvi_cv + elev + BB + DD",-0.0624651506119705,0.755907986624511,0.93944580902066
961,"Sambar deer","SBR",1,"dist_str + ndvi_cv + elev + BB + DD",-0.0639837073070383,0.727917234052779,0.938020284427405
962,"Sambar deer","SBR",1,"dist_str + ndvi_cv + elev + BB + DD",-0.0743656227170426,0.714568203900843,0.928332229796556
963,"Sambar deer","SBR",1,"dist_str + ndvi_cv + elev + BB + DD",-0.0863128432463413,0.710059448628159,0.91730721491466
964,"Sambar deer","SBR",1,"dist_str + ndvi_cv + elev + BB + DD",-0.095160746241692,0.695714959649911,0.909226773277265
965,"Sambar deer","SBR",1,"dist_str + ndvi_cv + elev + BB + DD",-0.111721653170005,0.691146493388803,0.894293189032754
966,"Sambar deer","SBR",1,"dist_str + ndvi_cv + elev + BB + DD",-0.104355238801057,0.673725138952213,0.900905213222728
967,"Sambar deer","SBR",1,"dist_str + ndvi_cv + elev + BB + DD",-0.101346248265219,0.672071220646126,0.903620135664055
968,"Sambar deer","SBR",1,"dist_str + ndvi_cv + elev + BB + DD",-0.110271003124439,0.645494335578046,0.895591397675184
969,"Sambar deer","SBR",1,"dist_str + ndvi_cv + elev + BB + DD",-0.13793912994839,0.620567391314249,0.871151725478097
970,"Sambar deer","SBR",1,"dist_str + ndvi_cv + elev + BB + DD",-0.10495613217028,0.564811789656963,0.900364071270757
971,"Sambar deer","SBR",1,"dist_str + ndvi_cv + elev + BB + DD",-0.133883890852116,0.588337422078325,0.874691618462871
972,"Sambar deer","SBR",1,"dist_str + ndvi_cv + elev + BB + DD",-0.177805821967282,0.615343658700833,0.837104981002746
973,"Sambar deer","SBR",1,"dist_str + ndvi_cv + elev + BB + DD",-0.182592562061387,0.648089375958678,0.833107545315292
974,"Sambar deer","SBR",1,"dist_str + ndvi_cv + elev + BB + DD",-0.189589384316598,0.660096938336957,0.827298801636779
975,"Sambar deer","SBR",1,"dist_str + ndvi_cv + elev + BB + DD",-0.183431049976265,0.645662365967585,0.832409320311916
976,"Sambar deer","SBR",1,"dist_str + ndvi_cv + elev + BB + DD",-0.135601533049028,0.651495080411174,0.873190501660876
977,"Sambar deer","SBR",1,"dist_str + ndvi_cv + elev + BB + DD",-0.11015175593609,0.652702949109174,0.895698197597115
978,"Sambar deer","SBR",1,"dist_str + ndvi_cv + elev + BB + DD",-0.123882885674531,0.651038560444384,0.883483303628024
979,"Sambar deer","SBR",1,"dist_str + ndvi_cv + elev + BB + DD",-0.143911384865254,0.65899918892486,0.865964482220262
980,"Sambar deer","SBR",1,"dist_str + ndvi_cv + elev + BB + DD",-0.164570375323038,0.675880954246732,0.848258065501205
981,"Sambar deer","SBR",1,"dist_str + ndvi_cv + elev + BB + DD",-0.18778600540511,0.681079543774851,0.828792053062274
982,"Sambar deer","SBR",1,"dist_str + ndvi_cv + elev + BB + DD",-0.190567170456028,0.693787238468305,0.826490241058411
983,"Sambar deer","SBR",1,"dist_str + ndvi_cv + elev + BB + DD",-0.193695725911372,0.698243074696534,0.823908572026125
984,"Sambar deer","SBR",1,"dist_str + ndvi_cv + elev + BB + DD",-0.194722828514171,0.700876632534961,0.823062756042189
985,"Sambar deer","SBR",1,"dist_str + ndvi_cv + elev + BB + DD",-0.202561957713507,0.70516418806233,0.816635884158772
986,"Sambar deer","SBR",1,"dist_str + ndvi_cv + elev + BB + DD",-0.191262775449134,0.720802714555874,0.825915529571825
987,"Sambar deer","SBR",1,"dist_str + ndvi_cv + elev + BB + DD",-0.193869630889773,0.724693388366032,0.82376529177752
988,"Sambar deer","SBR",1,"dist_str + ndvi_cv + elev + BB + DD",-0.178424750854059,0.725605037607497,0.836587057232802
989,"Sambar deer","SBR",1,"dist_str + ndvi_cv + elev + BB + DD",-0.183659259527794,0.738621332170594,0.832219355020657
990,"Sambar deer","SBR",1,"dist_str + ndvi_cv + elev + BB + DD",-0.153600181560792,0.744752492987239,0.857614844422013
991,"Sambar deer","SBR",1,"dist_str + ndvi_cv + elev + BB + DD",-0.167941092151465,0.757699966118253,0.84540363441092
992,"Sambar deer","SBR",1,"dist_str + ndvi_cv + elev + BB + DD",-0.188297078531893,0.767344908257872,0.828368613668717
993,"Sambar deer","SBR",1,"dist_str + ndvi_cv + elev + BB + DD",-0.169169016890368,0.775359792288965,0.844366199639455
994,"Sambar deer","SBR",1,"dist_str + ndvi_cv + elev + BB + DD",-0.168515598501325,0.793434797993274,0.844918095413929
995,"Sambar deer","SBR",1,"dist_str + ndvi_cv + elev + BB + DD",-0.165048926393758,0.805400700834831,0.847852222941744
996,"Sambar deer","SBR",1,"dist_str + ndvi_cv + elev + BB + DD",-0.173234369835181,0.83065556525148,0.840940501362813
997,"Sambar deer","SBR",1,"dist_str + ndvi_cv + elev + BB + DD",-0.163649419211691,0.856295173298408,0.849039649282294
998,"Sambar deer","SBR",1,"dist_str + ndvi_cv + elev + BB + DD",-0.169967984985205,0.887482245094624,0.843691865019104
999,"Sambar deer","SBR",1,"dist_str + ndvi_cv + elev + BB + DD",-0.159394324365598,0.933858437108361,0.852660078912949
1000,"Sambar deer","SBR",1,"dist_str + ndvi_cv + elev + BB + DD",-0.168239067736527,1.02558674376188,0.845151763045402
1001,"Sambar deer","SBR",1,"dist_str + ndvi_cv + elev + BB + DD",-0.154470177845619,1.06478368980294,0.856869077557552
1002,"Sambar deer","SBR",1,"dist_str + ndvi_cv + elev + BB + DD",-0.152541340489898,1.11438070247897,0.858523403295886
1003,"Sambar deer","SBR",1,"dist_str + ndvi_cv + elev + BB + DD",-0.197184417887061,1.21190494808925,0.821039264298958
1004,"Sambar deer","SBR",1,"dist_str + ndvi_cv + elev + BB + DD",-0.0428571737553827,0.941697647583361,0.958048233573555
1005,"Sambar deer","SBR",1,"dist_str + ndvi_cv + elev + BB + DD",-0.0594645583310605,0.837476165340043,0.942268928638218
1006,"Sambar deer","SBR",1,"dist_str + ndvi_cv + elev + BB + DD",-0.0814757370746069,0.790926833556004,0.921755088361929
1007,"Sambar deer","SBR",1,"dist_str + ndvi_cv + elev + BB + DD",-0.0619791544425286,0.760194642126108,0.939902513911468
1008,"Sambar deer","SBR",1,"dist_str + ndvi_cv + elev + BB + DD",-0.074016481951386,0.754287318975826,0.928656390590173
1009,"Sambar deer","SBR",1,"dist_str + ndvi_cv + elev + BB + DD",-0.0766016493151064,0.738189202609605,0.926258766823014
1010,"Sambar deer","SBR",1,"dist_str + ndvi_cv + elev + BB + DD",-0.0829780719381523,0.71882253988787,0.920371361148989
1011,"Sambar deer","SBR",1,"dist_str + ndvi_cv + elev + BB + DD",-0.0901960534450414,0.709870485207277,0.913752075360831
1012,"Sambar deer","SBR",1,"dist_str + ndvi_cv + elev + BB + DD",-0.106673038067065,0.699858858866966,0.898819505534261
1013,"Sambar deer","SBR",1,"dist_str + ndvi_cv + elev + BB + DD",-0.110701045126182,0.692764899274662,0.895206360144615
1014,"Sambar deer","SBR",1,"dist_str + ndvi_cv + elev + BB + DD",-0.118233748108879,0.67197881199983,0.888488350210336
1015,"Sambar deer","SBR",1,"dist_str + ndvi_cv + elev + BB + DD",-0.127865590439161,0.663320033294988,0.879971650330946
1016,"Sambar deer","SBR",1,"dist_str + ndvi_cv + elev + BB + DD",-0.135763767046343,0.645111396334756,0.873048851842789
1017,"Sambar deer","SBR",1,"dist_str + ndvi_cv + elev + BB + DD",-0.143974884109666,0.622784476557154,0.865909495881369
1018,"Sambar deer","SBR",1,"dist_str + ndvi_cv + elev + BB + DD",-0.147839812509614,0.613084978552919,0.862569276739607
1019,"Sambar deer","SBR",1,"dist_str + ndvi_cv + elev + BB + DD",-0.157458262718452,0.609889243356137,0.8543124699006
1020,"Sambar deer","SBR",1,"dist_str + ndvi_cv + elev + BB + DD",-0.213698464012419,0.631769599952918,0.807591871029339
1021,"Sambar deer","SBR",1,"dist_str + ndvi_cv + elev + BB + DD",-0.232053764776258,0.636668795183969,0.792903493646127
1022,"Sambar deer","SBR",1,"dist_str + ndvi_cv + elev + BB + DD",-0.226692432629088,0.649754590132406,0.797165975588774
1023,"Sambar deer","SBR",1,"dist_str + ndvi_cv + elev + BB + DD",-0.233258401906557,0.658622037019834,0.791948907998092
1024,"Sambar deer","SBR",1,"dist_str + ndvi_cv + elev + BB + DD",-0.216116450902913,0.65846222091985,0.805641484076707
1025,"Sambar deer","SBR",1,"dist_str + ndvi_cv + elev + BB + DD",-0.192639252805001,0.658741831166182,0.824779461426162
1026,"Sambar deer","SBR",1,"dist_str + ndvi_cv + elev + BB + DD",-0.174979233179855,0.667841224142909,0.839474473704201
1027,"Sambar deer","SBR",1,"dist_str + ndvi_cv + elev + BB + DD",-0.187635483427277,0.663532202226629,0.828916818962246
1028,"Sambar deer","SBR",1,"dist_str + ndvi_cv + elev + BB + DD",-0.197797506196917,0.679205345480349,0.820536089051529
1029,"Sambar deer","SBR",1,"dist_str + ndvi_cv + elev + BB + DD",-0.209340364455824,0.692222202780992,0.811119112833913
1030,"Sambar deer","SBR",1,"dist_str + ndvi_cv + elev + BB + DD",-0.210080522781057,0.692083767713892,0.810518978900076
1031,"Sambar deer","SBR",1,"dist_str + ndvi_cv + elev + BB + DD",-0.215631025663061,0.70546103644493,0.806032653353747
1032,"Sambar deer","SBR",1,"dist_str + ndvi_cv + elev + BB + DD",-0.194202254204244,0.697756427422559,0.823491332845942
1033,"Sambar deer","SBR",1,"dist_str + ndvi_cv + elev + BB + DD",-0.208145685198241,0.708840761180359,0.812088718840482
1034,"Sambar deer","SBR",1,"dist_str + ndvi_cv + elev + BB + DD",-0.201531078780914,0.716820888628987,0.817478172449235
1035,"Sambar deer","SBR",1,"dist_str + ndvi_cv + elev + BB + DD",-0.183958185434101,0.71831653807635,0.831970657844849
1036,"Sambar deer","SBR",1,"dist_str + ndvi_cv + elev + BB + DD",-0.169071165990042,0.730649795053545,0.844448805484612
1037,"Sambar deer","SBR",1,"dist_str + ndvi_cv + elev + BB + DD",-0.175601996300406,0.727668052314974,0.838951826423116
1038,"Sambar deer","SBR",1,"dist_str + ndvi_cv + elev + BB + DD",-0.165009446265718,0.740445239087377,0.847885753263963
1039,"Sambar deer","SBR",1,"dist_str + ndvi_cv + elev + BB + DD",-0.159518288053341,0.75612658850785,0.852554380992956
1040,"Sambar deer","SBR",1,"dist_str + ndvi_cv + elev + BB + DD",-0.159170180495353,0.766227576318985,0.852851209837415
1041,"Sambar deer","SBR",1,"dist_str + ndvi_cv + elev + BB + DD",-0.170306839516142,0.769047622301207,0.843405988482456
1042,"Sambar deer","SBR",1,"dist_str + ndvi_cv + elev + BB + DD",-0.147669741037587,0.784830772201585,0.862715988442069
1043,"Sambar deer","SBR",1,"dist_str + ndvi_cv + elev + BB + DD",-0.172515664568102,0.808312255077111,0.841545121361711
1044,"Sambar deer","SBR",1,"dist_str + ndvi_cv + elev + BB + DD",-0.175015470814051,0.811090156456005,0.83944406798169
1045,"Sambar deer","SBR",1,"dist_str + ndvi_cv + elev + BB + DD",-0.183474062120351,0.842541407215921,0.832373466999953
1046,"Sambar deer","SBR",1,"dist_str + ndvi_cv + elev + BB + DD",-0.168931698433613,0.866460242085764,0.844566589674452
1047,"Sambar deer","SBR",1,"dist_str + ndvi_cv + elev + BB + DD",-0.175976464015655,0.893817321523839,0.838637726774872
1048,"Sambar deer","SBR",1,"dist_str + ndvi_cv + elev + BB + DD",-0.158157405097763,0.940165077640671,0.853715461651108
1049,"Sambar deer","SBR",1,"dist_str + ndvi_cv + elev + BB + DD",-0.174093712019497,1.00280968224469,0.840218157741836
1050,"Sambar deer","SBR",1,"dist_str + ndvi_cv + elev + BB + DD",-0.165769632149557,1.05587354438557,0.84724139150703
1051,"Sambar deer","SBR",1,"dist_str + ndvi_cv + elev + BB + DD",-0.192926978919136,1.14557743504672,0.824542184776532
1052,"Sambar deer","SBR",1,"dist_str + ndvi_cv + elev + BB + DD",-0.0650517995311455,0.862248202671535,0.937018931900198
1053,"Sambar deer","SBR",1,"dist_str + ndvi_cv + elev + BB + DD",-0.0726398092422483,0.779680028472709,0.929935724164696
1054,"Sambar deer","SBR",1,"dist_str + ndvi_cv + elev + BB + DD",-0.0723568213363263,0.753291203267788,0.930198921818616
1055,"Sambar deer","SBR",1,"dist_str + ndvi_cv + elev + BB + DD",-0.0861121427384235,0.748833545494229,0.917491337409519
1056,"Sambar deer","SBR",1,"dist_str + ndvi_cv + elev + BB + DD",-0.0846858536722031,0.728230968161424,0.918800950103855
1057,"Sambar deer","SBR",1,"dist_str + ndvi_cv + elev + BB + DD",-0.0878073165854309,0.717436404132333,0.915937345826419
1058,"Sambar deer","SBR",1,"dist_str + ndvi_cv + elev + BB + DD",-0.0862191432240064,0.69592978016879,0.917393168707357
1059,"Sambar deer","SBR",1,"dist_str + ndvi_cv + elev + BB + DD",-0.103073538374226,0.699036531143552,0.902060650850338
1060,"Sambar deer","SBR",1,"dist_str + ndvi_cv + elev + BB + DD",-0.128609184973713,0.683207101343441,0.879317551242625
1061,"Sambar deer","SBR",1,"dist_str + ndvi_cv + elev + BB + DD",-0.119127934937071,0.660864896154958,0.8876942266396
1062,"Sambar deer","SBR",1,"dist_str + ndvi_cv + elev + BB + DD",-0.138330314076583,0.657642698886802,0.870811003421037
1063,"Sambar deer","SBR",1,"dist_str + ndvi_cv + elev + BB + DD",-0.152241917374542,0.649213389822018,0.858780506929304
1064,"Sambar deer","SBR",1,"dist_str + ndvi_cv + elev + BB + DD",-0.154572504656854,0.630629788312268,0.856781390790908
1065,"Sambar deer","SBR",1,"dist_str + ndvi_cv + elev + BB + DD",-0.181838567125856,0.639127298977807,0.833735996509747
1066,"Sambar deer","SBR",1,"dist_str + ndvi_cv + elev + BB + DD",-0.203160094473798,0.640311438794709,0.816147570952105
1067,"Sambar deer","SBR",1,"dist_str + ndvi_cv + elev + BB + DD",-0.213172855111661,0.641754490980933,0.808016455565213
1068,"Sambar deer","SBR",1,"dist_str + ndvi_cv + elev + BB + DD",-0.268541272310307,0.64521100922523,0.764493871756024
1069,"Sambar deer","SBR",1,"dist_str + ndvi_cv + elev + BB + DD",-0.278685814510395,0.655883765579983,0.756777634422138
1070,"Sambar deer","SBR",1,"dist_str + ndvi_cv + elev + BB + DD",-0.285351193426081,0.644300111666361,0.751750198925412
1071,"Sambar deer","SBR",1,"dist_str + ndvi_cv + elev + BB + DD",-0.275192255043026,0.659494583497873,0.759426105842426
1072,"Sambar deer","SBR",1,"dist_str + ndvi_cv + elev + BB + DD",-0.250866145596833,0.672099217640794,0.7781265664012
1073,"Sambar deer","SBR",1,"dist_str + ndvi_cv + elev + BB + DD",-0.232889503474418,0.661350647445312,0.792241142048877
1074,"Sambar deer","SBR",1,"dist_str + ndvi_cv + elev + BB + DD",-0.208037326959363,0.662464483482821,0.812176757921694
1075,"Sambar deer","SBR",1,"dist_str + ndvi_cv + elev + BB + DD",-0.222863079474185,0.68435435759698,0.800224413907175
1076,"Sambar deer","SBR",1,"dist_str + ndvi_cv + elev + BB + DD",-0.216370407394646,0.688389316352567,0.805436907484472
1077,"Sambar deer","SBR",1,"dist_str + ndvi_cv + elev + BB + DD",-0.216329085969348,0.698090416050446,0.805470190378988
1078,"Sambar deer","SBR",1,"dist_str + ndvi_cv + elev + BB + DD",-0.231209040098263,0.683570216053184,0.793573565334628
1079,"Sambar deer","SBR",1,"dist_str + ndvi_cv + elev + BB + DD",-0.217883410100446,0.675655192122118,0.804219398655444
1080,"Sambar deer","SBR",1,"dist_str + ndvi_cv + elev + BB + DD",-0.214541347567733,0.698282332769259,0.806911447705228
1081,"Sambar deer","SBR",1,"dist_str + ndvi_cv + elev + BB + DD",-0.195169646019802,0.700660796854913,0.822695163301733
1082,"Sambar deer","SBR",1,"dist_str + ndvi_cv + elev + BB + DD",-0.202697889868504,0.708313547635229,0.816524885474061
1083,"Sambar deer","SBR",1,"dist_str + ndvi_cv + elev + BB + DD",-0.18254826871223,0.71028036225334,0.83314442855857
1084,"Sambar deer","SBR",1,"dist_str + ndvi_cv + elev + BB + DD",-0.18202146932476,0.723267679364085,0.833583457167147
1085,"Sambar deer","SBR",1,"dist_str + ndvi_cv + elev + BB + DD",-0.178571846354177,0.728826738799108,0.836463958161743
1086,"Sambar deer","SBR",1,"dist_str + ndvi_cv + elev + BB + DD",-0.165267630245274,0.746930915423584,0.847666824431939
1087,"Sambar deer","SBR",1,"dist_str + ndvi_cv + elev + BB + DD",-0.153180639705816,0.755815568353299,0.85797472530366
1088,"Sambar deer","SBR",1,"dist_str + ndvi_cv + elev + BB + DD",-0.161006873263744,0.768360765856669,0.851286274477823
1089,"Sambar deer","SBR",1,"dist_str + ndvi_cv + elev + BB + DD",-0.167349455781795,0.772608914532148,0.845903957430048
1090,"Sambar deer","SBR",1,"dist_str + ndvi_cv + elev + BB + DD",-0.173396539308786,0.788648272271916,0.840804136860398
1091,"Sambar deer","SBR",1,"dist_str + ndvi_cv + elev + BB + DD",-0.166463423811855,0.809009724166686,0.846653784675907
1092,"Sambar deer","SBR",1,"dist_str + ndvi_cv + elev + BB + DD",-0.167042209388176,0.82281658316492,0.846163895789622
1093,"Sambar deer","SBR",1,"dist_str + ndvi_cv + elev + BB + DD",-0.171544266715612,0.846946369357192,0.842362991592242
1094,"Sambar deer","SBR",1,"dist_str + ndvi_cv + elev + BB + DD",-0.179635971973522,0.874081766026572,0.835574372801268
1095,"Sambar deer","SBR",1,"dist_str + ndvi_cv + elev + BB + DD",-0.169291078185918,0.91959963612542,0.844263167419911
1096,"Sambar deer","SBR",1,"dist_str + ndvi_cv + elev + BB + DD",-0.180100654675211,0.97760042657643,0.835186176471303
1097,"Sambar deer","SBR",1,"dist_str + ndvi_cv + elev + BB + DD",-0.19645515818396,1.0275977389163,0.821638175612901
1098,"Sambar deer","SBR",1,"dist_str + ndvi_cv + elev + BB + DD",-0.17695164505099,1.12938567106416,0.837820415599631
1099,"Sambar deer","SBR",1,"dist_str + ndvi_cv + elev + BB + DD",-0.0672699681197406,0.878388926774539,0.934942762617978
1100,"Sambar deer","SBR",1,"dist_str + ndvi_cv + elev + BB + DD",-0.0730256055504773,0.793440698472206,0.929577291789652
1101,"Sambar deer","SBR",1,"dist_str + ndvi_cv + elev + BB + DD",-0.0795692467031969,0.769066626778838,0.923514067460952
1102,"Sambar deer","SBR",1,"dist_str + ndvi_cv + elev + BB + DD",-0.0899487593099388,0.743496583379616,0.91397801996479
1103,"Sambar deer","SBR",1,"dist_str + ndvi_cv + elev + BB + DD",-0.0852333930671718,0.728613428795967,0.91829793683711
1104,"Sambar deer","SBR",1,"dist_str + ndvi_cv + elev + BB + DD",-0.120352441260244,0.713828065793334,0.886607916533145
1105,"Sambar deer","SBR",1,"dist_str + ndvi_cv + elev + BB + DD",-0.113206957305711,0.705972885164749,0.8929658599154
1106,"Sambar deer","SBR",1,"dist_str + ndvi_cv + elev + BB + DD",-0.120697071107693,0.685660675714699,0.886302405673702
1107,"Sambar deer","SBR",1,"dist_str + ndvi_cv + elev + BB + DD",-0.123391511963213,0.676910512267972,0.883917530672742
1108,"Sambar deer","SBR",1,"dist_str + ndvi_cv + elev + BB + DD",-0.136434957137188,0.655624096344421,0.872463074280274
1109,"Sambar deer","SBR",1,"dist_str + ndvi_cv + elev + BB + DD",-0.137813694680562,0.639972789162709,0.871261006401882
1110,"Sambar deer","SBR",1,"dist_str + ndvi_cv + elev + BB + DD",-0.17106534706946,0.639201653102163,0.842766500368616
1111,"Sambar deer","SBR",1,"dist_str + ndvi_cv + elev + BB + DD",-0.189914814545424,0.632474498582742,0.827029586218702
1112,"Sambar deer","SBR",1,"dist_str + ndvi_cv + elev + BB + DD",-0.195821144219206,0.631826114085919,0.822159270200061
1113,"Sambar deer","SBR",1,"dist_str + ndvi_cv + elev + BB + DD",-0.227795492370542,0.630966253801526,0.796287111273781
1114,"Sambar deer","SBR",1,"dist_str + ndvi_cv + elev + BB + DD",-0.258529981319593,0.644062926153433,0.772185891625244
1115,"Sambar deer","SBR",1,"dist_str + ndvi_cv + elev + BB + DD",-0.320300469614481,0.643395097368367,0.725930884181799
1116,"Sambar deer","SBR",1,"dist_str + ndvi_cv + elev + BB + DD",-0.352760943810001,0.640966558517077,0.702745190950121
1117,"Sambar deer","SBR",1,"dist_str + ndvi_cv + elev + BB + DD",-0.353665696553742,0.652185899044493,0.702109656415046
1118,"Sambar deer","SBR",1,"dist_str + ndvi_cv + elev + BB + DD",-0.341853730781493,0.650735779864312,0.710452114412485
1119,"Sambar deer","SBR",1,"dist_str + ndvi_cv + elev + BB + DD",-0.300657901359802,0.654638419280422,0.740331007659779
1120,"Sambar deer","SBR",1,"dist_str + ndvi_cv + elev + BB + DD",-0.290244776393786,0.667652663942039,0.748080433581414
1121,"Sambar deer","SBR",1,"dist_str + ndvi_cv + elev + BB + DD",-0.27106051737686,0.67366815390713,0.762570358127341
1122,"Sambar deer","SBR",1,"dist_str + ndvi_cv + elev + BB + DD",-0.269395769978009,0.669125122028184,0.76384089181285
1123,"Sambar deer","SBR",1,"dist_str + ndvi_cv + elev + BB + DD",-0.244249018869206,0.682737454220899,0.783292557935915
1124,"Sambar deer","SBR",1,"dist_str + ndvi_cv + elev + BB + DD",-0.234970941085143,0.684784846515571,0.790593827504238
1125,"Sambar deer","SBR",1,"dist_str + ndvi_cv + elev + BB + DD",-0.221430340573993,0.692937949506262,0.801371776748435
1126,"Sambar deer","SBR",1,"dist_str + ndvi_cv + elev + BB + DD",-0.223558839377449,0.698233038416429,0.79966784484476
1127,"Sambar deer","SBR",1,"dist_str + ndvi_cv + elev + BB + DD",-0.221104094089591,0.692030734205309,0.801633280977169
1128,"Sambar deer","SBR",1,"dist_str + ndvi_cv + elev + BB + DD",-0.188968848175229,0.699147697362681,0.827812299376139
1129,"Sambar deer","SBR",1,"dist_str + ndvi_cv + elev + BB + DD",-0.195000530824921,0.700896081871524,0.822834241202085
1130,"Sambar deer","SBR",1,"dist_str + ndvi_cv + elev + BB + DD",-0.195036275166329,0.702778708727562,0.82280481032829
1131,"Sambar deer","SBR",1,"dist_str + ndvi_cv + elev + BB + DD",-0.17286325606724,0.71992335654025,0.841252643629936
1132,"Sambar deer","SBR",1,"dist_str + ndvi_cv + elev + BB + DD",-0.178864033427558,0.719856823573086,0.836219616784095
1133,"Sambar deer","SBR",1,"dist_str + ndvi_cv + elev + BB + DD",-0.183430195637354,0.748275685491798,0.832410029957037
1134,"Sambar deer","SBR",1,"dist_str + ndvi_cv + elev + BB + DD",-0.191258553627585,0.741419211469332,0.825919072704078
1135,"Sambar deer","SBR",1,"dist_str + ndvi_cv + elev + BB + DD",-0.172099970561196,0.761065586000244,0.841895008233174
1136,"Sambar deer","SBR",1,"dist_str + ndvi_cv + elev + BB + DD",-0.169397491948965,0.777704714796979,0.844173286252471
1137,"Sambar deer","SBR",1,"dist_str + ndvi_cv + elev + BB + DD",-0.176144909810816,0.787858691495184,0.838496482573208
1138,"Sambar deer","SBR",1,"dist_str + ndvi_cv + elev + BB + DD",-0.191755621803595,0.804258126306898,0.825508584256922
1139,"Sambar deer","SBR",1,"dist_str + ndvi_cv + elev + BB + DD",-0.162567194280877,0.820676652835155,0.849958976086577
1140,"Sambar deer","SBR",1,"dist_str + ndvi_cv + elev + BB + DD",-0.170958621076452,0.837066636762696,0.842856459046298
1141,"Sambar deer","SBR",1,"dist_str + ndvi_cv + elev + BB + DD",-0.17754831837362,0.873303342279433,0.837320540537794
1142,"Sambar deer","SBR",1,"dist_str + ndvi_cv + elev + BB + DD",-0.166667603239682,0.906819906436132,0.846480939920433
1143,"Sambar deer","SBR",1,"dist_str + ndvi_cv + elev + BB + DD",-0.181975620310973,0.956174488240399,0.833621709305533
1144,"Sambar deer","SBR",1,"dist_str + ndvi_cv + elev + BB + DD",-0.176854276806659,1.0404180091876,0.837901877483644
1145,"Sambar deer","SBR",1,"dist_str + ndvi_cv + elev + BB + DD",-0.17556148232642,1.25475895716454,0.838985835775945
1146,"Sambar deer","SBR",1,"dist_str + ndvi_cv + elev + BB + DD",-0.0726848638254207,1.08061369460715,0.929893829459109
1147,"Sambar deer","SBR",1,"dist_str + ndvi_cv + elev + BB + DD",-0.103947526137532,0.886214155571934,0.901272645843592
1148,"Sambar deer","SBR",1,"dist_str + ndvi_cv + elev + BB + DD",-0.102082084116969,0.806010958654306,0.902955445450979
1149,"Sambar deer","SBR",1,"dist_str + ndvi_cv + elev + BB + DD",-0.0878596943780189,0.770900768773084,0.91588938532349
1150,"Sambar deer","SBR",1,"dist_str + ndvi_cv + elev + BB + DD",-0.079586326625779,0.744555599258189,0.923498298463256
1151,"Sambar deer","SBR",1,"dist_str + ndvi_cv + elev + BB + DD",-0.102347657005064,0.728491605165314,0.902715686813358
1152,"Sambar deer","SBR",1,"dist_str + ndvi_cv + elev + BB + DD",-0.124008659653674,0.714037122776641,0.883372193276225
1153,"Sambar deer","SBR",1,"dist_str + ndvi_cv + elev + BB + DD",-0.13407789152543,0.698615102768166,0.87452194471413
1154,"Sambar deer","SBR",1,"dist_str + ndvi_cv + elev + BB + DD",-0.148769481436046,0.685198859255005,0.861767745558399
1155,"Sambar deer","SBR",1,"dist_str + ndvi_cv + elev + BB + DD",-0.136512303230416,0.674124968809168,0.8723955885388
1156,"Sambar deer","SBR",1,"dist_str + ndvi_cv + elev + BB + DD",-0.149011014698788,0.663046485528615,0.861559625210579
1157,"Sambar deer","SBR",1,"dist_str + ndvi_cv + elev + BB + DD",-0.172689571559579,0.615991446052939,0.841398769543239
1158,"Sambar deer","SBR",1,"dist_str + ndvi_cv + elev + BB + DD",-0.191403987473105,0.603757582207179,0.825798909140587
1159,"Sambar deer","SBR",1,"dist_str + ndvi_cv + elev + BB + DD",-0.211079605685402,0.609975746685697,0.809709607017619
1160,"Sambar deer","SBR",1,"dist_str + ndvi_cv + elev + BB + DD",-0.228565468060242,0.621362442845321,0.79567420433691
1161,"Sambar deer","SBR",1,"dist_str + ndvi_cv + elev + BB + DD",-0.23707341956162,0.636050142144356,0.788933364070854
1162,"Sambar deer","SBR",1,"dist_str + ndvi_cv + elev + BB + DD",-0.300776177978885,0.64091981518734,0.740243437650719
1163,"Sambar deer","SBR",1,"dist_str + ndvi_cv + elev + BB + DD",-0.358911175794584,0.635944198138374,0.698436415696677
1164,"Sambar deer","SBR",1,"dist_str + ndvi_cv + elev + BB + DD",-0.420994843698723,0.625409919547893,0.65639348645081
1165,"Sambar deer","SBR",1,"dist_str + ndvi_cv + elev + BB + DD",-0.482432588885798,0.613159418143933,0.617279977123803
1166,"Sambar deer","SBR",1,"dist_str + ndvi_cv + elev + BB + DD",-0.403743131001106,0.642972531171051,0.667815645944802
1167,"Sambar deer","SBR",1,"dist_str + ndvi_cv + elev + BB + DD",-0.344462845986733,0.659831708850427,0.708600879310083
1168,"Sambar deer","SBR",1,"dist_str + ndvi_cv + elev + BB + DD",-0.311224268897536,0.656813805067357,0.73254957277688
1169,"Sambar deer","SBR",1,"dist_str + ndvi_cv + elev + BB + DD",-0.29328371988392,0.668993558256324,0.745810552102567
1170,"Sambar deer","SBR",1,"dist_str + ndvi_cv + elev + BB + DD",-0.273172181654268,0.686373705431026,0.760961754412776
1171,"Sambar deer","SBR",1,"dist_str + ndvi_cv + elev + BB + DD",-0.263551442936597,0.687285192700018,0.76831809828369
1172,"Sambar deer","SBR",1,"dist_str + ndvi_cv + elev + BB + DD",-0.26617223609143,0.691892191931858,0.766307144460287
1173,"Sambar deer","SBR",1,"dist_str + ndvi_cv + elev + BB + DD",-0.252982055625882,0.694676755513775,0.776481817873405
1174,"Sambar deer","SBR",1,"dist_str + ndvi_cv + elev + BB + DD",-0.232716421419902,0.692668456355874,0.792378243384144
1175,"Sambar deer","SBR",1,"dist_str + ndvi_cv + elev + BB + DD",-0.217794230118453,0.688207188544199,0.804291055215911
1176,"Sambar deer","SBR",1,"dist_str + ndvi_cv + elev + BB + DD",-0.206684067642892,0.693087772658738,0.813276560008844
1177,"Sambar deer","SBR",1,"dist_str + ndvi_cv + elev + BB + DD",-0.209926253610552,0.702755945544145,0.810644025850358
1178,"Sambar deer","SBR",1,"dist_str + ndvi_cv + elev + BB + DD",-0.186020241540309,0.70934605952794,0.830256977699764
1179,"Sambar deer","SBR",1,"dist_str + ndvi_cv + elev + BB + DD",-0.194242507957339,0.705428779677925,0.823458188492465
1180,"Sambar deer","SBR",1,"dist_str + ndvi_cv + elev + BB + DD",-0.180583625563395,0.716958505992621,0.83478286861229
1181,"Sambar deer","SBR",1,"dist_str + ndvi_cv + elev + BB + DD",-0.175436005439987,0.743913901865777,0.839091106146076
1182,"Sambar deer","SBR",1,"dist_str + ndvi_cv + elev + BB + DD",-0.186049614369689,0.736016685359007,0.830232405342933
1183,"Sambar deer","SBR",1,"dist_str + ndvi_cv + elev + BB + DD",-0.163208576279758,0.747382648814938,0.849414032642037
1184,"Sambar deer","SBR",1,"dist_str + ndvi_cv + elev + BB + DD",-0.168976294995339,0.766902469192696,0.844528928173821
1185,"Sambar deer","SBR",1,"dist_str + ndvi_cv + elev + BB + DD",-0.187183826692108,0.786520757361376,0.82929127655135
1186,"Sambar deer","SBR",1,"dist_str + ndvi_cv + elev + BB + DD",-0.19508179589638,0.802400795232857,0.822767356367319
1187,"Sambar deer","SBR",1,"dist_str + ndvi_cv + elev + BB + DD",-0.171311611476346,0.817318586206502,0.842558982040655
1188,"Sambar deer","SBR",1,"dist_str + ndvi_cv + elev + BB + DD",-0.177529332027923,0.837240288129716,0.837336473261229
1189,"Sambar deer","SBR",1,"dist_str + ndvi_cv + elev + BB + DD",-0.149430468943469,0.861855871712339,0.861198346855237
1190,"Sambar deer","SBR",1,"dist_str + ndvi_cv + elev + BB + DD",-0.175761321153137,0.885286449328169,0.838818168162128
1191,"Sambar deer","SBR",1,"dist_str + ndvi_cv + elev + BB + DD",-0.163954517980955,0.932370146183175,0.848780652279048
1192,"Sambar deer","SBR",1,"dist_str + ndvi_cv + elev + BB + DD",-0.0868577362401275,0.856974817634001,0.916807540594948
1193,"Sambar deer","SBR",1,"dist_str + ndvi_cv + elev + BB + DD",-0.0991286819810962,0.805567732004831,0.905626164863089
1194,"Sambar deer","SBR",1,"dist_str + ndvi_cv + elev + BB + DD",-0.0941819610046379,0.75887206832038,0.91011714374523
1195,"Sambar deer","SBR",1,"dist_str + ndvi_cv + elev + BB + DD",-0.0924497049239553,0.752457174520126,0.911695065071799
1196,"Sambar deer","SBR",1,"dist_str + ndvi_cv + elev + BB + DD",-0.10616672663996,0.732387498812815,0.899274791349498
1197,"Sambar deer","SBR",1,"dist_str + ndvi_cv + elev + BB + DD",-0.119666028678517,0.727147559429042,0.887216710642575
1198,"Sambar deer","SBR",1,"dist_str + ndvi_cv + elev + BB + DD",-0.106233425731444,0.717001038489221,0.899214728844541
1199,"Sambar deer","SBR",1,"dist_str + ndvi_cv + elev + BB + DD",-0.133196740034804,0.685109892794099,0.875292875937554
1200,"Sambar deer","SBR",1,"dist_str + ndvi_cv + elev + BB + DD",-0.147067856034508,0.673913130826249,0.863235447944985
1201,"Sambar deer","SBR",1,"dist_str + ndvi_cv + elev + BB + DD",-0.167747342791234,0.653164015713818,0.845567446474963
1202,"Sambar deer","SBR",1,"dist_str + ndvi_cv + elev + BB + DD",-0.177162752338602,0.615585682164646,0.837643463924807
1203,"Sambar deer","SBR",1,"dist_str + ndvi_cv + elev + BB + DD",-0.181769220328977,0.335092365035842,0.833793748376529
1204,"Sambar deer","SBR",1,"dist_str + ndvi_cv + elev + BB + DD",-0.210060449053267,0.602654355836447,0.810535300686388
1205,"Sambar deer","SBR",1,"dist_str + ndvi_cv + elev + BB + DD",-0.227807178153763,0.642277123559903,0.796277794839933
1206,"Sambar deer","SBR",1,"dist_str + ndvi_cv + elev + BB + DD",-0.27952693662172,0.636523870095832,0.756141384597038
1207,"Sambar deer","SBR",1,"dist_str + ndvi_cv + elev + BB + DD",-0.303841508591806,0.639079243011582,0.737977820447181
1208,"Sambar deer","SBR",1,"dist_str + ndvi_cv + elev + BB + DD",-0.369721188745474,0.639934543673518,0.690926942374343
1209,"Sambar deer","SBR",1,"dist_str + ndvi_cv + elev + BB + DD",-0.480810034475418,0.623809134783047,0.618282371137702
1210,"Sambar deer","SBR",1,"dist_str + ndvi_cv + elev + BB + DD",-0.56944142308335,0.594652920301795,0.565841418403543
1211,"Sambar deer","SBR",1,"dist_str + ndvi_cv + elev + BB + DD",-0.435335616711102,0.642267568043093,0.647047473019283
1212,"Sambar deer","SBR",1,"dist_str + ndvi_cv + elev + BB + DD",-0.369356221330407,0.651530801484764,0.691179165464382
1213,"Sambar deer","SBR",1,"dist_str + ndvi_cv + elev + BB + DD",-0.330305716939753,0.665217831093966,0.718704010877494
1214,"Sambar deer","SBR",1,"dist_str + ndvi_cv + elev + BB + DD",-0.322648150855372,0.668932157614827,0.724228711703496
1215,"Sambar deer","SBR",1,"dist_str + ndvi_cv + elev + BB + DD",-0.288527787508841,0.681476873584164,0.749365985388079
1216,"Sambar deer","SBR",1,"dist_str + ndvi_cv + elev + BB + DD",-0.2788905857389,0.684436704715356,0.756622684037768
1217,"Sambar deer","SBR",1,"dist_str + ndvi_cv + elev + BB + DD",-0.267515478138591,0.679362634604058,0.765278495846756
1218,"Sambar deer","SBR",1,"dist_str + ndvi_cv + elev + BB + DD",-0.264608200359289,0.684876096676881,0.767506599912777
1219,"Sambar deer","SBR",1,"dist_str + ndvi_cv + elev + BB + DD",-0.246593863091024,0.688057656670689,0.781458016574621
1220,"Sambar deer","SBR",1,"dist_str + ndvi_cv + elev + BB + DD",-0.221826866967632,0.680746034933838,0.801054056410206
1221,"Sambar deer","SBR",1,"dist_str + ndvi_cv + elev + BB + DD",-0.235420697501607,0.701286673609463,0.790238331300163
1222,"Sambar deer","SBR",1,"dist_str + ndvi_cv + elev + BB + DD",-0.193750056539934,0.707583692031144,0.823863802850794
1223,"Sambar deer","SBR",1,"dist_str + ndvi_cv + elev + BB + DD",-0.187511035738872,0.701766887581126,0.829020096589758
1224,"Sambar deer","SBR",1,"dist_str + ndvi_cv + elev + BB + DD",-0.197128685676076,0.715425451756348,0.821084965955085
1225,"Sambar deer","SBR",1,"dist_str + ndvi_cv + elev + BB + DD",-0.184750026150074,0.716632905999434,0.831312064206125
1226,"Sambar deer","SBR",1,"dist_str + ndvi_cv + elev + BB + DD",-0.196217160885996,0.733325833398203,0.821833756443995
1227,"Sambar deer","SBR",1,"dist_str + ndvi_cv + elev + BB + DD",-0.179388241950064,0.737908800131223,0.835781351059086
1228,"Sambar deer","SBR",1,"dist_str + ndvi_cv + elev + BB + DD",-0.17047092493612,0.752668105151437,0.843267607769926
1229,"Sambar deer","SBR",1,"dist_str + ndvi_cv + elev + BB + DD",-0.188910000474564,0.771697226607926,0.827861015197841
1230,"Sambar deer","SBR",1,"dist_str + ndvi_cv + elev + BB + DD",-0.17687493546276,0.779074092235506,0.837884572397725
1231,"Sambar deer","SBR",1,"dist_str + ndvi_cv + elev + BB + DD",-0.161477420928264,0.789072354585649,0.850885756713843
1232,"Sambar deer","SBR",1,"dist_str + ndvi_cv + elev + BB + DD",-0.171153659249085,0.811550113239828,0.842692084293586
1233,"Sambar deer","SBR",1,"dist_str + ndvi_cv + elev + BB + DD",-0.191762306043992,0.8320289011709,0.825503080480603
1234,"Sambar deer","SBR",1,"dist_str + ndvi_cv + elev + BB + DD",-0.178372248366863,0.853426934344747,0.836630932860618
1235,"Sambar deer","SBR",1,"dist_str + ndvi_cv + elev + BB + DD",-0.176103545121153,0.862566425337666,0.838531194216169
1236,"Sambar deer","SBR",1,"dist_str + ndvi_cv + elev + BB + DD",-0.155467185216318,0.933421257046017,0.856015167374111
1237,"Sambar deer","SBR",1,"dist_str + ndvi_cv + elev + BB + DD",-0.145036972644514,1.04732681391223,0.864990311639366
1238,"Sambar deer","SBR",1,"dist_str + ndvi_cv + elev + BB + DD",-0.10262508971591,1.01889492108017,0.902465253576573
1239,"Sambar deer","SBR",1,"dist_str + ndvi_cv + elev + BB + DD",-0.0991757999751292,0.878260507592935,0.905583494751186
1240,"Sambar deer","SBR",1,"dist_str + ndvi_cv + elev + BB + DD",-0.101692876163288,0.816151530102828,0.903306939245211
1241,"Sambar deer","SBR",1,"dist_str + ndvi_cv + elev + BB + DD",-0.0990278191832038,0.769465945449313,0.905717552505602
1242,"Sambar deer","SBR",1,"dist_str + ndvi_cv + elev + BB + DD",-0.0852566296838428,0.758026351231428,0.918276604535105
1243,"Sambar deer","SBR",1,"dist_str + ndvi_cv + elev + BB + DD",-0.106034457035547,0.736585610730348,0.899393660106718
1244,"Sambar deer","SBR",1,"dist_str + ndvi_cv + elev + BB + DD",-0.12173472360818,0.741909650495652,0.885383210486731
1245,"Sambar deer","SBR",1,"dist_str + ndvi_cv + elev + BB + DD",-0.130459410030072,0.715955477797538,0.877692120705958
1246,"Sambar deer","SBR",1,"dist_str + ndvi_cv + elev + BB + DD",-0.133506486739644,0.700648878517544,0.875021826409507
1247,"Sambar deer","SBR",1,"dist_str + ndvi_cv + elev + BB + DD",-0.159345894136987,0.673754591974327,0.852701381343562
1248,"Sambar deer","SBR",1,"dist_str + ndvi_cv + elev + BB + DD",-0.161438075231003,0.663320927971521,0.850919223681881
1249,"Sambar deer","SBR",1,"dist_str + ndvi_cv + elev + BB + DD",-0.186137501859908,0.629232151286958,0.830159439373137
1250,"Sambar deer","SBR",1,"dist_str + ndvi_cv + elev + BB + DD",-0.198302604106288,0.610334566890911,0.820121643796377
1251,"Sambar deer","SBR",1,"dist_str + ndvi_cv + elev + BB + DD",-0.229826320905471,0.616297098815476,0.794671628509154
1252,"Sambar deer","SBR",1,"dist_str + ndvi_cv + elev + BB + DD",-0.244676006804334,0.644966121789083,0.782958178918248
1253,"Sambar deer","SBR",1,"dist_str + ndvi_cv + elev + BB + DD",-0.271407122472566,0.644074437114335,0.762306131859024
1254,"Sambar deer","SBR",1,"dist_str + ndvi_cv + elev + BB + DD",-0.326120827785812,0.636130652137466,0.721717978656264
1255,"Sambar deer","SBR",1,"dist_str + ndvi_cv + elev + BB + DD",-0.356940009554276,0.648710526208147,0.699814478663237
1256,"Sambar deer","SBR",1,"dist_str + ndvi_cv + elev + BB + DD",-0.411963830073629,0.648454053079328,0.662348244711608
1257,"Sambar deer","SBR",1,"dist_str + ndvi_cv + elev + BB + DD",-0.457107536744907,0.640129516267756,0.633112253731559
1258,"Sambar deer","SBR",1,"dist_str + ndvi_cv + elev + BB + DD",-0.417015399128243,0.640277375007116,0.659010778219014
1259,"Sambar deer","SBR",1,"dist_str + ndvi_cv + elev + BB + DD",-0.404491684209092,0.663029273227587,0.66731593822651
1260,"Sambar deer","SBR",1,"dist_str + ndvi_cv + elev + BB + DD",-0.337758954962026,0.662256523712551,0.713367222108554
1261,"Sambar deer","SBR",1,"dist_str + ndvi_cv + elev + BB + DD",-0.311052501730242,0.661588825296016,0.732675408411708
1262,"Sambar deer","SBR",1,"dist_str + ndvi_cv + elev + BB + DD",-0.321717917710825,0.662947258186397,0.724902644168626
1263,"Sambar deer","SBR",1,"dist_str + ndvi_cv + elev + BB + DD",-0.309930980405837,0.675780791491881,0.733497582402509
1264,"Sambar deer","SBR",1,"dist_str + ndvi_cv + elev + BB + DD",-0.288129851417838,0.673609423305295,0.749664268731166
1265,"Sambar deer","SBR",1,"dist_str + ndvi_cv + elev + BB + DD",-0.26298526485723,0.67918482759225,0.768753224916876
1266,"Sambar deer","SBR",1,"dist_str + ndvi_cv + elev + BB + DD",-0.246192231594225,0.67357875809582,0.781771929467446
1267,"Sambar deer","SBR",1,"dist_str + ndvi_cv + elev + BB + DD",-0.232569659841126,0.683294565970291,0.792494549201822
1268,"Sambar deer","SBR",1,"dist_str + ndvi_cv + elev + BB + DD",-0.217260340046821,0.68828938564791,0.804720441232316
1269,"Sambar deer","SBR",1,"dist_str + ndvi_cv + elev + BB + DD",-0.217941208935088,0.703610581131977,0.804172734091084
1270,"Sambar deer","SBR",1,"dist_str + ndvi_cv + elev + BB + DD",-0.215309921703556,0.696994670823131,0.806291516987234
1271,"Sambar deer","SBR",1,"dist_str + ndvi_cv + elev + BB + DD",-0.196344215005783,0.70903842670767,0.821729337294233
1272,"Sambar deer","SBR",1,"dist_str + ndvi_cv + elev + BB + DD",-0.187369770060903,0.709774477088017,0.829137099656902
1273,"Sambar deer","SBR",1,"dist_str + ndvi_cv + elev + BB + DD",-0.183685036839225,0.713351130250249,0.83219787520496
1274,"Sambar deer","SBR",1,"dist_str + ndvi_cv + elev + BB + DD",-0.192613532848021,0.733142079166606,0.824800673812766
1275,"Sambar deer","SBR",1,"dist_str + ndvi_cv + elev + BB + DD",-0.176740307732058,0.751492745888225,0.837997419020573
1276,"Sambar deer","SBR",1,"dist_str + ndvi_cv + elev + BB + DD",-0.175046802898097,0.750411076290885,0.839417762950525
1277,"Sambar deer","SBR",1,"dist_str + ndvi_cv + elev + BB + DD",-0.168212435354799,0.763601548459903,0.845174273127966
1278,"Sambar deer","SBR",1,"dist_str + ndvi_cv + elev + BB + DD",-0.160845765856352,0.776413075423964,0.851423382173008
1279,"Sambar deer","SBR",1,"dist_str + ndvi_cv + elev + BB + DD",-0.178239853671674,0.797793917716786,0.836741708198002
1280,"Sambar deer","SBR",1,"dist_str + ndvi_cv + elev + BB + DD",-0.16574599914534,0.826228749553939,0.847261412030869
1281,"Sambar deer","SBR",1,"dist_str + ndvi_cv + elev + BB + DD",-0.165518055560948,0.840079407544092,0.847454570965893
1282,"Sambar deer","SBR",1,"dist_str + ndvi_cv + elev + BB + DD",-0.155364286690851,0.871028937327986,0.856103255016755
1283,"Sambar deer","SBR",1,"dist_str + ndvi_cv + elev + BB + DD",-0.154476847611555,0.909430750073844,0.856863361474268
1284,"Sambar deer","SBR",1,"dist_str + ndvi_cv + elev + BB + DD",-0.170648485645518,1.02254832678962,0.843117953461021
1285,"Sambar deer","SBR",1,"dist_str + ndvi_cv + elev + BB + DD",-0.0986730469296845,1.04236587022444,0.906038892884448
1286,"Sambar deer","SBR",1,"dist_str + ndvi_cv + elev + BB + DD",-0.111884809553733,0.88947452430451,0.894147248876482
1287,"Sambar deer","SBR",1,"dist_str + ndvi_cv + elev + BB + DD",-0.111158815118752,0.818295954532779,0.894796631147858
1288,"Sambar deer","SBR",1,"dist_str + ndvi_cv + elev + BB + DD",-0.109431197936761,0.788405688567941,0.89634385380079
1289,"Sambar deer","SBR",1,"dist_str + ndvi_cv + elev + BB + DD",-0.0996202926037126,0.75455477339844,0.905181056823207
1290,"Sambar deer","SBR",1,"dist_str + ndvi_cv + elev + BB + DD",-0.123231832337918,0.733533795334312,0.884058687012837
1291,"Sambar deer","SBR",1,"dist_str + ndvi_cv + elev + BB + DD",-0.128000936068013,0.726323026691377,0.879852623589382
1292,"Sambar deer","SBR",1,"dist_str + ndvi_cv + elev + BB + DD",-0.125483231142052,0.719100612188789,0.8820705556755
1293,"Sambar deer","SBR",1,"dist_str + ndvi_cv + elev + BB + DD",-0.142726051633175,0.709782045513129,0.866991555191952
1294,"Sambar deer","SBR",1,"dist_str + ndvi_cv + elev + BB + DD",-0.152746112311755,0.697169709563683,0.858347618077555
1295,"Sambar deer","SBR",1,"dist_str + ndvi_cv + elev + BB + DD",-0.183783056530094,0.671744014354422,0.832116306873986
1296,"Sambar deer","SBR",1,"dist_str + ndvi_cv + elev + BB + DD",-0.194396604448787,0.654798405065864,0.82333130344706
1297,"Sambar deer","SBR",1,"dist_str + ndvi_cv + elev + BB + DD",-0.21502131603018,0.636619880759894,0.806524253586252
1298,"Sambar deer","SBR",1,"dist_str + ndvi_cv + elev + BB + DD",-0.229938802883621,0.642098789887908,0.794582227403227
1299,"Sambar deer","SBR",1,"dist_str + ndvi_cv + elev + BB + DD",-0.251025812730757,0.645959813579565,0.778002295644062
1300,"Sambar deer","SBR",1,"dist_str + ndvi_cv + elev + BB + DD",-0.285274027274319,0.661658201178608,0.751808231090071
1301,"Sambar deer","SBR",1,"dist_str + ndvi_cv + elev + BB + DD",-0.32052568117337,0.647710533491077,0.725767421578926
1302,"Sambar deer","SBR",1,"dist_str + ndvi_cv + elev + BB + DD",-0.343803028566396,0.636022750260733,0.70906858281871
1303,"Sambar deer","SBR",1,"dist_str + ndvi_cv + elev + BB + DD",-0.388312020827286,0.651772612877603,0.678200698002896
1304,"Sambar deer","SBR",1,"dist_str + ndvi_cv + elev + BB + DD",-0.406918028463637,0.645570107511094,0.665698756834755
1305,"Sambar deer","SBR",1,"dist_str + ndvi_cv + elev + BB + DD",-0.401650536879824,0.653832534318571,0.669214570742923
1306,"Sambar deer","SBR",1,"dist_str + ndvi_cv + elev + BB + DD",-0.381460725853102,0.649812618726596,0.682863205669626
1307,"Sambar deer","SBR",1,"dist_str + ndvi_cv + elev + BB + DD",-0.367588334031885,0.662030079280429,0.692402161566691
1308,"Sambar deer","SBR",1,"dist_str + ndvi_cv + elev + BB + DD",-0.363302932789869,0.667106242337407,0.695375764356266
1309,"Sambar deer","SBR",1,"dist_str + ndvi_cv + elev + BB + DD",-0.317925616193113,0.661204988731168,0.72765691467093
1310,"Sambar deer","SBR",1,"dist_str + ndvi_cv + elev + BB + DD",-0.302833450607569,0.664120346634552,0.738722119928388
1311,"Sambar deer","SBR",1,"dist_str + ndvi_cv + elev + BB + DD",-0.300410603419994,0.66746635114851,0.740514100689679
1312,"Sambar deer","SBR",1,"dist_str + ndvi_cv + elev + BB + DD",-0.29891164189987,0.669502289483951,0.741624935110383
1313,"Sambar deer","SBR",1,"dist_str + ndvi_cv + elev + BB + DD",-0.278228043946032,0.668259934923616,0.757124145819273
1314,"Sambar deer","SBR",1,"dist_str + ndvi_cv + elev + BB + DD",-0.259633637899752,0.678223149899153,0.771334121654652
1315,"Sambar deer","SBR",1,"dist_str + ndvi_cv + elev + BB + DD",-0.238473803762411,0.684285238843278,0.787829334716414
1316,"Sambar deer","SBR",1,"dist_str + ndvi_cv + elev + BB + DD",-0.224457836628731,0.695569692327549,0.798949534975481
1317,"Sambar deer","SBR",1,"dist_str + ndvi_cv + elev + BB + DD",-0.215540913579862,0.70412436160926,0.806105292232865
1318,"Sambar deer","SBR",1,"dist_str + ndvi_cv + elev + BB + DD",-0.200807441809252,0.708532322539704,0.818069944754105
1319,"Sambar deer","SBR",1,"dist_str + ndvi_cv + elev + BB + DD",-0.184565452259419,0.710654975345843,0.831465562841182
1320,"Sambar deer","SBR",1,"dist_str + ndvi_cv + elev + BB + DD",-0.176191532187732,0.717075359383478,0.838457376503606
1321,"Sambar deer","SBR",1,"dist_str + ndvi_cv + elev + BB + DD",-0.162627231168763,0.729775440637865,0.849907948630308
1322,"Sambar deer","SBR",1,"dist_str + ndvi_cv + elev + BB + DD",-0.154658307223961,0.750671161406929,0.856707858392684
1323,"Sambar deer","SBR",1,"dist_str + ndvi_cv + elev + BB + DD",-0.183535728172302,0.749800145693064,0.83232214877536
1324,"Sambar deer","SBR",1,"dist_str + ndvi_cv + elev + BB + DD",-0.168619518721489,0.758640456298405,0.844830287093146
1325,"Sambar deer","SBR",1,"dist_str + ndvi_cv + elev + BB + DD",-0.151605169881841,0.775855352292099,0.859327503020182
1326,"Sambar deer","SBR",1,"dist_str + ndvi_cv + elev + BB + DD",-0.171661983433177,0.80095904931012,0.842263826984966
1327,"Sambar deer","SBR",1,"dist_str + ndvi_cv + elev + BB + DD",-0.159356029775255,0.821506351072212,0.852692761818534
1328,"Sambar deer","SBR",1,"dist_str + ndvi_cv + elev + BB + DD",-0.167302820807846,0.842935771748103,0.845943405983653
1329,"Sambar deer","SBR",1,"dist_str + ndvi_cv + elev + BB + DD",-0.167039878187604,0.855773144593585,0.846165876074716
1330,"Sambar deer","SBR",1,"dist_str + ndvi_cv + elev + BB + DD",-0.160158510690595,0.91684476200532,0.852008735229725
1331,"Sambar deer","SBR",1,"dist_str + ndvi_cv + elev + BB + DD",-0.170351716876676,1.02178841502986,0.843368142808815
1332,"Sambar deer","SBR",1,"dist_str + ndvi_cv + elev + BB + DD",-0.0939256293722748,0.922982330718082,0.910350481202154
1333,"Sambar deer","SBR",1,"dist_str + ndvi_cv + elev + BB + DD",-0.105455142168209,0.850552416495531,0.899915038838077
1334,"Sambar deer","SBR",1,"dist_str + ndvi_cv + elev + BB + DD",-0.102656005407765,0.791981818682811,0.902437376314735
1335,"Sambar deer","SBR",1,"dist_str + ndvi_cv + elev + BB + DD",-0.0958186458610362,0.767834986660141,0.90862879185673
1336,"Sambar deer","SBR",1,"dist_str + ndvi_cv + elev + BB + DD",-0.119745592470397,0.74865805589998,0.887146106344743
1337,"Sambar deer","SBR",1,"dist_str + ndvi_cv + elev + BB + DD",-0.12110926099355,0.735309455945729,0.885937157877913
1338,"Sambar deer","SBR",1,"dist_str + ndvi_cv + elev + BB + DD",-0.129001917880926,0.728554198610806,0.878972280271271
1339,"Sambar deer","SBR",1,"dist_str + ndvi_cv + elev + BB + DD",-0.153066338060114,0.714016287907599,0.858072904892247
1340,"Sambar deer","SBR",1,"dist_str + ndvi_cv + elev + BB + DD",-0.142480569935925,0.69615026064387,0.867204417397781
1341,"Sambar deer","SBR",1,"dist_str + ndvi_cv + elev + BB + DD",-0.155762269901241,0.67137264501525,0.855762626392738
1342,"Sambar deer","SBR",1,"dist_str + ndvi_cv + elev + BB + DD",-0.19006463256703,0.668415342799792,0.826905728819121
1343,"Sambar deer","SBR",1,"dist_str + ndvi_cv + elev + BB + DD",-0.211302271110432,0.665288994048364,0.809529351352481
1344,"Sambar deer","SBR",1,"dist_str + ndvi_cv + elev + BB + DD",-0.235207076421781,0.659193208808838,0.790407174349235
1345,"Sambar deer","SBR",1,"dist_str + ndvi_cv + elev + BB + DD",-0.241848415073231,0.656409613012713,0.785175189257783
1346,"Sambar deer","SBR",1,"dist_str + ndvi_cv + elev + BB + DD",-0.270360111707593,0.648896045355224,0.763104644160741
1347,"Sambar deer","SBR",1,"dist_str + ndvi_cv + elev + BB + DD",-0.307809955984698,0.651135765953684,0.735054998235651
1348,"Sambar deer","SBR",1,"dist_str + ndvi_cv + elev + BB + DD",-0.339156152321978,0.637456737127687,0.712371212660382
1349,"Sambar deer","SBR",1,"dist_str + ndvi_cv + elev + BB + DD",-0.344816687274825,0.646889612513185,0.708350203573941
1350,"Sambar deer","SBR",1,"dist_str + ndvi_cv + elev + BB + DD",-0.383588329004036,0.64250987038357,0.68141190646885
1351,"Sambar deer","SBR",1,"dist_str + ndvi_cv + elev + BB + DD",-0.396884323289254,0.638561599454373,0.672411809885704
1352,"Sambar deer","SBR",1,"dist_str + ndvi_cv + elev + BB + DD",-0.385481988795751,0.657679131326316,0.680122749351757
1353,"Sambar deer","SBR",1,"dist_str + ndvi_cv + elev + BB + DD",-0.386194933849765,0.652842256985044,0.67963802834417
1354,"Sambar deer","SBR",1,"dist_str + ndvi_cv + elev + BB + DD",-0.355709515251985,0.658987266290813,0.700676174624784
1355,"Sambar deer","SBR",1,"dist_str + ndvi_cv + elev + BB + DD",-0.337012158686536,0.658015798444119,0.713900161636757
1356,"Sambar deer","SBR",1,"dist_str + ndvi_cv + elev + BB + DD",-0.32784628582851,0.661143702366953,0.72047377015997
1357,"Sambar deer","SBR",1,"dist_str + ndvi_cv + elev + BB + DD",-0.301150378367721,0.658948985791788,0.739966489889643
1358,"Sambar deer","SBR",1,"dist_str + ndvi_cv + elev + BB + DD",-0.308677362707542,0.677749488940203,0.734417682480797
1359,"Sambar deer","SBR",1,"dist_str + ndvi_cv + elev + BB + DD",-0.296179900879077,0.669717709648053,0.743653632764858
1360,"Sambar deer","SBR",1,"dist_str + ndvi_cv + elev + BB + DD",-0.262616927140718,0.681992595211569,0.769036438966206
1361,"Sambar deer","SBR",1,"dist_str + ndvi_cv + elev + BB + DD",-0.242128207448232,0.683776152232217,0.784955648347772
1362,"Sambar deer","SBR",1,"dist_str + ndvi_cv + elev + BB + DD",-0.224383606690556,0.704037662369699,0.79900859136447
1363,"Sambar deer","SBR",1,"dist_str + ndvi_cv + elev + BB + DD",-0.194458810758391,0.699059067318572,0.823280102792083
1364,"Sambar deer","SBR",1,"dist_str + ndvi_cv + elev + BB + DD",-0.176601810562734,0.713431872188421,0.838113597035174
1365,"Sambar deer","SBR",1,"dist_str + ndvi_cv + elev + BB + DD",-0.181975980450866,0.707432494136582,0.833621369978239
1366,"Sambar deer","SBR",1,"dist_str + ndvi_cv + elev + BB + DD",-0.187783599780752,0.719314919551304,0.828794039516598
1367,"Sambar deer","SBR",1,"dist_str + ndvi_cv + elev + BB + DD",-0.175670930975219,0.728627484871624,0.8388939919538
1368,"Sambar deer","SBR",1,"dist_str + ndvi_cv + elev + BB + DD",-0.151983326152428,0.750884293467067,0.859002611641904
1369,"Sambar deer","SBR",1,"dist_str + ndvi_cv + elev + BB + DD",-0.164976886215633,0.747178657943408,0.847913313192665
1370,"Sambar deer","SBR",1,"dist_str + ndvi_cv + elev + BB + DD",-0.161742154969029,0.774681090390251,0.850660608776812
1371,"Sambar deer","SBR",1,"dist_str + ndvi_cv + elev + BB + DD",-0.160764416131462,0.781453570779669,0.851492759720441
1372,"Sambar deer","SBR",1,"dist_str + ndvi_cv + elev + BB + DD",-0.150002805228442,0.803946504855086,0.86070556908793
1373,"Sambar deer","SBR",1,"dist_str + ndvi_cv + elev + BB + DD",-0.159130285312695,0.816111505763795,0.852885298021693
1374,"Sambar deer","SBR",1,"dist_str + ndvi_cv + elev + BB + DD",-0.159851535873838,0.837359579463659,0.852270384708519
1375,"Sambar deer","SBR",1,"dist_str + ndvi_cv + elev + BB + DD",-0.14732738507014,0.863680796346178,0.863011413776624
1376,"Sambar deer","SBR",1,"dist_str + ndvi_cv + elev + BB + DD",-0.169308254597546,0.911196848587104,0.844248649877064
1377,"Sambar deer","SBR",1,"dist_str + ndvi_cv + elev + BB + DD",-0.180321422611994,1.01760347311858,0.83500179207437
1378,"Sambar deer","SBR",1,"dist_str + ndvi_cv + elev + BB + DD",-0.0728924611278337,0.875664773399871,0.929700803831584
1379,"Sambar deer","SBR",1,"dist_str + ndvi_cv + elev + BB + DD",-0.0960733416379436,0.801852244903209,0.908397391563923
1380,"Sambar deer","SBR",1,"dist_str + ndvi_cv + elev + BB + DD",-0.107782899710552,0.769179579663435,0.897822550705873
1381,"Sambar deer","SBR",1,"dist_str + ndvi_cv + elev + BB + DD",-0.115293397228215,0.74817685961747,0.89110469721158
1382,"Sambar deer","SBR",1,"dist_str + ndvi_cv + elev + BB + DD",-0.116000220916433,0.742394559656139,0.890475026582866
1383,"Sambar deer","SBR",1,"dist_str + ndvi_cv + elev + BB + DD",-0.138291915348424,0.725991912552487,0.870844491481006
1384,"Sambar deer","SBR",1,"dist_str + ndvi_cv + elev + BB + DD",-0.13587132417636,0.710474669221722,0.872954953510221
1385,"Sambar deer","SBR",1,"dist_str + ndvi_cv + elev + BB + DD",-0.150073978588156,0.697701191892006,0.86064433389443
1386,"Sambar deer","SBR",1,"dist_str + ndvi_cv + elev + BB + DD",-0.16460795545104,0.683417547721372,0.84822618461646
1387,"Sambar deer","SBR",1,"dist_str + ndvi_cv + elev + BB + DD",-0.178718337574794,0.668213548094432,0.836341432619714
1388,"Sambar deer","SBR",1,"dist_str + ndvi_cv + elev + BB + DD",-0.202083064264591,0.667735540494009,0.817027059919834
1389,"Sambar deer","SBR",1,"dist_str + ndvi_cv + elev + BB + DD",-0.225343690934077,0.66225942717272,0.798241853010854
1390,"Sambar deer","SBR",1,"dist_str + ndvi_cv + elev + BB + DD",-0.233099387756492,0.650113489089955,0.792074867389004
1391,"Sambar deer","SBR",1,"dist_str + ndvi_cv + elev + BB + DD",-0.260812899052464,0.656739796109507,0.770425079071168
1392,"Sambar deer","SBR",1,"dist_str + ndvi_cv + elev + BB + DD",-0.296970483868496,0.645554745167018,0.743065944566591
1393,"Sambar deer","SBR",1,"dist_str + ndvi_cv + elev + BB + DD",-0.32339185262751,0.650369650441116,0.723690219330571
1394,"Sambar deer","SBR",1,"dist_str + ndvi_cv + elev + BB + DD",-0.353437660286187,0.645724876458333,0.702269825576976
1395,"Sambar deer","SBR",1,"dist_str + ndvi_cv + elev + BB + DD",-0.375451960031634,0.633470710890691,0.686978767592418
1396,"Sambar deer","SBR",1,"dist_str + ndvi_cv + elev + BB + DD",-0.391930561523907,0.639666206508914,0.675751096646756
1397,"Sambar deer","SBR",1,"dist_str + ndvi_cv + elev + BB + DD",-0.401953586244378,0.635054558798835,0.669011850748704
1398,"Sambar deer","SBR",1,"dist_str + ndvi_cv + elev + BB + DD",-0.374551195682294,0.635730601396449,0.687597808072942
1399,"Sambar deer","SBR",1,"dist_str + ndvi_cv + elev + BB + DD",-0.369264652573512,0.64817267232112,0.691242504093187
1400,"Sambar deer","SBR",1,"dist_str + ndvi_cv + elev + BB + DD",-0.356380051841314,0.653616811898572,0.700206456324292
1401,"Sambar deer","SBR",1,"dist_str + ndvi_cv + elev + BB + DD",-0.336613907211985,0.664940500857874,0.714184531457763
1402,"Sambar deer","SBR",1,"dist_str + ndvi_cv + elev + BB + DD",-0.321031680802485,0.662911443772939,0.725400273993555
1403,"Sambar deer","SBR",1,"dist_str + ndvi_cv + elev + BB + DD",-0.314225344040973,0.650709552891969,0.730354449694903
1404,"Sambar deer","SBR",1,"dist_str + ndvi_cv + elev + BB + DD",-0.306781883872594,0.664970029133839,0.735811076886683
1405,"Sambar deer","SBR",1,"dist_str + ndvi_cv + elev + BB + DD",-0.290664880612892,0.673656745577254,0.747766250642469
1406,"Sambar deer","SBR",1,"dist_str + ndvi_cv + elev + BB + DD",-0.255438729660197,0.685304978047653,0.774576618002497
1407,"Sambar deer","SBR",1,"dist_str + ndvi_cv + elev + BB + DD",-0.223658494754088,0.688027012368849,0.799588151376235
1408,"Sambar deer","SBR",1,"dist_str + ndvi_cv + elev + BB + DD",-0.209564013423463,0.701773653998876,0.810937727498719
1409,"Sambar deer","SBR",1,"dist_str + ndvi_cv + elev + BB + DD",-0.191957074574915,0.703663680595907,0.825342295932312
1410,"Sambar deer","SBR",1,"dist_str + ndvi_cv + elev + BB + DD",-0.17702129946637,0.718349699620072,0.837761940706685
1411,"Sambar deer","SBR",1,"dist_str + ndvi_cv + elev + BB + DD",-0.168467336985411,0.728538208317067,0.844958862601716
1412,"Sambar deer","SBR",1,"dist_str + ndvi_cv + elev + BB + DD",-0.170189443724579,0.732926660237518,0.843505007237401
1413,"Sambar deer","SBR",1,"dist_str + ndvi_cv + elev + BB + DD",-0.150105455500252,0.743038564098151,0.860617215846547
1414,"Sambar deer","SBR",1,"dist_str + ndvi_cv + elev + BB + DD",-0.151354637529693,0.761174431385111,0.859542827032384
1415,"Sambar deer","SBR",1,"dist_str + ndvi_cv + elev + BB + DD",-0.176572526318884,0.765604907539007,0.838137990533948
1416,"Sambar deer","SBR",1,"dist_str + ndvi_cv + elev + BB + DD",-0.168813760036917,0.779259691127409,0.844666199609168
1417,"Sambar deer","SBR",1,"dist_str + ndvi_cv + elev + BB + DD",-0.171846725714036,0.797997190703703,0.842108237484204
1418,"Sambar deer","SBR",1,"dist_str + ndvi_cv + elev + BB + DD",-0.17579420034401,0.813305235130478,0.838790592969461
1419,"Sambar deer","SBR",1,"dist_str + ndvi_cv + elev + BB + DD",-0.163872381084874,0.835730746372365,0.848850389174894
1420,"Sambar deer","SBR",1,"dist_str + ndvi_cv + elev + BB + DD",-0.151935856390534,0.856705860617122,0.85904338537038
1421,"Sambar deer","SBR",1,"dist_str + ndvi_cv + elev + BB + DD",-0.159250462868891,0.921158073275641,0.852782769593191
1422,"Sambar deer","SBR",1,"dist_str + ndvi_cv + elev + BB + DD",-0.14612584149706,1.05645055116665,0.864048984489232
1423,"Sambar deer","SBR",1,"dist_str + ndvi_cv + elev + BB + DD",-0.0683267783558873,0.902409943968671,0.933955259483102
1424,"Sambar deer","SBR",1,"dist_str + ndvi_cv + elev + BB + DD",-0.0792759137614162,0.822409253402446,0.92378500542401
1425,"Sambar deer","SBR",1,"dist_str + ndvi_cv + elev + BB + DD",-0.0947160850248032,0.775629299450384,0.909631159970573
1426,"Sambar deer","SBR",1,"dist_str + ndvi_cv + elev + BB + DD",-0.105861611808358,0.755294037887337,0.899549126440622
1427,"Sambar deer","SBR",1,"dist_str + ndvi_cv + elev + BB + DD",-0.132644660059202,0.733635830002457,0.875776235249248
1428,"Sambar deer","SBR",1,"dist_str + ndvi_cv + elev + BB + DD",-0.114639292124215,0.729123836003087,0.891687735471902
1429,"Sambar deer","SBR",1,"dist_str + ndvi_cv + elev + BB + DD",-0.139721316575856,0.711822906624157,0.869600544962265
1430,"Sambar deer","SBR",1,"dist_str + ndvi_cv + elev + BB + DD",-0.154263182541376,0.692097169679643,0.857046445600638
1431,"Sambar deer","SBR",1,"dist_str + ndvi_cv + elev + BB + DD",-0.172120815351898,0.689172440449245,0.841877457876524
1432,"Sambar deer","SBR",1,"dist_str + ndvi_cv + elev + BB + DD",-0.168699700263416,0.671714421178137,0.844762558788763
1433,"Sambar deer","SBR",1,"dist_str + ndvi_cv + elev + BB + DD",-0.181498721302297,0.668867423779054,0.834019324485165
1434,"Sambar deer","SBR",1,"dist_str + ndvi_cv + elev + BB + DD",-0.230804054581,0.661913467972677,0.793895011475438
1435,"Sambar deer","SBR",1,"dist_str + ndvi_cv + elev + BB + DD",-0.228934037260166,0.660193650855317,0.795381001681219
1436,"Sambar deer","SBR",1,"dist_str + ndvi_cv + elev + BB + DD",-0.251027146170289,0.654959787122599,0.77800131349125
1437,"Sambar deer","SBR",1,"dist_str + ndvi_cv + elev + BB + DD",-0.275171037298589,0.647895042667738,0.759442219397986
1438,"Sambar deer","SBR",1,"dist_str + ndvi_cv + elev + BB + DD",-0.285037104577529,0.648550049967204,0.75198636046981
1439,"Sambar deer","SBR",1,"dist_str + ndvi_cv + elev + BB + DD",-0.340554501998822,0.643386733119308,0.711375754100909
1440,"Sambar deer","SBR",1,"dist_str + ndvi_cv + elev + BB + DD",-0.378796419800873,0.632624778888495,0.684684989410406
1441,"Sambar deer","SBR",1,"dist_str + ndvi_cv + elev + BB + DD",-0.403453186271352,0.620861220333977,0.668009298430957
1442,"Sambar deer","SBR",1,"dist_str + ndvi_cv + elev + BB + DD",-0.410715217305937,0.614888731904399,0.663175806209219
1443,"Sambar deer","SBR",1,"dist_str + ndvi_cv + elev + BB + DD",-0.407499246758002,0.626570071142831,0.665311953480341
1444,"Sambar deer","SBR",1,"dist_str + ndvi_cv + elev + BB + DD",-0.386461829641908,0.648362624702116,0.679456661284021
1445,"Sambar deer","SBR",1,"dist_str + ndvi_cv + elev + BB + DD",-0.343781271187595,0.648370011512595,0.709084008377173
1446,"Sambar deer","SBR",1,"dist_str + ndvi_cv + elev + BB + DD",-0.349777514986061,0.655802589411356,0.70484488970038
1447,"Sambar deer","SBR",1,"dist_str + ndvi_cv + elev + BB + DD",-0.344090383168934,0.658105083654752,0.70886486771929
1448,"Sambar deer","SBR",1,"dist_str + ndvi_cv + elev + BB + DD",-0.344743636595144,0.65502573904707,0.708401939069865
1449,"Sambar deer","SBR",1,"dist_str + ndvi_cv + elev + BB + DD",-0.348285792324611,0.654846973362146,0.705897107557336
1450,"Sambar deer","SBR",1,"dist_str + ndvi_cv + elev + BB + DD",-0.300599802187669,0.670968517731439,0.740374025832505
1451,"Sambar deer","SBR",1,"dist_str + ndvi_cv + elev + BB + DD",-0.254990900246601,0.666705781430209,0.774923552335447
1452,"Sambar deer","SBR",1,"dist_str + ndvi_cv + elev + BB + DD",-0.235871443773783,0.683166904990769,0.789882212772336
1453,"Sambar deer","SBR",1,"dist_str + ndvi_cv + elev + BB + DD",-0.205375941478706,0.689646145799701,0.814341250510346
1454,"Sambar deer","SBR",1,"dist_str + ndvi_cv + elev + BB + DD",-0.208178757024785,0.699268892664038,0.81206186272804
1455,"Sambar deer","SBR",1,"dist_str + ndvi_cv + elev + BB + DD",-0.168360296286838,0.714700160804029,0.845049313753975
1456,"Sambar deer","SBR",1,"dist_str + ndvi_cv + elev + BB + DD",-0.1718744002663,0.718942738188349,0.842084983422318
1457,"Sambar deer","SBR",1,"dist_str + ndvi_cv + elev + BB + DD",-0.166587514888334,0.739658130319427,0.846548728109569
1458,"Sambar deer","SBR",1,"dist_str + ndvi_cv + elev + BB + DD",-0.16529620716572,0.740355467024245,0.8476425892529
1459,"Sambar deer","SBR",1,"dist_str + ndvi_cv + elev + BB + DD",-0.159975265327687,0.744024212347995,0.852164884191054
1460,"Sambar deer","SBR",1,"dist_str + ndvi_cv + elev + BB + DD",-0.155634589730625,0.765087530375234,0.855871878790698
1461,"Sambar deer","SBR",1,"dist_str + ndvi_cv + elev + BB + DD",-0.146988786465256,0.777839052208127,0.863303658357482
1462,"Sambar deer","SBR",1,"dist_str + ndvi_cv + elev + BB + DD",-0.158716611330761,0.792328362438044,0.853238137917195
1463,"Sambar deer","SBR",1,"dist_str + ndvi_cv + elev + BB + DD",-0.14863232113532,0.818640613911133,0.861885959179536
1464,"Sambar deer","SBR",1,"dist_str + ndvi_cv + elev + BB + DD",-0.169147392239277,0.838098863343036,0.844384478564687
1465,"Sambar deer","SBR",1,"dist_str + ndvi_cv + elev + BB + DD",-0.163605260785501,0.856816962295269,0.84907714598875
1466,"Sambar deer","SBR",1,"dist_str + ndvi_cv + elev + BB + DD",-0.174889619648988,0.935851516954684,0.839549753641484
1467,"Sambar deer","SBR",1,"dist_str + ndvi_cv + elev + BB + DD",-0.0866044373414885,0.929127055553485,0.917039770684547
1468,"Sambar deer","SBR",1,"dist_str + ndvi_cv + elev + BB + DD",-0.100380935777176,0.827965036327644,0.90449282245716
1469,"Sambar deer","SBR",1,"dist_str + ndvi_cv + elev + BB + DD",-0.113823405287369,0.791195319183263,0.892415538136084
1470,"Sambar deer","SBR",1,"dist_str + ndvi_cv + elev + BB + DD",-0.0993357040978647,0.749667878498168,0.905438826480305
1471,"Sambar deer","SBR",1,"dist_str + ndvi_cv + elev + BB + DD",-0.107622567746977,0.740659033380597,0.897966463083569
1472,"Sambar deer","SBR",1,"dist_str + ndvi_cv + elev + BB + DD",-0.133740548083474,0.711219239207196,0.874817008118547
1473,"Sambar deer","SBR",1,"dist_str + ndvi_cv + elev + BB + DD",-0.137614459166171,0.703607952911259,0.871434607316778
1474,"Sambar deer","SBR",1,"dist_str + ndvi_cv + elev + BB + DD",-0.145508998135502,0.698915684208733,0.864582110489917
1475,"Sambar deer","SBR",1,"dist_str + ndvi_cv + elev + BB + DD",-0.152066296360975,0.681806908602013,0.858931339877447
1476,"Sambar deer","SBR",1,"dist_str + ndvi_cv + elev + BB + DD",-0.149018155964656,0.66953133618284,0.861553472893439
1477,"Sambar deer","SBR",1,"dist_str + ndvi_cv + elev + BB + DD",-0.19174661838315,0.664173561220001,0.82551601285731
1478,"Sambar deer","SBR",1,"dist_str + ndvi_cv + elev + BB + DD",-0.191635048040006,0.657689251243554,0.825608129062517
1479,"Sambar deer","SBR",1,"dist_str + ndvi_cv + elev + BB + DD",-0.231351041305377,0.648824247224439,0.793460887166229
1480,"Sambar deer","SBR",1,"dist_str + ndvi_cv + elev + BB + DD",-0.226881241346373,0.655599525044907,0.797015429149361
1481,"Sambar deer","SBR",1,"dist_str + ndvi_cv + elev + BB + DD",-0.271192551366876,0.653589614148145,0.762469670473037
1482,"Sambar deer","SBR",1,"dist_str + ndvi_cv + elev + BB + DD",-0.274268388347112,0.646579838831064,0.760128040205167
1483,"Sambar deer","SBR",1,"dist_str + ndvi_cv + elev + BB + DD",-0.308341026225118,0.643488700810855,0.734664739443992
1484,"Sambar deer","SBR",1,"dist_str + ndvi_cv + elev + BB + DD",-0.351460162052222,0.630620826578493,0.703659892016816
1485,"Sambar deer","SBR",1,"dist_str + ndvi_cv + elev + BB + DD",-0.445763645940473,0.577809878723915,0.640335100554274
1486,"Sambar deer","SBR",1,"dist_str + ndvi_cv + elev + BB + DD",-0.545782262799459,0.482358976167356,0.579388402998367
1487,"Sambar deer","SBR",1,"dist_str + ndvi_cv + elev + BB + DD",-0.397029643861415,0.616724765687005,0.672314098528884
1488,"Sambar deer","SBR",1,"dist_str + ndvi_cv + elev + BB + DD",-0.358440917985726,0.634664291161957,0.698764909143509
1489,"Sambar deer","SBR",1,"dist_str + ndvi_cv + elev + BB + DD",-0.323080619035603,0.646973118658128,0.723915500629356
1490,"Sambar deer","SBR",1,"dist_str + ndvi_cv + elev + BB + DD",-0.330881281576496,0.64772947455301,0.718290443232218
1491,"Sambar deer","SBR",1,"dist_str + ndvi_cv + elev + BB + DD",-0.356751526703051,0.66169934762476,0.699946402627887
1492,"Sambar deer","SBR",1,"dist_str + ndvi_cv + elev + BB + DD",-0.421213852182457,0.625161529585237,0.656249907154965
1493,"Sambar deer","SBR",1,"dist_str + ndvi_cv + elev + BB + DD",-0.401531354712128,0.640259340302794,0.669294333906929
1494,"Sambar deer","SBR",1,"dist_str + ndvi_cv + elev + BB + DD",-0.348744753457281,0.657517853599434,0.705573204453105
1495,"Sambar deer","SBR",1,"dist_str + ndvi_cv + elev + BB + DD",-0.258708162086523,0.667680055699174,0.772048303571236
1496,"Sambar deer","SBR",1,"dist_str + ndvi_cv + elev + BB + DD",-0.230726872559276,0.686387653608262,0.793956291180486
1497,"Sambar deer","SBR",1,"dist_str + ndvi_cv + elev + BB + DD",-0.17687251090029,0.684932440851198,0.837886599390916
1498,"Sambar deer","SBR",1,"dist_str + ndvi_cv + elev + BB + DD",-0.167378797917441,0.705812976652479,0.845879192469236
1499,"Sambar deer","SBR",1,"dist_str + ndvi_cv + elev + BB + DD",-0.163053423452525,0.708820431045826,0.849545801680529
1500,"Sambar deer","SBR",1,"dist_str + ndvi_cv + elev + BB + DD",-0.1512372158997,0.723778281484508,0.859643753692293
1501,"Sambar deer","SBR",1,"dist_str + ndvi_cv + elev + BB + DD",-0.16372585807801,0.72847971925991,0.848974729553576
1502,"Sambar deer","SBR",1,"dist_str + ndvi_cv + elev + BB + DD",-0.1615734881701,0.739793452383512,0.850804013292328
1503,"Sambar deer","SBR",1,"dist_str + ndvi_cv + elev + BB + DD",-0.145635264113982,0.746342983968026,0.864472957352049
1504,"Sambar deer","SBR",1,"dist_str + ndvi_cv + elev + BB + DD",-0.1463773773969,0.769468726108599,0.863831669476049
1505,"Sambar deer","SBR",1,"dist_str + ndvi_cv + elev + BB + DD",-0.15142661193345,0.776132869290967,0.85948095768448
1506,"Sambar deer","SBR",1,"dist_str + ndvi_cv + elev + BB + DD",-0.142923889290673,0.792672977358595,0.866820043631791
1507,"Sambar deer","SBR",1,"dist_str + ndvi_cv + elev + BB + DD",-0.152352118882375,0.806379436893046,0.858685867995379
1508,"Sambar deer","SBR",1,"dist_str + ndvi_cv + elev + BB + DD",-0.168238320523443,0.838982862977831,0.845152394667568
1509,"Sambar deer","SBR",1,"dist_str + ndvi_cv + elev + BB + DD",-0.147049281890023,0.877275791788079,0.86325143377381
1510,"Sambar deer","SBR",1,"dist_str + ndvi_cv + elev + BB + DD",-0.181610079643459,0.974218228946394,0.833926445539927
1511,"Sambar deer","SBR",1,"dist_str + ndvi_cv + elev + BB + DD",-0.0682971056746735,1.01609834703377,0.933982974225859
1512,"Sambar deer","SBR",1,"dist_str + ndvi_cv + elev + BB + DD",-0.104030844928,0.862211171230708,0.901197501718658
1513,"Sambar deer","SBR",1,"dist_str + ndvi_cv + elev + BB + DD",-0.0884614830670008,0.798047736630774,0.915338865177016
1514,"Sambar deer","SBR",1,"dist_str + ndvi_cv + elev + BB + DD",-0.0800160292536733,0.765074594651959,0.923101568189497
1515,"Sambar deer","SBR",1,"dist_str + ndvi_cv + elev + BB + DD",-0.0950712180935556,0.741420471456849,0.909308173347143
1516,"Sambar deer","SBR",1,"dist_str + ndvi_cv + elev + BB + DD",-0.111831661605442,0.721498719257336,0.894194778998291
1517,"Sambar deer","SBR",1,"dist_str + ndvi_cv + elev + BB + DD",-0.110091861535763,0.703058046019613,0.895751846451488
1518,"Sambar deer","SBR",1,"dist_str + ndvi_cv + elev + BB + DD",-0.136917370791043,0.690711717436198,0.872042339011123
1519,"Sambar deer","SBR",1,"dist_str + ndvi_cv + elev + BB + DD",-0.135606959815079,0.681854432442062,0.873186021162934
1520,"Sambar deer","SBR",1,"dist_str + ndvi_cv + elev + BB + DD",-0.15835640646001,0.670567786366434,0.853545522913256
1521,"Sambar deer","SBR",1,"dist_str + ndvi_cv + elev + BB + DD",-0.176182183239756,0.670985609485452,0.838465215122581
1522,"Sambar deer","SBR",1,"dist_str + ndvi_cv + elev + BB + DD",-0.203186195621555,0.664760382833786,0.816126268720222
1523,"Sambar deer","SBR",1,"dist_str + ndvi_cv + elev + BB + DD",-0.205169664886183,0.662800032387569,0.814509114881281
1524,"Sambar deer","SBR",1,"dist_str + ndvi_cv + elev + BB + DD",-0.224033682086885,0.655021807883495,0.799288267565187
1525,"Sambar deer","SBR",1,"dist_str + ndvi_cv + elev + BB + DD",-0.248438918577023,0.650852365369272,0.780017504015645
1526,"Sambar deer","SBR",1,"dist_str + ndvi_cv + elev + BB + DD",-0.265881983525057,0.647751290537571,0.766529589896707
1527,"Sambar deer","SBR",1,"dist_str + ndvi_cv + elev + BB + DD",-0.285987446146631,0.648587839234128,0.751272048097322
1528,"Sambar deer","SBR",1,"dist_str + ndvi_cv + elev + BB + DD",-0.331583135312265,0.625710210381465,0.717786481614893
1529,"Sambar deer","SBR",1,"dist_str + ndvi_cv + elev + BB + DD",-0.390046413085247,0.616297347537839,0.67702546215902
1530,"Sambar deer","SBR",1,"dist_str + ndvi_cv + elev + BB + DD",-0.360146546958116,0.610284379890754,0.697574091881036
1531,"Sambar deer","SBR",1,"dist_str + ndvi_cv + elev + BB + DD",-0.359441173778745,0.628600334554228,0.69806632003127
1532,"Sambar deer","SBR",1,"dist_str + ndvi_cv + elev + BB + DD",-0.308923394509482,0.641276147091926,0.734237014480188
1533,"Sambar deer","SBR",1,"dist_str + ndvi_cv + elev + BB + DD",-0.285529252558584,0.64703554320317,0.751616357020099
1534,"Sambar deer","SBR",1,"dist_str + ndvi_cv + elev + BB + DD",-0.287675594040717,0.648655153982338,0.750004872376122
1535,"Sambar deer","SBR",1,"dist_str + ndvi_cv + elev + BB + DD",-0.312546380432439,0.645747892700803,0.731581711882455
1536,"Sambar deer","SBR",1,"dist_str + ndvi_cv + elev + BB + DD",-0.395085226472373,0.635146953420822,0.673622652752046
1537,"Sambar deer","SBR",1,"dist_str + ndvi_cv + elev + BB + DD",-0.488604875765859,0.599019431810529,0.613481682201152
1538,"Sambar deer","SBR",1,"dist_str + ndvi_cv + elev + BB + DD",-0.306707643833353,0.654339370568992,0.73586572853051
1539,"Sambar deer","SBR",1,"dist_str + ndvi_cv + elev + BB + DD",-0.257638567732533,0.67213501133573,0.772874526022246
1540,"Sambar deer","SBR",1,"dist_str + ndvi_cv + elev + BB + DD",-0.210489681430602,0.676736607875163,0.810187422752105
1541,"Sambar deer","SBR",1,"dist_str + ndvi_cv + elev + BB + DD",-0.164299421564264,0.697743627556261,0.848487929546332
1542,"Sambar deer","SBR",1,"dist_str + ndvi_cv + elev + BB + DD",-0.169624325238103,0.701468706906362,0.843981833295468
1543,"Sambar deer","SBR",1,"dist_str + ndvi_cv + elev + BB + DD",-0.143909963676915,0.71871195485997,0.865965716229469
1544,"Sambar deer","SBR",1,"dist_str + ndvi_cv + elev + BB + DD",-0.154682314405267,0.717651264271307,0.856687387480476
1545,"Sambar deer","SBR",1,"dist_str + ndvi_cv + elev + BB + DD",-0.143096661054808,0.729682235502909,0.866670296011771
1546,"Sambar deer","SBR",1,"dist_str + ndvi_cv + elev + BB + DD",-0.136017606554807,0.731784646140727,0.872827283816141
1547,"Sambar deer","SBR",1,"dist_str + ndvi_cv + elev + BB + DD",-0.148952859850657,0.744361875871787,0.86160973036352
1548,"Sambar deer","SBR",1,"dist_str + ndvi_cv + elev + BB + DD",-0.147879963999313,0.76607931304802,0.862534644722128
1549,"Sambar deer","SBR",1,"dist_str + ndvi_cv + elev + BB + DD",-0.151737663282027,0.761883750321989,0.859213654591943
1550,"Sambar deer","SBR",1,"dist_str + ndvi_cv + elev + BB + DD",-0.145696583120265,0.799672155415884,0.864419983026382
1551,"Sambar deer","SBR",1,"dist_str + ndvi_cv + elev + BB + DD",-0.147496252438805,0.814743092831048,0.862865672275212
1552,"Sambar deer","SBR",1,"dist_str + ndvi_cv + elev + BB + DD",-0.152921407333433,0.841605658865925,0.858197175866684
1553,"Sambar deer","SBR",1,"dist_str + ndvi_cv + elev + BB + DD",-0.166155367105524,0.889689424895224,0.846914787345524
1554,"Sambar deer","SBR",1,"dist_str + ndvi_cv + elev + BB + DD",-0.175384516365879,0.980551358764515,0.839134308675481
1555,"Sambar deer","SBR",1,"dist_str + ndvi_cv + elev + BB + DD",-0.0651065895972511,0.923383191228741,0.936967587902608
1556,"Sambar deer","SBR",1,"dist_str + ndvi_cv + elev + BB + DD",-0.0851016155488219,0.826102824798741,0.918418954447203
1557,"Sambar deer","SBR",1,"dist_str + ndvi_cv + elev + BB + DD",-0.0896134207241529,0.774046792614745,0.914284560655693
1558,"Sambar deer","SBR",1,"dist_str + ndvi_cv + elev + BB + DD",-0.0875316438507358,0.740517420762019,0.916189899299497
1559,"Sambar deer","SBR",1,"dist_str + ndvi_cv + elev + BB + DD",-0.087522262688088,0.72217550653236,0.916198478866812
1560,"Sambar deer","SBR",1,"dist_str + ndvi_cv + elev + BB + DD",-0.0965366215363218,0.706777163693237,0.907976687454553
1561,"Sambar deer","SBR",1,"dist_str + ndvi_cv + elev + BB + DD",-0.113114325600557,0.688376787800243,0.893048569997528
1562,"Sambar deer","SBR",1,"dist_str + ndvi_cv + elev + BB + DD",-0.128935876181442,0.673109475989307,0.879030331328049
1563,"Sambar deer","SBR",1,"dist_str + ndvi_cv + elev + BB + DD",-0.156113061555356,0.678074179860649,0.855462465938392
1564,"Sambar deer","SBR",1,"dist_str + ndvi_cv + elev + BB + DD",-0.15526909955289,0.666142424237624,0.856184748198812
1565,"Sambar deer","SBR",1,"dist_str + ndvi_cv + elev + BB + DD",-0.189633446902548,0.659555158247656,0.827262314299492
1566,"Sambar deer","SBR",1,"dist_str + ndvi_cv + elev + BB + DD",-0.209687273042766,0.658533103863595,0.810837788530008
1567,"Sambar deer","SBR",1,"dist_str + ndvi_cv + elev + BB + DD",-0.210707596377818,0.644142334791535,0.810010882733595
1568,"Sambar deer","SBR",1,"dist_str + ndvi_cv + elev + BB + DD",-0.223720735883186,0.640528894135385,0.799538407967721
1569,"Sambar deer","SBR",1,"dist_str + ndvi_cv + elev + BB + DD",-0.251196783827032,0.635290086864942,0.7778692897071
1570,"Sambar deer","SBR",1,"dist_str + ndvi_cv + elev + BB + DD",-0.247417605329527,0.628585057920894,0.780814553120854
1571,"Sambar deer","SBR",1,"dist_str + ndvi_cv + elev + BB + DD",-0.2799031059802,0.626437918104407,0.755857028983132
1572,"Sambar deer","SBR",1,"dist_str + ndvi_cv + elev + BB + DD",-0.292716060530265,0.62406640028663,0.746234012690849
1573,"Sambar deer","SBR",1,"dist_str + ndvi_cv + elev + BB + DD",-0.311038902561726,0.622711459773613,0.732685379156348
1574,"Sambar deer","SBR",1,"dist_str + ndvi_cv + elev + BB + DD",-0.292869435283953,0.644395188157235,0.746119551242451
1575,"Sambar deer","SBR",1,"dist_str + ndvi_cv + elev + BB + DD",-0.263979774363144,0.635940744747661,0.767989085916628
1576,"Sambar deer","SBR",1,"dist_str + ndvi_cv + elev + BB + DD",-0.265144738416043,0.645589377555488,0.767094932829157
1577,"Sambar deer","SBR",1,"dist_str + ndvi_cv + elev + BB + DD",-0.257552061928331,0.653389302765177,0.772941387158412
1578,"Sambar deer","SBR",1,"dist_str + ndvi_cv + elev + BB + DD",-0.275800755696191,0.654342174701141,0.758964141925864
1579,"Sambar deer","SBR",1,"dist_str + ndvi_cv + elev + BB + DD",-0.299341177302648,0.6398002580276,0.74130645208168
1580,"Sambar deer","SBR",1,"dist_str + ndvi_cv + elev + BB + DD",-0.272454362474253,0.65589257171954,0.761508198572296
1581,"Sambar deer","SBR",1,"dist_str + ndvi_cv + elev + BB + DD",-0.269424809880415,0.655072956857036,0.763818709442237
1582,"Sambar deer","SBR",1,"dist_str + ndvi_cv + elev + BB + DD",-0.217136420483215,0.663880315323949,0.804820167859509
1583,"Sambar deer","SBR",1,"dist_str + ndvi_cv + elev + BB + DD",-0.196221530626623,0.684624977336936,0.821830154098942
1584,"Sambar deer","SBR",1,"dist_str + ndvi_cv + elev + BB + DD",-0.175104920339915,0.684855158149447,0.839368949658168
1585,"Sambar deer","SBR",1,"dist_str + ndvi_cv + elev + BB + DD",-0.14018208097263,0.693038493525944,0.869199961947152
1586,"Sambar deer","SBR",1,"dist_str + ndvi_cv + elev + BB + DD",-0.130975407665846,0.704868012933289,0.877239347505275
1587,"Sambar deer","SBR",1,"dist_str + ndvi_cv + elev + BB + DD",-0.144674239487737,0.708727089462596,0.865304159748771
1588,"Sambar deer","SBR",1,"dist_str + ndvi_cv + elev + BB + DD",-0.134068136474739,0.723555379751483,0.874530642196034
1589,"Sambar deer","SBR",1,"dist_str + ndvi_cv + elev + BB + DD",-0.127668533855944,0.729075348822313,0.880145084922039
1590,"Sambar deer","SBR",1,"dist_str + ndvi_cv + elev + BB + DD",-0.123957003443492,0.740835643781926,0.883417824133548
1591,"Sambar deer","SBR",1,"dist_str + ndvi_cv + elev + BB + DD",-0.131449268082755,0.74779044315975,0.876823769105728
1592,"Sambar deer","SBR",1,"dist_str + ndvi_cv + elev + BB + DD",-0.135822016775623,0.771379477430293,0.872998032515491
1593,"Sambar deer","SBR",1,"dist_str + ndvi_cv + elev + BB + DD",-0.131469721006381,0.800003763696664,0.876805852350015
1594,"Sambar deer","SBR",1,"dist_str + ndvi_cv + elev + BB + DD",-0.143339921539511,0.830869260747182,0.866459491534539
1595,"Sambar deer","SBR",1,"dist_str + ndvi_cv + elev + BB + DD",-0.167408946725465,0.877529902434635,0.845853641251135
1596,"Sambar deer","SBR",1,"dist_str + ndvi_cv + elev + BB + DD",-0.153952091802729,0.942717942769897,0.857313205009872
1597,"Sambar deer","SBR",1,"dist_str + ndvi_cv + elev + BB + DD",-0.161614235453201,1.0257113452055,0.850769338144204
1598,"Sambar deer","SBR",1,"dist_str + ndvi_cv + elev + BB + DD",-0.170804362362589,1.15982599081063,0.842986894697662
1599,"Sambar deer","SBR",1,"dist_str + ndvi_cv + elev + BB + DD",-0.0805703102312372,0.834731232460187,0.922590033786501
1600,"Sambar deer","SBR",1,"dist_str + ndvi_cv + elev + BB + DD",-0.0703753630626816,0.769607644029598,0.932043933761775
1601,"Sambar deer","SBR",1,"dist_str + ndvi_cv + elev + BB + DD",-0.079129870683627,0.742700658429471,0.92391993257057
1602,"Sambar deer","SBR",1,"dist_str + ndvi_cv + elev + BB + DD",-0.0841397211593125,0.721714964688586,0.919302801269814
1603,"Sambar deer","SBR",1,"dist_str + ndvi_cv + elev + BB + DD",-0.0752914731927593,0.710726339526699,0.927473114241846
1604,"Sambar deer","SBR",1,"dist_str + ndvi_cv + elev + BB + DD",-0.0962478298526412,0.692842498672663,0.908238900402594
1605,"Sambar deer","SBR",1,"dist_str + ndvi_cv + elev + BB + DD",-0.117119059870178,0.679089647298578,0.889479288100769
1606,"Sambar deer","SBR",1,"dist_str + ndvi_cv + elev + BB + DD",-0.141778836472731,0.66652323776546,0.867813167022887
1607,"Sambar deer","SBR",1,"dist_str + ndvi_cv + elev + BB + DD",-0.140762099173614,0.658540278766829,0.86869595279099
1608,"Sambar deer","SBR",1,"dist_str + ndvi_cv + elev + BB + DD",-0.170113013901564,0.653946849170808,0.843569481163318
1609,"Sambar deer","SBR",1,"dist_str + ndvi_cv + elev + BB + DD",-0.188487134664903,0.650918959633973,0.828211243705516
1610,"Sambar deer","SBR",1,"dist_str + ndvi_cv + elev + BB + DD",-0.202511836000807,0.639124723479083,0.816676820647379
1611,"Sambar deer","SBR",1,"dist_str + ndvi_cv + elev + BB + DD",-0.215253798616835,0.639352134489623,0.806336767117059
1612,"Sambar deer","SBR",1,"dist_str + ndvi_cv + elev + BB + DD",-0.232699057278794,0.643044273235934,0.79239202049319
1613,"Sambar deer","SBR",1,"dist_str + ndvi_cv + elev + BB + DD",-0.224437596481806,0.631829302864384,0.798965439548865
1614,"Sambar deer","SBR",1,"dist_str + ndvi_cv + elev + BB + DD",-0.244700686822752,0.627924095135679,0.782938847314203
1615,"Sambar deer","SBR",1,"dist_str + ndvi_cv + elev + BB + DD",-0.239839342173737,0.626399673976293,0.786754251135114
1616,"Sambar deer","SBR",1,"dist_str + ndvi_cv + elev + BB + DD",-0.239107036316494,0.62726651721309,0.787330618958314
1617,"Sambar deer","SBR",1,"dist_str + ndvi_cv + elev + BB + DD",-0.235107939076098,0.631465835487082,0.790485520759347
1618,"Sambar deer","SBR",1,"dist_str + ndvi_cv + elev + BB + DD",-0.21804223947046,0.642207224896162,0.804091477412897
1619,"Sambar deer","SBR",1,"dist_str + ndvi_cv + elev + BB + DD",-0.207791183605348,0.649351887779291,0.81237665929378
1620,"Sambar deer","SBR",1,"dist_str + ndvi_cv + elev + BB + DD",-0.193805672228435,0.648473869118093,0.82381797956763
1621,"Sambar deer","SBR",1,"dist_str + ndvi_cv + elev + BB + DD",-0.172791152277724,0.649552738903113,0.841313302904103
1622,"Sambar deer","SBR",1,"dist_str + ndvi_cv + elev + BB + DD",-0.177205737087979,0.657451082354588,0.837607441437815
1623,"Sambar deer","SBR",1,"dist_str + ndvi_cv + elev + BB + DD",-0.194045373445372,0.653055491351916,0.823620533647532
1624,"Sambar deer","SBR",1,"dist_str + ndvi_cv + elev + BB + DD",-0.184916738454594,0.658778385215573,0.83117348811293
1625,"Sambar deer","SBR",1,"dist_str + ndvi_cv + elev + BB + DD",-0.165001803382002,0.661156837956685,0.847892181810984
1626,"Sambar deer","SBR",1,"dist_str + ndvi_cv + elev + BB + DD",-0.145758281849089,0.686296028240034,0.864366619444332
1627,"Sambar deer","SBR",1,"dist_str + ndvi_cv + elev + BB + DD",-0.126933679894795,0.690387693844058,0.880792106931297
1628,"Sambar deer","SBR",1,"dist_str + ndvi_cv + elev + BB + DD",-0.115092354669656,0.691721015425062,0.891283828995011
1629,"Sambar deer","SBR",1,"dist_str + ndvi_cv + elev + BB + DD",-0.136595168987436,0.701002810381667,0.872323307410693
1630,"Sambar deer","SBR",1,"dist_str + ndvi_cv + elev + BB + DD",-0.12196820667793,0.713780203163288,0.885176510757932
1631,"Sambar deer","SBR",1,"dist_str + ndvi_cv + elev + BB + DD",-0.121818789392467,0.70536577991768,0.885308903198212
1632,"Sambar deer","SBR",1,"dist_str + ndvi_cv + elev + BB + DD",-0.109703610777527,0.72792843190946,0.896099701821716
1633,"Sambar deer","SBR",1,"dist_str + ndvi_cv + elev + BB + DD",-0.152738964873442,0.742518263936146,0.85835375546027
1634,"Sambar deer","SBR",1,"dist_str + ndvi_cv + elev + BB + DD",-0.123757334949998,0.750048486379545,0.883594234963885
1635,"Sambar deer","SBR",1,"dist_str + ndvi_cv + elev + BB + DD",-0.129006262362603,0.779339858138598,0.878968475565392
1636,"Sambar deer","SBR",1,"dist_str + ndvi_cv + elev + BB + DD",-0.14283833809662,0.829214921003479,0.866894225502473
1637,"Sambar deer","SBR",1,"dist_str + ndvi_cv + elev + BB + DD",-0.148654884365131,0.880280201059917,0.861866530547961
1638,"Sambar deer","SBR",1,"dist_str + ndvi_cv + elev + BB + DD",-0.163482736015932,0.962363505951987,0.849181174702318
1639,"Sambar deer","SBR",1,"dist_str + ndvi_cv + elev + BB + DD",-0.143757544596744,1.01949096108531,0.8660977200314
1640,"Sambar deer","SBR",1,"dist_str + ndvi_cv + elev + BB + DD",-0.153327215922602,1.08975967617821,0.857848974324911
1641,"Sambar deer","SBR",1,"dist_str + ndvi_cv + elev + BB + DD",-0.164834806210409,1.17956386935512,0.848033911072613
1642,"Sambar deer","SBR",1,"dist_str + ndvi_cv + elev + BB + DD",-0.0614605913130555,0.876517262525675,0.940390301450965
1643,"Sambar deer","SBR",1,"dist_str + ndvi_cv + elev + BB + DD",-0.0523297979346376,0.780341273977996,0.949015834617364
1644,"Sambar deer","SBR",1,"dist_str + ndvi_cv + elev + BB + DD",-0.0619902040159749,0.749271744611335,0.939892098633958
1645,"Sambar deer","SBR",1,"dist_str + ndvi_cv + elev + BB + DD",-0.0435665420601201,0.728929431018998,0.957368926806582
1646,"Sambar deer","SBR",1,"dist_str + ndvi_cv + elev + BB + DD",-0.0587266192043189,0.715639792032094,0.942964572756215
1647,"Sambar deer","SBR",1,"dist_str + ndvi_cv + elev + BB + DD",-0.0830760955790807,0.696102323810026,0.920281115804664
1648,"Sambar deer","SBR",1,"dist_str + ndvi_cv + elev + BB + DD",-0.102391495068276,0.681918410456981,0.902676093203144
1649,"Sambar deer","SBR",1,"dist_str + ndvi_cv + elev + BB + DD",-0.10400294134783,0.667173167858884,0.901222647753435
1650,"Sambar deer","SBR",1,"dist_str + ndvi_cv + elev + BB + DD",-0.140562352119407,0.657694077752155,0.868869488263347
1651,"Sambar deer","SBR",1,"dist_str + ndvi_cv + elev + BB + DD",-0.174367979658626,0.636400942908104,0.839987753233629
1652,"Sambar deer","SBR",1,"dist_str + ndvi_cv + elev + BB + DD",-0.181013983991589,0.630515502334184,0.834423690230574
1653,"Sambar deer","SBR",1,"dist_str + ndvi_cv + elev + BB + DD",-0.193419084965791,0.617242585739229,0.824136525688399
1654,"Sambar deer","SBR",1,"dist_str + ndvi_cv + elev + BB + DD",-0.217933893564599,0.613780594136804,0.804178612711521
1655,"Sambar deer","SBR",1,"dist_str + ndvi_cv + elev + BB + DD",-0.20693586413365,0.622732190449213,0.813071795794088
1656,"Sambar deer","SBR",1,"dist_str + ndvi_cv + elev + BB + DD",-0.200765549651492,0.632478120889161,0.818104214499191
1657,"Sambar deer","SBR",1,"dist_str + ndvi_cv + elev + BB + DD",-0.228745327356563,0.619649682471684,0.795531136791283
1658,"Sambar deer","SBR",1,"dist_str + ndvi_cv + elev + BB + DD",-0.213325158672315,0.619267445953215,0.807893404491049
1659,"Sambar deer","SBR",1,"dist_str + ndvi_cv + elev + BB + DD",-0.207141671127248,0.633184589311764,0.812904495826353
1660,"Sambar deer","SBR",1,"dist_str + ndvi_cv + elev + BB + DD",-0.173048532020648,0.635210954405275,0.841096795680496
1661,"Sambar deer","SBR",1,"dist_str + ndvi_cv + elev + BB + DD",-0.153853211867712,0.63925549559658,0.857397881362393
1662,"Sambar deer","SBR",1,"dist_str + ndvi_cv + elev + BB + DD",-0.132312311224885,0.643534317119392,0.876067347897492
1663,"Sambar deer","SBR",1,"dist_str + ndvi_cv + elev + BB + DD",-0.108100137280791,0.643702638858783,0.897537751895632
1664,"Sambar deer","SBR",1,"dist_str + ndvi_cv + elev + BB + DD",-0.101301323149815,0.6385468630271,0.903660704493521
1665,"Sambar deer","SBR",1,"dist_str + ndvi_cv + elev + BB + DD",-0.105993894784632,0.654585802190581,0.899430149216378
1666,"Sambar deer","SBR",1,"dist_str + ndvi_cv + elev + BB + DD",-0.106605155360228,0.657740983061325,0.898880521816241
1667,"Sambar deer","SBR",1,"dist_str + ndvi_cv + elev + BB + DD",-0.115685902953302,0.665397025413889,0.890754976635396
1668,"Sambar deer","SBR",1,"dist_str + ndvi_cv + elev + BB + DD",-0.129492121630637,0.677609890943804,0.878541527477336
1669,"Sambar deer","SBR",1,"dist_str + ndvi_cv + elev + BB + DD",-0.0995884722504341,0.677840231542779,0.905209861275742
1670,"Sambar deer","SBR",1,"dist_str + ndvi_cv + elev + BB + DD",-0.0845825351865976,0.687320300147253,0.918895816071659
1671,"Sambar deer","SBR",1,"dist_str + ndvi_cv + elev + BB + DD",-0.104605302758439,0.700599912859341,0.900679948496008
1672,"Sambar deer","SBR",1,"dist_str + ndvi_cv + elev + BB + DD",-0.0969562613557978,0.705176423056552,0.907595834028475
1673,"Sambar deer","SBR",1,"dist_str + ndvi_cv + elev + BB + DD",-0.0979633570529101,0.720972703168829,0.906682154980627
1674,"Sambar deer","SBR",1,"dist_str + ndvi_cv + elev + BB + DD",-0.105227418898774,0.720153092072288,0.900119808926233
1675,"Sambar deer","SBR",1,"dist_str + ndvi_cv + elev + BB + DD",-0.109369246403092,0.721130380062624,0.89639936551339
1676,"Sambar deer","SBR",1,"dist_str + ndvi_cv + elev + BB + DD",-0.1203871326986,0.737922209561522,0.886577154323978
1677,"Sambar deer","SBR",1,"dist_str + ndvi_cv + elev + BB + DD",-0.128915946522294,0.764604134838436,0.879047849609802
1678,"Sambar deer","SBR",1,"dist_str + ndvi_cv + elev + BB + DD",-0.125572034875633,0.783534963167476,0.881992228646179
1679,"Sambar deer","SBR",1,"dist_str + ndvi_cv + elev + BB + DD",-0.125086342284728,0.854608367285085,0.882420710443451
1680,"Sambar deer","SBR",1,"dist_str + ndvi_cv + elev + BB + DD",-0.159925463854788,1.23477407268978,0.852207313760105
1681,"Sambar deer","SBR",1,"dist_str + ndvi_cv + elev + BB + DD",-0.141469224266744,1.31575341752138,0.868082244326829
1682,"Sambar deer","SBR",1,"dist_str + ndvi_cv + elev + BB + DD",-0.0351081653734186,0.88693209151608,0.965500976863442
1683,"Sambar deer","SBR",1,"dist_str + ndvi_cv + elev + BB + DD",-0.0453979623515739,0.777504712191253,0.955617117349189
1684,"Sambar deer","SBR",1,"dist_str + ndvi_cv + elev + BB + DD",-0.0465671973327304,0.738882335724195,0.95450041995399
1685,"Sambar deer","SBR",1,"dist_str + ndvi_cv + elev + BB + DD",-0.0535109629257399,0.73991014267565,0.947895578299015
1686,"Sambar deer","SBR",1,"dist_str + ndvi_cv + elev + BB + DD",-0.0620669878987385,0.702765601990844,0.939819930123646
1687,"Sambar deer","SBR",1,"dist_str + ndvi_cv + elev + BB + DD",-0.0768949851086548,0.699513821266087,0.925987092907606
1688,"Sambar deer","SBR",1,"dist_str + ndvi_cv + elev + BB + DD",-0.0687522328052616,0.686047577595618,0.933557958090572
1689,"Sambar deer","SBR",1,"dist_str + ndvi_cv + elev + BB + DD",-0.0861293128790008,0.668634943271802,0.917475594033537
1690,"Sambar deer","SBR",1,"dist_str + ndvi_cv + elev + BB + DD",-0.0863466880087819,0.648883926126701,0.917276186371509
1691,"Sambar deer","SBR",1,"dist_str + ndvi_cv + elev + BB + DD",-0.141118091709303,0.630502524806744,0.868386769287866
1692,"Sambar deer","SBR",1,"dist_str + ndvi_cv + elev + BB + DD",-0.182451214190385,0.595051873402451,0.833225332599037
1693,"Sambar deer","SBR",1,"dist_str + ndvi_cv + elev + BB + DD",-0.206618843849302,0.546282122239578,0.813329609910851
1694,"Sambar deer","SBR",1,"dist_str + ndvi_cv + elev + BB + DD",-0.2037039742031,0.589720199917399,0.815703836264296
1695,"Sambar deer","SBR",1,"dist_str + ndvi_cv + elev + BB + DD",-0.185482125700663,0.624860985624158,0.830703683757717
1696,"Sambar deer","SBR",1,"dist_str + ndvi_cv + elev + BB + DD",-0.154581521124647,0.615024838131347,0.856773645913685
1697,"Sambar deer","SBR",1,"dist_str + ndvi_cv + elev + BB + DD",-0.187676599372514,0.602188288283747,0.828882725178409
1698,"Sambar deer","SBR",1,"dist_str + ndvi_cv + elev + BB + DD",-0.220992156103411,0.563387760131856,0.801722970740058
1699,"Sambar deer","SBR",1,"dist_str + ndvi_cv + elev + BB + DD",-0.156305691404817,0.598506509549396,0.855297693252177
1700,"Sambar deer","SBR",1,"dist_str + ndvi_cv + elev + BB + DD",-0.121546085095839,0.636709035133821,0.885550244059347
1701,"Sambar deer","SBR",1,"dist_str + ndvi_cv + elev + BB + DD",-0.0768168770922343,0.647866197476189,0.926059421694387
1702,"Sambar deer","SBR",1,"dist_str + ndvi_cv + elev + BB + DD",-0.0547125317978042,0.643486798287967,0.946757271454214
1703,"Sambar deer","SBR",1,"dist_str + ndvi_cv + elev + BB + DD",-0.0261822381750535,0.636768636199632,0.974157546715068
1704,"Sambar deer","SBR",1,"dist_str + ndvi_cv + elev + BB + DD",-0.013025902067301,0.611287942554202,0.987058594749447
1705,"Sambar deer","SBR",1,"dist_str + ndvi_cv + elev + BB + DD",-0.0168796658618799,0.62597318529015,0.983262001896422
1706,"Sambar deer","SBR",1,"dist_str + ndvi_cv + elev + BB + DD",-0.0414172790278142,0.649080224999519,0.959428697178092
1707,"Sambar deer","SBR",1,"dist_str + ndvi_cv + elev + BB + DD",-0.0534099020552968,0.665106835038091,0.947991351904819
1708,"Sambar deer","SBR",1,"dist_str + ndvi_cv + elev + BB + DD",-0.0586179806647035,0.674698967215296,0.943066973452888
1709,"Sambar deer","SBR",1,"dist_str + ndvi_cv + elev + BB + DD",-0.0591146373539683,0.688472774555473,0.942598707993543
1710,"Sambar deer","SBR",1,"dist_str + ndvi_cv + elev + BB + DD",-0.0555434256024223,0.700012551907636,0.945970965832572
1711,"Sambar deer","SBR",1,"dist_str + ndvi_cv + elev + BB + DD",-0.0859090909471173,0.691233860716086,0.917677653303545
1712,"Sambar deer","SBR",1,"dist_str + ndvi_cv + elev + BB + DD",-0.101238506739606,0.701406921324357,0.903717466857567
1713,"Sambar deer","SBR",1,"dist_str + ndvi_cv + elev + BB + DD",-0.109867967400567,0.706961644085302,0.895952463341094
1714,"Sambar deer","SBR",1,"dist_str + ndvi_cv + elev + BB + DD",-0.106339434597014,0.714402930704873,0.899119406818034
1715,"Sambar deer","SBR",1,"dist_str + ndvi_cv + elev + BB + DD",-0.089416119590614,0.738992067126669,0.914464972605165
1716,"Sambar deer","SBR",1,"dist_str + ndvi_cv + elev + BB + DD",-0.103596709018438,0.741631155682362,0.901588956294993
1717,"Sambar deer","SBR",1,"dist_str + ndvi_cv + elev + BB + DD",-0.0881967882840079,0.762753036544321,0.915580792903421
1718,"Sambar deer","SBR",1,"dist_str + ndvi_cv + elev + BB + DD",-0.137129718718562,0.797466038462512,0.871857124096166
1719,"Sambar deer","SBR",1,"dist_str + ndvi_cv + elev + BB + DD",-0.126322360862548,0.89952365715259,0.881330715959449
1720,"Sambar deer","SBR",1,"dist_str + ndvi_cv + elev + BB + DD",-0.0144725643352536,0.855103285539636,0.985631820445676
1721,"Sambar deer","SBR",1,"dist_str + ndvi_cv + elev + BB + DD",-0.0172862258667237,0.784268714223466,0.982862325691189
1722,"Sambar deer","SBR",1,"dist_str + ndvi_cv + elev + BB + DD",-0.0273224043051556,0.74427003862929,0.97304749022737
1723,"Sambar deer","SBR",1,"dist_str + ndvi_cv + elev + BB + DD",-0.0380101994783692,0.71988062234974,0.962703139624642
1724,"Sambar deer","SBR",1,"dist_str + ndvi_cv + elev + BB + DD",-0.0269087895261189,0.71050482075133,0.973450027252344
1725,"Sambar deer","SBR",1,"dist_str + ndvi_cv + elev + BB + DD",-0.0487624090684247,0.6963959126191,0.952407513530614
1726,"Sambar deer","SBR",1,"dist_str + ndvi_cv + elev + BB + DD",-0.0527651956901965,0.678618942851048,0.948602724471574
1727,"Sambar deer","SBR",1,"dist_str + ndvi_cv + elev + BB + DD",-0.0610692636900368,0.672390289523084,0.940758085751958
1728,"Sambar deer","SBR",1,"dist_str + ndvi_cv + elev + BB + DD",-0.0780218073754398,0.658379625778088,0.924944278400433
1729,"Sambar deer","SBR",1,"dist_str + ndvi_cv + elev + BB + DD",-0.10778196988826,0.620651798076501,0.897823371708935
1730,"Sambar deer","SBR",1,"dist_str + ndvi_cv + elev + BB + DD",-0.155761212323077,0.594005570846472,0.855763512669006
1731,"Sambar deer","SBR",1,"dist_str + ndvi_cv + elev + BB + DD",-0.316307339767197,0.373438538105166,0.728835416207337
1732,"Sambar deer","SBR",1,"dist_str + ndvi_cv + elev + BB + DD",-0.148403166402572,0.601854455517573,0.862083482391424
1733,"Sambar deer","SBR",1,"dist_str + ndvi_cv + elev + BB + DD",-0.114165818878379,0.613309238085385,0.892110015102846
1734,"Sambar deer","SBR",1,"dist_str + ndvi_cv + elev + BB + DD",-0.0963023773486481,0.619610255039404,0.908189359289983
1735,"Sambar deer","SBR",1,"dist_str + ndvi_cv + elev + BB + DD",-0.132369327770813,0.605433313313867,0.876017398209035
1736,"Sambar deer","SBR",1,"dist_str + ndvi_cv + elev + BB + DD",-0.180765889192527,0.53365105354464,0.834630732354253
1737,"Sambar deer","SBR",1,"dist_str + ndvi_cv + elev + BB + DD",-0.115712982149962,0.593997711060565,0.890730848735699
1738,"Sambar deer","SBR",1,"dist_str + ndvi_cv + elev + BB + DD",-0.029569640242706,0.627615776169658,0.970863266821473
1739,"Sambar deer","SBR",1,"dist_str + ndvi_cv + elev + BB + DD",-0.00695053868663022,0.646449643567916,0.993073627347253
1740,"Sambar deer","SBR",1,"dist_str + ndvi_cv + elev + BB + DD",0.0222847861996528,0.639598412560137,1.02253495884611
1741,"Sambar deer","SBR",1,"dist_str + ndvi_cv + elev + BB + DD",0.0424946475508294,0.635697451720409,1.04341047406568
1742,"Sambar deer","SBR",1,"dist_str + ndvi_cv + elev + BB + DD",0.0745092078046084,0.579642288825671,1.07735526355602
1743,"Sambar deer","SBR",1,"dist_str + ndvi_cv + elev + BB + DD",0.0594290396607978,0.615751341950746,1.06123045309151
1744,"Sambar deer","SBR",1,"dist_str + ndvi_cv + elev + BB + DD",0.0265213937520092,0.654578363735287,1.02687621595248
1745,"Sambar deer","SBR",1,"dist_str + ndvi_cv + elev + BB + DD",0.0190510912265238,0.659888856728667,1.01923372204446
1746,"Sambar deer","SBR",1,"dist_str + ndvi_cv + elev + BB + DD",0.00642224375187207,0.674595728967936,1.00644294695247
1747,"Sambar deer","SBR",1,"dist_str + ndvi_cv + elev + BB + DD",-0.0233988907664048,0.683578155074984,0.976872789128645
1748,"Sambar deer","SBR",1,"dist_str + ndvi_cv + elev + BB + DD",-0.0374740305844039,0.685254424229197,0.96321943289703
1749,"Sambar deer","SBR",1,"dist_str + ndvi_cv + elev + BB + DD",-0.0562779016340292,0.693307618529829,0.945276421056698
1750,"Sambar deer","SBR",1,"dist_str + ndvi_cv + elev + BB + DD",-0.0700479589329517,0.693356823214045,0.932349303232136
1751,"Sambar deer","SBR",1,"dist_str + ndvi_cv + elev + BB + DD",-0.0916680792020863,0.710128819372802,0.912407950596528
1752,"Sambar deer","SBR",1,"dist_str + ndvi_cv + elev + BB + DD",-0.107320576423491,0.718989949979169,0.898237681084558
1753,"Sambar deer","SBR",1,"dist_str + ndvi_cv + elev + BB + DD",-0.102062698075302,0.733698427811578,0.902972952629981
1754,"Sambar deer","SBR",1,"dist_str + ndvi_cv + elev + BB + DD",-0.0935227869635956,0.75002315267784,0.910717269640986
1755,"Sambar deer","SBR",1,"dist_str + ndvi_cv + elev + BB + DD",-0.122536137624439,0.773311658013553,0.884673936814706
1756,"Sambar deer","SBR",1,"dist_str + ndvi_cv + elev + BB + DD",-0.100589344914722,0.812767845599376,0.904304331684679
1757,"Sambar deer","SBR",1,"dist_str + ndvi_cv + elev + BB + DD",-0.131150733755562,0.923479518075901,0.87708556892895
1758,"Sambar deer","SBR",1,"dist_str + ndvi_cv + elev + BB + DD",-0.0324282751290146,1.01743293331144,0.968091922734632
1759,"Sambar deer","SBR",1,"dist_str + ndvi_cv + elev + BB + DD",-0.00455870432279189,0.865257249339139,0.995451701126131
1760,"Sambar deer","SBR",1,"dist_str + ndvi_cv + elev + BB + DD",-0.0243450647071129,0.795296840601163,0.975948895769647
1761,"Sambar deer","SBR",1,"dist_str + ndvi_cv + elev + BB + DD",-0.0284287238910467,0.760308312998832,0.971971570148322
1762,"Sambar deer","SBR",1,"dist_str + ndvi_cv + elev + BB + DD",-0.0221712522821931,0.723872549317131,0.978072769017385
1763,"Sambar deer","SBR",1,"dist_str + ndvi_cv + elev + BB + DD",-0.00877431461809871,0.708320819123934,0.991264191642746
1764,"Sambar deer","SBR",1,"dist_str + ndvi_cv + elev + BB + DD",-0.0171813276072592,0.685934648802574,0.982965436213481
1765,"Sambar deer","SBR",1,"dist_str + ndvi_cv + elev + BB + DD",-0.0235326684624622,0.69604242922907,0.976742099266759
1766,"Sambar deer","SBR",1,"dist_str + ndvi_cv + elev + BB + DD",-0.0258960390381953,0.663637567087947,0.974436389565566
1767,"Sambar deer","SBR",1,"dist_str + ndvi_cv + elev + BB + DD",-0.030409963779009,0.658357122541111,0.970047768986967
1768,"Sambar deer","SBR",1,"dist_str + ndvi_cv + elev + BB + DD",-0.0581000310907395,0.634103517791638,0.943555736482159
1769,"Sambar deer","SBR",1,"dist_str + ndvi_cv + elev + BB + DD",-0.0940312172900824,0.604918651449512,0.910254346914959
1770,"Sambar deer","SBR",1,"dist_str + ndvi_cv + elev + BB + DD",-0.0789870430083986,0.5912113174478,0.92405190045715
1771,"Sambar deer","SBR",1,"dist_str + ndvi_cv + elev + BB + DD",-0.0754978564876365,0.594409821030557,0.927281719399767
1772,"Sambar deer","SBR",1,"dist_str + ndvi_cv + elev + BB + DD",-0.0399588927857792,0.610783487170302,0.960828935994972
1773,"Sambar deer","SBR",1,"dist_str + ndvi_cv + elev + BB + DD",-0.0352798522876616,0.620235853749611,0.96533522758513
1774,"Sambar deer","SBR",1,"dist_str + ndvi_cv + elev + BB + DD",-0.0172427784258215,0.622392814956545,0.982905027535632
1775,"Sambar deer","SBR",1,"dist_str + ndvi_cv + elev + BB + DD",-0.0156781136583812,0.619519244102026,0.984444149566916
1776,"Sambar deer","SBR",1,"dist_str + ndvi_cv + elev + BB + DD",0.00809729673583886,0.629694498641988,1.00813026955996
1777,"Sambar deer","SBR",1,"dist_str + ndvi_cv + elev + BB + DD",0.0644415288704588,0.638537701038977,1.06656339764735
1778,"Sambar deer","SBR",1,"dist_str + ndvi_cv + elev + BB + DD",0.0934634471919841,0.6355730407183,1.09797068290018
1779,"Sambar deer","SBR",1,"dist_str + ndvi_cv + elev + BB + DD",0.0998850303129888,0.634647273835666,1.10504386631654
1780,"Sambar deer","SBR",1,"dist_str + ndvi_cv + elev + BB + DD",0.145081627918403,0.650568925069772,1.15613399529508
1781,"Sambar deer","SBR",1,"dist_str + ndvi_cv + elev + BB + DD",0.130294933820564,0.629585542631393,1.13916431244262
1782,"Sambar deer","SBR",1,"dist_str + ndvi_cv + elev + BB + DD",0.130782948919989,0.634268549790646,1.1397203843349
1783,"Sambar deer","SBR",1,"dist_str + ndvi_cv + elev + BB + DD",0.103407941923171,0.657879902884998,1.10894370160015
1784,"Sambar deer","SBR",1,"dist_str + ndvi_cv + elev + BB + DD",0.0614590133894664,0.662246808944797,1.06338703552512
1785,"Sambar deer","SBR",1,"dist_str + ndvi_cv + elev + BB + DD",0.0455768779125372,0.669667835393833,1.04663148376281
1786,"Sambar deer","SBR",1,"dist_str + ndvi_cv + elev + BB + DD",0.0195581581153717,0.688791186360872,1.01975067280412
1787,"Sambar deer","SBR",1,"dist_str + ndvi_cv + elev + BB + DD",0.00372727298570672,0.689939649594137,1.00373425535015
1788,"Sambar deer","SBR",1,"dist_str + ndvi_cv + elev + BB + DD",-0.0431200866732168,0.684166145864443,0.957796368018178
1789,"Sambar deer","SBR",1,"dist_str + ndvi_cv + elev + BB + DD",-0.0587211621557607,0.700800550960524,0.942969670702743
1790,"Sambar deer","SBR",1,"dist_str + ndvi_cv + elev + BB + DD",-0.0739390660730756,0.706583522196104,0.928728287783192
1791,"Sambar deer","SBR",1,"dist_str + ndvi_cv + elev + BB + DD",-0.0807786389199198,0.721892041032064,0.922397873813625
1792,"Sambar deer","SBR",1,"dist_str + ndvi_cv + elev + BB + DD",-0.0802017091610235,0.736767484295249,0.922930164518365
1793,"Sambar deer","SBR",1,"dist_str + ndvi_cv + elev + BB + DD",-0.091452107746992,0.75039803973142,0.912605037413431
1794,"Sambar deer","SBR",1,"dist_str + ndvi_cv + elev + BB + DD",-0.115275701279605,0.792516281992798,0.891120458370577
1795,"Sambar deer","SBR",1,"dist_str + ndvi_cv + elev + BB + DD",-0.127692095271265,0.823026342064131,0.88012434633722
1796,"Sambar deer","SBR",1,"dist_str + ndvi_cv + elev + BB + DD",-0.134178066312682,0.916625862424559,0.874434349114076
1797,"Sambar deer","SBR",1,"dist_str + ndvi_cv + elev + BB + DD",-0.0215622059315278,0.968104302593324,0.978668598729591
1798,"Sambar deer","SBR",1,"dist_str + ndvi_cv + elev + BB + DD",-0.0205394707370858,0.851793792928032,0.979670089737164
1799,"Sambar deer","SBR",1,"dist_str + ndvi_cv + elev + BB + DD",-0.00845588633453574,0.801298588349367,0.991579796543707
1800,"Sambar deer","SBR",1,"dist_str + ndvi_cv + elev + BB + DD",-0.00801101603298392,0.760435918751825,0.992020991081053
1801,"Sambar deer","SBR",1,"dist_str + ndvi_cv + elev + BB + DD",0.00103052262066072,0.725291512502983,1.0010310694242
1802,"Sambar deer","SBR",1,"dist_str + ndvi_cv + elev + BB + DD",0.00498662793324943,0.70809397865172,1.0049990902678
1803,"Sambar deer","SBR",1,"dist_str + ndvi_cv + elev + BB + DD",0.0154542114425173,0.698542790556789,1.01557425240618
1804,"Sambar deer","SBR",1,"dist_str + ndvi_cv + elev + BB + DD",0.00744350819170783,0.695170751103314,1.00747129073298
1805,"Sambar deer","SBR",1,"dist_str + ndvi_cv + elev + BB + DD",0.0125160712179212,0.673454185092611,1.01259485002199
1806,"Sambar deer","SBR",1,"dist_str + ndvi_cv + elev + BB + DD",0.0276706234577347,0.656347372848852,1.02805703165261
1807,"Sambar deer","SBR",1,"dist_str + ndvi_cv + elev + BB + DD",0.0193387931802961,0.635407136786938,1.01952703903452
1808,"Sambar deer","SBR",1,"dist_str + ndvi_cv + elev + BB + DD",0.019715680729645,0.626425819635354,1.01991131843835
1809,"Sambar deer","SBR",1,"dist_str + ndvi_cv + elev + BB + DD",0.0299811920627183,0.611507401990112,1.03043515350304
1810,"Sambar deer","SBR",1,"dist_str + ndvi_cv + elev + BB + DD",0.031792722069474,0.61131591296161,1.0323035622375
1811,"Sambar deer","SBR",1,"dist_str + ndvi_cv + elev + BB + DD",0.0642282898569537,0.620397557708732,1.06633581764645
1812,"Sambar deer","SBR",1,"dist_str + ndvi_cv + elev + BB + DD",0.0728581092605877,0.621076705416394,1.07557791157208
1813,"Sambar deer","SBR",1,"dist_str + ndvi_cv + elev + BB + DD",0.0819561481214863,0.628935698124643,1.08540821166194
1814,"Sambar deer","SBR",1,"dist_str + ndvi_cv + elev + BB + DD",0.10698934824884,0.630869870052375,1.11292246134265
1815,"Sambar deer","SBR",1,"dist_str + ndvi_cv + elev + BB + DD",0.138228268867455,0.642024815177674,1.14823762743132
1816,"Sambar deer","SBR",1,"dist_str + ndvi_cv + elev + BB + DD",0.164961404093807,0.648520736919869,1.17934759995268
1817,"Sambar deer","SBR",1,"dist_str + ndvi_cv + elev + BB + DD",0.188874255246007,0.651994004574396,1.20788906511279
1818,"Sambar deer","SBR",1,"dist_str + ndvi_cv + elev + BB + DD",0.204435861923479,0.64744983863689,1.22683279338065
1819,"Sambar deer","SBR",1,"dist_str + ndvi_cv + elev + BB + DD",0.224353871235338,0.646167448523373,1.25151381602277
1820,"Sambar deer","SBR",1,"dist_str + ndvi_cv + elev + BB + DD",0.248689394244251,0.644334469505021,1.28234366939512
1821,"Sambar deer","SBR",1,"dist_str + ndvi_cv + elev + BB + DD",0.211809489229591,0.657330226574047,1.23591240876934
1822,"Sambar deer","SBR",1,"dist_str + ndvi_cv + elev + BB + DD",0.182168121344668,0.648933916555674,1.19981589423611
1823,"Sambar deer","SBR",1,"dist_str + ndvi_cv + elev + BB + DD",0.142821599864282,0.664929819265787,1.15352399905652
1824,"Sambar deer","SBR",1,"dist_str + ndvi_cv + elev + BB + DD",0.0888110384727603,0.665996374788331,1.09287412673093
1825,"Sambar deer","SBR",1,"dist_str + ndvi_cv + elev + BB + DD",0.0546914952949323,0.673040513388875,1.05621471732794
1826,"Sambar deer","SBR",1,"dist_str + ndvi_cv + elev + BB + DD",0.0233043782612284,0.691792999055639,1.02357805655584
1827,"Sambar deer","SBR",1,"dist_str + ndvi_cv + elev + BB + DD",-0.0109691719611313,0.690571682296186,0.98909077519895
1828,"Sambar deer","SBR",1,"dist_str + ndvi_cv + elev + BB + DD",-0.0485104227421436,0.694940919019569,0.952647605569169
1829,"Sambar deer","SBR",1,"dist_str + ndvi_cv + elev + BB + DD",-0.0643438853468933,0.705497466824078,0.937682488905744
1830,"Sambar deer","SBR",1,"dist_str + ndvi_cv + elev + BB + DD",-0.0711327119273028,0.732395286170825,0.931338291541498
1831,"Sambar deer","SBR",1,"dist_str + ndvi_cv + elev + BB + DD",-0.0867680644269746,0.741590717091781,0.91688973332102
1832,"Sambar deer","SBR",1,"dist_str + ndvi_cv + elev + BB + DD",-0.112136693940469,0.759806617666351,0.89392210366665
1833,"Sambar deer","SBR",1,"dist_str + ndvi_cv + elev + BB + DD",-0.0938096262408277,0.793557280949354,0.910456153497459
1834,"Sambar deer","SBR",1,"dist_str + ndvi_cv + elev + BB + DD",-0.130668139193597,0.850423525563834,0.877508936935124
1835,"Sambar deer","SBR",1,"dist_str + ndvi_cv + elev + BB + DD",-0.135063237127327,0.941543097736566,0.873660729370382
1836,"Sambar deer","SBR",1,"dist_str + ndvi_cv + elev + BB + DD",-0.138872247935123,1.07332243198378,0.87033920988264
1837,"Sambar deer","SBR",1,"dist_str + ndvi_cv + elev + BB + DD",-0.000760292992974137,0.963450128701825,0.99923999623664
1838,"Sambar deer","SBR",1,"dist_str + ndvi_cv + elev + BB + DD",-0.0146781520908005,0.853609817157551,0.985429156185095
1839,"Sambar deer","SBR",1,"dist_str + ndvi_cv + elev + BB + DD",0.000236626696542524,0.808730774731274,1.00023680928588
1840,"Sambar deer","SBR",1,"dist_str + ndvi_cv + elev + BB + DD",0.0011242041221398,0.761466625199949,1.00112483631073
1841,"Sambar deer","SBR",1,"dist_str + ndvi_cv + elev + BB + DD",0.0128594971197551,0.738092929479718,1.01294259729601
1842,"Sambar deer","SBR",1,"dist_str + ndvi_cv + elev + BB + DD",0.0259850927735575,0.71714802108286,1.02632570964103
1843,"Sambar deer","SBR",1,"dist_str + ndvi_cv + elev + BB + DD",0.0381145342457825,0.700447847053969,1.0388502113971
1844,"Sambar deer","SBR",1,"dist_str + ndvi_cv + elev + BB + DD",0.0445305823733232,0.691172383038332,1.04553695348307
1845,"Sambar deer","SBR",1,"dist_str + ndvi_cv + elev + BB + DD",0.0466997186366127,0.676086588902316,1.04780733152922
1846,"Sambar deer","SBR",1,"dist_str + ndvi_cv + elev + BB + DD",0.0661959522166346,0.660278426510068,1.06843606002771
1847,"Sambar deer","SBR",1,"dist_str + ndvi_cv + elev + BB + DD",0.0898796933425335,0.64822540445385,1.09404265686666
1848,"Sambar deer","SBR",1,"dist_str + ndvi_cv + elev + BB + DD",0.115997995477103,0.618469469729388,1.12299364322564
1849,"Sambar deer","SBR",1,"dist_str + ndvi_cv + elev + BB + DD",0.139056644228798,0.624510421568299,1.14918936512364
1850,"Sambar deer","SBR",1,"dist_str + ndvi_cv + elev + BB + DD",0.132923717584001,0.614723412335313,1.14216292917273
1851,"Sambar deer","SBR",1,"dist_str + ndvi_cv + elev + BB + DD",0.14318941693413,0.625812341023609,1.15394836121218
1852,"Sambar deer","SBR",1,"dist_str + ndvi_cv + elev + BB + DD",0.163868872067337,0.632173313933279,1.17805983135223
1853,"Sambar deer","SBR",1,"dist_str + ndvi_cv + elev + BB + DD",0.196195260643945,0.636839721636245,1.21676446835474
1854,"Sambar deer","SBR",1,"dist_str + ndvi_cv + elev + BB + DD",0.225055907665688,0.635652176695091,1.25239274029961
1855,"Sambar deer","SBR",1,"dist_str + ndvi_cv + elev + BB + DD",0.261996981814859,0.636695916597312,1.29952262031574
1856,"Sambar deer","SBR",1,"dist_str + ndvi_cv + elev + BB + DD",0.281790295170409,0.650090960839014,1.32550072704027
1857,"Sambar deer","SBR",1,"dist_str + ndvi_cv + elev + BB + DD",0.291384889995484,0.649814704896458,1.33827972568244
1858,"Sambar deer","SBR",1,"dist_str + ndvi_cv + elev + BB + DD",0.299739148177624,0.64789874267048,1.34950690218825
1859,"Sambar deer","SBR",1,"dist_str + ndvi_cv + elev + BB + DD",0.357075793817877,0.634690158868504,1.42914421913158
1860,"Sambar deer","SBR",1,"dist_str + ndvi_cv + elev + BB + DD",0.354654839378663,0.63886469043958,1.42568847890075
1861,"Sambar deer","SBR",1,"dist_str + ndvi_cv + elev + BB + DD",0.308902820685014,0.630309957479694,1.36193012968894
1862,"Sambar deer","SBR",1,"dist_str + ndvi_cv + elev + BB + DD",0.258556939674446,0.650826937978404,1.29505990073279
1863,"Sambar deer","SBR",1,"dist_str + ndvi_cv + elev + BB + DD",0.198817388120705,0.664826736575119,1.21995918252357
1864,"Sambar deer","SBR",1,"dist_str + ndvi_cv + elev + BB + DD",0.121673346086975,0.677085271503315,1.12938512354539
1865,"Sambar deer","SBR",1,"dist_str + ndvi_cv + elev + BB + DD",0.0762349920377303,0.680662011082536,1.07921615157306
1866,"Sambar deer","SBR",1,"dist_str + ndvi_cv + elev + BB + DD",0.0161577986686441,0.675355994132927,1.01628904181291
1867,"Sambar deer","SBR",1,"dist_str + ndvi_cv + elev + BB + DD",-0.00855152449255542,0.690202376114009,0.991484951149336
1868,"Sambar deer","SBR",1,"dist_str + ndvi_cv + elev + BB + DD",-0.0399081967175815,0.696138477522809,0.960877651354895
1869,"Sambar deer","SBR",1,"dist_str + ndvi_cv + elev + BB + DD",-0.0526803515184104,0.703086000009798,0.948683209177282
1870,"Sambar deer","SBR",1,"dist_str + ndvi_cv + elev + BB + DD",-0.087881618390863,0.723502896639642,0.915869292604844
1871,"Sambar deer","SBR",1,"dist_str + ndvi_cv + elev + BB + DD",-0.0757011364460315,0.726305111932251,0.927093255306818
1872,"Sambar deer","SBR",1,"dist_str + ndvi_cv + elev + BB + DD",-0.113735064985624,0.761337939228315,0.892494379828005
1873,"Sambar deer","SBR",1,"dist_str + ndvi_cv + elev + BB + DD",-0.124588262721956,0.8130029932401,0.882860347554305
1874,"Sambar deer","SBR",1,"dist_str + ndvi_cv + elev + BB + DD",-0.122748722688795,0.87474337312089,0.884485890121339
1875,"Sambar deer","SBR",1,"dist_str + ndvi_cv + elev + BB + DD",-0.139130332528277,0.998680396572677,0.870114660079955
1876,"Sambar deer","SBR",1,"dist_str + ndvi_cv + elev + BB + DD",-0.135058212669449,1.09217902889866,0.873665053072528
1877,"Sambar deer","SBR",1,"dist_str + ndvi_cv + elev + BB + DD",-0.143033690055833,1.27159208234567,0.866724895948547
1878,"Sambar deer","SBR",1,"dist_str + ndvi_cv + elev + BB + DD",0.0107101268254194,1.01590958026284,1.01076768559769
1879,"Sambar deer","SBR",1,"dist_str + ndvi_cv + elev + BB + DD",0.00455174564904083,0.864375949394378,1.0045621232586
1880,"Sambar deer","SBR",1,"dist_str + ndvi_cv + elev + BB + DD",0.0129889182252832,0.797992188403867,1.01307364281592
1881,"Sambar deer","SBR",1,"dist_str + ndvi_cv + elev + BB + DD",0.0277585305719702,0.768359667249447,1.02814739731002
1882,"Sambar deer","SBR",1,"dist_str + ndvi_cv + elev + BB + DD",0.0115813505204181,0.739909549415626,1.01164867501451
1883,"Sambar deer","SBR",1,"dist_str + ndvi_cv + elev + BB + DD",0.0444575849937378,0.720128044922314,1.04546065973688
1884,"Sambar deer","SBR",1,"dist_str + ndvi_cv + elev + BB + DD",0.0450573869977522,0.687458662309439,1.04608789277203
1885,"Sambar deer","SBR",1,"dist_str + ndvi_cv + elev + BB + DD",0.0513440837831304,0.688272356134544,1.05268506344969
1886,"Sambar deer","SBR",1,"dist_str + ndvi_cv + elev + BB + DD",0.08542261983053,0.656470660004646,1.08917733088467
1887,"Sambar deer","SBR",1,"dist_str + ndvi_cv + elev + BB + DD",0.125875873966623,0.657693692741017,1.13414138393773
1888,"Sambar deer","SBR",1,"dist_str + ndvi_cv + elev + BB + DD",0.162102963854599,0.637597311955166,1.17598131924318
1889,"Sambar deer","SBR",1,"dist_str + ndvi_cv + elev + BB + DD",0.21959139493361,0.60631366701888,1.24556768531463
1890,"Sambar deer","SBR",1,"dist_str + ndvi_cv + elev + BB + DD",0.236719596082482,0.598957442244682,1.26708577654291
1891,"Sambar deer","SBR",1,"dist_str + ndvi_cv + elev + BB + DD",0.231442377896471,0.607957807931319,1.2604167236481
1892,"Sambar deer","SBR",1,"dist_str + ndvi_cv + elev + BB + DD",0.222665989412138,0.622169149185048,1.24940319898599
1893,"Sambar deer","SBR",1,"dist_str + ndvi_cv + elev + BB + DD",0.260085115423645,0.625941830338418,1.29704051316294
1894,"Sambar deer","SBR",1,"dist_str + ndvi_cv + elev + BB + DD",0.281652773387042,0.631200261499222,1.32531848756987
1895,"Sambar deer","SBR",1,"dist_str + ndvi_cv + elev + BB + DD",0.36577588857035,0.628352739677768,1.44163212631088
1896,"Sambar deer","SBR",1,"dist_str + ndvi_cv + elev + BB + DD",0.393773679302428,0.631904949329551,1.48256497604827
1897,"Sambar deer","SBR",1,"dist_str + ndvi_cv + elev + BB + DD",0.412724637861438,0.651630772587703,1.510928978598
1898,"Sambar deer","SBR",1,"dist_str + ndvi_cv + elev + BB + DD",0.387513567768492,0.655001772609229,1.47331294532889
1899,"Sambar deer","SBR",1,"dist_str + ndvi_cv + elev + BB + DD",0.421783993592246,0.638706815301711,1.52467920193702
1900,"Sambar deer","SBR",1,"dist_str + ndvi_cv + elev + BB + DD",0.486486541016667,0.628887483086372,1.62659121413395
1901,"Sambar deer","SBR",1,"dist_str + ndvi_cv + elev + BB + DD",0.498131535254095,0.616874526022255,1.64564357185609
1902,"Sambar deer","SBR",1,"dist_str + ndvi_cv + elev + BB + DD",0.440545962965245,0.625299565742896,1.55355517066235
1903,"Sambar deer","SBR",1,"dist_str + ndvi_cv + elev + BB + DD",0.352314938146166,0.638819170472365,1.42235641781954
1904,"Sambar deer","SBR",1,"dist_str + ndvi_cv + elev + BB + DD",0.24607150594005,0.655316143281179,1.27899103511219
1905,"Sambar deer","SBR",1,"dist_str + ndvi_cv + elev + BB + DD",0.153733309016013,0.666504212117605,1.16617986820326
1906,"Sambar deer","SBR",1,"dist_str + ndvi_cv + elev + BB + DD",0.0735059028464041,0.67068203900952,1.07627488973991
1907,"Sambar deer","SBR",1,"dist_str + ndvi_cv + elev + BB + DD",0.0332634958478067,0.685223113456535,1.03382291151373
1908,"Sambar deer","SBR",1,"dist_str + ndvi_cv + elev + BB + DD",-0.0110739096006158,0.686676576618406,0.988987192916404
1909,"Sambar deer","SBR",1,"dist_str + ndvi_cv + elev + BB + DD",-0.0314667913491032,0.694314955238628,0.969023186663262
1910,"Sambar deer","SBR",1,"dist_str + ndvi_cv + elev + BB + DD",-0.0601160587570738,0.704701667316886,0.941655239906714
1911,"Sambar deer","SBR",1,"dist_str + ndvi_cv + elev + BB + DD",-0.0744788463272747,0.717118224903989,0.928227110779051
1912,"Sambar deer","SBR",1,"dist_str + ndvi_cv + elev + BB + DD",-0.0939725564043867,0.727507124818387,0.910307751801531
1913,"Sambar deer","SBR",1,"dist_str + ndvi_cv + elev + BB + DD",-0.103700231866504,0.758516200673399,0.901495627723224
1914,"Sambar deer","SBR",1,"dist_str + ndvi_cv + elev + BB + DD",-0.102363471389648,0.836487573397249,0.902701391053097
1915,"Sambar deer","SBR",1,"dist_str + ndvi_cv + elev + BB + DD",-0.113451993653914,1.14041347392014,0.892747202568035
1916,"Sambar deer","SBR",1,"dist_str + ndvi_cv + elev + BB + DD",-0.133720710839408,1.188138460579,0.874834367903171
1917,"Sambar deer","SBR",1,"dist_str + ndvi_cv + elev + BB + DD",0.0203169361755865,0.890319296157116,1.02052473856831
1918,"Sambar deer","SBR",1,"dist_str + ndvi_cv + elev + BB + DD",0.00529087930717844,0.818689195128819,1.00530490142148
1919,"Sambar deer","SBR",1,"dist_str + ndvi_cv + elev + BB + DD",0.0146871256391952,0.776209958800199,1.01479559242558
1920,"Sambar deer","SBR",1,"dist_str + ndvi_cv + elev + BB + DD",0.0500968534861788,0.753709729960461,1.05137292061596
1921,"Sambar deer","SBR",1,"dist_str + ndvi_cv + elev + BB + DD",0.029817722821207,0.732035225540758,1.03026681520579
1922,"Sambar deer","SBR",1,"dist_str + ndvi_cv + elev + BB + DD",0.0649754434253787,0.710063856041843,1.06713282187689
1923,"Sambar deer","SBR",1,"dist_str + ndvi_cv + elev + BB + DD",0.0856752323055004,0.685695397548471,1.08945245190317
1924,"Sambar deer","SBR",1,"dist_str + ndvi_cv + elev + BB + DD",0.122383431288784,0.671705789759627,1.13018744920471
1925,"Sambar deer","SBR",1,"dist_str + ndvi_cv + elev + BB + DD",0.167213287321114,0.654819906714672,1.1820063812252
1926,"Sambar deer","SBR",1,"dist_str + ndvi_cv + elev + BB + DD",0.229614396913318,0.624825072987395,1.25811479417377
1927,"Sambar deer","SBR",1,"dist_str + ndvi_cv + elev + BB + DD",0.345474845789838,0.582056167772525,1.41266055765643
1928,"Sambar deer","SBR",1,"dist_str + ndvi_cv + elev + BB + DD",0.464184957848029,0.525369744128344,1.59071715984032
1929,"Sambar deer","SBR",1,"dist_str + ndvi_cv + elev + BB + DD",0.327385078611777,0.599488163745231,1.38733560841949
1930,"Sambar deer","SBR",1,"dist_str + ndvi_cv + elev + BB + DD",0.300871049045963,0.623079380320309,1.35103511314396
1931,"Sambar deer","SBR",1,"dist_str + ndvi_cv + elev + BB + DD",0.301662104989792,0.638070607134739,1.3521042808895
1932,"Sambar deer","SBR",1,"dist_str + ndvi_cv + elev + BB + DD",0.361377604188318,0.638096437675981,1.43530542347042
1933,"Sambar deer","SBR",1,"dist_str + ndvi_cv + elev + BB + DD",0.474549602581954,0.622885598828797,1.60729016239676
1934,"Sambar deer","SBR",1,"dist_str + ndvi_cv + elev + BB + DD",0.660923370947661,0.579378938157331,1.93657969323532
1935,"Sambar deer","SBR",1,"dist_str + ndvi_cv + elev + BB + DD",0.479211766151307,0.635246316659598,1.61480106412086
1936,"Sambar deer","SBR",1,"dist_str + ndvi_cv + elev + BB + DD",0.450649347603081,0.647335101746486,1.56933091395675
1937,"Sambar deer","SBR",1,"dist_str + ndvi_cv + elev + BB + DD",0.490554065782688,0.647008802560405,1.63322090795847
1938,"Sambar deer","SBR",1,"dist_str + ndvi_cv + elev + BB + DD",0.595249599774757,0.618152820613329,1.81348353568341
1939,"Sambar deer","SBR",1,"dist_str + ndvi_cv + elev + BB + DD",0.809073711569549,0.562865365798268,2.24582674008375
1940,"Sambar deer","SBR",1,"dist_str + ndvi_cv + elev + BB + DD",0.58868495648868,0.598415904842563,1.8016176532367
1941,"Sambar deer","SBR",1,"dist_str + ndvi_cv + elev + BB + DD",0.409636543691013,0.632379163567168,1.50627023756163
1942,"Sambar deer","SBR",1,"dist_str + ndvi_cv + elev + BB + DD",0.281252022294595,0.643630108303975,1.32478744319564
1943,"Sambar deer","SBR",1,"dist_str + ndvi_cv + elev + BB + DD",0.171654243033707,0.670094261988217,1.18726726142181
1944,"Sambar deer","SBR",1,"dist_str + ndvi_cv + elev + BB + DD",0.101766013687685,0.67122527856067,1.10712439327661
1945,"Sambar deer","SBR",1,"dist_str + ndvi_cv + elev + BB + DD",0.0495311999163291,0.676237795996288,1.05077837717121
1946,"Sambar deer","SBR",1,"dist_str + ndvi_cv + elev + BB + DD",-0.00489889261582799,0.68640308290439,0.995113090217646
1947,"Sambar deer","SBR",1,"dist_str + ndvi_cv + elev + BB + DD",-0.0395763337649207,0.688972200495995,0.961196579559924
1948,"Sambar deer","SBR",1,"dist_str + ndvi_cv + elev + BB + DD",-0.0788461908562873,0.702606656157981,0.92418212029156
1949,"Sambar deer","SBR",1,"dist_str + ndvi_cv + elev + BB + DD",-0.0832093555659298,0.718234523478407,0.920158486807912
1950,"Sambar deer","SBR",1,"dist_str + ndvi_cv + elev + BB + DD",-0.128008952416774,0.733540934573732,0.879845502498462
1951,"Sambar deer","SBR",1,"dist_str + ndvi_cv + elev + BB + DD",-0.117104478127322,0.763716773747906,0.889492255849489
1952,"Sambar deer","SBR",1,"dist_str + ndvi_cv + elev + BB + DD",-0.109169750901882,0.880637728519264,0.896578211788685
1953,"Sambar deer","SBR",1,"dist_str + ndvi_cv + elev + BB + DD",0.00271088247022677,0.973988631588622,1.00271465693005
1954,"Sambar deer","SBR",1,"dist_str + ndvi_cv + elev + BB + DD",0.00861432099478382,0.83376279502167,1.00865155140253
1955,"Sambar deer","SBR",1,"dist_str + ndvi_cv + elev + BB + DD",0.0340029913569972,0.785818221812918,1.0345877833284
1956,"Sambar deer","SBR",1,"dist_str + ndvi_cv + elev + BB + DD",0.0541227095943532,0.757291025297338,1.05561412916134
1957,"Sambar deer","SBR",1,"dist_str + ndvi_cv + elev + BB + DD",0.0512453750783757,0.731540572316853,1.0525811393938
1958,"Sambar deer","SBR",1,"dist_str + ndvi_cv + elev + BB + DD",0.0633961416422444,0.697922494180526,1.06544884673288
1959,"Sambar deer","SBR",1,"dist_str + ndvi_cv + elev + BB + DD",0.0855796392235462,0.702172743626059,1.08934831301364
1960,"Sambar deer","SBR",1,"dist_str + ndvi_cv + elev + BB + DD",0.121983299060168,0.686237962800091,1.12973537817498
1961,"Sambar deer","SBR",1,"dist_str + ndvi_cv + elev + BB + DD",0.161881449372513,0.660010538122313,1.17572085523942
1962,"Sambar deer","SBR",1,"dist_str + ndvi_cv + elev + BB + DD",0.253859457651628,0.620165700725625,1.28899064076413
1963,"Sambar deer","SBR",1,"dist_str + ndvi_cv + elev + BB + DD",0.377195993573269,0.597613028482663,1.45819007873827
1964,"Sambar deer","SBR",1,"dist_str + ndvi_cv + elev + BB + DD",0.506023156989548,0.536923234731871,1.65868174662404
1965,"Sambar deer","SBR",1,"dist_str + ndvi_cv + elev + BB + DD",0.33095456283192,0.616274326129972,1.39229655542095
1966,"Sambar deer","SBR",1,"dist_str + ndvi_cv + elev + BB + DD",0.287078402206844,0.630179288347011,1.3325286931297
1967,"Sambar deer","SBR",1,"dist_str + ndvi_cv + elev + BB + DD",0.315656710929337,0.634778653570507,1.37115947780333
1968,"Sambar deer","SBR",1,"dist_str + ndvi_cv + elev + BB + DD",0.369200403998173,0.632294538728222,1.44657747513264
1969,"Sambar deer","SBR",1,"dist_str + ndvi_cv + elev + BB + DD",0.516869672137335,0.625317373072191,1.67677059496484
1970,"Sambar deer","SBR",1,"dist_str + ndvi_cv + elev + BB + DD",0.614530924748941,0.610210187742711,1.84878917523695
1971,"Sambar deer","SBR",1,"dist_str + ndvi_cv + elev + BB + DD",0.490461399629776,0.633888094968263,1.63306957875805
1972,"Sambar deer","SBR",1,"dist_str + ndvi_cv + elev + BB + DD",0.476231690565342,0.636078469376563,1.60999616842277
1973,"Sambar deer","SBR",1,"dist_str + ndvi_cv + elev + BB + DD",0.513320446734266,0.637009908714098,1.67082990895793
1974,"Sambar deer","SBR",1,"dist_str + ndvi_cv + elev + BB + DD",0.608042132839909,0.61159112830309,1.83683161678529
1975,"Sambar deer","SBR",1,"dist_str + ndvi_cv + elev + BB + DD",0.881630253736371,0.553348061109422,2.41483329645514
1976,"Sambar deer","SBR",1,"dist_str + ndvi_cv + elev + BB + DD",0.636381113862414,0.605956545101415,1.8896301380513
1977,"Sambar deer","SBR",1,"dist_str + ndvi_cv + elev + BB + DD",0.404974926999482,0.627062895927282,1.49926516901771
1978,"Sambar deer","SBR",1,"dist_str + ndvi_cv + elev + BB + DD",0.288883060660362,0.650887545987402,1.33493562791608
1979,"Sambar deer","SBR",1,"dist_str + ndvi_cv + elev + BB + DD",0.173889012033846,0.657488232754467,1.18992349591225
1980,"Sambar deer","SBR",1,"dist_str + ndvi_cv + elev + BB + DD",0.0765672239369086,0.670692419798962,1.07957476541072
1981,"Sambar deer","SBR",1,"dist_str + ndvi_cv + elev + BB + DD",0.0117775732379525,0.667029070708279,1.01184720915908
1982,"Sambar deer","SBR",1,"dist_str + ndvi_cv + elev + BB + DD",-0.0316528712882709,0.665911555275966,0.968842837783845
1983,"Sambar deer","SBR",1,"dist_str + ndvi_cv + elev + BB + DD",-0.0676656017671874,0.687517618923138,0.93457294094581
1984,"Sambar deer","SBR",1,"dist_str + ndvi_cv + elev + BB + DD",-0.0869702922351883,0.701915972076299,0.916704332813694
1985,"Sambar deer","SBR",1,"dist_str + ndvi_cv + elev + BB + DD",-0.104606473092124,0.713058533299655,0.900678894701745
1986,"Sambar deer","SBR",1,"dist_str + ndvi_cv + elev + BB + DD",-0.117591972564703,0.734377568978913,0.889058739432654
1987,"Sambar deer","SBR",1,"dist_str + ndvi_cv + elev + BB + DD",-0.135057554551201,0.77595065639413,0.87366562694461
1988,"Sambar deer","SBR",1,"dist_str + ndvi_cv + elev + BB + DD",-0.144006793457994,0.856423032556121,0.86588186571186
1989,"Sambar deer","SBR",1,"dist_str + ndvi_cv + elev + BB + DD",0.0289750820276778,0.846247897769658,1.02939894381537
1990,"Sambar deer","SBR",1,"dist_str + ndvi_cv + elev + BB + DD",0.0458715351391485,0.774050655138024,1.04693990909058
1991,"Sambar deer","SBR",1,"dist_str + ndvi_cv + elev + BB + DD",0.0493510766068014,0.755135593543049,1.05058912684866
1992,"Sambar deer","SBR",1,"dist_str + ndvi_cv + elev + BB + DD",0.0710908961046454,0.723759612778904,1.07367882734472
1993,"Sambar deer","SBR",1,"dist_str + ndvi_cv + elev + BB + DD",0.0642667724688378,0.717959515985878,1.06637693060372
1994,"Sambar deer","SBR",1,"dist_str + ndvi_cv + elev + BB + DD",0.0968594334241623,0.693796987298106,1.10170552600144
1995,"Sambar deer","SBR",1,"dist_str + ndvi_cv + elev + BB + DD",0.114995447205237,0.681600302091276,1.12186841480504
1996,"Sambar deer","SBR",1,"dist_str + ndvi_cv + elev + BB + DD",0.147351559604429,0.658222034914904,1.15876134850404
1997,"Sambar deer","SBR",1,"dist_str + ndvi_cv + elev + BB + DD",0.203892340460644,0.634037459915025,1.22616618318864
1998,"Sambar deer","SBR",1,"dist_str + ndvi_cv + elev + BB + DD",0.257636366444067,0.617628838623975,1.29386826923351
1999,"Sambar deer","SBR",1,"dist_str + ndvi_cv + elev + BB + DD",0.275707938380937,0.607711471887377,1.31746305139505
2000,"Sambar deer","SBR",1,"dist_str + ndvi_cv + elev + BB + DD",0.287502113702259,0.630946599553643,1.3330934685708
2001,"Sambar deer","SBR",1,"dist_str + ndvi_cv + elev + BB + DD",0.261804367066542,0.630092554905311,1.2992723388626
2002,"Sambar deer","SBR",1,"dist_str + ndvi_cv + elev + BB + DD",0.293461404972087,0.6422492222609,1.34106143481791
2003,"Sambar deer","SBR",1,"dist_str + ndvi_cv + elev + BB + DD",0.353401362173625,0.647409665717892,1.42390253072984
2004,"Sambar deer","SBR",1,"dist_str + ndvi_cv + elev + BB + DD",0.398988660566778,0.632969041381689,1.49031671919241
2005,"Sambar deer","SBR",1,"dist_str + ndvi_cv + elev + BB + DD",0.420887299187065,0.633274982352264,1.52331261593105
2006,"Sambar deer","SBR",1,"dist_str + ndvi_cv + elev + BB + DD",0.436076287495095,0.636494933053956,1.54662682574008
2007,"Sambar deer","SBR",1,"dist_str + ndvi_cv + elev + BB + DD",0.453899727739363,0.637859692889478,1.57444011834663
2008,"Sambar deer","SBR",1,"dist_str + ndvi_cv + elev + BB + DD",0.480336539071542,0.634770547215098,1.61661837251144
2009,"Sambar deer","SBR",1,"dist_str + ndvi_cv + elev + BB + DD",0.540954676540512,0.63473762892146,1.71764587908129
2010,"Sambar deer","SBR",1,"dist_str + ndvi_cv + elev + BB + DD",0.565956002703514,0.623678980385456,1.76113062383968
2011,"Sambar deer","SBR",1,"dist_str + ndvi_cv + elev + BB + DD",0.498306301115051,0.611160274306065,1.64593120220658
2012,"Sambar deer","SBR",1,"dist_str + ndvi_cv + elev + BB + DD",0.384154311546045,0.629025252614995,1.46837202228313
2013,"Sambar deer","SBR",1,"dist_str + ndvi_cv + elev + BB + DD",0.245955749837318,0.64423411438331,1.27884310702756
2014,"Sambar deer","SBR",1,"dist_str + ndvi_cv + elev + BB + DD",0.139122168175436,0.661978751913096,1.14926449606913
2015,"Sambar deer","SBR",1,"dist_str + ndvi_cv + elev + BB + DD",0.0683730613335513,0.666796996370213,1.07076480056123
2016,"Sambar deer","SBR",1,"dist_str + ndvi_cv + elev + BB + DD",-0.0215969654488796,0.668451680672236,0.978634580252199
2017,"Sambar deer","SBR",1,"dist_str + ndvi_cv + elev + BB + DD",-0.0485497952663639,0.662109258933635,0.952609903174034
2018,"Sambar deer","SBR",1,"dist_str + ndvi_cv + elev + BB + DD",-0.0856316526649797,0.678332770429235,0.917932286917277
2019,"Sambar deer","SBR",1,"dist_str + ndvi_cv + elev + BB + DD",-0.102511653981494,0.702595131150063,0.902567667311341
2020,"Sambar deer","SBR",1,"dist_str + ndvi_cv + elev + BB + DD",-0.126455578818237,0.715128005160943,0.881213294389898
2021,"Sambar deer","SBR",1,"dist_str + ndvi_cv + elev + BB + DD",-0.137469461527523,0.738933959933224,0.87156097432769
2022,"Sambar deer","SBR",1,"dist_str + ndvi_cv + elev + BB + DD",-0.159088986875682,0.784475567819107,0.852920460441999
2023,"Sambar deer","SBR",1,"dist_str + ndvi_cv + elev + BB + DD",-0.132772203969873,0.842415485316569,0.875664547020456
2024,"Sambar deer","SBR",1,"dist_str + ndvi_cv + elev + BB + DD",-0.152008243773032,0.985914676367357,0.858981207451083
2025,"Sambar deer","SBR",1,"dist_str + ndvi_cv + elev + BB + DD",0.0147711927746106,0.869552680622047,1.0148808479076
2026,"Sambar deer","SBR",1,"dist_str + ndvi_cv + elev + BB + DD",0.0592147345433219,0.781051616907177,1.0610031028626
2027,"Sambar deer","SBR",1,"dist_str + ndvi_cv + elev + BB + DD",0.0303977245944765,0.751817769359416,1.03086445257712
2028,"Sambar deer","SBR",1,"dist_str + ndvi_cv + elev + BB + DD",0.0559254807730308,0.731808421593142,1.05751888354694
2029,"Sambar deer","SBR",1,"dist_str + ndvi_cv + elev + BB + DD",0.0688578109120261,0.71410154325579,1.07128387762646
2030,"Sambar deer","SBR",1,"dist_str + ndvi_cv + elev + BB + DD",0.0843751387698815,0.698735199220631,1.0880370050787
2031,"Sambar deer","SBR",1,"dist_str + ndvi_cv + elev + BB + DD",0.121169526814116,0.677106338082051,1.12881626804712
2032,"Sambar deer","SBR",1,"dist_str + ndvi_cv + elev + BB + DD",0.122049728029934,0.657369160872173,1.12981032697817
2033,"Sambar deer","SBR",1,"dist_str + ndvi_cv + elev + BB + DD",0.135243274519388,0.643431465905275,1.14481553032686
2034,"Sambar deer","SBR",1,"dist_str + ndvi_cv + elev + BB + DD",0.167259561858388,0.632122909421106,1.18206104575291
2035,"Sambar deer","SBR",1,"dist_str + ndvi_cv + elev + BB + DD",0.200490688657683,0.626825103106808,1.22200223388123
2036,"Sambar deer","SBR",1,"dist_str + ndvi_cv + elev + BB + DD",0.213913638748033,0.639449034704666,1.23851570381353
2037,"Sambar deer","SBR",1,"dist_str + ndvi_cv + elev + BB + DD",0.22726544671834,0.639619471451467,1.25516303082229
2038,"Sambar deer","SBR",1,"dist_str + ndvi_cv + elev + BB + DD",0.229462720087846,0.656544990699096,1.25792397106997
2039,"Sambar deer","SBR",1,"dist_str + ndvi_cv + elev + BB + DD",0.269969396908316,0.648574679539462,1.3099244373442
2040,"Sambar deer","SBR",1,"dist_str + ndvi_cv + elev + BB + DD",0.30441854790053,0.636875101842836,1.35583641984844
2041,"Sambar deer","SBR",1,"dist_str + ndvi_cv + elev + BB + DD",0.335984865790549,0.647822879368332,1.39931784710798
2042,"Sambar deer","SBR",1,"dist_str + ndvi_cv + elev + BB + DD",0.362101983643426,0.633413736337638,1.4363454189125
2043,"Sambar deer","SBR",1,"dist_str + ndvi_cv + elev + BB + DD",0.376500749221278,0.634159713892975,1.45717663264276
2044,"Sambar deer","SBR",1,"dist_str + ndvi_cv + elev + BB + DD",0.411122817611796,0.638223113797168,1.50851065427829
2045,"Sambar deer","SBR",1,"dist_str + ndvi_cv + elev + BB + DD",0.448631105737801,0.621075015930237,1.56616680382501
2046,"Sambar deer","SBR",1,"dist_str + ndvi_cv + elev + BB + DD",0.441034670950054,0.625383078374947,1.55431473290631
2047,"Sambar deer","SBR",1,"dist_str + ndvi_cv + elev + BB + DD",0.378885315328401,0.61981414004173,1.46065557734897
2048,"Sambar deer","SBR",1,"dist_str + ndvi_cv + elev + BB + DD",0.320177638889578,0.633490427533031,1.37737241796428
2049,"Sambar deer","SBR",1,"dist_str + ndvi_cv + elev + BB + DD",0.206274558466069,0.636375628626092,1.22909061495859
2050,"Sambar deer","SBR",1,"dist_str + ndvi_cv + elev + BB + DD",0.102183938578958,0.641777352976714,1.10758718921137
2051,"Sambar deer","SBR",1,"dist_str + ndvi_cv + elev + BB + DD",0.0141597142134357,0.657774581816263,1.01426043918964
2052,"Sambar deer","SBR",1,"dist_str + ndvi_cv + elev + BB + DD",-0.0657971101149967,0.654150416056768,0.936320856614089
2053,"Sambar deer","SBR",1,"dist_str + ndvi_cv + elev + BB + DD",-0.0965530531584355,0.661493695227419,0.90796172619409
2054,"Sambar deer","SBR",1,"dist_str + ndvi_cv + elev + BB + DD",-0.126118210234655,0.672953872008819,0.881510639301005
2055,"Sambar deer","SBR",1,"dist_str + ndvi_cv + elev + BB + DD",-0.127685428923163,0.694019143573798,0.88013019982999
2056,"Sambar deer","SBR",1,"dist_str + ndvi_cv + elev + BB + DD",-0.153496689247775,0.718460758670342,0.857703615089242
2057,"Sambar deer","SBR",1,"dist_str + ndvi_cv + elev + BB + DD",-0.151325615693031,0.741012983143295,0.859567782577819
2058,"Sambar deer","SBR",1,"dist_str + ndvi_cv + elev + BB + DD",-0.161083860559878,0.781989615771366,0.851220687306808
2059,"Sambar deer","SBR",1,"dist_str + ndvi_cv + elev + BB + DD",-0.179471913379993,0.861208284773446,0.835711430280766
2060,"Sambar deer","SBR",1,"dist_str + ndvi_cv + elev + BB + DD",-0.172640638002822,0.998221770165357,0.841440202358402
2061,"Sambar deer","SBR",1,"dist_str + ndvi_cv + elev + BB + DD",0.0469138252989644,0.838582948157224,1.04803169986551
2062,"Sambar deer","SBR",1,"dist_str + ndvi_cv + elev + BB + DD",0.0636987628786947,0.763756672983193,1.06577139776361
2063,"Sambar deer","SBR",1,"dist_str + ndvi_cv + elev + BB + DD",0.0527569521099631,0.734735276733538,1.05417339959852
2064,"Sambar deer","SBR",1,"dist_str + ndvi_cv + elev + BB + DD",0.0597158956566448,0.726568772474854,1.06153493557469
2065,"Sambar deer","SBR",1,"dist_str + ndvi_cv + elev + BB + DD",0.0640501688236164,0.706145748466912,1.06614588578814
2066,"Sambar deer","SBR",1,"dist_str + ndvi_cv + elev + BB + DD",0.0685656514016407,0.699584975560113,1.07097094258392
2067,"Sambar deer","SBR",1,"dist_str + ndvi_cv + elev + BB + DD",0.0778059196470234,0.673921206386774,1.08091285437552
2068,"Sambar deer","SBR",1,"dist_str + ndvi_cv + elev + BB + DD",0.0734641200285946,0.656157622726432,1.07622992088076
2069,"Sambar deer","SBR",1,"dist_str + ndvi_cv + elev + BB + DD",0.0881885695176703,0.646090514863193,1.09219406556454
2070,"Sambar deer","SBR",1,"dist_str + ndvi_cv + elev + BB + DD",0.0894677164096814,0.637227935697669,1.09359202812027
2071,"Sambar deer","SBR",1,"dist_str + ndvi_cv + elev + BB + DD",0.0953262847678879,0.629383256935678,1.10001771605536
2072,"Sambar deer","SBR",1,"dist_str + ndvi_cv + elev + BB + DD",0.119053640748337,0.634472365311382,1.12643035534038
2073,"Sambar deer","SBR",1,"dist_str + ndvi_cv + elev + BB + DD",0.152358912312257,0.643004939327855,1.16457815175569
2074,"Sambar deer","SBR",1,"dist_str + ndvi_cv + elev + BB + DD",0.164496990450722,0.640152537609042,1.17880003542548
2075,"Sambar deer","SBR",1,"dist_str + ndvi_cv + elev + BB + DD",0.177668376056581,0.637646019674914,1.19442919053829
2076,"Sambar deer","SBR",1,"dist_str + ndvi_cv + elev + BB + DD",0.210190482706603,0.649971109667514,1.23391308321847
2077,"Sambar deer","SBR",1,"dist_str + ndvi_cv + elev + BB + DD",0.25113555121776,0.643545003849799,1.28548435864109
2078,"Sambar deer","SBR",1,"dist_str + ndvi_cv + elev + BB + DD",0.25836725276454,0.638568438934959,1.29481425594176
2079,"Sambar deer","SBR",1,"dist_str + ndvi_cv + elev + BB + DD",0.323898733250198,0.643211555114183,1.38250730908464
2080,"Sambar deer","SBR",1,"dist_str + ndvi_cv + elev + BB + DD",0.341664413537561,0.635664953202969,1.40728799791147
2081,"Sambar deer","SBR",1,"dist_str + ndvi_cv + elev + BB + DD",0.374977141685842,0.621701417730574,1.45495817636799
2082,"Sambar deer","SBR",1,"dist_str + ndvi_cv + elev + BB + DD",0.394438960377669,0.611688184534913,1.48355162628329
2083,"Sambar deer","SBR",1,"dist_str + ndvi_cv + elev + BB + DD",0.365555278758122,0.61263356654272,1.44131411825234
2084,"Sambar deer","SBR",1,"dist_str + ndvi_cv + elev + BB + DD",0.276461541527251,0.622738829866212,1.31845627129618
2085,"Sambar deer","SBR",1,"dist_str + ndvi_cv + elev + BB + DD",0.162115646993543,0.627911881481864,1.17599623402913
2086,"Sambar deer","SBR",1,"dist_str + ndvi_cv + elev + BB + DD",0.0506614808132802,0.633969072741962,1.05196672626576
2087,"Sambar deer","SBR",1,"dist_str + ndvi_cv + elev + BB + DD",-0.0306259249352775,0.638772745072489,0.96983833239115
2088,"Sambar deer","SBR",1,"dist_str + ndvi_cv + elev + BB + DD",-0.12821942560609,0.634801204527452,0.879660338009427
2089,"Sambar deer","SBR",1,"dist_str + ndvi_cv + elev + BB + DD",-0.162549643097324,0.657368785367259,0.849973893863417
2090,"Sambar deer","SBR",1,"dist_str + ndvi_cv + elev + BB + DD",-0.188413275529762,0.6782442685272,0.828272333199795
2091,"Sambar deer","SBR",1,"dist_str + ndvi_cv + elev + BB + DD",-0.191851539266679,0.692693945226188,0.825429414317365
2092,"Sambar deer","SBR",1,"dist_str + ndvi_cv + elev + BB + DD",-0.184078096939139,0.725161726354341,0.831870844789931
2093,"Sambar deer","SBR",1,"dist_str + ndvi_cv + elev + BB + DD",-0.187389795302533,0.756330451012442,0.829120486238577
2094,"Sambar deer","SBR",1,"dist_str + ndvi_cv + elev + BB + DD",-0.190665064578579,0.79348520943672,0.826409364948596
2095,"Sambar deer","SBR",1,"dist_str + ndvi_cv + elev + BB + DD",-0.211514394126191,0.867429363113629,0.809357631065299
2096,"Sambar deer","SBR",1,"dist_str + ndvi_cv + elev + BB + DD",0.0744475500027568,1.08509217227165,1.07728901889101
2097,"Sambar deer","SBR",1,"dist_str + ndvi_cv + elev + BB + DD",0.0655107341664787,0.888291855894578,1.06770419934001
2098,"Sambar deer","SBR",1,"dist_str + ndvi_cv + elev + BB + DD",0.0540988073072188,0.812784341059511,1.05558890280013
2099,"Sambar deer","SBR",1,"dist_str + ndvi_cv + elev + BB + DD",0.0661357230357759,0.75545796836114,1.06837181824715
2100,"Sambar deer","SBR",1,"dist_str + ndvi_cv + elev + BB + DD",0.0482112509344818,0.74422427139472,1.04939261229341
2101,"Sambar deer","SBR",1,"dist_str + ndvi_cv + elev + BB + DD",0.0525572895790139,0.725229182316539,1.05396294698974
2102,"Sambar deer","SBR",1,"dist_str + ndvi_cv + elev + BB + DD",0.0688855879949229,0.719857818175788,1.07131368097944
2103,"Sambar deer","SBR",1,"dist_str + ndvi_cv + elev + BB + DD",0.0426948602875532,0.69907327166981,1.04361941726701
2104,"Sambar deer","SBR",1,"dist_str + ndvi_cv + elev + BB + DD",0.036469611299187,0.683498237818197,1.0371427924319
2105,"Sambar deer","SBR",1,"dist_str + ndvi_cv + elev + BB + DD",0.048217384267651,0.661540974596515,1.04939875919622
2106,"Sambar deer","SBR",1,"dist_str + ndvi_cv + elev + BB + DD",0.0310158645978841,0.642433111466469,1.0315018701807
2107,"Sambar deer","SBR",1,"dist_str + ndvi_cv + elev + BB + DD",0.00846675514995068,0.622094569539834,1.00850269970941
2108,"Sambar deer","SBR",1,"dist_str + ndvi_cv + elev + BB + DD",0.00183557024949311,0.612296640191574,1.00183735592977
2109,"Sambar deer","SBR",1,"dist_str + ndvi_cv + elev + BB + DD",0.0326657386934836,0.623673330908709,1.03320512164057
2110,"Sambar deer","SBR",1,"dist_str + ndvi_cv + elev + BB + DD",0.0686206288583111,0.639846759818554,1.07102981667156
2111,"Sambar deer","SBR",1,"dist_str + ndvi_cv + elev + BB + DD",0.0835503673726768,0.647676041305618,1.08713997537366
2112,"Sambar deer","SBR",1,"dist_str + ndvi_cv + elev + BB + DD",0.0987562310371628,0.645745425172617,1.1037972004597
2113,"Sambar deer","SBR",1,"dist_str + ndvi_cv + elev + BB + DD",0.115818850746349,0.649282963757815,1.1227924609802
2114,"Sambar deer","SBR",1,"dist_str + ndvi_cv + elev + BB + DD",0.143730715991047,0.642193731989816,1.15457315872606
2115,"Sambar deer","SBR",1,"dist_str + ndvi_cv + elev + BB + DD",0.172637489662466,0.647985141186239,1.18843520693854
2116,"Sambar deer","SBR",1,"dist_str + ndvi_cv + elev + BB + DD",0.226858683692997,0.640870297072118,1.25465269019437
2117,"Sambar deer","SBR",1,"dist_str + ndvi_cv + elev + BB + DD",0.269362871245213,0.639066813143599,1.30913010477
2118,"Sambar deer","SBR",1,"dist_str + ndvi_cv + elev + BB + DD",0.329120320909477,0.620745033722259,1.38974506366633
2119,"Sambar deer","SBR",1,"dist_str + ndvi_cv + elev + BB + DD",0.378924231636043,0.590831204068172,1.46071235614955
2120,"Sambar deer","SBR",1,"dist_str + ndvi_cv + elev + BB + DD",0.383035839015689,0.585586240950331,1.46673059530831
2121,"Sambar deer","SBR",1,"dist_str + ndvi_cv + elev + BB + DD",0.257745004208858,0.596734608395567,1.29400880988748
2122,"Sambar deer","SBR",1,"dist_str + ndvi_cv + elev + BB + DD",0.122567424196026,0.625252538225931,1.13039533373936
2123,"Sambar deer","SBR",1,"dist_str + ndvi_cv + elev + BB + DD",-0.018024817205187,0.622228545408188,0.982136660138955
2124,"Sambar deer","SBR",1,"dist_str + ndvi_cv + elev + BB + DD",-0.143751736998055,0.620650415948602,0.866102775429802
2125,"Sambar deer","SBR",1,"dist_str + ndvi_cv + elev + BB + DD",-0.217650776349134,0.627078400950293,0.804406311874357
2126,"Sambar deer","SBR",1,"dist_str + ndvi_cv + elev + BB + DD",-0.272223169335348,0.645135601425443,0.76168426189859
2127,"Sambar deer","SBR",1,"dist_str + ndvi_cv + elev + BB + DD",-0.237104588862137,0.661840848971733,0.78890878000143
2128,"Sambar deer","SBR",1,"dist_str + ndvi_cv + elev + BB + DD",-0.24297881113611,0.693858971092941,0.784288132995929
2129,"Sambar deer","SBR",1,"dist_str + ndvi_cv + elev + BB + DD",-0.243035675041286,0.729560031608262,0.784243535531541
2130,"Sambar deer","SBR",1,"dist_str + ndvi_cv + elev + BB + DD",-0.232304544720966,0.759561778691067,0.792704693346716
2131,"Sambar deer","SBR",1,"dist_str + ndvi_cv + elev + BB + DD",-0.228282806443711,0.815869864563859,0.795899154556014
2132,"Sambar deer","SBR",1,"dist_str + ndvi_cv + elev + BB + DD",-0.19992182864201,0.965428261538123,0.81879479435491
2133,"Sambar deer","SBR",1,"dist_str + ndvi_cv + elev + BB + DD",0.0438693867412934,0.957514945219816,1.04484591522312
2134,"Sambar deer","SBR",1,"dist_str + ndvi_cv + elev + BB + DD",0.0660821158429503,0.844270969036472,1.06831446477013
2135,"Sambar deer","SBR",1,"dist_str + ndvi_cv + elev + BB + DD",0.0613442255359379,0.781776719029924,1.06326490019446
2136,"Sambar deer","SBR",1,"dist_str + ndvi_cv + elev + BB + DD",0.076657888613321,0.758542081504442,1.07967268630188
2137,"Sambar deer","SBR",1,"dist_str + ndvi_cv + elev + BB + DD",0.0531953818478765,0.730432474515997,1.0546358169514
2138,"Sambar deer","SBR",1,"dist_str + ndvi_cv + elev + BB + DD",0.0450074518181344,0.721511557411346,1.04603576196982
2139,"Sambar deer","SBR",1,"dist_str + ndvi_cv + elev + BB + DD",0.0524005112519949,0.715027389267061,1.05379775261953
2140,"Sambar deer","SBR",1,"dist_str + ndvi_cv + elev + BB + DD",0.0293195038469007,0.694219325686944,1.02975356498966
2141,"Sambar deer","SBR",1,"dist_str + ndvi_cv + elev + BB + DD",0.0246007416315953,0.672883294305418,1.0249058367632
2142,"Sambar deer","SBR",1,"dist_str + ndvi_cv + elev + BB + DD",-0.000995048113767734,0.657752688596567,0.99900544694266
2143,"Sambar deer","SBR",1,"dist_str + ndvi_cv + elev + BB + DD",-0.0244726052479555,0.632815631021935,0.975824421028441
2144,"Sambar deer","SBR",1,"dist_str + ndvi_cv + elev + BB + DD",-0.0628974960834949,0.584252253234845,0.939039729997342
2145,"Sambar deer","SBR",1,"dist_str + ndvi_cv + elev + BB + DD",-0.148961665579177,0.492485299174796,0.861602146869775
2146,"Sambar deer","SBR",1,"dist_str + ndvi_cv + elev + BB + DD",-0.0383402470162744,0.620119448642547,0.962385472695007
2147,"Sambar deer","SBR",1,"dist_str + ndvi_cv + elev + BB + DD",-0.0016278168883945,0.63863799192118,0.998373508024773
2148,"Sambar deer","SBR",1,"dist_str + ndvi_cv + elev + BB + DD",0.00372920112068397,0.649794252968332,1.00373616494208
2149,"Sambar deer","SBR",1,"dist_str + ndvi_cv + elev + BB + DD",0.0185233570667931,0.65484683731614,1.01869604228632
2150,"Sambar deer","SBR",1,"dist_str + ndvi_cv + elev + BB + DD",-0.0128449843430048,0.638457503987648,0.987237161391218
2151,"Sambar deer","SBR",1,"dist_str + ndvi_cv + elev + BB + DD",0.00115794253703963,0.617002275465464,1.00115861735901
2152,"Sambar deer","SBR",1,"dist_str + ndvi_cv + elev + BB + DD",0.0917657932145575,0.657373953594096,1.09610807672493
2153,"Sambar deer","SBR",1,"dist_str + ndvi_cv + elev + BB + DD",0.156357872264448,0.64076145835351,1.16924458942508
2154,"Sambar deer","SBR",1,"dist_str + ndvi_cv + elev + BB + DD",0.197585784881564,0.633979640250312,1.21845760687146
2155,"Sambar deer","SBR",1,"dist_str + ndvi_cv + elev + BB + DD",0.271027183237993,0.614489981660371,1.31131071557447
2156,"Sambar deer","SBR",1,"dist_str + ndvi_cv + elev + BB + DD",0.434455474849642,0.572168826599229,1.54412201679127
2157,"Sambar deer","SBR",1,"dist_str + ndvi_cv + elev + BB + DD",0.617844797774672,0.41151069336698,1.85492599063415
2158,"Sambar deer","SBR",1,"dist_str + ndvi_cv + elev + BB + DD",0.208250627991754,0.597174514618079,1.23152178986623
2159,"Sambar deer","SBR",1,"dist_str + ndvi_cv + elev + BB + DD",0.048540981683932,0.615709303229252,1.04973840908309
2160,"Sambar deer","SBR",1,"dist_str + ndvi_cv + elev + BB + DD",-0.0797551098689996,0.63242518660725,0.923342436159361
2161,"Sambar deer","SBR",1,"dist_str + ndvi_cv + elev + BB + DD",-0.230788082840091,0.621161547522131,0.793907747356774
2162,"Sambar deer","SBR",1,"dist_str + ndvi_cv + elev + BB + DD",-0.432459825851019,0.553402619071003,0.648910924983391
2163,"Sambar deer","SBR",1,"dist_str + ndvi_cv + elev + BB + DD",-0.329514861706914,0.639918178816915,0.719272595693411
2164,"Sambar deer","SBR",1,"dist_str + ndvi_cv + elev + BB + DD",-0.300506215622591,0.664799492746126,0.740443301968606
2165,"Sambar deer","SBR",1,"dist_str + ndvi_cv + elev + BB + DD",-0.283926017054453,0.695696453591635,0.752822340740064
2166,"Sambar deer","SBR",1,"dist_str + ndvi_cv + elev + BB + DD",-0.279589139592513,0.725220806768714,0.756094391593894
2167,"Sambar deer","SBR",1,"dist_str + ndvi_cv + elev + BB + DD",-0.260484378134546,0.750906916501343,0.770678219277142
2168,"Sambar deer","SBR",1,"dist_str + ndvi_cv + elev + BB + DD",-0.251166859155633,0.832142130502558,0.777892567059286
2169,"Sambar deer","SBR",1,"dist_str + ndvi_cv + elev + BB + DD",0.0838469150590045,0.937263573790702,1.0874624111088
2170,"Sambar deer","SBR",1,"dist_str + ndvi_cv + elev + BB + DD",0.0735151259544155,0.827048310122214,1.07628481639109
2171,"Sambar deer","SBR",1,"dist_str + ndvi_cv + elev + BB + DD",0.0603233287505249,0.779494104490803,1.06217992439946
2172,"Sambar deer","SBR",1,"dist_str + ndvi_cv + elev + BB + DD",0.0709159846647142,0.760085220413762,1.07349103963001
2173,"Sambar deer","SBR",1,"dist_str + ndvi_cv + elev + BB + DD",0.062157348808094,0.740483914492413,1.0641297716526
2174,"Sambar deer","SBR",1,"dist_str + ndvi_cv + elev + BB + DD",0.0503013061920297,0.728442257033413,1.05158790502862
2175,"Sambar deer","SBR",1,"dist_str + ndvi_cv + elev + BB + DD",0.0342736355477127,0.705717425928562,1.03486774641134
2176,"Sambar deer","SBR",1,"dist_str + ndvi_cv + elev + BB + DD",0.0182201458704482,0.68999205131804,1.01838714676354
2177,"Sambar deer","SBR",1,"dist_str + ndvi_cv + elev + BB + DD",-0.0025353676470007,0.674378213593363,0.997467925063498
2178,"Sambar deer","SBR",1,"dist_str + ndvi_cv + elev + BB + DD",-0.0254650377684532,0.658370639989133,0.974856470884737
2179,"Sambar deer","SBR",1,"dist_str + ndvi_cv + elev + BB + DD",-0.0545476603304426,0.639719862931899,0.946913377770521
2180,"Sambar deer","SBR",1,"dist_str + ndvi_cv + elev + BB + DD",-0.102862845833478,0.59881412158351,0.902250741495427
2181,"Sambar deer","SBR",1,"dist_str + ndvi_cv + elev + BB + DD",-0.148016312379749,0.539418942155373,0.86241704688775
2182,"Sambar deer","SBR",1,"dist_str + ndvi_cv + elev + BB + DD",-0.082665286971793,0.615099113286911,0.920659255435139
2183,"Sambar deer","SBR",1,"dist_str + ndvi_cv + elev + BB + DD",-0.0466356877213276,0.649244039693177,0.954435053550083
2184,"Sambar deer","SBR",1,"dist_str + ndvi_cv + elev + BB + DD",-0.0387159052141245,0.661536388576161,0.96202397892485
2185,"Sambar deer","SBR",1,"dist_str + ndvi_cv + elev + BB + DD",-0.015024742344036,0.662689123128339,0.985087590200436
2186,"Sambar deer","SBR",1,"dist_str + ndvi_cv + elev + BB + DD",-0.0545894426740008,0.656404560913614,0.946873821921855
2187,"Sambar deer","SBR",1,"dist_str + ndvi_cv + elev + BB + DD",-0.0403755255105548,0.648049224855257,0.960428712896549
2188,"Sambar deer","SBR",1,"dist_str + ndvi_cv + elev + BB + DD",0.0380777734244478,0.636847262001829,1.03881202309508
2189,"Sambar deer","SBR",1,"dist_str + ndvi_cv + elev + BB + DD",0.0773929269312327,0.641803495899076,1.08046653766163
2190,"Sambar deer","SBR",1,"dist_str + ndvi_cv + elev + BB + DD",0.122432413219354,0.639493238560783,1.13024278698949
2191,"Sambar deer","SBR",1,"dist_str + ndvi_cv + elev + BB + DD",0.189233623592063,0.625158800654851,1.20832321997614
2192,"Sambar deer","SBR",1,"dist_str + ndvi_cv + elev + BB + DD",0.244720265568096,0.601825639120544,1.27726396931842
2193,"Sambar deer","SBR",1,"dist_str + ndvi_cv + elev + BB + DD",0.210581033458128,0.58289114518731,1.23439508470498
2194,"Sambar deer","SBR",1,"dist_str + ndvi_cv + elev + BB + DD",0.105889670222144,0.592175145427893,1.11169921711668
2195,"Sambar deer","SBR",1,"dist_str + ndvi_cv + elev + BB + DD",-0.0438314804838797,0.619767854735489,0.957115237094662
2196,"Sambar deer","SBR",1,"dist_str + ndvi_cv + elev + BB + DD",-0.157059955307602,0.625792569442118,0.854652830543931
2197,"Sambar deer","SBR",1,"dist_str + ndvi_cv + elev + BB + DD",-0.29210869506967,0.614890408504163,0.746687399914288
2198,"Sambar deer","SBR",1,"dist_str + ndvi_cv + elev + BB + DD",-0.474614634595894,0.557536980325212,0.622124762301315
2199,"Sambar deer","SBR",1,"dist_str + ndvi_cv + elev + BB + DD",-0.368981967519336,0.637662179734001,0.691437892976662
2200,"Sambar deer","SBR",1,"dist_str + ndvi_cv + elev + BB + DD",-0.340919329721323,0.664134991003023,0.711116272104742
2201,"Sambar deer","SBR",1,"dist_str + ndvi_cv + elev + BB + DD",-0.319911097954209,0.687727297128501,0.726213601622174
2202,"Sambar deer","SBR",1,"dist_str + ndvi_cv + elev + BB + DD",-0.321107123787052,0.719096265015777,0.725345545969215
2203,"Sambar deer","SBR",1,"dist_str + ndvi_cv + elev + BB + DD",-0.3082142190635,0.759570855197083,0.734757902021299
2204,"Sambar deer","SBR",1,"dist_str + ndvi_cv + elev + BB + DD",-0.298480916256565,0.88023584110223,0.741944440795967
2205,"Sambar deer","SBR",1,"dist_str + ndvi_cv + elev + BB + DD",0.0871049328593641,0.886535560133979,1.09101116212139
2206,"Sambar deer","SBR",1,"dist_str + ndvi_cv + elev + BB + DD",0.0834344926426043,0.807872300473326,1.08701401109464
2207,"Sambar deer","SBR",1,"dist_str + ndvi_cv + elev + BB + DD",0.0853990741884315,0.774802530829642,1.08915164464149
2208,"Sambar deer","SBR",1,"dist_str + ndvi_cv + elev + BB + DD",0.0776772974424364,0.762435254537149,1.08077393564209
2209,"Sambar deer","SBR",1,"dist_str + ndvi_cv + elev + BB + DD",0.0728928654247037,0.735839424195498,1.07561529658729
2210,"Sambar deer","SBR",1,"dist_str + ndvi_cv + elev + BB + DD",0.0600539625983017,0.73231584489495,1.06189384995047
2211,"Sambar deer","SBR",1,"dist_str + ndvi_cv + elev + BB + DD",0.0430394689548861,0.713852264373842,1.04397910400971
2212,"Sambar deer","SBR",1,"dist_str + ndvi_cv + elev + BB + DD",0.0107016093773772,0.696629657152078,1.01075909283539
2213,"Sambar deer","SBR",1,"dist_str + ndvi_cv + elev + BB + DD",-0.0154688782715357,0.682274376202593,0.984650168566222
2214,"Sambar deer","SBR",1,"dist_str + ndvi_cv + elev + BB + DD",-0.0516885042775181,0.661547640324776,0.949624624797397
2215,"Sambar deer","SBR",1,"dist_str + ndvi_cv + elev + BB + DD",-0.0873115839647444,0.643068117515193,0.916391518276803
2216,"Sambar deer","SBR",1,"dist_str + ndvi_cv + elev + BB + DD",-0.10540886974544,0.624499211011566,0.899956489742504
2217,"Sambar deer","SBR",1,"dist_str + ndvi_cv + elev + BB + DD",-0.120270400428771,0.626293651589193,0.886680648958872
2218,"Sambar deer","SBR",1,"dist_str + ndvi_cv + elev + BB + DD",-0.106621541622163,0.620488981361769,0.898865792085519
2219,"Sambar deer","SBR",1,"dist_str + ndvi_cv + elev + BB + DD",-0.0899572977537437,0.649718716406962,0.913970213117618
2220,"Sambar deer","SBR",1,"dist_str + ndvi_cv + elev + BB + DD",-0.0694590710680982,0.664701393878367,0.932898320245831
2221,"Sambar deer","SBR",1,"dist_str + ndvi_cv + elev + BB + DD",-0.050862094291342,0.660884529149003,0.950409832288716
2222,"Sambar deer","SBR",1,"dist_str + ndvi_cv + elev + BB + DD",-0.0599552938256576,0.653438636351638,0.941806637373715
2223,"Sambar deer","SBR",1,"dist_str + ndvi_cv + elev + BB + DD",-0.0587247353409688,0.65394635308873,0.942966302131851
2224,"Sambar deer","SBR",1,"dist_str + ndvi_cv + elev + BB + DD",-0.017523666109291,0.65336582367212,0.982628980887786
2225,"Sambar deer","SBR",1,"dist_str + ndvi_cv + elev + BB + DD",0.0358657227486641,0.646716742404729,1.03651665923749
2226,"Sambar deer","SBR",1,"dist_str + ndvi_cv + elev + BB + DD",0.0461292319564293,0.644492933223037,1.04720973543676
2227,"Sambar deer","SBR",1,"dist_str + ndvi_cv + elev + BB + DD",0.0594700952108983,0.638908374543361,1.06127402336002
2228,"Sambar deer","SBR",1,"dist_str + ndvi_cv + elev + BB + DD",0.0611342632652226,0.628228228399548,1.06304163204987
2229,"Sambar deer","SBR",1,"dist_str + ndvi_cv + elev + BB + DD",0.0258716314135472,0.611059480101438,1.02620920775676
2230,"Sambar deer","SBR",1,"dist_str + ndvi_cv + elev + BB + DD",-0.0484337039169602,0.611814424124715,0.95272049978444
2231,"Sambar deer","SBR",1,"dist_str + ndvi_cv + elev + BB + DD",-0.132463136842146,0.625728517645686,0.875935225522378
2232,"Sambar deer","SBR",1,"dist_str + ndvi_cv + elev + BB + DD",-0.231922674312214,0.6283117038746,0.793007443517262
2233,"Sambar deer","SBR",1,"dist_str + ndvi_cv + elev + BB + DD",-0.330083649867136,0.632778015466241,0.718863599221097
2234,"Sambar deer","SBR",1,"dist_str + ndvi_cv + elev + BB + DD",-0.384879570220618,0.634139871873818,0.680532589146971
2235,"Sambar deer","SBR",1,"dist_str + ndvi_cv + elev + BB + DD",-0.400053428067507,0.644898968758744,0.670284233775699
2236,"Sambar deer","SBR",1,"dist_str + ndvi_cv + elev + BB + DD",-0.389188210436123,0.664606103921232,0.677606729153016
2237,"Sambar deer","SBR",1,"dist_str + ndvi_cv + elev + BB + DD",-0.366928941306075,0.690069124503614,0.692858878383859
2238,"Sambar deer","SBR",1,"dist_str + ndvi_cv + elev + BB + DD",-0.361362601180226,0.716554748610714,0.696726318941454
2239,"Sambar deer","SBR",1,"dist_str + ndvi_cv + elev + BB + DD",-0.347132136913022,0.776700941571415,0.706711952041178
2240,"Sambar deer","SBR",1,"dist_str + ndvi_cv + elev + BB + DD",-0.338803491754452,0.874786245296155,0.712622530794045
2241,"Sambar deer","SBR",1,"dist_str + ndvi_cv + elev + BB + DD",0.121051965330517,1.03896802871033,1.12868358104861
2242,"Sambar deer","SBR",1,"dist_str + ndvi_cv + elev + BB + DD",0.119820962284919,0.887735548532437,1.12729502288782
2243,"Sambar deer","SBR",1,"dist_str + ndvi_cv + elev + BB + DD",0.103190281839635,0.811414849162984,1.10870236131168
2244,"Sambar deer","SBR",1,"dist_str + ndvi_cv + elev + BB + DD",0.0838531658811413,0.782856136443613,1.08746920454157
2245,"Sambar deer","SBR",1,"dist_str + ndvi_cv + elev + BB + DD",0.0834793891844066,0.755321198338176,1.08706281505975
2246,"Sambar deer","SBR",1,"dist_str + ndvi_cv + elev + BB + DD",0.0848962148287498,0.738233983327421,1.08860417023125
2247,"Sambar deer","SBR",1,"dist_str + ndvi_cv + elev + BB + DD",0.0488243077316509,0.731147750342951,1.05003588811522
2248,"Sambar deer","SBR",1,"dist_str + ndvi_cv + elev + BB + DD",0.0297180775064885,0.712417309580382,1.03016408093094
2249,"Sambar deer","SBR",1,"dist_str + ndvi_cv + elev + BB + DD",0.00737391425220602,0.699229715398867,1.00740117137221
2250,"Sambar deer","SBR",1,"dist_str + ndvi_cv + elev + BB + DD",-0.0140139413165826,0.684256064266408,0.98608386712219
2251,"Sambar deer","SBR",1,"dist_str + ndvi_cv + elev + BB + DD",-0.0659704653886001,0.664510241043361,0.936158519812246
2252,"Sambar deer","SBR",1,"dist_str + ndvi_cv + elev + BB + DD",-0.0967890361250348,0.646193671913485,0.907747487915114
2253,"Sambar deer","SBR",1,"dist_str + ndvi_cv + elev + BB + DD",-0.1357152925258,0.647297284891062,0.873091181671017
2254,"Sambar deer","SBR",1,"dist_str + ndvi_cv + elev + BB + DD",-0.137674818916982,0.637562004175112,0.871382003838274
2255,"Sambar deer","SBR",1,"dist_str + ndvi_cv + elev + BB + DD",-0.127769489167495,0.635157906956674,0.880056302818873
2256,"Sambar deer","SBR",1,"dist_str + ndvi_cv + elev + BB + DD",-0.117992677299184,0.650162251116228,0.888702562016761
2257,"Sambar deer","SBR",1,"dist_str + ndvi_cv + elev + BB + DD",-0.101239446196405,0.658911301015645,0.903716649549064
2258,"Sambar deer","SBR",1,"dist_str + ndvi_cv + elev + BB + DD",-0.0874410725002209,0.662534606757635,0.916272863900139
2259,"Sambar deer","SBR",1,"dist_str + ndvi_cv + elev + BB + DD",-0.0818108826929825,0.664273221854727,0.921446208434397
2260,"Sambar deer","SBR",1,"dist_str + ndvi_cv + elev + BB + DD",-0.0720609558236871,0.662821346806928,0.930474178327675
2261,"Sambar deer","SBR",1,"dist_str + ndvi_cv + elev + BB + DD",-0.0574353690753061,0.656901296049973,0.944182929487744
2262,"Sambar deer","SBR",1,"dist_str + ndvi_cv + elev + BB + DD",-0.047225042552408,0.643691647140735,0.953872725789744
2263,"Sambar deer","SBR",1,"dist_str + ndvi_cv + elev + BB + DD",-0.0340842712006908,0.658690782920377,0.966490056818731
2264,"Sambar deer","SBR",1,"dist_str + ndvi_cv + elev + BB + DD",-0.06941335678878,0.638535749448675,0.932941030330636
2265,"Sambar deer","SBR",1,"dist_str + ndvi_cv + elev + BB + DD",-0.0710733349970125,0.637205457488878,0.931393586456513
2266,"Sambar deer","SBR",1,"dist_str + ndvi_cv + elev + BB + DD",-0.101963574277439,0.632759847007367,0.90306244577258
2267,"Sambar deer","SBR",1,"dist_str + ndvi_cv + elev + BB + DD",-0.141584775040833,0.630217771831335,0.86798161135569
2268,"Sambar deer","SBR",1,"dist_str + ndvi_cv + elev + BB + DD",-0.229977834155587,0.622486401301828,0.794551217332464
2269,"Sambar deer","SBR",1,"dist_str + ndvi_cv + elev + BB + DD",-0.318239569065218,0.631024895837826,0.727428507977875
2270,"Sambar deer","SBR",1,"dist_str + ndvi_cv + elev + BB + DD",-0.376979199820273,0.632870335179198,0.685930365454151
2271,"Sambar deer","SBR",1,"dist_str + ndvi_cv + elev + BB + DD",-0.425188458688704,0.644278151180771,0.653646588242201
2272,"Sambar deer","SBR",1,"dist_str + ndvi_cv + elev + BB + DD",-0.414436379687317,0.647750613313806,0.660712566901731
2273,"Sambar deer","SBR",1,"dist_str + ndvi_cv + elev + BB + DD",-0.407159782229526,0.660342040373485,0.665537853219495
2274,"Sambar deer","SBR",1,"dist_str + ndvi_cv + elev + BB + DD",-0.380211281559527,0.685875622683844,0.683716937875761
2275,"Sambar deer","SBR",1,"dist_str + ndvi_cv + elev + BB + DD",-0.376233987246599,0.721264814729074,0.686441698786565
2276,"Sambar deer","SBR",1,"dist_str + ndvi_cv + elev + BB + DD",-0.351739018895522,0.788464646913649,0.703463693240804
2277,"Sambar deer","SBR",1,"dist_str + ndvi_cv + elev + BB + DD",-0.356306593944508,0.949917803439113,0.70025790891994
2278,"Sambar deer","SBR",1,"dist_str + ndvi_cv + elev + BB + DD",0.125785602742508,1.01824872993852,1.13403906289767
2279,"Sambar deer","SBR",1,"dist_str + ndvi_cv + elev + BB + DD",0.116172069805995,0.891362337252092,1.12318912454128
2280,"Sambar deer","SBR",1,"dist_str + ndvi_cv + elev + BB + DD",0.115443801814495,0.812188228152703,1.12237144095183
2281,"Sambar deer","SBR",1,"dist_str + ndvi_cv + elev + BB + DD",0.115711687645729,0.774217372383748,1.12267218514562
2282,"Sambar deer","SBR",1,"dist_str + ndvi_cv + elev + BB + DD",0.0867750591309099,0.756805605585294,1.09065132017879
2283,"Sambar deer","SBR",1,"dist_str + ndvi_cv + elev + BB + DD",0.0931163539874724,0.743355376237236,1.09758943681936
2284,"Sambar deer","SBR",1,"dist_str + ndvi_cv + elev + BB + DD",0.0536395537539501,0.730599553957291,1.05510425765216
2285,"Sambar deer","SBR",1,"dist_str + ndvi_cv + elev + BB + DD",0.0407485117526979,0.713650313838835,1.0415901293872
2286,"Sambar deer","SBR",1,"dist_str + ndvi_cv + elev + BB + DD",0.00571619207743698,0.711592115839064,1.00573258845652
2287,"Sambar deer","SBR",1,"dist_str + ndvi_cv + elev + BB + DD",-0.0212036144980281,0.688765292097197,0.979019810536315
2288,"Sambar deer","SBR",1,"dist_str + ndvi_cv + elev + BB + DD",-0.057543014779205,0.668425780295634,0.944081280423752
2289,"Sambar deer","SBR",1,"dist_str + ndvi_cv + elev + BB + DD",-0.106159791054847,0.65957294783475,0.899280945782983
2290,"Sambar deer","SBR",1,"dist_str + ndvi_cv + elev + BB + DD",-0.15147747449309,0.645334467205844,0.85943726196449
2291,"Sambar deer","SBR",1,"dist_str + ndvi_cv + elev + BB + DD",-0.159028611660997,0.639548934104222,0.852971954333613
2292,"Sambar deer","SBR",1,"dist_str + ndvi_cv + elev + BB + DD",-0.166425093344005,0.639222006397504,0.846686237038031
2293,"Sambar deer","SBR",1,"dist_str + ndvi_cv + elev + BB + DD",-0.141955054398054,0.648558493237969,0.867660349418826
2294,"Sambar deer","SBR",1,"dist_str + ndvi_cv + elev + BB + DD",-0.113598790248557,0.656368461515204,0.892616026913777
2295,"Sambar deer","SBR",1,"dist_str + ndvi_cv + elev + BB + DD",-0.114307080295181,0.660201471399901,0.891984003584427
2296,"Sambar deer","SBR",1,"dist_str + ndvi_cv + elev + BB + DD",-0.105874351647369,0.665896833481817,0.899537674102157
2297,"Sambar deer","SBR",1,"dist_str + ndvi_cv + elev + BB + DD",-0.113434649548258,0.64718770825909,0.892762899754889
2298,"Sambar deer","SBR",1,"dist_str + ndvi_cv + elev + BB + DD",-0.0813385744705201,0.648707725323126,0.921881521489141
2299,"Sambar deer","SBR",1,"dist_str + ndvi_cv + elev + BB + DD",-0.102038228618925,0.652513338278538,0.902995031197598
2300,"Sambar deer","SBR",1,"dist_str + ndvi_cv + elev + BB + DD",-0.120627107542132,0.642682077189759,0.8863644165825
2301,"Sambar deer","SBR",1,"dist_str + ndvi_cv + elev + BB + DD",-0.170253823281583,0.650906469529264,0.843450702192935
2302,"Sambar deer","SBR",1,"dist_str + ndvi_cv + elev + BB + DD",-0.192565796258204,0.635653192565597,0.824840195047054
2303,"Sambar deer","SBR",1,"dist_str + ndvi_cv + elev + BB + DD",-0.22731510143133,0.630004369540334,0.796669713012493
2304,"Sambar deer","SBR",1,"dist_str + ndvi_cv + elev + BB + DD",-0.261634021748202,0.622954255860398,0.769792700107486
2305,"Sambar deer","SBR",1,"dist_str + ndvi_cv + elev + BB + DD",-0.305770651202185,0.631411685978382,0.736555541071633
2306,"Sambar deer","SBR",1,"dist_str + ndvi_cv + elev + BB + DD",-0.371987550821607,0.630207659526596,0.689362829390082
2307,"Sambar deer","SBR",1,"dist_str + ndvi_cv + elev + BB + DD",-0.427501717853001,0.632747784964385,0.652136284300816
2308,"Sambar deer","SBR",1,"dist_str + ndvi_cv + elev + BB + DD",-0.464423632611541,0.63105945595081,0.628497248054167
2309,"Sambar deer","SBR",1,"dist_str + ndvi_cv + elev + BB + DD",-0.482194504892143,0.638381186485653,0.617426972042968
2310,"Sambar deer","SBR",1,"dist_str + ndvi_cv + elev + BB + DD",-0.458378931140579,0.657678871264978,0.632307830241685
2311,"Sambar deer","SBR",1,"dist_str + ndvi_cv + elev + BB + DD",-0.443830588875076,0.679632537247572,0.641574103184949
2312,"Sambar deer","SBR",1,"dist_str + ndvi_cv + elev + BB + DD",-0.411007660552914,0.718435184956555,0.662981876963619
2313,"Sambar deer","SBR",1,"dist_str + ndvi_cv + elev + BB + DD",-0.373449253516849,0.803666106242224,0.688355917146782
2314,"Sambar deer","SBR",1,"dist_str + ndvi_cv + elev + BB + DD",0.144529214016585,0.902172352399533,1.15549551975813
2315,"Sambar deer","SBR",1,"dist_str + ndvi_cv + elev + BB + DD",0.126944848280902,0.815502412392025,1.13535440011377
2316,"Sambar deer","SBR",1,"dist_str + ndvi_cv + elev + BB + DD",0.117207373389803,0.781174002527295,1.1243526328083
2317,"Sambar deer","SBR",1,"dist_str + ndvi_cv + elev + BB + DD",0.109812049127626,0.75223731370971,1.11606828508243
2318,"Sambar deer","SBR",1,"dist_str + ndvi_cv + elev + BB + DD",0.105965811498795,0.742531385138615,1.11178386571231
2319,"Sambar deer","SBR",1,"dist_str + ndvi_cv + elev + BB + DD",0.0888509854870597,0.721985292650114,1.09291782640355
2320,"Sambar deer","SBR",1,"dist_str + ndvi_cv + elev + BB + DD",0.083396658290622,0.708842507847334,1.08697290783658
2321,"Sambar deer","SBR",1,"dist_str + ndvi_cv + elev + BB + DD",0.0253474579647502,0.705571185994375,1.025671454842
2322,"Sambar deer","SBR",1,"dist_str + ndvi_cv + elev + BB + DD",-0.0105353225039872,0.688687717521277,0.989519981577248
2323,"Sambar deer","SBR",1,"dist_str + ndvi_cv + elev + BB + DD",-0.0477473547670492,0.674795736556057,0.95337463556854
2324,"Sambar deer","SBR",1,"dist_str + ndvi_cv + elev + BB + DD",-0.125131101542994,0.650196923878488,0.882381216972456
2325,"Sambar deer","SBR",1,"dist_str + ndvi_cv + elev + BB + DD",-0.207606252719859,0.625349564544174,0.812526916374328
2326,"Sambar deer","SBR",1,"dist_str + ndvi_cv + elev + BB + DD",-0.23201083647967,0.62378982881578,0.792937532055452
2327,"Sambar deer","SBR",1,"dist_str + ndvi_cv + elev + BB + DD",-0.222106778615036,0.643630279570993,0.800829855923842
2328,"Sambar deer","SBR",1,"dist_str + ndvi_cv + elev + BB + DD",-0.165862646675607,0.646754859292775,0.847162590354348
2329,"Sambar deer","SBR",1,"dist_str + ndvi_cv + elev + BB + DD",-0.129442940311769,0.649815720348937,0.878584723641272
2330,"Sambar deer","SBR",1,"dist_str + ndvi_cv + elev + BB + DD",-0.128757472349322,0.662616483476641,0.879187188982104
2331,"Sambar deer","SBR",1,"dist_str + ndvi_cv + elev + BB + DD",-0.124205634347541,0.650202131709206,0.883198224082989
2332,"Sambar deer","SBR",1,"dist_str + ndvi_cv + elev + BB + DD",-0.129795590378916,0.650340557151376,0.878274958867965
2333,"Sambar deer","SBR",1,"dist_str + ndvi_cv + elev + BB + DD",-0.141491956268738,0.649437141997126,0.868062204240619
2334,"Sambar deer","SBR",1,"dist_str + ndvi_cv + elev + BB + DD",-0.154612114907735,0.655304567435155,0.856747434154586
2335,"Sambar deer","SBR",1,"dist_str + ndvi_cv + elev + BB + DD",-0.189965644046971,0.64692947962599,0.826987561921544
2336,"Sambar deer","SBR",1,"dist_str + ndvi_cv + elev + BB + DD",-0.243108170156049,0.654886651685689,0.784186686014173
2337,"Sambar deer","SBR",1,"dist_str + ndvi_cv + elev + BB + DD",-0.309928153465212,0.637004581774165,0.733499663713958
2338,"Sambar deer","SBR",1,"dist_str + ndvi_cv + elev + BB + DD",-0.343356573212992,0.629343039365504,0.709385220849577
2339,"Sambar deer","SBR",1,"dist_str + ndvi_cv + elev + BB + DD",-0.347414682238977,0.626766846820487,0.70651229113279
2340,"Sambar deer","SBR",1,"dist_str + ndvi_cv + elev + BB + DD",-0.372507984282838,0.62838855734462,0.6890041578077
2341,"Sambar deer","SBR",1,"dist_str + ndvi_cv + elev + BB + DD",-0.430116407425762,0.622384542020866,0.650433375851766
2342,"Sambar deer","SBR",1,"dist_str + ndvi_cv + elev + BB + DD",-0.534549845335616,0.614056406637559,0.585933001557655
2343,"Sambar deer","SBR",1,"dist_str + ndvi_cv + elev + BB + DD",-0.574863579778405,0.598564276044178,0.562781645275969
2344,"Sambar deer","SBR",1,"dist_str + ndvi_cv + elev + BB + DD",-0.558994108775415,0.623652408068827,0.571783936361702
2345,"Sambar deer","SBR",1,"dist_str + ndvi_cv + elev + BB + DD",-0.471974794530448,0.65959213312514,0.623769239267617
2346,"Sambar deer","SBR",1,"dist_str + ndvi_cv + elev + BB + DD",-0.452445494906057,0.691253350796641,0.636070744616756
2347,"Sambar deer","SBR",1,"dist_str + ndvi_cv + elev + BB + DD",-0.428575575978792,0.731696310774413,0.651436388017834
2348,"Sambar deer","SBR",1,"dist_str + ndvi_cv + elev + BB + DD",-0.407564192033193,0.81186151838617,0.66526876499117
2349,"Sambar deer","SBR",1,"dist_str + ndvi_cv + elev + BB + DD",0.177150706403107,0.906981177493491,1.19381099746612
2350,"Sambar deer","SBR",1,"dist_str + ndvi_cv + elev + BB + DD",0.149639492917688,0.807844015933602,1.16141551296825
2351,"Sambar deer","SBR",1,"dist_str + ndvi_cv + elev + BB + DD",0.160530603280053,0.777933854273448,1.17413373498996
2352,"Sambar deer","SBR",1,"dist_str + ndvi_cv + elev + BB + DD",0.139928539145563,0.759464470086574,1.15019160304274
2353,"Sambar deer","SBR",1,"dist_str + ndvi_cv + elev + BB + DD",0.14433865494539,0.730956294722498,1.15527537125879
2354,"Sambar deer","SBR",1,"dist_str + ndvi_cv + elev + BB + DD",0.106535766634213,0.730085525833434,1.11241772490498
2355,"Sambar deer","SBR",1,"dist_str + ndvi_cv + elev + BB + DD",0.110012273322859,0.710317205159592,1.11629177112963
2356,"Sambar deer","SBR",1,"dist_str + ndvi_cv + elev + BB + DD",0.0628512937247012,0.70815324400679,1.06486852251399
2357,"Sambar deer","SBR",1,"dist_str + ndvi_cv + elev + BB + DD",0.00735406790324425,0.694434972107792,1.00738118089191
2358,"Sambar deer","SBR",1,"dist_str + ndvi_cv + elev + BB + DD",-0.0368958397779833,0.677897494081289,0.963776520484556
2359,"Sambar deer","SBR",1,"dist_str + ndvi_cv + elev + BB + DD",-0.129342577940741,0.648919169411375,0.878672900048969
2360,"Sambar deer","SBR",1,"dist_str + ndvi_cv + elev + BB + DD",-0.249595047037615,0.597059112780088,0.77911623051364
2361,"Sambar deer","SBR",1,"dist_str + ndvi_cv + elev + BB + DD",-0.476554774263173,0.491058812193097,0.62091892899618
2362,"Sambar deer","SBR",1,"dist_str + ndvi_cv + elev + BB + DD",-0.230256888548536,0.620807075644051,0.794329525694913
2363,"Sambar deer","SBR",1,"dist_str + ndvi_cv + elev + BB + DD",-0.176141702086316,0.648326922463566,0.838499164596381
2364,"Sambar deer","SBR",1,"dist_str + ndvi_cv + elev + BB + DD",-0.14715239306026,0.653453635288175,0.863162427797812
2365,"Sambar deer","SBR",1,"dist_str + ndvi_cv + elev + BB + DD",-0.123532746274643,0.65215738128492,0.883792699854046
2366,"Sambar deer","SBR",1,"dist_str + ndvi_cv + elev + BB + DD",-0.127990361864052,0.637394437151021,0.879861862279653
2367,"Sambar deer","SBR",1,"dist_str + ndvi_cv + elev + BB + DD",-0.151019395941694,0.604678760876481,0.859831024912965
2368,"Sambar deer","SBR",1,"dist_str + ndvi_cv + elev + BB + DD",-0.158382250385625,0.639714161112403,0.85352346149416
2369,"Sambar deer","SBR",1,"dist_str + ndvi_cv + elev + BB + DD",-0.183744408561196,0.645100721046168,0.832148542994519
2370,"Sambar deer","SBR",1,"dist_str + ndvi_cv + elev + BB + DD",-0.219616018564832,0.649863419995851,0.802827009847884
2371,"Sambar deer","SBR",1,"dist_str + ndvi_cv + elev + BB + DD",-0.316807080950079,0.635400012762034,0.728471279726339
2372,"Sambar deer","SBR",1,"dist_str + ndvi_cv + elev + BB + DD",-0.55318919037299,0.584370530880262,0.57511274061326
2373,"Sambar deer","SBR",1,"dist_str + ndvi_cv + elev + BB + DD",-0.460658490927784,0.614071584066786,0.630868089860989
2374,"Sambar deer","SBR",1,"dist_str + ndvi_cv + elev + BB + DD",-0.399389432601204,0.623150424389747,0.670729461213428
2375,"Sambar deer","SBR",1,"dist_str + ndvi_cv + elev + BB + DD",-0.397821179344935,0.630697757717619,0.671782152278208
2376,"Sambar deer","SBR",1,"dist_str + ndvi_cv + elev + BB + DD",-0.451681670726714,0.611986351108597,0.636556776849557
2377,"Sambar deer","SBR",1,"dist_str + ndvi_cv + elev + BB + DD",-0.57515658732276,0.585883883929843,0.562616763304251
2378,"Sambar deer","SBR",1,"dist_str + ndvi_cv + elev + BB + DD",-0.894513367425758,0.429331188755616,0.408806490069283
2379,"Sambar deer","SBR",1,"dist_str + ndvi_cv + elev + BB + DD",-0.598151993178395,0.609036997325591,0.549826783425837
2380,"Sambar deer","SBR",1,"dist_str + ndvi_cv + elev + BB + DD",-0.49038985897589,0.646835879754877,0.612387602895276
2381,"Sambar deer","SBR",1,"dist_str + ndvi_cv + elev + BB + DD",-0.450775199452316,0.703161830729967,0.637134063792482
2382,"Sambar deer","SBR",1,"dist_str + ndvi_cv + elev + BB + DD",-0.450245102589937,0.748363583469348,0.637471887678614
2383,"Sambar deer","SBR",1,"dist_str + ndvi_cv + elev + BB + DD",-0.400331750488952,0.831586901319995,0.670097712832087
2384,"Sambar deer","SBR",1,"dist_str + ndvi_cv + elev + BB + DD",-0.394638992126676,0.992217673689871,0.673923296235861
2385,"Sambar deer","SBR",1,"dist_str + ndvi_cv + elev + BB + DD",0.209493047954222,0.892476492812315,1.23305280635374
2386,"Sambar deer","SBR",1,"dist_str + ndvi_cv + elev + BB + DD",0.193587414425811,0.808112754062129,1.21359546974659
2387,"Sambar deer","SBR",1,"dist_str + ndvi_cv + elev + BB + DD",0.195733468987115,0.776115377321453,1.21620271188447
2388,"Sambar deer","SBR",1,"dist_str + ndvi_cv + elev + BB + DD",0.178932989134126,0.75975780848795,1.19594068962482
2389,"Sambar deer","SBR",1,"dist_str + ndvi_cv + elev + BB + DD",0.167776185106827,0.739435776075257,1.18267188389137
2390,"Sambar deer","SBR",1,"dist_str + ndvi_cv + elev + BB + DD",0.133920351341417,0.745155182385842,1.14330176720767
2391,"Sambar deer","SBR",1,"dist_str + ndvi_cv + elev + BB + DD",0.105610441952471,0.714116994758171,1.11138884173406
2392,"Sambar deer","SBR",1,"dist_str + ndvi_cv + elev + BB + DD",0.0985275885761239,0.699894628484531,1.1035448540602
2393,"Sambar deer","SBR",1,"dist_str + ndvi_cv + elev + BB + DD",0.0666437749790477,0.700407279837467,1.06891463731547
2394,"Sambar deer","SBR",1,"dist_str + ndvi_cv + elev + BB + DD",0.0113146575560323,0.678264987517559,1.01137906483179
2395,"Sambar deer","SBR",1,"dist_str + ndvi_cv + elev + BB + DD",-0.0820314457009339,0.654380423364837,0.921242989260554
2396,"Sambar deer","SBR",1,"dist_str + ndvi_cv + elev + BB + DD",-0.179879290361421,0.634098249284654,0.835371043370288
2397,"Sambar deer","SBR",1,"dist_str + ndvi_cv + elev + BB + DD",-0.258557667151836,0.580727885610555,0.772164501290266
2398,"Sambar deer","SBR",1,"dist_str + ndvi_cv + elev + BB + DD",-0.186689027804767,0.627518179716821,0.829701711191439
2399,"Sambar deer","SBR",1,"dist_str + ndvi_cv + elev + BB + DD",-0.13124140746423,0.6423154643611,0.877006040295795
2400,"Sambar deer","SBR",1,"dist_str + ndvi_cv + elev + BB + DD",-0.111892336211019,0.647705434652728,0.894140523625687
2401,"Sambar deer","SBR",1,"dist_str + ndvi_cv + elev + BB + DD",-0.092780769380839,0.646212690678059,0.911393310051346
2402,"Sambar deer","SBR",1,"dist_str + ndvi_cv + elev + BB + DD",-0.119624974524579,0.623595304467665,0.887253119972818
2403,"Sambar deer","SBR",1,"dist_str + ndvi_cv + elev + BB + DD",-0.147025562719943,0.624765147691457,0.863271936178383
2404,"Sambar deer","SBR",1,"dist_str + ndvi_cv + elev + BB + DD",-0.152617964536484,0.632123764454025,0.858457637103273
2405,"Sambar deer","SBR",1,"dist_str + ndvi_cv + elev + BB + DD",-0.178271872661399,0.653841581859632,0.836714914381868
2406,"Sambar deer","SBR",1,"dist_str + ndvi_cv + elev + BB + DD",-0.235196433936216,0.656554432085336,0.790415570344411
2407,"Sambar deer","SBR",1,"dist_str + ndvi_cv + elev + BB + DD",-0.332738813397413,0.630430864878193,0.716957460893227
2408,"Sambar deer","SBR",1,"dist_str + ndvi_cv + elev + BB + DD",-0.430600537969202,0.60177393709311,0.650118556591035
2409,"Sambar deer","SBR",1,"dist_str + ndvi_cv + elev + BB + DD",-0.413038396900813,0.633038043409528,0.661636888627119
2410,"Sambar deer","SBR",1,"dist_str + ndvi_cv + elev + BB + DD",-0.377434944334205,0.64091541400171,0.68561780892402
2411,"Sambar deer","SBR",1,"dist_str + ndvi_cv + elev + BB + DD",-0.381118199474535,0.631583997679813,0.683097143869458
2412,"Sambar deer","SBR",1,"dist_str + ndvi_cv + elev + BB + DD",-0.436258476512266,0.616904578571538,0.646450617143483
2413,"Sambar deer","SBR",1,"dist_str + ndvi_cv + elev + BB + DD",-0.557571576610509,0.590975900193193,0.572597888252085
2414,"Sambar deer","SBR",1,"dist_str + ndvi_cv + elev + BB + DD",-0.740058151296003,0.489997630668527,0.477086186400827
2415,"Sambar deer","SBR",1,"dist_str + ndvi_cv + elev + BB + DD",-0.574831484719366,0.60631242777096,0.562799701175498
2416,"Sambar deer","SBR",1,"dist_str + ndvi_cv + elev + BB + DD",-0.469670982009084,0.670789687345239,0.625207951089672
2417,"Sambar deer","SBR",1,"dist_str + ndvi_cv + elev + BB + DD",-0.436203095615746,0.704819651029659,0.646486414116271
2418,"Sambar deer","SBR",1,"dist_str + ndvi_cv + elev + BB + DD",-0.404143578769386,0.762514557559226,0.667548268973972
2419,"Sambar deer","SBR",1,"dist_str + ndvi_cv + elev + BB + DD",-0.409489389627786,0.834285651884765,0.663989208641581
2420,"Sambar deer","SBR",1,"dist_str + ndvi_cv + elev + BB + DD",-0.390393318025095,0.990605885638758,0.676790628456926
2421,"Sambar deer","SBR",1,"dist_str + ndvi_cv + elev + BB + DD",0.22424045846408,1.01693466028138,1.25137202151621
2422,"Sambar deer","SBR",1,"dist_str + ndvi_cv + elev + BB + DD",0.2525346957054,0.876241878015179,1.28728416298209
2423,"Sambar deer","SBR",1,"dist_str + ndvi_cv + elev + BB + DD",0.240705372297218,0.814619901032985,1.27214623064337
2424,"Sambar deer","SBR",1,"dist_str + ndvi_cv + elev + BB + DD",0.224618919734128,0.782247736684335,1.25184559994688
2425,"Sambar deer","SBR",1,"dist_str + ndvi_cv + elev + BB + DD",0.198700638889663,0.765422950443471,1.21981676956356
2426,"Sambar deer","SBR",1,"dist_str + ndvi_cv + elev + BB + DD",0.215715078544115,0.749662605878144,1.24074895913242
2427,"Sambar deer","SBR",1,"dist_str + ndvi_cv + elev + BB + DD",0.192214592763804,0.73583567790703,1.21193056726877
2428,"Sambar deer","SBR",1,"dist_str + ndvi_cv + elev + BB + DD",0.165008112930198,0.719913334222592,1.1794027153305
2429,"Sambar deer","SBR",1,"dist_str + ndvi_cv + elev + BB + DD",0.156565192696354,0.709327213862649,1.16948700899473
2430,"Sambar deer","SBR",1,"dist_str + ndvi_cv + elev + BB + DD",0.112281562693222,0.692859733316098,1.11882783849362
2431,"Sambar deer","SBR",1,"dist_str + ndvi_cv + elev + BB + DD",0.0753618673972876,0.682812538042305,1.07827427263173
2432,"Sambar deer","SBR",1,"dist_str + ndvi_cv + elev + BB + DD",-0.000483120950117407,0.671534070047069,0.999517008699671
2433,"Sambar deer","SBR",1,"dist_str + ndvi_cv + elev + BB + DD",-0.0530308369849588,0.649434821524718,0.948350769594079
2434,"Sambar deer","SBR",1,"dist_str + ndvi_cv + elev + BB + DD",-0.07646853750896,0.645835017059572,0.926382071921475
2435,"Sambar deer","SBR",1,"dist_str + ndvi_cv + elev + BB + DD",-0.0818460001645717,0.64906606780654,0.921413853784895
2436,"Sambar deer","SBR",1,"dist_str + ndvi_cv + elev + BB + DD",-0.0880924724332272,0.650063954319041,0.915676217915395
2437,"Sambar deer","SBR",1,"dist_str + ndvi_cv + elev + BB + DD",-0.0710122995937432,0.656263594451335,0.931450435608597
2438,"Sambar deer","SBR",1,"dist_str + ndvi_cv + elev + BB + DD",-0.0724070628738813,0.64646948801608,0.930152190002389
2439,"Sambar deer","SBR",1,"dist_str + ndvi_cv + elev + BB + DD",-0.0937452037565236,0.645891479340935,0.910514730071195
2440,"Sambar deer","SBR",1,"dist_str + ndvi_cv + elev + BB + DD",-0.10612614143908,0.64447032474979,0.899311209424736
2441,"Sambar deer","SBR",1,"dist_str + ndvi_cv + elev + BB + DD",-0.137074018290515,0.651129291611623,0.871905696355763
2442,"Sambar deer","SBR",1,"dist_str + ndvi_cv + elev + BB + DD",-0.16954510621378,0.657118445013747,0.844048682716545
2443,"Sambar deer","SBR",1,"dist_str + ndvi_cv + elev + BB + DD",-0.221375691244117,0.651934494373595,0.801415539685922
2444,"Sambar deer","SBR",1,"dist_str + ndvi_cv + elev + BB + DD",-0.272942948557084,0.643366198826141,0.761136212307544
2445,"Sambar deer","SBR",1,"dist_str + ndvi_cv + elev + BB + DD",-0.311745589568454,0.624670523201392,0.732167788064333
2446,"Sambar deer","SBR",1,"dist_str + ndvi_cv + elev + BB + DD",-0.334615837253083,0.633709436732302,0.715612953306064
2447,"Sambar deer","SBR",1,"dist_str + ndvi_cv + elev + BB + DD",-0.317741094071764,0.639162881593181,0.727791196846713
2448,"Sambar deer","SBR",1,"dist_str + ndvi_cv + elev + BB + DD",-0.337605276828759,0.630461896313267,0.713476860369177
2449,"Sambar deer","SBR",1,"dist_str + ndvi_cv + elev + BB + DD",-0.351550472121195,0.625955821262053,0.703596340183031
2450,"Sambar deer","SBR",1,"dist_str + ndvi_cv + elev + BB + DD",-0.410385094927715,0.612190135850451,0.663394732458288
2451,"Sambar deer","SBR",1,"dist_str + ndvi_cv + elev + BB + DD",-0.439319352494104,0.617161274473386,0.644474932436796
2452,"Sambar deer","SBR",1,"dist_str + ndvi_cv + elev + BB + DD",-0.44173056648185,0.634270205173305,0.642922839697322
2453,"Sambar deer","SBR",1,"dist_str + ndvi_cv + elev + BB + DD",-0.409648684391594,0.680676806718298,0.663883449907931
2454,"Sambar deer","SBR",1,"dist_str + ndvi_cv + elev + BB + DD",-0.388445677709122,0.725306470951772,0.678110058889865
2455,"Sambar deer","SBR",1,"dist_str + ndvi_cv + elev + BB + DD",-0.377722174318416,0.786000893632333,0.685420945909778
2456,"Sambar deer","SBR",1,"dist_str + ndvi_cv + elev + BB + DD",-0.406856444064554,0.883699987704619,0.665739779723548
2457,"Sambar deer","SBR",1,"dist_str + ndvi_cv + elev + BB + DD",0.244846172530746,0.981785980631769,1.2774248178069
2458,"Sambar deer","SBR",1,"dist_str + ndvi_cv + elev + BB + DD",0.242083107496165,0.87174811949344,1.27390015953408
2459,"Sambar deer","SBR",1,"dist_str + ndvi_cv + elev + BB + DD",0.269963040751028,0.820041191141606,1.30991604279316
2460,"Sambar deer","SBR",1,"dist_str + ndvi_cv + elev + BB + DD",0.247783121418124,0.789124151685058,1.28118215900015
2461,"Sambar deer","SBR",1,"dist_str + ndvi_cv + elev + BB + DD",0.23659714865121,0.766084983196972,1.26693063756593
2462,"Sambar deer","SBR",1,"dist_str + ndvi_cv + elev + BB + DD",0.243573214499427,0.744653569109799,1.27579975925315
2463,"Sambar deer","SBR",1,"dist_str + ndvi_cv + elev + BB + DD",0.224378994659828,0.744352807193266,1.25154526017616
2464,"Sambar deer","SBR",1,"dist_str + ndvi_cv + elev + BB + DD",0.198318782291982,0.731882567051213,1.21935103944573
2465,"Sambar deer","SBR",1,"dist_str + ndvi_cv + elev + BB + DD",0.1916463038746,0.707146525553715,1.21124202965741
2466,"Sambar deer","SBR",1,"dist_str + ndvi_cv + elev + BB + DD",0.143345039650781,0.705552836799409,1.15412795722028
2467,"Sambar deer","SBR",1,"dist_str + ndvi_cv + elev + BB + DD",0.112551502795287,0.676853458017395,1.11912989658906
2468,"Sambar deer","SBR",1,"dist_str + ndvi_cv + elev + BB + DD",0.0908634139311648,0.67029762367609,1.09511957690356
2469,"Sambar deer","SBR",1,"dist_str + ndvi_cv + elev + BB + DD",0.0418996221434061,0.660520030733038,1.04278980111743
2470,"Sambar deer","SBR",1,"dist_str + ndvi_cv + elev + BB + DD",0.0234244647990203,0.671374028453354,1.02370098217773
2471,"Sambar deer","SBR",1,"dist_str + ndvi_cv + elev + BB + DD",-0.0014117010122188,0.645250311599643,0.998589310789969
2472,"Sambar deer","SBR",1,"dist_str + ndvi_cv + elev + BB + DD",0.00498306243474367,0.654472340529914,1.00499554298133
2473,"Sambar deer","SBR",1,"dist_str + ndvi_cv + elev + BB + DD",-0.00486610973214783,0.666363652363626,0.995145719745482
2474,"Sambar deer","SBR",1,"dist_str + ndvi_cv + elev + BB + DD",0.00098436211194468,0.660735979019755,1.00098484764077
2475,"Sambar deer","SBR",1,"dist_str + ndvi_cv + elev + BB + DD",-0.0388506747486504,0.649614094443026,0.961894336217263
2476,"Sambar deer","SBR",1,"dist_str + ndvi_cv + elev + BB + DD",-0.0748497344082658,0.652802022799985,0.927882904857277
2477,"Sambar deer","SBR",1,"dist_str + ndvi_cv + elev + BB + DD",-0.0945525524961894,0.65381560665763,0.909779924149073
2478,"Sambar deer","SBR",1,"dist_str + ndvi_cv + elev + BB + DD",-0.161004419096468,0.651760574823574,0.85128850253441
2479,"Sambar deer","SBR",1,"dist_str + ndvi_cv + elev + BB + DD",-0.191487205696386,0.656753898931689,0.825730190159683
2480,"Sambar deer","SBR",1,"dist_str + ndvi_cv + elev + BB + DD",-0.240826134534598,0.649100789926803,0.78597827466169
2481,"Sambar deer","SBR",1,"dist_str + ndvi_cv + elev + BB + DD",-0.284710366551787,0.629517671712446,0.752232116754329
2482,"Sambar deer","SBR",1,"dist_str + ndvi_cv + elev + BB + DD",-0.273567427895621,0.649155551616022,0.760661045643716
2483,"Sambar deer","SBR",1,"dist_str + ndvi_cv + elev + BB + DD",-0.284877618148994,0.632377919480535,0.752106293672616
2484,"Sambar deer","SBR",1,"dist_str + ndvi_cv + elev + BB + DD",-0.251156945053972,0.615473060798153,0.777900274412402
2485,"Sambar deer","SBR",1,"dist_str + ndvi_cv + elev + BB + DD",-0.242225491111465,0.625210776547365,0.784879180336065
2486,"Sambar deer","SBR",1,"dist_str + ndvi_cv + elev + BB + DD",-0.27830057579875,0.617711610981446,0.757069290781732
2487,"Sambar deer","SBR",1,"dist_str + ndvi_cv + elev + BB + DD",-0.301354520146484,0.62839422562549,0.739815487095607
2488,"Sambar deer","SBR",1,"dist_str + ndvi_cv + elev + BB + DD",-0.322301125765507,0.650471671173672,0.724479997976458
2489,"Sambar deer","SBR",1,"dist_str + ndvi_cv + elev + BB + DD",-0.353460238540063,0.684462421173192,0.702253926304874
2490,"Sambar deer","SBR",1,"dist_str + ndvi_cv + elev + BB + DD",-0.330694857270378,0.746807059431517,0.718424466472564
2491,"Sambar deer","SBR",1,"dist_str + ndvi_cv + elev + BB + DD",-0.357967251226208,0.854355712188071,0.699095970541943
2492,"Sambar deer","SBR",1,"dist_str + ndvi_cv + elev + BB + DD",0.314397212314043,1.0185383585935,1.36943358501292
2493,"Sambar deer","SBR",1,"dist_str + ndvi_cv + elev + BB + DD",0.271073087347702,0.887205280002752,1.31137107898439
2494,"Sambar deer","SBR",1,"dist_str + ndvi_cv + elev + BB + DD",0.287328561571639,0.818108979097774,1.33286206881676
2495,"Sambar deer","SBR",1,"dist_str + ndvi_cv + elev + BB + DD",0.274552619009337,0.793083434612048,1.31594181834045
2496,"Sambar deer","SBR",1,"dist_str + ndvi_cv + elev + BB + DD",0.279952701819669,0.775194187126882,1.3230672341848
2497,"Sambar deer","SBR",1,"dist_str + ndvi_cv + elev + BB + DD",0.277503373309315,0.74196530551099,1.31983058184813
2498,"Sambar deer","SBR",1,"dist_str + ndvi_cv + elev + BB + DD",0.248329378020967,0.739097640814336,1.28188208761227
2499,"Sambar deer","SBR",1,"dist_str + ndvi_cv + elev + BB + DD",0.257585986074993,0.729782388259184,1.29380306081389
2500,"Sambar deer","SBR",1,"dist_str + ndvi_cv + elev + BB + DD",0.225850566738357,0.714837082756813,1.25338836739999
2501,"Sambar deer","SBR",1,"dist_str + ndvi_cv + elev + BB + DD",0.203992857230197,0.709746124039666,1.22628939665776
2502,"Sambar deer","SBR",1,"dist_str + ndvi_cv + elev + BB + DD",0.186490223911028,0.698536910893441,1.20501284172941
2503,"Sambar deer","SBR",1,"dist_str + ndvi_cv + elev + BB + DD",0.162675751342861,0.678782993994481,1.17665509903465
2504,"Sambar deer","SBR",1,"dist_str + ndvi_cv + elev + BB + DD",0.148260862923981,0.67503466188433,1.1598154613718
2505,"Sambar deer","SBR",1,"dist_str + ndvi_cv + elev + BB + DD",0.10189634617322,0.666422459996267,1.10726869809671
2506,"Sambar deer","SBR",1,"dist_str + ndvi_cv + elev + BB + DD",0.0893122091244041,0.660549206952813,1.09342201102217
2507,"Sambar deer","SBR",1,"dist_str + ndvi_cv + elev + BB + DD",0.0692493093495595,0.654650590738935,1.07170336189486
2508,"Sambar deer","SBR",1,"dist_str + ndvi_cv + elev + BB + DD",0.0596713905347105,0.66370813057799,1.06148767748265
2509,"Sambar deer","SBR",1,"dist_str + ndvi_cv + elev + BB + DD",0.0288632740355861,0.651951137904129,1.02928386390127
2510,"Sambar deer","SBR",1,"dist_str + ndvi_cv + elev + BB + DD",0.00270062372007893,0.643101555562421,1.00270428310327
2511,"Sambar deer","SBR",1,"dist_str + ndvi_cv + elev + BB + DD",-0.0151818791862177,0.642357128858329,0.98493278453984
2512,"Sambar deer","SBR",1,"dist_str + ndvi_cv + elev + BB + DD",-0.0576283538464533,0.653680832002689,0.94400072266013
2513,"Sambar deer","SBR",1,"dist_str + ndvi_cv + elev + BB + DD",-0.127916118096028,0.651937828313944,0.879927188369464
2514,"Sambar deer","SBR",1,"dist_str + ndvi_cv + elev + BB + DD",-0.178052798746236,0.643560531741056,0.836898235153763
2515,"Sambar deer","SBR",1,"dist_str + ndvi_cv + elev + BB + DD",-0.217964089928949,0.648719072926759,0.804154333860044
2516,"Sambar deer","SBR",1,"dist_str + ndvi_cv + elev + BB + DD",-0.22143230140564,0.655295049563221,0.801370174480601
2517,"Sambar deer","SBR",1,"dist_str + ndvi_cv + elev + BB + DD",-0.236717016357124,0.634003050188821,0.78921459129067
2518,"Sambar deer","SBR",1,"dist_str + ndvi_cv + elev + BB + DD",-0.214144133401362,0.626252069554053,0.807232062095412
2519,"Sambar deer","SBR",1,"dist_str + ndvi_cv + elev + BB + DD",-0.153188047421553,0.611010801787508,0.857968374283171
2520,"Sambar deer","SBR",1,"dist_str + ndvi_cv + elev + BB + DD",-0.0958712674483475,0.596837757106749,0.908580973161929
2521,"Sambar deer","SBR",1,"dist_str + ndvi_cv + elev + BB + DD",-0.0962578874340365,0.59584535256028,0.908229766324241
2522,"Sambar deer","SBR",1,"dist_str + ndvi_cv + elev + BB + DD",-0.168511878319723,0.626758055689147,0.844921273372925
2523,"Sambar deer","SBR",1,"dist_str + ndvi_cv + elev + BB + DD",-0.218312812032425,0.657087620359622,0.803873942423918
2524,"Sambar deer","SBR",1,"dist_str + ndvi_cv + elev + BB + DD",-0.264708784959401,0.70374137530636,0.767429406709312
2525,"Sambar deer","SBR",1,"dist_str + ndvi_cv + elev + BB + DD",-0.288335472236824,0.786836437491016,0.749510115571856
2526,"Sambar deer","SBR",1,"dist_str + ndvi_cv + elev + BB + DD",0.315747538346436,0.875143132872556,1.37128401536165
2527,"Sambar deer","SBR",1,"dist_str + ndvi_cv + elev + BB + DD",0.323644092538505,0.81587713339599,1.38215530293611
2528,"Sambar deer","SBR",1,"dist_str + ndvi_cv + elev + BB + DD",0.335105043566355,0.793310085827687,1.39808723762303
2529,"Sambar deer","SBR",1,"dist_str + ndvi_cv + elev + BB + DD",0.313342389527019,0.76132995363568,1.36798984948159
2530,"Sambar deer","SBR",1,"dist_str + ndvi_cv + elev + BB + DD",0.311618152497273,0.766087722435053,1.36563316390102
2531,"Sambar deer","SBR",1,"dist_str + ndvi_cv + elev + BB + DD",0.295303130086503,0.753450146193084,1.34353356616384
2532,"Sambar deer","SBR",1,"dist_str + ndvi_cv + elev + BB + DD",0.29040388336673,0.736584108218146,1.33696736107592
2533,"Sambar deer","SBR",1,"dist_str + ndvi_cv + elev + BB + DD",0.288615854628205,0.723869997120926,1.33457895773641
2534,"Sambar deer","SBR",1,"dist_str + ndvi_cv + elev + BB + DD",0.260718630416424,0.705645761157648,1.29786243514567
2535,"Sambar deer","SBR",1,"dist_str + ndvi_cv + elev + BB + DD",0.260347069703727,0.700653363663893,1.29738029217336
2536,"Sambar deer","SBR",1,"dist_str + ndvi_cv + elev + BB + DD",0.229319600401259,0.686366242362821,1.25774398797464
2537,"Sambar deer","SBR",1,"dist_str + ndvi_cv + elev + BB + DD",0.204610522765393,0.672052018158897,1.2270470667171
2538,"Sambar deer","SBR",1,"dist_str + ndvi_cv + elev + BB + DD",0.197425046446853,0.655907439625414,1.21826179401173
2539,"Sambar deer","SBR",1,"dist_str + ndvi_cv + elev + BB + DD",0.172734801958201,0.657004212083371,1.18855086709536
2540,"Sambar deer","SBR",1,"dist_str + ndvi_cv + elev + BB + DD",0.144871734227478,0.659335167756926,1.15589134602648
2541,"Sambar deer","SBR",1,"dist_str + ndvi_cv + elev + BB + DD",0.117725449895863,0.663258470107188,1.12493522633992
2542,"Sambar deer","SBR",1,"dist_str + ndvi_cv + elev + BB + DD",0.084313697218103,0.645974893833679,1.08797013830705
2543,"Sambar deer","SBR",1,"dist_str + ndvi_cv + elev + BB + DD",0.0529069896166459,0.634231149613514,1.05433157705713
2544,"Sambar deer","SBR",1,"dist_str + ndvi_cv + elev + BB + DD",0.0174354618291372,0.632033479892232,1.01758834902452
2545,"Sambar deer","SBR",1,"dist_str + ndvi_cv + elev + BB + DD",-0.0356364807895961,0.641191609204251,0.964991026460434
2546,"Sambar deer","SBR",1,"dist_str + ndvi_cv + elev + BB + DD",-0.0907939053888125,0.652053821502435,0.913205912891342
2547,"Sambar deer","SBR",1,"dist_str + ndvi_cv + elev + BB + DD",-0.13271783104531,0.651323424860347,0.875712159810154
2548,"Sambar deer","SBR",1,"dist_str + ndvi_cv + elev + BB + DD",-0.182620056374666,0.641975427831384,0.833084622810004
2549,"Sambar deer","SBR",1,"dist_str + ndvi_cv + elev + BB + DD",-0.223923348110006,0.631267802598165,0.799376405736928
2550,"Sambar deer","SBR",1,"dist_str + ndvi_cv + elev + BB + DD",-0.233457022799861,0.630314235983056,0.791791624573973
2551,"Sambar deer","SBR",1,"dist_str + ndvi_cv + elev + BB + DD",-0.169633429028216,0.617952524445173,0.843974141427291
2552,"Sambar deer","SBR",1,"dist_str + ndvi_cv + elev + BB + DD",-0.0548796936142775,0.593267015733171,0.946599023394661
2553,"Sambar deer","SBR",1,"dist_str + ndvi_cv + elev + BB + DD",0.125402609061662,0.519646675502939,1.13360476253417
2554,"Sambar deer","SBR",1,"dist_str + ndvi_cv + elev + BB + DD",0.112474396525834,0.531970906527411,1.1190436128986
2555,"Sambar deer","SBR",1,"dist_str + ndvi_cv + elev + BB + DD",-0.0519765733936659,0.605626950980619,0.949351109514805
2556,"Sambar deer","SBR",1,"dist_str + ndvi_cv + elev + BB + DD",-0.116856408391288,0.66997817816215,0.889712940492116
2557,"Sambar deer","SBR",1,"dist_str + ndvi_cv + elev + BB + DD",-0.178898766019306,0.738028400486185,0.836190546012554
2558,"Sambar deer","SBR",1,"dist_str + ndvi_cv + elev + BB + DD",-0.208892964755577,0.894170543181164,0.811482154117064
2559,"Sambar deer","SBR",1,"dist_str + ndvi_cv + elev + BB + DD",0.38387791441127,1.01605290775807,1.46796649834665
2560,"Sambar deer","SBR",1,"dist_str + ndvi_cv + elev + BB + DD",0.37626543040385,0.876518105887752,1.45683392905248
2561,"Sambar deer","SBR",1,"dist_str + ndvi_cv + elev + BB + DD",0.37657328604861,0.825899592382775,1.45728233404557
2562,"Sambar deer","SBR",1,"dist_str + ndvi_cv + elev + BB + DD",0.367325569963423,0.80129208877228,1.44386798616047
2563,"Sambar deer","SBR",1,"dist_str + ndvi_cv + elev + BB + DD",0.361334462840828,0.793685561553561,1.43524341713096
2564,"Sambar deer","SBR",1,"dist_str + ndvi_cv + elev + BB + DD",0.337688113486656,0.773245525220729,1.40170326543367
2565,"Sambar deer","SBR",1,"dist_str + ndvi_cv + elev + BB + DD",0.330167988715328,0.755368513597887,1.39120225217922
2566,"Sambar deer","SBR",1,"dist_str + ndvi_cv + elev + BB + DD",0.351946072154946,0.748422416186682,1.42183186717528
2567,"Sambar deer","SBR",1,"dist_str + ndvi_cv + elev + BB + DD",0.358345142766073,0.729052496074599,1.43095947923121
2568,"Sambar deer","SBR",1,"dist_str + ndvi_cv + elev + BB + DD",0.335427240535617,0.719903800147489,1.3985377722134
2569,"Sambar deer","SBR",1,"dist_str + ndvi_cv + elev + BB + DD",0.347325476004207,0.716065116539195,1.4152773771275
2570,"Sambar deer","SBR",1,"dist_str + ndvi_cv + elev + BB + DD",0.316480911273776,0.691226603773583,1.37229004907873
2571,"Sambar deer","SBR",1,"dist_str + ndvi_cv + elev + BB + DD",0.315423044530144,0.671243392636852,1.37083913439503
2572,"Sambar deer","SBR",1,"dist_str + ndvi_cv + elev + BB + DD",0.287274216649803,0.594605105164533,1.33278963938344
2573,"Sambar deer","SBR",1,"dist_str + ndvi_cv + elev + BB + DD",0.266307188890867,0.577108150341044,1.30513592831756
2574,"Sambar deer","SBR",1,"dist_str + ndvi_cv + elev + BB + DD",0.235279595361844,0.660955819362906,1.26526248108893
2575,"Sambar deer","SBR",1,"dist_str + ndvi_cv + elev + BB + DD",0.187896929273623,0.661901756850945,1.20670913447267
2576,"Sambar deer","SBR",1,"dist_str + ndvi_cv + elev + BB + DD",0.132732671746354,0.65280970060377,1.14194468344613
2577,"Sambar deer","SBR",1,"dist_str + ndvi_cv + elev + BB + DD",0.108828498791901,0.515928721461238,1.11497112908309
2578,"Sambar deer","SBR",1,"dist_str + ndvi_cv + elev + BB + DD",0.0697776631142392,0.565673790714242,1.07226976804153
2579,"Sambar deer","SBR",1,"dist_str + ndvi_cv + elev + BB + DD",0.0187278900556029,0.633508126670612,1.01890440202778
2580,"Sambar deer","SBR",1,"dist_str + ndvi_cv + elev + BB + DD",-0.0384335664896451,0.651233209963849,0.962295634953276
2581,"Sambar deer","SBR",1,"dist_str + ndvi_cv + elev + BB + DD",-0.100314958377182,0.641690340379101,0.90455247683228
2582,"Sambar deer","SBR",1,"dist_str + ndvi_cv + elev + BB + DD",-0.147252238687544,0.643974705081264,0.863076261255137
2583,"Sambar deer","SBR",1,"dist_str + ndvi_cv + elev + BB + DD",-0.332141947494538,0.591600176032706,0.717385485197419
2584,"Sambar deer","SBR",1,"dist_str + ndvi_cv + elev + BB + DD",-0.296906218494319,0.587118052778167,0.743113699558764
2585,"Sambar deer","SBR",1,"dist_str + ndvi_cv + elev + BB + DD",-0.136133704262391,0.618865102626047,0.87272595390709
2586,"Sambar deer","SBR",1,"dist_str + ndvi_cv + elev + BB + DD",-0.0315661124877838,0.604847901371945,0.968926899694671
2587,"Sambar deer","SBR",1,"dist_str + ndvi_cv + elev + BB + DD",0.127263612688974,0.546319247386254,1.13571636784286
2588,"Sambar deer","SBR",1,"dist_str + ndvi_cv + elev + BB + DD",0.257686125525432,0.469985411272335,1.29393262246491
2589,"Sambar deer","SBR",1,"dist_str + ndvi_cv + elev + BB + DD",0.0140305983545826,0.613687630194345,1.01412958893026
2590,"Sambar deer","SBR",1,"dist_str + ndvi_cv + elev + BB + DD",-0.0455533599194837,0.672695260152467,0.955468618486751
2591,"Sambar deer","SBR",1,"dist_str + ndvi_cv + elev + BB + DD",-0.0879333734474985,0.764944969116547,0.915821892850015
2592,"Sambar deer","SBR",1,"dist_str + ndvi_cv + elev + BB + DD",0.417947544393021,0.940845070584649,1.51884102919408
2593,"Sambar deer","SBR",1,"dist_str + ndvi_cv + elev + BB + DD",0.382796209890406,0.866720879888541,1.46637916607157
2594,"Sambar deer","SBR",1,"dist_str + ndvi_cv + elev + BB + DD",0.398061108182888,0.83624072697986,1.48893501330081
2595,"Sambar deer","SBR",1,"dist_str + ndvi_cv + elev + BB + DD",0.373058372241611,0.812716043305115,1.45216911546083
2596,"Sambar deer","SBR",1,"dist_str + ndvi_cv + elev + BB + DD",0.390196641701965,0.780827391935205,1.47727126677055
2597,"Sambar deer","SBR",1,"dist_str + ndvi_cv + elev + BB + DD",0.396441675448367,0.771457056385141,1.48652573475199
2598,"Sambar deer","SBR",1,"dist_str + ndvi_cv + elev + BB + DD",0.398334689806137,0.770782625066622,1.48934241510547
2599,"Sambar deer","SBR",1,"dist_str + ndvi_cv + elev + BB + DD",0.412817047996928,0.758803739666872,1.51106855161315
2600,"Sambar deer","SBR",1,"dist_str + ndvi_cv + elev + BB + DD",0.401918626520622,0.74324978673252,1.49468973514365
2601,"Sambar deer","SBR",1,"dist_str + ndvi_cv + elev + BB + DD",0.406251119142315,0.736797365272379,1.50117949143701
2602,"Sambar deer","SBR",1,"dist_str + ndvi_cv + elev + BB + DD",0.427504848082299,0.708433266748066,1.53342661571424
2603,"Sambar deer","SBR",1,"dist_str + ndvi_cv + elev + BB + DD",0.414130530474319,0.712796793255105,1.51305465344877
2604,"Sambar deer","SBR",1,"dist_str + ndvi_cv + elev + BB + DD",0.40801880850349,0.674125254762876,1.50383545136187
2605,"Sambar deer","SBR",1,"dist_str + ndvi_cv + elev + BB + DD",0.367658519657852,0.661379976014861,1.44434875214857
2606,"Sambar deer","SBR",1,"dist_str + ndvi_cv + elev + BB + DD",0.345214307805456,0.658953128037784,1.41229256455832
2607,"Sambar deer","SBR",1,"dist_str + ndvi_cv + elev + BB + DD",0.309486486404788,0.658192520040684,1.36272520882943
2608,"Sambar deer","SBR",1,"dist_str + ndvi_cv + elev + BB + DD",0.283157616724015,0.662868288092784,1.32731435243345
2609,"Sambar deer","SBR",1,"dist_str + ndvi_cv + elev + BB + DD",0.210564255032376,0.65960246242408,1.23437442866747
2610,"Sambar deer","SBR",1,"dist_str + ndvi_cv + elev + BB + DD",0.15956726173248,0.646642143340232,1.17300315780583
2611,"Sambar deer","SBR",1,"dist_str + ndvi_cv + elev + BB + DD",0.118375685217127,0.63782069784277,1.12566694999346
2612,"Sambar deer","SBR",1,"dist_str + ndvi_cv + elev + BB + DD",0.0827187640100999,0.645033484280769,1.08623628155102
2613,"Sambar deer","SBR",1,"dist_str + ndvi_cv + elev + BB + DD",0.00375712331408709,0.64739413506473,1.00376419066633
2614,"Sambar deer","SBR",1,"dist_str + ndvi_cv + elev + BB + DD",-0.038590660169751,0.647831538687749,0.962144474014511
2615,"Sambar deer","SBR",1,"dist_str + ndvi_cv + elev + BB + DD",-0.093224671041801,0.650347102668126,0.910988827429196
2616,"Sambar deer","SBR",1,"dist_str + ndvi_cv + elev + BB + DD",-0.148809240236747,0.642295650215004,0.861733483704241
2617,"Sambar deer","SBR",1,"dist_str + ndvi_cv + elev + BB + DD",-0.143297113131267,0.642472478764749,0.866496583531495
2618,"Sambar deer","SBR",1,"dist_str + ndvi_cv + elev + BB + DD",-0.0844261356199691,0.630896182371982,0.919039541599197
2619,"Sambar deer","SBR",1,"dist_str + ndvi_cv + elev + BB + DD",0.00749695501924346,0.615916618436593,1.007525173505
2620,"Sambar deer","SBR",1,"dist_str + ndvi_cv + elev + BB + DD",0.078833516659533,0.600379706666537,1.08202416979362
2621,"Sambar deer","SBR",1,"dist_str + ndvi_cv + elev + BB + DD",0.0801742584618228,0.614348787396707,1.08347592190471
2622,"Sambar deer","SBR",1,"dist_str + ndvi_cv + elev + BB + DD",0.038297821701107,0.650402125920443,1.03904063767076
2623,"Sambar deer","SBR",1,"dist_str + ndvi_cv + elev + BB + DD",-0.0115179342769727,0.702981802208562,0.988548144878021
2624,"Sambar deer","SBR",1,"dist_str + ndvi_cv + elev + BB + DD",-0.0124370848304603,0.822539319502084,0.987639940745221
2625,"Sambar deer","SBR",1,"dist_str + ndvi_cv + elev + BB + DD",0.447135178274871,1.05181287947066,1.56382761522646
2626,"Sambar deer","SBR",1,"dist_str + ndvi_cv + elev + BB + DD",0.430235748297623,0.929371204445628,1.53762035499846
2627,"Sambar deer","SBR",1,"dist_str + ndvi_cv + elev + BB + DD",0.439887434794697,0.867744193266943,1.55253249355292
2628,"Sambar deer","SBR",1,"dist_str + ndvi_cv + elev + BB + DD",0.43560320865979,0.846751590517564,1.54589531609759
2629,"Sambar deer","SBR",1,"dist_str + ndvi_cv + elev + BB + DD",0.40875393132428,0.823627136005047,1.50494135710828
2630,"Sambar deer","SBR",1,"dist_str + ndvi_cv + elev + BB + DD",0.432099087266167,0.802671130296844,1.54048804112671
2631,"Sambar deer","SBR",1,"dist_str + ndvi_cv + elev + BB + DD",0.443335840515963,0.777096251689732,1.55789545184708
2632,"Sambar deer","SBR",1,"dist_str + ndvi_cv + elev + BB + DD",0.452513180725322,0.769849761308333,1.57225859630151
2633,"Sambar deer","SBR",1,"dist_str + ndvi_cv + elev + BB + DD",0.45813609867363,0.758437948210081,1.58112418825614
2634,"Sambar deer","SBR",1,"dist_str + ndvi_cv + elev + BB + DD",0.471713170404616,0.745671160624039,1.60273771083679
2635,"Sambar deer","SBR",1,"dist_str + ndvi_cv + elev + BB + DD",0.480165405700143,0.737446548272407,1.61634175096849
2636,"Sambar deer","SBR",1,"dist_str + ndvi_cv + elev + BB + DD",0.486582626048803,0.730911337746868,1.62674752316128
2637,"Sambar deer","SBR",1,"dist_str + ndvi_cv + elev + BB + DD",0.517818864870548,0.701005210795357,1.67836301126549
2638,"Sambar deer","SBR",1,"dist_str + ndvi_cv + elev + BB + DD",0.506316808993974,0.697532845186378,1.65916889234867
2639,"Sambar deer","SBR",1,"dist_str + ndvi_cv + elev + BB + DD",0.486102294103301,0.680006491393126,1.625966339062
2640,"Sambar deer","SBR",1,"dist_str + ndvi_cv + elev + BB + DD",0.450605754376205,0.676868094408537,1.56926249806504
2641,"Sambar deer","SBR",1,"dist_str + ndvi_cv + elev + BB + DD",0.412560557202508,0.681010325322875,1.51068102697166
2642,"Sambar deer","SBR",1,"dist_str + ndvi_cv + elev + BB + DD",0.350800736393114,0.681745962775726,1.4202043539588
2643,"Sambar deer","SBR",1,"dist_str + ndvi_cv + elev + BB + DD",0.292199333115141,0.669210911226545,1.33937003078387
2644,"Sambar deer","SBR",1,"dist_str + ndvi_cv + elev + BB + DD",0.235649375551213,0.682425776547611,1.26573045183312
2645,"Sambar deer","SBR",1,"dist_str + ndvi_cv + elev + BB + DD",0.181017947195587,0.670185014726499,1.19843669347416
2646,"Sambar deer","SBR",1,"dist_str + ndvi_cv + elev + BB + DD",0.115504660282711,0.660912186595982,1.122439745474
2647,"Sambar deer","SBR",1,"dist_str + ndvi_cv + elev + BB + DD",0.0817605410795267,0.676197522873493,1.08519592857464
2648,"Sambar deer","SBR",1,"dist_str + ndvi_cv + elev + BB + DD",0.0401176033064136,0.672014684030933,1.0409332095912
2649,"Sambar deer","SBR",1,"dist_str + ndvi_cv + elev + BB + DD",-0.0261714111320518,0.660627932296058,0.974168092105835
2650,"Sambar deer","SBR",1,"dist_str + ndvi_cv + elev + BB + DD",-0.0472661486686188,0.666815573779095,0.953833516291077
2651,"Sambar deer","SBR",1,"dist_str + ndvi_cv + elev + BB + DD",-0.0263558922166118,0.66857817665958,0.973988395580549
2652,"Sambar deer","SBR",1,"dist_str + ndvi_cv + elev + BB + DD",-0.0146997940199438,0.65552565138872,0.985407722419166
2653,"Sambar deer","SBR",1,"dist_str + ndvi_cv + elev + BB + DD",0.00933150733850137,0.659391641593223,1.00937518177107
2654,"Sambar deer","SBR",1,"dist_str + ndvi_cv + elev + BB + DD",0.0522879582070837,0.660219076925793,1.05367911906443
2655,"Sambar deer","SBR",1,"dist_str + ndvi_cv + elev + BB + DD",0.038298152579299,0.667835559024797,1.03904097958776
2656,"Sambar deer","SBR",1,"dist_str + ndvi_cv + elev + BB + DD",0.0355404457832009,0.700000362000583,1.0361795563757
2657,"Sambar deer","SBR",1,"dist_str + ndvi_cv + elev + BB + DD",0.0223776232001776,0.750141168371962,1.02262993197217
2658,"Sambar deer","SBR",1,"dist_str + ndvi_cv + elev + BB + DD",-0.00820400355711622,0.831882598362743,0.991829573828543
2659,"Sambar deer","SBR",1,"dist_str + ndvi_cv + elev + BB + DD",0.440972629675476,1.03641304798368,1.55421822767167
2660,"Sambar deer","SBR",1,"dist_str + ndvi_cv + elev + BB + DD",0.448530537005354,0.918426529486671,1.56600934035032
2661,"Sambar deer","SBR",1,"dist_str + ndvi_cv + elev + BB + DD",0.439285871503195,0.884593120092549,1.55159879305616
2662,"Sambar deer","SBR",1,"dist_str + ndvi_cv + elev + BB + DD",0.448581260430516,0.860294098105546,1.56608874188524
2663,"Sambar deer","SBR",1,"dist_str + ndvi_cv + elev + BB + DD",0.432313992286956,0.833227323182038,1.54081884458594
2664,"Sambar deer","SBR",1,"dist_str + ndvi_cv + elev + BB + DD",0.464456353651539,0.807306312782252,1.59114899580623
2665,"Sambar deer","SBR",1,"dist_str + ndvi_cv + elev + BB + DD",0.473687062010865,0.79637872023123,1.60590436050772
2666,"Sambar deer","SBR",1,"dist_str + ndvi_cv + elev + BB + DD",0.469974429066805,0.783091082187002,1.59995329637549
2667,"Sambar deer","SBR",1,"dist_str + ndvi_cv + elev + BB + DD",0.49560982183467,0.758435794322044,1.64149895922785
2668,"Sambar deer","SBR",1,"dist_str + ndvi_cv + elev + BB + DD",0.491894977053205,0.749474518146697,1.63541236525678
2669,"Sambar deer","SBR",1,"dist_str + ndvi_cv + elev + BB + DD",0.533762546937854,0.738837131391753,1.70533670053491
2670,"Sambar deer","SBR",1,"dist_str + ndvi_cv + elev + BB + DD",0.572396684515061,0.721777763320172,1.77251012129651
2671,"Sambar deer","SBR",1,"dist_str + ndvi_cv + elev + BB + DD",0.635666716166085,0.712088299958892,1.88828066992812
2672,"Sambar deer","SBR",1,"dist_str + ndvi_cv + elev + BB + DD",0.640281549585274,0.704158915431014,1.89701503053634
2673,"Sambar deer","SBR",1,"dist_str + ndvi_cv + elev + BB + DD",0.631931330129587,0.684340088689675,1.88124037045376
2674,"Sambar deer","SBR",1,"dist_str + ndvi_cv + elev + BB + DD",0.581377964731085,0.686043608686936,1.78850122982089
2675,"Sambar deer","SBR",1,"dist_str + ndvi_cv + elev + BB + DD",0.508322259803246,0.698166169442627,1.66249961576385
2676,"Sambar deer","SBR",1,"dist_str + ndvi_cv + elev + BB + DD",0.446048335997047,0.681428511230187,1.56212697803547
2677,"Sambar deer","SBR",1,"dist_str + ndvi_cv + elev + BB + DD",0.387720706218592,0.689548275968347,1.47361841483452
2678,"Sambar deer","SBR",1,"dist_str + ndvi_cv + elev + BB + DD",0.308781196442514,0.685400827789357,1.361764494143
2679,"Sambar deer","SBR",1,"dist_str + ndvi_cv + elev + BB + DD",0.242132617799958,0.682071103681151,1.27396314620832
2680,"Sambar deer","SBR",1,"dist_str + ndvi_cv + elev + BB + DD",0.188393637373511,0.687675097523758,1.20730866579341
2681,"Sambar deer","SBR",1,"dist_str + ndvi_cv + elev + BB + DD",0.117961368206225,0.683720147710974,1.1252006434415
2682,"Sambar deer","SBR",1,"dist_str + ndvi_cv + elev + BB + DD",0.0526702778004328,0.687369781251589,1.05408203739997
2683,"Sambar deer","SBR",1,"dist_str + ndvi_cv + elev + BB + DD",0.0295481734925788,0.690540917035519,1.02998905260905
2684,"Sambar deer","SBR",1,"dist_str + ndvi_cv + elev + BB + DD",0.0043241643982688,0.68138083375918,1.00433352729123
2685,"Sambar deer","SBR",1,"dist_str + ndvi_cv + elev + BB + DD",0.00439991343725243,0.684123359223926,1.00440960796659
2686,"Sambar deer","SBR",1,"dist_str + ndvi_cv + elev + BB + DD",0.0187653671859749,0.684771125292806,1.01894254475726
2687,"Sambar deer","SBR",1,"dist_str + ndvi_cv + elev + BB + DD",0.0136842603642507,0.681949846618098,1.01377831844586
2688,"Sambar deer","SBR",1,"dist_str + ndvi_cv + elev + BB + DD",0.0265451608144764,0.691904348932008,1.02690063300291
2689,"Sambar deer","SBR",1,"dist_str + ndvi_cv + elev + BB + DD",0.0287365423583925,0.708883144473828,1.02915343708194
2690,"Sambar deer","SBR",1,"dist_str + ndvi_cv + elev + BB + DD",0.0237033625793282,0.735358038542794,1.02398660462129
2691,"Sambar deer","SBR",1,"dist_str + ndvi_cv + elev + BB + DD",0.0138227715326606,0.778937160858256,1.01391875417467
2692,"Sambar deer","SBR",1,"dist_str + ndvi_cv + elev + BB + DD",0.0195676025519002,0.851552607365785,1.01976030963102
2693,"Sambar deer","SBR",1,"dist_str + ndvi_cv + elev + BB + DD",0.0131392908760324,0.996729672162695,1.01322613942542
2694,"Sambar deer","SBR",1,"dist_str + ndvi_cv + elev + BB + DD",0.437485800694006,1.05789165415763,1.54880832915525
2695,"Sambar deer","SBR",1,"dist_str + ndvi_cv + elev + BB + DD",0.469962751409026,0.931983319330951,1.59993558947463
2696,"Sambar deer","SBR",1,"dist_str + ndvi_cv + elev + BB + DD",0.473791249111218,0.891883361366746,1.60607168319173
2697,"Sambar deer","SBR",1,"dist_str + ndvi_cv + elev + BB + DD",0.477946845775904,0.859812444510109,1.61275975632393
2698,"Sambar deer","SBR",1,"dist_str + ndvi_cv + elev + BB + DD",0.481366768836102,0.834251985053869,1.61828476383519
2699,"Sambar deer","SBR",1,"dist_str + ndvi_cv + elev + BB + DD",0.500717234850986,0.813209387796002,1.64990458757725
2700,"Sambar deer","SBR",1,"dist_str + ndvi_cv + elev + BB + DD",0.510185115297429,0.795368697554835,1.66559949438313
2701,"Sambar deer","SBR",1,"dist_str + ndvi_cv + elev + BB + DD",0.508996064344094,0.7861467191723,1.66362035604717
2702,"Sambar deer","SBR",1,"dist_str + ndvi_cv + elev + BB + DD",0.534085617765671,0.762129203017508,1.7058879755961
2703,"Sambar deer","SBR",1,"dist_str + ndvi_cv + elev + BB + DD",0.568182805390098,0.747656051952615,1.76505671554343
2704,"Sambar deer","SBR",1,"dist_str + ndvi_cv + elev + BB + DD",0.604390963835058,0.755166319761965,1.83013725274213
2705,"Sambar deer","SBR",1,"dist_str + ndvi_cv + elev + BB + DD",0.661162509953303,0.730857659793449,1.93704329290274
2706,"Sambar deer","SBR",1,"dist_str + ndvi_cv + elev + BB + DD",0.731363134775321,0.709401888544046,2.07791115419807
2707,"Sambar deer","SBR",1,"dist_str + ndvi_cv + elev + BB + DD",0.78938379741998,0.694021250765802,2.20203912180456
2708,"Sambar deer","SBR",1,"dist_str + ndvi_cv + elev + BB + DD",0.790048994449166,0.68339858461929,2.20350441809664
2709,"Sambar deer","SBR",1,"dist_str + ndvi_cv + elev + BB + DD",0.731119638417697,0.684456386401875,2.07740525030091
2710,"Sambar deer","SBR",1,"dist_str + ndvi_cv + elev + BB + DD",0.598516028522249,0.689903276730612,1.81941683784579
2711,"Sambar deer","SBR",1,"dist_str + ndvi_cv + elev + BB + DD",0.521417495506765,0.69099604897228,1.68441360950477
2712,"Sambar deer","SBR",1,"dist_str + ndvi_cv + elev + BB + DD",0.438573571042087,0.699126812782066,1.55049397334115
2713,"Sambar deer","SBR",1,"dist_str + ndvi_cv + elev + BB + DD",0.378205616334329,0.693594250037691,1.4596630493879
2714,"Sambar deer","SBR",1,"dist_str + ndvi_cv + elev + BB + DD",0.292692048230375,0.695142347143957,1.34003006304466
2715,"Sambar deer","SBR",1,"dist_str + ndvi_cv + elev + BB + DD",0.219913721010465,0.691757003208168,1.24596922656217
2716,"Sambar deer","SBR",1,"dist_str + ndvi_cv + elev + BB + DD",0.175120699167659,0.693981958509911,1.19139005436104
2717,"Sambar deer","SBR",1,"dist_str + ndvi_cv + elev + BB + DD",0.128259159203107,0.693944548934462,1.13684762275792
2718,"Sambar deer","SBR",1,"dist_str + ndvi_cv + elev + BB + DD",0.0889882757104974,0.701298190738293,1.09306784707173
2719,"Sambar deer","SBR",1,"dist_str + ndvi_cv + elev + BB + DD",0.0764714631920154,0.704925533659214,1.07947138630821
2720,"Sambar deer","SBR",1,"dist_str + ndvi_cv + elev + BB + DD",0.0636944301152797,0.703041286322551,1.06576673650034
2721,"Sambar deer","SBR",1,"dist_str + ndvi_cv + elev + BB + DD",0.0453596004162745,0.705348776337272,1.04640421068563
2722,"Sambar deer","SBR",1,"dist_str + ndvi_cv + elev + BB + DD",0.0364351419624025,0.70279626042085,1.0371070371095
2723,"Sambar deer","SBR",1,"dist_str + ndvi_cv + elev + BB + DD",0.044806611407967,0.719298424981308,1.04582561864335
2724,"Sambar deer","SBR",1,"dist_str + ndvi_cv + elev + BB + DD",0.0350842960327968,0.741457139879614,1.03570703699951
2725,"Sambar deer","SBR",1,"dist_str + ndvi_cv + elev + BB + DD",0.0244436906379017,0.769908686945484,1.02474490481687
2726,"Sambar deer","SBR",1,"dist_str + ndvi_cv + elev + BB + DD",0.0233740676923912,0.81213191247206,1.0236493832808
2727,"Sambar deer","SBR",1,"dist_str + ndvi_cv + elev + BB + DD",0.0329202872638122,0.867388815752635,1.03346815866225
2728,"Sambar deer","SBR",1,"dist_str + ndvi_cv + elev + BB + DD",0.0273067390754326,0.973574410981593,1.02768298499117
2729,"Sambar deer","SBR",1,"dist_str + ndvi_cv + elev + BB + DD",0.48312751275264,1.12003389163174,1.62113660750543
2730,"Sambar deer","SBR",1,"dist_str + ndvi_cv + elev + BB + DD",0.489530110993233,0.972619645813946,1.63154939773228
2731,"Sambar deer","SBR",1,"dist_str + ndvi_cv + elev + BB + DD",0.480821211658968,0.913027105171042,1.61740208659426
2732,"Sambar deer","SBR",1,"dist_str + ndvi_cv + elev + BB + DD",0.49663924314364,0.873978064192213,1.6431896397845
2733,"Sambar deer","SBR",1,"dist_str + ndvi_cv + elev + BB + DD",0.511940900161435,0.846989389388136,1.66852656885741
2734,"Sambar deer","SBR",1,"dist_str + ndvi_cv + elev + BB + DD",0.539124861784771,0.817666085151454,1.71450597294265
2735,"Sambar deer","SBR",1,"dist_str + ndvi_cv + elev + BB + DD",0.547385531957466,0.813274644670069,1.72872760290959
2736,"Sambar deer","SBR",1,"dist_str + ndvi_cv + elev + BB + DD",0.580920460479315,0.789509977906005,1.78768319392974
2737,"Sambar deer","SBR",1,"dist_str + ndvi_cv + elev + BB + DD",0.570082991201739,0.776098111521381,1.76841382749933
2738,"Sambar deer","SBR",1,"dist_str + ndvi_cv + elev + BB + DD",0.603381628556534,0.764768925026514,1.82829095945315
2739,"Sambar deer","SBR",1,"dist_str + ndvi_cv + elev + BB + DD",0.667244222728645,0.749002545733363,1.94885936961316
2740,"Sambar deer","SBR",1,"dist_str + ndvi_cv + elev + BB + DD",0.735761398146238,0.73350841205748,2.08707048080356
2741,"Sambar deer","SBR",1,"dist_str + ndvi_cv + elev + BB + DD",0.831096680225882,0.714806096978204,2.29583552395371
2742,"Sambar deer","SBR",1,"dist_str + ndvi_cv + elev + BB + DD",1.01803422842992,0.694516117685765,2.76774866060118
2743,"Sambar deer","SBR",1,"dist_str + ndvi_cv + elev + BB + DD",1.14739866669018,0.670177184138112,3.14998813294998
2744,"Sambar deer","SBR",1,"dist_str + ndvi_cv + elev + BB + DD",0.858430112071063,0.685266452340974,2.35945371298399
2745,"Sambar deer","SBR",1,"dist_str + ndvi_cv + elev + BB + DD",0.701093906720315,0.711772191519454,2.01595677191159
2746,"Sambar deer","SBR",1,"dist_str + ndvi_cv + elev + BB + DD",0.577574111726963,0.708807042695657,1.7817109544506
2747,"Sambar deer","SBR",1,"dist_str + ndvi_cv + elev + BB + DD",0.492718189963736,0.702239095346071,1.63675920589063
2748,"Sambar deer","SBR",1,"dist_str + ndvi_cv + elev + BB + DD",0.428553912416678,0.704540664945381,1.53503612402838
2749,"Sambar deer","SBR",1,"dist_str + ndvi_cv + elev + BB + DD",0.346093329067719,0.716572221179727,1.41353453372622
2750,"Sambar deer","SBR",1,"dist_str + ndvi_cv + elev + BB + DD",0.290141970284277,0.706688914390287,1.33661725588408
2751,"Sambar deer","SBR",1,"dist_str + ndvi_cv + elev + BB + DD",0.231258180268732,0.719335029843855,1.26018455225812
2752,"Sambar deer","SBR",1,"dist_str + ndvi_cv + elev + BB + DD",0.179096277974302,0.718553247155259,1.19613590159458
2753,"Sambar deer","SBR",1,"dist_str + ndvi_cv + elev + BB + DD",0.153866845178587,0.715746154032789,1.16633557801006
2754,"Sambar deer","SBR",1,"dist_str + ndvi_cv + elev + BB + DD",0.117084914773508,0.719788551059439,1.12421494064939
2755,"Sambar deer","SBR",1,"dist_str + ndvi_cv + elev + BB + DD",0.0786354163541153,0.728277132500764,1.08180984026832
2756,"Sambar deer","SBR",1,"dist_str + ndvi_cv + elev + BB + DD",0.0715009663962049,0.731484187149119,1.07411919057449
2757,"Sambar deer","SBR",1,"dist_str + ndvi_cv + elev + BB + DD",0.0481277303501736,0.742725862693339,1.04930470959573
2758,"Sambar deer","SBR",1,"dist_str + ndvi_cv + elev + BB + DD",0.0373248992313085,0.750636599213015,1.03803022392083
2759,"Sambar deer","SBR",1,"dist_str + ndvi_cv + elev + BB + DD",0.0321213566202811,0.78134775662431,1.03264281633905
2760,"Sambar deer","SBR",1,"dist_str + ndvi_cv + elev + BB + DD",0.0177244469000004,0.809592468522413,1.01788245835942
2761,"Sambar deer","SBR",1,"dist_str + ndvi_cv + elev + BB + DD",0.0220127900109751,0.848611740988075,1.02225685955195
2762,"Sambar deer","SBR",1,"dist_str + ndvi_cv + elev + BB + DD",0.0277501326356324,0.92454424803237,1.02813880396418
2763,"Sambar deer","SBR",1,"dist_str + ndvi_cv + elev + BB + DD",0.00967693909463286,1.06693272518835,1.00972391359494
2764,"Sambar deer","SBR",1,"dist_str + ndvi_cv + elev + BB + DD",0.478139398126478,1.0966766254978,1.61307049575526
2765,"Sambar deer","SBR",1,"dist_str + ndvi_cv + elev + BB + DD",0.493557199841001,0.958204160674921,1.63813314326835
2766,"Sambar deer","SBR",1,"dist_str + ndvi_cv + elev + BB + DD",0.524980850519731,0.898413857664675,1.69042647810387
2767,"Sambar deer","SBR",1,"dist_str + ndvi_cv + elev + BB + DD",0.549794717546623,0.846634968211409,1.73289735894016
2768,"Sambar deer","SBR",1,"dist_str + ndvi_cv + elev + BB + DD",0.56648385224275,0.83980886218301,1.76206048982459
2769,"Sambar deer","SBR",1,"dist_str + ndvi_cv + elev + BB + DD",0.577148511117603,0.818441673528336,1.7809528190559
2770,"Sambar deer","SBR",1,"dist_str + ndvi_cv + elev + BB + DD",0.590866336700549,0.805620579441149,1.80555251381925
2771,"Sambar deer","SBR",1,"dist_str + ndvi_cv + elev + BB + DD",0.62672377020198,0.788863245776664,1.87146923243294
2772,"Sambar deer","SBR",1,"dist_str + ndvi_cv + elev + BB + DD",0.652954442952014,0.7839064057081,1.92120869472087
2773,"Sambar deer","SBR",1,"dist_str + ndvi_cv + elev + BB + DD",0.692558549365774,0.750292804677543,1.99882315259292
2774,"Sambar deer","SBR",1,"dist_str + ndvi_cv + elev + BB + DD",0.777364258134139,0.734648775088661,2.17573029407033
2775,"Sambar deer","SBR",1,"dist_str + ndvi_cv + elev + BB + DD",0.879642950388471,0.718646594157385,2.41003905018442
2776,"Sambar deer","SBR",1,"dist_str + ndvi_cv + elev + BB + DD",1.13395273248496,0.680458422930342,3.1079170212531
2777,"Sambar deer","SBR",1,"dist_str + ndvi_cv + elev + BB + DD",1.28454698817304,0.647712691022056,3.61303084914985
2778,"Sambar deer","SBR",1,"dist_str + ndvi_cv + elev + BB + DD",0.909757478675906,0.685740058090388,2.48372010940474
2779,"Sambar deer","SBR",1,"dist_str + ndvi_cv + elev + BB + DD",0.717403591815388,0.708112023807053,2.04910598908046
2780,"Sambar deer","SBR",1,"dist_str + ndvi_cv + elev + BB + DD",0.614318948001459,0.716650883723283,1.84839732636929
2781,"Sambar deer","SBR",1,"dist_str + ndvi_cv + elev + BB + DD",0.517983459405568,0.732728973213473,1.67863919203791
2782,"Sambar deer","SBR",1,"dist_str + ndvi_cv + elev + BB + DD",0.450508859506356,0.714750441735732,1.5691104488614
2783,"Sambar deer","SBR",1,"dist_str + ndvi_cv + elev + BB + DD",0.401840661983406,0.724966829561091,1.49457317348989
2784,"Sambar deer","SBR",1,"dist_str + ndvi_cv + elev + BB + DD",0.341237484624766,0.724128384139682,1.40668732136307
2785,"Sambar deer","SBR",1,"dist_str + ndvi_cv + elev + BB + DD",0.275718275803814,0.72890239143043,1.31747664681929
2786,"Sambar deer","SBR",1,"dist_str + ndvi_cv + elev + BB + DD",0.234903380082005,0.728193574803211,1.26478656076633
2787,"Sambar deer","SBR",1,"dist_str + ndvi_cv + elev + BB + DD",0.1809455845156,0.727577430009186,1.19834997008431
2788,"Sambar deer","SBR",1,"dist_str + ndvi_cv + elev + BB + DD",0.152448567313721,0.737237106016383,1.16468292651381
2789,"Sambar deer","SBR",1,"dist_str + ndvi_cv + elev + BB + DD",0.125519646431778,0.752357739179518,1.13373744275592
2790,"Sambar deer","SBR",1,"dist_str + ndvi_cv + elev + BB + DD",0.0878525447769201,0.761148618874891,1.09182713164559
2791,"Sambar deer","SBR",1,"dist_str + ndvi_cv + elev + BB + DD",0.080295444349083,0.78043366767637,1.08360718382479
2792,"Sambar deer","SBR",1,"dist_str + ndvi_cv + elev + BB + DD",0.0631215397847704,0.79294809383705,1.06515629260616
2793,"Sambar deer","SBR",1,"dist_str + ndvi_cv + elev + BB + DD",0.0165902343159627,0.84047395157816,1.01672868811363
2794,"Sambar deer","SBR",1,"dist_str + ndvi_cv + elev + BB + DD",0.00588908934338234,0.888327477292919,1.00590690405178
2795,"Sambar deer","SBR",1,"dist_str + ndvi_cv + elev + BB + DD",0.0242469698441112,0.958260502844092,1.02454331796945
2796,"Sambar deer","SBR",1,"dist_str + ndvi_cv + elev + BB + DD",0.0273383125606344,1.05799519880233,1.02771554038942
2797,"Sambar deer","SBR",1,"dist_str + ndvi_cv + elev + BB + DD",0.581898625138836,0.921252976914147,1.78943270145111
2798,"Sambar deer","SBR",1,"dist_str + ndvi_cv + elev + BB + DD",0.572338164464237,0.86600711615207,1.77240639012819
2799,"Sambar deer","SBR",1,"dist_str + ndvi_cv + elev + BB + DD",0.587923501439793,0.839341373945395,1.8002463293484
2800,"Sambar deer","SBR",1,"dist_str + ndvi_cv + elev + BB + DD",0.603228173166391,0.828587714719441,1.82801046787959
2801,"Sambar deer","SBR",1,"dist_str + ndvi_cv + elev + BB + DD",0.611742888464053,0.807701272537361,1.84364187350453
2802,"Sambar deer","SBR",1,"dist_str + ndvi_cv + elev + BB + DD",0.645073488251759,0.812435434105123,1.90612710326395
2803,"Sambar deer","SBR",1,"dist_str + ndvi_cv + elev + BB + DD",0.65320750034848,0.791580675420476,1.92169479285319
2804,"Sambar deer","SBR",1,"dist_str + ndvi_cv + elev + BB + DD",0.718991346384772,0.77900812964452,2.05236207691911
2805,"Sambar deer","SBR",1,"dist_str + ndvi_cv + elev + BB + DD",0.78453795480752,0.744689322993928,2.19139421600443
2806,"Sambar deer","SBR",1,"dist_str + ndvi_cv + elev + BB + DD",0.855442614800515,0.725969242216977,2.35241536416732
2807,"Sambar deer","SBR",1,"dist_str + ndvi_cv + elev + BB + DD",0.942157557190044,0.708281123172221,2.56551069262208
2808,"Sambar deer","SBR",1,"dist_str + ndvi_cv + elev + BB + DD",0.93306745825831,0.697476980044605,2.54229561741985
2809,"Sambar deer","SBR",1,"dist_str + ndvi_cv + elev + BB + DD",0.869851871076468,0.712593983522778,2.38655731139181
2810,"Sambar deer","SBR",1,"dist_str + ndvi_cv + elev + BB + DD",0.731784165882792,0.735707431261299,2.07878623347724
2811,"Sambar deer","SBR",1,"dist_str + ndvi_cv + elev + BB + DD",0.631213670733368,0.726462998976627,1.87989076417174
2812,"Sambar deer","SBR",1,"dist_str + ndvi_cv + elev + BB + DD",0.548815992271929,0.737162208754225,1.73120204745503
2813,"Sambar deer","SBR",1,"dist_str + ndvi_cv + elev + BB + DD",0.481401113905154,0.742188528056085,1.61834029390592
2814,"Sambar deer","SBR",1,"dist_str + ndvi_cv + elev + BB + DD",0.425048254685776,0.736336563820606,1.52966423552709
2815,"Sambar deer","SBR",1,"dist_str + ndvi_cv + elev + BB + DD",0.370271071101308,0.735460876100877,1.44812721007792
2816,"Sambar deer","SBR",1,"dist_str + ndvi_cv + elev + BB + DD",0.339554346218011,0.737425973287671,1.40432161075699
2817,"Sambar deer","SBR",1,"dist_str + ndvi_cv + elev + BB + DD",0.273159379532315,0.736640765623168,1.31410967392707
2818,"Sambar deer","SBR",1,"dist_str + ndvi_cv + elev + BB + DD",0.204221769816733,0.748336430537588,1.22657018050765
2819,"Sambar deer","SBR",1,"dist_str + ndvi_cv + elev + BB + DD",0.176405137673428,0.759015218720121,1.19292128969919
2820,"Sambar deer","SBR",1,"dist_str + ndvi_cv + elev + BB + DD",0.137989491141253,0.772833940275142,1.14796348736577
2821,"Sambar deer","SBR",1,"dist_str + ndvi_cv + elev + BB + DD",0.104492020414277,0.824263252463084,1.11014653637542
2822,"Sambar deer","SBR",1,"dist_str + ndvi_cv + elev + BB + DD",0.0968791990772854,0.845522047285401,1.10172731467359
2823,"Sambar deer","SBR",1,"dist_str + ndvi_cv + elev + BB + DD",0.0740543573456206,0.913952421073055,1.07686538647325
2824,"Sambar deer","SBR",1,"dist_str + ndvi_cv + elev + BB + DD",0.0216447029036485,0.976382183005292,1.02188065480351
2825,"Sambar deer","SBR",1,"dist_str + ndvi_cv + elev + BB + DD",0.570836091202649,0.978504082739463,1.76974618089093
2826,"Sambar deer","SBR",1,"dist_str + ndvi_cv + elev + BB + DD",0.57809440790481,0.883004751672407,1.78263823092314
2827,"Sambar deer","SBR",1,"dist_str + ndvi_cv + elev + BB + DD",0.603108121095254,0.848019787304944,1.82779108616831
2828,"Sambar deer","SBR",1,"dist_str + ndvi_cv + elev + BB + DD",0.596464991166255,0.833604486109789,1.81568897240918
2829,"Sambar deer","SBR",1,"dist_str + ndvi_cv + elev + BB + DD",0.597407312255721,0.825185991143578,1.81740074542432
2830,"Sambar deer","SBR",1,"dist_str + ndvi_cv + elev + BB + DD",0.642767400042992,0.797916690667418,1.90173647478599
2831,"Sambar deer","SBR",1,"dist_str + ndvi_cv + elev + BB + DD",0.688473426416447,0.79649306810593,1.9906743073422
2832,"Sambar deer","SBR",1,"dist_str + ndvi_cv + elev + BB + DD",0.716750199764842,0.784647236709439,2.04776755156032
2833,"Sambar deer","SBR",1,"dist_str + ndvi_cv + elev + BB + DD",0.744927055771005,0.770000473039309,2.10628785274657
2834,"Sambar deer","SBR",1,"dist_str + ndvi_cv + elev + BB + DD",0.802108057083845,0.747451053174476,2.2302374522921
2835,"Sambar deer","SBR",1,"dist_str + ndvi_cv + elev + BB + DD",0.803939889931764,0.744641847743922,2.2343268816242
2836,"Sambar deer","SBR",1,"dist_str + ndvi_cv + elev + BB + DD",0.821735192451004,0.738052117112246,2.27444307185852
2837,"Sambar deer","SBR",1,"dist_str + ndvi_cv + elev + BB + DD",0.7832038825692,0.74176565813125,2.18847265489585
2838,"Sambar deer","SBR",1,"dist_str + ndvi_cv + elev + BB + DD",0.702673251472621,0.746259894862885,2.01914332143207
2839,"Sambar deer","SBR",1,"dist_str + ndvi_cv + elev + BB + DD",0.622647123186438,0.753138353943209,1.86385555123091
2840,"Sambar deer","SBR",1,"dist_str + ndvi_cv + elev + BB + DD",0.559288567898748,0.754848946152847,1.74942745977963
2841,"Sambar deer","SBR",1,"dist_str + ndvi_cv + elev + BB + DD",0.494203628432541,0.737975416601521,1.63919248190913
2842,"Sambar deer","SBR",1,"dist_str + ndvi_cv + elev + BB + DD",0.448981020726906,0.749056535399387,1.56671492180752
2843,"Sambar deer","SBR",1,"dist_str + ndvi_cv + elev + BB + DD",0.410119680404702,0.755707575880873,1.50699820470302
2844,"Sambar deer","SBR",1,"dist_str + ndvi_cv + elev + BB + DD",0.352271950324287,0.763920865535844,1.42229526743699
2845,"Sambar deer","SBR",1,"dist_str + ndvi_cv + elev + BB + DD",0.310117364363131,0.767626993264093,1.36358514152329
2846,"Sambar deer","SBR",1,"dist_str + ndvi_cv + elev + BB + DD",0.243404501133257,0.781204694508045,1.27558453329247
2847,"Sambar deer","SBR",1,"dist_str + ndvi_cv + elev + BB + DD",0.210036973547856,0.808284140103361,1.23372397756042
2848,"Sambar deer","SBR",1,"dist_str + ndvi_cv + elev + BB + DD",0.165814161637091,0.847915816910218,1.18035373673441
2849,"Sambar deer","SBR",1,"dist_str + ndvi_cv + elev + BB + DD",0.140053839665609,0.906928971501309,1.15033573098174
2850,"Sambar deer","SBR",1,"dist_str + ndvi_cv + elev + BB + DD",0.605995690913858,0.997383051587748,1.83307649261448
2851,"Sambar deer","SBR",1,"dist_str + ndvi_cv + elev + BB + DD",0.613745622610485,0.884846779895686,1.847337907202
2852,"Sambar deer","SBR",1,"dist_str + ndvi_cv + elev + BB + DD",0.594112415851571,0.858415390857622,1.81142246998252
2853,"Sambar deer","SBR",1,"dist_str + ndvi_cv + elev + BB + DD",0.609278595100303,0.846619270047945,1.83910418452799
2854,"Sambar deer","SBR",1,"dist_str + ndvi_cv + elev + BB + DD",0.633051958251882,0.831741221679208,1.88334973077374
2855,"Sambar deer","SBR",1,"dist_str + ndvi_cv + elev + BB + DD",0.650075986231724,0.821270893752592,1.91568638994357
2856,"Sambar deer","SBR",1,"dist_str + ndvi_cv + elev + BB + DD",0.659765381686893,0.807467500341346,1.93433845192078
2857,"Sambar deer","SBR",1,"dist_str + ndvi_cv + elev + BB + DD",0.706307838307357,0.80349130459377,2.02649528407888
2858,"Sambar deer","SBR",1,"dist_str + ndvi_cv + elev + BB + DD",0.734780365565383,0.78370409076508,2.08502399929098
2859,"Sambar deer","SBR",1,"dist_str + ndvi_cv + elev + BB + DD",0.746161031480517,0.771265375542113,2.10888864026949
2860,"Sambar deer","SBR",1,"dist_str + ndvi_cv + elev + BB + DD",0.756219005762684,0.766307918030118,2.13020667731194
2861,"Sambar deer","SBR",1,"dist_str + ndvi_cv + elev + BB + DD",0.742615981965249,0.769332817156573,2.10142571237541
2862,"Sambar deer","SBR",1,"dist_str + ndvi_cv + elev + BB + DD",0.713816186275509,0.771931220958059,2.04176820032882
2863,"Sambar deer","SBR",1,"dist_str + ndvi_cv + elev + BB + DD",0.666429349905917,0.768833129068094,1.9472718719398
2864,"Sambar deer","SBR",1,"dist_str + ndvi_cv + elev + BB + DD",0.620697699482196,0.770612054852469,1.86022547244053
2865,"Sambar deer","SBR",1,"dist_str + ndvi_cv + elev + BB + DD",0.582491690979987,0.780103838898237,1.79049423573584
2866,"Sambar deer","SBR",1,"dist_str + ndvi_cv + elev + BB + DD",0.516666389899942,0.775422366484393,1.67642976111139
2867,"Sambar deer","SBR",1,"dist_str + ndvi_cv + elev + BB + DD",0.453056561610744,0.783016340266495,1.57311316378024
2868,"Sambar deer","SBR",1,"dist_str + ndvi_cv + elev + BB + DD",0.431773358220099,0.783736254527798,1.53998606894732
2869,"Sambar deer","SBR",1,"dist_str + ndvi_cv + elev + BB + DD",0.380546435893093,0.796385772455965,1.46308385437966
2870,"Sambar deer","SBR",1,"dist_str + ndvi_cv + elev + BB + DD",0.348970266350977,0.813487877812297,1.41760716660314
2871,"Sambar deer","SBR",1,"dist_str + ndvi_cv + elev + BB + DD",0.289326071183373,0.844685719014158,1.3355271715501
2872,"Sambar deer","SBR",1,"dist_str + ndvi_cv + elev + BB + DD",0.207936798802166,0.917045900192337,1.23113535914171
2873,"Sambar deer","SBR",1,"dist_str + ndvi_cv + elev + BB + DD",0.162512838559012,0.984335811483554,1.1764634298047
2874,"Sambar deer","SBR",1,"dist_str + ndvi_cv + elev + BB + DD",0.61004418946518,1.02037967984314,1.84051283973332
2875,"Sambar deer","SBR",1,"dist_str + ndvi_cv + elev + BB + DD",0.621454175858268,0.915398464415048,1.86163323533291
2876,"Sambar deer","SBR",1,"dist_str + ndvi_cv + elev + BB + DD",0.620370580996672,0.879820103842839,1.85961705472231
2877,"Sambar deer","SBR",1,"dist_str + ndvi_cv + elev + BB + DD",0.635561896428248,0.861454517805347,1.88808275073409
2878,"Sambar deer","SBR",1,"dist_str + ndvi_cv + elev + BB + DD",0.639674718014103,0.841198809839635,1.89586409497743
2879,"Sambar deer","SBR",1,"dist_str + ndvi_cv + elev + BB + DD",0.655118081953617,0.826968882941039,1.92536987289491
2880,"Sambar deer","SBR",1,"dist_str + ndvi_cv + elev + BB + DD",0.669588600503565,0.822877068341212,1.95343351596514
2881,"Sambar deer","SBR",1,"dist_str + ndvi_cv + elev + BB + DD",0.70509603843099,0.814791869299217,2.02404106914205
2882,"Sambar deer","SBR",1,"dist_str + ndvi_cv + elev + BB + DD",0.715258422901629,0.803860108200281,2.04471508033231
2883,"Sambar deer","SBR",1,"dist_str + ndvi_cv + elev + BB + DD",0.737896058769133,0.795986517474561,2.09153047255603
2884,"Sambar deer","SBR",1,"dist_str + ndvi_cv + elev + BB + DD",0.704991818707158,0.797257562888119,2.02383016945516
2885,"Sambar deer","SBR",1,"dist_str + ndvi_cv + elev + BB + DD",0.676853276345465,0.795492374177818,1.96767628113416
2886,"Sambar deer","SBR",1,"dist_str + ndvi_cv + elev + BB + DD",0.677760471539164,0.791941528072733,1.96946214643827
2887,"Sambar deer","SBR",1,"dist_str + ndvi_cv + elev + BB + DD",0.649076983247057,0.785938725528319,1.91377357190224
2888,"Sambar deer","SBR",1,"dist_str + ndvi_cv + elev + BB + DD",0.604665281878712,0.792852905198394,1.83063939282381
2889,"Sambar deer","SBR",1,"dist_str + ndvi_cv + elev + BB + DD",0.568765128394267,0.785536450374212,1.76608485447665
2890,"Sambar deer","SBR",1,"dist_str + ndvi_cv + elev + BB + DD",0.542741459052952,0.800403594885128,1.72071777693253
2891,"Sambar deer","SBR",1,"dist_str + ndvi_cv + elev + BB + DD",0.504898400288572,0.822651191995259,1.65681721720925
2892,"Sambar deer","SBR",1,"dist_str + ndvi_cv + elev + BB + DD",0.460106518403717,0.812796415797116,1.5842427283689
2893,"Sambar deer","SBR",1,"dist_str + ndvi_cv + elev + BB + DD",0.403583321215216,0.832756089291977,1.49717999901504
2894,"Sambar deer","SBR",1,"dist_str + ndvi_cv + elev + BB + DD",0.363192889816551,0.897196043095689,1.43791319519794
2895,"Sambar deer","SBR",1,"dist_str + ndvi_cv + elev + BB + DD",0.613142292636551,1.03053233402707,1.84622366867505
2896,"Sambar deer","SBR",1,"dist_str + ndvi_cv + elev + BB + DD",0.627233032115579,0.94704615544327,1.87242247227014
2897,"Sambar deer","SBR",1,"dist_str + ndvi_cv + elev + BB + DD",0.640100886959223,0.907882759440508,1.8966722275835
2898,"Sambar deer","SBR",1,"dist_str + ndvi_cv + elev + BB + DD",0.64204670867466,0.880130799843085,1.90036639836618
2899,"Sambar deer","SBR",1,"dist_str + ndvi_cv + elev + BB + DD",0.629112594619798,0.856771543824878,1.87594532626067
2900,"Sambar deer","SBR",1,"dist_str + ndvi_cv + elev + BB + DD",0.656883483593914,0.843341030351142,1.9287719086038
2901,"Sambar deer","SBR",1,"dist_str + ndvi_cv + elev + BB + DD",0.673995936004895,0.842091893982791,1.96206196010202
2902,"Sambar deer","SBR",1,"dist_str + ndvi_cv + elev + BB + DD",0.683571225478449,0.827843448714546,1.98093949707735
2903,"Sambar deer","SBR",1,"dist_str + ndvi_cv + elev + BB + DD",0.700941558443633,0.819424841733929,2.01564998581425
2904,"Sambar deer","SBR",1,"dist_str + ndvi_cv + elev + BB + DD",0.707833377621505,0.816265919690024,2.0295891386247
2905,"Sambar deer","SBR",1,"dist_str + ndvi_cv + elev + BB + DD",0.688096719791646,0.818479833376515,1.98992464565859
2906,"Sambar deer","SBR",1,"dist_str + ndvi_cv + elev + BB + DD",0.686264017258499,0.822167936553183,1.98628098130299
2907,"Sambar deer","SBR",1,"dist_str + ndvi_cv + elev + BB + DD",0.669101905649298,0.825075969484691,1.95248302538083
2908,"Sambar deer","SBR",1,"dist_str + ndvi_cv + elev + BB + DD",0.642120255223399,0.809030933952286,1.90050629921852
2909,"Sambar deer","SBR",1,"dist_str + ndvi_cv + elev + BB + DD",0.616033626398853,0.808548932427274,1.85156959402347
2910,"Sambar deer","SBR",1,"dist_str + ndvi_cv + elev + BB + DD",0.569762721534245,0.812932107601101,1.76784753146949
2911,"Sambar deer","SBR",1,"dist_str + ndvi_cv + elev + BB + DD",0.550429751726077,0.819399680441649,1.73399806305753
2912,"Sambar deer","SBR",1,"dist_str + ndvi_cv + elev + BB + DD",0.540382085902572,0.824821347878096,1.71666266869559
2913,"Sambar deer","SBR",1,"dist_str + ndvi_cv + elev + BB + DD",0.472320668459644,0.851124763968692,1.6037116249393
2914,"Sambar deer","SBR",1,"dist_str + ndvi_cv + elev + BB + DD",0.444121179377688,0.898819011580489,1.55911941034293
2915,"Sambar deer","SBR",1,"dist_str + ndvi_cv + elev + BB + DD",0.64972799908562,1.16874585596939,1.91502000009504
2916,"Sambar deer","SBR",1,"dist_str + ndvi_cv + elev + BB + DD",0.63595987469823,1.03711340324759,1.88883431611811
2917,"Sambar deer","SBR",1,"dist_str + ndvi_cv + elev + BB + DD",0.642342576978563,0.978177100172352,1.90092874282904
2918,"Sambar deer","SBR",1,"dist_str + ndvi_cv + elev + BB + DD",0.651141748199648,0.923240453142312,1.91772915240179
2919,"Sambar deer","SBR",1,"dist_str + ndvi_cv + elev + BB + DD",0.62929087663991,0.897118776228901,1.87627959577734
2920,"Sambar deer","SBR",1,"dist_str + ndvi_cv + elev + BB + DD",0.657565734160088,0.883882717395557,1.93008832678486
2921,"Sambar deer","SBR",1,"dist_str + ndvi_cv + elev + BB + DD",0.65711863429126,0.859774033146488,1.92922552539865
2922,"Sambar deer","SBR",1,"dist_str + ndvi_cv + elev + BB + DD",0.648320028102611,0.85589662931574,1.91232548162134
2923,"Sambar deer","SBR",1,"dist_str + ndvi_cv + elev + BB + DD",0.689466017763104,0.845445066758031,1.99265129994938
2924,"Sambar deer","SBR",1,"dist_str + ndvi_cv + elev + BB + DD",0.691839011229034,0.840745371306941,1.99738547200256
2925,"Sambar deer","SBR",1,"dist_str + ndvi_cv + elev + BB + DD",0.703157160251925,0.83981042988732,2.02012079657066
2926,"Sambar deer","SBR",1,"dist_str + ndvi_cv + elev + BB + DD",0.689455798170639,0.831599382769143,1.99263084589564
2927,"Sambar deer","SBR",1,"dist_str + ndvi_cv + elev + BB + DD",0.675166037766142,0.832317037697367,1.96435910789362
2928,"Sambar deer","SBR",1,"dist_str + ndvi_cv + elev + BB + DD",0.641824829132445,0.826831611876578,1.8999448046267
2929,"Sambar deer","SBR",1,"dist_str + ndvi_cv + elev + BB + DD",0.612663188383986,0.838890568666882,1.8453395882382
2930,"Sambar deer","SBR",1,"dist_str + ndvi_cv + elev + BB + DD",0.61634315570265,0.840358409264385,1.85214265035005
2931,"Sambar deer","SBR",1,"dist_str + ndvi_cv + elev + BB + DD",0.581787355160982,0.835206847353759,1.78923357204632
2932,"Sambar deer","SBR",1,"dist_str + ndvi_cv + elev + BB + DD",0.57673780110219,0.843684620942198,1.78022165918556
2933,"Sambar deer","SBR",1,"dist_str + ndvi_cv + elev + BB + DD",0.54831736984317,0.867026398241478,1.73033919890035
2934,"Sambar deer","SBR",1,"dist_str + ndvi_cv + elev + BB + DD",0.529713840887899,0.90616726250916,1.69844623590115
2935,"Sambar deer","SBR",1,"dist_str + ndvi_cv + elev + BB + DD",0.477484805398887,1.02613638082573,1.6120148994609
2936,"Sambar deer","SBR",1,"dist_str + ndvi_cv + elev + BB + DD",0.65188399625362,1.20277678073072,1.91915354206121
2937,"Sambar deer","SBR",1,"dist_str + ndvi_cv + elev + BB + DD",0.631843389183789,1.06277536038319,1.88107493857586
2938,"Sambar deer","SBR",1,"dist_str + ndvi_cv + elev + BB + DD",0.642037886203976,0.996938017256846,1.90034963352238
2939,"Sambar deer","SBR",1,"dist_str + ndvi_cv + elev + BB + DD",0.631686188912315,0.958745239194159,1.88077926048307
2940,"Sambar deer","SBR",1,"dist_str + ndvi_cv + elev + BB + DD",0.641923928146491,0.931007766450311,1.90013309169234
2941,"Sambar deer","SBR",1,"dist_str + ndvi_cv + elev + BB + DD",0.640424036284927,0.900642948308643,1.89728529139569
2942,"Sambar deer","SBR",1,"dist_str + ndvi_cv + elev + BB + DD",0.632186610373273,0.886554438271687,1.88172076961654
2943,"Sambar deer","SBR",1,"dist_str + ndvi_cv + elev + BB + DD",0.672225733961179,0.875453423452346,1.95859276520391
2944,"Sambar deer","SBR",1,"dist_str + ndvi_cv + elev + BB + DD",0.690054927906761,0.863082198042827,1.9938250544559
2945,"Sambar deer","SBR",1,"dist_str + ndvi_cv + elev + BB + DD",0.67773813531787,0.872489091384756,1.96941818097098
2946,"Sambar deer","SBR",1,"dist_str + ndvi_cv + elev + BB + DD",0.696842837052567,0.861371551392788,2.00740505358951
2947,"Sambar deer","SBR",1,"dist_str + ndvi_cv + elev + BB + DD",0.682279810129649,0.853784823701311,1.97838307681837
2948,"Sambar deer","SBR",1,"dist_str + ndvi_cv + elev + BB + DD",0.65846805096368,0.860823653590763,1.93183060172755
2949,"Sambar deer","SBR",1,"dist_str + ndvi_cv + elev + BB + DD",0.63662241544805,0.840523599318292,1.89008642748087
2950,"Sambar deer","SBR",1,"dist_str + ndvi_cv + elev + BB + DD",0.615158536765963,0.858771190327542,1.84994986268744
2951,"Sambar deer","SBR",1,"dist_str + ndvi_cv + elev + BB + DD",0.60564553978648,0.860676847129084,1.83243473700165
2952,"Sambar deer","SBR",1,"dist_str + ndvi_cv + elev + BB + DD",0.575866733330976,0.874965280919831,1.7786715117533
2953,"Sambar deer","SBR",1,"dist_str + ndvi_cv + elev + BB + DD",0.563455237559437,0.888218678674321,1.75673221044644
2954,"Sambar deer","SBR",1,"dist_str + ndvi_cv + elev + BB + DD",0.552358620849823,0.924489998260138,1.7373460271492
2955,"Sambar deer","SBR",1,"dist_str + ndvi_cv + elev + BB + DD",0.535668505293486,0.984606467395871,1.7085900660358
2956,"Sambar deer","SBR",1,"dist_str + ndvi_cv + elev + BB + DD",0.618619173244793,1.17752582525525,1.85636295642528
2957,"Sambar deer","SBR",1,"dist_str + ndvi_cv + elev + BB + DD",0.630541580664687,1.09796516746489,1.87862789782157
2958,"Sambar deer","SBR",1,"dist_str + ndvi_cv + elev + BB + DD",0.655337035954552,1.04295504902566,1.9257915154818
2959,"Sambar deer","SBR",1,"dist_str + ndvi_cv + elev + BB + DD",0.655528236929769,0.956141252426994,1.92615981684805
2960,"Sambar deer","SBR",1,"dist_str + ndvi_cv + elev + BB + DD",0.649537024543638,0.931188177266669,1.91465422247774
2961,"Sambar deer","SBR",1,"dist_str + ndvi_cv + elev + BB + DD",0.655601831224719,0.924156902676722,1.92630148706671
2962,"Sambar deer","SBR",1,"dist_str + ndvi_cv + elev + BB + DD",0.658022000483378,0.89836969112624,1.9309691425486
2963,"Sambar deer","SBR",1,"dist_str + ndvi_cv + elev + BB + DD",0.647561105394851,0.890982357767436,1.91087471948224
2964,"Sambar deer","SBR",1,"dist_str + ndvi_cv + elev + BB + DD",0.645392998031205,0.888064523031103,1.90673623802958
2965,"Sambar deer","SBR",1,"dist_str + ndvi_cv + elev + BB + DD",0.671251056560472,0.879502768059668,1.95668371470173
2966,"Sambar deer","SBR",1,"dist_str + ndvi_cv + elev + BB + DD",0.678256890640882,0.882863293728482,1.97044004477371
2967,"Sambar deer","SBR",1,"dist_str + ndvi_cv + elev + BB + DD",0.636821458598683,0.868553723467233,1.89046240639347
2968,"Sambar deer","SBR",1,"dist_str + ndvi_cv + elev + BB + DD",0.633393922950251,0.871478896886013,1.88399387816874
2969,"Sambar deer","SBR",1,"dist_str + ndvi_cv + elev + BB + DD",0.622394677799872,0.879870590907448,1.86338495135683
2970,"Sambar deer","SBR",1,"dist_str + ndvi_cv + elev + BB + DD",0.612351599719667,0.905298547914091,1.8447644495656
2971,"Sambar deer","SBR",1,"dist_str + ndvi_cv + elev + BB + DD",0.598444256157249,0.898147155853543,1.8192862565497
2972,"Sambar deer","SBR",1,"dist_str + ndvi_cv + elev + BB + DD",0.576107747270214,0.949888418310437,1.77910029814906
2973,"Sambar deer","SBR",1,"dist_str + ndvi_cv + elev + BB + DD",0.560139157169721,1.00547537791593,1.75091618010238
2974,"Sambar deer","SBR",1,"dist_str + ndvi_cv + elev + BB + DD",0.655510393610986,0.988484016605977,1.9261253504042
2975,"Sambar deer","SBR",1,"dist_str + ndvi_cv + elev + BB + DD",0.660582629703159,0.929573934442937,1.93592002397216
2976,"Sambar deer","SBR",1,"dist_str + ndvi_cv + elev + BB + DD",0.663804794594246,0.932949807359375,1.94216787128285
2977,"Sambar deer","SBR",1,"dist_str + ndvi_cv + elev + BB + DD",0.675810760242982,0.91780676833217,1.96562599974977
2978,"Sambar deer","SBR",1,"dist_str + ndvi_cv + elev + BB + DD",0.663685280583851,0.913433107364802,1.94193574554413
2979,"Sambar deer","SBR",1,"dist_str + ndvi_cv + elev + BB + DD",0.651630432782614,0.907415920554192,1.91866658261958
2980,"Sambar deer","SBR",1,"dist_str + ndvi_cv + elev + BB + DD",0.67251818614622,0.905509747882951,1.95916508451881
2981,"Sambar deer","SBR",1,"dist_str + ndvi_cv + elev + BB + DD",0.642602042243605,0.905393638995524,1.90142205718712
2982,"Sambar deer","SBR",1,"dist_str + ndvi_cv + elev + BB + DD",0.642400089573492,0.911222878574952,1.90103807174116
2983,"Sambar deer","SBR",1,"dist_str + ndvi_cv + elev + BB + DD",0.640807780793648,0.91391802540513,1.8980135036004
2984,"Sambar deer","SBR",1,"dist_str + ndvi_cv + elev + BB + DD",0.592483881355012,0.949773336692228,1.80847488289346
2985,"Sambar deer","SBR",1,"dist_str + ndvi_cv + elev + BB + DD",0.612914766692845,0.988721776102309,1.845803664321
2986,"Sambar deer","SBR",1,"dist_str + ndvi_cv + elev + BB + DD",0.557071154152911,1.06057261681188,1.74555255191986
2987,"Sambar deer","SBR",1,"dist_str + ndvi_cv + elev + BB + DD",0.657909177111776,1.0726846005493,1.93075131359396
2988,"Sambar deer","SBR",1,"dist_str + ndvi_cv + elev + BB + DD",0.660769650236771,0.990937706919951,1.93628202123554
2989,"Sambar deer","SBR",1,"dist_str + ndvi_cv + elev + BB + DD",0.640009113103427,0.973799049067573,1.89649816225003
2990,"Sambar deer","SBR",1,"dist_str + ndvi_cv + elev + BB + DD",0.660475153161652,0.960539725458289,1.93571190517959
2991,"Sambar deer","SBR",1,"dist_str + ndvi_cv + elev + BB + DD",0.657976410870275,0.947056611350423,1.93088135568739
2992,"Sambar deer","SBR",1,"dist_str + ndvi_cv + elev + BB + DD",0.669268061235542,0.947078940966371,1.95280750081821
2993,"Sambar deer","SBR",1,"dist_str + ndvi_cv + elev + BB + DD",0.656914710144971,0.943279475064844,1.92883219337227
2994,"Sambar deer","SBR",1,"dist_str + ndvi_cv + elev + BB + DD",0.630923211027322,0.969324877103799,1.87934525896714
2995,"Sambar deer","SBR",1,"dist_str + ndvi_cv + elev + BB + DD",0.623994934063346,0.985014713747075,1.86636919666449
2996,"Sambar deer","SBR",1,"dist_str + ndvi_cv + elev + BB + DD",0.618203620954058,1.01893199432927,1.85559170046792
2997,"Sambar deer","SBR",1,"dist_str + ndvi_cv + elev + BB + DD",0.625626014474785,1.07089021156844,1.86941587386631
2998,"Sambar deer","SBR",1,"dist_str + ndvi_cv + elev + BB + DD",0.658781825237789,1.16304286411622,1.93243686975401
2999,"Sambar deer","SBR",1,"dist_str + ndvi_cv + elev + BB + DD",0.664223944654911,1.04994060253254,1.94298207566
3000,"Sambar deer","SBR",1,"dist_str + ndvi_cv + elev + BB + DD",0.66976966912789,1.01826348611429,1.95378725173949
3001,"Sambar deer","SBR",1,"dist_str + ndvi_cv + elev + BB + DD",0.676935016113716,0.999433429435154,1.96783709079792
3002,"Sambar deer","SBR",1,"dist_str + ndvi_cv + elev + BB + DD",0.669390386061655,0.997905232157523,1.95304636049831
3003,"Sambar deer","SBR",1,"dist_str + ndvi_cv + elev + BB + DD",0.656788258421521,0.997755872757446,1.92858825825881
3004,"Sambar deer","SBR",1,"dist_str + ndvi_cv + elev + BB + DD",0.647032975814324,1.02536293081011,1.90986579894745
3005,"Sambar deer","SBR",1,"dist_str + ndvi_cv + elev + BB + DD",0.632933635895302,1.09089137912679,1.88312809803832
3006,"Sambar deer","SBR",1,"dist_str + ndvi_cv + elev + BB + DD",0.659438612376058,1.13268486516951,1.93370651954967
3007,"Sambar deer","SBR",1,"dist_str + ndvi_cv + elev + BB + DD",0.662502709109396,1.06569470367442,1.93964062119727
3008,"Sambar deer","SBR",1,"dist_str + ndvi_cv + elev + BB + DD",0.64868108466683,1.06721966534071,1.91301608492627
3009,"Sambar deer","SBR",1,"dist_str + ndvi_cv + elev + BB + DD",0.649386262815058,1.06572969334276,1.91436560165438
3010,"Sambar deer","SBR",1,"dist_str + ndvi_cv + elev + BB + DD",0.650036004695229,1.13142478814759,1.9156098020154
3011,"Sambar deer","SBR",1,"dist_str + ndvi_cv + elev + BB + DD",0.655445485797019,1.30871099286186,1.92600033219772
3012,"Sambar deer","SBR",1,"dist_str + ndvi_cv + elev + BB + DD",0.638245476120879,1.17762480557589,1.89315639260191
3013,"Sambar deer","SBR",1,"dist_str + ndvi_cv + elev + BB + DD",0.634664267198922,1.19604507648982,1.88638871588771
