"grid_id","Species","Species_Code","Rank","Covariates","CAR_Median","CAR_SD","CAR_RelativeRisk"
1,"Banteng","BTG",1,"dist_str + ndvi_cv + slope + BB",-0.81960597900157,1.35706870485032,0.440605273491739
2,"Banteng","BTG",1,"dist_str + ndvi_cv + slope + BB",-0.822043530579908,1.22661680783805,0.439532685355536
3,"Banteng","BTG",1,"dist_str + ndvi_cv + slope + BB",-0.789616447907341,1.2007968409678,0.454018912458751
4,"Banteng","BTG",1,"dist_str + ndvi_cv + slope + BB",-0.85753385108284,1.1957827319106,0.424206951020326
5,"Banteng","BTG",1,"dist_str + ndvi_cv + slope + BB",-0.824699513429047,1.25155700238977,0.438366697305947
6,"Banteng","BTG",1,"dist_str + ndvi_cv + slope + BB",-0.82019609990152,1.3909411279835,0.44034530328365
7,"Banteng","BTG",1,"dist_str + ndvi_cv + slope + BB",-0.876773941796158,1.16442537268238,0.416123186254135
8,"Banteng","BTG",1,"dist_str + ndvi_cv + slope + BB",-0.819018802848769,1.11952005192158,0.440864017825405
9,"Banteng","BTG",1,"dist_str + ndvi_cv + slope + BB",-0.825286162886721,1.09850099109743,0.438109606605434
10,"Banteng","BTG",1,"dist_str + ndvi_cv + slope + BB",-0.836603730502422,1.12020362288183,0.433179222992043
11,"Banteng","BTG",1,"dist_str + ndvi_cv + slope + BB",-0.809017846144213,1.15321424576199,0.445295309587712
12,"Banteng","BTG",1,"dist_str + ndvi_cv + slope + BB",-0.832334841056331,1.20242171753747,0.435032391401597
13,"Banteng","BTG",1,"dist_str + ndvi_cv + slope + BB",-0.951274256854523,1.14433695674254,0.386248539019318
14,"Banteng","BTG",1,"dist_str + ndvi_cv + slope + BB",-0.908475381833562,1.134211007525,0.403138484466521
15,"Banteng","BTG",1,"dist_str + ndvi_cv + slope + BB",-0.876195847996241,1.13241973187869,0.41636382991127
16,"Banteng","BTG",1,"dist_str + ndvi_cv + slope + BB",-0.849234328753339,1.08299553468191,0.427742321749658
17,"Banteng","BTG",1,"dist_str + ndvi_cv + slope + BB",-0.843074516565696,1.07632425831967,0.43038532210793
18,"Banteng","BTG",1,"dist_str + ndvi_cv + slope + BB",-0.863574208286913,1.05993669975092,0.421652334527898
19,"Banteng","BTG",1,"dist_str + ndvi_cv + slope + BB",-0.866741180968618,1.06293172660545,0.420319073465708
20,"Banteng","BTG",1,"dist_str + ndvi_cv + slope + BB",-0.838476857636434,1.06182371129939,0.432368629723629
21,"Banteng","BTG",1,"dist_str + ndvi_cv + slope + BB",-0.845548368955907,1.07128347425419,0.429321870826726
22,"Banteng","BTG",1,"dist_str + ndvi_cv + slope + BB",-0.816038220163368,1.08792724306863,0.442180017871669
23,"Banteng","BTG",1,"dist_str + ndvi_cv + slope + BB",-0.832274757125897,1.10203604706135,0.435058534451934
24,"Banteng","BTG",1,"dist_str + ndvi_cv + slope + BB",-0.806860946188954,1.13192509057555,0.446256696406107
25,"Banteng","BTG",1,"dist_str + ndvi_cv + slope + BB",-0.817028653280724,1.20433217042233,0.44174229475165
26,"Banteng","BTG",1,"dist_str + ndvi_cv + slope + BB",-0.809346313405206,1.37657134740256,0.445148973869647
27,"Banteng","BTG",1,"dist_str + ndvi_cv + slope + BB",-0.941230995617439,1.18891238725065,0.39014728202534
28,"Banteng","BTG",1,"dist_str + ndvi_cv + slope + BB",-0.938137982103871,1.02848018494599,0.391355871170534
29,"Banteng","BTG",1,"dist_str + ndvi_cv + slope + BB",-0.937911035748759,0.99391577364676,0.391444742371802
30,"Banteng","BTG",1,"dist_str + ndvi_cv + slope + BB",-0.906576239548628,0.972239997715454,0.403904732914734
31,"Banteng","BTG",1,"dist_str + ndvi_cv + slope + BB",-0.898664861208006,0.975213274617928,0.407112850017345
32,"Banteng","BTG",1,"dist_str + ndvi_cv + slope + BB",-0.918150534417583,0.990635223914697,0.399256772322149
33,"Banteng","BTG",1,"dist_str + ndvi_cv + slope + BB",-0.88395214225873,0.994188016193178,0.413146906604356
34,"Banteng","BTG",1,"dist_str + ndvi_cv + slope + BB",-0.88810725369819,0.974867695866389,0.411433762018014
35,"Banteng","BTG",1,"dist_str + ndvi_cv + slope + BB",-0.863021568826544,0.982394230470552,0.421885400123973
36,"Banteng","BTG",1,"dist_str + ndvi_cv + slope + BB",-0.854775827432292,0.995097844905376,0.425378538978709
37,"Banteng","BTG",1,"dist_str + ndvi_cv + slope + BB",-0.864044217729967,1.00305685540978,0.42145420127189
38,"Banteng","BTG",1,"dist_str + ndvi_cv + slope + BB",-0.8317219451911,1.02803114825984,0.435299102851288
39,"Banteng","BTG",1,"dist_str + ndvi_cv + slope + BB",-0.835968408926071,1.04781294034256,0.433454520746553
40,"Banteng","BTG",1,"dist_str + ndvi_cv + slope + BB",-0.837781793965596,1.05487521513111,0.432669282445458
41,"Banteng","BTG",1,"dist_str + ndvi_cv + slope + BB",-0.831372681256331,1.08418907886447,0.435451140458461
42,"Banteng","BTG",1,"dist_str + ndvi_cv + slope + BB",-0.805484392094905,1.09759226680708,0.446871421618205
43,"Banteng","BTG",1,"dist_str + ndvi_cv + slope + BB",-0.819210824824158,1.15206523393405,0.440779385481826
44,"Banteng","BTG",1,"dist_str + ndvi_cv + slope + BB",-0.827756832100591,1.24577722519689,0.437028541260297
45,"Banteng","BTG",1,"dist_str + ndvi_cv + slope + BB",-0.905475443887624,0.982698230884286,0.404349594028628
46,"Banteng","BTG",1,"dist_str + ndvi_cv + slope + BB",-0.929122554001538,0.939665189531136,0.394900116995598
47,"Banteng","BTG",1,"dist_str + ndvi_cv + slope + BB",-0.928573576834539,0.916179972104436,0.395116922748647
48,"Banteng","BTG",1,"dist_str + ndvi_cv + slope + BB",-0.91724614203496,0.900810727708104,0.399618018584854
49,"Banteng","BTG",1,"dist_str + ndvi_cv + slope + BB",-0.915856892102939,0.9081710550896,0.400173573557383
50,"Banteng","BTG",1,"dist_str + ndvi_cv + slope + BB",-0.917600517729092,0.90311628596862,0.399476436948048
51,"Banteng","BTG",1,"dist_str + ndvi_cv + slope + BB",-0.899732624490152,0.935412766645965,0.406678381495025
52,"Banteng","BTG",1,"dist_str + ndvi_cv + slope + BB",-0.882840272521166,0.925830382707313,0.413606494449247
53,"Banteng","BTG",1,"dist_str + ndvi_cv + slope + BB",-0.880132160753907,0.941516637300244,0.414728100680143
54,"Banteng","BTG",1,"dist_str + ndvi_cv + slope + BB",-0.865485241021072,0.954071998716665,0.420847291579773
55,"Banteng","BTG",1,"dist_str + ndvi_cv + slope + BB",-0.832933359489282,0.974368203140437,0.434772071201178
56,"Banteng","BTG",1,"dist_str + ndvi_cv + slope + BB",-0.842962412630112,0.989548624811726,0.430433512666717
57,"Banteng","BTG",1,"dist_str + ndvi_cv + slope + BB",-0.832385825099293,0.998815258847172,0.435010230162891
58,"Banteng","BTG",1,"dist_str + ndvi_cv + slope + BB",-0.830659864969496,1.02176457015223,0.435761647593898
59,"Banteng","BTG",1,"dist_str + ndvi_cv + slope + BB",-0.817025045183442,1.05873913522941,0.441743869856633
60,"Banteng","BTG",1,"dist_str + ndvi_cv + slope + BB",-0.828782021230104,1.08013036832386,0.436580723691568
61,"Banteng","BTG",1,"dist_str + ndvi_cv + slope + BB",-0.812492283257375,1.10927311514306,0.443750735357986
62,"Banteng","BTG",1,"dist_str + ndvi_cv + slope + BB",-0.805759909585942,1.21019197150342,0.446748310236605
63,"Banteng","BTG",1,"dist_str + ndvi_cv + slope + BB",-0.870227372018829,1.13945135325823,0.41885630258069
64,"Banteng","BTG",1,"dist_str + ndvi_cv + slope + BB",-0.829047632126463,1.07230422342429,0.43646476346557
65,"Banteng","BTG",1,"dist_str + ndvi_cv + slope + BB",-0.848698427968894,1.05797508049744,0.427971605526523
66,"Banteng","BTG",1,"dist_str + ndvi_cv + slope + BB",-0.854310699947835,1.09608401087254,0.425576488418269
67,"Banteng","BTG",1,"dist_str + ndvi_cv + slope + BB",-0.895126232640403,0.965071163926936,0.408556025174803
68,"Banteng","BTG",1,"dist_str + ndvi_cv + slope + BB",-0.9166944686921,0.901571540062828,0.399838572173161
69,"Banteng","BTG",1,"dist_str + ndvi_cv + slope + BB",-0.932547963159598,0.890325445991653,0.393549683022728
70,"Banteng","BTG",1,"dist_str + ndvi_cv + slope + BB",-0.933001489070045,0.873925019130905,0.39337123814307
71,"Banteng","BTG",1,"dist_str + ndvi_cv + slope + BB",-0.933787957242611,0.864419575498025,0.393061996274521
72,"Banteng","BTG",1,"dist_str + ndvi_cv + slope + BB",-0.916562235204084,0.870961113713428,0.399891641137325
73,"Banteng","BTG",1,"dist_str + ndvi_cv + slope + BB",-0.927737020700295,0.873306848156793,0.395447603617171
74,"Banteng","BTG",1,"dist_str + ndvi_cv + slope + BB",-0.918292898455654,0.887701275774578,0.399199936845761
75,"Banteng","BTG",1,"dist_str + ndvi_cv + slope + BB",-0.881189946332832,0.899584029009099,0.414289723580534
76,"Banteng","BTG",1,"dist_str + ndvi_cv + slope + BB",-0.86815944325314,0.912445378001765,0.419723368127069
77,"Banteng","BTG",1,"dist_str + ndvi_cv + slope + BB",-0.85852484468088,0.92838148001392,0.423787217240659
78,"Banteng","BTG",1,"dist_str + ndvi_cv + slope + BB",-0.849184552566475,0.936545226717787,0.427763638022549
79,"Banteng","BTG",1,"dist_str + ndvi_cv + slope + BB",-0.822917877528333,0.968555606247225,0.439148416042423
80,"Banteng","BTG",1,"dist_str + ndvi_cv + slope + BB",-0.830330175886092,0.988507623489974,0.435905337320212
81,"Banteng","BTG",1,"dist_str + ndvi_cv + slope + BB",-0.807556544836537,1.00476524709014,0.445946397268083
82,"Banteng","BTG",1,"dist_str + ndvi_cv + slope + BB",-0.820103882159605,1.03688983027916,0.440385917909237
83,"Banteng","BTG",1,"dist_str + ndvi_cv + slope + BB",-0.819652357702723,1.06050533379563,0.440584793795583
84,"Banteng","BTG",1,"dist_str + ndvi_cv + slope + BB",-0.804677862864776,1.08376502365782,0.447231984930179
85,"Banteng","BTG",1,"dist_str + ndvi_cv + slope + BB",-0.801902740612419,1.16865746938426,0.44847482497021
86,"Banteng","BTG",1,"dist_str + ndvi_cv + slope + BB",-0.769948366590616,1.18160433872969,0.463036988738808
87,"Banteng","BTG",1,"dist_str + ndvi_cv + slope + BB",-0.774259407543985,1.12348114964867,0.461045101528805
88,"Banteng","BTG",1,"dist_str + ndvi_cv + slope + BB",-0.774894061944178,1.10614348846491,0.460752622985221
89,"Banteng","BTG",1,"dist_str + ndvi_cv + slope + BB",-0.794679569914306,1.06489751750032,0.451725992728481
90,"Banteng","BTG",1,"dist_str + ndvi_cv + slope + BB",-0.823588499159069,1.01850698708517,0.438853998564801
91,"Banteng","BTG",1,"dist_str + ndvi_cv + slope + BB",-0.835549068472295,0.967471989601085,0.433636321957141
92,"Banteng","BTG",1,"dist_str + ndvi_cv + slope + BB",-0.8403352119623,0.971140589949437,0.431565836540349
93,"Banteng","BTG",1,"dist_str + ndvi_cv + slope + BB",-0.834676844371933,0.942840848544675,0.434014732966535
94,"Banteng","BTG",1,"dist_str + ndvi_cv + slope + BB",-0.847461644853623,0.946175357516452,0.428501245306166
95,"Banteng","BTG",1,"dist_str + ndvi_cv + slope + BB",-0.859149454531093,0.944863884705884,0.423522154352778
96,"Banteng","BTG",1,"dist_str + ndvi_cv + slope + BB",-0.874998467863416,0.949379311435517,0.416862658488964
97,"Banteng","BTG",1,"dist_str + ndvi_cv + slope + BB",-0.888830725524375,0.91038141645251,0.411136206163319
98,"Banteng","BTG",1,"dist_str + ndvi_cv + slope + BB",-0.88127363442116,0.879620604416611,0.414254969775631
99,"Banteng","BTG",1,"dist_str + ndvi_cv + slope + BB",-0.912367731189089,0.843838778115493,0.401572298132114
100,"Banteng","BTG",1,"dist_str + ndvi_cv + slope + BB",-0.953365163060375,0.838931642568083,0.385441765098316
101,"Banteng","BTG",1,"dist_str + ndvi_cv + slope + BB",-0.964552165669629,0.845407604785482,0.381153855794807
102,"Banteng","BTG",1,"dist_str + ndvi_cv + slope + BB",-0.949355765896948,0.813936214792384,0.386990258597769
103,"Banteng","BTG",1,"dist_str + ndvi_cv + slope + BB",-0.934010252883213,0.837184654287417,0.392974621577767
104,"Banteng","BTG",1,"dist_str + ndvi_cv + slope + BB",-0.909470918816521,0.831343909438921,0.402737252090533
105,"Banteng","BTG",1,"dist_str + ndvi_cv + slope + BB",-0.908944360949206,0.862877715302198,0.402949369975079
106,"Banteng","BTG",1,"dist_str + ndvi_cv + slope + BB",-0.88926449937481,0.871834758766007,0.410957902003085
107,"Banteng","BTG",1,"dist_str + ndvi_cv + slope + BB",-0.880568854741251,0.890392715038251,0.414547036354777
108,"Banteng","BTG",1,"dist_str + ndvi_cv + slope + BB",-0.859248412538527,0.911561352339777,0.423480245641773
109,"Banteng","BTG",1,"dist_str + ndvi_cv + slope + BB",-0.872100294316121,0.914890460541731,0.418072565362484
110,"Banteng","BTG",1,"dist_str + ndvi_cv + slope + BB",-0.821514273001951,0.940961700590741,0.439765230333239
111,"Banteng","BTG",1,"dist_str + ndvi_cv + slope + BB",-0.82035017465125,0.962147647672537,0.440277454006866
112,"Banteng","BTG",1,"dist_str + ndvi_cv + slope + BB",-0.80579369181072,0.996377925544134,0.446733225210337
113,"Banteng","BTG",1,"dist_str + ndvi_cv + slope + BB",-0.826451490237457,1.01168449236176,0.437599371699037
114,"Banteng","BTG",1,"dist_str + ndvi_cv + slope + BB",-0.805597765869797,1.02266932708193,0.446820756658095
115,"Banteng","BTG",1,"dist_str + ndvi_cv + slope + BB",-0.815560368659233,1.07093053440367,0.442391355646869
116,"Banteng","BTG",1,"dist_str + ndvi_cv + slope + BB",-0.800420665304594,1.16097237826517,0.449140002606334
117,"Banteng","BTG",1,"dist_str + ndvi_cv + slope + BB",-0.803028724497642,1.12288707779878,0.447970140202751
118,"Banteng","BTG",1,"dist_str + ndvi_cv + slope + BB",-0.787181547248987,1.0529034319567,0.455125839766697
119,"Banteng","BTG",1,"dist_str + ndvi_cv + slope + BB",-0.778250692808284,1.00765083891523,0.459208614530548
120,"Banteng","BTG",1,"dist_str + ndvi_cv + slope + BB",-0.797298986420034,0.98398770421802,0.450544248439233
121,"Banteng","BTG",1,"dist_str + ndvi_cv + slope + BB",-0.818483929130667,0.972932664141556,0.441099890971567
122,"Banteng","BTG",1,"dist_str + ndvi_cv + slope + BB",-0.832469284363322,0.944516584015208,0.434973885563585
123,"Banteng","BTG",1,"dist_str + ndvi_cv + slope + BB",-0.82928522289479,0.928847259523183,0.436361139356676
124,"Banteng","BTG",1,"dist_str + ndvi_cv + slope + BB",-0.826912767163232,0.916436626223483,0.437397558669292
125,"Banteng","BTG",1,"dist_str + ndvi_cv + slope + BB",-0.850464743321472,0.913375182696317,0.427216353702813
126,"Banteng","BTG",1,"dist_str + ndvi_cv + slope + BB",-0.856903853889011,0.886160950826592,0.424474285975332
127,"Banteng","BTG",1,"dist_str + ndvi_cv + slope + BB",-0.862915571770518,0.866325142134082,0.421930119724053
128,"Banteng","BTG",1,"dist_str + ndvi_cv + slope + BB",-0.854771087511661,0.850341788796079,0.425380555850011
129,"Banteng","BTG",1,"dist_str + ndvi_cv + slope + BB",-0.884407891935959,0.829398350479408,0.412958620070292
130,"Banteng","BTG",1,"dist_str + ndvi_cv + slope + BB",-0.891615331083305,0.820259836472508,0.409992971955689
131,"Banteng","BTG",1,"dist_str + ndvi_cv + slope + BB",-0.936149810250839,0.817413537939798,0.392134748383221
132,"Banteng","BTG",1,"dist_str + ndvi_cv + slope + BB",-0.964563807421704,0.799807107613237,0.381149418213583
133,"Banteng","BTG",1,"dist_str + ndvi_cv + slope + BB",-0.99786795196593,0.788137409354407,0.368664614552105
134,"Banteng","BTG",1,"dist_str + ndvi_cv + slope + BB",-1.03119479865859,0.762751965811025,0.356580666146444
135,"Banteng","BTG",1,"dist_str + ndvi_cv + slope + BB",-0.971248994640146,0.798992913746481,0.378609860985222
136,"Banteng","BTG",1,"dist_str + ndvi_cv + slope + BB",-0.928225167624053,0.820561969637712,0.395254608870452
137,"Banteng","BTG",1,"dist_str + ndvi_cv + slope + BB",-0.916163044591955,0.844550724915716,0.400051079954518
138,"Banteng","BTG",1,"dist_str + ndvi_cv + slope + BB",-0.872218375135385,0.849124930880132,0.418023198568519
139,"Banteng","BTG",1,"dist_str + ndvi_cv + slope + BB",-0.878611606701159,0.866725661250461,0.415359193563707
140,"Banteng","BTG",1,"dist_str + ndvi_cv + slope + BB",-0.854727220999668,0.882217170771537,0.425399215291736
141,"Banteng","BTG",1,"dist_str + ndvi_cv + slope + BB",-0.840371086990266,0.903254083271498,0.431550386354584
142,"Banteng","BTG",1,"dist_str + ndvi_cv + slope + BB",-0.834903861384193,0.93116621544854,0.4339161982686
143,"Banteng","BTG",1,"dist_str + ndvi_cv + slope + BB",-0.836427267102123,0.951739370545845,0.433255668776143
144,"Banteng","BTG",1,"dist_str + ndvi_cv + slope + BB",-0.820525600253655,0.98012112554522,0.440200226186157
145,"Banteng","BTG",1,"dist_str + ndvi_cv + slope + BB",-0.813798903932883,0.995783572111216,0.443171299320184
146,"Banteng","BTG",1,"dist_str + ndvi_cv + slope + BB",-0.805231729994609,1.01938568941455,0.446984360342093
147,"Banteng","BTG",1,"dist_str + ndvi_cv + slope + BB",-0.803639815288479,1.06413999241121,0.447696473354387
148,"Banteng","BTG",1,"dist_str + ndvi_cv + slope + BB",-0.810394288376422,1.12083592132039,0.444682704291896
149,"Banteng","BTG",1,"dist_str + ndvi_cv + slope + BB",-0.758108462453905,1.14902345931817,0.46855190136321
150,"Banteng","BTG",1,"dist_str + ndvi_cv + slope + BB",-0.771616952649163,1.06293181398535,0.462265011743181
151,"Banteng","BTG",1,"dist_str + ndvi_cv + slope + BB",-0.780937253938296,0.998707041929696,0.457976574747405
152,"Banteng","BTG",1,"dist_str + ndvi_cv + slope + BB",-0.777666967412339,0.981320209026777,0.459476736000243
153,"Banteng","BTG",1,"dist_str + ndvi_cv + slope + BB",-0.78597327132446,0.950683043982984,0.455676040997989
154,"Banteng","BTG",1,"dist_str + ndvi_cv + slope + BB",-0.773318979141974,0.933087509769188,0.461478936201204
155,"Banteng","BTG",1,"dist_str + ndvi_cv + slope + BB",-0.813557221507314,0.908146815247915,0.443278454307664
156,"Banteng","BTG",1,"dist_str + ndvi_cv + slope + BB",-0.80377877630233,0.898091507818226,0.447634267498603
157,"Banteng","BTG",1,"dist_str + ndvi_cv + slope + BB",-0.828600980842753,0.890650485006465,0.436659754583613
158,"Banteng","BTG",1,"dist_str + ndvi_cv + slope + BB",-0.835188524500497,0.889389492983158,0.43379270636771
159,"Banteng","BTG",1,"dist_str + ndvi_cv + slope + BB",-0.852559718063444,0.861995398985127,0.426322270792068
160,"Banteng","BTG",1,"dist_str + ndvi_cv + slope + BB",-0.855006161615725,0.84224173454095,0.425280571905083
161,"Banteng","BTG",1,"dist_str + ndvi_cv + slope + BB",-0.874736036647973,0.830210910546954,0.416972084979183
162,"Banteng","BTG",1,"dist_str + ndvi_cv + slope + BB",-0.869803013086911,0.812535458260004,0.41903409419288
163,"Banteng","BTG",1,"dist_str + ndvi_cv + slope + BB",-0.910248418682727,0.807311604891669,0.402424242203836
164,"Banteng","BTG",1,"dist_str + ndvi_cv + slope + BB",-0.939084014272832,0.800670078255613,0.390985825352757
165,"Banteng","BTG",1,"dist_str + ndvi_cv + slope + BB",-0.956173215324195,0.783261114645217,0.384360943462882
166,"Banteng","BTG",1,"dist_str + ndvi_cv + slope + BB",-1.00241118436241,0.771448809615084,0.366993490059502
167,"Banteng","BTG",1,"dist_str + ndvi_cv + slope + BB",-1.01432743950221,0.7604656351715,0.362646254404314
168,"Banteng","BTG",1,"dist_str + ndvi_cv + slope + BB",-0.946152786417622,0.786952622306568,0.38823180453057
169,"Banteng","BTG",1,"dist_str + ndvi_cv + slope + BB",-0.94102659364655,0.822446502989179,0.390227056644689
170,"Banteng","BTG",1,"dist_str + ndvi_cv + slope + BB",-0.9005758647098,0.825238550994207,0.406335598465019
171,"Banteng","BTG",1,"dist_str + ndvi_cv + slope + BB",-0.879782562782872,0.84167567799008,0.414873128828127
172,"Banteng","BTG",1,"dist_str + ndvi_cv + slope + BB",-0.864543385769871,0.851498504651721,0.421243863350091
173,"Banteng","BTG",1,"dist_str + ndvi_cv + slope + BB",-0.841320827071756,0.87540298906067,0.431140688999408
174,"Banteng","BTG",1,"dist_str + ndvi_cv + slope + BB",-0.842067547568289,0.903776770088032,0.430818865992853
175,"Banteng","BTG",1,"dist_str + ndvi_cv + slope + BB",-0.821515645155728,0.911245454537898,0.439764639745324
176,"Banteng","BTG",1,"dist_str + ndvi_cv + slope + BB",-0.817847620325933,0.9513342819522,0.441380651724608
177,"Banteng","BTG",1,"dist_str + ndvi_cv + slope + BB",-0.816598793402215,0.963313882572072,0.441932205909355
178,"Banteng","BTG",1,"dist_str + ndvi_cv + slope + BB",-0.805055760473464,0.998508130762079,0.447063018751603
179,"Banteng","BTG",1,"dist_str + ndvi_cv + slope + BB",-0.808979960476009,1.02348441870098,0.445312071474981
180,"Banteng","BTG",1,"dist_str + ndvi_cv + slope + BB",-0.799057189226877,1.06744054528843,0.449752804588639
181,"Banteng","BTG",1,"dist_str + ndvi_cv + slope + BB",-0.807718792038951,1.12583675391255,0.445874044087136
182,"Banteng","BTG",1,"dist_str + ndvi_cv + slope + BB",-0.801403773523548,1.2246439687313,0.448698756944751
183,"Banteng","BTG",1,"dist_str + ndvi_cv + slope + BB",-0.783838037116127,1.27729270925332,0.456650004133074
184,"Banteng","BTG",1,"dist_str + ndvi_cv + slope + BB",-0.752814953131549,1.10278109828573,0.471038778608473
185,"Banteng","BTG",1,"dist_str + ndvi_cv + slope + BB",-0.747704981092029,1.00354832287786,0.473451887920056
186,"Banteng","BTG",1,"dist_str + ndvi_cv + slope + BB",-0.757356419399672,0.962502730810843,0.468904385097727
187,"Banteng","BTG",1,"dist_str + ndvi_cv + slope + BB",-0.789989893424151,0.940096241300311,0.45384940739948
188,"Banteng","BTG",1,"dist_str + ndvi_cv + slope + BB",-0.788816622305668,0.931679478003148,0.454382183179634
189,"Banteng","BTG",1,"dist_str + ndvi_cv + slope + BB",-0.812640053836317,0.904195708891204,0.44368517226709
190,"Banteng","BTG",1,"dist_str + ndvi_cv + slope + BB",-0.803507717630318,0.892023085749112,0.447755645058888
191,"Banteng","BTG",1,"dist_str + ndvi_cv + slope + BB",-0.820610609569953,0.861230920962686,0.440162813106914
192,"Banteng","BTG",1,"dist_str + ndvi_cv + slope + BB",-0.823552025919982,0.874879439474702,0.438870029573543
193,"Banteng","BTG",1,"dist_str + ndvi_cv + slope + BB",-0.834561188213087,0.852834080404049,0.434064913533313
194,"Banteng","BTG",1,"dist_str + ndvi_cv + slope + BB",-0.853857411749653,0.849138641556273,0.425769425420723
195,"Banteng","BTG",1,"dist_str + ndvi_cv + slope + BB",-0.867148244480143,0.830701507801613,0.420148002207741
196,"Banteng","BTG",1,"dist_str + ndvi_cv + slope + BB",-0.85719860134461,0.817877682328315,0.424349190073934
197,"Banteng","BTG",1,"dist_str + ndvi_cv + slope + BB",-0.884992462315751,0.811607900905941,0.412717387773431
198,"Banteng","BTG",1,"dist_str + ndvi_cv + slope + BB",-0.914877700864565,0.793328184110308,0.400565611925221
199,"Banteng","BTG",1,"dist_str + ndvi_cv + slope + BB",-0.931877391772661,0.795227018481804,0.393813675318069
200,"Banteng","BTG",1,"dist_str + ndvi_cv + slope + BB",-0.943082839169336,0.778021674338728,0.389425451398512
201,"Banteng","BTG",1,"dist_str + ndvi_cv + slope + BB",-0.967934365944925,0.779953507916468,0.379866894347503
202,"Banteng","BTG",1,"dist_str + ndvi_cv + slope + BB",-0.957929451738891,0.772458999362343,0.383686505512707
203,"Banteng","BTG",1,"dist_str + ndvi_cv + slope + BB",-0.949286105996471,0.789235131012206,0.387017214529516
204,"Banteng","BTG",1,"dist_str + ndvi_cv + slope + BB",-0.901850160522524,0.793319835068226,0.405818179052997
205,"Banteng","BTG",1,"dist_str + ndvi_cv + slope + BB",-0.887811666524964,0.80685651010541,0.411555392224672
206,"Banteng","BTG",1,"dist_str + ndvi_cv + slope + BB",-0.867482114028939,0.832697667484836,0.420007751548265
207,"Banteng","BTG",1,"dist_str + ndvi_cv + slope + BB",-0.839683938580787,0.836925376680705,0.431846992163171
208,"Banteng","BTG",1,"dist_str + ndvi_cv + slope + BB",-0.835869910863448,0.856190416452377,0.433497251923255
209,"Banteng","BTG",1,"dist_str + ndvi_cv + slope + BB",-0.822943654137404,0.870803922396775,0.43913708359704
210,"Banteng","BTG",1,"dist_str + ndvi_cv + slope + BB",-0.80849657775552,0.905741736023446,0.445527379953781
211,"Banteng","BTG",1,"dist_str + ndvi_cv + slope + BB",-0.812207696381692,0.930658315894417,0.443877124928229
212,"Banteng","BTG",1,"dist_str + ndvi_cv + slope + BB",-0.809713834497345,0.956452213439908,0.444985389118397
213,"Banteng","BTG",1,"dist_str + ndvi_cv + slope + BB",-0.805250676540737,0.987891943173735,0.446975866854841
214,"Banteng","BTG",1,"dist_str + ndvi_cv + slope + BB",-0.80704931830696,1.02598225224476,0.446172639901572
215,"Banteng","BTG",1,"dist_str + ndvi_cv + slope + BB",-0.799418774681648,1.07697969697157,0.449590234199759
216,"Banteng","BTG",1,"dist_str + ndvi_cv + slope + BB",-0.80675356568134,1.1274828695152,0.446304615581986
217,"Banteng","BTG",1,"dist_str + ndvi_cv + slope + BB",-0.822111849654969,1.20259577706059,0.439502511287059
218,"Banteng","BTG",1,"dist_str + ndvi_cv + slope + BB",-0.77499647004834,1.33981075614853,0.460705408416804
219,"Banteng","BTG",1,"dist_str + ndvi_cv + slope + BB",-0.752497293341329,1.07783355124788,0.471188444984576
220,"Banteng","BTG",1,"dist_str + ndvi_cv + slope + BB",-0.76166041740935,0.973033581333578,0.466890557237414
221,"Banteng","BTG",1,"dist_str + ndvi_cv + slope + BB",-0.754695819231292,0.956430167783078,0.470153621629641
222,"Banteng","BTG",1,"dist_str + ndvi_cv + slope + BB",-0.781163501083365,0.927958992460819,0.457872968914232
223,"Banteng","BTG",1,"dist_str + ndvi_cv + slope + BB",-0.78042205141668,0.912418743886461,0.458212597099762
224,"Banteng","BTG",1,"dist_str + ndvi_cv + slope + BB",-0.799663759837815,0.884051866432009,0.449480071979677
225,"Banteng","BTG",1,"dist_str + ndvi_cv + slope + BB",-0.822218722080914,0.86610622948955,0.439455547142142
226,"Banteng","BTG",1,"dist_str + ndvi_cv + slope + BB",-0.822863991836248,0.858979885675317,0.439172077146344
227,"Banteng","BTG",1,"dist_str + ndvi_cv + slope + BB",-0.824347965359027,0.8432582504525,0.438520835795034
228,"Banteng","BTG",1,"dist_str + ndvi_cv + slope + BB",-0.833016312935364,0.835780654214109,0.434736007105324
229,"Banteng","BTG",1,"dist_str + ndvi_cv + slope + BB",-0.853070153445695,0.82697975739082,0.426104729588969
230,"Banteng","BTG",1,"dist_str + ndvi_cv + slope + BB",-0.864985682793612,0.811936508891098,0.421057589190004
231,"Banteng","BTG",1,"dist_str + ndvi_cv + slope + BB",-0.891686610582418,0.787267748724811,0.409963731835826
232,"Banteng","BTG",1,"dist_str + ndvi_cv + slope + BB",-0.898032156187097,0.794243811289676,0.407370548930514
233,"Banteng","BTG",1,"dist_str + ndvi_cv + slope + BB",-0.903348547948872,0.784041708110685,0.405210582900384
234,"Banteng","BTG",1,"dist_str + ndvi_cv + slope + BB",-0.922440810147809,0.77177652483829,0.397547544076747
235,"Banteng","BTG",1,"dist_str + ndvi_cv + slope + BB",-0.961537460449077,0.76748856376619,0.382304665071848
236,"Banteng","BTG",1,"dist_str + ndvi_cv + slope + BB",-0.940770200527964,0.760168020233126,0.390327089667118
237,"Banteng","BTG",1,"dist_str + ndvi_cv + slope + BB",-0.942239316623352,0.774340025026852,0.389754076764386
238,"Banteng","BTG",1,"dist_str + ndvi_cv + slope + BB",-0.942599884914699,0.777461245108595,0.389613567099099
239,"Banteng","BTG",1,"dist_str + ndvi_cv + slope + BB",-0.905323341585898,0.794284868770467,0.404411106307927
240,"Banteng","BTG",1,"dist_str + ndvi_cv + slope + BB",-0.887488774434877,0.800414632226306,0.411688298400157
241,"Banteng","BTG",1,"dist_str + ndvi_cv + slope + BB",-0.861025642192218,0.830618744061271,0.422728337807638
242,"Banteng","BTG",1,"dist_str + ndvi_cv + slope + BB",-0.834621473742758,0.824199452998068,0.434038745437509
243,"Banteng","BTG",1,"dist_str + ndvi_cv + slope + BB",-0.849120893988653,0.851555460652516,0.427790849687423
244,"Banteng","BTG",1,"dist_str + ndvi_cv + slope + BB",-0.822237131027239,0.868743873684783,0.439447452491242
245,"Banteng","BTG",1,"dist_str + ndvi_cv + slope + BB",-0.79929324415809,0.889688869369852,0.449646670150551
246,"Banteng","BTG",1,"dist_str + ndvi_cv + slope + BB",-0.801537062347512,0.914655212460076,0.448638848217886
247,"Banteng","BTG",1,"dist_str + ndvi_cv + slope + BB",-0.80871237551818,0.952359996697162,0.445431261791378
248,"Banteng","BTG",1,"dist_str + ndvi_cv + slope + BB",-0.80161234502427,1.00366356120588,0.448605264197523
249,"Banteng","BTG",1,"dist_str + ndvi_cv + slope + BB",-0.836408887278912,1.03471763918526,0.433263668126387
250,"Banteng","BTG",1,"dist_str + ndvi_cv + slope + BB",-0.785889670807715,1.08412873959376,0.455714085885666
251,"Banteng","BTG",1,"dist_str + ndvi_cv + slope + BB",-0.808840808041272,1.1481287158192,0.445374057193398
252,"Banteng","BTG",1,"dist_str + ndvi_cv + slope + BB",-0.779341690216996,1.23568033097887,0.45870788511501
253,"Banteng","BTG",1,"dist_str + ndvi_cv + slope + BB",-0.76351282881709,1.36026839680611,0.466026480152608
254,"Banteng","BTG",1,"dist_str + ndvi_cv + slope + BB",-0.74871653335758,1.0429210477755,0.472973208682549
255,"Banteng","BTG",1,"dist_str + ndvi_cv + slope + BB",-0.744695050131546,0.966070052946539,0.474879092513899
256,"Banteng","BTG",1,"dist_str + ndvi_cv + slope + BB",-0.758115223438675,0.932110251077722,0.468548705296002
257,"Banteng","BTG",1,"dist_str + ndvi_cv + slope + BB",-0.745574217618857,0.912478209373058,0.47446177740758
258,"Banteng","BTG",1,"dist_str + ndvi_cv + slope + BB",-0.762759309255497,0.884045179167312,0.466377773756107
259,"Banteng","BTG",1,"dist_str + ndvi_cv + slope + BB",-0.785989282890207,0.866111591932715,0.455668779778419
260,"Banteng","BTG",1,"dist_str + ndvi_cv + slope + BB",-0.815340383740538,0.851469997425959,0.442488685816748
261,"Banteng","BTG",1,"dist_str + ndvi_cv + slope + BB",-0.812225403770973,0.845382455562418,0.44386923104361
262,"Banteng","BTG",1,"dist_str + ndvi_cv + slope + BB",-0.806207093725273,0.837800682669196,0.44654860011818
263,"Banteng","BTG",1,"dist_str + ndvi_cv + slope + BB",-0.821976352092028,0.819665576313865,0.439562074006269
264,"Banteng","BTG",1,"dist_str + ndvi_cv + slope + BB",-0.855828763170349,0.815910480547942,0.424930878273374
265,"Banteng","BTG",1,"dist_str + ndvi_cv + slope + BB",-0.866506676467001,0.807493569259947,0.420417642218226
266,"Banteng","BTG",1,"dist_str + ndvi_cv + slope + BB",-0.874234515339011,0.802791606940134,0.417181243325258
267,"Banteng","BTG",1,"dist_str + ndvi_cv + slope + BB",-0.911125929345053,0.803243736436178,0.402071273919635
268,"Banteng","BTG",1,"dist_str + ndvi_cv + slope + BB",-0.923177838306208,0.778527583677735,0.39725462752427
269,"Banteng","BTG",1,"dist_str + ndvi_cv + slope + BB",-0.94290699529743,0.775929998529364,0.389493956989061
270,"Banteng","BTG",1,"dist_str + ndvi_cv + slope + BB",-0.955218695317573,0.770783808658047,0.384727998349086
271,"Banteng","BTG",1,"dist_str + ndvi_cv + slope + BB",-0.954008409736211,0.763268260865564,0.385193909783396
272,"Banteng","BTG",1,"dist_str + ndvi_cv + slope + BB",-0.960657158458485,0.77659585630137,0.382641380029709
273,"Banteng","BTG",1,"dist_str + ndvi_cv + slope + BB",-0.928165850452128,0.790060130065716,0.395278044948183
274,"Banteng","BTG",1,"dist_str + ndvi_cv + slope + BB",-0.912459929768189,0.803845065512512,0.401535262270993
275,"Banteng","BTG",1,"dist_str + ndvi_cv + slope + BB",-0.882007218053056,0.788276769408504,0.413951186939501
276,"Banteng","BTG",1,"dist_str + ndvi_cv + slope + BB",-0.861916467185784,0.799844673689673,0.422351883287182
277,"Banteng","BTG",1,"dist_str + ndvi_cv + slope + BB",-0.835493740446834,0.825425058572727,0.433660324327203
278,"Banteng","BTG",1,"dist_str + ndvi_cv + slope + BB",-0.83267845032622,0.829123057891102,0.434882919847281
279,"Banteng","BTG",1,"dist_str + ndvi_cv + slope + BB",-0.803879780565233,0.861740333472295,0.447589043813577
280,"Banteng","BTG",1,"dist_str + ndvi_cv + slope + BB",-0.818931640173357,0.884294252899807,0.440902445462085
281,"Banteng","BTG",1,"dist_str + ndvi_cv + slope + BB",-0.791249378505435,0.913819381536509,0.453278126055035
282,"Banteng","BTG",1,"dist_str + ndvi_cv + slope + BB",-0.793500645244462,0.959503504974241,0.452258871642
283,"Banteng","BTG",1,"dist_str + ndvi_cv + slope + BB",-0.794180137773786,1.00682043748556,0.451951648054074
284,"Banteng","BTG",1,"dist_str + ndvi_cv + slope + BB",-0.797313439332628,1.05987624355904,0.450537736649329
285,"Banteng","BTG",1,"dist_str + ndvi_cv + slope + BB",-0.79711090487876,1.14243305251771,0.4506290089148
286,"Banteng","BTG",1,"dist_str + ndvi_cv + slope + BB",-0.805082360554796,1.24612645706701,0.447051144023834
287,"Banteng","BTG",1,"dist_str + ndvi_cv + slope + BB",-0.80084015270651,1.33910280562971,0.448951617991438
288,"Banteng","BTG",1,"dist_str + ndvi_cv + slope + BB",-0.763768055248486,1.13960711337251,0.465907564323228
289,"Banteng","BTG",1,"dist_str + ndvi_cv + slope + BB",-0.74948276078884,1.01395204579126,0.47261095930904
290,"Banteng","BTG",1,"dist_str + ndvi_cv + slope + BB",-0.738675116248483,0.944806194628517,0.477746457871761
291,"Banteng","BTG",1,"dist_str + ndvi_cv + slope + BB",-0.754676849441128,0.916510279136695,0.470162553437688
292,"Banteng","BTG",1,"dist_str + ndvi_cv + slope + BB",-0.770872964597848,0.889560957511926,0.462609050843439
293,"Banteng","BTG",1,"dist_str + ndvi_cv + slope + BB",-0.773560314392079,0.868557123259008,0.461367536708632
294,"Banteng","BTG",1,"dist_str + ndvi_cv + slope + BB",-0.785616376702888,0.86248447692184,0.455838680670666
295,"Banteng","BTG",1,"dist_str + ndvi_cv + slope + BB",-0.796091203314368,0.847279827708403,0.451088750058492
296,"Banteng","BTG",1,"dist_str + ndvi_cv + slope + BB",-0.811310743558335,0.832732325937415,0.444275420164974
297,"Banteng","BTG",1,"dist_str + ndvi_cv + slope + BB",-0.805952692809461,0.832679371136964,0.446662195583321
298,"Banteng","BTG",1,"dist_str + ndvi_cv + slope + BB",-0.835769553992765,0.813847920325832,0.433540720049707
299,"Banteng","BTG",1,"dist_str + ndvi_cv + slope + BB",-0.83110273679457,0.808630439100787,0.435568754158322
300,"Banteng","BTG",1,"dist_str + ndvi_cv + slope + BB",-0.843027804623788,0.797969855371563,0.430405370988296
301,"Banteng","BTG",1,"dist_str + ndvi_cv + slope + BB",-0.879076880858138,0.782489072372175,0.415165982581402
302,"Banteng","BTG",1,"dist_str + ndvi_cv + slope + BB",-0.896893381803495,0.779510238178936,0.407834680895609
303,"Banteng","BTG",1,"dist_str + ndvi_cv + slope + BB",-0.920722267198068,0.769499731424982,0.398231307813502
304,"Banteng","BTG",1,"dist_str + ndvi_cv + slope + BB",-0.94852280403293,0.760277220969633,0.387312738670555
305,"Banteng","BTG",1,"dist_str + ndvi_cv + slope + BB",-0.983741897383363,0.759944979967952,0.373909348042823
306,"Banteng","BTG",1,"dist_str + ndvi_cv + slope + BB",-0.996712404747386,0.748800613695541,0.369090870137092
307,"Banteng","BTG",1,"dist_str + ndvi_cv + slope + BB",-0.984358757077917,0.753931132623385,0.373678774772005
308,"Banteng","BTG",1,"dist_str + ndvi_cv + slope + BB",-0.928191309488955,0.775783648620165,0.395267982379935
309,"Banteng","BTG",1,"dist_str + ndvi_cv + slope + BB",-0.895940895429769,0.780401145224322,0.408223328344036
310,"Banteng","BTG",1,"dist_str + ndvi_cv + slope + BB",-0.87954167659585,0.801608138934105,0.414973062478384
311,"Banteng","BTG",1,"dist_str + ndvi_cv + slope + BB",-0.838646693771283,0.78899997055295,0.432295188296965
312,"Banteng","BTG",1,"dist_str + ndvi_cv + slope + BB",-0.827491873476114,0.802285906265684,0.437144348930687
313,"Banteng","BTG",1,"dist_str + ndvi_cv + slope + BB",-0.813239557745823,0.817010277914931,0.443419261266026
314,"Banteng","BTG",1,"dist_str + ndvi_cv + slope + BB",-0.818811984627461,0.850307231123007,0.440955218594907
315,"Banteng","BTG",1,"dist_str + ndvi_cv + slope + BB",-0.801700099520114,0.873776251075872,0.448565726758232
316,"Banteng","BTG",1,"dist_str + ndvi_cv + slope + BB",-0.803431524319,0.924703600097209,0.447789723370944
317,"Banteng","BTG",1,"dist_str + ndvi_cv + slope + BB",-0.815746883310051,0.986563222511186,0.442308854645348
318,"Banteng","BTG",1,"dist_str + ndvi_cv + slope + BB",-0.771973046577791,1.09806843962162,0.462100424133299
319,"Banteng","BTG",1,"dist_str + ndvi_cv + slope + BB",-0.764182580697226,1.1840085538623,0.4657146085539
320,"Banteng","BTG",1,"dist_str + ndvi_cv + slope + BB",-0.725575515507005,1.08045792860273,0.484045922759025
321,"Banteng","BTG",1,"dist_str + ndvi_cv + slope + BB",-0.767670704273053,0.990751788007478,0.464092820103922
322,"Banteng","BTG",1,"dist_str + ndvi_cv + slope + BB",-0.745511425453887,0.933909726744923,0.47449158949535
323,"Banteng","BTG",1,"dist_str + ndvi_cv + slope + BB",-0.751643362546136,0.904001336368567,0.471590923686047
324,"Banteng","BTG",1,"dist_str + ndvi_cv + slope + BB",-0.771098991834656,0.876947443953821,0.462504500680113
325,"Banteng","BTG",1,"dist_str + ndvi_cv + slope + BB",-0.785630764096505,0.851744475933841,0.455832090608729
326,"Banteng","BTG",1,"dist_str + ndvi_cv + slope + BB",-0.753748125467016,0.847705321819735,0.470599380735949
327,"Banteng","BTG",1,"dist_str + ndvi_cv + slope + BB",-0.782096456358392,0.839348400961041,0.457446058810216
328,"Banteng","BTG",1,"dist_str + ndvi_cv + slope + BB",-0.795604514176606,0.830016022079301,0.451308357005724
329,"Banteng","BTG",1,"dist_str + ndvi_cv + slope + BB",-0.800701654524395,0.823152334504598,0.449013855537436
330,"Banteng","BTG",1,"dist_str + ndvi_cv + slope + BB",-0.824173501027826,0.799971331250865,0.438597347595806
331,"Banteng","BTG",1,"dist_str + ndvi_cv + slope + BB",-0.827579692468909,0.798867359535044,0.437105987894349
332,"Banteng","BTG",1,"dist_str + ndvi_cv + slope + BB",-0.85457493851386,0.793784931711524,0.425464003520471
333,"Banteng","BTG",1,"dist_str + ndvi_cv + slope + BB",-0.861948954222526,0.788688476879107,0.422338162267352
334,"Banteng","BTG",1,"dist_str + ndvi_cv + slope + BB",-0.889008616798608,0.786082793709233,0.411063071848722
335,"Banteng","BTG",1,"dist_str + ndvi_cv + slope + BB",-0.915528369002805,0.756245738029742,0.400305062110344
336,"Banteng","BTG",1,"dist_str + ndvi_cv + slope + BB",-0.944136011962539,0.752421405944748,0.389015534468885
337,"Banteng","BTG",1,"dist_str + ndvi_cv + slope + BB",-1.00739913968369,0.712142860836647,0.365167495419289
338,"Banteng","BTG",1,"dist_str + ndvi_cv + slope + BB",-1.0874699048577,0.683884911766221,0.337068230483728
339,"Banteng","BTG",1,"dist_str + ndvi_cv + slope + BB",-0.971067026827168,0.74976981189878,0.378678763078753
340,"Banteng","BTG",1,"dist_str + ndvi_cv + slope + BB",-0.936610969193036,0.756581885425079,0.391953932286174
341,"Banteng","BTG",1,"dist_str + ndvi_cv + slope + BB",-0.87484110180615,0.776414806455145,0.416928314057654
342,"Banteng","BTG",1,"dist_str + ndvi_cv + slope + BB",-0.861840258894089,0.784698730465692,0.422384076166065
343,"Banteng","BTG",1,"dist_str + ndvi_cv + slope + BB",-0.832957350424894,0.787605805602944,0.43476164074918
344,"Banteng","BTG",1,"dist_str + ndvi_cv + slope + BB",-0.823306805859742,0.794900566619971,0.438977637987554
345,"Banteng","BTG",1,"dist_str + ndvi_cv + slope + BB",-0.802232189938206,0.820448795995761,0.448327098821946
346,"Banteng","BTG",1,"dist_str + ndvi_cv + slope + BB",-0.785678980886441,0.835128146557022,0.455810111155313
347,"Banteng","BTG",1,"dist_str + ndvi_cv + slope + BB",-0.78001832774152,0.8679356460275,0.458397609931745
348,"Banteng","BTG",1,"dist_str + ndvi_cv + slope + BB",-0.768872187961841,0.926937866971355,0.46353555514397
349,"Banteng","BTG",1,"dist_str + ndvi_cv + slope + BB",-0.778788203242052,1.06151695141411,0.458961849662293
350,"Banteng","BTG",1,"dist_str + ndvi_cv + slope + BB",-0.762357509627114,0.964955951681161,0.466565200384983
351,"Banteng","BTG",1,"dist_str + ndvi_cv + slope + BB",-0.724067992818772,0.926112786019772,0.484776177546891
352,"Banteng","BTG",1,"dist_str + ndvi_cv + slope + BB",-0.736412596343035,0.884813388243167,0.478828715095246
353,"Banteng","BTG",1,"dist_str + ndvi_cv + slope + BB",-0.73144196229582,0.867349967290804,0.48121462658702
354,"Banteng","BTG",1,"dist_str + ndvi_cv + slope + BB",-0.756843236183574,0.848198056282338,0.469145074999506
355,"Banteng","BTG",1,"dist_str + ndvi_cv + slope + BB",-0.756152836012273,0.841799601008307,0.469469082037214
356,"Banteng","BTG",1,"dist_str + ndvi_cv + slope + BB",-0.752393703136688,0.832027712430911,0.471237207132135
357,"Banteng","BTG",1,"dist_str + ndvi_cv + slope + BB",-0.766962356402158,0.825402378993411,0.464421680878022
358,"Banteng","BTG",1,"dist_str + ndvi_cv + slope + BB",-0.790942534852625,0.818452667106583,0.453417237081044
359,"Banteng","BTG",1,"dist_str + ndvi_cv + slope + BB",-0.809098168563762,0.817216944367368,0.445259444533717
360,"Banteng","BTG",1,"dist_str + ndvi_cv + slope + BB",-0.814237975199045,0.788480032910401,0.442976760414634
361,"Banteng","BTG",1,"dist_str + ndvi_cv + slope + BB",-0.829185823547201,0.782068393060605,0.436404455692153
362,"Banteng","BTG",1,"dist_str + ndvi_cv + slope + BB",-0.851701061973635,0.77186610715494,0.426688490957432
363,"Banteng","BTG",1,"dist_str + ndvi_cv + slope + BB",-0.855978355581918,0.760072112521682,0.42486732049267
364,"Banteng","BTG",1,"dist_str + ndvi_cv + slope + BB",-0.87899141610939,0.753480363500099,0.415201471857816
365,"Banteng","BTG",1,"dist_str + ndvi_cv + slope + BB",-0.919219318802134,0.747687718713935,0.398830281580287
366,"Banteng","BTG",1,"dist_str + ndvi_cv + slope + BB",-0.96342493793427,0.739038370421992,0.381583744872659
367,"Banteng","BTG",1,"dist_str + ndvi_cv + slope + BB",-0.95409084552643,0.735399010960548,0.385162166166297
368,"Banteng","BTG",1,"dist_str + ndvi_cv + slope + BB",-0.971834552078722,0.739378258824627,0.378388240237961
369,"Banteng","BTG",1,"dist_str + ndvi_cv + slope + BB",-0.918899340530282,0.755288690935733,0.398957917679614
370,"Banteng","BTG",1,"dist_str + ndvi_cv + slope + BB",-0.847688852028949,0.760538659957837,0.428403894428738
371,"Banteng","BTG",1,"dist_str + ndvi_cv + slope + BB",-0.843115136827532,0.780622028671755,0.430367779934908
372,"Banteng","BTG",1,"dist_str + ndvi_cv + slope + BB",-0.806276574140115,0.782254567999088,0.446517614137813
373,"Banteng","BTG",1,"dist_str + ndvi_cv + slope + BB",-0.799570086768186,0.793957972896804,0.449522178221203
374,"Banteng","BTG",1,"dist_str + ndvi_cv + slope + BB",-0.790645605651668,0.807006392188201,0.453551913864484
375,"Banteng","BTG",1,"dist_str + ndvi_cv + slope + BB",-0.792817249934817,0.828923404466195,0.452568069037281
376,"Banteng","BTG",1,"dist_str + ndvi_cv + slope + BB",-0.779915603468123,0.855583039177684,0.458444704104578
377,"Banteng","BTG",1,"dist_str + ndvi_cv + slope + BB",-0.763499055025763,0.955999027059017,0.466032903172424
378,"Banteng","BTG",1,"dist_str + ndvi_cv + slope + BB",-0.74559505995772,1.06545677206242,0.474451908450479
379,"Banteng","BTG",1,"dist_str + ndvi_cv + slope + BB",-0.740812858763482,0.942785763274259,0.476726266665535
380,"Banteng","BTG",1,"dist_str + ndvi_cv + slope + BB",-0.740187824505204,0.892202522122667,0.47702431369802
381,"Banteng","BTG",1,"dist_str + ndvi_cv + slope + BB",-0.707465355458932,0.879656545228746,0.492891924965719
382,"Banteng","BTG",1,"dist_str + ndvi_cv + slope + BB",-0.726611176476284,0.85284259504367,0.483544885408826
383,"Banteng","BTG",1,"dist_str + ndvi_cv + slope + BB",-0.759176515106291,0.827165580970006,0.468051730220763
384,"Banteng","BTG",1,"dist_str + ndvi_cv + slope + BB",-0.758951868516456,0.836646303125772,0.468156860182915
385,"Banteng","BTG",1,"dist_str + ndvi_cv + slope + BB",-0.76270354389537,0.821855519016022,0.46640377788396
386,"Banteng","BTG",1,"dist_str + ndvi_cv + slope + BB",-0.758351555083107,0.816268722658834,0.468437985529417
387,"Banteng","BTG",1,"dist_str + ndvi_cv + slope + BB",-0.783009021771334,0.814485829569509,0.457028740366886
388,"Banteng","BTG",1,"dist_str + ndvi_cv + slope + BB",-0.786215515921398,0.79535812102326,0.455565618457679
389,"Banteng","BTG",1,"dist_str + ndvi_cv + slope + BB",-0.811619245515272,0.788644499521145,0.444138323408141
390,"Banteng","BTG",1,"dist_str + ndvi_cv + slope + BB",-0.82310806678028,0.768920691821715,0.439064889732654
391,"Banteng","BTG",1,"dist_str + ndvi_cv + slope + BB",-0.841802204446432,0.769430857169476,0.43093320284213
392,"Banteng","BTG",1,"dist_str + ndvi_cv + slope + BB",-0.858429034689812,0.763324379752852,0.423827378464321
393,"Banteng","BTG",1,"dist_str + ndvi_cv + slope + BB",-0.87837499615313,0.76516724452561,0.415457546985412
394,"Banteng","BTG",1,"dist_str + ndvi_cv + slope + BB",-0.919893177042868,0.755628488277998,0.398561625142825
395,"Banteng","BTG",1,"dist_str + ndvi_cv + slope + BB",-0.911666397368937,0.749148401456312,0.401854017355006
396,"Banteng","BTG",1,"dist_str + ndvi_cv + slope + BB",-0.941402361917289,0.746008937546311,0.390080505662983
397,"Banteng","BTG",1,"dist_str + ndvi_cv + slope + BB",-0.904158941144192,0.735945106315363,0.404882275210822
398,"Banteng","BTG",1,"dist_str + ndvi_cv + slope + BB",-0.887978142402394,0.74465531833243,0.411486881158873
399,"Banteng","BTG",1,"dist_str + ndvi_cv + slope + BB",-0.849893258989192,0.749317909261447,0.427460557651071
400,"Banteng","BTG",1,"dist_str + ndvi_cv + slope + BB",-0.830475409914809,0.770973939324145,0.435842033741494
401,"Banteng","BTG",1,"dist_str + ndvi_cv + slope + BB",-0.802245431949175,0.77076790312414,0.448321166172895
402,"Banteng","BTG",1,"dist_str + ndvi_cv + slope + BB",-0.775861690706869,0.791485795911929,0.460306973612447
403,"Banteng","BTG",1,"dist_str + ndvi_cv + slope + BB",-0.761100142817487,0.795490749404801,0.467152220989106
404,"Banteng","BTG",1,"dist_str + ndvi_cv + slope + BB",-0.763088904055651,0.820551746898575,0.466224079189763
405,"Banteng","BTG",1,"dist_str + ndvi_cv + slope + BB",-0.751273803515523,0.852992309419896,0.471765250684453
406,"Banteng","BTG",1,"dist_str + ndvi_cv + slope + BB",-0.749497556664393,0.97349631962603,0.472603984949362
407,"Banteng","BTG",1,"dist_str + ndvi_cv + slope + BB",-0.7143283255412,1.11571226596385,0.489520916314582
408,"Banteng","BTG",1,"dist_str + ndvi_cv + slope + BB",-0.717126285536531,0.960417683001532,0.488153071305346
409,"Banteng","BTG",1,"dist_str + ndvi_cv + slope + BB",-0.721801736862475,0.889296091599649,0.485876091037369
410,"Banteng","BTG",1,"dist_str + ndvi_cv + slope + BB",-0.730055708964195,0.872399530456849,0.481882175295914
411,"Banteng","BTG",1,"dist_str + ndvi_cv + slope + BB",-0.738436511008587,0.849743953944885,0.477860467530697
412,"Banteng","BTG",1,"dist_str + ndvi_cv + slope + BB",-0.732713084159322,0.838973732729886,0.480603332041116
413,"Banteng","BTG",1,"dist_str + ndvi_cv + slope + BB",-0.742953329285509,0.815765241445729,0.475706959735273
414,"Banteng","BTG",1,"dist_str + ndvi_cv + slope + BB",-0.762170717226304,0.819264040448992,0.466652453177412
415,"Banteng","BTG",1,"dist_str + ndvi_cv + slope + BB",-0.74723543470283,0.813993201001912,0.473674251403469
416,"Banteng","BTG",1,"dist_str + ndvi_cv + slope + BB",-0.760846106307971,0.797760282319599,0.46727089960765
417,"Banteng","BTG",1,"dist_str + ndvi_cv + slope + BB",-0.769534532362947,0.797784575776565,0.463228636426406
418,"Banteng","BTG",1,"dist_str + ndvi_cv + slope + BB",-0.792171435152309,0.784687618952516,0.452860381754299
419,"Banteng","BTG",1,"dist_str + ndvi_cv + slope + BB",-0.809943326736928,0.784246275266769,0.444883278598621
420,"Banteng","BTG",1,"dist_str + ndvi_cv + slope + BB",-0.81946884091306,0.773859368240606,0.440665704947755
421,"Banteng","BTG",1,"dist_str + ndvi_cv + slope + BB",-0.839104820833481,0.768437514653221,0.432097161774368
422,"Banteng","BTG",1,"dist_str + ndvi_cv + slope + BB",-0.882179872024095,0.758652530047964,0.413879723878648
423,"Banteng","BTG",1,"dist_str + ndvi_cv + slope + BB",-0.883874326792281,0.739149342385927,0.413179017864487
424,"Banteng","BTG",1,"dist_str + ndvi_cv + slope + BB",-0.910951057875914,0.744369300883546,0.402141582556841
425,"Banteng","BTG",1,"dist_str + ndvi_cv + slope + BB",-0.900908273317487,0.732975545189482,0.406200586884833
426,"Banteng","BTG",1,"dist_str + ndvi_cv + slope + BB",-0.886762226527014,0.745507060638147,0.411987586230033
427,"Banteng","BTG",1,"dist_str + ndvi_cv + slope + BB",-0.876640118136336,0.739553988576311,0.416178894456028
428,"Banteng","BTG",1,"dist_str + ndvi_cv + slope + BB",-0.833786261250932,0.746907790441919,0.434401411416887
429,"Banteng","BTG",1,"dist_str + ndvi_cv + slope + BB",-0.809244585348807,0.754368892432332,0.44519425224377
430,"Banteng","BTG",1,"dist_str + ndvi_cv + slope + BB",-0.786109638313465,0.758532826059842,0.455613869416625
431,"Banteng","BTG",1,"dist_str + ndvi_cv + slope + BB",-0.77206801376515,0.777427286460525,0.462056558008403
432,"Banteng","BTG",1,"dist_str + ndvi_cv + slope + BB",-0.744402008013119,0.792340364090327,0.475018289534632
433,"Banteng","BTG",1,"dist_str + ndvi_cv + slope + BB",-0.742087218949831,0.812540762357503,0.476119113405037
434,"Banteng","BTG",1,"dist_str + ndvi_cv + slope + BB",-0.73773294851681,0.847778303416079,0.478196807292454
435,"Banteng","BTG",1,"dist_str + ndvi_cv + slope + BB",-0.726804991517583,0.96699947081253,0.483451156338106
436,"Banteng","BTG",1,"dist_str + ndvi_cv + slope + BB",-0.707060775850325,0.935888993364407,0.493091379310625
437,"Banteng","BTG",1,"dist_str + ndvi_cv + slope + BB",-0.706385826634112,0.896273726210355,0.493424324808431
438,"Banteng","BTG",1,"dist_str + ndvi_cv + slope + BB",-0.717548017517297,0.876689623133377,0.487947229164442
439,"Banteng","BTG",1,"dist_str + ndvi_cv + slope + BB",-0.727005309806314,0.855780428889777,0.48335432145641
440,"Banteng","BTG",1,"dist_str + ndvi_cv + slope + BB",-0.714262315528597,0.828368909972801,0.489553125231468
441,"Banteng","BTG",1,"dist_str + ndvi_cv + slope + BB",-0.708826226154648,0.818791818380553,0.492221619039516
442,"Banteng","BTG",1,"dist_str + ndvi_cv + slope + BB",-0.736223799037146,0.801671904990939,0.478919050029593
443,"Banteng","BTG",1,"dist_str + ndvi_cv + slope + BB",-0.743559975169741,0.81244064385063,0.475418462274745
444,"Banteng","BTG",1,"dist_str + ndvi_cv + slope + BB",-0.74101683509449,0.795783760201642,0.476629133702783
445,"Banteng","BTG",1,"dist_str + ndvi_cv + slope + BB",-0.737452528105645,0.786557854481455,0.478330909816112
446,"Banteng","BTG",1,"dist_str + ndvi_cv + slope + BB",-0.76658951140627,0.78218935720564,0.464594867966835
447,"Banteng","BTG",1,"dist_str + ndvi_cv + slope + BB",-0.79881751017069,0.761890420705205,0.449860709401365
448,"Banteng","BTG",1,"dist_str + ndvi_cv + slope + BB",-0.812309675235212,0.768648707228823,0.44383177514004
449,"Banteng","BTG",1,"dist_str + ndvi_cv + slope + BB",-0.836691571817261,0.760602457797573,0.433141175725423
450,"Banteng","BTG",1,"dist_str + ndvi_cv + slope + BB",-0.86914092764344,0.748561681373831,0.419311614346748
451,"Banteng","BTG",1,"dist_str + ndvi_cv + slope + BB",-0.876969906027782,0.724458610666656,0.416041656739953
452,"Banteng","BTG",1,"dist_str + ndvi_cv + slope + BB",-0.906027063419081,0.72828247331164,0.404126668893515
453,"Banteng","BTG",1,"dist_str + ndvi_cv + slope + BB",-0.905866590597314,0.731903423004409,0.404191467422073
454,"Banteng","BTG",1,"dist_str + ndvi_cv + slope + BB",-0.856905704830439,0.726309667002771,0.424473500141031
455,"Banteng","BTG",1,"dist_str + ndvi_cv + slope + BB",-0.830467868398532,0.731579790323347,0.435845325030372
456,"Banteng","BTG",1,"dist_str + ndvi_cv + slope + BB",-0.806098112157305,0.744475933891386,0.446597245995
457,"Banteng","BTG",1,"dist_str + ndvi_cv + slope + BB",-0.779930274813176,0.74357176649799,0.458438059462174
458,"Banteng","BTG",1,"dist_str + ndvi_cv + slope + BB",-0.757162791278265,0.753020156241641,0.468995182481827
459,"Banteng","BTG",1,"dist_str + ndvi_cv + slope + BB",-0.734207563888163,0.763464233557633,0.479885595022431
460,"Banteng","BTG",1,"dist_str + ndvi_cv + slope + BB",-0.731643866189203,0.777219403032028,0.481117462175317
461,"Banteng","BTG",1,"dist_str + ndvi_cv + slope + BB",-0.714763978103132,0.79356359506552,0.48930758571492
462,"Banteng","BTG",1,"dist_str + ndvi_cv + slope + BB",-0.709832109954756,0.834500947934811,0.491726755942339
463,"Banteng","BTG",1,"dist_str + ndvi_cv + slope + BB",-0.704370858533561,0.962783246449183,0.494419536319877
464,"Banteng","BTG",1,"dist_str + ndvi_cv + slope + BB",-0.673250792549914,1.03566664891919,0.510047867556005
465,"Banteng","BTG",1,"dist_str + ndvi_cv + slope + BB",-0.694994468122613,0.925961029863343,0.499077216208711
466,"Banteng","BTG",1,"dist_str + ndvi_cv + slope + BB",-0.685402267631538,0.889274308364923,0.503887507396148
467,"Banteng","BTG",1,"dist_str + ndvi_cv + slope + BB",-0.719372668461865,0.867985949775147,0.487057706886969
468,"Banteng","BTG",1,"dist_str + ndvi_cv + slope + BB",-0.701070185420179,0.84376869565576,0.49605417750477
469,"Banteng","BTG",1,"dist_str + ndvi_cv + slope + BB",-0.711289014743601,0.822451024909828,0.491010905025591
470,"Banteng","BTG",1,"dist_str + ndvi_cv + slope + BB",-0.704814915142364,0.811634341820269,0.49420003590324
471,"Banteng","BTG",1,"dist_str + ndvi_cv + slope + BB",-0.719864780803113,0.815049291400336,0.486818079096582
472,"Banteng","BTG",1,"dist_str + ndvi_cv + slope + BB",-0.716228946970547,0.807900439336209,0.488591291147576
473,"Banteng","BTG",1,"dist_str + ndvi_cv + slope + BB",-0.71589765964909,0.792165157223864,0.488753182255975
474,"Banteng","BTG",1,"dist_str + ndvi_cv + slope + BB",-0.732699216588908,0.770791643779204,0.480610005649342
475,"Banteng","BTG",1,"dist_str + ndvi_cv + slope + BB",-0.763678111969426,0.779300920881582,0.46594945796214
476,"Banteng","BTG",1,"dist_str + ndvi_cv + slope + BB",-0.780511539115457,0.764905864552859,0.458171578666695
477,"Banteng","BTG",1,"dist_str + ndvi_cv + slope + BB",-0.799929107995003,0.765384819472224,0.449360824469849
478,"Banteng","BTG",1,"dist_str + ndvi_cv + slope + BB",-0.818710997075051,0.75679003475199,0.440999738268138
479,"Banteng","BTG",1,"dist_str + ndvi_cv + slope + BB",-0.83633035239456,0.744375990131208,0.433297659262607
480,"Banteng","BTG",1,"dist_str + ndvi_cv + slope + BB",-0.886501098850294,0.724640260691103,0.412095117636829
481,"Banteng","BTG",1,"dist_str + ndvi_cv + slope + BB",-0.943400802707015,0.701626226493328,0.389301643495461
482,"Banteng","BTG",1,"dist_str + ndvi_cv + slope + BB",-0.908966811917135,0.710262038040693,0.402940323033446
483,"Banteng","BTG",1,"dist_str + ndvi_cv + slope + BB",-0.838827958661415,0.72225640016507,0.43221680367465
484,"Banteng","BTG",1,"dist_str + ndvi_cv + slope + BB",-0.806744127301082,0.728247122594181,0.446308833850614
485,"Banteng","BTG",1,"dist_str + ndvi_cv + slope + BB",-0.760250235946129,0.743675277759403,0.46754943037774
486,"Banteng","BTG",1,"dist_str + ndvi_cv + slope + BB",-0.740724915576186,0.734629553348294,0.476768180499853
487,"Banteng","BTG",1,"dist_str + ndvi_cv + slope + BB",-0.732820934444012,0.748020383418897,0.480551472117695
488,"Banteng","BTG",1,"dist_str + ndvi_cv + slope + BB",-0.742190329929873,0.742356802291605,0.476070024666216
489,"Banteng","BTG",1,"dist_str + ndvi_cv + slope + BB",-0.716176742828592,0.759876418381736,0.488616799451663
490,"Banteng","BTG",1,"dist_str + ndvi_cv + slope + BB",-0.687008701738073,0.789598983011902,0.503078810279075
491,"Banteng","BTG",1,"dist_str + ndvi_cv + slope + BB",-0.665579613224329,0.8271096711439,0.513975538302077
492,"Banteng","BTG",1,"dist_str + ndvi_cv + slope + BB",-0.660904982556858,0.955284880408947,0.516383805275029
493,"Banteng","BTG",1,"dist_str + ndvi_cv + slope + BB",-0.678525897336072,1.14077633986077,0.507364351743324
494,"Banteng","BTG",1,"dist_str + ndvi_cv + slope + BB",-0.675144970124332,1.00094885842704,0.509082786359121
495,"Banteng","BTG",1,"dist_str + ndvi_cv + slope + BB",-0.677548451089189,0.931389012861684,0.507860512377895
496,"Banteng","BTG",1,"dist_str + ndvi_cv + slope + BB",-0.697456748221627,0.877326059047033,0.497849955081825
497,"Banteng","BTG",1,"dist_str + ndvi_cv + slope + BB",-0.696584496268208,0.857518435179327,0.498284304038342
498,"Banteng","BTG",1,"dist_str + ndvi_cv + slope + BB",-0.70415292774457,0.842637930165517,0.494527306772862
499,"Banteng","BTG",1,"dist_str + ndvi_cv + slope + BB",-0.701954598358153,0.816447882386549,0.495615633633705
500,"Banteng","BTG",1,"dist_str + ndvi_cv + slope + BB",-0.704877845667137,0.804338520393361,0.494169068844717
501,"Banteng","BTG",1,"dist_str + ndvi_cv + slope + BB",-0.708523229052558,0.798070570336508,0.49237086223437
502,"Banteng","BTG",1,"dist_str + ndvi_cv + slope + BB",-0.717412700842201,0.800346803489868,0.488013261236964
503,"Banteng","BTG",1,"dist_str + ndvi_cv + slope + BB",-0.723458592614014,0.784357449614355,0.485071705619385
504,"Banteng","BTG",1,"dist_str + ndvi_cv + slope + BB",-0.726698098291326,0.768103292053374,0.483502844547798
505,"Banteng","BTG",1,"dist_str + ndvi_cv + slope + BB",-0.727352933463841,0.764527310362363,0.483186325154491
506,"Banteng","BTG",1,"dist_str + ndvi_cv + slope + BB",-0.731199514445982,0.760603748487088,0.481331279856341
507,"Banteng","BTG",1,"dist_str + ndvi_cv + slope + BB",-0.752789063307246,0.766772449573276,0.471050929326457
508,"Banteng","BTG",1,"dist_str + ndvi_cv + slope + BB",-0.790143335817922,0.759886561673436,0.45377975013552
509,"Banteng","BTG",1,"dist_str + ndvi_cv + slope + BB",-0.806846606025988,0.73824207339911,0.446263131593555
510,"Banteng","BTG",1,"dist_str + ndvi_cv + slope + BB",-0.863710408585792,0.709942034058757,0.421594911144547
511,"Banteng","BTG",1,"dist_str + ndvi_cv + slope + BB",-1.02119193198753,0.6420902663137,0.360165391594154
512,"Banteng","BTG",1,"dist_str + ndvi_cv + slope + BB",-0.88494603423665,0.69043932653976,0.412736446828327
513,"Banteng","BTG",1,"dist_str + ndvi_cv + slope + BB",-0.812133891628444,0.709654324977147,0.443909799678893
514,"Banteng","BTG",1,"dist_str + ndvi_cv + slope + BB",-0.741213527329172,0.725555539978954,0.476535276632574
515,"Banteng","BTG",1,"dist_str + ndvi_cv + slope + BB",-0.726275011686423,0.72777297368535,0.483707466475077
516,"Banteng","BTG",1,"dist_str + ndvi_cv + slope + BB",-0.703783171858664,0.737425697217198,0.494710185575411
517,"Banteng","BTG",1,"dist_str + ndvi_cv + slope + BB",-0.708233748505629,0.732772599788846,0.492513361436234
518,"Banteng","BTG",1,"dist_str + ndvi_cv + slope + BB",-0.7240043168102,0.724475208439799,0.484807089409255
519,"Banteng","BTG",1,"dist_str + ndvi_cv + slope + BB",-0.685648135061562,0.753979416620963,0.503763627259773
520,"Banteng","BTG",1,"dist_str + ndvi_cv + slope + BB",-0.624669331812226,0.783999945214895,0.535438451820044
521,"Banteng","BTG",1,"dist_str + ndvi_cv + slope + BB",-0.612218930402226,0.816544218006029,0.542146548343866
522,"Banteng","BTG",1,"dist_str + ndvi_cv + slope + BB",-0.61300257290568,0.943909543447217,0.541721920258569
523,"Banteng","BTG",1,"dist_str + ndvi_cv + slope + BB",-0.674367246630027,1.09405132789618,0.509478695653816
524,"Banteng","BTG",1,"dist_str + ndvi_cv + slope + BB",-0.688375073473864,0.983171395165741,0.502391758157413
525,"Banteng","BTG",1,"dist_str + ndvi_cv + slope + BB",-0.66490100590323,0.933106155821085,0.514324506270721
526,"Banteng","BTG",1,"dist_str + ndvi_cv + slope + BB",-0.681332181765731,0.888526125219368,0.505942539637573
527,"Banteng","BTG",1,"dist_str + ndvi_cv + slope + BB",-0.670591833739778,0.857123915472613,0.511405849727481
528,"Banteng","BTG",1,"dist_str + ndvi_cv + slope + BB",-0.65098351603427,0.836367598004507,0.521532605205294
529,"Banteng","BTG",1,"dist_str + ndvi_cv + slope + BB",-0.672079325157021,0.826270896430332,0.510645674958163
530,"Banteng","BTG",1,"dist_str + ndvi_cv + slope + BB",-0.664536086336716,0.81049241949556,0.514512168523623
531,"Banteng","BTG",1,"dist_str + ndvi_cv + slope + BB",-0.690079537371427,0.790500728682025,0.501536177399168
532,"Banteng","BTG",1,"dist_str + ndvi_cv + slope + BB",-0.678258046539162,0.782260853672617,0.507500269457309
533,"Banteng","BTG",1,"dist_str + ndvi_cv + slope + BB",-0.678500984285132,0.770659041475955,0.507376994409656
534,"Banteng","BTG",1,"dist_str + ndvi_cv + slope + BB",-0.689161582207738,0.764829069017568,0.501996776304511
535,"Banteng","BTG",1,"dist_str + ndvi_cv + slope + BB",-0.70599472683924,0.773175046964067,0.493617369885114
536,"Banteng","BTG",1,"dist_str + ndvi_cv + slope + BB",-0.69348969961159,0.757561000380825,0.499828770872624
537,"Banteng","BTG",1,"dist_str + ndvi_cv + slope + BB",-0.719452693678444,0.740260218103176,0.487018731837524
538,"Banteng","BTG",1,"dist_str + ndvi_cv + slope + BB",-0.740834480886114,0.740640358343596,0.476715940797938
539,"Banteng","BTG",1,"dist_str + ndvi_cv + slope + BB",-0.760621602111569,0.737542372607697,0.467375816780368
540,"Banteng","BTG",1,"dist_str + ndvi_cv + slope + BB",-0.796115195894309,0.722428658634148,0.451077915596367
541,"Banteng","BTG",1,"dist_str + ndvi_cv + slope + BB",-0.817195745213971,0.70234565461488,0.441668475908489
542,"Banteng","BTG",1,"dist_str + ndvi_cv + slope + BB",-0.810289907946992,0.710308029605771,0.444729117076918
543,"Banteng","BTG",1,"dist_str + ndvi_cv + slope + BB",-0.733958166041068,0.72098655672109,0.480005287721155
544,"Banteng","BTG",1,"dist_str + ndvi_cv + slope + BB",-0.699547507191013,0.721835732904564,0.496810057260493
545,"Banteng","BTG",1,"dist_str + ndvi_cv + slope + BB",-0.673691362842047,0.707624788934512,0.509823157782432
546,"Banteng","BTG",1,"dist_str + ndvi_cv + slope + BB",-0.656268242972559,0.711085891372626,0.518783701566599
547,"Banteng","BTG",1,"dist_str + ndvi_cv + slope + BB",-0.64313800598003,0.720557350002004,0.525640372172724
548,"Banteng","BTG",1,"dist_str + ndvi_cv + slope + BB",-0.620508997310982,0.739398203154635,0.53767076063729
549,"Banteng","BTG",1,"dist_str + ndvi_cv + slope + BB",-0.599755534051547,0.747724302519514,0.548945818265736
550,"Banteng","BTG",1,"dist_str + ndvi_cv + slope + BB",-0.568706599885202,0.77591276442365,0.566257365842091
551,"Banteng","BTG",1,"dist_str + ndvi_cv + slope + BB",-0.548674373497908,0.805836990087474,0.577715152548339
552,"Banteng","BTG",1,"dist_str + ndvi_cv + slope + BB",-0.53980796485319,0.931962892128789,0.582860175806732
553,"Banteng","BTG",1,"dist_str + ndvi_cv + slope + BB",-0.66033757931935,1.13717874553992,0.516676888911593
554,"Banteng","BTG",1,"dist_str + ndvi_cv + slope + BB",-0.663837896055271,1.00568210268034,0.514871514432087
555,"Banteng","BTG",1,"dist_str + ndvi_cv + slope + BB",-0.647699932546807,0.93279780740605,0.523248009167791
556,"Banteng","BTG",1,"dist_str + ndvi_cv + slope + BB",-0.632897326672976,0.88434401434351,0.531050945363315
557,"Banteng","BTG",1,"dist_str + ndvi_cv + slope + BB",-0.620547710112331,0.868775438685718,0.537649880804138
558,"Banteng","BTG",1,"dist_str + ndvi_cv + slope + BB",-0.646403993435029,0.836582608948957,0.523926438380605
559,"Banteng","BTG",1,"dist_str + ndvi_cv + slope + BB",-0.637436322249061,0.815073959077465,0.528646026699049
560,"Banteng","BTG",1,"dist_str + ndvi_cv + slope + BB",-0.65906338380324,0.805622581864728,0.517335656517821
561,"Banteng","BTG",1,"dist_str + ndvi_cv + slope + BB",-0.652305608522044,0.791058102873092,0.520843530362868
562,"Banteng","BTG",1,"dist_str + ndvi_cv + slope + BB",-0.656216100241447,0.785030874896828,0.518810753508238
563,"Banteng","BTG",1,"dist_str + ndvi_cv + slope + BB",-0.66248715107007,0.761991461122934,0.515567448626417
564,"Banteng","BTG",1,"dist_str + ndvi_cv + slope + BB",-0.64541853480097,0.760082053186224,0.524443154312436
565,"Banteng","BTG",1,"dist_str + ndvi_cv + slope + BB",-0.656224827843949,0.755873597500423,0.518806285509452
566,"Banteng","BTG",1,"dist_str + ndvi_cv + slope + BB",-0.669964079407664,0.748804305344418,0.511726963585773
567,"Banteng","BTG",1,"dist_str + ndvi_cv + slope + BB",-0.679518980855561,0.731814378410085,0.506860743559481
568,"Banteng","BTG",1,"dist_str + ndvi_cv + slope + BB",-0.689429634297929,0.738958343180768,0.501862232475759
569,"Banteng","BTG",1,"dist_str + ndvi_cv + slope + BB",-0.714421864127562,0.729458622232698,0.489475013984062
570,"Banteng","BTG",1,"dist_str + ndvi_cv + slope + BB",-0.72234914076144,0.724067502576035,0.485610148410007
571,"Banteng","BTG",1,"dist_str + ndvi_cv + slope + BB",-0.736457277508488,0.708284090460204,0.478807197492136
572,"Banteng","BTG",1,"dist_str + ndvi_cv + slope + BB",-0.715312845007027,0.708079485941411,0.489039095257351
573,"Banteng","BTG",1,"dist_str + ndvi_cv + slope + BB",-0.702589552997214,0.717448398580229,0.495301051958103
574,"Banteng","BTG",1,"dist_str + ndvi_cv + slope + BB",-0.644725893406145,0.712109810275655,0.52480637573047
575,"Banteng","BTG",1,"dist_str + ndvi_cv + slope + BB",-0.604209900330307,0.706365586469334,0.546506052944795
576,"Banteng","BTG",1,"dist_str + ndvi_cv + slope + BB",-0.570871417599964,0.712874102349061,0.565032853593197
577,"Banteng","BTG",1,"dist_str + ndvi_cv + slope + BB",-0.557203538585909,0.724514324301958,0.572808663990448
578,"Banteng","BTG",1,"dist_str + ndvi_cv + slope + BB",-0.540087485439538,0.731198548429852,0.582697353324958
579,"Banteng","BTG",1,"dist_str + ndvi_cv + slope + BB",-0.50411990933151,0.743248511333633,0.604036955602463
580,"Banteng","BTG",1,"dist_str + ndvi_cv + slope + BB",-0.490561219638419,0.760100989137262,0.612282672846047
581,"Banteng","BTG",1,"dist_str + ndvi_cv + slope + BB",-0.458237138959862,0.791505712462042,0.632397496007352
582,"Banteng","BTG",1,"dist_str + ndvi_cv + slope + BB",-0.437628293425518,0.857705904201103,0.645565709688874
583,"Banteng","BTG",1,"dist_str + ndvi_cv + slope + BB",-0.690378124340208,1.0551820717951,0.501386462731021
584,"Banteng","BTG",1,"dist_str + ndvi_cv + slope + BB",-0.653724755619815,0.94781664430668,0.520104915750013
585,"Banteng","BTG",1,"dist_str + ndvi_cv + slope + BB",-0.652033404383127,0.896415450539412,0.520985327932005
586,"Banteng","BTG",1,"dist_str + ndvi_cv + slope + BB",-0.606341313058993,0.860204088737131,0.545342577617435
587,"Banteng","BTG",1,"dist_str + ndvi_cv + slope + BB",-0.607995204175748,0.831941246010063,0.544441269368027
588,"Banteng","BTG",1,"dist_str + ndvi_cv + slope + BB",-0.628106205653179,0.828904205670744,0.533601376010808
589,"Banteng","BTG",1,"dist_str + ndvi_cv + slope + BB",-0.648526110873655,0.795186173265868,0.522815781675457
590,"Banteng","BTG",1,"dist_str + ndvi_cv + slope + BB",-0.626759770851127,0.779214190160995,0.534320319816514
591,"Banteng","BTG",1,"dist_str + ndvi_cv + slope + BB",-0.612367083120069,0.778658850026115,0.542066343433654
592,"Banteng","BTG",1,"dist_str + ndvi_cv + slope + BB",-0.6249201974467,0.774786945416785,0.535304146225446
593,"Banteng","BTG",1,"dist_str + ndvi_cv + slope + BB",-0.639640044885412,0.763346337608114,0.527482260306705
594,"Banteng","BTG",1,"dist_str + ndvi_cv + slope + BB",-0.627556157718401,0.751950974550779,0.533894982224755
595,"Banteng","BTG",1,"dist_str + ndvi_cv + slope + BB",-0.61626213491106,0.747718755039827,0.539958970123953
596,"Banteng","BTG",1,"dist_str + ndvi_cv + slope + BB",-0.635568713727514,0.744034696303981,0.529634194043368
597,"Banteng","BTG",1,"dist_str + ndvi_cv + slope + BB",-0.651169164439362,0.738481795258645,0.521435788115236
598,"Banteng","BTG",1,"dist_str + ndvi_cv + slope + BB",-0.67170129082901,0.726565834476168,0.510838759090582
599,"Banteng","BTG",1,"dist_str + ndvi_cv + slope + BB",-0.657254414325648,0.714138132095809,0.518272406310217
600,"Banteng","BTG",1,"dist_str + ndvi_cv + slope + BB",-0.655727279408066,0.707603639053619,0.519064423302668
601,"Banteng","BTG",1,"dist_str + ndvi_cv + slope + BB",-0.641840654424331,0.700985546118952,0.526322754853873
602,"Banteng","BTG",1,"dist_str + ndvi_cv + slope + BB",-0.601876709772975,0.708468604853283,0.547782649043992
603,"Banteng","BTG",1,"dist_str + ndvi_cv + slope + BB",-0.572149405861273,0.707334685159597,0.564311239989794
604,"Banteng","BTG",1,"dist_str + ndvi_cv + slope + BB",-0.537513151449526,0.704725477437741,0.584199262723745
605,"Banteng","BTG",1,"dist_str + ndvi_cv + slope + BB",-0.510705949902376,0.708785669763742,0.600071808707838
606,"Banteng","BTG",1,"dist_str + ndvi_cv + slope + BB",-0.469412422038546,0.713685196449365,0.625369621496333
607,"Banteng","BTG",1,"dist_str + ndvi_cv + slope + BB",-0.45052394385094,0.726234823691611,0.637294158117355
608,"Banteng","BTG",1,"dist_str + ndvi_cv + slope + BB",-0.425035094458401,0.728205316721452,0.653746855378659
609,"Banteng","BTG",1,"dist_str + ndvi_cv + slope + BB",-0.423605290533214,0.74368358403585,0.654682241046539
610,"Banteng","BTG",1,"dist_str + ndvi_cv + slope + BB",-0.395547401716151,0.778632996865679,0.673311367732618
611,"Banteng","BTG",1,"dist_str + ndvi_cv + slope + BB",-0.344343754830845,0.799395478545058,0.708685297609831
612,"Banteng","BTG",1,"dist_str + ndvi_cv + slope + BB",-0.298174825871812,0.855905656039906,0.742171578750876
613,"Banteng","BTG",1,"dist_str + ndvi_cv + slope + BB",-0.2226594732746,0.927524282517813,0.800387356370498
614,"Banteng","BTG",1,"dist_str + ndvi_cv + slope + BB",-0.173760171640933,0.977941082962544,0.840498449929756
615,"Banteng","BTG",1,"dist_str + ndvi_cv + slope + BB",-0.15148043989458,1.01285531059513,0.859434692832672
616,"Banteng","BTG",1,"dist_str + ndvi_cv + slope + BB",-0.120599107017177,1.06499639230542,0.886389238933511
617,"Banteng","BTG",1,"dist_str + ndvi_cv + slope + BB",-0.632734891009556,0.960729316537699,0.531137303958692
618,"Banteng","BTG",1,"dist_str + ndvi_cv + slope + BB",-0.62071016755753,0.896999691228708,0.537562572932105
619,"Banteng","BTG",1,"dist_str + ndvi_cv + slope + BB",-0.603851802372381,0.863221322578134,0.546701788106662
620,"Banteng","BTG",1,"dist_str + ndvi_cv + slope + BB",-0.597226552334351,0.833259038560772,0.550335869687059
621,"Banteng","BTG",1,"dist_str + ndvi_cv + slope + BB",-0.600158252411526,0.827879257195607,0.548724796698421
622,"Banteng","BTG",1,"dist_str + ndvi_cv + slope + BB",-0.589482370612711,0.808330054079712,0.554614295408345
623,"Banteng","BTG",1,"dist_str + ndvi_cv + slope + BB",-0.59688073982023,0.791841372132858,0.550526281916158
624,"Banteng","BTG",1,"dist_str + ndvi_cv + slope + BB",-0.596145901880967,0.776134915174937,0.550930900950616
625,"Banteng","BTG",1,"dist_str + ndvi_cv + slope + BB",-0.601329695581932,0.772704289015755,0.548082368646655
626,"Banteng","BTG",1,"dist_str + ndvi_cv + slope + BB",-0.572264730572897,0.755675828778258,0.564246125803166
627,"Banteng","BTG",1,"dist_str + ndvi_cv + slope + BB",-0.577748962561017,0.752211810752414,0.561160141218927
628,"Banteng","BTG",1,"dist_str + ndvi_cv + slope + BB",-0.56114144991426,0.746336092693263,0.570557429681587
629,"Banteng","BTG",1,"dist_str + ndvi_cv + slope + BB",-0.594094583205492,0.746348921072195,0.552062188466582
630,"Banteng","BTG",1,"dist_str + ndvi_cv + slope + BB",-0.616809157192654,0.723213151646789,0.539663691017801
631,"Banteng","BTG",1,"dist_str + ndvi_cv + slope + BB",-0.649005719526801,0.71051226963484,0.522565105707752
632,"Banteng","BTG",1,"dist_str + ndvi_cv + slope + BB",-0.628524504954992,0.70425965616693,0.533378217872848
633,"Banteng","BTG",1,"dist_str + ndvi_cv + slope + BB",-0.62751995916543,0.705294277216857,0.533914304832664
634,"Banteng","BTG",1,"dist_str + ndvi_cv + slope + BB",-0.597745619175434,0.699264556964986,0.550050272986786
635,"Banteng","BTG",1,"dist_str + ndvi_cv + slope + BB",-0.549664543639501,0.709880971149148,0.577143419840447
636,"Banteng","BTG",1,"dist_str + ndvi_cv + slope + BB",-0.504743065017936,0.699650590139442,0.603660688148596
637,"Banteng","BTG",1,"dist_str + ndvi_cv + slope + BB",-0.473841430662097,0.705971524957226,0.622605971199678
638,"Banteng","BTG",1,"dist_str + ndvi_cv + slope + BB",-0.425935453288955,0.699615221741329,0.653158502761993
639,"Banteng","BTG",1,"dist_str + ndvi_cv + slope + BB",-0.386649835880863,0.706148174376527,0.6793289342455
640,"Banteng","BTG",1,"dist_str + ndvi_cv + slope + BB",-0.359651878073809,0.702537313094641,0.697919295458463
641,"Banteng","BTG",1,"dist_str + ndvi_cv + slope + BB",-0.354724327303063,0.72101928457465,0.70136677862993
642,"Banteng","BTG",1,"dist_str + ndvi_cv + slope + BB",-0.34339164456348,0.741205804471843,0.709360360381798
643,"Banteng","BTG",1,"dist_str + ndvi_cv + slope + BB",-0.326740114194991,0.745312449341747,0.721271167178945
644,"Banteng","BTG",1,"dist_str + ndvi_cv + slope + BB",-0.282027589356895,0.772580509793705,0.754252874899323
645,"Banteng","BTG",1,"dist_str + ndvi_cv + slope + BB",-0.235331836561655,0.789125530660992,0.790308552842611
646,"Banteng","BTG",1,"dist_str + ndvi_cv + slope + BB",-0.221927036310732,0.828298011573999,0.800973812262918
647,"Banteng","BTG",1,"dist_str + ndvi_cv + slope + BB",-0.170611446395276,0.867744300448984,0.843149132431789
648,"Banteng","BTG",1,"dist_str + ndvi_cv + slope + BB",-0.13139872562804,0.892671925677869,0.876868244808759
649,"Banteng","BTG",1,"dist_str + ndvi_cv + slope + BB",-0.138581848289925,0.913956039544559,0.870592017237762
650,"Banteng","BTG",1,"dist_str + ndvi_cv + slope + BB",-0.102037516164583,0.938299014396964,0.902995674248753
651,"Banteng","BTG",1,"dist_str + ndvi_cv + slope + BB",-0.0968110759519365,1.01370189315688,0.907727784186403
652,"Banteng","BTG",1,"dist_str + ndvi_cv + slope + BB",-0.0496912321427666,1.05733298991164,0.951523239206933
653,"Banteng","BTG",1,"dist_str + ndvi_cv + slope + BB",-0.0476544999579681,1.10039435736158,0.953463207167948
654,"Banteng","BTG",1,"dist_str + ndvi_cv + slope + BB",-0.0381137162774181,1.24801210166376,0.962603607023846
655,"Banteng","BTG",1,"dist_str + ndvi_cv + slope + BB",-0.588276640785818,0.998171994883245,0.555283424856144
656,"Banteng","BTG",1,"dist_str + ndvi_cv + slope + BB",-0.594698508170239,0.898821069343007,0.55172888274479
657,"Banteng","BTG",1,"dist_str + ndvi_cv + slope + BB",-0.602389750722213,0.861740305635075,0.5475016894487
658,"Banteng","BTG",1,"dist_str + ndvi_cv + slope + BB",-0.592520878798747,0.841523655135345,0.552931654733863
659,"Banteng","BTG",1,"dist_str + ndvi_cv + slope + BB",-0.584124776174366,0.810607512646366,0.557593668258311
660,"Banteng","BTG",1,"dist_str + ndvi_cv + slope + BB",-0.5744683493756,0.804390934957716,0.563004112613458
661,"Banteng","BTG",1,"dist_str + ndvi_cv + slope + BB",-0.561546568759058,0.778865933148561,0.570326355538853
662,"Banteng","BTG",1,"dist_str + ndvi_cv + slope + BB",-0.55887125444007,0.785815646661432,0.57185433983135
663,"Banteng","BTG",1,"dist_str + ndvi_cv + slope + BB",-0.539867205583707,0.774918207477519,0.582825673940794
664,"Banteng","BTG",1,"dist_str + ndvi_cv + slope + BB",-0.541104351028092,0.758168006023206,0.582105090114976
665,"Banteng","BTG",1,"dist_str + ndvi_cv + slope + BB",-0.548691816767624,0.756632805814416,0.577705157632346
666,"Banteng","BTG",1,"dist_str + ndvi_cv + slope + BB",-0.535836725149094,0.747184950304994,0.58517945196391
667,"Banteng","BTG",1,"dist_str + ndvi_cv + slope + BB",-0.545070374532357,0.731178584597224,0.579800978731004
668,"Banteng","BTG",1,"dist_str + ndvi_cv + slope + BB",-0.544772273658068,0.717281743912219,0.579973845407393
669,"Banteng","BTG",1,"dist_str + ndvi_cv + slope + BB",-0.551266979219737,0.713422141072744,0.576219291954094
670,"Banteng","BTG",1,"dist_str + ndvi_cv + slope + BB",-0.580306583070752,0.700114258009941,0.559726744837878
671,"Banteng","BTG",1,"dist_str + ndvi_cv + slope + BB",-0.612782926371087,0.677842905302695,0.5418408908224
672,"Banteng","BTG",1,"dist_str + ndvi_cv + slope + BB",-0.574018931577694,0.685130508715245,0.563257202911102
673,"Banteng","BTG",1,"dist_str + ndvi_cv + slope + BB",-0.476230040908611,0.695040791108213,0.621120600045428
674,"Banteng","BTG",1,"dist_str + ndvi_cv + slope + BB",-0.443441737488301,0.706021658709,0.641823629411562
675,"Banteng","BTG",1,"dist_str + ndvi_cv + slope + BB",-0.402216702448143,0.707248342370441,0.668835791634122
676,"Banteng","BTG",1,"dist_str + ndvi_cv + slope + BB",-0.349560991303837,0.684129707137741,0.704997521846648
677,"Banteng","BTG",1,"dist_str + ndvi_cv + slope + BB",-0.288293296974107,0.661849228740723,0.749541735693538
678,"Banteng","BTG",1,"dist_str + ndvi_cv + slope + BB",-0.270129237216265,0.673020306135013,0.763280844360432
679,"Banteng","BTG",1,"dist_str + ndvi_cv + slope + BB",-0.289894171819104,0.700160181353874,0.748342766157721
680,"Banteng","BTG",1,"dist_str + ndvi_cv + slope + BB",-0.295958893144964,0.721045828203467,0.743818003460283
681,"Banteng","BTG",1,"dist_str + ndvi_cv + slope + BB",-0.2736705280046,0.747143542035914,0.760582676785768
682,"Banteng","BTG",1,"dist_str + ndvi_cv + slope + BB",-0.236912407114547,0.757137637771064,0.789060431643517
683,"Banteng","BTG",1,"dist_str + ndvi_cv + slope + BB",-0.235028358540716,0.790940795032581,0.79054843221185
684,"Banteng","BTG",1,"dist_str + ndvi_cv + slope + BB",-0.187538007445016,0.809745308304943,0.828997609686256
685,"Banteng","BTG",1,"dist_str + ndvi_cv + slope + BB",-0.180313950898886,0.821756855699875,0.835008034525559
686,"Banteng","BTG",1,"dist_str + ndvi_cv + slope + BB",-0.12056148549329,0.852720844324825,0.886422590952244
687,"Banteng","BTG",1,"dist_str + ndvi_cv + slope + BB",-0.125777417892767,0.881267024839726,0.881811107009892
688,"Banteng","BTG",1,"dist_str + ndvi_cv + slope + BB",-0.0977966139222954,0.885651330021005,0.906833332879679
689,"Banteng","BTG",1,"dist_str + ndvi_cv + slope + BB",-0.0845835200702761,0.912928772077661,0.9188949123601
690,"Banteng","BTG",1,"dist_str + ndvi_cv + slope + BB",-0.0642114098969737,0.946411473906625,0.937806720876019
691,"Banteng","BTG",1,"dist_str + ndvi_cv + slope + BB",-0.00764682817186378,0.977312503152395,0.992382348655356
692,"Banteng","BTG",1,"dist_str + ndvi_cv + slope + BB",-0.0294624325885509,1.07943935656704,0.970967358570738
693,"Banteng","BTG",1,"dist_str + ndvi_cv + slope + BB",-0.576031207288352,1.02372156223964,0.562124903031887
694,"Banteng","BTG",1,"dist_str + ndvi_cv + slope + BB",-0.550228573482459,0.897741135485795,0.576817953453217
695,"Banteng","BTG",1,"dist_str + ndvi_cv + slope + BB",-0.560758730001435,0.858637849210668,0.57077583706856
696,"Banteng","BTG",1,"dist_str + ndvi_cv + slope + BB",-0.566118191699223,0.845327726657393,0.56772496941996
697,"Banteng","BTG",1,"dist_str + ndvi_cv + slope + BB",-0.524321345778139,0.827912362715206,0.591956968522991
698,"Banteng","BTG",1,"dist_str + ndvi_cv + slope + BB",-0.543775163495512,0.798913691011496,0.580552436493355
699,"Banteng","BTG",1,"dist_str + ndvi_cv + slope + BB",-0.517765748910361,0.791642374661957,0.595850355004283
700,"Banteng","BTG",1,"dist_str + ndvi_cv + slope + BB",-0.525523177286417,0.779697133611285,0.591245959140708
701,"Banteng","BTG",1,"dist_str + ndvi_cv + slope + BB",-0.523287185892885,0.772616680421171,0.592569456985379
702,"Banteng","BTG",1,"dist_str + ndvi_cv + slope + BB",-0.495277814194342,0.750271686326662,0.609401611963571
703,"Banteng","BTG",1,"dist_str + ndvi_cv + slope + BB",-0.490402649808039,0.744165078576302,0.612379827802786
704,"Banteng","BTG",1,"dist_str + ndvi_cv + slope + BB",-0.488276496255654,0.741311422043839,0.613683169754724
705,"Banteng","BTG",1,"dist_str + ndvi_cv + slope + BB",-0.482821895849084,0.736847570704884,0.617039722978618
706,"Banteng","BTG",1,"dist_str + ndvi_cv + slope + BB",-0.480781901900223,0.721363938296834,0.618299760033975
707,"Banteng","BTG",1,"dist_str + ndvi_cv + slope + BB",-0.497964847757902,0.70705214610639,0.607766390827833
708,"Banteng","BTG",1,"dist_str + ndvi_cv + slope + BB",-0.507449173818778,0.699616127226568,0.602029296338394
709,"Banteng","BTG",1,"dist_str + ndvi_cv + slope + BB",-0.559719543534672,0.66466393137961,0.571369285630336
710,"Banteng","BTG",1,"dist_str + ndvi_cv + slope + BB",-0.49376593172225,0.680750213679394,0.610323686545292
711,"Banteng","BTG",1,"dist_str + ndvi_cv + slope + BB",-0.408688656477405,0.693515420316833,0.664521104652098
712,"Banteng","BTG",1,"dist_str + ndvi_cv + slope + BB",-0.383235403829115,0.708379211406602,0.681652416997015
713,"Banteng","BTG",1,"dist_str + ndvi_cv + slope + BB",-0.31405834619322,0.698921982394329,0.73047640810352
714,"Banteng","BTG",1,"dist_str + ndvi_cv + slope + BB",-0.279195488431715,0.682102377200456,0.756392024017867
715,"Banteng","BTG",1,"dist_str + ndvi_cv + slope + BB",-0.215269204254249,0.633830621680966,0.806324345078679
716,"Banteng","BTG",1,"dist_str + ndvi_cv + slope + BB",-0.202027126903244,0.643717557753627,0.81707276355609
717,"Banteng","BTG",1,"dist_str + ndvi_cv + slope + BB",-0.231612419172881,0.702902886450596,0.793253526698734
718,"Banteng","BTG",1,"dist_str + ndvi_cv + slope + BB",-0.230993766502952,0.723218539547124,0.79374442469863
719,"Banteng","BTG",1,"dist_str + ndvi_cv + slope + BB",-0.23389154767816,0.740275791300037,0.791447646231371
720,"Banteng","BTG",1,"dist_str + ndvi_cv + slope + BB",-0.198568137807586,0.755772040949294,0.819903902442117
721,"Banteng","BTG",1,"dist_str + ndvi_cv + slope + BB",-0.19478315535085,0.7699617569461,0.823013107034753
722,"Banteng","BTG",1,"dist_str + ndvi_cv + slope + BB",-0.166712738817161,0.788754366937951,0.846442729426778
723,"Banteng","BTG",1,"dist_str + ndvi_cv + slope + BB",-0.134798735478642,0.813720583857788,0.873891777411035
724,"Banteng","BTG",1,"dist_str + ndvi_cv + slope + BB",-0.119776124977675,0.831998546298995,0.887119018940458
725,"Banteng","BTG",1,"dist_str + ndvi_cv + slope + BB",-0.111103402732992,0.846407111267517,0.89484621627622
726,"Banteng","BTG",1,"dist_str + ndvi_cv + slope + BB",-0.0873285583589852,0.863157029008854,0.916376164488356
727,"Banteng","BTG",1,"dist_str + ndvi_cv + slope + BB",-0.0752275097595173,0.879918513716069,0.927532470451998
728,"Banteng","BTG",1,"dist_str + ndvi_cv + slope + BB",-0.0466212914539363,0.894011263525683,0.954448806914758
729,"Banteng","BTG",1,"dist_str + ndvi_cv + slope + BB",-0.0334171693537315,0.913299784022542,0.967135083051178
730,"Banteng","BTG",1,"dist_str + ndvi_cv + slope + BB",-0.0142326844363964,0.969655919391163,0.985868125678247
731,"Banteng","BTG",1,"dist_str + ndvi_cv + slope + BB",-0.5738034761096,1.00736457804481,0.563378572420114
732,"Banteng","BTG",1,"dist_str + ndvi_cv + slope + BB",-0.529159123535699,0.910320530036808,0.589100123512481
733,"Banteng","BTG",1,"dist_str + ndvi_cv + slope + BB",-0.533863049188328,0.870753495196566,0.586335546455956
734,"Banteng","BTG",1,"dist_str + ndvi_cv + slope + BB",-0.52052199033458,0.841567623254392,0.594210368509359
735,"Banteng","BTG",1,"dist_str + ndvi_cv + slope + BB",-0.520286986479333,0.822131469812208,0.594349954759168
736,"Banteng","BTG",1,"dist_str + ndvi_cv + slope + BB",-0.512402314964471,0.802658229081099,0.599054749273212
737,"Banteng","BTG",1,"dist_str + ndvi_cv + slope + BB",-0.497308248701851,0.790924710907599,0.608165512766846
738,"Banteng","BTG",1,"dist_str + ndvi_cv + slope + BB",-0.494721116784617,0.772645087258986,0.609740936198337
739,"Banteng","BTG",1,"dist_str + ndvi_cv + slope + BB",-0.475561610230704,0.758922332093496,0.621535904059463
740,"Banteng","BTG",1,"dist_str + ndvi_cv + slope + BB",-0.469847965360579,0.757319116512038,0.625097316951545
741,"Banteng","BTG",1,"dist_str + ndvi_cv + slope + BB",-0.436045772432268,0.75415711880187,0.646588145578753
742,"Banteng","BTG",1,"dist_str + ndvi_cv + slope + BB",-0.436788542176203,0.736886588419456,0.646108043014
743,"Banteng","BTG",1,"dist_str + ndvi_cv + slope + BB",-0.422630549888988,0.72180358987043,0.65532069680249
744,"Banteng","BTG",1,"dist_str + ndvi_cv + slope + BB",-0.415034829654518,0.723221089380931,0.660317281890489
745,"Banteng","BTG",1,"dist_str + ndvi_cv + slope + BB",-0.39428946494307,0.711065535801733,0.674158892780595
746,"Banteng","BTG",1,"dist_str + ndvi_cv + slope + BB",-0.392454518547082,0.696215406834924,0.675397087435973
747,"Banteng","BTG",1,"dist_str + ndvi_cv + slope + BB",-0.396247213041273,0.690993735781644,0.67284042418266
748,"Banteng","BTG",1,"dist_str + ndvi_cv + slope + BB",-0.368695332191775,0.690352952564058,0.691636103727435
749,"Banteng","BTG",1,"dist_str + ndvi_cv + slope + BB",-0.330019810178319,0.699921885516506,0.718909498816771
750,"Banteng","BTG",1,"dist_str + ndvi_cv + slope + BB",-0.30158956367779,0.702665737653617,0.739641595384812
751,"Banteng","BTG",1,"dist_str + ndvi_cv + slope + BB",-0.24394494429204,0.702806189245268,0.783530771819555
752,"Banteng","BTG",1,"dist_str + ndvi_cv + slope + BB",-0.231599446365325,0.68916119757183,0.793263804392584
753,"Banteng","BTG",1,"dist_str + ndvi_cv + slope + BB",-0.210750257665702,0.682356039107298,0.809976333355249
754,"Banteng","BTG",1,"dist_str + ndvi_cv + slope + BB",-0.203350610008014,0.684427996656701,0.815992096499595
755,"Banteng","BTG",1,"dist_str + ndvi_cv + slope + BB",-0.192245606889843,0.695661970918076,0.825104192843808
756,"Banteng","BTG",1,"dist_str + ndvi_cv + slope + BB",-0.197835026575036,0.716559217610222,0.820505209375063
757,"Banteng","BTG",1,"dist_str + ndvi_cv + slope + BB",-0.174574459541602,0.737559247364479,0.839814332612123
758,"Banteng","BTG",1,"dist_str + ndvi_cv + slope + BB",-0.160828322925374,0.756238723641634,0.85143824989522
759,"Banteng","BTG",1,"dist_str + ndvi_cv + slope + BB",-0.161728325545933,0.767955513808164,0.850672280669887
760,"Banteng","BTG",1,"dist_str + ndvi_cv + slope + BB",-0.152334869635099,0.779128969048677,0.858700680932272
761,"Banteng","BTG",1,"dist_str + ndvi_cv + slope + BB",-0.129246445431109,0.799838833199716,0.878757391217146
762,"Banteng","BTG",1,"dist_str + ndvi_cv + slope + BB",-0.116586961457001,0.808722031912173,0.889952703816089
763,"Banteng","BTG",1,"dist_str + ndvi_cv + slope + BB",-0.0844958733254806,0.831387751582597,0.918975449885767
764,"Banteng","BTG",1,"dist_str + ndvi_cv + slope + BB",-0.0912776931709691,0.843760675240727,0.912764217256579
765,"Banteng","BTG",1,"dist_str + ndvi_cv + slope + BB",-0.0614416863975644,0.849245808924197,0.940407783476757
766,"Banteng","BTG",1,"dist_str + ndvi_cv + slope + BB",-0.0367351686979147,0.865918223203132,0.963931380781916
767,"Banteng","BTG",1,"dist_str + ndvi_cv + slope + BB",-0.0359877043925761,0.877852745292337,0.964652158038592
768,"Banteng","BTG",1,"dist_str + ndvi_cv + slope + BB",-0.00196907497723063,0.897021983149866,0.99803307656469
769,"Banteng","BTG",1,"dist_str + ndvi_cv + slope + BB",0.0117939101328473,0.955105131990346,1.01186412681671
770,"Banteng","BTG",1,"dist_str + ndvi_cv + slope + BB",0.0357090890141325,1.01178602307163,1.03635431578996
771,"Banteng","BTG",1,"dist_str + ndvi_cv + slope + BB",0.0344562098338904,1.03099686757428,1.03505670445192
772,"Banteng","BTG",1,"dist_str + ndvi_cv + slope + BB",0.0376032520304925,1.08071012100804,1.03831943910468
773,"Banteng","BTG",1,"dist_str + ndvi_cv + slope + BB",0.0606457094034467,1.12593925390353,1.06252240622108
774,"Banteng","BTG",1,"dist_str + ndvi_cv + slope + BB",0.0802125995287877,1.18675316381662,1.08351742796198
775,"Banteng","BTG",1,"dist_str + ndvi_cv + slope + BB",0.0514065366245469,1.37133210026253,1.05275079383658
776,"Banteng","BTG",1,"dist_str + ndvi_cv + slope + BB",-0.530473762741857,1.02370915074229,0.588326179182092
777,"Banteng","BTG",1,"dist_str + ndvi_cv + slope + BB",-0.521857248968721,0.91539313487558,0.59341740029418
778,"Banteng","BTG",1,"dist_str + ndvi_cv + slope + BB",-0.508602093242566,0.865318012106834,0.601335610639847
779,"Banteng","BTG",1,"dist_str + ndvi_cv + slope + BB",-0.502333901260615,0.847885004393839,0.605116748899656
780,"Banteng","BTG",1,"dist_str + ndvi_cv + slope + BB",-0.500841820184721,0.829372970412007,0.606020285458558
781,"Banteng","BTG",1,"dist_str + ndvi_cv + slope + BB",-0.482062961055318,0.807906529256226,0.617508323239016
782,"Banteng","BTG",1,"dist_str + ndvi_cv + slope + BB",-0.487628628642288,0.790241232801105,0.614080901415243
783,"Banteng","BTG",1,"dist_str + ndvi_cv + slope + BB",-0.461249230681811,0.774742215199083,0.630495641625983
784,"Banteng","BTG",1,"dist_str + ndvi_cv + slope + BB",-0.45514494800967,0.763784163781935,0.634356012698191
785,"Banteng","BTG",1,"dist_str + ndvi_cv + slope + BB",-0.446714685948782,0.756567865245228,0.639726416174631
786,"Banteng","BTG",1,"dist_str + ndvi_cv + slope + BB",-0.418772033552163,0.746703064892979,0.657854152267733
787,"Banteng","BTG",1,"dist_str + ndvi_cv + slope + BB",-0.394061671462439,0.736916805426003,0.674312469123156
788,"Banteng","BTG",1,"dist_str + ndvi_cv + slope + BB",-0.376880018930715,0.724873695628049,0.685998384991909
789,"Banteng","BTG",1,"dist_str + ndvi_cv + slope + BB",-0.360316908397291,0.722425361287828,0.69745532615255
790,"Banteng","BTG",1,"dist_str + ndvi_cv + slope + BB",-0.324082371873443,0.711957677341602,0.723190696433994
791,"Banteng","BTG",1,"dist_str + ndvi_cv + slope + BB",-0.285873881042024,0.701155409526154,0.751357411453749
792,"Banteng","BTG",1,"dist_str + ndvi_cv + slope + BB",-0.265164795299179,0.696570946355317,0.767079529517166
793,"Banteng","BTG",1,"dist_str + ndvi_cv + slope + BB",-0.248361334077323,0.691145207916014,0.780078029146926
794,"Banteng","BTG",1,"dist_str + ndvi_cv + slope + BB",-0.225463650976989,0.692715443703941,0.798146075390492
795,"Banteng","BTG",1,"dist_str + ndvi_cv + slope + BB",-0.211020499366038,0.692892820292558,0.809757467245618
796,"Banteng","BTG",1,"dist_str + ndvi_cv + slope + BB",-0.204810787634435,0.687440703339725,0.814801472876199
797,"Banteng","BTG",1,"dist_str + ndvi_cv + slope + BB",-0.187356435878997,0.697160136612003,0.829148173558325
798,"Banteng","BTG",1,"dist_str + ndvi_cv + slope + BB",-0.183105958878201,0.696715265572927,0.832679921479785
799,"Banteng","BTG",1,"dist_str + ndvi_cv + slope + BB",-0.172143067139378,0.693579820773719,0.841858727413338
800,"Banteng","BTG",1,"dist_str + ndvi_cv + slope + BB",-0.181136477729438,0.693006640160567,0.834321484904966
801,"Banteng","BTG",1,"dist_str + ndvi_cv + slope + BB",-0.170280556336401,0.708580378408327,0.843428218198508
802,"Banteng","BTG",1,"dist_str + ndvi_cv + slope + BB",-0.182689449568332,0.728626642573611,0.833026813351578
803,"Banteng","BTG",1,"dist_str + ndvi_cv + slope + BB",-0.150845370586114,0.748819180183355,0.859980681534053
804,"Banteng","BTG",1,"dist_str + ndvi_cv + slope + BB",-0.141451053961298,0.745973509378432,0.868097703519036
805,"Banteng","BTG",1,"dist_str + ndvi_cv + slope + BB",-0.125908884670288,0.766452473304055,0.88169518278158
806,"Banteng","BTG",1,"dist_str + ndvi_cv + slope + BB",-0.10105152168127,0.785730786419331,0.903886475597218
807,"Banteng","BTG",1,"dist_str + ndvi_cv + slope + BB",-0.094613964474612,0.79676400234757,0.909724060573533
808,"Banteng","BTG",1,"dist_str + ndvi_cv + slope + BB",-0.0700600857280883,0.807819495835684,0.932337798776893
809,"Banteng","BTG",1,"dist_str + ndvi_cv + slope + BB",-0.0364449840220423,0.825793151863989,0.964211141211424
810,"Banteng","BTG",1,"dist_str + ndvi_cv + slope + BB",-0.0393084358416748,0.835334303614945,0.961454118872851
811,"Banteng","BTG",1,"dist_str + ndvi_cv + slope + BB",-0.0399060240510671,0.842824069882462,0.960879734770604
812,"Banteng","BTG",1,"dist_str + ndvi_cv + slope + BB",-0.00617231381391087,0.863631026696927,0.993846696869555
813,"Banteng","BTG",1,"dist_str + ndvi_cv + slope + BB",0.00696073611693112,0.869290095651004,1.00698502058664
814,"Banteng","BTG",1,"dist_str + ndvi_cv + slope + BB",0.0244886587307995,0.883428083464786,1.02479096861579
815,"Banteng","BTG",1,"dist_str + ndvi_cv + slope + BB",0.025948831435762,0.910707835325876,1.02628846090989
816,"Banteng","BTG",1,"dist_str + ndvi_cv + slope + BB",0.0502389501755262,0.921235162198287,1.05152233614454
817,"Banteng","BTG",1,"dist_str + ndvi_cv + slope + BB",0.0533701775922667,0.975547807272074,1.05482004522175
818,"Banteng","BTG",1,"dist_str + ndvi_cv + slope + BB",0.0765257682974093,1.01555894629288,1.07953002310127
819,"Banteng","BTG",1,"dist_str + ndvi_cv + slope + BB",0.0809538939543359,1.10804452855095,1.08432100040183
820,"Banteng","BTG",1,"dist_str + ndvi_cv + slope + BB",0.0590822609806382,1.25168108934411,1.06086250643433
821,"Banteng","BTG",1,"dist_str + ndvi_cv + slope + BB",-0.498911223319857,1.10035216133676,0.607191400982443
822,"Banteng","BTG",1,"dist_str + ndvi_cv + slope + BB",-0.499063626825898,0.94521317583616,0.607098865818473
823,"Banteng","BTG",1,"dist_str + ndvi_cv + slope + BB",-0.475666952137812,0.879760018113989,0.621470427258375
824,"Banteng","BTG",1,"dist_str + ndvi_cv + slope + BB",-0.48590824486866,0.851409979396847,0.615138270279841
825,"Banteng","BTG",1,"dist_str + ndvi_cv + slope + BB",-0.462511667113812,0.838896637488829,0.62970007354216
826,"Banteng","BTG",1,"dist_str + ndvi_cv + slope + BB",-0.464338023149969,0.803486110392846,0.628551063614043
827,"Banteng","BTG",1,"dist_str + ndvi_cv + slope + BB",-0.428672198012931,0.785295624634281,0.6513734319399
828,"Banteng","BTG",1,"dist_str + ndvi_cv + slope + BB",-0.436410093634195,0.773558108604745,0.646352631188085
829,"Banteng","BTG",1,"dist_str + ndvi_cv + slope + BB",-0.419032549461192,0.773908934065276,0.657682789777955
830,"Banteng","BTG",1,"dist_str + ndvi_cv + slope + BB",-0.411749536141995,0.754949824663682,0.662490189182549
831,"Banteng","BTG",1,"dist_str + ndvi_cv + slope + BB",-0.369130716204576,0.750508864112498,0.691335042844001
832,"Banteng","BTG",1,"dist_str + ndvi_cv + slope + BB",-0.357109643255211,0.741269599443551,0.699695925356369
833,"Banteng","BTG",1,"dist_str + ndvi_cv + slope + BB",-0.32859106037836,0.737011511155787,0.71993736771643
834,"Banteng","BTG",1,"dist_str + ndvi_cv + slope + BB",-0.292304480738412,0.725263680654478,0.746541195932485
835,"Banteng","BTG",1,"dist_str + ndvi_cv + slope + BB",-0.253624816092203,0.704927609067921,0.775982893722942
836,"Banteng","BTG",1,"dist_str + ndvi_cv + slope + BB",-0.199190530494031,0.705106972455282,0.819393760349422
837,"Banteng","BTG",1,"dist_str + ndvi_cv + slope + BB",-0.143629277049125,0.695181868987413,0.86620881204108
838,"Banteng","BTG",1,"dist_str + ndvi_cv + slope + BB",-0.123888123022672,0.690082549959199,0.883478676403029
839,"Banteng","BTG",1,"dist_str + ndvi_cv + slope + BB",-0.129192689798072,0.691920600123864,0.878804623026317
840,"Banteng","BTG",1,"dist_str + ndvi_cv + slope + BB",-0.132293022793317,0.690973830087969,0.876084283838089
841,"Banteng","BTG",1,"dist_str + ndvi_cv + slope + BB",-0.132480104176374,0.695788204140102,0.875920365684474
842,"Banteng","BTG",1,"dist_str + ndvi_cv + slope + BB",-0.148487067201723,0.696133184624657,0.86201117764454
843,"Banteng","BTG",1,"dist_str + ndvi_cv + slope + BB",-0.177186827980725,0.697356347535249,0.837623284352812
844,"Banteng","BTG",1,"dist_str + ndvi_cv + slope + BB",-0.139816903607405,0.693966379948846,0.869517432078073
845,"Banteng","BTG",1,"dist_str + ndvi_cv + slope + BB",-0.158341008571032,0.694023275058647,0.853558662825371
846,"Banteng","BTG",1,"dist_str + ndvi_cv + slope + BB",-0.137915595324413,0.704080606336745,0.871172270836669
847,"Banteng","BTG",1,"dist_str + ndvi_cv + slope + BB",-0.135456936283983,0.73101753189285,0.873316770425444
848,"Banteng","BTG",1,"dist_str + ndvi_cv + slope + BB",-0.127725483350968,0.730307461735937,0.880094977272622
849,"Banteng","BTG",1,"dist_str + ndvi_cv + slope + BB",-0.100096424705224,0.743642877169948,0.904750177222858
850,"Banteng","BTG",1,"dist_str + ndvi_cv + slope + BB",-0.105090335083647,0.77213728309714,0.900243196869072
851,"Banteng","BTG",1,"dist_str + ndvi_cv + slope + BB",-0.0788784645303479,0.784492225631437,0.924152250284398
852,"Banteng","BTG",1,"dist_str + ndvi_cv + slope + BB",-0.0779948987792046,0.787500104516857,0.924969341999397
853,"Banteng","BTG",1,"dist_str + ndvi_cv + slope + BB",-0.0606947839557793,0.803683429549219,0.94111051505772
854,"Banteng","BTG",1,"dist_str + ndvi_cv + slope + BB",-0.0481243659549112,0.810110731559033,0.953015295499459
855,"Banteng","BTG",1,"dist_str + ndvi_cv + slope + BB",-0.0387257495443918,0.825435917178981,0.962014560945437
856,"Banteng","BTG",1,"dist_str + ndvi_cv + slope + BB",-0.0135127188913786,0.84078178932911,0.986578192458236
857,"Banteng","BTG",1,"dist_str + ndvi_cv + slope + BB",0.00216104866059151,0.834698665045407,1.00216338736196
858,"Banteng","BTG",1,"dist_str + ndvi_cv + slope + BB",0.0171242283345159,0.851054121979874,1.0172716963205
859,"Banteng","BTG",1,"dist_str + ndvi_cv + slope + BB",0.0124998700596134,0.867387605350908,1.01257832066251
860,"Banteng","BTG",1,"dist_str + ndvi_cv + slope + BB",0.0458684795288962,0.884052610141967,1.04693671088446
861,"Banteng","BTG",1,"dist_str + ndvi_cv + slope + BB",0.0512025286246481,0.894326100812911,1.05253614603258
862,"Banteng","BTG",1,"dist_str + ndvi_cv + slope + BB",0.0600897857959992,0.935466764097479,1.06193189817579
863,"Banteng","BTG",1,"dist_str + ndvi_cv + slope + BB",0.0766411080505304,0.970463183394535,1.07965453535002
864,"Banteng","BTG",1,"dist_str + ndvi_cv + slope + BB",0.0696724338343174,1.01376153679144,1.07215692497495
865,"Banteng","BTG",1,"dist_str + ndvi_cv + slope + BB",-0.465218082196393,0.978940878240153,0.627998142574011
866,"Banteng","BTG",1,"dist_str + ndvi_cv + slope + BB",-0.472487895536802,0.889027280010892,0.623449268116259
867,"Banteng","BTG",1,"dist_str + ndvi_cv + slope + BB",-0.450236342890182,0.856939214721891,0.637477501517895
868,"Banteng","BTG",1,"dist_str + ndvi_cv + slope + BB",-0.448229512520465,0.830390674752695,0.638758075612044
869,"Banteng","BTG",1,"dist_str + ndvi_cv + slope + BB",-0.420810102344885,0.817944572007616,0.656514760482881
870,"Banteng","BTG",1,"dist_str + ndvi_cv + slope + BB",-0.4001791754259,0.794059344546462,0.670199952844681
871,"Banteng","BTG",1,"dist_str + ndvi_cv + slope + BB",-0.396505781757853,0.778441852264553,0.672666392205342
872,"Banteng","BTG",1,"dist_str + ndvi_cv + slope + BB",-0.385953343533272,0.769372214354245,0.679802249466205
873,"Banteng","BTG",1,"dist_str + ndvi_cv + slope + BB",-0.366272524443237,0.75921684655781,0.693313860708744
874,"Banteng","BTG",1,"dist_str + ndvi_cv + slope + BB",-0.340876610864001,0.742279500467578,0.711146650599375
875,"Banteng","BTG",1,"dist_str + ndvi_cv + slope + BB",-0.326084637166759,0.746621553995094,0.721744099033743
876,"Banteng","BTG",1,"dist_str + ndvi_cv + slope + BB",-0.28192831632368,0.734244012593329,0.754327759004507
877,"Banteng","BTG",1,"dist_str + ndvi_cv + slope + BB",-0.238375074277345,0.724064334880005,0.787907113468817
878,"Banteng","BTG",1,"dist_str + ndvi_cv + slope + BB",-0.159494832201971,0.704849042325095,0.852574426751069
879,"Banteng","BTG",1,"dist_str + ndvi_cv + slope + BB",-0.0622397223407947,0.688624893279968,0.939657659906519
880,"Banteng","BTG",1,"dist_str + ndvi_cv + slope + BB",0.037132083364189,0.685653286938206,1.03783010099401
881,"Banteng","BTG",1,"dist_str + ndvi_cv + slope + BB",0.0518552913430323,0.675580681174412,1.0532233375575
882,"Banteng","BTG",1,"dist_str + ndvi_cv + slope + BB",-0.00270453906335528,0.679627002428568,0.997299132207668
883,"Banteng","BTG",1,"dist_str + ndvi_cv + slope + BB",-0.0772999204299858,0.695712153060176,0.92561220221455
884,"Banteng","BTG",1,"dist_str + ndvi_cv + slope + BB",-0.101129352511142,0.692935086638119,0.903816116965092
885,"Banteng","BTG",1,"dist_str + ndvi_cv + slope + BB",-0.114494923286263,0.697137743041836,0.891816469829063
886,"Banteng","BTG",1,"dist_str + ndvi_cv + slope + BB",-0.126320360196244,0.691807576825759,0.881332459232691
887,"Banteng","BTG",1,"dist_str + ndvi_cv + slope + BB",-0.127690983205823,0.678749555941,0.88012535696414
888,"Banteng","BTG",1,"dist_str + ndvi_cv + slope + BB",-0.139421624151615,0.687041528335649,0.869861198025891
889,"Banteng","BTG",1,"dist_str + ndvi_cv + slope + BB",-0.127454803956889,0.699679465008648,0.880333202541001
890,"Banteng","BTG",1,"dist_str + ndvi_cv + slope + BB",-0.12456752675509,0.720426505729535,0.882878645677226
891,"Banteng","BTG",1,"dist_str + ndvi_cv + slope + BB",-0.11589420552442,0.726595867384062,0.89056944489247
892,"Banteng","BTG",1,"dist_str + ndvi_cv + slope + BB",-0.138003658831733,0.736624165822438,0.87109554040739
893,"Banteng","BTG",1,"dist_str + ndvi_cv + slope + BB",-0.0894680650192937,0.750177252779966,0.914417466658324
894,"Banteng","BTG",1,"dist_str + ndvi_cv + slope + BB",-0.0620687533269437,0.769939642577029,0.939818272278149
895,"Banteng","BTG",1,"dist_str + ndvi_cv + slope + BB",-0.048796771524782,0.790221794943747,0.952374659736595
896,"Banteng","BTG",1,"dist_str + ndvi_cv + slope + BB",-0.0549303568179,0.802543202315972,0.946551080034561
897,"Banteng","BTG",1,"dist_str + ndvi_cv + slope + BB",-0.0181354378446811,0.807693833103159,0.982028020082785
898,"Banteng","BTG",1,"dist_str + ndvi_cv + slope + BB",-0.013351429500571,0.810190150477742,0.986737308742215
899,"Banteng","BTG",1,"dist_str + ndvi_cv + slope + BB",0.00334877796159293,0.82004743271596,1.00335439301252
900,"Banteng","BTG",1,"dist_str + ndvi_cv + slope + BB",0.0136033529273067,0.82427441795651,1.01369630618779
901,"Banteng","BTG",1,"dist_str + ndvi_cv + slope + BB",0.0142442704774159,0.838382235243185,1.01434620513056
902,"Banteng","BTG",1,"dist_str + ndvi_cv + slope + BB",0.0384398061263557,0.847968029552566,1.03918822648919
903,"Banteng","BTG",1,"dist_str + ndvi_cv + slope + BB",0.0293392060357467,0.862752648520524,1.02977384479245
904,"Banteng","BTG",1,"dist_str + ndvi_cv + slope + BB",0.0674046041681186,0.880605910193406,1.06972896886023
905,"Banteng","BTG",1,"dist_str + ndvi_cv + slope + BB",0.063061524378351,0.89387051206789,1.06509252237962
906,"Banteng","BTG",1,"dist_str + ndvi_cv + slope + BB",0.0655190433756658,0.929873854442683,1.06771307005318
907,"Banteng","BTG",1,"dist_str + ndvi_cv + slope + BB",0.0763039541086597,0.975034995808542,1.07929058866642
908,"Banteng","BTG",1,"dist_str + ndvi_cv + slope + BB",0.0635104172720257,1.07743239500317,1.06557063805136
909,"Banteng","BTG",1,"dist_str + ndvi_cv + slope + BB",-0.438653479359611,1.00976646905958,0.644904213590619
910,"Banteng","BTG",1,"dist_str + ndvi_cv + slope + BB",-0.447174672760156,0.901966311255321,0.639432207702027
911,"Banteng","BTG",1,"dist_str + ndvi_cv + slope + BB",-0.430542990801379,0.870164428338984,0.650155971464111
912,"Banteng","BTG",1,"dist_str + ndvi_cv + slope + BB",-0.40109551876727,0.842920326765999,0.669586103675058
913,"Banteng","BTG",1,"dist_str + ndvi_cv + slope + BB",-0.407860261981696,0.819614252098096,0.665071808146094
914,"Banteng","BTG",1,"dist_str + ndvi_cv + slope + BB",-0.40146420879863,0.797471336670404,0.669339652612899
915,"Banteng","BTG",1,"dist_str + ndvi_cv + slope + BB",-0.391993472318088,0.784153197482515,0.67570853468477
916,"Banteng","BTG",1,"dist_str + ndvi_cv + slope + BB",-0.375824402628642,0.777540303615893,0.686722909280829
917,"Banteng","BTG",1,"dist_str + ndvi_cv + slope + BB",-0.341028136571092,0.764870846276677,0.711038907790224
918,"Banteng","BTG",1,"dist_str + ndvi_cv + slope + BB",-0.343110962750989,0.756154120307815,0.709559473570482
919,"Banteng","BTG",1,"dist_str + ndvi_cv + slope + BB",-0.29028227398619,0.752648681645547,0.748052518648316
920,"Banteng","BTG",1,"dist_str + ndvi_cv + slope + BB",-0.253950206467505,0.732430990758775,0.775730432091612
921,"Banteng","BTG",1,"dist_str + ndvi_cv + slope + BB",-0.187831847947382,0.721380773958974,0.828754052792906
922,"Banteng","BTG",1,"dist_str + ndvi_cv + slope + BB",-0.122229298774297,0.705569059824916,0.884945436160735
923,"Banteng","BTG",1,"dist_str + ndvi_cv + slope + BB",0.0142246368341331,0.686577688688662,1.01432633560863
924,"Banteng","BTG",1,"dist_str + ndvi_cv + slope + BB",0.328223231572906,0.640930264451253,1.38849889536608
925,"Banteng","BTG",1,"dist_str + ndvi_cv + slope + BB",0.323187515677009,0.636480315231813,1.38152438698437
926,"Banteng","BTG",1,"dist_str + ndvi_cv + slope + BB",0.0622534067135545,0.676960674531196,1.06423209417586
927,"Banteng","BTG",1,"dist_str + ndvi_cv + slope + BB",-0.0228080238488329,0.691462040919362,0.97745011873147
928,"Banteng","BTG",1,"dist_str + ndvi_cv + slope + BB",-0.0682414322278526,0.692436969827765,0.934034942295744
929,"Banteng","BTG",1,"dist_str + ndvi_cv + slope + BB",-0.0984743490177662,0.688638938714129,0.90621893772256
930,"Banteng","BTG",1,"dist_str + ndvi_cv + slope + BB",-0.111268517746747,0.683159186907052,0.894698474325623
931,"Banteng","BTG",1,"dist_str + ndvi_cv + slope + BB",-0.0872230280978617,0.667237129066521,0.916472679161164
932,"Banteng","BTG",1,"dist_str + ndvi_cv + slope + BB",-0.0931746611185887,0.588414251963245,0.911034377772287
933,"Banteng","BTG",1,"dist_str + ndvi_cv + slope + BB",-0.111771043990436,0.69122181991642,0.894248981457797
934,"Banteng","BTG",1,"dist_str + ndvi_cv + slope + BB",-0.120564899417938,0.71541672087026,0.88641957389928
935,"Banteng","BTG",1,"dist_str + ndvi_cv + slope + BB",-0.116013309108654,0.735644536062459,0.890463375196774
936,"Banteng","BTG",1,"dist_str + ndvi_cv + slope + BB",-0.103005414103461,0.741893192084901,0.902122089298493
937,"Banteng","BTG",1,"dist_str + ndvi_cv + slope + BB",-0.0762926806076891,0.766987836094683,0.926544992579735
938,"Banteng","BTG",1,"dist_str + ndvi_cv + slope + BB",-0.0629969726665314,0.77062875221394,0.938946323040898
939,"Banteng","BTG",1,"dist_str + ndvi_cv + slope + BB",-0.0544733928939785,0.777357854763982,0.946983705052689
940,"Banteng","BTG",1,"dist_str + ndvi_cv + slope + BB",-0.0494336124370425,0.791423804637917,0.951768341668517
941,"Banteng","BTG",1,"dist_str + ndvi_cv + slope + BB",-0.00261245320272461,0.798857690008765,0.997390976296766
942,"Banteng","BTG",1,"dist_str + ndvi_cv + slope + BB",0.00334474233820605,0.805497369167797,1.00335034602874
943,"Banteng","BTG",1,"dist_str + ndvi_cv + slope + BB",0.0046683548689072,0.814277036311689,1.0046792789725
944,"Banteng","BTG",1,"dist_str + ndvi_cv + slope + BB",0.0286457856235312,0.820770173807903,1.02906002614989
945,"Banteng","BTG",1,"dist_str + ndvi_cv + slope + BB",0.0150222272642471,0.824902653937632,1.01513578996714
946,"Banteng","BTG",1,"dist_str + ndvi_cv + slope + BB",0.037138309542999,0.846331807288721,1.03783655363236
947,"Banteng","BTG",1,"dist_str + ndvi_cv + slope + BB",0.062406346787776,0.859322552892282,1.06439477064929
948,"Banteng","BTG",1,"dist_str + ndvi_cv + slope + BB",0.0709290381391161,0.849938891445528,1.07350505445733
949,"Banteng","BTG",1,"dist_str + ndvi_cv + slope + BB",0.0763950119193646,0.874604809214192,1.07938893408551
950,"Banteng","BTG",1,"dist_str + ndvi_cv + slope + BB",0.0703916511962204,0.897587815582905,1.07292838406228
951,"Banteng","BTG",1,"dist_str + ndvi_cv + slope + BB",0.0498872758572327,0.92302454007212,1.05115260574138
952,"Banteng","BTG",1,"dist_str + ndvi_cv + slope + BB",0.092796067495731,0.978775751493779,1.09723795081388
953,"Banteng","BTG",1,"dist_str + ndvi_cv + slope + BB",0.100718309843777,1.25635707700754,1.10596506887705
954,"Banteng","BTG",1,"dist_str + ndvi_cv + slope + BB",0.0770567809720749,1.28957305685756,1.08010447074485
955,"Banteng","BTG",1,"dist_str + ndvi_cv + slope + BB",-0.42998053209342,1.0834556487827,0.650521947903164
956,"Banteng","BTG",1,"dist_str + ndvi_cv + slope + BB",-0.410042553459776,0.935412214904429,0.663622017855053
957,"Banteng","BTG",1,"dist_str + ndvi_cv + slope + BB",-0.400544945810528,0.874991280444938,0.669954860291155
958,"Banteng","BTG",1,"dist_str + ndvi_cv + slope + BB",-0.398229461750141,0.838252059399196,0.671507943002696
959,"Banteng","BTG",1,"dist_str + ndvi_cv + slope + BB",-0.378943411105836,0.814035127080218,0.684584364780779
960,"Banteng","BTG",1,"dist_str + ndvi_cv + slope + BB",-0.382784257663233,0.789694836993445,0.681960011094053
961,"Banteng","BTG",1,"dist_str + ndvi_cv + slope + BB",-0.350223988338228,0.794894088754502,0.704530268112572
962,"Banteng","BTG",1,"dist_str + ndvi_cv + slope + BB",-0.356489441972921,0.770729006869011,0.700129988190378
963,"Banteng","BTG",1,"dist_str + ndvi_cv + slope + BB",-0.335296863776081,0.7630365751186,0.715125767868708
964,"Banteng","BTG",1,"dist_str + ndvi_cv + slope + BB",-0.296330755317614,0.756040368081519,0.74354146525311
965,"Banteng","BTG",1,"dist_str + ndvi_cv + slope + BB",-0.275627024796534,0.744559313090788,0.759096007457986
966,"Banteng","BTG",1,"dist_str + ndvi_cv + slope + BB",-0.203813731419645,0.759486464337787,0.815614313771793
967,"Banteng","BTG",1,"dist_str + ndvi_cv + slope + BB",-0.159057535738173,0.724739073062666,0.852947282808785
968,"Banteng","BTG",1,"dist_str + ndvi_cv + slope + BB",-0.0903790892344532,0.705544654077116,0.913584851181482
969,"Banteng","BTG",1,"dist_str + ndvi_cv + slope + BB",0.0287691393348295,0.677966473857951,1.02918696838887
970,"Banteng","BTG",1,"dist_str + ndvi_cv + slope + BB",0.200042483271073,0.666522760066942,1.2214547636616
971,"Banteng","BTG",1,"dist_str + ndvi_cv + slope + BB",0.279191233867175,0.650873279570869,1.32206014437356
972,"Banteng","BTG",1,"dist_str + ndvi_cv + slope + BB",0.0847393420450608,0.669132699354957,1.08843332169873
973,"Banteng","BTG",1,"dist_str + ndvi_cv + slope + BB",-0.00394194442455066,0.688245955800428,0.996065815255734
974,"Banteng","BTG",1,"dist_str + ndvi_cv + slope + BB",-0.0538553126732463,0.687554452852004,0.947569224796118
975,"Banteng","BTG",1,"dist_str + ndvi_cv + slope + BB",-0.0760523105102582,0.690470900692362,0.926767729657671
976,"Banteng","BTG",1,"dist_str + ndvi_cv + slope + BB",-0.0868818008421232,0.696965118108623,0.9167854553556
977,"Banteng","BTG",1,"dist_str + ndvi_cv + slope + BB",-0.0923897977901854,0.67539250916934,0.911749685016462
978,"Banteng","BTG",1,"dist_str + ndvi_cv + slope + BB",-0.112199111141364,0.673823592483175,0.893866261909104
979,"Banteng","BTG",1,"dist_str + ndvi_cv + slope + BB",-0.0897533853715379,0.701338383824941,0.914156607008406
980,"Banteng","BTG",1,"dist_str + ndvi_cv + slope + BB",-0.105206762524718,0.709130360720168,0.900138389543839
981,"Banteng","BTG",1,"dist_str + ndvi_cv + slope + BB",-0.0940630369386511,0.732914874034471,0.910225395483681
982,"Banteng","BTG",1,"dist_str + ndvi_cv + slope + BB",-0.0885308150522827,0.737652329664958,0.915274910874806
983,"Banteng","BTG",1,"dist_str + ndvi_cv + slope + BB",-0.0648880528434678,0.744267309795918,0.937172426125345
984,"Banteng","BTG",1,"dist_str + ndvi_cv + slope + BB",-0.0536627385764256,0.756702327018684,0.947751730838069
985,"Banteng","BTG",1,"dist_str + ndvi_cv + slope + BB",-0.0324211413571862,0.778769232288437,0.968098790610404
986,"Banteng","BTG",1,"dist_str + ndvi_cv + slope + BB",-0.0223333865423792,0.776535786517931,0.977914228735895
987,"Banteng","BTG",1,"dist_str + ndvi_cv + slope + BB",-0.00320534550274237,0.789385535659664,0.996799792139138
988,"Banteng","BTG",1,"dist_str + ndvi_cv + slope + BB",-0.00435616179467549,0.793294817011152,0.99565351391477
989,"Banteng","BTG",1,"dist_str + ndvi_cv + slope + BB",0.0105679401167855,0.804438594528572,1.01062397909894
990,"Banteng","BTG",1,"dist_str + ndvi_cv + slope + BB",0.0356472694737378,0.816683545953426,1.03629038228096
991,"Banteng","BTG",1,"dist_str + ndvi_cv + slope + BB",0.0541952972922303,0.826399245677869,1.05569076157651
992,"Banteng","BTG",1,"dist_str + ndvi_cv + slope + BB",0.0434238194604264,0.830719750556849,1.0443804330359
993,"Banteng","BTG",1,"dist_str + ndvi_cv + slope + BB",0.0698613470167535,0.84317106675286,1.07235953902547
994,"Banteng","BTG",1,"dist_str + ndvi_cv + slope + BB",0.0732402064657759,0.859126114575072,1.07598896538431
995,"Banteng","BTG",1,"dist_str + ndvi_cv + slope + BB",0.0659108289031093,0.871359122330954,1.06813147054291
996,"Banteng","BTG",1,"dist_str + ndvi_cv + slope + BB",0.0710859741992803,0.884952545486886,1.07367370123646
997,"Banteng","BTG",1,"dist_str + ndvi_cv + slope + BB",0.0922825334165243,0.902182581026174,1.09667463739261
998,"Banteng","BTG",1,"dist_str + ndvi_cv + slope + BB",0.0960613708647114,0.935265924121624,1.10082662237015
999,"Banteng","BTG",1,"dist_str + ndvi_cv + slope + BB",0.0988626358828721,0.99170116174044,1.10391468333057
1000,"Banteng","BTG",1,"dist_str + ndvi_cv + slope + BB",0.0986437898898467,1.08075782396073,1.10367313661808
1001,"Banteng","BTG",1,"dist_str + ndvi_cv + slope + BB",0.0916625059454313,1.12818502119555,1.09599518980656
1002,"Banteng","BTG",1,"dist_str + ndvi_cv + slope + BB",0.0750983976520508,1.17731393676843,1.07799032361731
1003,"Banteng","BTG",1,"dist_str + ndvi_cv + slope + BB",0.0834390229241369,1.28972885528507,1.08701906914422
1004,"Banteng","BTG",1,"dist_str + ndvi_cv + slope + BB",-0.383392417173549,0.990287070855372,0.681545396684993
1005,"Banteng","BTG",1,"dist_str + ndvi_cv + slope + BB",-0.39494295459982,0.903792468018653,0.673718507544931
1006,"Banteng","BTG",1,"dist_str + ndvi_cv + slope + BB",-0.363710935481231,0.84682418687665,0.695092094010978
1007,"Banteng","BTG",1,"dist_str + ndvi_cv + slope + BB",-0.363975450268358,0.820703782133166,0.694908254431316
1008,"Banteng","BTG",1,"dist_str + ndvi_cv + slope + BB",-0.350376112997938,0.79985285992434,0.704423281099239
1009,"Banteng","BTG",1,"dist_str + ndvi_cv + slope + BB",-0.3416886817817,0.788894274984311,0.71056940971523
1010,"Banteng","BTG",1,"dist_str + ndvi_cv + slope + BB",-0.340543025424817,0.77212176039517,0.711383918951872
1011,"Banteng","BTG",1,"dist_str + ndvi_cv + slope + BB",-0.324433564553426,0.766485702407146,0.722936784711734
1012,"Banteng","BTG",1,"dist_str + ndvi_cv + slope + BB",-0.28382659396909,0.751230933346876,0.752897190754949
1013,"Banteng","BTG",1,"dist_str + ndvi_cv + slope + BB",-0.258346598326096,0.742274040996683,0.772327505116095
1014,"Banteng","BTG",1,"dist_str + ndvi_cv + slope + BB",-0.205469872666472,0.735746684827677,0.814264638376976
1015,"Banteng","BTG",1,"dist_str + ndvi_cv + slope + BB",-0.161218788357054,0.729222979167704,0.851105839163565
1016,"Banteng","BTG",1,"dist_str + ndvi_cv + slope + BB",-0.101766947615816,0.715357176351765,0.903240043237992
1017,"Banteng","BTG",1,"dist_str + ndvi_cv + slope + BB",-0.0264004238269843,0.696413833623182,0.973945026640509
1018,"Banteng","BTG",1,"dist_str + ndvi_cv + slope + BB",0.0433879444330172,0.688108784906619,1.04434297111768
1019,"Banteng","BTG",1,"dist_str + ndvi_cv + slope + BB",0.0622386112440863,0.67637641178167,1.0642162595498
1020,"Banteng","BTG",1,"dist_str + ndvi_cv + slope + BB",0.0265665148233534,0.688198056953649,1.02692255089077
1021,"Banteng","BTG",1,"dist_str + ndvi_cv + slope + BB",-0.0400637367842408,0.690423854815665,0.960728224125333
1022,"Banteng","BTG",1,"dist_str + ndvi_cv + slope + BB",-0.06393999635873,0.696138644913,0.938061327590849
1023,"Banteng","BTG",1,"dist_str + ndvi_cv + slope + BB",-0.100929452407102,0.690163337425327,0.903996824097546
1024,"Banteng","BTG",1,"dist_str + ndvi_cv + slope + BB",-0.118603239249507,0.692348648818872,0.888160118075986
1025,"Banteng","BTG",1,"dist_str + ndvi_cv + slope + BB",-0.100870852844825,0.70431096481015,0.904049789182495
1026,"Banteng","BTG",1,"dist_str + ndvi_cv + slope + BB",-0.106913922748863,0.686342843588765,0.898603024908784
1027,"Banteng","BTG",1,"dist_str + ndvi_cv + slope + BB",-0.108375599157494,0.703711226711316,0.897290540887739
1028,"Banteng","BTG",1,"dist_str + ndvi_cv + slope + BB",-0.0844727589584456,0.7195200515219,0.918996779633472
1029,"Banteng","BTG",1,"dist_str + ndvi_cv + slope + BB",-0.0893857573372464,0.732360241209155,0.914492735678472
1030,"Banteng","BTG",1,"dist_str + ndvi_cv + slope + BB",-0.0655456156099653,0.745137362537969,0.936556425197697
1031,"Banteng","BTG",1,"dist_str + ndvi_cv + slope + BB",-0.0539264341982617,0.740878186512484,0.947501859349494
1032,"Banteng","BTG",1,"dist_str + ndvi_cv + slope + BB",-0.0390931288228726,0.754414260410673,0.961661147217536
1033,"Banteng","BTG",1,"dist_str + ndvi_cv + slope + BB",-0.00802064471676032,0.768187367365947,0.992011480517745
1034,"Banteng","BTG",1,"dist_str + ndvi_cv + slope + BB",-0.00812144068060764,0.765843241989843,0.991911473234555
1035,"Banteng","BTG",1,"dist_str + ndvi_cv + slope + BB",-0.00284883753123709,0.795626651208547,0.997155241439229
1036,"Banteng","BTG",1,"dist_str + ndvi_cv + slope + BB",0.0334118500688254,0.796813602560472,1.03397631826938
1037,"Banteng","BTG",1,"dist_str + ndvi_cv + slope + BB",0.0241563635928978,0.798302739047625,1.02445049517401
1038,"Banteng","BTG",1,"dist_str + ndvi_cv + slope + BB",0.064937938012039,0.802910721503911,1.06709309097715
1039,"Banteng","BTG",1,"dist_str + ndvi_cv + slope + BB",0.0523843692122037,0.811449799276368,1.05378073246578
1040,"Banteng","BTG",1,"dist_str + ndvi_cv + slope + BB",0.0570401441952712,0.814119903781787,1.05869831341296
1041,"Banteng","BTG",1,"dist_str + ndvi_cv + slope + BB",0.0966375673866946,0.828927553580766,1.10146111902946
1042,"Banteng","BTG",1,"dist_str + ndvi_cv + slope + BB",0.0700498129035244,0.845243330710111,1.07256168433855
1043,"Banteng","BTG",1,"dist_str + ndvi_cv + slope + BB",0.0994934099052578,0.870196356724075,1.10461119125635
1044,"Banteng","BTG",1,"dist_str + ndvi_cv + slope + BB",0.0722627583238197,0.876003056277897,1.07493789375575
1045,"Banteng","BTG",1,"dist_str + ndvi_cv + slope + BB",0.0911479459124617,0.896440398797283,1.09543105825807
1046,"Banteng","BTG",1,"dist_str + ndvi_cv + slope + BB",0.101095090378506,0.917558504989092,1.10638184450607
1047,"Banteng","BTG",1,"dist_str + ndvi_cv + slope + BB",0.0930079363621502,0.949732927676157,1.09747048871511
1048,"Banteng","BTG",1,"dist_str + ndvi_cv + slope + BB",0.0943735891223993,1.00982474560633,1.0989702659301
1049,"Banteng","BTG",1,"dist_str + ndvi_cv + slope + BB",0.0988915726201529,1.06143038215241,1.10394660015535
1050,"Banteng","BTG",1,"dist_str + ndvi_cv + slope + BB",0.0764950721749614,1.11646841495293,1.0794969119953
1051,"Banteng","BTG",1,"dist_str + ndvi_cv + slope + BB",0.0998802314012351,1.2224506561547,1.10503885701
1052,"Banteng","BTG",1,"dist_str + ndvi_cv + slope + BB",-0.368226843548354,0.920642413952643,0.69196036739317
1053,"Banteng","BTG",1,"dist_str + ndvi_cv + slope + BB",-0.349712188966217,0.84073415663873,0.704890996658772
1054,"Banteng","BTG",1,"dist_str + ndvi_cv + slope + BB",-0.347069241985785,0.820156560453912,0.706756427518993
1055,"Banteng","BTG",1,"dist_str + ndvi_cv + slope + BB",-0.335232587342028,0.801198028019514,0.715171727121054
1056,"Banteng","BTG",1,"dist_str + ndvi_cv + slope + BB",-0.334237826383009,0.790491448988381,0.715883506050827
1057,"Banteng","BTG",1,"dist_str + ndvi_cv + slope + BB",-0.307794848450513,0.773408722031872,0.735066114555168
1058,"Banteng","BTG",1,"dist_str + ndvi_cv + slope + BB",-0.290725897841602,0.769220581477071,0.747720604023209
1059,"Banteng","BTG",1,"dist_str + ndvi_cv + slope + BB",-0.276581762148755,0.750578366689276,0.758371630280132
1060,"Banteng","BTG",1,"dist_str + ndvi_cv + slope + BB",-0.248114534321643,0.741280096818538,0.780270583730907
1061,"Banteng","BTG",1,"dist_str + ndvi_cv + slope + BB",-0.219155162932043,0.739452311246396,0.803197082676122
1062,"Banteng","BTG",1,"dist_str + ndvi_cv + slope + BB",-0.176584027521096,0.718968177789654,0.838128379209061
1063,"Banteng","BTG",1,"dist_str + ndvi_cv + slope + BB",-0.143385849694831,0.717336450336016,0.866419800434529
1064,"Banteng","BTG",1,"dist_str + ndvi_cv + slope + BB",-0.107640312295925,0.707131987006,0.897950542290209
1065,"Banteng","BTG",1,"dist_str + ndvi_cv + slope + BB",-0.0511857289461351,0.702250267470811,0.950102192904865
1066,"Banteng","BTG",1,"dist_str + ndvi_cv + slope + BB",-0.0380713906904055,0.70288938683762,0.962644215898939
1067,"Banteng","BTG",1,"dist_str + ndvi_cv + slope + BB",-0.036327324760826,0.69158663134988,0.964324603106178
1068,"Banteng","BTG",1,"dist_str + ndvi_cv + slope + BB",-0.0671830503399635,0.696137819560334,0.93502403050019
1069,"Banteng","BTG",1,"dist_str + ndvi_cv + slope + BB",-0.100820065738697,0.70252893613466,0.904095696282891
1070,"Banteng","BTG",1,"dist_str + ndvi_cv + slope + BB",-0.100786197083285,0.701480281970403,0.90412631923402
1071,"Banteng","BTG",1,"dist_str + ndvi_cv + slope + BB",-0.103093247973987,0.705300698402454,0.902042858156003
1072,"Banteng","BTG",1,"dist_str + ndvi_cv + slope + BB",-0.116462039670741,0.706706417572283,0.890063895969374
1073,"Banteng","BTG",1,"dist_str + ndvi_cv + slope + BB",-0.113683309484289,0.707933939631927,0.892540571865567
1074,"Banteng","BTG",1,"dist_str + ndvi_cv + slope + BB",-0.087922918527832,0.722091062893023,0.915831468624005
1075,"Banteng","BTG",1,"dist_str + ndvi_cv + slope + BB",-0.102337133753195,0.72184471296259,0.902725161286618
1076,"Banteng","BTG",1,"dist_str + ndvi_cv + slope + BB",-0.0805729880370923,0.71593684513027,0.9225876110629
1077,"Banteng","BTG",1,"dist_str + ndvi_cv + slope + BB",-0.0523793984508488,0.733179161145107,0.948968793765925
1078,"Banteng","BTG",1,"dist_str + ndvi_cv + slope + BB",-0.0329444524351499,0.745675007302996,0.967592312837412
1079,"Banteng","BTG",1,"dist_str + ndvi_cv + slope + BB",-0.0163833133903878,0.751260778235996,0.983750170795253
1080,"Banteng","BTG",1,"dist_str + ndvi_cv + slope + BB",-0.00846765883614201,0.759980439277662,0.991568114492129
1081,"Banteng","BTG",1,"dist_str + ndvi_cv + slope + BB",-0.0229067365108004,0.756116798128383,0.977353634395388
1082,"Banteng","BTG",1,"dist_str + ndvi_cv + slope + BB",0.0156178311126281,0.785404836056401,1.01574043606303
1083,"Banteng","BTG",1,"dist_str + ndvi_cv + slope + BB",0.029067321407428,0.780839837211445,1.02949391185457
1084,"Banteng","BTG",1,"dist_str + ndvi_cv + slope + BB",0.0549658441519505,0.794990934053357,1.05650458349284
1085,"Banteng","BTG",1,"dist_str + ndvi_cv + slope + BB",0.0750549881678321,0.797315483994596,1.07794380059418
1086,"Banteng","BTG",1,"dist_str + ndvi_cv + slope + BB",0.0863835328263415,0.802192892850636,1.09022439024266
1087,"Banteng","BTG",1,"dist_str + ndvi_cv + slope + BB",0.0716622869701613,0.807282333233018,1.07429249068043
1088,"Banteng","BTG",1,"dist_str + ndvi_cv + slope + BB",0.090229631718733,0.823988670491561,1.09442575987461
1089,"Banteng","BTG",1,"dist_str + ndvi_cv + slope + BB",0.106703106944005,0.839248358352654,1.1126038893136
1090,"Banteng","BTG",1,"dist_str + ndvi_cv + slope + BB",0.0988629434301969,0.837366560666946,1.10391505279467
1091,"Banteng","BTG",1,"dist_str + ndvi_cv + slope + BB",0.0928988891790829,0.873103399331299,1.0973509046265
1092,"Banteng","BTG",1,"dist_str + ndvi_cv + slope + BB",0.0917252470136628,0.88424708151937,1.09606548858424
1093,"Banteng","BTG",1,"dist_str + ndvi_cv + slope + BB",0.144943910646341,0.905726139780674,1.15597473260332
1094,"Banteng","BTG",1,"dist_str + ndvi_cv + slope + BB",0.115545745125367,0.928479025417247,1.12248586747949
1095,"Banteng","BTG",1,"dist_str + ndvi_cv + slope + BB",0.106962138831828,0.970171711052002,1.11289211864431
1096,"Banteng","BTG",1,"dist_str + ndvi_cv + slope + BB",0.0987345366903404,1.02108116837857,1.10377327990801
1097,"Banteng","BTG",1,"dist_str + ndvi_cv + slope + BB",0.0835958759054237,1.09332732437738,1.08718952398678
1098,"Banteng","BTG",1,"dist_str + ndvi_cv + slope + BB",0.0794403326644313,1.2121795440927,1.08268116397934
1099,"Banteng","BTG",1,"dist_str + ndvi_cv + slope + BB",-0.333894508114136,0.943949767803446,0.716129326316594
1100,"Banteng","BTG",1,"dist_str + ndvi_cv + slope + BB",-0.31773575574619,0.848302350648561,0.727795078988381
1101,"Banteng","BTG",1,"dist_str + ndvi_cv + slope + BB",-0.320909193468916,0.815928515484752,0.725489136052684
1102,"Banteng","BTG",1,"dist_str + ndvi_cv + slope + BB",-0.322171196681987,0.80779942986351,0.724574135060132
1103,"Banteng","BTG",1,"dist_str + ndvi_cv + slope + BB",-0.304503910362576,0.800967381581934,0.737489168395685
1104,"Banteng","BTG",1,"dist_str + ndvi_cv + slope + BB",-0.294710476533086,0.777726803474946,0.744747180479808
1105,"Banteng","BTG",1,"dist_str + ndvi_cv + slope + BB",-0.285228172612649,0.756354123238138,0.751842690470018
1106,"Banteng","BTG",1,"dist_str + ndvi_cv + slope + BB",-0.240952048558108,0.752496144827199,0.785879311331183
1107,"Banteng","BTG",1,"dist_str + ndvi_cv + slope + BB",-0.252091526907894,0.742265019139606,0.777173602679309
1108,"Banteng","BTG",1,"dist_str + ndvi_cv + slope + BB",-0.247331956154265,0.737944790993404,0.780881437404169
1109,"Banteng","BTG",1,"dist_str + ndvi_cv + slope + BB",-0.226563537078356,0.726605680150456,0.797268689712136
1110,"Banteng","BTG",1,"dist_str + ndvi_cv + slope + BB",-0.201835003406079,0.714412423295809,0.817229772586431
1111,"Banteng","BTG",1,"dist_str + ndvi_cv + slope + BB",-0.161120646369398,0.699495623015577,0.851189372021555
1112,"Banteng","BTG",1,"dist_str + ndvi_cv + slope + BB",-0.125153031153725,0.711100057664514,0.882361866444061
1113,"Banteng","BTG",1,"dist_str + ndvi_cv + slope + BB",-0.0866832755198697,0.706249503634719,0.916967477450433
1114,"Banteng","BTG",1,"dist_str + ndvi_cv + slope + BB",-0.10542531423536,0.695993196464942,0.899941683219917
1115,"Banteng","BTG",1,"dist_str + ndvi_cv + slope + BB",-0.132866102305281,0.699607288902688,0.875582328510528
1116,"Banteng","BTG",1,"dist_str + ndvi_cv + slope + BB",-0.134998520137162,0.695425006010451,0.873717239669349
1117,"Banteng","BTG",1,"dist_str + ndvi_cv + slope + BB",-0.137157007061376,0.693431454089879,0.871833357894281
1118,"Banteng","BTG",1,"dist_str + ndvi_cv + slope + BB",-0.139341330987905,0.697403198203151,0.869931054995979
1119,"Banteng","BTG",1,"dist_str + ndvi_cv + slope + BB",-0.130049119354453,0.702398058844749,0.878052302863515
1120,"Banteng","BTG",1,"dist_str + ndvi_cv + slope + BB",-0.112618328892655,0.70443065095955,0.893491617240089
1121,"Banteng","BTG",1,"dist_str + ndvi_cv + slope + BB",-0.0905339940786619,0.703269258510468,0.91344328680478
1122,"Banteng","BTG",1,"dist_str + ndvi_cv + slope + BB",-0.0907968388927503,0.723331714551493,0.913203244146527
1123,"Banteng","BTG",1,"dist_str + ndvi_cv + slope + BB",-0.0705488722052651,0.734037717248949,0.931882203116914
1124,"Banteng","BTG",1,"dist_str + ndvi_cv + slope + BB",-0.050664395163976,0.724179111240054,0.950597642259692
1125,"Banteng","BTG",1,"dist_str + ndvi_cv + slope + BB",-0.0303933965075054,0.736543727227924,0.970063841085848
1126,"Banteng","BTG",1,"dist_str + ndvi_cv + slope + BB",-0.0231014752599385,0.746043808940199,0.9771633208401
1127,"Banteng","BTG",1,"dist_str + ndvi_cv + slope + BB",-0.0176722867424922,0.755970605990853,0.982482952656608
1128,"Banteng","BTG",1,"dist_str + ndvi_cv + slope + BB",0.00507373514120051,0.753011254389635,1.00508667244738
1129,"Banteng","BTG",1,"dist_str + ndvi_cv + slope + BB",0.0209014920125674,0.770326934663888,1.02112145935101
1130,"Banteng","BTG",1,"dist_str + ndvi_cv + slope + BB",0.0379022175366571,0.761927735931821,1.03862967988715
1131,"Banteng","BTG",1,"dist_str + ndvi_cv + slope + BB",0.0740262769798501,0.790639675992806,1.07683512154513
1132,"Banteng","BTG",1,"dist_str + ndvi_cv + slope + BB",0.0963847711064724,0.792104261271055,1.10118276113194
1133,"Banteng","BTG",1,"dist_str + ndvi_cv + slope + BB",0.0825228736754857,0.800467935968524,1.08602353014614
1134,"Banteng","BTG",1,"dist_str + ndvi_cv + slope + BB",0.0977908952398677,0.802029780049652,1.10273217791095
1135,"Banteng","BTG",1,"dist_str + ndvi_cv + slope + BB",0.1170547531272,0.814652206832382,1.12418098111466
1136,"Banteng","BTG",1,"dist_str + ndvi_cv + slope + BB",0.123251923763459,0.824889253883011,1.13116939075134
1137,"Banteng","BTG",1,"dist_str + ndvi_cv + slope + BB",0.112380998972846,0.844870249045057,1.11893918985898
1138,"Banteng","BTG",1,"dist_str + ndvi_cv + slope + BB",0.0985401118447683,0.867413921424368,1.10355867234348
1139,"Banteng","BTG",1,"dist_str + ndvi_cv + slope + BB",0.134972722917481,0.873451083763895,1.14450556525918
1140,"Banteng","BTG",1,"dist_str + ndvi_cv + slope + BB",0.143291339085427,0.897598431159919,1.1540660998695
1141,"Banteng","BTG",1,"dist_str + ndvi_cv + slope + BB",0.116341872853806,0.920727289635016,1.12337986703868
1142,"Banteng","BTG",1,"dist_str + ndvi_cv + slope + BB",0.129435834906639,0.950139755557497,1.13818608149483
1143,"Banteng","BTG",1,"dist_str + ndvi_cv + slope + BB",0.107224968774351,1.010381857064,1.11318465959349
1144,"Banteng","BTG",1,"dist_str + ndvi_cv + slope + BB",0.0833859201609962,1.12116406250293,1.08696121034343
1145,"Banteng","BTG",1,"dist_str + ndvi_cv + slope + BB",0.0609155823168956,1.32889277703814,1.06280924365534
1146,"Banteng","BTG",1,"dist_str + ndvi_cv + slope + BB",-0.315767902947585,1.16047916995291,0.729228758471359
1147,"Banteng","BTG",1,"dist_str + ndvi_cv + slope + BB",-0.313578695023124,0.951995955108933,0.730826881293237
1148,"Banteng","BTG",1,"dist_str + ndvi_cv + slope + BB",-0.306058632426266,0.85809692950639,0.736343449018102
1149,"Banteng","BTG",1,"dist_str + ndvi_cv + slope + BB",-0.30408568012859,0.82926239466096,0.737797649420586
1150,"Banteng","BTG",1,"dist_str + ndvi_cv + slope + BB",-0.312923768630367,0.813880366574083,0.731305889900149
1151,"Banteng","BTG",1,"dist_str + ndvi_cv + slope + BB",-0.285473731193579,0.79586410237211,0.751658132096759
1152,"Banteng","BTG",1,"dist_str + ndvi_cv + slope + BB",-0.281880916560753,0.780153999557765,0.754363546925997
1153,"Banteng","BTG",1,"dist_str + ndvi_cv + slope + BB",-0.266529063754898,0.761464225352866,0.766033753609363
1154,"Banteng","BTG",1,"dist_str + ndvi_cv + slope + BB",-0.269498483289409,0.756325426127939,0.763762442506594
1155,"Banteng","BTG",1,"dist_str + ndvi_cv + slope + BB",-0.25530350614342,0.745370407778841,0.774681347220242
1156,"Banteng","BTG",1,"dist_str + ndvi_cv + slope + BB",-0.261716278018644,0.746468946709085,0.769729396348201
1157,"Banteng","BTG",1,"dist_str + ndvi_cv + slope + BB",-0.243946739292378,0.721440164435307,0.78352937918099
1158,"Banteng","BTG",1,"dist_str + ndvi_cv + slope + BB",-0.229461546047283,0.707926954909855,0.794961557059701
1159,"Banteng","BTG",1,"dist_str + ndvi_cv + slope + BB",-0.222986998224325,0.702448295445393,0.800125332379124
1160,"Banteng","BTG",1,"dist_str + ndvi_cv + slope + BB",-0.179692181653049,0.706128827862393,0.835527383235181
1161,"Banteng","BTG",1,"dist_str + ndvi_cv + slope + BB",-0.157914854485214,0.70867769548382,0.853922514349188
1162,"Banteng","BTG",1,"dist_str + ndvi_cv + slope + BB",-0.179806121728991,0.710955173267905,0.835432202538619
1163,"Banteng","BTG",1,"dist_str + ndvi_cv + slope + BB",-0.175149254439416,0.695081457054773,0.839331737508174
1164,"Banteng","BTG",1,"dist_str + ndvi_cv + slope + BB",-0.201381675932138,0.686763868751867,0.817600326665208
1165,"Banteng","BTG",1,"dist_str + ndvi_cv + slope + BB",-0.175076913267741,0.682783396468436,0.839392458351619
1166,"Banteng","BTG",1,"dist_str + ndvi_cv + slope + BB",-0.168961159391797,0.704401017027931,0.844541753888919
1167,"Banteng","BTG",1,"dist_str + ndvi_cv + slope + BB",-0.130295959198315,0.702234544017701,0.877835594517619
1168,"Banteng","BTG",1,"dist_str + ndvi_cv + slope + BB",-0.138844535696399,0.717475138844742,0.870363328369662
1169,"Banteng","BTG",1,"dist_str + ndvi_cv + slope + BB",-0.122941253317755,0.707819930904209,0.884315829133012
1170,"Banteng","BTG",1,"dist_str + ndvi_cv + slope + BB",-0.0824291069961726,0.718576991053989,0.92087671926472
1171,"Banteng","BTG",1,"dist_str + ndvi_cv + slope + BB",-0.0741163163350908,0.723373689466647,0.928563684058476
1172,"Banteng","BTG",1,"dist_str + ndvi_cv + slope + BB",-0.0350849113063111,0.723893961804166,0.965523480967881
1173,"Banteng","BTG",1,"dist_str + ndvi_cv + slope + BB",-0.0211906330238303,0.742276031129233,0.979032541174906
1174,"Banteng","BTG",1,"dist_str + ndvi_cv + slope + BB",-0.00710581752727503,0.744905171434174,0.992919369910214
1175,"Banteng","BTG",1,"dist_str + ndvi_cv + slope + BB",0.0120453846247141,0.746207392344273,1.01211822246877
1176,"Banteng","BTG",1,"dist_str + ndvi_cv + slope + BB",0.0132990243867332,0.74754751907448,1.01338791294678
1177,"Banteng","BTG",1,"dist_str + ndvi_cv + slope + BB",0.0298138511242027,0.770834273811064,1.03026278353529
1178,"Banteng","BTG",1,"dist_str + ndvi_cv + slope + BB",0.0646987856388709,0.765796702205053,1.06683762919845
1179,"Banteng","BTG",1,"dist_str + ndvi_cv + slope + BB",0.073929331788488,0.776891863300837,1.07673079916663
1180,"Banteng","BTG",1,"dist_str + ndvi_cv + slope + BB",0.0980308428869734,0.782290524126016,1.10299681432332
1181,"Banteng","BTG",1,"dist_str + ndvi_cv + slope + BB",0.112937330428127,0.7772147752619,1.11956177497378
1182,"Banteng","BTG",1,"dist_str + ndvi_cv + slope + BB",0.134727937219453,0.797219012412482,1.14422544989002
1183,"Banteng","BTG",1,"dist_str + ndvi_cv + slope + BB",0.121189935364526,0.806264672195033,1.12883930423969
1184,"Banteng","BTG",1,"dist_str + ndvi_cv + slope + BB",0.143755829192389,0.818645541833397,1.15460220118927
1185,"Banteng","BTG",1,"dist_str + ndvi_cv + slope + BB",0.13988742332751,0.831406872854459,1.15014431736227
1186,"Banteng","BTG",1,"dist_str + ndvi_cv + slope + BB",0.150352648743643,0.848274945515072,1.16224403898192
1187,"Banteng","BTG",1,"dist_str + ndvi_cv + slope + BB",0.148834256091315,0.868442015602883,1.16048065526314
1188,"Banteng","BTG",1,"dist_str + ndvi_cv + slope + BB",0.146737414320806,0.876722148785363,1.15804986390926
1189,"Banteng","BTG",1,"dist_str + ndvi_cv + slope + BB",0.169979120169258,0.903712420338831,1.18528010571623
1190,"Banteng","BTG",1,"dist_str + ndvi_cv + slope + BB",0.135454400848042,0.946499566151312,1.14505698349131
1191,"Banteng","BTG",1,"dist_str + ndvi_cv + slope + BB",0.127050417490949,0.990881089295042,1.13547427059217
1192,"Banteng","BTG",1,"dist_str + ndvi_cv + slope + BB",-0.317092311099943,0.927028492961542,0.728263547822436
1193,"Banteng","BTG",1,"dist_str + ndvi_cv + slope + BB",-0.303352381143737,0.877559854796984,0.738339077132637
1194,"Banteng","BTG",1,"dist_str + ndvi_cv + slope + BB",-0.27963126745915,0.83524231106205,0.756062480460696
1195,"Banteng","BTG",1,"dist_str + ndvi_cv + slope + BB",-0.287439692430964,0.821493087611191,0.750181807376185
1196,"Banteng","BTG",1,"dist_str + ndvi_cv + slope + BB",-0.272622817373799,0.804196781493575,0.761379943891338
1197,"Banteng","BTG",1,"dist_str + ndvi_cv + slope + BB",-0.261145583121987,0.780123586510672,0.770168791156256
1198,"Banteng","BTG",1,"dist_str + ndvi_cv + slope + BB",-0.250147990895333,0.765667167065746,0.778685537669648
1199,"Banteng","BTG",1,"dist_str + ndvi_cv + slope + BB",-0.256920709975108,0.74313221466461,0.773429539232316
1200,"Banteng","BTG",1,"dist_str + ndvi_cv + slope + BB",-0.263897042576152,0.741527471729163,0.768052620289832
1201,"Banteng","BTG",1,"dist_str + ndvi_cv + slope + BB",-0.273541169768285,0.724015260642972,0.760681021344753
1202,"Banteng","BTG",1,"dist_str + ndvi_cv + slope + BB",-0.285734297135843,0.708678821103237,0.751462255903619
1203,"Banteng","BTG",1,"dist_str + ndvi_cv + slope + BB",-0.396918905060619,0.645754176669623,0.672388560352925
1204,"Banteng","BTG",1,"dist_str + ndvi_cv + slope + BB",-0.254837814683852,0.706689291501819,0.775042196311464
1205,"Banteng","BTG",1,"dist_str + ndvi_cv + slope + BB",-0.197261776924927,0.714301629347929,0.820975706440583
1206,"Banteng","BTG",1,"dist_str + ndvi_cv + slope + BB",-0.205641154250793,0.710706938013101,0.814125180531148
1207,"Banteng","BTG",1,"dist_str + ndvi_cv + slope + BB",-0.193398549378558,0.710004337695591,0.824153461259166
1208,"Banteng","BTG",1,"dist_str + ndvi_cv + slope + BB",-0.188571907345277,0.692376360308856,0.828140951880309
1209,"Banteng","BTG",1,"dist_str + ndvi_cv + slope + BB",-0.234451906048343,0.67820177606911,0.79100427585531
1210,"Banteng","BTG",1,"dist_str + ndvi_cv + slope + BB",-0.243382654943609,0.680810478532613,0.783971477560255
1211,"Banteng","BTG",1,"dist_str + ndvi_cv + slope + BB",-0.176346506829099,0.692095576099184,0.838327447163748
1212,"Banteng","BTG",1,"dist_str + ndvi_cv + slope + BB",-0.156373375869742,0.702770024540675,0.855239831694059
1213,"Banteng","BTG",1,"dist_str + ndvi_cv + slope + BB",-0.135363489819236,0.708308600499929,0.873398383008073
1214,"Banteng","BTG",1,"dist_str + ndvi_cv + slope + BB",-0.101222343881169,0.713362944135037,0.903732082069465
1215,"Banteng","BTG",1,"dist_str + ndvi_cv + slope + BB",-0.0937807338547598,0.711890368483751,0.910482383509771
1216,"Banteng","BTG",1,"dist_str + ndvi_cv + slope + BB",-0.0669007548697173,0.726747638517761,0.935288085510174
1217,"Banteng","BTG",1,"dist_str + ndvi_cv + slope + BB",-0.0357966935314881,0.731361264546638,0.964836448740971
1218,"Banteng","BTG",1,"dist_str + ndvi_cv + slope + BB",-0.0197865421517011,0.733454113579689,0.980407928552824
1219,"Banteng","BTG",1,"dist_str + ndvi_cv + slope + BB",0.0116901919317498,0.740833671359058,1.01175879201967
1220,"Banteng","BTG",1,"dist_str + ndvi_cv + slope + BB",0.0423477894744882,0.746838457643879,1.04325731509755
1221,"Banteng","BTG",1,"dist_str + ndvi_cv + slope + BB",0.00867501418326225,0.745953376804136,1.00871275930765
1222,"Banteng","BTG",1,"dist_str + ndvi_cv + slope + BB",0.0603360364170559,0.764983736228194,1.06219345077063
1223,"Banteng","BTG",1,"dist_str + ndvi_cv + slope + BB",0.0619569804394246,0.776720831768999,1.06391658296225
1224,"Banteng","BTG",1,"dist_str + ndvi_cv + slope + BB",0.105272134024478,0.785520055247285,1.11101291365083
1225,"Banteng","BTG",1,"dist_str + ndvi_cv + slope + BB",0.104389040070009,0.778797963516887,1.11003224713468
1226,"Banteng","BTG",1,"dist_str + ndvi_cv + slope + BB",0.115418947759836,0.781105079951225,1.12234354254662
1227,"Banteng","BTG",1,"dist_str + ndvi_cv + slope + BB",0.141929225712513,0.793316059572914,1.15249507865265
1228,"Banteng","BTG",1,"dist_str + ndvi_cv + slope + BB",0.16014651921219,0.797471424692751,1.17368284172456
1229,"Banteng","BTG",1,"dist_str + ndvi_cv + slope + BB",0.168452213063339,0.814463883630779,1.18347167247749
1230,"Banteng","BTG",1,"dist_str + ndvi_cv + slope + BB",0.170184901442385,0.834775766247781,1.18552404239991
1231,"Banteng","BTG",1,"dist_str + ndvi_cv + slope + BB",0.168924374568411,0.844116523072561,1.18403060580033
1232,"Banteng","BTG",1,"dist_str + ndvi_cv + slope + BB",0.18079859495741,0.85954147067001,1.19817384472943
1233,"Banteng","BTG",1,"dist_str + ndvi_cv + slope + BB",0.174637847206743,0.87260847380709,1.19081488397546
1234,"Banteng","BTG",1,"dist_str + ndvi_cv + slope + BB",0.174227477960602,0.88532935926441,1.1903263080263
1235,"Banteng","BTG",1,"dist_str + ndvi_cv + slope + BB",0.173547027749697,0.937608097453202,1.18951663335335
1236,"Banteng","BTG",1,"dist_str + ndvi_cv + slope + BB",0.175330293153814,0.985686689087022,1.19163986496953
1237,"Banteng","BTG",1,"dist_str + ndvi_cv + slope + BB",0.169549966819793,1.11523684890512,1.18477159795367
1238,"Banteng","BTG",1,"dist_str + ndvi_cv + slope + BB",-0.267691018642404,1.10928539394841,0.765144182595189
1239,"Banteng","BTG",1,"dist_str + ndvi_cv + slope + BB",-0.28444219703682,0.962717961887563,0.752433847180017
1240,"Banteng","BTG",1,"dist_str + ndvi_cv + slope + BB",-0.271626330822153,0.883846754099786,0.76213899676336
1241,"Banteng","BTG",1,"dist_str + ndvi_cv + slope + BB",-0.281027778098872,0.846804027085089,0.755007366142449
1242,"Banteng","BTG",1,"dist_str + ndvi_cv + slope + BB",-0.273776850657616,0.820890486224859,0.760501765183894
1243,"Banteng","BTG",1,"dist_str + ndvi_cv + slope + BB",-0.258928571773986,0.799709816010945,0.771878265692327
1244,"Banteng","BTG",1,"dist_str + ndvi_cv + slope + BB",-0.224812751691472,0.778644981578925,0.798665754003718
1245,"Banteng","BTG",1,"dist_str + ndvi_cv + slope + BB",-0.233417463554723,0.769465046803,0.791822947304258
1246,"Banteng","BTG",1,"dist_str + ndvi_cv + slope + BB",-0.231417514457086,0.757819707095162,0.79340813833324
1247,"Banteng","BTG",1,"dist_str + ndvi_cv + slope + BB",-0.248540993680588,0.738841021660344,0.779937888125967
1248,"Banteng","BTG",1,"dist_str + ndvi_cv + slope + BB",-0.238892156048667,0.728810225852714,0.787499805728288
1249,"Banteng","BTG",1,"dist_str + ndvi_cv + slope + BB",-0.297755891881229,0.703073037194194,0.742482567625731
1250,"Banteng","BTG",1,"dist_str + ndvi_cv + slope + BB",-0.272965988156151,0.706657315669099,0.761118677090326
1251,"Banteng","BTG",1,"dist_str + ndvi_cv + slope + BB",-0.265958160094217,0.698700976389619,0.766471412855449
1252,"Banteng","BTG",1,"dist_str + ndvi_cv + slope + BB",-0.22474339396682,0.702321322847308,0.798721151859713
1253,"Banteng","BTG",1,"dist_str + ndvi_cv + slope + BB",-0.222520836413158,0.703432858384743,0.800498333275813
1254,"Banteng","BTG",1,"dist_str + ndvi_cv + slope + BB",-0.188159944247379,0.712096104600451,0.828482186375682
1255,"Banteng","BTG",1,"dist_str + ndvi_cv + slope + BB",-0.209305517960405,0.699788623983627,0.81114749282919
1256,"Banteng","BTG",1,"dist_str + ndvi_cv + slope + BB",-0.224285154064543,0.687016051282504,0.799087239197325
1257,"Banteng","BTG",1,"dist_str + ndvi_cv + slope + BB",-0.22254617810106,0.697895430726883,0.800478045962576
1258,"Banteng","BTG",1,"dist_str + ndvi_cv + slope + BB",-0.19647660271303,0.701618799396694,0.821620555981631
1259,"Banteng","BTG",1,"dist_str + ndvi_cv + slope + BB",-0.180477536254091,0.701489719673778,0.834871434848303
1260,"Banteng","BTG",1,"dist_str + ndvi_cv + slope + BB",-0.131095556056276,0.706755083536818,0.877134027249627
1261,"Banteng","BTG",1,"dist_str + ndvi_cv + slope + BB",-0.127051455278276,0.70569883759653,0.880688359590236
1262,"Banteng","BTG",1,"dist_str + ndvi_cv + slope + BB",-0.10351265325524,0.711910986687116,0.901664614744536
1263,"Banteng","BTG",1,"dist_str + ndvi_cv + slope + BB",-0.060590470322622,0.72159592750302,0.941208614065124
1264,"Banteng","BTG",1,"dist_str + ndvi_cv + slope + BB",-0.0294836906597578,0.726760348811508,0.970946720383257
1265,"Banteng","BTG",1,"dist_str + ndvi_cv + slope + BB",-0.00576697118144755,0.733404067188822,0.994249627968666
1266,"Banteng","BTG",1,"dist_str + ndvi_cv + slope + BB",0.0039470713160802,0.728656370327454,1.00395487140984
1267,"Banteng","BTG",1,"dist_str + ndvi_cv + slope + BB",0.0227448706882134,0.741674922214334,1.02300550756772
1268,"Banteng","BTG",1,"dist_str + ndvi_cv + slope + BB",0.0537021653738102,0.753216479589439,1.05517073166236
1269,"Banteng","BTG",1,"dist_str + ndvi_cv + slope + BB",0.0777637349835979,0.761526626966041,1.08086725741777
1270,"Banteng","BTG",1,"dist_str + ndvi_cv + slope + BB",0.093459011306836,0.756755666721983,1.09796559842181
1271,"Banteng","BTG",1,"dist_str + ndvi_cv + slope + BB",0.109341632588397,0.773758427499558,1.11554339540735
1272,"Banteng","BTG",1,"dist_str + ndvi_cv + slope + BB",0.117579746304977,0.77701805986789,1.12477132341828
1273,"Banteng","BTG",1,"dist_str + ndvi_cv + slope + BB",0.158741826426839,0.780626106588028,1.17203531935607
1274,"Banteng","BTG",1,"dist_str + ndvi_cv + slope + BB",0.147648325062088,0.78972522609448,1.15910534361243
1275,"Banteng","BTG",1,"dist_str + ndvi_cv + slope + BB",0.17272164678064,0.797134611245758,1.18853555324047
1276,"Banteng","BTG",1,"dist_str + ndvi_cv + slope + BB",0.184404070706043,0.824640866478955,1.20250162072337
1277,"Banteng","BTG",1,"dist_str + ndvi_cv + slope + BB",0.187840707887283,0.803610426517091,1.20664130204896
1278,"Banteng","BTG",1,"dist_str + ndvi_cv + slope + BB",0.175349725450299,0.835473962911036,1.19166290847657
1279,"Banteng","BTG",1,"dist_str + ndvi_cv + slope + BB",0.201395378019512,0.837184785353221,1.22310826994093
1280,"Banteng","BTG",1,"dist_str + ndvi_cv + slope + BB",0.194572673465397,0.864535956394742,1.21479176468443
1281,"Banteng","BTG",1,"dist_str + ndvi_cv + slope + BB",0.185085565026096,0.897213146343824,1.20332146226276
1282,"Banteng","BTG",1,"dist_str + ndvi_cv + slope + BB",0.17002604731112,0.922934485770455,1.18533572586444
1283,"Banteng","BTG",1,"dist_str + ndvi_cv + slope + BB",0.18438054272499,0.955207876975123,1.20247332871573
1284,"Banteng","BTG",1,"dist_str + ndvi_cv + slope + BB",0.178753459923793,1.07542860258528,1.19572611563845
1285,"Banteng","BTG",1,"dist_str + ndvi_cv + slope + BB",-0.290444002202876,1.13198024228373,0.74793147009364
1286,"Banteng","BTG",1,"dist_str + ndvi_cv + slope + BB",-0.272764190632572,0.965692900030261,0.761272281896204
1287,"Banteng","BTG",1,"dist_str + ndvi_cv + slope + BB",-0.243828460586026,0.89453411836855,0.783622045080389
1288,"Banteng","BTG",1,"dist_str + ndvi_cv + slope + BB",-0.234730367440049,0.844306385858249,0.790784053576185
1289,"Banteng","BTG",1,"dist_str + ndvi_cv + slope + BB",-0.249268709295641,0.816370727780487,0.779370755228695
1290,"Banteng","BTG",1,"dist_str + ndvi_cv + slope + BB",-0.236218284151408,0.80705966552678,0.789608328099259
1291,"Banteng","BTG",1,"dist_str + ndvi_cv + slope + BB",-0.249540548396105,0.780673434842774,0.779158694874863
1292,"Banteng","BTG",1,"dist_str + ndvi_cv + slope + BB",-0.232400242793057,0.772586540734055,0.792628815897626
1293,"Banteng","BTG",1,"dist_str + ndvi_cv + slope + BB",-0.2378534942101,0.763483409226608,0.788318182376177
1294,"Banteng","BTG",1,"dist_str + ndvi_cv + slope + BB",-0.237081777492101,0.743698686589149,0.788926967630723
1295,"Banteng","BTG",1,"dist_str + ndvi_cv + slope + BB",-0.255807548256348,0.738302287440125,0.774290972104075
1296,"Banteng","BTG",1,"dist_str + ndvi_cv + slope + BB",-0.246038729880262,0.726563094912071,0.781891950746165
1297,"Banteng","BTG",1,"dist_str + ndvi_cv + slope + BB",-0.254760861991862,0.719005374629509,0.775101832241402
1298,"Banteng","BTG",1,"dist_str + ndvi_cv + slope + BB",-0.23236017843241,0.706040037635625,0.792660663302839
1299,"Banteng","BTG",1,"dist_str + ndvi_cv + slope + BB",-0.228736920498672,0.696369653737053,0.795537795804149
1300,"Banteng","BTG",1,"dist_str + ndvi_cv + slope + BB",-0.212604657320022,0.7024960545993,0.808475700165618
1301,"Banteng","BTG",1,"dist_str + ndvi_cv + slope + BB",-0.216262022603624,0.702361786556812,0.80552427897852
1302,"Banteng","BTG",1,"dist_str + ndvi_cv + slope + BB",-0.218277310881578,0.710943057870915,0.803902482399593
1303,"Banteng","BTG",1,"dist_str + ndvi_cv + slope + BB",-0.229407958487558,0.712351963609848,0.795004156940558
1304,"Banteng","BTG",1,"dist_str + ndvi_cv + slope + BB",-0.219855307016087,0.698655951484394,0.80263494367254
1305,"Banteng","BTG",1,"dist_str + ndvi_cv + slope + BB",-0.209070484882444,0.691757276384947,0.811338052116289
1306,"Banteng","BTG",1,"dist_str + ndvi_cv + slope + BB",-0.190029753166121,0.710391464310979,0.826934536720908
1307,"Banteng","BTG",1,"dist_str + ndvi_cv + slope + BB",-0.171676444230159,0.703552416618099,0.842251745653135
1308,"Banteng","BTG",1,"dist_str + ndvi_cv + slope + BB",-0.131133810181613,0.706481780556781,0.877100406339223
1309,"Banteng","BTG",1,"dist_str + ndvi_cv + slope + BB",-0.102337547348584,0.698958224239544,0.902724788399861
1310,"Banteng","BTG",1,"dist_str + ndvi_cv + slope + BB",-0.0485994888372328,0.718668003438653,0.952562580809518
1311,"Banteng","BTG",1,"dist_str + ndvi_cv + slope + BB",-0.0313176671509917,0.732401554745259,0.969167659269284
1312,"Banteng","BTG",1,"dist_str + ndvi_cv + slope + BB",-0.00691615020535973,0.727959072062608,0.9931077186152
1313,"Banteng","BTG",1,"dist_str + ndvi_cv + slope + BB",0.0128481765219504,0.735009658434641,1.01293108235824
1314,"Banteng","BTG",1,"dist_str + ndvi_cv + slope + BB",0.0395027506015713,0.743974005190515,1.04029336053771
1315,"Banteng","BTG",1,"dist_str + ndvi_cv + slope + BB",0.0696334535635843,0.743461858269778,1.07211513475511
1316,"Banteng","BTG",1,"dist_str + ndvi_cv + slope + BB",0.0892828747785696,0.748228705894547,1.09338991395478
1317,"Banteng","BTG",1,"dist_str + ndvi_cv + slope + BB",0.108741013961766,0.753678518086597,1.11487357636775
1318,"Banteng","BTG",1,"dist_str + ndvi_cv + slope + BB",0.124182849036917,0.775286051273347,1.13222288215864
1319,"Banteng","BTG",1,"dist_str + ndvi_cv + slope + BB",0.136020517231375,0.765771413677245,1.14570540009865
1320,"Banteng","BTG",1,"dist_str + ndvi_cv + slope + BB",0.154535759397854,0.771645150244554,1.16711612593626
1321,"Banteng","BTG",1,"dist_str + ndvi_cv + slope + BB",0.15585649210019,0.786014389886917,1.16865847936648
1322,"Banteng","BTG",1,"dist_str + ndvi_cv + slope + BB",0.192753245086591,0.807677799337153,1.21258360660479
1323,"Banteng","BTG",1,"dist_str + ndvi_cv + slope + BB",0.218393047500792,0.798176447045633,1.24407604615272
1324,"Banteng","BTG",1,"dist_str + ndvi_cv + slope + BB",0.184941781678229,0.815424905188915,1.20314839307462
1325,"Banteng","BTG",1,"dist_str + ndvi_cv + slope + BB",0.191516739831483,0.820631459810151,1.2110855886789
1326,"Banteng","BTG",1,"dist_str + ndvi_cv + slope + BB",0.204640123592111,0.845928335882511,1.22708354015335
1327,"Banteng","BTG",1,"dist_str + ndvi_cv + slope + BB",0.20508819621387,0.865830266712799,1.22763333605559
1328,"Banteng","BTG",1,"dist_str + ndvi_cv + slope + BB",0.203717887822846,0.88434632549358,1.22595226227365
1329,"Banteng","BTG",1,"dist_str + ndvi_cv + slope + BB",0.190016943044735,0.918059284081119,1.2092700862075
1330,"Banteng","BTG",1,"dist_str + ndvi_cv + slope + BB",0.195588961619564,0.956861521414227,1.21602696930047
1331,"Banteng","BTG",1,"dist_str + ndvi_cv + slope + BB",0.20953583743237,1.06091330933756,1.23310556569019
1332,"Banteng","BTG",1,"dist_str + ndvi_cv + slope + BB",-0.242200788443236,1.01599426048489,0.784898578308115
1333,"Banteng","BTG",1,"dist_str + ndvi_cv + slope + BB",-0.238303713892655,0.905906459712492,0.787963349460858
1334,"Banteng","BTG",1,"dist_str + ndvi_cv + slope + BB",-0.242581466098088,0.84778456308891,0.784599826847146
1335,"Banteng","BTG",1,"dist_str + ndvi_cv + slope + BB",-0.227457340453741,0.826726345805876,0.796556406314889
1336,"Banteng","BTG",1,"dist_str + ndvi_cv + slope + BB",-0.234480845322731,0.800222901001237,0.790981410401771
1337,"Banteng","BTG",1,"dist_str + ndvi_cv + slope + BB",-0.23640163152137,0.781838305118153,0.789463537464101
1338,"Banteng","BTG",1,"dist_str + ndvi_cv + slope + BB",-0.226078974629128,0.771819781453847,0.79765510473475
1339,"Banteng","BTG",1,"dist_str + ndvi_cv + slope + BB",-0.229321688577787,0.756729152095239,0.795072726743142
1340,"Banteng","BTG",1,"dist_str + ndvi_cv + slope + BB",-0.24999701786803,0.741650916192544,0.778803143473533
1341,"Banteng","BTG",1,"dist_str + ndvi_cv + slope + BB",-0.249379504801977,0.738486477425743,0.779284175566344
1342,"Banteng","BTG",1,"dist_str + ndvi_cv + slope + BB",-0.254705958181949,0.717274124925099,0.775144409515599
1343,"Banteng","BTG",1,"dist_str + ndvi_cv + slope + BB",-0.231272344115522,0.717769803192577,0.793523326861588
1344,"Banteng","BTG",1,"dist_str + ndvi_cv + slope + BB",-0.212868891382594,0.719763327067911,0.808262101573063
1345,"Banteng","BTG",1,"dist_str + ndvi_cv + slope + BB",-0.239449297352359,0.710584599671974,0.787061183825959
1346,"Banteng","BTG",1,"dist_str + ndvi_cv + slope + BB",-0.23033040397157,0.712603793397222,0.794271185865228
1347,"Banteng","BTG",1,"dist_str + ndvi_cv + slope + BB",-0.233947685226178,0.710962382428713,0.791403218474427
1348,"Banteng","BTG",1,"dist_str + ndvi_cv + slope + BB",-0.258038217380921,0.707932742513232,0.772565711774269
1349,"Banteng","BTG",1,"dist_str + ndvi_cv + slope + BB",-0.242168442837963,0.700670405078589,0.784923957352505
1350,"Banteng","BTG",1,"dist_str + ndvi_cv + slope + BB",-0.227051825429567,0.699046779561621,0.796879482612246
1351,"Banteng","BTG",1,"dist_str + ndvi_cv + slope + BB",-0.225898188710308,0.692459540382221,0.797799468931866
1352,"Banteng","BTG",1,"dist_str + ndvi_cv + slope + BB",-0.205205089067657,0.689143325954394,0.814480258286135
1353,"Banteng","BTG",1,"dist_str + ndvi_cv + slope + BB",-0.17129795056659,0.697764360421728,0.842570493499712
1354,"Banteng","BTG",1,"dist_str + ndvi_cv + slope + BB",-0.127133431963566,0.707965267990581,0.880616324624926
1355,"Banteng","BTG",1,"dist_str + ndvi_cv + slope + BB",-0.0994759918138707,0.709508781262433,0.905311714992915
1356,"Banteng","BTG",1,"dist_str + ndvi_cv + slope + BB",-0.0416481827634948,0.72239212157831,0.959207187532103
1357,"Banteng","BTG",1,"dist_str + ndvi_cv + slope + BB",-0.0219869207712893,0.723610534285822,0.978253035127846
1358,"Banteng","BTG",1,"dist_str + ndvi_cv + slope + BB",0.00698122303681784,0.726810545242618,1.00700568610969
1359,"Banteng","BTG",1,"dist_str + ndvi_cv + slope + BB",0.0151566646751896,0.738559102875879,1.0152721107106
1360,"Banteng","BTG",1,"dist_str + ndvi_cv + slope + BB",0.0545040316239134,0.743414792120514,1.05601691246893
1361,"Banteng","BTG",1,"dist_str + ndvi_cv + slope + BB",0.0654523567418867,0.733064939377148,1.067641876054
1362,"Banteng","BTG",1,"dist_str + ndvi_cv + slope + BB",0.0993223361719347,0.748479958721575,1.10442223788747
1363,"Banteng","BTG",1,"dist_str + ndvi_cv + slope + BB",0.128294837435033,0.764683239342031,1.13688816252006
1364,"Banteng","BTG",1,"dist_str + ndvi_cv + slope + BB",0.151452540359515,0.758139359552523,1.16352308181876
1365,"Banteng","BTG",1,"dist_str + ndvi_cv + slope + BB",0.165635718120805,0.773246541002578,1.18014314831981
1366,"Banteng","BTG",1,"dist_str + ndvi_cv + slope + BB",0.176725518176527,0.777196552140296,1.19330350808329
1367,"Banteng","BTG",1,"dist_str + ndvi_cv + slope + BB",0.186899661081812,0.777821568307042,1.20550632562219
1368,"Banteng","BTG",1,"dist_str + ndvi_cv + slope + BB",0.214438216135878,0.799850297897741,1.23916568918943
1369,"Banteng","BTG",1,"dist_str + ndvi_cv + slope + BB",0.2161225413859,0.79608949989389,1.24125448839203
1370,"Banteng","BTG",1,"dist_str + ndvi_cv + slope + BB",0.219480917952709,0.809330381354948,1.24543008418193
1371,"Banteng","BTG",1,"dist_str + ndvi_cv + slope + BB",0.221344869848813,0.827740543052796,1.24775368214452
1372,"Banteng","BTG",1,"dist_str + ndvi_cv + slope + BB",0.214958279055994,0.840480139763186,1.23981019507822
1373,"Banteng","BTG",1,"dist_str + ndvi_cv + slope + BB",0.227853386505169,0.85813234391422,1.25590131647301
1374,"Banteng","BTG",1,"dist_str + ndvi_cv + slope + BB",0.202561334554051,0.884479943804214,1.22453521840095
1375,"Banteng","BTG",1,"dist_str + ndvi_cv + slope + BB",0.20795188867496,0.910655268349794,1.23115394056497
1376,"Banteng","BTG",1,"dist_str + ndvi_cv + slope + BB",0.216826149816389,0.95488214052754,1.24212844628261
1377,"Banteng","BTG",1,"dist_str + ndvi_cv + slope + BB",0.239757652960461,1.07227735792001,1.27094113947695
1378,"Banteng","BTG",1,"dist_str + ndvi_cv + slope + BB",-0.249206832986568,0.935493110731135,0.779418748578334
1379,"Banteng","BTG",1,"dist_str + ndvi_cv + slope + BB",-0.218449982227472,0.867667134703574,0.803763710080943
1380,"Banteng","BTG",1,"dist_str + ndvi_cv + slope + BB",-0.232202596698502,0.837593122946026,0.792785497419112
1381,"Banteng","BTG",1,"dist_str + ndvi_cv + slope + BB",-0.226923907595664,0.806193747468418,0.796981427647913
1382,"Banteng","BTG",1,"dist_str + ndvi_cv + slope + BB",-0.218290134729202,0.781490864563949,0.803892171409031
1383,"Banteng","BTG",1,"dist_str + ndvi_cv + slope + BB",-0.222879326406823,0.776776452251334,0.800211462990323
1384,"Banteng","BTG",1,"dist_str + ndvi_cv + slope + BB",-0.21855555117524,0.765529075895207,0.803678876623967
1385,"Banteng","BTG",1,"dist_str + ndvi_cv + slope + BB",-0.219671838608109,0.750425575702985,0.802782196864552
1386,"Banteng","BTG",1,"dist_str + ndvi_cv + slope + BB",-0.198857577853759,0.734936792187117,0.819666643949464
1387,"Banteng","BTG",1,"dist_str + ndvi_cv + slope + BB",-0.213462708169659,0.722465161068254,0.807782290936681
1388,"Banteng","BTG",1,"dist_str + ndvi_cv + slope + BB",-0.232128700607777,0.719386477281406,0.792844087221096
1389,"Banteng","BTG",1,"dist_str + ndvi_cv + slope + BB",-0.231148924848771,0.716355409066349,0.793621271531098
1390,"Banteng","BTG",1,"dist_str + ndvi_cv + slope + BB",-0.247793242739696,0.712861435330825,0.780521308314303
1391,"Banteng","BTG",1,"dist_str + ndvi_cv + slope + BB",-0.238875729044847,0.699673430088331,0.787512741266183
1392,"Banteng","BTG",1,"dist_str + ndvi_cv + slope + BB",-0.255124308671817,0.710097129464721,0.774820181069826
1393,"Banteng","BTG",1,"dist_str + ndvi_cv + slope + BB",-0.237155729008122,0.701733025405967,0.788868430768438
1394,"Banteng","BTG",1,"dist_str + ndvi_cv + slope + BB",-0.266610691205109,0.702014529538375,0.765971220265369
1395,"Banteng","BTG",1,"dist_str + ndvi_cv + slope + BB",-0.26146157552241,0.679720323264824,0.769925458850932
1396,"Banteng","BTG",1,"dist_str + ndvi_cv + slope + BB",-0.247146329347594,0.68493504599565,0.781026400440626
1397,"Banteng","BTG",1,"dist_str + ndvi_cv + slope + BB",-0.235181439854807,0.695444711752031,0.790427424550094
1398,"Banteng","BTG",1,"dist_str + ndvi_cv + slope + BB",-0.193487641432023,0.698166893883638,0.824080020921508
1399,"Banteng","BTG",1,"dist_str + ndvi_cv + slope + BB",-0.144495092835911,0.698167422887978,0.865459275550937
1400,"Banteng","BTG",1,"dist_str + ndvi_cv + slope + BB",-0.103856175246544,0.703432390252994,0.901354993998174
1401,"Banteng","BTG",1,"dist_str + ndvi_cv + slope + BB",-0.0554596295884053,0.709249668303247,0.946050221500969
1402,"Banteng","BTG",1,"dist_str + ndvi_cv + slope + BB",-0.027162337476362,0.715307413119932,0.973203241480179
1403,"Banteng","BTG",1,"dist_str + ndvi_cv + slope + BB",0.0353531506139268,0.729773501573092,1.03598550428873
1404,"Banteng","BTG",1,"dist_str + ndvi_cv + slope + BB",0.0519429873569051,0.72492824994605,1.05331574224303
1405,"Banteng","BTG",1,"dist_str + ndvi_cv + slope + BB",0.0768680691610422,0.734701675075459,1.07989959540617
1406,"Banteng","BTG",1,"dist_str + ndvi_cv + slope + BB",0.101058066158982,0.725325514090006,1.10634088301358
1407,"Banteng","BTG",1,"dist_str + ndvi_cv + slope + BB",0.140354382716534,0.758818986735497,1.15068166186433
1408,"Banteng","BTG",1,"dist_str + ndvi_cv + slope + BB",0.129529706468037,0.757732552349076,1.13829292595041
1409,"Banteng","BTG",1,"dist_str + ndvi_cv + slope + BB",0.176156869378984,0.767754745299282,1.19262513342045
1410,"Banteng","BTG",1,"dist_str + ndvi_cv + slope + BB",0.196179055153551,0.765691162056068,1.2167450528013
1411,"Banteng","BTG",1,"dist_str + ndvi_cv + slope + BB",0.204531187944293,0.769475778126922,1.22694973996867
1412,"Banteng","BTG",1,"dist_str + ndvi_cv + slope + BB",0.225411994956639,0.776021042367332,1.25283881275834
1413,"Banteng","BTG",1,"dist_str + ndvi_cv + slope + BB",0.240475197091218,0.780346529001821,1.27185338976807
1414,"Banteng","BTG",1,"dist_str + ndvi_cv + slope + BB",0.230179772062839,0.805599747229037,1.25882636632252
1415,"Banteng","BTG",1,"dist_str + ndvi_cv + slope + BB",0.245710413711518,0.80264306121376,1.27852927539907
1416,"Banteng","BTG",1,"dist_str + ndvi_cv + slope + BB",0.233170661070403,0.829592108424496,1.26259693775241
1417,"Banteng","BTG",1,"dist_str + ndvi_cv + slope + BB",0.237319142035863,0.847860761923726,1.26784567738889
1418,"Banteng","BTG",1,"dist_str + ndvi_cv + slope + BB",0.227791154478611,0.867292667209396,1.25582302502883
1419,"Banteng","BTG",1,"dist_str + ndvi_cv + slope + BB",0.237822200140675,0.889113902566943,1.26848363711832
1420,"Banteng","BTG",1,"dist_str + ndvi_cv + slope + BB",0.226376705720824,0.911897474124649,1.25404798387898
1421,"Banteng","BTG",1,"dist_str + ndvi_cv + slope + BB",0.214980370950962,0.963643020035843,1.23983756598172
1422,"Banteng","BTG",1,"dist_str + ndvi_cv + slope + BB",0.229752794982186,1.12436840699291,1.25828895221484
1423,"Banteng","BTG",1,"dist_str + ndvi_cv + slope + BB",-0.212167951771207,0.992870986659495,0.80882884300199
1424,"Banteng","BTG",1,"dist_str + ndvi_cv + slope + BB",-0.216290475651087,0.870910515316021,0.80550129957349
1425,"Banteng","BTG",1,"dist_str + ndvi_cv + slope + BB",-0.206426028508498,0.842849436072975,0.813486440305697
1426,"Banteng","BTG",1,"dist_str + ndvi_cv + slope + BB",-0.196717047009844,0.807978802680153,0.82142303178451
1427,"Banteng","BTG",1,"dist_str + ndvi_cv + slope + BB",-0.219971249457374,0.794050540209708,0.802541878460018
1428,"Banteng","BTG",1,"dist_str + ndvi_cv + slope + BB",-0.216743115742872,0.783875379804791,0.805136771556021
1429,"Banteng","BTG",1,"dist_str + ndvi_cv + slope + BB",-0.21309978413872,0.758401051933367,0.808075514287248
1430,"Banteng","BTG",1,"dist_str + ndvi_cv + slope + BB",-0.201502960180933,0.753636213559856,0.81750116270219
1431,"Banteng","BTG",1,"dist_str + ndvi_cv + slope + BB",-0.187685653417392,0.73519890017609,0.828875259870236
1432,"Banteng","BTG",1,"dist_str + ndvi_cv + slope + BB",-0.222679729051092,0.731641846665573,0.800371146042998
1433,"Banteng","BTG",1,"dist_str + ndvi_cv + slope + BB",-0.22172693430865,0.735323855284492,0.801134099450567
1434,"Banteng","BTG",1,"dist_str + ndvi_cv + slope + BB",-0.228276917585384,0.717639195110418,0.795903829574638
1435,"Banteng","BTG",1,"dist_str + ndvi_cv + slope + BB",-0.248708591261611,0.717847086626132,0.779807201019094
1436,"Banteng","BTG",1,"dist_str + ndvi_cv + slope + BB",-0.255951939058501,0.70982324812417,0.774179229551726
1437,"Banteng","BTG",1,"dist_str + ndvi_cv + slope + BB",-0.24279204697785,0.71366362068826,0.784434637265836
1438,"Banteng","BTG",1,"dist_str + ndvi_cv + slope + BB",-0.256778303445198,0.69865444645571,0.773539686136279
1439,"Banteng","BTG",1,"dist_str + ndvi_cv + slope + BB",-0.278347554927463,0.693318104310372,0.757033667446959
1440,"Banteng","BTG",1,"dist_str + ndvi_cv + slope + BB",-0.298288524003831,0.678881973486266,0.742087206293807
1441,"Banteng","BTG",1,"dist_str + ndvi_cv + slope + BB",-0.321749430887127,0.6823390921653,0.724879802313397
1442,"Banteng","BTG",1,"dist_str + ndvi_cv + slope + BB",-0.302088569852487,0.689596761534389,0.739272628576499
1443,"Banteng","BTG",1,"dist_str + ndvi_cv + slope + BB",-0.208860209394613,0.685781881365806,0.811508672084018
1444,"Banteng","BTG",1,"dist_str + ndvi_cv + slope + BB",-0.143107825435071,0.694244181735944,0.866660657465949
1445,"Banteng","BTG",1,"dist_str + ndvi_cv + slope + BB",-0.10133672135012,0.712451602279528,0.903628734380174
1446,"Banteng","BTG",1,"dist_str + ndvi_cv + slope + BB",-0.042557392602186,0.714060059315147,0.958335531344456
1447,"Banteng","BTG",1,"dist_str + ndvi_cv + slope + BB",-0.000417929246986945,0.716034323514525,0.999582161366088
1448,"Banteng","BTG",1,"dist_str + ndvi_cv + slope + BB",0.0319124083143186,0.718470541157864,1.03242707271513
1449,"Banteng","BTG",1,"dist_str + ndvi_cv + slope + BB",0.0593296530940568,0.726446736097588,1.06112500174832
1450,"Banteng","BTG",1,"dist_str + ndvi_cv + slope + BB",0.0740080122701717,0.733520534471803,1.07681543903131
1451,"Banteng","BTG",1,"dist_str + ndvi_cv + slope + BB",0.126561243843771,0.7410864600258,1.13491896031006
1452,"Banteng","BTG",1,"dist_str + ndvi_cv + slope + BB",0.177105831567387,0.74145498123879,1.1937574296655
1453,"Banteng","BTG",1,"dist_str + ndvi_cv + slope + BB",0.183468331584956,0.761183946838342,1.20137693699948
1454,"Banteng","BTG",1,"dist_str + ndvi_cv + slope + BB",0.204054971429854,0.754853428895023,1.2263655886212
1455,"Banteng","BTG",1,"dist_str + ndvi_cv + slope + BB",0.233365745975112,0.756592093514875,1.26284329792915
1456,"Banteng","BTG",1,"dist_str + ndvi_cv + slope + BB",0.249985351782604,0.775620048148421,1.28400661998
1457,"Banteng","BTG",1,"dist_str + ndvi_cv + slope + BB",0.273423145538521,0.771613731351408,1.31445634489186
1458,"Banteng","BTG",1,"dist_str + ndvi_cv + slope + BB",0.240356254278324,0.793828840087951,1.27170213770918
1459,"Banteng","BTG",1,"dist_str + ndvi_cv + slope + BB",0.271738994531891,0.79725587009053,1.31224446100696
1460,"Banteng","BTG",1,"dist_str + ndvi_cv + slope + BB",0.248863177449408,0.810210680829262,1.28256653763414
1461,"Banteng","BTG",1,"dist_str + ndvi_cv + slope + BB",0.265630192525797,0.82254140419029,1.30425264711558
1462,"Banteng","BTG",1,"dist_str + ndvi_cv + slope + BB",0.257766428744935,0.843056263784312,1.2940365362709
1463,"Banteng","BTG",1,"dist_str + ndvi_cv + slope + BB",0.268436739557508,0.868539356680312,1.30791827236086
1464,"Banteng","BTG",1,"dist_str + ndvi_cv + slope + BB",0.252548800910385,0.90299758236321,1.28730231679854
1465,"Banteng","BTG",1,"dist_str + ndvi_cv + slope + BB",0.227825571217456,0.931899196397084,1.25586625345793
1466,"Banteng","BTG",1,"dist_str + ndvi_cv + slope + BB",0.231810930535859,0.995646338096663,1.26088131271939
1467,"Banteng","BTG",1,"dist_str + ndvi_cv + slope + BB",-0.216467392565321,1.01191910791805,0.805358795203856
1468,"Banteng","BTG",1,"dist_str + ndvi_cv + slope + BB",-0.226060183535999,0.89337408574518,0.797670234753137
1469,"Banteng","BTG",1,"dist_str + ndvi_cv + slope + BB",-0.202456129873583,0.856519181592205,0.816722321103993
1470,"Banteng","BTG",1,"dist_str + ndvi_cv + slope + BB",-0.211971959780976,0.805165058428455,0.8089873844222
1471,"Banteng","BTG",1,"dist_str + ndvi_cv + slope + BB",-0.192506874304624,0.797414313038778,0.824888649348108
1472,"Banteng","BTG",1,"dist_str + ndvi_cv + slope + BB",-0.188299383924493,0.774279258407643,0.828366672744388
1473,"Banteng","BTG",1,"dist_str + ndvi_cv + slope + BB",-0.194646635279223,0.750153529531458,0.823125491690757
1474,"Banteng","BTG",1,"dist_str + ndvi_cv + slope + BB",-0.200230653452452,0.75919206018477,0.818541933151882
1475,"Banteng","BTG",1,"dist_str + ndvi_cv + slope + BB",-0.192011963857983,0.741724450398751,0.825296996309397
1476,"Banteng","BTG",1,"dist_str + ndvi_cv + slope + BB",-0.209708026248148,0.734274997724002,0.810821003829133
1477,"Banteng","BTG",1,"dist_str + ndvi_cv + slope + BB",-0.229843567554053,0.733274232228733,0.794657925857278
1478,"Banteng","BTG",1,"dist_str + ndvi_cv + slope + BB",-0.230694132544456,0.726979383380578,0.793982285646592
1479,"Banteng","BTG",1,"dist_str + ndvi_cv + slope + BB",-0.22072271108425,0.729228926157913,0.801939018290683
1480,"Banteng","BTG",1,"dist_str + ndvi_cv + slope + BB",-0.231594780559293,0.703810730551008,0.793267505876595
1481,"Banteng","BTG",1,"dist_str + ndvi_cv + slope + BB",-0.253293522128899,0.702629888141307,0.776240185743158
1482,"Banteng","BTG",1,"dist_str + ndvi_cv + slope + BB",-0.278977007613092,0.69846161690631,0.756557298077786
1483,"Banteng","BTG",1,"dist_str + ndvi_cv + slope + BB",-0.303018357664518,0.690644393772563,0.738585541218659
1484,"Banteng","BTG",1,"dist_str + ndvi_cv + slope + BB",-0.330672811917787,0.67757963707901,0.718440196430639
1485,"Banteng","BTG",1,"dist_str + ndvi_cv + slope + BB",-0.499689555684115,0.616187724295184,0.606718982939029
1486,"Banteng","BTG",1,"dist_str + ndvi_cv + slope + BB",-0.361433717352104,0.652451755792007,0.696676773903671
1487,"Banteng","BTG",1,"dist_str + ndvi_cv + slope + BB",-0.223930164340168,0.702063206779083,0.799370968385498
1488,"Banteng","BTG",1,"dist_str + ndvi_cv + slope + BB",-0.150345499903335,0.707437807995634,0.860410658714079
1489,"Banteng","BTG",1,"dist_str + ndvi_cv + slope + BB",-0.0836627108339433,0.707007204290978,0.919741431676024
1490,"Banteng","BTG",1,"dist_str + ndvi_cv + slope + BB",-0.0288981603630084,0.707035697981672,0.971515398416201
1491,"Banteng","BTG",1,"dist_str + ndvi_cv + slope + BB",0.0275896673520309,0.712214746205181,1.02797378666605
1492,"Banteng","BTG",1,"dist_str + ndvi_cv + slope + BB",0.047470641772591,0.709742183927172,1.04861542503687
1493,"Banteng","BTG",1,"dist_str + ndvi_cv + slope + BB",0.087999636073219,0.725572772948396,1.09198772791033
1494,"Banteng","BTG",1,"dist_str + ndvi_cv + slope + BB",0.110411384574723,0.741631016796084,1.11673738456839
1495,"Banteng","BTG",1,"dist_str + ndvi_cv + slope + BB",0.145547621642719,0.73645515837089,1.1566728417868
1496,"Banteng","BTG",1,"dist_str + ndvi_cv + slope + BB",0.183796302280115,0.747015626356108,1.20177101182587
1497,"Banteng","BTG",1,"dist_str + ndvi_cv + slope + BB",0.200182403046219,0.755958068321033,1.22162556622364
1498,"Banteng","BTG",1,"dist_str + ndvi_cv + slope + BB",0.223642193298416,0.759197495918248,1.25062346299613
1499,"Banteng","BTG",1,"dist_str + ndvi_cv + slope + BB",0.247210295831246,0.774930649026379,1.28044835742363
1500,"Banteng","BTG",1,"dist_str + ndvi_cv + slope + BB",0.270442637229331,0.780301884326184,1.31054443691009
1501,"Banteng","BTG",1,"dist_str + ndvi_cv + slope + BB",0.272178690428683,0.782759714167133,1.31282157143354
1502,"Banteng","BTG",1,"dist_str + ndvi_cv + slope + BB",0.285359032347213,0.780804296624942,1.33023956520508
1503,"Banteng","BTG",1,"dist_str + ndvi_cv + slope + BB",0.280218164271689,0.796731672864181,1.32341850747257
1504,"Banteng","BTG",1,"dist_str + ndvi_cv + slope + BB",0.290832559699188,0.810165500433447,1.33754061189895
1505,"Banteng","BTG",1,"dist_str + ndvi_cv + slope + BB",0.295134287960229,0.831879532107128,1.34330686423966
1506,"Banteng","BTG",1,"dist_str + ndvi_cv + slope + BB",0.283392559635281,0.859475469558414,1.32762623223505
1507,"Banteng","BTG",1,"dist_str + ndvi_cv + slope + BB",0.283325296470015,0.870252699162424,1.32753694740501
1508,"Banteng","BTG",1,"dist_str + ndvi_cv + slope + BB",0.28787009039596,0.909935143119632,1.33358404817451
1509,"Banteng","BTG",1,"dist_str + ndvi_cv + slope + BB",0.252323399942343,0.945192789304068,1.28701219038645
1510,"Banteng","BTG",1,"dist_str + ndvi_cv + slope + BB",0.270746573525863,1.04638658775505,1.31094284910551
1511,"Banteng","BTG",1,"dist_str + ndvi_cv + slope + BB",-0.224698228931854,1.07276800263919,0.798757224710411
1512,"Banteng","BTG",1,"dist_str + ndvi_cv + slope + BB",-0.214697069155864,0.930344561334211,0.806785803483565
1513,"Banteng","BTG",1,"dist_str + ndvi_cv + slope + BB",-0.19721465915753,0.85662314460839,0.821014443625564
1514,"Banteng","BTG",1,"dist_str + ndvi_cv + slope + BB",-0.180220141493165,0.818500322648222,0.835086381257335
1515,"Banteng","BTG",1,"dist_str + ndvi_cv + slope + BB",-0.210672929419828,0.796798533291345,0.810039002188746
1516,"Banteng","BTG",1,"dist_str + ndvi_cv + slope + BB",-0.194109066113094,0.771778983430381,0.823568094672473
1517,"Banteng","BTG",1,"dist_str + ndvi_cv + slope + BB",-0.193109914170821,0.752716137445158,0.824391380104827
1518,"Banteng","BTG",1,"dist_str + ndvi_cv + slope + BB",-0.193143299827829,0.74245628300227,0.824363856838128
1519,"Banteng","BTG",1,"dist_str + ndvi_cv + slope + BB",-0.210651703593556,0.735838677561454,0.81005615741232
1520,"Banteng","BTG",1,"dist_str + ndvi_cv + slope + BB",-0.210161487562331,0.735878019534929,0.810453357267289
1521,"Banteng","BTG",1,"dist_str + ndvi_cv + slope + BB",-0.222357055426189,0.731677677930863,0.800629480987764
1522,"Banteng","BTG",1,"dist_str + ndvi_cv + slope + BB",-0.233469558665669,0.719590441562219,0.791781707967186
1523,"Banteng","BTG",1,"dist_str + ndvi_cv + slope + BB",-0.240732010702447,0.715739340105153,0.786052257726759
1524,"Banteng","BTG",1,"dist_str + ndvi_cv + slope + BB",-0.237300634949139,0.702768276419459,0.788754258764712
1525,"Banteng","BTG",1,"dist_str + ndvi_cv + slope + BB",-0.262514945022859,0.712006458907694,0.76911488429792
1526,"Banteng","BTG",1,"dist_str + ndvi_cv + slope + BB",-0.258586153637858,0.698028299356976,0.772142508321886
1527,"Banteng","BTG",1,"dist_str + ndvi_cv + slope + BB",-0.276368657799542,0.704824390622668,0.758533240028648
1528,"Banteng","BTG",1,"dist_str + ndvi_cv + slope + BB",-0.306854714689673,0.690913013448446,0.735757503028418
1529,"Banteng","BTG",1,"dist_str + ndvi_cv + slope + BB",-0.302982195912756,0.672736097829228,0.738612247772379
1530,"Banteng","BTG",1,"dist_str + ndvi_cv + slope + BB",-0.278603578500648,0.674694101549701,0.756839892735486
1531,"Banteng","BTG",1,"dist_str + ndvi_cv + slope + BB",-0.205059657709925,0.702026252688612,0.814598718511024
1532,"Banteng","BTG",1,"dist_str + ndvi_cv + slope + BB",-0.110547765034888,0.708799772558869,0.895343580639634
1533,"Banteng","BTG",1,"dist_str + ndvi_cv + slope + BB",-0.0653018905401466,0.711216084442103,0.936784614291429
1534,"Banteng","BTG",1,"dist_str + ndvi_cv + slope + BB",-0.0305839086067989,0.707772500038627,0.969879055499361
1535,"Banteng","BTG",1,"dist_str + ndvi_cv + slope + BB",0.0203487685940562,0.71618783468298,1.02055722688427
1536,"Banteng","BTG",1,"dist_str + ndvi_cv + slope + BB",0.0679152424812551,0.715720659033752,1.07027459155155
1537,"Banteng","BTG",1,"dist_str + ndvi_cv + slope + BB",0.113957218960601,0.725216311666653,1.12070418494504
1538,"Banteng","BTG",1,"dist_str + ndvi_cv + slope + BB",0.129140842138095,0.73187006173288,1.13785037024267
1539,"Banteng","BTG",1,"dist_str + ndvi_cv + slope + BB",0.171031852979924,0.742147746551845,1.18652878595003
1540,"Banteng","BTG",1,"dist_str + ndvi_cv + slope + BB",0.198446097302315,0.743898929786902,1.21950632335014
1541,"Banteng","BTG",1,"dist_str + ndvi_cv + slope + BB",0.232484983734793,0.763320799629485,1.26173150635618
1542,"Banteng","BTG",1,"dist_str + ndvi_cv + slope + BB",0.244473372971523,0.747234105547856,1.27694866979644
1543,"Banteng","BTG",1,"dist_str + ndvi_cv + slope + BB",0.295210362575821,0.768373649283724,1.34340893210835
1544,"Banteng","BTG",1,"dist_str + ndvi_cv + slope + BB",0.314038145235995,0.778787944334046,1.36894195925911
1545,"Banteng","BTG",1,"dist_str + ndvi_cv + slope + BB",0.299750988504179,0.778813250879202,1.34952271910985
1546,"Banteng","BTG",1,"dist_str + ndvi_cv + slope + BB",0.297731562411309,0.782185224942497,1.34680026015996
1547,"Banteng","BTG",1,"dist_str + ndvi_cv + slope + BB",0.326461176911809,0.792473384609601,1.38605443859745
1548,"Banteng","BTG",1,"dist_str + ndvi_cv + slope + BB",0.320053917096065,0.819446335004068,1.37720201706916
1549,"Banteng","BTG",1,"dist_str + ndvi_cv + slope + BB",0.324591668861344,0.831337874009918,1.38346561887329
1550,"Banteng","BTG",1,"dist_str + ndvi_cv + slope + BB",0.314875029702344,0.842325772314993,1.37008813119847
1551,"Banteng","BTG",1,"dist_str + ndvi_cv + slope + BB",0.308344193019298,0.886586498974472,1.36116944525456
1552,"Banteng","BTG",1,"dist_str + ndvi_cv + slope + BB",0.286622432369179,0.929422001556072,1.33192124176701
1553,"Banteng","BTG",1,"dist_str + ndvi_cv + slope + BB",0.303164844610754,0.966159246446179,1.35413772477475
1554,"Banteng","BTG",1,"dist_str + ndvi_cv + slope + BB",0.300208209064495,1.06515956566483,1.35013991165935
1555,"Banteng","BTG",1,"dist_str + ndvi_cv + slope + BB",-0.183772765774421,0.973520430312268,0.832125043304526
1556,"Banteng","BTG",1,"dist_str + ndvi_cv + slope + BB",-0.199837632564082,0.881178168392847,0.818863715048715
1557,"Banteng","BTG",1,"dist_str + ndvi_cv + slope + BB",-0.19295811933542,0.813370605903215,0.824516550330025
1558,"Banteng","BTG",1,"dist_str + ndvi_cv + slope + BB",-0.184141878288648,0.798726830643144,0.831817778629103
1559,"Banteng","BTG",1,"dist_str + ndvi_cv + slope + BB",-0.194129821194049,0.782903448137557,0.823550983369565
1560,"Banteng","BTG",1,"dist_str + ndvi_cv + slope + BB",-0.181308046847253,0.756004969006068,0.834178384953708
1561,"Banteng","BTG",1,"dist_str + ndvi_cv + slope + BB",-0.202707008204976,0.749826489087573,0.816517439369697
1562,"Banteng","BTG",1,"dist_str + ndvi_cv + slope + BB",-0.203159395162888,0.742614983811945,0.816148141941689
1563,"Banteng","BTG",1,"dist_str + ndvi_cv + slope + BB",-0.192059884391411,0.734973794594696,0.82525746795125
1564,"Banteng","BTG",1,"dist_str + ndvi_cv + slope + BB",-0.192692459945043,0.724684950119196,0.824735577126717
1565,"Banteng","BTG",1,"dist_str + ndvi_cv + slope + BB",-0.216217024998557,0.714788017643385,0.805560558727179
1566,"Banteng","BTG",1,"dist_str + ndvi_cv + slope + BB",-0.22295575355316,0.711326396661618,0.800150252691401
1567,"Banteng","BTG",1,"dist_str + ndvi_cv + slope + BB",-0.243980402548502,0.702039663624899,0.783502989272412
1568,"Banteng","BTG",1,"dist_str + ndvi_cv + slope + BB",-0.244403802463606,0.702861776476512,0.783171327149603
1569,"Banteng","BTG",1,"dist_str + ndvi_cv + slope + BB",-0.239645916210354,0.697851430612242,0.78690644263609
1570,"Banteng","BTG",1,"dist_str + ndvi_cv + slope + BB",-0.25025982062158,0.70173159415674,0.778598475745838
1571,"Banteng","BTG",1,"dist_str + ndvi_cv + slope + BB",-0.227910947529635,0.688327692746359,0.796195169397571
1572,"Banteng","BTG",1,"dist_str + ndvi_cv + slope + BB",-0.229340279211777,0.68740441329256,0.795057945979785
1573,"Banteng","BTG",1,"dist_str + ndvi_cv + slope + BB",-0.192599132384934,0.699065744369379,0.824812548536186
1574,"Banteng","BTG",1,"dist_str + ndvi_cv + slope + BB",-0.137985554982771,0.694583815236212,0.871111317362375
1575,"Banteng","BTG",1,"dist_str + ndvi_cv + slope + BB",-0.101464826976543,0.709425561718391,0.903512968953277
1576,"Banteng","BTG",1,"dist_str + ndvi_cv + slope + BB",-0.0403499292991453,0.709324671348282,0.960453289762983
1577,"Banteng","BTG",1,"dist_str + ndvi_cv + slope + BB",0.00979549637401354,0.710438195619042,1.00984366081411
1578,"Banteng","BTG",1,"dist_str + ndvi_cv + slope + BB",0.0469943131541458,0.719038356760494,1.04811604859431
1579,"Banteng","BTG",1,"dist_str + ndvi_cv + slope + BB",0.0845338333755064,0.721211757737387,1.08820970596951
1580,"Banteng","BTG",1,"dist_str + ndvi_cv + slope + BB",0.11700459331624,0.72885052357532,1.12412459331367
1581,"Banteng","BTG",1,"dist_str + ndvi_cv + slope + BB",0.151653028759888,0.734172535596333,1.16375662524493
1582,"Banteng","BTG",1,"dist_str + ndvi_cv + slope + BB",0.191574492117595,0.740098766781971,1.21115505619952
1583,"Banteng","BTG",1,"dist_str + ndvi_cv + slope + BB",0.232329038281917,0.744143965140447,1.2615347600224
1584,"Banteng","BTG",1,"dist_str + ndvi_cv + slope + BB",0.262761489855666,0.747397233964641,1.30051653059254
1585,"Banteng","BTG",1,"dist_str + ndvi_cv + slope + BB",0.301329423716021,0.751735387483475,1.35165453897903
1586,"Banteng","BTG",1,"dist_str + ndvi_cv + slope + BB",0.310599360525876,0.749840971757564,1.36424254714711
1587,"Banteng","BTG",1,"dist_str + ndvi_cv + slope + BB",0.33312404698443,0.779280491861723,1.39532037307407
1588,"Banteng","BTG",1,"dist_str + ndvi_cv + slope + BB",0.342437725605741,0.768342428027361,1.40837664605807
1589,"Banteng","BTG",1,"dist_str + ndvi_cv + slope + BB",0.342057736969366,0.791090853641694,1.40784159406884
1590,"Banteng","BTG",1,"dist_str + ndvi_cv + slope + BB",0.346458841548054,0.794679241348335,1.41405129251432
1591,"Banteng","BTG",1,"dist_str + ndvi_cv + slope + BB",0.344158340133066,0.822068845424349,1.41080201305646
1592,"Banteng","BTG",1,"dist_str + ndvi_cv + slope + BB",0.358181997176165,0.838833402303805,1.43072602293131
1593,"Banteng","BTG",1,"dist_str + ndvi_cv + slope + BB",0.322443364992118,0.863292576667482,1.38049674719603
1594,"Banteng","BTG",1,"dist_str + ndvi_cv + slope + BB",0.314417550789501,0.899733100961182,1.36946144606795
1595,"Banteng","BTG",1,"dist_str + ndvi_cv + slope + BB",0.299234859804668,0.950389124918986,1.34882638330242
1596,"Banteng","BTG",1,"dist_str + ndvi_cv + slope + BB",0.306913845641523,1.01231469620569,1.35922400241343
1597,"Banteng","BTG",1,"dist_str + ndvi_cv + slope + BB",0.29667514160947,1.09996454803772,1.3453783174796
1598,"Banteng","BTG",1,"dist_str + ndvi_cv + slope + BB",0.309656620732705,1.23683646579919,1.36295723316929
1599,"Banteng","BTG",1,"dist_str + ndvi_cv + slope + BB",-0.187432466072391,0.901453749283594,0.829085235080761
1600,"Banteng","BTG",1,"dist_str + ndvi_cv + slope + BB",-0.18677231461477,0.820829248157508,0.829632635007868
1601,"Banteng","BTG",1,"dist_str + ndvi_cv + slope + BB",-0.192731483885455,0.789635586258122,0.824703394084865
1602,"Banteng","BTG",1,"dist_str + ndvi_cv + slope + BB",-0.179735362012484,0.772081136803827,0.835491318685213
1603,"Banteng","BTG",1,"dist_str + ndvi_cv + slope + BB",-0.200423206187924,0.762676766630534,0.818384346280445
1604,"Banteng","BTG",1,"dist_str + ndvi_cv + slope + BB",-0.202245854945158,0.74284064212583,0.81689406600216
1605,"Banteng","BTG",1,"dist_str + ndvi_cv + slope + BB",-0.207540943337055,0.737643294555477,0.812579975218314
1606,"Banteng","BTG",1,"dist_str + ndvi_cv + slope + BB",-0.195990445861421,0.72365578421285,0.822020095509298
1607,"Banteng","BTG",1,"dist_str + ndvi_cv + slope + BB",-0.211015433514965,0.731048493135001,0.809761615525771
1608,"Banteng","BTG",1,"dist_str + ndvi_cv + slope + BB",-0.233384781146842,0.71973829091668,0.791848827490362
1609,"Banteng","BTG",1,"dist_str + ndvi_cv + slope + BB",-0.223539165393621,0.718318260520231,0.799683573146971
1610,"Banteng","BTG",1,"dist_str + ndvi_cv + slope + BB",-0.240352888110293,0.71562278202607,0.786350347358118
1611,"Banteng","BTG",1,"dist_str + ndvi_cv + slope + BB",-0.254289822274603,0.706436012644279,0.775467044322311
1612,"Banteng","BTG",1,"dist_str + ndvi_cv + slope + BB",-0.23155884175287,0.697889184539149,0.793296044765275
1613,"Banteng","BTG",1,"dist_str + ndvi_cv + slope + BB",-0.233285413172217,0.692733870217602,0.791927514789333
1614,"Banteng","BTG",1,"dist_str + ndvi_cv + slope + BB",-0.201684554431248,0.698788422493659,0.817352717664621
1615,"Banteng","BTG",1,"dist_str + ndvi_cv + slope + BB",-0.185873670286625,0.702109632563097,0.830378518373094
1616,"Banteng","BTG",1,"dist_str + ndvi_cv + slope + BB",-0.155073046658897,0.69846355999668,0.856352621557297
1617,"Banteng","BTG",1,"dist_str + ndvi_cv + slope + BB",-0.120439411175058,0.701124685668846,0.886530812004845
1618,"Banteng","BTG",1,"dist_str + ndvi_cv + slope + BB",-0.0441279619867339,0.714412349418311,0.956831529458406
1619,"Banteng","BTG",1,"dist_str + ndvi_cv + slope + BB",0.00225900365885823,0.710421227190417,1.00226161966927
1620,"Banteng","BTG",1,"dist_str + ndvi_cv + slope + BB",0.0398841763216069,0.712016976661344,1.04069023277929
1621,"Banteng","BTG",1,"dist_str + ndvi_cv + slope + BB",0.0587479955025868,0.729588252142962,1.06050795916323
1622,"Banteng","BTG",1,"dist_str + ndvi_cv + slope + BB",0.0959778918085197,0.717182864188194,1.10073472849825
1623,"Banteng","BTG",1,"dist_str + ndvi_cv + slope + BB",0.161912995192713,0.72254294500961,1.17575794317991
1624,"Banteng","BTG",1,"dist_str + ndvi_cv + slope + BB",0.19137523094005,0.73362145335425,1.21091374235545
1625,"Banteng","BTG",1,"dist_str + ndvi_cv + slope + BB",0.239644533193335,0.736218967992094,1.27079734379607
1626,"Banteng","BTG",1,"dist_str + ndvi_cv + slope + BB",0.263312567447039,0.747821814483846,1.30123339501268
1627,"Banteng","BTG",1,"dist_str + ndvi_cv + slope + BB",0.301895749609144,0.745528685196393,1.35242027090336
1628,"Banteng","BTG",1,"dist_str + ndvi_cv + slope + BB",0.335274412810612,0.741306638804906,1.39832405064265
1629,"Banteng","BTG",1,"dist_str + ndvi_cv + slope + BB",0.356893630038642,0.753761494824732,1.42888397951816
1630,"Banteng","BTG",1,"dist_str + ndvi_cv + slope + BB",0.369525256543923,0.763282018814553,1.44704759247139
1631,"Banteng","BTG",1,"dist_str + ndvi_cv + slope + BB",0.370923189686282,0.785554570466244,1.44907176555998
1632,"Banteng","BTG",1,"dist_str + ndvi_cv + slope + BB",0.403631362469192,0.788415293616034,1.49725202666107
1633,"Banteng","BTG",1,"dist_str + ndvi_cv + slope + BB",0.374947572888231,0.806598745199781,1.4549151387016
1634,"Banteng","BTG",1,"dist_str + ndvi_cv + slope + BB",0.382858939069615,0.814239364277174,1.46647117484731
1635,"Banteng","BTG",1,"dist_str + ndvi_cv + slope + BB",0.373536130026522,0.833963162110809,1.452863060378
1636,"Banteng","BTG",1,"dist_str + ndvi_cv + slope + BB",0.362511099886129,0.881590909594607,1.43693317790537
1637,"Banteng","BTG",1,"dist_str + ndvi_cv + slope + BB",0.317948405525771,0.944112254086865,1.37430559659088
1638,"Banteng","BTG",1,"dist_str + ndvi_cv + slope + BB",0.298398713177193,1.05477604733044,1.34769902933404
1639,"Banteng","BTG",1,"dist_str + ndvi_cv + slope + BB",0.310111329239487,1.09716048728502,1.36357691381251
1640,"Banteng","BTG",1,"dist_str + ndvi_cv + slope + BB",0.28726709173165,1.16691814181743,1.33278014493693
1641,"Banteng","BTG",1,"dist_str + ndvi_cv + slope + BB",0.306242464871624,1.27682690888723,1.35831161231795
1642,"Banteng","BTG",1,"dist_str + ndvi_cv + slope + BB",-0.163377531198309,0.931302703309416,0.849270501879779
1643,"Banteng","BTG",1,"dist_str + ndvi_cv + slope + BB",-0.185117290046863,0.825611912727786,0.831006813244827
1644,"Banteng","BTG",1,"dist_str + ndvi_cv + slope + BB",-0.176584814242895,0.795457551358213,0.838127692834372
1645,"Banteng","BTG",1,"dist_str + ndvi_cv + slope + BB",-0.171887941091695,0.76946648114937,0.842073531034219
1646,"Banteng","BTG",1,"dist_str + ndvi_cv + slope + BB",-0.164976285346631,0.758518026736493,0.847913879591462
1647,"Banteng","BTG",1,"dist_str + ndvi_cv + slope + BB",-0.200195838172762,0.745713459700162,0.818570449991886
1648,"Banteng","BTG",1,"dist_str + ndvi_cv + slope + BB",-0.187951880349373,0.745494318589443,0.828654595998893
1649,"Banteng","BTG",1,"dist_str + ndvi_cv + slope + BB",-0.160592399338579,0.732966320531798,0.851639154253633
1650,"Banteng","BTG",1,"dist_str + ndvi_cv + slope + BB",-0.213436392460922,0.726026322393149,0.807803649078638
1651,"Banteng","BTG",1,"dist_str + ndvi_cv + slope + BB",-0.213980583817565,0.70518076782073,0.807364071254311
1652,"Banteng","BTG",1,"dist_str + ndvi_cv + slope + BB",-0.241707849281929,0.701142777091736,0.785285609624247
1653,"Banteng","BTG",1,"dist_str + ndvi_cv + slope + BB",-0.259915075737395,0.70149314960611,0.771117069577607
1654,"Banteng","BTG",1,"dist_str + ndvi_cv + slope + BB",-0.259166498506367,0.693597379101618,0.771694534560509
1655,"Banteng","BTG",1,"dist_str + ndvi_cv + slope + BB",-0.244196145435581,0.697669401684857,0.783333972379656
1656,"Banteng","BTG",1,"dist_str + ndvi_cv + slope + BB",-0.196081756245764,0.711139444446226,0.821945033173018
1657,"Banteng","BTG",1,"dist_str + ndvi_cv + slope + BB",-0.167716881376637,0.707273739470541,0.845593234616282
1658,"Banteng","BTG",1,"dist_str + ndvi_cv + slope + BB",-0.144739200292059,0.702728354349453,0.865247924031492
1659,"Banteng","BTG",1,"dist_str + ndvi_cv + slope + BB",-0.110909368327534,0.696159009301812,0.895019984015338
1660,"Banteng","BTG",1,"dist_str + ndvi_cv + slope + BB",-0.0546074656360894,0.713746839018119,0.94685674886517
1661,"Banteng","BTG",1,"dist_str + ndvi_cv + slope + BB",-0.0454847675357895,0.712611859533361,0.955534159194126
1662,"Banteng","BTG",1,"dist_str + ndvi_cv + slope + BB",0.00498844015011363,0.714980312464295,1.00500094633078
1663,"Banteng","BTG",1,"dist_str + ndvi_cv + slope + BB",0.0662846090178039,0.699011109487674,1.06853078964048
1664,"Banteng","BTG",1,"dist_str + ndvi_cv + slope + BB",0.0793381816240624,0.72205919303216,1.0825704845551
1665,"Banteng","BTG",1,"dist_str + ndvi_cv + slope + BB",0.121468588587911,0.714168080178652,1.12915390402546
1666,"Banteng","BTG",1,"dist_str + ndvi_cv + slope + BB",0.180078284203079,0.71288678812842,1.19731109997603
1667,"Banteng","BTG",1,"dist_str + ndvi_cv + slope + BB",0.224316977057582,0.726834172209996,1.25146764318407
1668,"Banteng","BTG",1,"dist_str + ndvi_cv + slope + BB",0.283864203897439,0.738753368908753,1.32825255491914
1669,"Banteng","BTG",1,"dist_str + ndvi_cv + slope + BB",0.327229527153465,0.734616966902022,1.38711982264792
1670,"Banteng","BTG",1,"dist_str + ndvi_cv + slope + BB",0.342858475873369,0.743304891058181,1.40896934506013
1671,"Banteng","BTG",1,"dist_str + ndvi_cv + slope + BB",0.362503348636437,0.746302356853534,1.43692203472058
1672,"Banteng","BTG",1,"dist_str + ndvi_cv + slope + BB",0.384546994012548,0.7529241371232,1.46894872815585
1673,"Banteng","BTG",1,"dist_str + ndvi_cv + slope + BB",0.407242223651244,0.76984014459946,1.50266805766154
1674,"Banteng","BTG",1,"dist_str + ndvi_cv + slope + BB",0.395586637076692,0.783274959365247,1.48525531587131
1675,"Banteng","BTG",1,"dist_str + ndvi_cv + slope + BB",0.40754997491626,0.785130242680256,1.50313058377605
1676,"Banteng","BTG",1,"dist_str + ndvi_cv + slope + BB",0.412883518690224,0.808726857787974,1.51116900205053
1677,"Banteng","BTG",1,"dist_str + ndvi_cv + slope + BB",0.40863924030639,0.82535012435659,1.50476876758556
1678,"Banteng","BTG",1,"dist_str + ndvi_cv + slope + BB",0.4078564219587,0.848809314516042,1.50359126389636
1679,"Banteng","BTG",1,"dist_str + ndvi_cv + slope + BB",0.397512041406144,0.912553133266941,1.4881177328611
1680,"Banteng","BTG",1,"dist_str + ndvi_cv + slope + BB",0.309509564402963,1.31459633313002,1.3627567616459
1681,"Banteng","BTG",1,"dist_str + ndvi_cv + slope + BB",0.307857109987236,1.40685780410445,1.3605066629842
1682,"Banteng","BTG",1,"dist_str + ndvi_cv + slope + BB",-0.151005576739806,0.935744570460037,0.859842918910834
1683,"Banteng","BTG",1,"dist_str + ndvi_cv + slope + BB",-0.165110085839182,0.823100741201853,0.847800381820275
1684,"Banteng","BTG",1,"dist_str + ndvi_cv + slope + BB",-0.155929130386636,0.79686050989677,0.8556198259913
1685,"Banteng","BTG",1,"dist_str + ndvi_cv + slope + BB",-0.166472421138747,0.771545582192388,0.846646172007356
1686,"Banteng","BTG",1,"dist_str + ndvi_cv + slope + BB",-0.146053124261554,0.747915178707877,0.864111796685003
1687,"Banteng","BTG",1,"dist_str + ndvi_cv + slope + BB",-0.166606925772916,0.753046021805233,0.84653229847202
1688,"Banteng","BTG",1,"dist_str + ndvi_cv + slope + BB",-0.192814375450876,0.734464291555356,0.824635183374582
1689,"Banteng","BTG",1,"dist_str + ndvi_cv + slope + BB",-0.19380502454595,0.724454627454341,0.823818513079581
1690,"Banteng","BTG",1,"dist_str + ndvi_cv + slope + BB",-0.221165929248013,0.708394898803743,0.801583664808594
1691,"Banteng","BTG",1,"dist_str + ndvi_cv + slope + BB",-0.241994159036694,0.708222373848704,0.785060785800236
1692,"Banteng","BTG",1,"dist_str + ndvi_cv + slope + BB",-0.262672301078554,0.695532282280657,0.768993855750342
1693,"Banteng","BTG",1,"dist_str + ndvi_cv + slope + BB",-0.348794918775264,0.66690905573205,0.705537808227778
1694,"Banteng","BTG",1,"dist_str + ndvi_cv + slope + BB",-0.248235300122935,0.695179043345169,0.780176347397071
1695,"Banteng","BTG",1,"dist_str + ndvi_cv + slope + BB",-0.208074187270425,0.705069346757935,0.812146783580879
1696,"Banteng","BTG",1,"dist_str + ndvi_cv + slope + BB",-0.170192759709163,0.705488075565144,0.843502225117952
1697,"Banteng","BTG",1,"dist_str + ndvi_cv + slope + BB",-0.120874158976695,0.710122834259737,0.8861454733876
1698,"Banteng","BTG",1,"dist_str + ndvi_cv + slope + BB",-0.123096318866196,0.692126189221466,0.884178495530767
1699,"Banteng","BTG",1,"dist_str + ndvi_cv + slope + BB",-0.0798060197359592,0.682974309754848,0.923295430921591
1700,"Banteng","BTG",1,"dist_str + ndvi_cv + slope + BB",-0.0171963827584391,0.706206508734965,0.982950635759622
1701,"Banteng","BTG",1,"dist_str + ndvi_cv + slope + BB",0.0155006167411976,0.708352043838579,1.0156213748237
1702,"Banteng","BTG",1,"dist_str + ndvi_cv + slope + BB",0.0513363212803526,0.700992852254369,1.05267687147224
1703,"Banteng","BTG",1,"dist_str + ndvi_cv + slope + BB",0.0591478816907203,0.700112484090552,1.06093212162348
1704,"Banteng","BTG",1,"dist_str + ndvi_cv + slope + BB",0.0653651041727092,0.686559112463014,1.06754874136734
1705,"Banteng","BTG",1,"dist_str + ndvi_cv + slope + BB",0.137308698870536,0.710116467116938,1.14718250552256
1706,"Banteng","BTG",1,"dist_str + ndvi_cv + slope + BB",0.217069616983859,0.72252874240711,1.24243060216025
1707,"Banteng","BTG",1,"dist_str + ndvi_cv + slope + BB",0.284321294041724,0.721930340349874,1.32885982585212
1708,"Banteng","BTG",1,"dist_str + ndvi_cv + slope + BB",0.319650312502012,0.735616001598554,1.37664629096523
1709,"Banteng","BTG",1,"dist_str + ndvi_cv + slope + BB",0.343561399097963,0.72971565708714,1.40996010457424
1710,"Banteng","BTG",1,"dist_str + ndvi_cv + slope + BB",0.392237128287584,0.751002004053264,1.48028869243116
1711,"Banteng","BTG",1,"dist_str + ndvi_cv + slope + BB",0.414245163084563,0.758496118565644,1.51322809542272
1712,"Banteng","BTG",1,"dist_str + ndvi_cv + slope + BB",0.44586048217696,0.759984320309366,1.56183355171601
1713,"Banteng","BTG",1,"dist_str + ndvi_cv + slope + BB",0.445756538073158,0.767183788200247,1.56167123277632
1714,"Banteng","BTG",1,"dist_str + ndvi_cv + slope + BB",0.453401919272083,0.785608116859074,1.57365654496332
1715,"Banteng","BTG",1,"dist_str + ndvi_cv + slope + BB",0.471635383747919,0.800015532425298,1.60261294089095
1716,"Banteng","BTG",1,"dist_str + ndvi_cv + slope + BB",0.446135498476472,0.814172185161873,1.5622631600837
1717,"Banteng","BTG",1,"dist_str + ndvi_cv + slope + BB",0.45548353289194,0.830763528360629,1.57693570006524
1718,"Banteng","BTG",1,"dist_str + ndvi_cv + slope + BB",0.449379529964196,0.864949030960133,1.56733948996735
1719,"Banteng","BTG",1,"dist_str + ndvi_cv + slope + BB",0.456238592292979,0.985490736778349,1.57812683712895
1720,"Banteng","BTG",1,"dist_str + ndvi_cv + slope + BB",-0.137417712294911,0.936352679433926,0.871606070317452
1721,"Banteng","BTG",1,"dist_str + ndvi_cv + slope + BB",-0.14826820791558,0.828899218250086,0.862199982718931
1722,"Banteng","BTG",1,"dist_str + ndvi_cv + slope + BB",-0.153875994272566,0.795050324618553,0.857378337443617
1723,"Banteng","BTG",1,"dist_str + ndvi_cv + slope + BB",-0.149085665863019,0.780842153561014,0.861495311559442
1724,"Banteng","BTG",1,"dist_str + ndvi_cv + slope + BB",-0.150947567749154,0.751707745098015,0.859892790364173
1725,"Banteng","BTG",1,"dist_str + ndvi_cv + slope + BB",-0.143184374844056,0.750854517359847,0.866594283885509
1726,"Banteng","BTG",1,"dist_str + ndvi_cv + slope + BB",-0.180213600544857,0.725644790998447,0.83509181634975
1727,"Banteng","BTG",1,"dist_str + ndvi_cv + slope + BB",-0.189586075915877,0.727303557371239,0.827301503168944
1728,"Banteng","BTG",1,"dist_str + ndvi_cv + slope + BB",-0.211150843414919,0.710925841975922,0.809651933903689
1729,"Banteng","BTG",1,"dist_str + ndvi_cv + slope + BB",-0.197193886453244,0.697537897544626,0.821031433284249
1730,"Banteng","BTG",1,"dist_str + ndvi_cv + slope + BB",-0.252066961621486,0.695790054677384,0.777192709749521
1731,"Banteng","BTG",1,"dist_str + ndvi_cv + slope + BB",-0.301579248833773,0.665077858297902,0.739649210476162
1732,"Banteng","BTG",1,"dist_str + ndvi_cv + slope + BB",-0.226810850205148,0.685267150644415,0.797071534215047
1733,"Banteng","BTG",1,"dist_str + ndvi_cv + slope + BB",-0.185129408776461,0.688653549902525,0.830996788156764
1734,"Banteng","BTG",1,"dist_str + ndvi_cv + slope + BB",-0.125343207307128,0.690675260903467,0.882194085575992
1735,"Banteng","BTG",1,"dist_str + ndvi_cv + slope + BB",-0.0964752190140452,0.696886273119129,0.908032401143665
1736,"Banteng","BTG",1,"dist_str + ndvi_cv + slope + BB",-0.0832245436809892,0.703171018473573,0.920144513635495
1737,"Banteng","BTG",1,"dist_str + ndvi_cv + slope + BB",-0.0320821686351528,0.693938686085935,0.968427004487595
1738,"Banteng","BTG",1,"dist_str + ndvi_cv + slope + BB",0.0310249272881978,0.705611285478999,1.03151125358629
1739,"Banteng","BTG",1,"dist_str + ndvi_cv + slope + BB",0.0693263322663202,0.692278518474301,1.07178592163224
1740,"Banteng","BTG",1,"dist_str + ndvi_cv + slope + BB",0.111657350310901,0.698371928966969,1.11812966849295
1741,"Banteng","BTG",1,"dist_str + ndvi_cv + slope + BB",0.127096277270817,0.692361730474301,1.13552633852593
1742,"Banteng","BTG",1,"dist_str + ndvi_cv + slope + BB",0.0971900533821947,0.669927806405296,1.10206989766566
1743,"Banteng","BTG",1,"dist_str + ndvi_cv + slope + BB",0.181370666155479,0.702494232425834,1.19885947561805
1744,"Banteng","BTG",1,"dist_str + ndvi_cv + slope + BB",0.27398015360076,0.719050308188153,1.31518878108561
1745,"Banteng","BTG",1,"dist_str + ndvi_cv + slope + BB",0.337075321522724,0.729454377917965,1.40084457625084
1746,"Banteng","BTG",1,"dist_str + ndvi_cv + slope + BB",0.386029441289398,0.726482202359521,1.4711279909
1747,"Banteng","BTG",1,"dist_str + ndvi_cv + slope + BB",0.423914287174992,0.73176872182842,1.52793063694257
1748,"Banteng","BTG",1,"dist_str + ndvi_cv + slope + BB",0.433368990802148,0.738722652352164,1.54244547231942
1749,"Banteng","BTG",1,"dist_str + ndvi_cv + slope + BB",0.462221116710807,0.7574618294059,1.58759631596972
1750,"Banteng","BTG",1,"dist_str + ndvi_cv + slope + BB",0.497915672514021,0.75008772660784,1.64528840429083
1751,"Banteng","BTG",1,"dist_str + ndvi_cv + slope + BB",0.48547752682748,0.777485045692445,1.6249507831537
1752,"Banteng","BTG",1,"dist_str + ndvi_cv + slope + BB",0.499349612849265,0.775408786795281,1.64764932482728
1753,"Banteng","BTG",1,"dist_str + ndvi_cv + slope + BB",0.48305303302218,0.800805197338959,1.62101589850333
1754,"Banteng","BTG",1,"dist_str + ndvi_cv + slope + BB",0.49080977862401,0.807962978781953,1.63363857436855
1755,"Banteng","BTG",1,"dist_str + ndvi_cv + slope + BB",0.505278084497624,0.844250962049431,1.65744645193734
1756,"Banteng","BTG",1,"dist_str + ndvi_cv + slope + BB",0.493746210180908,0.884937637076543,1.63844279859283
1757,"Banteng","BTG",1,"dist_str + ndvi_cv + slope + BB",0.493349332544141,1.00083591581453,1.63779255587809
1758,"Banteng","BTG",1,"dist_str + ndvi_cv + slope + BB",-0.130431204436259,1.06271063562446,0.877716874810664
1759,"Banteng","BTG",1,"dist_str + ndvi_cv + slope + BB",-0.154070649067189,0.903628342374809,0.85721149958756
1760,"Banteng","BTG",1,"dist_str + ndvi_cv + slope + BB",-0.153985093898587,0.840181545609709,0.857284822717854
1761,"Banteng","BTG",1,"dist_str + ndvi_cv + slope + BB",-0.147513390148743,0.796169749216893,0.862850891586951
1762,"Banteng","BTG",1,"dist_str + ndvi_cv + slope + BB",-0.137143851689804,0.777958208262784,0.871844827162984
1763,"Banteng","BTG",1,"dist_str + ndvi_cv + slope + BB",-0.158176724039898,0.768470420504903,0.853698901961488
1764,"Banteng","BTG",1,"dist_str + ndvi_cv + slope + BB",-0.150469702878664,0.747824960072152,0.860303795778139
1765,"Banteng","BTG",1,"dist_str + ndvi_cv + slope + BB",-0.155001208571977,0.739854599421997,0.856414156257642
1766,"Banteng","BTG",1,"dist_str + ndvi_cv + slope + BB",-0.186039325863926,0.730578779346601,0.830240946423802
1767,"Banteng","BTG",1,"dist_str + ndvi_cv + slope + BB",-0.17722046503106,0.714051192987592,0.837595133682548
1768,"Banteng","BTG",1,"dist_str + ndvi_cv + slope + BB",-0.193151206216903,0.702139039656106,0.82435749153211
1769,"Banteng","BTG",1,"dist_str + ndvi_cv + slope + BB",-0.194032208145071,0.698378018921067,0.823631376789603
1770,"Banteng","BTG",1,"dist_str + ndvi_cv + slope + BB",-0.198056919850731,0.700064596495775,0.82032316943556
1771,"Banteng","BTG",1,"dist_str + ndvi_cv + slope + BB",-0.166718367676977,0.690414842819442,0.846437962083208
1772,"Banteng","BTG",1,"dist_str + ndvi_cv + slope + BB",-0.126253247961668,0.692435368048518,0.881391620870806
1773,"Banteng","BTG",1,"dist_str + ndvi_cv + slope + BB",-0.0832103592179589,0.709353599678981,0.920157590712459
1774,"Banteng","BTG",1,"dist_str + ndvi_cv + slope + BB",-0.0472398873962905,0.703569643433276,0.953858783772859
1775,"Banteng","BTG",1,"dist_str + ndvi_cv + slope + BB",0.00134547873208985,0.694898241159515,1.00134640145152
1776,"Banteng","BTG",1,"dist_str + ndvi_cv + slope + BB",0.0295111534289232,0.695677209591206,1.02995092589707
1777,"Banteng","BTG",1,"dist_str + ndvi_cv + slope + BB",0.100482984730406,0.704933051957777,1.10570482832353
1778,"Banteng","BTG",1,"dist_str + ndvi_cv + slope + BB",0.12032869902279,0.697251558242535,1.12786753737974
1779,"Banteng","BTG",1,"dist_str + ndvi_cv + slope + BB",0.151808867078195,0.695892019844285,1.1639379022935
1780,"Banteng","BTG",1,"dist_str + ndvi_cv + slope + BB",0.194034195270523,0.697216283202698,1.21413785923827
1781,"Banteng","BTG",1,"dist_str + ndvi_cv + slope + BB",0.224779442941041,0.708709202251413,1.25204653898198
1782,"Banteng","BTG",1,"dist_str + ndvi_cv + slope + BB",0.27434980726976,0.705741549860176,1.31567496882503
1783,"Banteng","BTG",1,"dist_str + ndvi_cv + slope + BB",0.321863846075551,0.722045776952841,1.3796969120213
1784,"Banteng","BTG",1,"dist_str + ndvi_cv + slope + BB",0.396289564857342,0.729218279305054,1.48629963910924
1785,"Banteng","BTG",1,"dist_str + ndvi_cv + slope + BB",0.454905209563213,0.716069697203144,1.57602398439879
1786,"Banteng","BTG",1,"dist_str + ndvi_cv + slope + BB",0.485702421709702,0.739875099681908,1.62531626712258
1787,"Banteng","BTG",1,"dist_str + ndvi_cv + slope + BB",0.495310440968678,0.744399284926487,1.64100759981847
1788,"Banteng","BTG",1,"dist_str + ndvi_cv + slope + BB",0.518757242915428,0.744220155932569,1.67993859687748
1789,"Banteng","BTG",1,"dist_str + ndvi_cv + slope + BB",0.545555164091563,0.772448811433045,1.72556609097377
1790,"Banteng","BTG",1,"dist_str + ndvi_cv + slope + BB",0.56123077045002,0.773850366577427,1.75282850840397
1791,"Banteng","BTG",1,"dist_str + ndvi_cv + slope + BB",0.540072214554315,0.776605959718527,1.71613082160847
1792,"Banteng","BTG",1,"dist_str + ndvi_cv + slope + BB",0.559453011060517,0.795051614582485,1.74971518705271
1793,"Banteng","BTG",1,"dist_str + ndvi_cv + slope + BB",0.539699526519437,0.824683081206188,1.71549144404853
1794,"Banteng","BTG",1,"dist_str + ndvi_cv + slope + BB",0.526773780106243,0.848205461590729,1.69346001629694
1795,"Banteng","BTG",1,"dist_str + ndvi_cv + slope + BB",0.540259563319964,0.916584259690477,1.71645241479081
1796,"Banteng","BTG",1,"dist_str + ndvi_cv + slope + BB",0.528133225666034,1.00201034930766,1.69576377535584
1797,"Banteng","BTG",1,"dist_str + ndvi_cv + slope + BB",-0.121095399774749,1.0228908831212,0.885949436235861
1798,"Banteng","BTG",1,"dist_str + ndvi_cv + slope + BB",-0.115103737010677,0.900464973870725,0.891273704662595
1799,"Banteng","BTG",1,"dist_str + ndvi_cv + slope + BB",-0.118317810607052,0.842430231797787,0.888413818917437
1800,"Banteng","BTG",1,"dist_str + ndvi_cv + slope + BB",-0.125671220106981,0.81625843514393,0.881904755378152
1801,"Banteng","BTG",1,"dist_str + ndvi_cv + slope + BB",-0.141712044912776,0.77418099366631,0.867871169443409
1802,"Banteng","BTG",1,"dist_str + ndvi_cv + slope + BB",-0.134544417033997,0.756485544493474,0.874114073487396
1803,"Banteng","BTG",1,"dist_str + ndvi_cv + slope + BB",-0.153050713673076,0.752193317083754,0.858086223533293
1804,"Banteng","BTG",1,"dist_str + ndvi_cv + slope + BB",-0.145842494742483,0.726858611807266,0.864293823813921
1805,"Banteng","BTG",1,"dist_str + ndvi_cv + slope + BB",-0.159083993513453,0.713794183352712,0.852924778097445
1806,"Banteng","BTG",1,"dist_str + ndvi_cv + slope + BB",-0.171139000415107,0.713827482618564,0.842704493164665
1807,"Banteng","BTG",1,"dist_str + ndvi_cv + slope + BB",-0.160938751715619,0.699429405027203,0.851344273343191
1808,"Banteng","BTG",1,"dist_str + ndvi_cv + slope + BB",-0.173912734152447,0.692320285818489,0.840370230125858
1809,"Banteng","BTG",1,"dist_str + ndvi_cv + slope + BB",-0.14104604434544,0.697085222318317,0.868449398780033
1810,"Banteng","BTG",1,"dist_str + ndvi_cv + slope + BB",-0.125843454297133,0.691864135183845,0.881752871225243
1811,"Banteng","BTG",1,"dist_str + ndvi_cv + slope + BB",-0.081861344984887,0.691815784283404,0.921399762227885
1812,"Banteng","BTG",1,"dist_str + ndvi_cv + slope + BB",-0.054976071495699,0.692831535707424,0.946507796469932
1813,"Banteng","BTG",1,"dist_str + ndvi_cv + slope + BB",-0.000958021805375692,0.702613425627269,0.999042534852581
1814,"Banteng","BTG",1,"dist_str + ndvi_cv + slope + BB",0.0620668016787054,0.696285709188038,1.06403342157304
1815,"Banteng","BTG",1,"dist_str + ndvi_cv + slope + BB",0.100351210185311,0.698165928241728,1.10555913355255
1816,"Banteng","BTG",1,"dist_str + ndvi_cv + slope + BB",0.147542525947308,0.706488035640001,1.15898288506186
1817,"Banteng","BTG",1,"dist_str + ndvi_cv + slope + BB",0.193166415766946,0.710040487041179,1.2130848042021
1818,"Banteng","BTG",1,"dist_str + ndvi_cv + slope + BB",0.233961495419729,0.705588755439226,1.26359583712423
1819,"Banteng","BTG",1,"dist_str + ndvi_cv + slope + BB",0.273507166017787,0.705594045431531,1.31456677938811
1820,"Banteng","BTG",1,"dist_str + ndvi_cv + slope + BB",0.31810750471702,0.702709585308985,1.3745240439741
1821,"Banteng","BTG",1,"dist_str + ndvi_cv + slope + BB",0.380272042236458,0.720537005532019,1.4626824467763
1822,"Banteng","BTG",1,"dist_str + ndvi_cv + slope + BB",0.418076856681137,0.72438339706235,1.51903779134789
1823,"Banteng","BTG",1,"dist_str + ndvi_cv + slope + BB",0.470930146851534,0.713285370186889,1.60148346797955
1824,"Banteng","BTG",1,"dist_str + ndvi_cv + slope + BB",0.482777556621573,0.721268188465697,1.62056938233389
1825,"Banteng","BTG",1,"dist_str + ndvi_cv + slope + BB",0.536435030585189,0.723934373964895,1.70990024843475
1826,"Banteng","BTG",1,"dist_str + ndvi_cv + slope + BB",0.577052707233736,0.734544494150969,1.7807822901457
1827,"Banteng","BTG",1,"dist_str + ndvi_cv + slope + BB",0.591060383782103,0.751925433654725,1.80590237257799
1828,"Banteng","BTG",1,"dist_str + ndvi_cv + slope + BB",0.600398974751357,0.766432863861766,1.82284620667235
1829,"Banteng","BTG",1,"dist_str + ndvi_cv + slope + BB",0.606534671849939,0.775160236104792,1.83406473774834
1830,"Banteng","BTG",1,"dist_str + ndvi_cv + slope + BB",0.595609398826546,0.7775534496076,1.8141361520242
1831,"Banteng","BTG",1,"dist_str + ndvi_cv + slope + BB",0.598815261041034,0.794911731107596,1.81996135175041
1832,"Banteng","BTG",1,"dist_str + ndvi_cv + slope + BB",0.584107125596832,0.830015682245163,1.79338899959521
1833,"Banteng","BTG",1,"dist_str + ndvi_cv + slope + BB",0.592949788463837,0.866727095012254,1.80931765907468
1834,"Banteng","BTG",1,"dist_str + ndvi_cv + slope + BB",0.561914670821901,0.929850357177104,1.75402767366661
1835,"Banteng","BTG",1,"dist_str + ndvi_cv + slope + BB",0.560312521191596,1.02228771856111,1.75121977926591
1836,"Banteng","BTG",1,"dist_str + ndvi_cv + slope + BB",0.539150742925126,1.1600388754205,1.71455015141857
1837,"Banteng","BTG",1,"dist_str + ndvi_cv + slope + BB",-0.120109301150062,1.02877818732684,0.886823563955186
1838,"Banteng","BTG",1,"dist_str + ndvi_cv + slope + BB",-0.12053211272258,0.902447714899401,0.886449068607417
1839,"Banteng","BTG",1,"dist_str + ndvi_cv + slope + BB",-0.132507823859857,0.85074384473632,0.875896087506743
1840,"Banteng","BTG",1,"dist_str + ndvi_cv + slope + BB",-0.12411368299501,0.815549360416667,0.883279425267513
1841,"Banteng","BTG",1,"dist_str + ndvi_cv + slope + BB",-0.11356746597172,0.777302651283756,0.89264397902372
1842,"Banteng","BTG",1,"dist_str + ndvi_cv + slope + BB",-0.118688966688916,0.76255880957762,0.888083985853437
1843,"Banteng","BTG",1,"dist_str + ndvi_cv + slope + BB",-0.114815788621977,0.749899156986551,0.891530361181269
1844,"Banteng","BTG",1,"dist_str + ndvi_cv + slope + BB",-0.135324671097387,0.728979900828787,0.873432287430884
1845,"Banteng","BTG",1,"dist_str + ndvi_cv + slope + BB",-0.137567450676163,0.724097501264774,0.871475580066944
1846,"Banteng","BTG",1,"dist_str + ndvi_cv + slope + BB",-0.132927746740344,0.726788212423932,0.875528349773388
1847,"Banteng","BTG",1,"dist_str + ndvi_cv + slope + BB",-0.143905149583104,0.700875002580653,0.865969889612736
1848,"Banteng","BTG",1,"dist_str + ndvi_cv + slope + BB",-0.146581922259857,0.689375142603286,0.863655016112064
1849,"Banteng","BTG",1,"dist_str + ndvi_cv + slope + BB",-0.131015642848826,0.682570929290718,0.877204053496355
1850,"Banteng","BTG",1,"dist_str + ndvi_cv + slope + BB",-0.0701455146295465,0.683268499072725,0.932258157995145
1851,"Banteng","BTG",1,"dist_str + ndvi_cv + slope + BB",-0.0442225646492095,0.689369975329664,0.956740997168662
1852,"Banteng","BTG",1,"dist_str + ndvi_cv + slope + BB",0.00754956534514342,0.69609051610866,1.00757814906479
1853,"Banteng","BTG",1,"dist_str + ndvi_cv + slope + BB",0.0681154147912819,0.706255375844119,1.07048885164846
1854,"Banteng","BTG",1,"dist_str + ndvi_cv + slope + BB",0.104581768038782,0.694567182812342,1.1102461728128
1855,"Banteng","BTG",1,"dist_str + ndvi_cv + slope + BB",0.153450700181724,0.694678844598703,1.165850423863
1856,"Banteng","BTG",1,"dist_str + ndvi_cv + slope + BB",0.220436110461133,0.7079605455986,1.24662028581769
1857,"Banteng","BTG",1,"dist_str + ndvi_cv + slope + BB",0.277795725476669,0.705288599249083,1.32021666041065
1858,"Banteng","BTG",1,"dist_str + ndvi_cv + slope + BB",0.32992397053645,0.69795300247844,1.39086237794377
1859,"Banteng","BTG",1,"dist_str + ndvi_cv + slope + BB",0.372487053622871,0.703828734853234,1.45133969027202
1860,"Banteng","BTG",1,"dist_str + ndvi_cv + slope + BB",0.425871360894456,0.704449780333248,1.53092383562816
1861,"Banteng","BTG",1,"dist_str + ndvi_cv + slope + BB",0.445318966440298,0.715322506932784,1.56098801924872
1862,"Banteng","BTG",1,"dist_str + ndvi_cv + slope + BB",0.50005655765609,0.709316941679713,1.64881452134457
1863,"Banteng","BTG",1,"dist_str + ndvi_cv + slope + BB",0.551611495343572,0.723074138587101,1.73604839880405
1864,"Banteng","BTG",1,"dist_str + ndvi_cv + slope + BB",0.565030979711993,0.711197119807629,1.75950236344347
1865,"Banteng","BTG",1,"dist_str + ndvi_cv + slope + BB",0.602235896778818,0.727512459712945,1.8261974283597
1866,"Banteng","BTG",1,"dist_str + ndvi_cv + slope + BB",0.631684676252109,0.745920537504802,1.88077641770041
1867,"Banteng","BTG",1,"dist_str + ndvi_cv + slope + BB",0.659962998162227,0.752689268988235,1.93472074593801
1868,"Banteng","BTG",1,"dist_str + ndvi_cv + slope + BB",0.649575773345356,0.7545636085067,1.91472842514146
1869,"Banteng","BTG",1,"dist_str + ndvi_cv + slope + BB",0.676885080130015,0.766757351468466,1.96773883078084
1870,"Banteng","BTG",1,"dist_str + ndvi_cv + slope + BB",0.654175272660566,0.776685998832994,1.923555456515
1871,"Banteng","BTG",1,"dist_str + ndvi_cv + slope + BB",0.657022624231396,0.790697871914168,1.92904037383014
1872,"Banteng","BTG",1,"dist_str + ndvi_cv + slope + BB",0.639919642740391,0.825808800156503,1.8963286533046
1873,"Banteng","BTG",1,"dist_str + ndvi_cv + slope + BB",0.600779296154937,0.886620248010799,1.82353947209602
1874,"Banteng","BTG",1,"dist_str + ndvi_cv + slope + BB",0.60387942087626,0.957644685293898,1.82920129524566
1875,"Banteng","BTG",1,"dist_str + ndvi_cv + slope + BB",0.587516987083739,1.08562297095099,1.79951484101206
1876,"Banteng","BTG",1,"dist_str + ndvi_cv + slope + BB",0.581939138688454,1.18531674098963,1.78950516713528
1877,"Banteng","BTG",1,"dist_str + ndvi_cv + slope + BB",0.58632914127688,1.38416999910556,1.79737836862791
1878,"Banteng","BTG",1,"dist_str + ndvi_cv + slope + BB",-0.121725859997089,1.05425218728423,0.885391071210644
1879,"Banteng","BTG",1,"dist_str + ndvi_cv + slope + BB",-0.124433878631068,0.925371314966736,0.882996645591176
1880,"Banteng","BTG",1,"dist_str + ndvi_cv + slope + BB",-0.107498630040017,0.84792849721643,0.898077759859938
1881,"Banteng","BTG",1,"dist_str + ndvi_cv + slope + BB",-0.122108922397191,0.80441276230102,0.885052090712839
1882,"Banteng","BTG",1,"dist_str + ndvi_cv + slope + BB",-0.12498063076601,0.787547368304039,0.882513997019053
1883,"Banteng","BTG",1,"dist_str + ndvi_cv + slope + BB",-0.114443569398488,0.758807465963038,0.89186226533726
1884,"Banteng","BTG",1,"dist_str + ndvi_cv + slope + BB",-0.114400667431271,0.744836191895822,0.891900573563764
1885,"Banteng","BTG",1,"dist_str + ndvi_cv + slope + BB",-0.111554205258585,0.732736016703162,0.89444291427236
1886,"Banteng","BTG",1,"dist_str + ndvi_cv + slope + BB",-0.110801737401857,0.722605899976258,0.895116199582421
1887,"Banteng","BTG",1,"dist_str + ndvi_cv + slope + BB",-0.114942437158829,0.716889036608878,0.891417455483469
1888,"Banteng","BTG",1,"dist_str + ndvi_cv + slope + BB",-0.119280355933771,0.699818919183118,0.887559011476103
1889,"Banteng","BTG",1,"dist_str + ndvi_cv + slope + BB",-0.131411671899127,0.686327991925641,0.876856723243527
1890,"Banteng","BTG",1,"dist_str + ndvi_cv + slope + BB",-0.0884562683770217,0.674235005282321,0.915343218441644
1891,"Banteng","BTG",1,"dist_str + ndvi_cv + slope + BB",-0.0513011664923783,0.683287970693347,0.949992521531513
1892,"Banteng","BTG",1,"dist_str + ndvi_cv + slope + BB",-0.00618369027866504,0.693647781549729,0.993835392398928
1893,"Banteng","BTG",1,"dist_str + ndvi_cv + slope + BB",0.0498727014775719,0.70017057115105,1.05113728569576
1894,"Banteng","BTG",1,"dist_str + ndvi_cv + slope + BB",0.103486078946754,0.691019703466448,1.10903036625933
1895,"Banteng","BTG",1,"dist_str + ndvi_cv + slope + BB",0.16611251031047,0.694599764325109,1.18070593584202
1896,"Banteng","BTG",1,"dist_str + ndvi_cv + slope + BB",0.234731670453529,0.69151344289821,1.26456940731669
1897,"Banteng","BTG",1,"dist_str + ndvi_cv + slope + BB",0.30329362586882,0.69731722784213,1.35431209122012
1898,"Banteng","BTG",1,"dist_str + ndvi_cv + slope + BB",0.35690486030889,0.702242509087151,1.42889991851096
1899,"Banteng","BTG",1,"dist_str + ndvi_cv + slope + BB",0.396587575330446,0.699731771852941,1.48674263730635
1900,"Banteng","BTG",1,"dist_str + ndvi_cv + slope + BB",0.448171653515325,0.694135443914226,1.56544739239454
1901,"Banteng","BTG",1,"dist_str + ndvi_cv + slope + BB",0.502467695518459,0.702804135615431,1.65279489568544
1902,"Banteng","BTG",1,"dist_str + ndvi_cv + slope + BB",0.55298578501823,0.689611223605789,1.73843587241117
1903,"Banteng","BTG",1,"dist_str + ndvi_cv + slope + BB",0.598058524716587,0.708314191179925,1.81858468442458
1904,"Banteng","BTG",1,"dist_str + ndvi_cv + slope + BB",0.621493727754488,0.709706624639267,1.86170686403656
1905,"Banteng","BTG",1,"dist_str + ndvi_cv + slope + BB",0.678702212676374,0.728683929925282,1.9713177242029
1906,"Banteng","BTG",1,"dist_str + ndvi_cv + slope + BB",0.70124258335379,0.720991915823673,2.01625652197254
1907,"Banteng","BTG",1,"dist_str + ndvi_cv + slope + BB",0.708491141008377,0.744154011949015,2.03092467329033
1908,"Banteng","BTG",1,"dist_str + ndvi_cv + slope + BB",0.721391995210835,0.747306862579342,2.05729508256009
1909,"Banteng","BTG",1,"dist_str + ndvi_cv + slope + BB",0.73811940639827,0.742725809859213,2.09199761578454
1910,"Banteng","BTG",1,"dist_str + ndvi_cv + slope + BB",0.709821536365097,0.764441973820226,2.03362830211932
1911,"Banteng","BTG",1,"dist_str + ndvi_cv + slope + BB",0.74598905618996,0.770204080184803,2.10852587657334
1912,"Banteng","BTG",1,"dist_str + ndvi_cv + slope + BB",0.719633271096267,0.798106804973438,2.05367993483895
1913,"Banteng","BTG",1,"dist_str + ndvi_cv + slope + BB",0.695267565538804,0.833009968882063,2.0042452934432
1914,"Banteng","BTG",1,"dist_str + ndvi_cv + slope + BB",0.694802655045201,0.900384680357154,2.00331369112776
1915,"Banteng","BTG",1,"dist_str + ndvi_cv + slope + BB",0.602240347935296,1.21219118514403,1.82620577954747
1916,"Banteng","BTG",1,"dist_str + ndvi_cv + slope + BB",0.579919517214663,1.29415630461588,1.78589545071094
1917,"Banteng","BTG",1,"dist_str + ndvi_cv + slope + BB",-0.0917841802975695,0.932405339329471,0.912302052729105
1918,"Banteng","BTG",1,"dist_str + ndvi_cv + slope + BB",-0.0994999232897202,0.850373594480731,0.905290021334922
1919,"Banteng","BTG",1,"dist_str + ndvi_cv + slope + BB",-0.0985321812012632,0.813223062478634,0.906166554402388
1920,"Banteng","BTG",1,"dist_str + ndvi_cv + slope + BB",-0.0979692388480373,0.783456763413274,0.906676795633806
1921,"Banteng","BTG",1,"dist_str + ndvi_cv + slope + BB",-0.0848735306853067,0.754400322704184,0.918628474293674
1922,"Banteng","BTG",1,"dist_str + ndvi_cv + slope + BB",-0.0919626917850725,0.74374077936479,0.912139179305401
1923,"Banteng","BTG",1,"dist_str + ndvi_cv + slope + BB",-0.0899317552734032,0.735500193288919,0.913993558811492
1924,"Banteng","BTG",1,"dist_str + ndvi_cv + slope + BB",-0.0792975087133204,0.73149428009471,0.923765056134248
1925,"Banteng","BTG",1,"dist_str + ndvi_cv + slope + BB",-0.081413479182234,0.707749354949479,0.921812475368744
1926,"Banteng","BTG",1,"dist_str + ndvi_cv + slope + BB",-0.0912183034819292,0.698616136508158,0.912818425990395
1927,"Banteng","BTG",1,"dist_str + ndvi_cv + slope + BB",-0.101928012427179,0.666845543463615,0.903094577932523
1928,"Banteng","BTG",1,"dist_str + ndvi_cv + slope + BB",-0.122287402359209,0.616232913069047,0.8848940118724
1929,"Banteng","BTG",1,"dist_str + ndvi_cv + slope + BB",-0.0287514280190427,0.679189275145944,0.971657961940983
1930,"Banteng","BTG",1,"dist_str + ndvi_cv + slope + BB",0.047926560297924,0.693429860150358,1.04909362010386
1931,"Banteng","BTG",1,"dist_str + ndvi_cv + slope + BB",0.0898938196703172,0.691270690412784,1.09405811237905
1932,"Banteng","BTG",1,"dist_str + ndvi_cv + slope + BB",0.165184521783508,0.688138190569813,1.17961084789342
1933,"Banteng","BTG",1,"dist_str + ndvi_cv + slope + BB",0.172830757732028,0.673708937565514,1.18866495754049
1934,"Banteng","BTG",1,"dist_str + ndvi_cv + slope + BB",0.281027148716293,0.695687218292359,1.32448956268133
1935,"Banteng","BTG",1,"dist_str + ndvi_cv + slope + BB",0.36381838450261,0.701701095610621,1.43881288115546
1936,"Banteng","BTG",1,"dist_str + ndvi_cv + slope + BB",0.428934680615188,0.699720360724313,1.53562072966777
1937,"Banteng","BTG",1,"dist_str + ndvi_cv + slope + BB",0.467451806784887,0.698483494959643,1.59592229003814
1938,"Banteng","BTG",1,"dist_str + ndvi_cv + slope + BB",0.533705604912797,0.700018504803353,1.70523963646617
1939,"Banteng","BTG",1,"dist_str + ndvi_cv + slope + BB",0.579250918272797,0.677828259826148,1.7847010698495
1940,"Banteng","BTG",1,"dist_str + ndvi_cv + slope + BB",0.635724263414047,0.694142845688203,1.88838933760449
1941,"Banteng","BTG",1,"dist_str + ndvi_cv + slope + BB",0.680297391052191,0.699538559396706,1.97446484394432
1942,"Banteng","BTG",1,"dist_str + ndvi_cv + slope + BB",0.733210311868902,0.705305681988175,2.08175298357819
1943,"Banteng","BTG",1,"dist_str + ndvi_cv + slope + BB",0.742219390809173,0.720780047684654,2.10059238068124
1944,"Banteng","BTG",1,"dist_str + ndvi_cv + slope + BB",0.794069218127397,0.734179076373468,2.21238079496204
1945,"Banteng","BTG",1,"dist_str + ndvi_cv + slope + BB",0.80809199468884,0.73759039818974,2.24362305645715
1946,"Banteng","BTG",1,"dist_str + ndvi_cv + slope + BB",0.798731725140036,0.741802514142868,2.22272012691005
1947,"Banteng","BTG",1,"dist_str + ndvi_cv + slope + BB",0.792965218687207,0.744228620867882,2.2099398536088
1948,"Banteng","BTG",1,"dist_str + ndvi_cv + slope + BB",0.801755156305997,0.763699863150353,2.22945055739616
1949,"Banteng","BTG",1,"dist_str + ndvi_cv + slope + BB",0.801990151796582,0.783101741020513,2.2299745880537
1950,"Banteng","BTG",1,"dist_str + ndvi_cv + slope + BB",0.787650353733369,0.79682757661976,2.19822533567233
1951,"Banteng","BTG",1,"dist_str + ndvi_cv + slope + BB",0.798677263786562,0.83313689510563,2.22259907126267
1952,"Banteng","BTG",1,"dist_str + ndvi_cv + slope + BB",0.75966164589238,0.9508395128207,2.13755285652086
1953,"Banteng","BTG",1,"dist_str + ndvi_cv + slope + BB",-0.0765253759295247,1.02107157810005,0.92632941118697
1954,"Banteng","BTG",1,"dist_str + ndvi_cv + slope + BB",-0.0868037350659548,0.873362652399426,0.916857029602921
1955,"Banteng","BTG",1,"dist_str + ndvi_cv + slope + BB",-0.0507634592265035,0.808525325005174,0.950503481681431
1956,"Banteng","BTG",1,"dist_str + ndvi_cv + slope + BB",-0.0722924382476089,0.776476726578058,0.930258823324233
1957,"Banteng","BTG",1,"dist_str + ndvi_cv + slope + BB",-0.0696086998030207,0.757085529612095,0.932758745553358
1958,"Banteng","BTG",1,"dist_str + ndvi_cv + slope + BB",-0.0702901704500805,0.741283219487768,0.932123306058738
1959,"Banteng","BTG",1,"dist_str + ndvi_cv + slope + BB",-0.0596796075562034,0.732528320611643,0.942066317914614
1960,"Banteng","BTG",1,"dist_str + ndvi_cv + slope + BB",-0.0759143997407194,0.724211631392644,0.926895663979081
1961,"Banteng","BTG",1,"dist_str + ndvi_cv + slope + BB",-0.0688901085181084,0.7044823479063,0.933429251812135
1962,"Banteng","BTG",1,"dist_str + ndvi_cv + slope + BB",-0.077249647122452,0.696609557054485,0.925658757046431
1963,"Banteng","BTG",1,"dist_str + ndvi_cv + slope + BB",-0.0836318461436586,0.676950888665815,0.919769812797886
1964,"Banteng","BTG",1,"dist_str + ndvi_cv + slope + BB",-0.0930183021953962,0.641227284583405,0.911176823720245
1965,"Banteng","BTG",1,"dist_str + ndvi_cv + slope + BB",0.00432525695689314,0.68014713706997,1.0043346249606
1966,"Banteng","BTG",1,"dist_str + ndvi_cv + slope + BB",0.0773008597779514,0.692526495585352,1.08036706871504
1967,"Banteng","BTG",1,"dist_str + ndvi_cv + slope + BB",0.146468856752851,0.69036164189684,1.15773889157493
1968,"Banteng","BTG",1,"dist_str + ndvi_cv + slope + BB",0.199571739418912,0.699744553718742,1.22087992349396
1969,"Banteng","BTG",1,"dist_str + ndvi_cv + slope + BB",0.26422830619034,0.682257133362039,1.3024255197132
1970,"Banteng","BTG",1,"dist_str + ndvi_cv + slope + BB",0.357381119851689,0.686581894059293,1.42958062318557
1971,"Banteng","BTG",1,"dist_str + ndvi_cv + slope + BB",0.428425377487958,0.692072588422026,1.53483883047151
1972,"Banteng","BTG",1,"dist_str + ndvi_cv + slope + BB",0.530844985605499,0.696165999018324,1.70036867593
1973,"Banteng","BTG",1,"dist_str + ndvi_cv + slope + BB",0.596097409219476,0.68849062496525,1.81502168429415
1974,"Banteng","BTG",1,"dist_str + ndvi_cv + slope + BB",0.66267538789952,0.689940351402154,1.93997559346838
1975,"Banteng","BTG",1,"dist_str + ndvi_cv + slope + BB",0.679018427852442,0.697257079298504,1.97194118053786
1976,"Banteng","BTG",1,"dist_str + ndvi_cv + slope + BB",0.75562423456711,0.692739907056173,2.12894018984118
1977,"Banteng","BTG",1,"dist_str + ndvi_cv + slope + BB",0.80793309488697,0.701411130741673,2.24326659761684
1978,"Banteng","BTG",1,"dist_str + ndvi_cv + slope + BB",0.832167461418814,0.703705554942419,2.29829483595341
1979,"Banteng","BTG",1,"dist_str + ndvi_cv + slope + BB",0.845202296769559,0.709551321285285,2.32844885567611
1980,"Banteng","BTG",1,"dist_str + ndvi_cv + slope + BB",0.877404739242653,0.719594266936418,2.40465091490784
1981,"Banteng","BTG",1,"dist_str + ndvi_cv + slope + BB",0.860030341525633,0.727519128774832,2.36323239986799
1982,"Banteng","BTG",1,"dist_str + ndvi_cv + slope + BB",0.888352282685092,0.727269053507169,2.43112065449331
1983,"Banteng","BTG",1,"dist_str + ndvi_cv + slope + BB",0.862450001171056,0.756208410928741,2.36895753864266
1984,"Banteng","BTG",1,"dist_str + ndvi_cv + slope + BB",0.858643693071457,0.763297308290858,2.3599576956712
1985,"Banteng","BTG",1,"dist_str + ndvi_cv + slope + BB",0.857886811137845,0.781358652792489,2.35817216188601
1986,"Banteng","BTG",1,"dist_str + ndvi_cv + slope + BB",0.847948113804421,0.81578447742697,2.33485109145927
1987,"Banteng","BTG",1,"dist_str + ndvi_cv + slope + BB",0.857341156294689,0.839194923121476,2.35688599018915
1988,"Banteng","BTG",1,"dist_str + ndvi_cv + slope + BB",0.88499599301992,0.903854806435349,2.42297468388447
1989,"Banteng","BTG",1,"dist_str + ndvi_cv + slope + BB",-0.0616693893262901,0.891745956544786,0.940193732617959
1990,"Banteng","BTG",1,"dist_str + ndvi_cv + slope + BB",-0.049304244857324,0.812941954968313,0.951891500622423
1991,"Banteng","BTG",1,"dist_str + ndvi_cv + slope + BB",-0.02253150390604,0.774698526002001,0.977720508125662
1992,"Banteng","BTG",1,"dist_str + ndvi_cv + slope + BB",-0.0441939852521114,0.757339935986781,0.95676835009632
1993,"Banteng","BTG",1,"dist_str + ndvi_cv + slope + BB",-0.0513374539926975,0.76261262297033,0.949958090065019
1994,"Banteng","BTG",1,"dist_str + ndvi_cv + slope + BB",-0.050280578297444,0.739950889045031,0.950962636685395
1995,"Banteng","BTG",1,"dist_str + ndvi_cv + slope + BB",-0.0483315559817327,0.720921176231777,0.95281793588166
1996,"Banteng","BTG",1,"dist_str + ndvi_cv + slope + BB",-0.0369562230906769,0.720400538767887,0.963718409377355
1997,"Banteng","BTG",1,"dist_str + ndvi_cv + slope + BB",-0.050402274169188,0.704624061074714,0.950846846514976
1998,"Banteng","BTG",1,"dist_str + ndvi_cv + slope + BB",-0.0201795693227913,0.706537642449876,0.980022677847183
1999,"Banteng","BTG",1,"dist_str + ndvi_cv + slope + BB",0.0101148932699044,0.694149614283356,1.01016623161063
2000,"Banteng","BTG",1,"dist_str + ndvi_cv + slope + BB",0.0678331741003614,0.691878527020517,1.07018676276031
2001,"Banteng","BTG",1,"dist_str + ndvi_cv + slope + BB",0.102155591253318,0.692735684728307,1.10755578682812
2002,"Banteng","BTG",1,"dist_str + ndvi_cv + slope + BB",0.170136913184721,0.687554668141498,1.185467146315
2003,"Banteng","BTG",1,"dist_str + ndvi_cv + slope + BB",0.25943151272481,0.700358913731815,1.29619300825732
2004,"Banteng","BTG",1,"dist_str + ndvi_cv + slope + BB",0.344707733039936,0.693130211933819,1.41157730325677
2005,"Banteng","BTG",1,"dist_str + ndvi_cv + slope + BB",0.426726975156269,0.694419742646741,1.53223451587127
2006,"Banteng","BTG",1,"dist_str + ndvi_cv + slope + BB",0.523499697500433,0.708426138441774,1.68792470804574
2007,"Banteng","BTG",1,"dist_str + ndvi_cv + slope + BB",0.619926477246875,0.69773652731576,1.85879138090308
2008,"Banteng","BTG",1,"dist_str + ndvi_cv + slope + BB",0.725767895021231,0.693944958258078,2.06631723504169
2009,"Banteng","BTG",1,"dist_str + ndvi_cv + slope + BB",0.808003728551493,0.691832024069337,2.24342507082731
2010,"Banteng","BTG",1,"dist_str + ndvi_cv + slope + BB",0.866072484972138,0.702261351417316,2.37755462312704
2011,"Banteng","BTG",1,"dist_str + ndvi_cv + slope + BB",0.910154988064686,0.694521101900849,2.48470760737686
2012,"Banteng","BTG",1,"dist_str + ndvi_cv + slope + BB",0.947460337758412,0.702274945359506,2.57915130641609
2013,"Banteng","BTG",1,"dist_str + ndvi_cv + slope + BB",0.963370625093993,0.702133186021556,2.62051438246509
2014,"Banteng","BTG",1,"dist_str + ndvi_cv + slope + BB",0.981017520515893,0.704956876280274,2.66716883616196
2015,"Banteng","BTG",1,"dist_str + ndvi_cv + slope + BB",0.954149818073392,0.714247935150926,2.59646217995004
2016,"Banteng","BTG",1,"dist_str + ndvi_cv + slope + BB",0.959137059081699,0.722946848641671,2.60944370588343
2017,"Banteng","BTG",1,"dist_str + ndvi_cv + slope + BB",0.949231652865785,0.731133107936721,2.5837237859419
2018,"Banteng","BTG",1,"dist_str + ndvi_cv + slope + BB",0.957263787397266,0.7498332942485,2.60456009351325
2019,"Banteng","BTG",1,"dist_str + ndvi_cv + slope + BB",0.944665282246219,0.756929734290705,2.57195235694966
2020,"Banteng","BTG",1,"dist_str + ndvi_cv + slope + BB",0.940019741174109,0.782592614371859,2.56003195714635
2021,"Banteng","BTG",1,"dist_str + ndvi_cv + slope + BB",0.898895572398928,0.815305990859655,2.45688816523459
2022,"Banteng","BTG",1,"dist_str + ndvi_cv + slope + BB",0.930841282272665,0.848332724745958,2.53664231486493
2023,"Banteng","BTG",1,"dist_str + ndvi_cv + slope + BB",0.932442440926438,0.918713093466126,2.54070789394134
2024,"Banteng","BTG",1,"dist_str + ndvi_cv + slope + BB",0.946103718301745,1.0705360506687,2.57565483470462
2025,"Banteng","BTG",1,"dist_str + ndvi_cv + slope + BB",-0.000493951982762737,0.907508916720058,0.999506322675252
2026,"Banteng","BTG",1,"dist_str + ndvi_cv + slope + BB",-0.0104250334510568,0.810486426773967,0.989629150123965
2027,"Banteng","BTG",1,"dist_str + ndvi_cv + slope + BB",-0.0178514807351746,0.782173114142934,0.982306914024387
2028,"Banteng","BTG",1,"dist_str + ndvi_cv + slope + BB",-0.00778222459626324,0.765251700402687,0.992247979899139
2029,"Banteng","BTG",1,"dist_str + ndvi_cv + slope + BB",-0.0185502751020584,0.744357761719628,0.981620736040195
2030,"Banteng","BTG",1,"dist_str + ndvi_cv + slope + BB",-0.0273591799157674,0.748409607462793,0.97301169622399
2031,"Banteng","BTG",1,"dist_str + ndvi_cv + slope + BB",-0.0110039721375688,0.725740962258672,0.989056352319463
2032,"Banteng","BTG",1,"dist_str + ndvi_cv + slope + BB",0.000794475954702074,0.715953636482313,1.0007948280812
2033,"Banteng","BTG",1,"dist_str + ndvi_cv + slope + BB",0.00664049562462686,0.712893899036946,1.00666259277059
2034,"Banteng","BTG",1,"dist_str + ndvi_cv + slope + BB",0.00962706727389923,0.714889366427928,1.00967360453504
2035,"Banteng","BTG",1,"dist_str + ndvi_cv + slope + BB",0.060625959369175,0.701892745530572,1.06250144466317
2036,"Banteng","BTG",1,"dist_str + ndvi_cv + slope + BB",0.113261339141864,0.692796153682743,1.11992457711946
2037,"Banteng","BTG",1,"dist_str + ndvi_cv + slope + BB",0.183091204472348,0.687382379071327,1.20092393325339
2038,"Banteng","BTG",1,"dist_str + ndvi_cv + slope + BB",0.226152866340635,0.702960048685104,1.25376734181193
2039,"Banteng","BTG",1,"dist_str + ndvi_cv + slope + BB",0.296487612604856,0.692602738539188,1.34512591339172
2040,"Banteng","BTG",1,"dist_str + ndvi_cv + slope + BB",0.40166487554008,0.699075094475401,1.49431051391998
2041,"Banteng","BTG",1,"dist_str + ndvi_cv + slope + BB",0.509441839113536,0.692817061764437,1.66436216214354
2042,"Banteng","BTG",1,"dist_str + ndvi_cv + slope + BB",0.61722189584045,0.692003345810563,1.85377094939479
2043,"Banteng","BTG",1,"dist_str + ndvi_cv + slope + BB",0.738796338968435,0.690415234223493,2.09341425414308
2044,"Banteng","BTG",1,"dist_str + ndvi_cv + slope + BB",0.843465872847609,0.694959078928949,2.32440918469924
2045,"Banteng","BTG",1,"dist_str + ndvi_cv + slope + BB",0.971341346486111,0.690581026063672,2.64148523205474
2046,"Banteng","BTG",1,"dist_str + ndvi_cv + slope + BB",1.04509329302889,0.691619758556181,2.84366382603457
2047,"Banteng","BTG",1,"dist_str + ndvi_cv + slope + BB",1.10095985316637,0.690351744295879,3.00705096668087
2048,"Banteng","BTG",1,"dist_str + ndvi_cv + slope + BB",1.09792524309352,0.696930938787637,2.99793959217224
2049,"Banteng","BTG",1,"dist_str + ndvi_cv + slope + BB",1.09576653435746,0.691916862785124,2.99147487318783
2050,"Banteng","BTG",1,"dist_str + ndvi_cv + slope + BB",1.08878178876629,0.710960729895451,2.97065298464668
2051,"Banteng","BTG",1,"dist_str + ndvi_cv + slope + BB",1.085178306453,0.704379081085548,2.95996757282218
2052,"Banteng","BTG",1,"dist_str + ndvi_cv + slope + BB",1.06625235109128,0.711841848185403,2.90447414199796
2053,"Banteng","BTG",1,"dist_str + ndvi_cv + slope + BB",1.05612856034524,0.729790478905912,2.87521818251009
2054,"Banteng","BTG",1,"dist_str + ndvi_cv + slope + BB",1.02391176333032,0.740157301309938,2.78406420519652
2055,"Banteng","BTG",1,"dist_str + ndvi_cv + slope + BB",1.00021125096656,0.755961430486212,2.71885668896936
2056,"Banteng","BTG",1,"dist_str + ndvi_cv + slope + BB",0.987795984795952,0.777124568923403,2.68530950359942
2057,"Banteng","BTG",1,"dist_str + ndvi_cv + slope + BB",0.974860745089493,0.801368124673503,2.65079805762939
2058,"Banteng","BTG",1,"dist_str + ndvi_cv + slope + BB",0.960103308582917,0.842614237790907,2.61196633385141
2059,"Banteng","BTG",1,"dist_str + ndvi_cv + slope + BB",0.986206065660123,0.910956301192818,2.68104345512441
2060,"Banteng","BTG",1,"dist_str + ndvi_cv + slope + BB",0.975108285788036,1.06369680389978,2.65145433119417
2061,"Banteng","BTG",1,"dist_str + ndvi_cv + slope + BB",0.0173873425879333,0.880952783954945,1.01753940784795
2062,"Banteng","BTG",1,"dist_str + ndvi_cv + slope + BB",0.0172123711823396,0.8112920898708,1.01736137601191
2063,"Banteng","BTG",1,"dist_str + ndvi_cv + slope + BB",0.0264530090440814,0.777548436789156,1.02680599556169
2064,"Banteng","BTG",1,"dist_str + ndvi_cv + slope + BB",-0.00530751904333317,0.764605073086803,0.994706542811757
2065,"Banteng","BTG",1,"dist_str + ndvi_cv + slope + BB",0.0159017050616159,0.749187411603165,1.01602881641803
2066,"Banteng","BTG",1,"dist_str + ndvi_cv + slope + BB",0.0129853192575585,0.736056761897253,1.01307000073953
2067,"Banteng","BTG",1,"dist_str + ndvi_cv + slope + BB",0.0125451037354407,0.728328075560019,1.01262449420028
2068,"Banteng","BTG",1,"dist_str + ndvi_cv + slope + BB",0.0110640752318477,0.729929018274686,1.0111255084928
2069,"Banteng","BTG",1,"dist_str + ndvi_cv + slope + BB",0.0195852018661378,0.72085699465743,1.0197782543822
2070,"Banteng","BTG",1,"dist_str + ndvi_cv + slope + BB",0.0490383682215222,0.703852825842561,1.05026065697563
2071,"Banteng","BTG",1,"dist_str + ndvi_cv + slope + BB",0.0815690579715147,0.715556860876285,1.08498855377224
2072,"Banteng","BTG",1,"dist_str + ndvi_cv + slope + BB",0.134086509437029,0.712765780973535,1.14349174390608
2073,"Banteng","BTG",1,"dist_str + ndvi_cv + slope + BB",0.206543119827937,0.705490745643644,1.22942083007425
2074,"Banteng","BTG",1,"dist_str + ndvi_cv + slope + BB",0.264892311725365,0.697154062881952,1.3032906514011
2075,"Banteng","BTG",1,"dist_str + ndvi_cv + slope + BB",0.341164335326933,0.707441104004249,1.40658437342419
2076,"Banteng","BTG",1,"dist_str + ndvi_cv + slope + BB",0.45331418372482,0.700971477864495,1.57351848315929
2077,"Banteng","BTG",1,"dist_str + ndvi_cv + slope + BB",0.550323337305147,0.689022589511972,1.73381353384261
2078,"Banteng","BTG",1,"dist_str + ndvi_cv + slope + BB",0.678448758733755,0.687289069549412,1.97081814901018
2079,"Banteng","BTG",1,"dist_str + ndvi_cv + slope + BB",0.8295643403082,0.696040126336591,2.29231986010256
2080,"Banteng","BTG",1,"dist_str + ndvi_cv + slope + BB",0.9963915946558,0.686370940474738,2.70849084747323
2081,"Banteng","BTG",1,"dist_str + ndvi_cv + slope + BB",1.1274876621429,0.690839692213549,3.08788908879292
2082,"Banteng","BTG",1,"dist_str + ndvi_cv + slope + BB",1.25769411841446,0.678439012250456,3.51730165551726
2083,"Banteng","BTG",1,"dist_str + ndvi_cv + slope + BB",1.311070469501,0.682403884275686,3.71014347401688
2084,"Banteng","BTG",1,"dist_str + ndvi_cv + slope + BB",1.30292075377819,0.68398918123948,3.68002944604709
2085,"Banteng","BTG",1,"dist_str + ndvi_cv + slope + BB",1.28656420135233,0.69507025940712,3.62032645008362
2086,"Banteng","BTG",1,"dist_str + ndvi_cv + slope + BB",1.19483609657086,0.706106574243625,3.30301662882539
2087,"Banteng","BTG",1,"dist_str + ndvi_cv + slope + BB",1.186195541961,0.691829505477188,3.2745994204602
2088,"Banteng","BTG",1,"dist_str + ndvi_cv + slope + BB",1.15168754200251,0.700524928945056,3.16352720828808
2089,"Banteng","BTG",1,"dist_str + ndvi_cv + slope + BB",1.1397007409244,0.710496149832268,3.1258328086557
2090,"Banteng","BTG",1,"dist_str + ndvi_cv + slope + BB",1.10578579513585,0.733136891967208,3.02159789378285
2091,"Banteng","BTG",1,"dist_str + ndvi_cv + slope + BB",1.07060935794718,0.764309668630659,2.91715656870569
2092,"Banteng","BTG",1,"dist_str + ndvi_cv + slope + BB",1.05746925025394,0.777966406715255,2.87907556756631
2093,"Banteng","BTG",1,"dist_str + ndvi_cv + slope + BB",1.04271779974807,0.800217919007004,2.83691692788711
2094,"Banteng","BTG",1,"dist_str + ndvi_cv + slope + BB",1.02460041223726,0.837108844731887,2.78598199596104
2095,"Banteng","BTG",1,"dist_str + ndvi_cv + slope + BB",1.02434985032776,0.936228261612942,2.78528402032512
2096,"Banteng","BTG",1,"dist_str + ndvi_cv + slope + BB",0.0873377162461958,1.17004527429984,1.09126515863968
2097,"Banteng","BTG",1,"dist_str + ndvi_cv + slope + BB",0.0453836323024064,0.96112490821547,1.04642926223343
2098,"Banteng","BTG",1,"dist_str + ndvi_cv + slope + BB",0.0616466636494538,0.870301841738559,1.06358647975412
2099,"Banteng","BTG",1,"dist_str + ndvi_cv + slope + BB",0.04246671797812,0.817613163745299,1.04338133029563
2100,"Banteng","BTG",1,"dist_str + ndvi_cv + slope + BB",0.0215094246732502,0.777556882620751,1.02174248389248
2101,"Banteng","BTG",1,"dist_str + ndvi_cv + slope + BB",0.0249653665996294,0.767820982992253,1.02527964421674
2102,"Banteng","BTG",1,"dist_str + ndvi_cv + slope + BB",0.0343815741811206,0.757739593096935,1.03497945283534
2103,"Banteng","BTG",1,"dist_str + ndvi_cv + slope + BB",0.0162563190419715,0.73908802991227,1.01638920656995
2104,"Banteng","BTG",1,"dist_str + ndvi_cv + slope + BB",0.0406999487147509,0.730526659844643,1.04153956203403
2105,"Banteng","BTG",1,"dist_str + ndvi_cv + slope + BB",0.0193798065493127,0.731285867516551,1.01956887120222
2106,"Banteng","BTG",1,"dist_str + ndvi_cv + slope + BB",0.0473031598609853,0.715565386110798,1.04843980705389
2107,"Banteng","BTG",1,"dist_str + ndvi_cv + slope + BB",0.0535159716408098,0.726803251765387,1.05497386180271
2108,"Banteng","BTG",1,"dist_str + ndvi_cv + slope + BB",0.109756244687582,0.719755474433859,1.11600600528168
2109,"Banteng","BTG",1,"dist_str + ndvi_cv + slope + BB",0.164723382971509,0.711923105741187,1.17906692711865
2110,"Banteng","BTG",1,"dist_str + ndvi_cv + slope + BB",0.239069218028817,0.708673180291591,1.27006645755973
2111,"Banteng","BTG",1,"dist_str + ndvi_cv + slope + BB",0.267599807348155,0.700697433826974,1.30682405497764
2112,"Banteng","BTG",1,"dist_str + ndvi_cv + slope + BB",0.365903723103294,0.701106096499091,1.44181642910066
2113,"Banteng","BTG",1,"dist_str + ndvi_cv + slope + BB",0.47078997685815,0.697751741465108,1.6012586509937
2114,"Banteng","BTG",1,"dist_str + ndvi_cv + slope + BB",0.576895873760075,0.697787933996088,1.78050293798876
2115,"Banteng","BTG",1,"dist_str + ndvi_cv + slope + BB",0.736470881073754,0.69257826511926,2.08855179973393
2116,"Banteng","BTG",1,"dist_str + ndvi_cv + slope + BB",0.90881337114053,0.690936203728484,2.48137631299858
2117,"Banteng","BTG",1,"dist_str + ndvi_cv + slope + BB",1.10643592399862,0.67751500272188,3.02356296070074
2118,"Banteng","BTG",1,"dist_str + ndvi_cv + slope + BB",1.34978213193813,0.669653559118786,3.856585212569
2119,"Banteng","BTG",1,"dist_str + ndvi_cv + slope + BB",1.53964423201816,0.664164057907104,4.66293105429091
2120,"Banteng","BTG",1,"dist_str + ndvi_cv + slope + BB",1.60069913833939,0.668772708194734,4.95649656618733
2121,"Banteng","BTG",1,"dist_str + ndvi_cv + slope + BB",1.52490370502236,0.685705343127348,4.59470110487654
2122,"Banteng","BTG",1,"dist_str + ndvi_cv + slope + BB",1.39691770477202,0.679854334287761,4.04271989630203
2123,"Banteng","BTG",1,"dist_str + ndvi_cv + slope + BB",1.32529387064541,0.690300952214063,3.76329113424723
2124,"Banteng","BTG",1,"dist_str + ndvi_cv + slope + BB",1.27787504698029,0.67164157862008,3.58900514964518
2125,"Banteng","BTG",1,"dist_str + ndvi_cv + slope + BB",1.21644853587476,0.681768406228964,3.37517959772141
2126,"Banteng","BTG",1,"dist_str + ndvi_cv + slope + BB",1.19899085714208,0.696219196966246,3.31676815321521
2127,"Banteng","BTG",1,"dist_str + ndvi_cv + slope + BB",1.16895726874576,0.726236308951503,3.2186347171582
2128,"Banteng","BTG",1,"dist_str + ndvi_cv + slope + BB",1.16667296476173,0.748909395702131,3.21129076863899
2129,"Banteng","BTG",1,"dist_str + ndvi_cv + slope + BB",1.14157084222882,0.76671150450601,3.13168419494235
2130,"Banteng","BTG",1,"dist_str + ndvi_cv + slope + BB",1.10019738125025,0.799440009954826,3.00475906471898
2131,"Banteng","BTG",1,"dist_str + ndvi_cv + slope + BB",1.07154680009818,0.869151308087008,2.91989255142809
2132,"Banteng","BTG",1,"dist_str + ndvi_cv + slope + BB",1.06591628350065,1.015758188417,2.90349835180894
2133,"Banteng","BTG",1,"dist_str + ndvi_cv + slope + BB",0.0813741134056179,1.02775799087575,1.08477665148394
2134,"Banteng","BTG",1,"dist_str + ndvi_cv + slope + BB",0.0543864619105512,0.910323529637133,1.05589258589936
2135,"Banteng","BTG",1,"dist_str + ndvi_cv + slope + BB",0.0542320638558559,0.85050903880421,1.0557295708248
2136,"Banteng","BTG",1,"dist_str + ndvi_cv + slope + BB",0.0698907327022227,0.815423338535765,1.07239100263336
2137,"Banteng","BTG",1,"dist_str + ndvi_cv + slope + BB",0.0566389856926032,0.787156021537314,1.05827369801956
2138,"Banteng","BTG",1,"dist_str + ndvi_cv + slope + BB",0.0577794313936697,0.771085611264332,1.05948128177085
2139,"Banteng","BTG",1,"dist_str + ndvi_cv + slope + BB",0.0612945546531672,0.754625319746845,1.06321205478969
2140,"Banteng","BTG",1,"dist_str + ndvi_cv + slope + BB",0.0495722742387949,0.742003385230311,1.05082153679733
2141,"Banteng","BTG",1,"dist_str + ndvi_cv + slope + BB",0.053568998106217,0.737740849759817,1.0550297864083
2142,"Banteng","BTG",1,"dist_str + ndvi_cv + slope + BB",0.0631302516656913,0.728534328229746,1.06516578098119
2143,"Banteng","BTG",1,"dist_str + ndvi_cv + slope + BB",0.0683738806600608,0.727909197315693,1.07076558322344
2144,"Banteng","BTG",1,"dist_str + ndvi_cv + slope + BB",0.0548815815971706,0.714091347471564,1.0564156358541
2145,"Banteng","BTG",1,"dist_str + ndvi_cv + slope + BB",0.0810145714921802,0.708930262074292,1.08438670003518
2146,"Banteng","BTG",1,"dist_str + ndvi_cv + slope + BB",0.19160491730035,0.717429771853672,1.21119190565304
2147,"Banteng","BTG",1,"dist_str + ndvi_cv + slope + BB",0.246613783248972,0.710151634404369,1.2796847886317
2148,"Banteng","BTG",1,"dist_str + ndvi_cv + slope + BB",0.303227395258113,0.70947625412672,1.35422238366453
2149,"Banteng","BTG",1,"dist_str + ndvi_cv + slope + BB",0.368836126749824,0.691317185537731,1.44605066362367
2150,"Banteng","BTG",1,"dist_str + ndvi_cv + slope + BB",0.405483882781784,0.669202961540281,1.50002820250237
2151,"Banteng","BTG",1,"dist_str + ndvi_cv + slope + BB",0.579905336518097,0.674086664425539,1.78586938983844
2152,"Banteng","BTG",1,"dist_str + ndvi_cv + slope + BB",0.776803191627217,0.687481520382745,2.17450965557237
2153,"Banteng","BTG",1,"dist_str + ndvi_cv + slope + BB",0.968429508516629,0.690754272535082,2.6338048662814
2154,"Banteng","BTG",1,"dist_str + ndvi_cv + slope + BB",1.2097550350024,0.670425839794929,3.35266334358467
2155,"Banteng","BTG",1,"dist_str + ndvi_cv + slope + BB",1.51505128920856,0.640944774951708,4.5496544716188
2156,"Banteng","BTG",1,"dist_str + ndvi_cv + slope + BB",2.10931119112788,0.632342512087588,8.24256184344146
2157,"Banteng","BTG",1,"dist_str + ndvi_cv + slope + BB",2.07004688887996,0.688769835786044,7.92519475541648
2158,"Banteng","BTG",1,"dist_str + ndvi_cv + slope + BB",1.68045664916921,0.676877794226898,5.36800674288975
2159,"Banteng","BTG",1,"dist_str + ndvi_cv + slope + BB",1.50929642832455,0.678960306457224,4.5235473875321
2160,"Banteng","BTG",1,"dist_str + ndvi_cv + slope + BB",1.42766532712936,0.674986230773593,4.16895482204368
2161,"Banteng","BTG",1,"dist_str + ndvi_cv + slope + BB",1.35642124873001,0.655839400884265,3.88227479169274
2162,"Banteng","BTG",1,"dist_str + ndvi_cv + slope + BB",1.32077826404315,0.588899841621865,3.7463359674518
2163,"Banteng","BTG",1,"dist_str + ndvi_cv + slope + BB",1.28825457167894,0.665610677298691,3.62645131786023
2164,"Banteng","BTG",1,"dist_str + ndvi_cv + slope + BB",1.25096216097269,0.715944327208115,3.49370285405274
2165,"Banteng","BTG",1,"dist_str + ndvi_cv + slope + BB",1.23049167187173,0.756598843784535,3.42291211681506
2166,"Banteng","BTG",1,"dist_str + ndvi_cv + slope + BB",1.2171776581038,0.771597038114625,3.37764143124731
2167,"Banteng","BTG",1,"dist_str + ndvi_cv + slope + BB",1.17258881034713,0.804337085670445,3.23034463754512
2168,"Banteng","BTG",1,"dist_str + ndvi_cv + slope + BB",1.17121314098157,0.889646699454014,3.22590406069842
2169,"Banteng","BTG",1,"dist_str + ndvi_cv + slope + BB",0.0889813309441476,1.00810938231886,1.09306025822791
2170,"Banteng","BTG",1,"dist_str + ndvi_cv + slope + BB",0.0642154772224374,0.888297358048673,1.06632215528972
2171,"Banteng","BTG",1,"dist_str + ndvi_cv + slope + BB",0.0845852515099058,0.843632303411056,1.08826562385583
2172,"Banteng","BTG",1,"dist_str + ndvi_cv + slope + BB",0.0756016689808448,0.824451329502284,1.07853289312779
2173,"Banteng","BTG",1,"dist_str + ndvi_cv + slope + BB",0.072110658547693,0.793796563417524,1.07477427053291
2174,"Banteng","BTG",1,"dist_str + ndvi_cv + slope + BB",0.0745027851403293,0.778089800402526,1.07734843068242
2175,"Banteng","BTG",1,"dist_str + ndvi_cv + slope + BB",0.0729614997184586,0.763646582708527,1.0756891244393
2176,"Banteng","BTG",1,"dist_str + ndvi_cv + slope + BB",0.0614752902079472,0.744391286321358,1.0634042223607
2177,"Banteng","BTG",1,"dist_str + ndvi_cv + slope + BB",0.0777708679315906,0.745800021331392,1.08087496729369
2178,"Banteng","BTG",1,"dist_str + ndvi_cv + slope + BB",0.0935886852053741,0.736453219352784,1.09810800127451
2179,"Banteng","BTG",1,"dist_str + ndvi_cv + slope + BB",0.110370891944325,0.728938395513489,1.11669221815461
2180,"Banteng","BTG",1,"dist_str + ndvi_cv + slope + BB",0.114925253679013,0.722974609830345,1.12178961496804
2181,"Banteng","BTG",1,"dist_str + ndvi_cv + slope + BB",0.131349233118842,0.724888616188482,1.14036597656645
2182,"Banteng","BTG",1,"dist_str + ndvi_cv + slope + BB",0.18323252915578,0.721856171205201,1.20109366538979
2183,"Banteng","BTG",1,"dist_str + ndvi_cv + slope + BB",0.284101745111666,0.718640798812857,1.32856811528446
2184,"Banteng","BTG",1,"dist_str + ndvi_cv + slope + BB",0.331942374553135,0.712497127212452,1.39367253554508
2185,"Banteng","BTG",1,"dist_str + ndvi_cv + slope + BB",0.385476824304619,0.705120378204429,1.47031528447704
2186,"Banteng","BTG",1,"dist_str + ndvi_cv + slope + BB",0.45584168033278,0.673596378274082,1.57750057576944
2187,"Banteng","BTG",1,"dist_str + ndvi_cv + slope + BB",0.609670271078239,0.685593794083689,1.83982466037991
2188,"Banteng","BTG",1,"dist_str + ndvi_cv + slope + BB",0.799044787514449,0.690161161308537,2.22341609708046
2189,"Banteng","BTG",1,"dist_str + ndvi_cv + slope + BB",0.998339394222154,0.691179438415388,2.71377161687913
2190,"Banteng","BTG",1,"dist_str + ndvi_cv + slope + BB",1.24888890270984,0.671165376682962,3.48646700055431
2191,"Banteng","BTG",1,"dist_str + ndvi_cv + slope + BB",1.55778482564249,0.644102338834887,4.748291294412
2192,"Banteng","BTG",1,"dist_str + ndvi_cv + slope + BB",2.08229549895925,0.600928649101325,8.0228642729382
2193,"Banteng","BTG",1,"dist_str + ndvi_cv + slope + BB",1.98033313168415,0.649344145504146,7.2451562002138
2194,"Banteng","BTG",1,"dist_str + ndvi_cv + slope + BB",1.75065771703508,0.66710052206116,5.75838882252188
2195,"Banteng","BTG",1,"dist_str + ndvi_cv + slope + BB",1.58515656337088,0.683315723566499,4.88005551884203
2196,"Banteng","BTG",1,"dist_str + ndvi_cv + slope + BB",1.50759162303354,0.677184578527664,4.51584183838735
2197,"Banteng","BTG",1,"dist_str + ndvi_cv + slope + BB",1.41609947449845,0.648119953008936,4.12101493270095
2198,"Banteng","BTG",1,"dist_str + ndvi_cv + slope + BB",1.35769610110806,0.526845542942294,3.88722719950986
2199,"Banteng","BTG",1,"dist_str + ndvi_cv + slope + BB",1.34456833896038,0.65843880926674,3.8365301077435
2200,"Banteng","BTG",1,"dist_str + ndvi_cv + slope + BB",1.31980515621425,0.708327134516377,3.74269206740919
2201,"Banteng","BTG",1,"dist_str + ndvi_cv + slope + BB",1.30973586974414,0.741495914577048,3.70519493055435
2202,"Banteng","BTG",1,"dist_str + ndvi_cv + slope + BB",1.28228386269479,0.770037859474583,3.60486334646337
2203,"Banteng","BTG",1,"dist_str + ndvi_cv + slope + BB",1.25613942946283,0.817450152992346,3.51183759443532
2204,"Banteng","BTG",1,"dist_str + ndvi_cv + slope + BB",1.24035968669774,0.942901173190845,3.45685662898587
2205,"Banteng","BTG",1,"dist_str + ndvi_cv + slope + BB",0.0897749418727301,0.973430594765273,1.09392805891188
2206,"Banteng","BTG",1,"dist_str + ndvi_cv + slope + BB",0.10117347768306,0.887596223140078,1.10646857331454
2207,"Banteng","BTG",1,"dist_str + ndvi_cv + slope + BB",0.0882218109610716,0.855194196198896,1.09223036431507
2208,"Banteng","BTG",1,"dist_str + ndvi_cv + slope + BB",0.0984562990692963,0.815412145735597,1.10346618349828
2209,"Banteng","BTG",1,"dist_str + ndvi_cv + slope + BB",0.10298088761807,0.806671070527081,1.10847022677347
2210,"Banteng","BTG",1,"dist_str + ndvi_cv + slope + BB",0.0980049622250265,0.791437919041746,1.10296825837502
2211,"Banteng","BTG",1,"dist_str + ndvi_cv + slope + BB",0.0976249562368379,0.770747874816172,1.10254920346051
2212,"Banteng","BTG",1,"dist_str + ndvi_cv + slope + BB",0.102550034847266,0.765529844674174,1.1079927387709
2213,"Banteng","BTG",1,"dist_str + ndvi_cv + slope + BB",0.0929768855094379,0.752046226561978,1.09743643940185
2214,"Banteng","BTG",1,"dist_str + ndvi_cv + slope + BB",0.108106999708233,0.741097728378608,1.11416695544552
2215,"Banteng","BTG",1,"dist_str + ndvi_cv + slope + BB",0.118415238790755,0.730556161003548,1.12571145364081
2216,"Banteng","BTG",1,"dist_str + ndvi_cv + slope + BB",0.12244664787992,0.752078910070739,1.13025882416436
2217,"Banteng","BTG",1,"dist_str + ndvi_cv + slope + BB",0.177511634687914,0.736243763927835,1.19424197321915
2218,"Banteng","BTG",1,"dist_str + ndvi_cv + slope + BB",0.219460512298732,0.72306780027886,1.24540467386162
2219,"Banteng","BTG",1,"dist_str + ndvi_cv + slope + BB",0.280306562910126,0.720449681370726,1.32353549714611
2220,"Banteng","BTG",1,"dist_str + ndvi_cv + slope + BB",0.355759056531816,0.721435667912481,1.42726362063328
2221,"Banteng","BTG",1,"dist_str + ndvi_cv + slope + BB",0.422422718345108,0.712288494457191,1.52565331720569
2222,"Banteng","BTG",1,"dist_str + ndvi_cv + slope + BB",0.526972273449019,0.702120614657853,1.69379634005974
2223,"Banteng","BTG",1,"dist_str + ndvi_cv + slope + BB",0.636927581844126,0.697684424828867,1.89066318562276
2224,"Banteng","BTG",1,"dist_str + ndvi_cv + slope + BB",0.808980599814086,0.693152447367542,2.24561764820154
2225,"Banteng","BTG",1,"dist_str + ndvi_cv + slope + BB",1.0107179173595,0.682668910507933,2.74757287416201
2226,"Banteng","BTG",1,"dist_str + ndvi_cv + slope + BB",1.22369324273804,0.682396008509034,3.39972057008511
2227,"Banteng","BTG",1,"dist_str + ndvi_cv + slope + BB",1.4777437325511,0.659429453913769,4.38304527752059
2228,"Banteng","BTG",1,"dist_str + ndvi_cv + slope + BB",1.67096156493878,0.654320679948702,5.31727844913737
2229,"Banteng","BTG",1,"dist_str + ndvi_cv + slope + BB",1.72510590751626,0.655669634883194,5.61311553398054
2230,"Banteng","BTG",1,"dist_str + ndvi_cv + slope + BB",1.67797393637874,0.66201971749421,5.35469601859438
2231,"Banteng","BTG",1,"dist_str + ndvi_cv + slope + BB",1.62656989918423,0.677554380977031,5.08639791929959
2232,"Banteng","BTG",1,"dist_str + ndvi_cv + slope + BB",1.55238939696385,0.671947727614739,4.72274124245959
2233,"Banteng","BTG",1,"dist_str + ndvi_cv + slope + BB",1.49780928263519,0.670169408383752,4.47188173049671
2234,"Banteng","BTG",1,"dist_str + ndvi_cv + slope + BB",1.45924395848766,0.656171101349379,4.30270535676736
2235,"Banteng","BTG",1,"dist_str + ndvi_cv + slope + BB",1.42399020944691,0.673970763166586,4.1536615998636
2236,"Banteng","BTG",1,"dist_str + ndvi_cv + slope + BB",1.40484500608285,0.71214578162374,4.07489519216555
2237,"Banteng","BTG",1,"dist_str + ndvi_cv + slope + BB",1.36945589030778,0.740569704722043,3.93321015192518
2238,"Banteng","BTG",1,"dist_str + ndvi_cv + slope + BB",1.34060832897782,0.775267057435598,3.82136781135344
2239,"Banteng","BTG",1,"dist_str + ndvi_cv + slope + BB",1.31149857945755,0.827708766910838,3.71173215513777
2240,"Banteng","BTG",1,"dist_str + ndvi_cv + slope + BB",1.31971381860608,0.949812864009547,3.74235026268553
2241,"Banteng","BTG",1,"dist_str + ndvi_cv + slope + BB",0.126683577521031,1.12205202469237,1.13505781111073
2242,"Banteng","BTG",1,"dist_str + ndvi_cv + slope + BB",0.138669289412175,0.958877776953912,1.1487441356997
2243,"Banteng","BTG",1,"dist_str + ndvi_cv + slope + BB",0.0995273576336559,0.882972909665818,1.10464869775908
2244,"Banteng","BTG",1,"dist_str + ndvi_cv + slope + BB",0.103078857998941,0.857795488513834,1.10857903622395
2245,"Banteng","BTG",1,"dist_str + ndvi_cv + slope + BB",0.10661476508874,0.832740168912452,1.11250559593101
2246,"Banteng","BTG",1,"dist_str + ndvi_cv + slope + BB",0.122978609622852,0.807300972253176,1.13086025080307
2247,"Banteng","BTG",1,"dist_str + ndvi_cv + slope + BB",0.120662437707651,0.796798646089254,1.12824400355022
2248,"Banteng","BTG",1,"dist_str + ndvi_cv + slope + BB",0.119567960236881,0.780440794862566,1.12700983342954
2249,"Banteng","BTG",1,"dist_str + ndvi_cv + slope + BB",0.109021095079262,0.760180192086182,1.11518591492559
2250,"Banteng","BTG",1,"dist_str + ndvi_cv + slope + BB",0.0923683811083961,0.766306203447637,1.09676878177414
2251,"Banteng","BTG",1,"dist_str + ndvi_cv + slope + BB",0.109622528369946,0.75782187375952,1.11585684730878
2252,"Banteng","BTG",1,"dist_str + ndvi_cv + slope + BB",0.136555714462454,0.741450849507252,1.14631877121288
2253,"Banteng","BTG",1,"dist_str + ndvi_cv + slope + BB",0.155703621358975,0.743989027702208,1.16847988654431
2254,"Banteng","BTG",1,"dist_str + ndvi_cv + slope + BB",0.187294921899334,0.742015330557864,1.20598290745433
2255,"Banteng","BTG",1,"dist_str + ndvi_cv + slope + BB",0.240763884001516,0.733284220729742,1.272220610621
2256,"Banteng","BTG",1,"dist_str + ndvi_cv + slope + BB",0.295075786649609,0.720566471690529,1.34322816685278
2257,"Banteng","BTG",1,"dist_str + ndvi_cv + slope + BB",0.328546523090658,0.723850788864709,1.38894788731186
2258,"Banteng","BTG",1,"dist_str + ndvi_cv + slope + BB",0.440908498216252,0.710992801116162,1.55411849128649
2259,"Banteng","BTG",1,"dist_str + ndvi_cv + slope + BB",0.526002916981872,0.705227637979061,1.69215511560069
2260,"Banteng","BTG",1,"dist_str + ndvi_cv + slope + BB",0.663193981472356,0.705899344119038,1.94098196678666
2261,"Banteng","BTG",1,"dist_str + ndvi_cv + slope + BB",0.807684790096972,0.700889926774782,2.24270963018464
2262,"Banteng","BTG",1,"dist_str + ndvi_cv + slope + BB",0.971247645969663,0.695390017580501,2.64123774019362
2263,"Banteng","BTG",1,"dist_str + ndvi_cv + slope + BB",1.17015445909206,0.689344959360066,3.22249034316355
2264,"Banteng","BTG",1,"dist_str + ndvi_cv + slope + BB",1.36615485601402,0.683813045788433,3.92024788041764
2265,"Banteng","BTG",1,"dist_str + ndvi_cv + slope + BB",1.51136632616565,0.675832046686177,4.53292001331387
2266,"Banteng","BTG",1,"dist_str + ndvi_cv + slope + BB",1.59207164971347,0.677883389229931,4.91391831751951
2267,"Banteng","BTG",1,"dist_str + ndvi_cv + slope + BB",1.60654619944799,0.690108644487924,4.98556240688727
2268,"Banteng","BTG",1,"dist_str + ndvi_cv + slope + BB",1.60041464520296,0.686145625760314,4.95508662490624
2269,"Banteng","BTG",1,"dist_str + ndvi_cv + slope + BB",1.57671850938054,0.683975886622041,4.83905043975611
2270,"Banteng","BTG",1,"dist_str + ndvi_cv + slope + BB",1.56543688592898,0.678172694530502,4.7847648929574
2271,"Banteng","BTG",1,"dist_str + ndvi_cv + slope + BB",1.52906259339583,0.676783068551611,4.61384975865972
2272,"Banteng","BTG",1,"dist_str + ndvi_cv + slope + BB",1.50734076056142,0.685128681552745,4.51470925407762
2273,"Banteng","BTG",1,"dist_str + ndvi_cv + slope + BB",1.49780641466386,0.712613470105209,4.4718689447771
2274,"Banteng","BTG",1,"dist_str + ndvi_cv + slope + BB",1.42890034914573,0.739809184281018,4.17410662878839
2275,"Banteng","BTG",1,"dist_str + ndvi_cv + slope + BB",1.41741771563499,0.782757867961051,4.12645101282227
2276,"Banteng","BTG",1,"dist_str + ndvi_cv + slope + BB",1.37328353831071,0.84128373492108,3.94829381237988
2277,"Banteng","BTG",1,"dist_str + ndvi_cv + slope + BB",1.35640767480129,1.01363562483014,3.88222472649834
2278,"Banteng","BTG",1,"dist_str + ndvi_cv + slope + BB",0.119971729026146,1.10283119007043,1.12746499572606
2279,"Banteng","BTG",1,"dist_str + ndvi_cv + slope + BB",0.144487349083153,0.950912011615659,1.15544709217671
2280,"Banteng","BTG",1,"dist_str + ndvi_cv + slope + BB",0.12670203744936,0.887769741357454,1.13507876394828
2281,"Banteng","BTG",1,"dist_str + ndvi_cv + slope + BB",0.123430110629242,0.863174481954129,1.13137093274564
2282,"Banteng","BTG",1,"dist_str + ndvi_cv + slope + BB",0.108036098949681,0.833236257834284,1.11408798451653
2283,"Banteng","BTG",1,"dist_str + ndvi_cv + slope + BB",0.113456804175743,0.813404146402187,1.12014355527708
2284,"Banteng","BTG",1,"dist_str + ndvi_cv + slope + BB",0.131010233619081,0.799876036393594,1.13997945438663
2285,"Banteng","BTG",1,"dist_str + ndvi_cv + slope + BB",0.116282703489455,0.784588971987216,1.12331339273614
2286,"Banteng","BTG",1,"dist_str + ndvi_cv + slope + BB",0.129218903109808,0.773883887495377,1.13793923774135
2287,"Banteng","BTG",1,"dist_str + ndvi_cv + slope + BB",0.105269259143944,0.772497412359267,1.11100980806357
2288,"Banteng","BTG",1,"dist_str + ndvi_cv + slope + BB",0.140985791405069,0.755041409055128,1.15140829445988
2289,"Banteng","BTG",1,"dist_str + ndvi_cv + slope + BB",0.147189767113838,0.750235950985015,1.15857387671418
2290,"Banteng","BTG",1,"dist_str + ndvi_cv + slope + BB",0.165777396157205,0.751746295180478,1.18031038933918
2291,"Banteng","BTG",1,"dist_str + ndvi_cv + slope + BB",0.178550311517681,0.750584919620344,1.19548302835736
2292,"Banteng","BTG",1,"dist_str + ndvi_cv + slope + BB",0.249791014155187,0.740844409353852,1.28375713610819
2293,"Banteng","BTG",1,"dist_str + ndvi_cv + slope + BB",0.285729112915965,0.722341620538112,1.33073193170652
2294,"Banteng","BTG",1,"dist_str + ndvi_cv + slope + BB",0.331196960236105,0.726875094300114,1.3926340596903
2295,"Banteng","BTG",1,"dist_str + ndvi_cv + slope + BB",0.414632316206225,0.704725264213777,1.51381404145714
2296,"Banteng","BTG",1,"dist_str + ndvi_cv + slope + BB",0.500126521908986,0.706809515426436,1.64892988340906
2297,"Banteng","BTG",1,"dist_str + ndvi_cv + slope + BB",0.62747280675155,0.70427491731967,1.87287149744128
2298,"Banteng","BTG",1,"dist_str + ndvi_cv + slope + BB",0.761464673691026,0.695579153605706,2.14141039416068
2299,"Banteng","BTG",1,"dist_str + ndvi_cv + slope + BB",0.929475700291507,0.695916363255045,2.53318068915799
2300,"Banteng","BTG",1,"dist_str + ndvi_cv + slope + BB",1.11556174244086,0.703864064368496,3.05128173568792
2301,"Banteng","BTG",1,"dist_str + ndvi_cv + slope + BB",1.29429820711948,0.693160481558007,3.64843465985762
2302,"Banteng","BTG",1,"dist_str + ndvi_cv + slope + BB",1.4405512257775,0.687952060023429,4.22302311117871
2303,"Banteng","BTG",1,"dist_str + ndvi_cv + slope + BB",1.51863639693044,0.68529364948152,4.56599474997681
2304,"Banteng","BTG",1,"dist_str + ndvi_cv + slope + BB",1.57785577874235,0.692129998894779,4.84455686819127
2305,"Banteng","BTG",1,"dist_str + ndvi_cv + slope + BB",1.60160786406408,0.692257363375442,4.96100283848662
2306,"Banteng","BTG",1,"dist_str + ndvi_cv + slope + BB",1.62978199134379,0.682985634878634,5.1027621530906
2307,"Banteng","BTG",1,"dist_str + ndvi_cv + slope + BB",1.63966184072694,0.679683928681802,5.15342656741026
2308,"Banteng","BTG",1,"dist_str + ndvi_cv + slope + BB",1.6405182861031,0.686385410004235,5.15784209481015
2309,"Banteng","BTG",1,"dist_str + ndvi_cv + slope + BB",1.60645949533775,0.689633842086253,4.98513024659531
2310,"Banteng","BTG",1,"dist_str + ndvi_cv + slope + BB",1.5480629062937,0.709832929581005,4.70235293364749
2311,"Banteng","BTG",1,"dist_str + ndvi_cv + slope + BB",1.48489914980577,0.748508875904428,4.41452018974669
2312,"Banteng","BTG",1,"dist_str + ndvi_cv + slope + BB",1.48220704836425,0.7793971476696,4.40265184986024
2313,"Banteng","BTG",1,"dist_str + ndvi_cv + slope + BB",1.41213028071056,0.860341750198324,4.10469031620757
2314,"Banteng","BTG",1,"dist_str + ndvi_cv + slope + BB",0.159460564092282,0.967058544844935,1.1728780098091
2315,"Banteng","BTG",1,"dist_str + ndvi_cv + slope + BB",0.140435217690033,0.883470243773232,1.15077452816368
2316,"Banteng","BTG",1,"dist_str + ndvi_cv + slope + BB",0.151374465376952,0.843830873948425,1.16343224161423
2317,"Banteng","BTG",1,"dist_str + ndvi_cv + slope + BB",0.135513273133273,0.840758205049638,1.14512449272154
2318,"Banteng","BTG",1,"dist_str + ndvi_cv + slope + BB",0.13360209957421,0.815893338894687,1.14293795975336
2319,"Banteng","BTG",1,"dist_str + ndvi_cv + slope + BB",0.142801836792773,0.796561344130446,1.15350131210475
2320,"Banteng","BTG",1,"dist_str + ndvi_cv + slope + BB",0.132930713671829,0.792585370604629,1.14217085901674
2321,"Banteng","BTG",1,"dist_str + ndvi_cv + slope + BB",0.138331259366893,0.78487317328239,1.14835589273081
2322,"Banteng","BTG",1,"dist_str + ndvi_cv + slope + BB",0.129838341098017,0.771486883889827,1.13864430424294
2323,"Banteng","BTG",1,"dist_str + ndvi_cv + slope + BB",0.129087744946972,0.757308658563361,1.13778995595598
2324,"Banteng","BTG",1,"dist_str + ndvi_cv + slope + BB",0.165275044929857,0.747671126585114,1.17971756487634
2325,"Banteng","BTG",1,"dist_str + ndvi_cv + slope + BB",0.174001567029656,0.732184094736045,1.19005743122237
2326,"Banteng","BTG",1,"dist_str + ndvi_cv + slope + BB",0.207870670125613,0.739778143001197,1.23105394747351
2327,"Banteng","BTG",1,"dist_str + ndvi_cv + slope + BB",0.228057153462351,0.744093287268881,1.25615712436312
2328,"Banteng","BTG",1,"dist_str + ndvi_cv + slope + BB",0.290732133543651,0.729158082765811,1.33740630247543
2329,"Banteng","BTG",1,"dist_str + ndvi_cv + slope + BB",0.316961509333254,0.724458891744569,1.37294972526454
2330,"Banteng","BTG",1,"dist_str + ndvi_cv + slope + BB",0.368338167175723,0.715151712314341,1.44533071978446
2331,"Banteng","BTG",1,"dist_str + ndvi_cv + slope + BB",0.443723019643962,0.696134952089179,1.55849885893782
2332,"Banteng","BTG",1,"dist_str + ndvi_cv + slope + BB",0.560067010836348,0.69723733322122,1.7507898285426
2333,"Banteng","BTG",1,"dist_str + ndvi_cv + slope + BB",0.730940561900576,0.706743675759961,2.07703349344218
2334,"Banteng","BTG",1,"dist_str + ndvi_cv + slope + BB",0.895908407400406,0.712502273376076,2.44956000475381
2335,"Banteng","BTG",1,"dist_str + ndvi_cv + slope + BB",1.06853517330894,0.714987031995987,2.91111213300928
2336,"Banteng","BTG",1,"dist_str + ndvi_cv + slope + BB",1.27244948390531,0.690838489327327,3.56958554070457
2337,"Banteng","BTG",1,"dist_str + ndvi_cv + slope + BB",1.41867341453548,0.690565671660621,4.1316358601797
2338,"Banteng","BTG",1,"dist_str + ndvi_cv + slope + BB",1.51333401278484,0.688110305453348,4.54184817644498
2339,"Banteng","BTG",1,"dist_str + ndvi_cv + slope + BB",1.54486228497867,0.70032873360608,4.68732608606054
2340,"Banteng","BTG",1,"dist_str + ndvi_cv + slope + BB",1.57671254192114,0.692985707141334,4.8390215750436
2341,"Banteng","BTG",1,"dist_str + ndvi_cv + slope + BB",1.63611089807873,0.688574865777212,5.13516003516708
2342,"Banteng","BTG",1,"dist_str + ndvi_cv + slope + BB",1.7430352969366,0.667947825516509,5.71466288369306
2343,"Banteng","BTG",1,"dist_str + ndvi_cv + slope + BB",1.78769718837926,0.675505768841107,5.9756757573216
2344,"Banteng","BTG",1,"dist_str + ndvi_cv + slope + BB",1.73562820780666,0.661780521154722,5.67249018745367
2345,"Banteng","BTG",1,"dist_str + ndvi_cv + slope + BB",1.58506588943446,0.712378714085729,4.87961343831015
2346,"Banteng","BTG",1,"dist_str + ndvi_cv + slope + BB",1.52606925330826,0.743179410792901,4.60005957604608
2347,"Banteng","BTG",1,"dist_str + ndvi_cv + slope + BB",1.47948172549649,0.77442963356849,4.39066952714363
2348,"Banteng","BTG",1,"dist_str + ndvi_cv + slope + BB",1.46070130558202,0.88006029360629,4.30898038585453
2349,"Banteng","BTG",1,"dist_str + ndvi_cv + slope + BB",0.151810883317357,0.995154050542735,1.16394011101398
2350,"Banteng","BTG",1,"dist_str + ndvi_cv + slope + BB",0.146649069750075,0.882712546069682,1.15794753873496
2351,"Banteng","BTG",1,"dist_str + ndvi_cv + slope + BB",0.150042509294749,0.846468209758084,1.16188363437188
2352,"Banteng","BTG",1,"dist_str + ndvi_cv + slope + BB",0.141438064681191,0.83663200667692,1.15192915863766
2353,"Banteng","BTG",1,"dist_str + ndvi_cv + slope + BB",0.154881398678202,0.826221039057282,1.16751949693839
2354,"Banteng","BTG",1,"dist_str + ndvi_cv + slope + BB",0.153769316990944,0.807743077154289,1.16622184840853
2355,"Banteng","BTG",1,"dist_str + ndvi_cv + slope + BB",0.147988061631626,0.795309155437736,1.15949905395711
2356,"Banteng","BTG",1,"dist_str + ndvi_cv + slope + BB",0.152219300820081,0.777202982859756,1.16441558716053
2357,"Banteng","BTG",1,"dist_str + ndvi_cv + slope + BB",0.149122404749646,0.76986444010085,1.16081507020688
2358,"Banteng","BTG",1,"dist_str + ndvi_cv + slope + BB",0.127996964097606,0.766751242486049,1.13654955224658
2359,"Banteng","BTG",1,"dist_str + ndvi_cv + slope + BB",0.167151627702201,0.756284479940879,1.18193346557871
2360,"Banteng","BTG",1,"dist_str + ndvi_cv + slope + BB",0.150990306551202,0.741236093705638,1.1629854046804
2361,"Banteng","BTG",1,"dist_str + ndvi_cv + slope + BB",0.165413867149822,0.745714925279595,1.17988134130775
2362,"Banteng","BTG",1,"dist_str + ndvi_cv + slope + BB",0.222851663506371,0.730341882620571,1.24963519697577
2363,"Banteng","BTG",1,"dist_str + ndvi_cv + slope + BB",0.276960071493796,0.728228693555236,1.31911370196534
2364,"Banteng","BTG",1,"dist_str + ndvi_cv + slope + BB",0.303658414213934,0.728882067768355,1.35480619479189
2365,"Banteng","BTG",1,"dist_str + ndvi_cv + slope + BB",0.344396915686185,0.707535565559333,1.41113862846471
2366,"Banteng","BTG",1,"dist_str + ndvi_cv + slope + BB",0.257153759568905,0.640905807604962,1.2932439767761
2367,"Banteng","BTG",1,"dist_str + ndvi_cv + slope + BB",0.478252344848165,0.686824735106284,1.61325253314284
2368,"Banteng","BTG",1,"dist_str + ndvi_cv + slope + BB",0.674211158916895,0.706238760784839,1.96248432129325
2369,"Banteng","BTG",1,"dist_str + ndvi_cv + slope + BB",0.843956650795572,0.710932356142048,2.32555018804894
2370,"Banteng","BTG",1,"dist_str + ndvi_cv + slope + BB",1.02055772640887,0.715074747979322,2.7747419512159
2371,"Banteng","BTG",1,"dist_str + ndvi_cv + slope + BB",1.21482192842778,0.699589247780324,3.36969397258221
2372,"Banteng","BTG",1,"dist_str + ndvi_cv + slope + BB",1.55342380528683,0.685803014561005,4.72762907411416
2373,"Banteng","BTG",1,"dist_str + ndvi_cv + slope + BB",1.61966129305257,0.71902906564865,5.05137909002175
2374,"Banteng","BTG",1,"dist_str + ndvi_cv + slope + BB",1.46838284445657,0.722291899416924,4.34220762370113
2375,"Banteng","BTG",1,"dist_str + ndvi_cv + slope + BB",1.50219518183998,0.713742498517598,4.49153799943204
2376,"Banteng","BTG",1,"dist_str + ndvi_cv + slope + BB",1.60194322300516,0.691505727985463,4.962666866855
2377,"Banteng","BTG",1,"dist_str + ndvi_cv + slope + BB",1.76761239750676,0.675980935138693,5.85685281926166
2378,"Banteng","BTG",1,"dist_str + ndvi_cv + slope + BB",2.35511756879893,0.539487263676991,10.5393678949016
2379,"Banteng","BTG",1,"dist_str + ndvi_cv + slope + BB",1.77554085703326,0.68134075060824,5.90347332643909
2380,"Banteng","BTG",1,"dist_str + ndvi_cv + slope + BB",1.59644411757926,0.721027038114171,4.93545130281713
2381,"Banteng","BTG",1,"dist_str + ndvi_cv + slope + BB",1.52426686093572,0.761830500456525,4.59177597448973
2382,"Banteng","BTG",1,"dist_str + ndvi_cv + slope + BB",1.48435216210487,0.801244825788535,4.41210644737283
2383,"Banteng","BTG",1,"dist_str + ndvi_cv + slope + BB",1.45270836582301,0.879134345959015,4.27467633827114
2384,"Banteng","BTG",1,"dist_str + ndvi_cv + slope + BB",1.4309105058034,1.05735433678819,4.18250570749184
2385,"Banteng","BTG",1,"dist_str + ndvi_cv + slope + BB",0.140780117746118,0.966738309863089,1.15117150046228
2386,"Banteng","BTG",1,"dist_str + ndvi_cv + slope + BB",0.148818981327677,0.878114145249398,1.16046290522961
2387,"Banteng","BTG",1,"dist_str + ndvi_cv + slope + BB",0.15463535717575,0.867565924776373,1.16723228519974
2388,"Banteng","BTG",1,"dist_str + ndvi_cv + slope + BB",0.166187385103496,0.840025797829786,1.18079434655568
2389,"Banteng","BTG",1,"dist_str + ndvi_cv + slope + BB",0.149238891933063,0.823671864119192,1.16095030315757
2390,"Banteng","BTG",1,"dist_str + ndvi_cv + slope + BB",0.150496920074339,0.812415990644827,1.16241172918406
2391,"Banteng","BTG",1,"dist_str + ndvi_cv + slope + BB",0.163498215153788,0.797639654984529,1.17762332645373
2392,"Banteng","BTG",1,"dist_str + ndvi_cv + slope + BB",0.165754738049259,0.7867773034848,1.18028373634835
2393,"Banteng","BTG",1,"dist_str + ndvi_cv + slope + BB",0.16823620637745,0.779401508683937,1.18321606692392
2394,"Banteng","BTG",1,"dist_str + ndvi_cv + slope + BB",0.157733647341874,0.766870504838689,1.17085433394351
2395,"Banteng","BTG",1,"dist_str + ndvi_cv + slope + BB",0.170020344507124,0.764595577459047,1.18532896999069
2396,"Banteng","BTG",1,"dist_str + ndvi_cv + slope + BB",0.192222978356933,0.750695637567604,1.21194074981296
2397,"Banteng","BTG",1,"dist_str + ndvi_cv + slope + BB",0.185891901479903,0.73795766589655,1.20429216023828
2398,"Banteng","BTG",1,"dist_str + ndvi_cv + slope + BB",0.230068619768774,0.754931029138925,1.2586863797382
2399,"Banteng","BTG",1,"dist_str + ndvi_cv + slope + BB",0.280275899759509,0.735591544897754,1.32349491487584
2400,"Banteng","BTG",1,"dist_str + ndvi_cv + slope + BB",0.312817912848958,0.727021018422197,1.36727255721535
2401,"Banteng","BTG",1,"dist_str + ndvi_cv + slope + BB",0.323504579991651,0.722854828353514,1.38196248867905
2402,"Banteng","BTG",1,"dist_str + ndvi_cv + slope + BB",0.371319625021032,0.688638303778866,1.44964636350701
2403,"Banteng","BTG",1,"dist_str + ndvi_cv + slope + BB",0.478519890017553,0.697198552691446,1.6136843533627
2404,"Banteng","BTG",1,"dist_str + ndvi_cv + slope + BB",0.638797606888608,0.725153754905557,1.89420193947641
2405,"Banteng","BTG",1,"dist_str + ndvi_cv + slope + BB",0.79116814470118,0.717904159083318,2.2059718421684
2406,"Banteng","BTG",1,"dist_str + ndvi_cv + slope + BB",0.922873025440905,0.717717772122724,2.51651007928509
2407,"Banteng","BTG",1,"dist_str + ndvi_cv + slope + BB",1.09270427563613,0.714214710328753,2.98232823037316
2408,"Banteng","BTG",1,"dist_str + ndvi_cv + slope + BB",1.31005277418039,0.713038177931615,3.70636941504555
2409,"Banteng","BTG",1,"dist_str + ndvi_cv + slope + BB",1.33706927609984,0.71038163757614,3.80786743829751
2410,"Banteng","BTG",1,"dist_str + ndvi_cv + slope + BB",1.37282241874148,0.719378702850195,3.94647390679931
2411,"Banteng","BTG",1,"dist_str + ndvi_cv + slope + BB",1.39284926858388,0.713490234451637,4.0263058064353
2412,"Banteng","BTG",1,"dist_str + ndvi_cv + slope + BB",1.50430841472053,0.706874860520725,4.50103970195277
2413,"Banteng","BTG",1,"dist_str + ndvi_cv + slope + BB",1.6657387758267,0.686621648885467,5.28957990543307
2414,"Banteng","BTG",1,"dist_str + ndvi_cv + slope + BB",1.83332914923119,0.66787667141773,6.25467480135255
2415,"Banteng","BTG",1,"dist_str + ndvi_cv + slope + BB",1.69286407211378,0.681400965270942,5.43502473780327
2416,"Banteng","BTG",1,"dist_str + ndvi_cv + slope + BB",1.5555352057164,0.737685633148936,4.73762151402654
2417,"Banteng","BTG",1,"dist_str + ndvi_cv + slope + BB",1.47680552359895,0.77300117831491,4.37893493080419
2418,"Banteng","BTG",1,"dist_str + ndvi_cv + slope + BB",1.46078170847962,0.813750455307072,4.30932685156085
2419,"Banteng","BTG",1,"dist_str + ndvi_cv + slope + BB",1.42589061621612,0.893909891992566,4.16156254834648
2420,"Banteng","BTG",1,"dist_str + ndvi_cv + slope + BB",1.45031819931538,1.07135853035901,4.26447135304468
2421,"Banteng","BTG",1,"dist_str + ndvi_cv + slope + BB",0.167708933460906,1.11407548174175,1.18259259904345
2422,"Banteng","BTG",1,"dist_str + ndvi_cv + slope + BB",0.174764700366256,0.965085065764033,1.19096596186023
2423,"Banteng","BTG",1,"dist_str + ndvi_cv + slope + BB",0.159727870528298,0.898724577703338,1.17319158882032
2424,"Banteng","BTG",1,"dist_str + ndvi_cv + slope + BB",0.169955840407954,0.860816764585016,1.18525251439528
2425,"Banteng","BTG",1,"dist_str + ndvi_cv + slope + BB",0.168808134647973,0.850648592450384,1.18389298653803
2426,"Banteng","BTG",1,"dist_str + ndvi_cv + slope + BB",0.168294883148802,0.82149090336749,1.18328549448823
2427,"Banteng","BTG",1,"dist_str + ndvi_cv + slope + BB",0.181292388805527,0.817096390062468,1.19876576347628
2428,"Banteng","BTG",1,"dist_str + ndvi_cv + slope + BB",0.181759250494256,0.79154138723811,1.19932542256108
2429,"Banteng","BTG",1,"dist_str + ndvi_cv + slope + BB",0.17995960073869,0.792211781955426,1.19716906404248
2430,"Banteng","BTG",1,"dist_str + ndvi_cv + slope + BB",0.164282089428655,0.800704001180732,1.17854672378145
2431,"Banteng","BTG",1,"dist_str + ndvi_cv + slope + BB",0.18067227588902,0.782345822092044,1.1980224952086
2432,"Banteng","BTG",1,"dist_str + ndvi_cv + slope + BB",0.184366145702554,0.769532295035315,1.20245604380812
2433,"Banteng","BTG",1,"dist_str + ndvi_cv + slope + BB",0.182342180350125,0.753461206675223,1.20002474912994
2434,"Banteng","BTG",1,"dist_str + ndvi_cv + slope + BB",0.215081906417632,0.763885038333109,1.23996355177326
2435,"Banteng","BTG",1,"dist_str + ndvi_cv + slope + BB",0.238022934890748,0.752091117517345,1.26873830056813
2436,"Banteng","BTG",1,"dist_str + ndvi_cv + slope + BB",0.27695437022486,0.743080591607974,1.31910618192887
2437,"Banteng","BTG",1,"dist_str + ndvi_cv + slope + BB",0.318660072911475,0.728985367116813,1.37528378391125
2438,"Banteng","BTG",1,"dist_str + ndvi_cv + slope + BB",0.344522074267652,0.72545769430536,1.41131533205283
2439,"Banteng","BTG",1,"dist_str + ndvi_cv + slope + BB",0.394364003992513,0.723157845450222,1.48344068673932
2440,"Banteng","BTG",1,"dist_str + ndvi_cv + slope + BB",0.490381856435596,0.731204098176871,1.63293964965388
2441,"Banteng","BTG",1,"dist_str + ndvi_cv + slope + BB",0.596905703053585,0.722519522676937,1.81648941568962
2442,"Banteng","BTG",1,"dist_str + ndvi_cv + slope + BB",0.705581862120845,0.720305869286284,2.02502463385685
2443,"Banteng","BTG",1,"dist_str + ndvi_cv + slope + BB",0.830011942742208,0.728573556365869,2.29334658896448
2444,"Banteng","BTG",1,"dist_str + ndvi_cv + slope + BB",0.956112866759116,0.729589631903324,2.60156417824754
2445,"Banteng","BTG",1,"dist_str + ndvi_cv + slope + BB",1.07519950473138,0.725593070214442,2.93057753851024
2446,"Banteng","BTG",1,"dist_str + ndvi_cv + slope + BB",1.14426683465204,0.722420411443563,3.14013827697712
2447,"Banteng","BTG",1,"dist_str + ndvi_cv + slope + BB",1.20400642904696,0.719244443244888,3.33344644485596
2448,"Banteng","BTG",1,"dist_str + ndvi_cv + slope + BB",1.26395885635475,0.716980073178422,3.5394058619948
2449,"Banteng","BTG",1,"dist_str + ndvi_cv + slope + BB",1.332572547465,0.711860904102891,3.79078282716213
2450,"Banteng","BTG",1,"dist_str + ndvi_cv + slope + BB",1.43055373533376,0.715923897941886,4.1810146671625
2451,"Banteng","BTG",1,"dist_str + ndvi_cv + slope + BB",1.4835915651523,0.702658854486475,4.40875167429291
2452,"Banteng","BTG",1,"dist_str + ndvi_cv + slope + BB",1.48225738641419,0.718930509741859,4.40287345821413
2453,"Banteng","BTG",1,"dist_str + ndvi_cv + slope + BB",1.44703017616102,0.749339978142903,4.25047259748887
2454,"Banteng","BTG",1,"dist_str + ndvi_cv + slope + BB",1.41032806425844,0.79334648952846,4.09730032667288
2455,"Banteng","BTG",1,"dist_str + ndvi_cv + slope + BB",1.41317215059227,0.855662753800904,4.10896902277501
2456,"Banteng","BTG",1,"dist_str + ndvi_cv + slope + BB",1.44899159387293,0.968265879783616,4.25881773593313
2457,"Banteng","BTG",1,"dist_str + ndvi_cv + slope + BB",0.145512108145292,1.0788404775668,1.15663176040203
2458,"Banteng","BTG",1,"dist_str + ndvi_cv + slope + BB",0.164172262513835,0.946244375140838,1.17841729495009
2459,"Banteng","BTG",1,"dist_str + ndvi_cv + slope + BB",0.183289080246113,0.911719805143887,1.20116159068371
2460,"Banteng","BTG",1,"dist_str + ndvi_cv + slope + BB",0.156555223761488,0.8881019560304,1.16947535455198
2461,"Banteng","BTG",1,"dist_str + ndvi_cv + slope + BB",0.180530152490288,0.876201338057768,1.1978522391725
2462,"Banteng","BTG",1,"dist_str + ndvi_cv + slope + BB",0.180173720530056,0.848186405840971,1.19742536465469
2463,"Banteng","BTG",1,"dist_str + ndvi_cv + slope + BB",0.165676108808054,0.82147791466273,1.1801907872655
2464,"Banteng","BTG",1,"dist_str + ndvi_cv + slope + BB",0.165492777394024,0.809062019446199,1.17997444423686
2465,"Banteng","BTG",1,"dist_str + ndvi_cv + slope + BB",0.167835387798412,0.802576265775884,1.18274190209933
2466,"Banteng","BTG",1,"dist_str + ndvi_cv + slope + BB",0.180361020272557,0.795936802789419,1.19764966834825
2467,"Banteng","BTG",1,"dist_str + ndvi_cv + slope + BB",0.211198682759111,0.775099848645513,1.23515774109323
2468,"Banteng","BTG",1,"dist_str + ndvi_cv + slope + BB",0.201153991989779,0.779572163972865,1.22281306178627
2469,"Banteng","BTG",1,"dist_str + ndvi_cv + slope + BB",0.200260435099691,0.7782202342954,1.22172102185944
2470,"Banteng","BTG",1,"dist_str + ndvi_cv + slope + BB",0.231391590162791,0.763334648482523,1.26035277814865
2471,"Banteng","BTG",1,"dist_str + ndvi_cv + slope + BB",0.238018772239589,0.752587171042669,1.26873308550855
2472,"Banteng","BTG",1,"dist_str + ndvi_cv + slope + BB",0.26624566800978,0.750194100314815,1.30505563308539
2473,"Banteng","BTG",1,"dist_str + ndvi_cv + slope + BB",0.307234141327829,0.744436251361921,1.35965928737405
2474,"Banteng","BTG",1,"dist_str + ndvi_cv + slope + BB",0.370758914933883,0.740163255331,1.44883376658434
2475,"Banteng","BTG",1,"dist_str + ndvi_cv + slope + BB",0.408332953155272,0.739612764742508,1.50430794220988
2476,"Banteng","BTG",1,"dist_str + ndvi_cv + slope + BB",0.478490092542695,0.728811129494467,1.61363612929632
2477,"Banteng","BTG",1,"dist_str + ndvi_cv + slope + BB",0.552259335403807,0.734000099914418,1.73717344521447
2478,"Banteng","BTG",1,"dist_str + ndvi_cv + slope + BB",0.644572595183964,0.735050660768866,1.90517260909245
2479,"Banteng","BTG",1,"dist_str + ndvi_cv + slope + BB",0.726202873370441,0.730851885467676,2.06721624348454
2480,"Banteng","BTG",1,"dist_str + ndvi_cv + slope + BB",0.818173465169657,0.738464770626452,2.26635656761917
2481,"Banteng","BTG",1,"dist_str + ndvi_cv + slope + BB",0.881675436541581,0.727180189454603,2.41494252674099
2482,"Banteng","BTG",1,"dist_str + ndvi_cv + slope + BB",0.957164989118381,0.721563467105373,2.60430278891252
2483,"Banteng","BTG",1,"dist_str + ndvi_cv + slope + BB",1.03348770632069,0.729525138431873,2.81085219088935
2484,"Banteng","BTG",1,"dist_str + ndvi_cv + slope + BB",1.07805498530614,0.727067276583981,2.93895823280116
2485,"Banteng","BTG",1,"dist_str + ndvi_cv + slope + BB",1.15919062375994,0.717079433724737,3.18735247277324
2486,"Banteng","BTG",1,"dist_str + ndvi_cv + slope + BB",1.21794475333792,0.715094731694312,3.38023337875218
2487,"Banteng","BTG",1,"dist_str + ndvi_cv + slope + BB",1.26769147685351,0.737379380965275,3.5526417533216
2488,"Banteng","BTG",1,"dist_str + ndvi_cv + slope + BB",1.32255408883128,0.751328809613664,3.75299495188966
2489,"Banteng","BTG",1,"dist_str + ndvi_cv + slope + BB",1.3099212929964,0.771975571362693,3.70588202774893
2490,"Banteng","BTG",1,"dist_str + ndvi_cv + slope + BB",1.34384327311961,0.831968125159869,3.83374984408362
2491,"Banteng","BTG",1,"dist_str + ndvi_cv + slope + BB",1.36523727521294,0.922464761617508,3.91665227243959
2492,"Banteng","BTG",1,"dist_str + ndvi_cv + slope + BB",0.164548802019476,1.11325209567259,1.17886110856988
2493,"Banteng","BTG",1,"dist_str + ndvi_cv + slope + BB",0.183948479687076,0.960726588585257,1.20195390354714
2494,"Banteng","BTG",1,"dist_str + ndvi_cv + slope + BB",0.182874763098991,0.905348943627627,1.20066406370927
2495,"Banteng","BTG",1,"dist_str + ndvi_cv + slope + BB",0.185224478744521,0.892607977512811,1.20348857509682
2496,"Banteng","BTG",1,"dist_str + ndvi_cv + slope + BB",0.190694637283089,0.886346245550842,1.21008988011571
2497,"Banteng","BTG",1,"dist_str + ndvi_cv + slope + BB",0.19853490970158,0.855333156955099,1.21961461319583
2498,"Banteng","BTG",1,"dist_str + ndvi_cv + slope + BB",0.186449263482163,0.833790468811232,1.20496348561945
2499,"Banteng","BTG",1,"dist_str + ndvi_cv + slope + BB",0.204982344279786,0.818648212208246,1.22750340869199
2500,"Banteng","BTG",1,"dist_str + ndvi_cv + slope + BB",0.176090525996185,0.809626325989686,1.19254610271596
2501,"Banteng","BTG",1,"dist_str + ndvi_cv + slope + BB",0.18916460252784,0.798420873470001,1.20824004735401
2502,"Banteng","BTG",1,"dist_str + ndvi_cv + slope + BB",0.194703666291212,0.797371301525114,1.21495090586086
2503,"Banteng","BTG",1,"dist_str + ndvi_cv + slope + BB",0.219965935568085,0.798947253773132,1.24603430653967
2504,"Banteng","BTG",1,"dist_str + ndvi_cv + slope + BB",0.219808666207666,0.774878395406668,1.24583833768593
2505,"Banteng","BTG",1,"dist_str + ndvi_cv + slope + BB",0.228755462089868,0.760436853765778,1.25703461040972
2506,"Banteng","BTG",1,"dist_str + ndvi_cv + slope + BB",0.241777438360057,0.761296158004871,1.27351072665439
2507,"Banteng","BTG",1,"dist_str + ndvi_cv + slope + BB",0.268248578530996,0.757083504213353,1.3076721588541
2508,"Banteng","BTG",1,"dist_str + ndvi_cv + slope + BB",0.332252453101099,0.752174068830385,1.39410478890099
2509,"Banteng","BTG",1,"dist_str + ndvi_cv + slope + BB",0.368377896556711,0.747638250479293,1.44538814688076
2510,"Banteng","BTG",1,"dist_str + ndvi_cv + slope + BB",0.39933811916128,0.759208558051229,1.49083765159147
2511,"Banteng","BTG",1,"dist_str + ndvi_cv + slope + BB",0.451566413928674,0.740414340533844,1.57077073679898
2512,"Banteng","BTG",1,"dist_str + ndvi_cv + slope + BB",0.511202320170689,0.742114968940983,1.66729461231345
2513,"Banteng","BTG",1,"dist_str + ndvi_cv + slope + BB",0.563130489568106,0.748196424288628,1.75616155444568
2514,"Banteng","BTG",1,"dist_str + ndvi_cv + slope + BB",0.629990269998393,0.738398733800929,1.87759231318182
2515,"Banteng","BTG",1,"dist_str + ndvi_cv + slope + BB",0.666477113862527,0.72752499666921,1.94736488014002
2516,"Banteng","BTG",1,"dist_str + ndvi_cv + slope + BB",0.744755206779676,0.730721371994685,2.10592585773467
2517,"Banteng","BTG",1,"dist_str + ndvi_cv + slope + BB",0.779120295820867,0.726038660756129,2.17955413069795
2518,"Banteng","BTG",1,"dist_str + ndvi_cv + slope + BB",0.846654957782473,0.722285616438821,2.3318337286588
2519,"Banteng","BTG",1,"dist_str + ndvi_cv + slope + BB",0.919611431929154,0.723306215234333,2.5083155505085
2520,"Banteng","BTG",1,"dist_str + ndvi_cv + slope + BB",0.969027212155851,0.716192076268715,2.63537954687091
2521,"Banteng","BTG",1,"dist_str + ndvi_cv + slope + BB",1.00836890554745,0.714407824274749,2.74112635879986
2522,"Banteng","BTG",1,"dist_str + ndvi_cv + slope + BB",1.07379323147574,0.737776863139803,2.92645921143734
2523,"Banteng","BTG",1,"dist_str + ndvi_cv + slope + BB",1.17676095975595,0.76679499806912,3.24385020702454
2524,"Banteng","BTG",1,"dist_str + ndvi_cv + slope + BB",1.1888548849017,0.80683561988604,3.28331929767826
2525,"Banteng","BTG",1,"dist_str + ndvi_cv + slope + BB",1.23743021450643,0.888244805202726,3.44674470251975
2526,"Banteng","BTG",1,"dist_str + ndvi_cv + slope + BB",0.167457315895301,0.966257315639843,1.18229486786572
2527,"Banteng","BTG",1,"dist_str + ndvi_cv + slope + BB",0.184706752661124,0.915023169374585,1.20286565139514
2528,"Banteng","BTG",1,"dist_str + ndvi_cv + slope + BB",0.175056874944992,0.887887875253987,1.19131398101383
2529,"Banteng","BTG",1,"dist_str + ndvi_cv + slope + BB",0.168186613767337,0.884155601109391,1.18315762373499
2530,"Banteng","BTG",1,"dist_str + ndvi_cv + slope + BB",0.185526822907085,0.86246162845337,1.20385249119758
2531,"Banteng","BTG",1,"dist_str + ndvi_cv + slope + BB",0.181031269214493,0.841778722142509,1.19845266468067
2532,"Banteng","BTG",1,"dist_str + ndvi_cv + slope + BB",0.179831817282858,0.832146086199132,1.19701605328003
2533,"Banteng","BTG",1,"dist_str + ndvi_cv + slope + BB",0.178226901051052,0.818403865279267,1.19509646728527
2534,"Banteng","BTG",1,"dist_str + ndvi_cv + slope + BB",0.184307714828965,0.812846920896121,1.20238576158784
2535,"Banteng","BTG",1,"dist_str + ndvi_cv + slope + BB",0.192583756159002,0.807237667764437,1.21237804444561
2536,"Banteng","BTG",1,"dist_str + ndvi_cv + slope + BB",0.216823440261038,0.793450882389783,1.24212477405761
2537,"Banteng","BTG",1,"dist_str + ndvi_cv + slope + BB",0.207626656432611,0.778284927556536,1.23075359095712
2538,"Banteng","BTG",1,"dist_str + ndvi_cv + slope + BB",0.235112791386807,0.772567281285232,1.26505169097133
2539,"Banteng","BTG",1,"dist_str + ndvi_cv + slope + BB",0.240027383397484,0.766327237540989,1.27128396309141
2540,"Banteng","BTG",1,"dist_str + ndvi_cv + slope + BB",0.264493194823237,0.763832378367487,1.30277062299644
2541,"Banteng","BTG",1,"dist_str + ndvi_cv + slope + BB",0.280988901854207,0.756321300382113,1.32443892644786
2542,"Banteng","BTG",1,"dist_str + ndvi_cv + slope + BB",0.333288688729416,0.757141557216986,1.39555012271488
2543,"Banteng","BTG",1,"dist_str + ndvi_cv + slope + BB",0.367159696409686,0.749206487418966,1.44362844696471
2544,"Banteng","BTG",1,"dist_str + ndvi_cv + slope + BB",0.427815548971161,0.755071535057774,1.53390312598957
2545,"Banteng","BTG",1,"dist_str + ndvi_cv + slope + BB",0.481619818938235,0.752629733444689,1.61869432421236
2546,"Banteng","BTG",1,"dist_str + ndvi_cv + slope + BB",0.502635166957702,0.752253242167272,1.65307179735961
2547,"Banteng","BTG",1,"dist_str + ndvi_cv + slope + BB",0.531903795258873,0.739612041919963,1.70216981128874
2548,"Banteng","BTG",1,"dist_str + ndvi_cv + slope + BB",0.519922701429952,0.728596646252536,1.68189765630177
2549,"Banteng","BTG",1,"dist_str + ndvi_cv + slope + BB",0.549234326298129,0.717605628692573,1.73192674064047
2550,"Banteng","BTG",1,"dist_str + ndvi_cv + slope + BB",0.608488813049985,0.712275328599473,1.83765227811534
2551,"Banteng","BTG",1,"dist_str + ndvi_cv + slope + BB",0.683804414834594,0.731794785721059,1.98140149162896
2552,"Banteng","BTG",1,"dist_str + ndvi_cv + slope + BB",0.749631751625041,0.735493935024532,2.11622058285273
2553,"Banteng","BTG",1,"dist_str + ndvi_cv + slope + BB",0.74668499078051,0.700191049967279,2.10999384089849
2554,"Banteng","BTG",1,"dist_str + ndvi_cv + slope + BB",0.727385806924644,0.698799234961045,2.06966303115665
2555,"Banteng","BTG",1,"dist_str + ndvi_cv + slope + BB",0.913125439980526,0.760066245472054,2.49209930596957
2556,"Banteng","BTG",1,"dist_str + ndvi_cv + slope + BB",1.01850934024892,0.78798811070079,2.76906405072989
2557,"Banteng","BTG",1,"dist_str + ndvi_cv + slope + BB",1.09370903202859,0.841842991919615,2.98532635624984
2558,"Banteng","BTG",1,"dist_str + ndvi_cv + slope + BB",1.0987137004823,1.00033654364796,3.00030426988221
2559,"Banteng","BTG",1,"dist_str + ndvi_cv + slope + BB",0.185957021343832,1.11973556760844,1.20437049749772
2560,"Banteng","BTG",1,"dist_str + ndvi_cv + slope + BB",0.197661675672167,0.979547834284115,1.21855006311351
2561,"Banteng","BTG",1,"dist_str + ndvi_cv + slope + BB",0.209423496432712,0.925825221895925,1.2329670549503
2562,"Banteng","BTG",1,"dist_str + ndvi_cv + slope + BB",0.208110806728919,0.918779902729353,1.23134960506106
2563,"Banteng","BTG",1,"dist_str + ndvi_cv + slope + BB",0.191502987159391,0.884820569509591,1.21106849054749
2564,"Banteng","BTG",1,"dist_str + ndvi_cv + slope + BB",0.178455149272816,0.869184294968372,1.19536929885134
2565,"Banteng","BTG",1,"dist_str + ndvi_cv + slope + BB",0.175755882251865,0.865840635578315,1.19214699909351
2566,"Banteng","BTG",1,"dist_str + ndvi_cv + slope + BB",0.154488726969743,0.848471831370714,1.16706112375147
2567,"Banteng","BTG",1,"dist_str + ndvi_cv + slope + BB",0.180799197662541,0.832738120236367,1.19817456670693
2568,"Banteng","BTG",1,"dist_str + ndvi_cv + slope + BB",0.22680052783312,0.830187393772922,1.25457965475559
2569,"Banteng","BTG",1,"dist_str + ndvi_cv + slope + BB",0.202206681944121,0.815284447238407,1.22410098229462
2570,"Banteng","BTG",1,"dist_str + ndvi_cv + slope + BB",0.226594579136473,0.80214881240908,1.25432133710136
2571,"Banteng","BTG",1,"dist_str + ndvi_cv + slope + BB",0.228050775795997,0.781602590317184,1.25614914701247
2572,"Banteng","BTG",1,"dist_str + ndvi_cv + slope + BB",0.208205315648741,0.763020660137036,1.23146598924785
2573,"Banteng","BTG",1,"dist_str + ndvi_cv + slope + BB",0.220803462157102,0.765113013428154,1.2470783255504
2574,"Banteng","BTG",1,"dist_str + ndvi_cv + slope + BB",0.257171564005721,0.777077344704459,1.29326705416577
2575,"Banteng","BTG",1,"dist_str + ndvi_cv + slope + BB",0.313352172223209,0.769758789833934,1.36800325435229
2576,"Banteng","BTG",1,"dist_str + ndvi_cv + slope + BB",0.333890599134308,0.770774477375664,1.39639040335075
2577,"Banteng","BTG",1,"dist_str + ndvi_cv + slope + BB",0.346653782079107,0.749092177073169,1.414326975262
2578,"Banteng","BTG",1,"dist_str + ndvi_cv + slope + BB",0.397219248258199,0.746668279219242,1.48768206624322
2579,"Banteng","BTG",1,"dist_str + ndvi_cv + slope + BB",0.432327949990968,0.748965060709913,1.54084035089136
2580,"Banteng","BTG",1,"dist_str + ndvi_cv + slope + BB",0.456798350007482,0.743353491780819,1.57901045045052
2581,"Banteng","BTG",1,"dist_str + ndvi_cv + slope + BB",0.465009782061322,0.744303503582322,1.59202985838644
2582,"Banteng","BTG",1,"dist_str + ndvi_cv + slope + BB",0.440324210018774,0.727507377762661,1.5532107493858
2583,"Banteng","BTG",1,"dist_str + ndvi_cv + slope + BB",0.19572567488134,0.645404791341345,1.21619323541318
2584,"Banteng","BTG",1,"dist_str + ndvi_cv + slope + BB",0.418081074551111,0.688811640123462,1.51904382694333
2585,"Banteng","BTG",1,"dist_str + ndvi_cv + slope + BB",0.593909711801254,0.738098860090999,1.81105529795084
2586,"Banteng","BTG",1,"dist_str + ndvi_cv + slope + BB",0.640545771250305,0.7343388155026,1.89751623858828
2587,"Banteng","BTG",1,"dist_str + ndvi_cv + slope + BB",0.654724596276162,0.724450527027487,1.92461240928502
2588,"Banteng","BTG",1,"dist_str + ndvi_cv + slope + BB",0.685719690269967,0.703950338609146,1.98520005723679
2589,"Banteng","BTG",1,"dist_str + ndvi_cv + slope + BB",0.810158442969041,0.766202080033463,2.24826418135969
2590,"Banteng","BTG",1,"dist_str + ndvi_cv + slope + BB",0.885781864915651,0.810771244951885,2.42487968558234
2591,"Banteng","BTG",1,"dist_str + ndvi_cv + slope + BB",0.970014980713311,0.87889078851105,2.63798422100889
2592,"Banteng","BTG",1,"dist_str + ndvi_cv + slope + BB",0.200149684301318,1.04539800699599,1.22158562451138
2593,"Banteng","BTG",1,"dist_str + ndvi_cv + slope + BB",0.187183191788541,0.979100800881931,1.20584828719143
2594,"Banteng","BTG",1,"dist_str + ndvi_cv + slope + BB",0.206629666521571,0.950426718053076,1.22952716514617
2595,"Banteng","BTG",1,"dist_str + ndvi_cv + slope + BB",0.193275722086805,0.925754352680279,1.21321730372128
2596,"Banteng","BTG",1,"dist_str + ndvi_cv + slope + BB",0.211408535049551,0.906475036434987,1.23541696339356
2597,"Banteng","BTG",1,"dist_str + ndvi_cv + slope + BB",0.191059295485915,0.881576141663904,1.21053122899431
2598,"Banteng","BTG",1,"dist_str + ndvi_cv + slope + BB",0.188100243749748,0.871485252103643,1.20695450322786
2599,"Banteng","BTG",1,"dist_str + ndvi_cv + slope + BB",0.193411039653262,0.861096627423951,1.21338146136593
2600,"Banteng","BTG",1,"dist_str + ndvi_cv + slope + BB",0.197140704341901,0.849222443014325,1.2179154069968
2601,"Banteng","BTG",1,"dist_str + ndvi_cv + slope + BB",0.20122911466641,0.841050387516701,1.22290505791646
2602,"Banteng","BTG",1,"dist_str + ndvi_cv + slope + BB",0.219760152655563,0.830699442918071,1.24577791453033
2603,"Banteng","BTG",1,"dist_str + ndvi_cv + slope + BB",0.226625539298936,0.806659161400253,1.2543600723139
2604,"Banteng","BTG",1,"dist_str + ndvi_cv + slope + BB",0.22600230527324,0.797857116505909,1.25357855513255
2605,"Banteng","BTG",1,"dist_str + ndvi_cv + slope + BB",0.225418107198485,0.78368606222239,1.25284650849864
2606,"Banteng","BTG",1,"dist_str + ndvi_cv + slope + BB",0.239086750806117,0.791036220147698,1.27008889059665
2607,"Banteng","BTG",1,"dist_str + ndvi_cv + slope + BB",0.277729472389148,0.785507567381716,1.32012901933599
2608,"Banteng","BTG",1,"dist_str + ndvi_cv + slope + BB",0.303594415104728,0.793534113383345,1.35471950869221
2609,"Banteng","BTG",1,"dist_str + ndvi_cv + slope + BB",0.333439514381606,0.781367726130568,1.39576064219237
2610,"Banteng","BTG",1,"dist_str + ndvi_cv + slope + BB",0.347782600184641,0.769898549553073,1.41592448491628
2611,"Banteng","BTG",1,"dist_str + ndvi_cv + slope + BB",0.38253816822252,0.754580555675513,1.46600082941865
2612,"Banteng","BTG",1,"dist_str + ndvi_cv + slope + BB",0.397176858358976,0.767160715495025,1.48761914685709
2613,"Banteng","BTG",1,"dist_str + ndvi_cv + slope + BB",0.423696922951759,0.757497101428052,1.52759854582337
2614,"Banteng","BTG",1,"dist_str + ndvi_cv + slope + BB",0.440258356433624,0.752425816688282,1.55310842262397
2615,"Banteng","BTG",1,"dist_str + ndvi_cv + slope + BB",0.397467455801269,0.753813079399304,1.48805136608032
2616,"Banteng","BTG",1,"dist_str + ndvi_cv + slope + BB",0.411706730509395,0.736761272160606,1.50939176113529
2617,"Banteng","BTG",1,"dist_str + ndvi_cv + slope + BB",0.459358615567771,0.739183544581316,1.58305864085214
2618,"Banteng","BTG",1,"dist_str + ndvi_cv + slope + BB",0.551609672616563,0.747413944042857,1.73604525769823
2619,"Banteng","BTG",1,"dist_str + ndvi_cv + slope + BB",0.613373207215185,0.75643385592934,1.84665012149455
2620,"Banteng","BTG",1,"dist_str + ndvi_cv + slope + BB",0.644318435157927,0.757315245441024,1.90468842954135
2621,"Banteng","BTG",1,"dist_str + ndvi_cv + slope + BB",0.692928509822582,0.766947843628679,1.99956270734087
2622,"Banteng","BTG",1,"dist_str + ndvi_cv + slope + BB",0.744711810480485,0.793457186879075,2.10583448479912
2623,"Banteng","BTG",1,"dist_str + ndvi_cv + slope + BB",0.810252526668925,0.842975336763234,2.24847571731294
2624,"Banteng","BTG",1,"dist_str + ndvi_cv + slope + BB",0.845928415792483,0.94474384092603,2.33014046389234
2625,"Banteng","BTG",1,"dist_str + ndvi_cv + slope + BB",0.216653047778613,1.16679250463577,1.24191314938404
2626,"Banteng","BTG",1,"dist_str + ndvi_cv + slope + BB",0.214521738816933,1.04814707471093,1.23926906263178
2627,"Banteng","BTG",1,"dist_str + ndvi_cv + slope + BB",0.201201104343044,0.980888056165378,1.22287087464876
2628,"Banteng","BTG",1,"dist_str + ndvi_cv + slope + BB",0.201912972638335,0.948818123477747,1.22374155148928
2629,"Banteng","BTG",1,"dist_str + ndvi_cv + slope + BB",0.19374174418683,0.933970053600926,1.21378279158763
2630,"Banteng","BTG",1,"dist_str + ndvi_cv + slope + BB",0.210330704366198,0.911454547902477,1.2340861781032
2631,"Banteng","BTG",1,"dist_str + ndvi_cv + slope + BB",0.20588074142777,0.889011091133819,1.22860676618033
2632,"Banteng","BTG",1,"dist_str + ndvi_cv + slope + BB",0.192172401333181,0.880385986226015,1.21187943127966
2633,"Banteng","BTG",1,"dist_str + ndvi_cv + slope + BB",0.182875032184212,0.876227147552202,1.20066440584264
2634,"Banteng","BTG",1,"dist_str + ndvi_cv + slope + BB",0.206158659957196,0.859099639695548,1.22894835959668
2635,"Banteng","BTG",1,"dist_str + ndvi_cv + slope + BB",0.205854300792441,0.846975854101592,1.22857419788631
2636,"Banteng","BTG",1,"dist_str + ndvi_cv + slope + BB",0.241694253453723,0.8370414533235,1.27340484424795
2637,"Banteng","BTG",1,"dist_str + ndvi_cv + slope + BB",0.229562229725839,0.825567984675055,1.25804915328661
2638,"Banteng","BTG",1,"dist_str + ndvi_cv + slope + BB",0.25192916435506,0.80520408522063,1.28650496096695
2639,"Banteng","BTG",1,"dist_str + ndvi_cv + slope + BB",0.258134091999628,0.803371403283376,1.29451261901147
2640,"Banteng","BTG",1,"dist_str + ndvi_cv + slope + BB",0.244435300948637,0.793860513704018,1.27690004547512
2641,"Banteng","BTG",1,"dist_str + ndvi_cv + slope + BB",0.270418259823946,0.810408377945987,1.310512470845
2642,"Banteng","BTG",1,"dist_str + ndvi_cv + slope + BB",0.314617969308026,0.795293133157978,1.36973593003446
2643,"Banteng","BTG",1,"dist_str + ndvi_cv + slope + BB",0.315631482973513,0.783106341921627,1.37112490655659
2644,"Banteng","BTG",1,"dist_str + ndvi_cv + slope + BB",0.349708876257435,0.779301320523901,1.41865451104981
2645,"Banteng","BTG",1,"dist_str + ndvi_cv + slope + BB",0.391316320713415,0.765648244859807,1.47892625862498
2646,"Banteng","BTG",1,"dist_str + ndvi_cv + slope + BB",0.399238497112473,0.769873507332942,1.49068921624517
2647,"Banteng","BTG",1,"dist_str + ndvi_cv + slope + BB",0.40939859971164,0.768319573153187,1.50591230594481
2648,"Banteng","BTG",1,"dist_str + ndvi_cv + slope + BB",0.435796396564068,0.760727529598267,1.54619400898559
2649,"Banteng","BTG",1,"dist_str + ndvi_cv + slope + BB",0.45871050468145,0.770794907640316,1.5820326454407
2650,"Banteng","BTG",1,"dist_str + ndvi_cv + slope + BB",0.457348426034842,0.768783857534061,1.57987928723169
2651,"Banteng","BTG",1,"dist_str + ndvi_cv + slope + BB",0.491023781124384,0.767784054454424,1.63398861317316
2652,"Banteng","BTG",1,"dist_str + ndvi_cv + slope + BB",0.539056014027622,0.766798085790747,1.71438819367631
2653,"Banteng","BTG",1,"dist_str + ndvi_cv + slope + BB",0.58319675946139,0.7755523138022,1.79175710654405
2654,"Banteng","BTG",1,"dist_str + ndvi_cv + slope + BB",0.633100469084204,0.793525402243424,1.88344117322255
2655,"Banteng","BTG",1,"dist_str + ndvi_cv + slope + BB",0.687493503377647,0.804636617382361,1.98872455196126
2656,"Banteng","BTG",1,"dist_str + ndvi_cv + slope + BB",0.717354517991319,0.824808110292835,2.04900543116501
2657,"Banteng","BTG",1,"dist_str + ndvi_cv + slope + BB",0.75202035692974,0.864022638320358,2.12128143649689
2658,"Banteng","BTG",1,"dist_str + ndvi_cv + slope + BB",0.767793217886897,0.953921242733927,2.15500538006111
2659,"Banteng","BTG",1,"dist_str + ndvi_cv + slope + BB",0.192280590163333,1.14994296893387,1.21201054906442
2660,"Banteng","BTG",1,"dist_str + ndvi_cv + slope + BB",0.192674802377423,1.03871531096494,1.21248844133216
2661,"Banteng","BTG",1,"dist_str + ndvi_cv + slope + BB",0.215526743475752,0.986819334756688,1.24051515916079
2662,"Banteng","BTG",1,"dist_str + ndvi_cv + slope + BB",0.213052271491808,0.96069900386212,1.23744933287577
2663,"Banteng","BTG",1,"dist_str + ndvi_cv + slope + BB",0.199761802928555,0.939320638578429,1.22111191257354
2664,"Banteng","BTG",1,"dist_str + ndvi_cv + slope + BB",0.185537430347644,0.916535260013096,1.2038652774203
2665,"Banteng","BTG",1,"dist_str + ndvi_cv + slope + BB",0.218236169295529,0.897840147645392,1.24388079993509
2666,"Banteng","BTG",1,"dist_str + ndvi_cv + slope + BB",0.195963326994967,0.894233988755437,1.21648229363733
2667,"Banteng","BTG",1,"dist_str + ndvi_cv + slope + BB",0.193704254751785,0.878177421282594,1.21373731850218
2668,"Banteng","BTG",1,"dist_str + ndvi_cv + slope + BB",0.223097986317222,0.857990580528007,1.24994304667576
2669,"Banteng","BTG",1,"dist_str + ndvi_cv + slope + BB",0.231101529500397,0.856068803445598,1.25998718342742
2670,"Banteng","BTG",1,"dist_str + ndvi_cv + slope + BB",0.231038019683442,0.843728599638102,1.25990714089198
2671,"Banteng","BTG",1,"dist_str + ndvi_cv + slope + BB",0.238947520576249,0.830535615803492,1.26991189331629
2672,"Banteng","BTG",1,"dist_str + ndvi_cv + slope + BB",0.248539950260504,0.815158093143354,1.28215204751121
2673,"Banteng","BTG",1,"dist_str + ndvi_cv + slope + BB",0.258457755653216,0.815660118738852,1.29493147196775
2674,"Banteng","BTG",1,"dist_str + ndvi_cv + slope + BB",0.261367606501272,0.812630593597444,1.29870499718445
2675,"Banteng","BTG",1,"dist_str + ndvi_cv + slope + BB",0.311718480457823,0.802473911435247,1.36577021033965
2676,"Banteng","BTG",1,"dist_str + ndvi_cv + slope + BB",0.310431858795288,0.805512650110457,1.3640140557505
2677,"Banteng","BTG",1,"dist_str + ndvi_cv + slope + BB",0.329495785406316,0.801650818013504,1.39026697609049
2678,"Banteng","BTG",1,"dist_str + ndvi_cv + slope + BB",0.353118769810439,0.788365486427061,1.42350024540807
2679,"Banteng","BTG",1,"dist_str + ndvi_cv + slope + BB",0.372807211692991,0.792003882527176,1.45180442947378
2680,"Banteng","BTG",1,"dist_str + ndvi_cv + slope + BB",0.395157439129287,0.782198481030519,1.48461792670014
2681,"Banteng","BTG",1,"dist_str + ndvi_cv + slope + BB",0.409727794240951,0.775500028702158,1.50640779935442
2682,"Banteng","BTG",1,"dist_str + ndvi_cv + slope + BB",0.451646821150399,0.78614144360608,1.57089704398547
2683,"Banteng","BTG",1,"dist_str + ndvi_cv + slope + BB",0.458286282453951,0.782967947740777,1.58136166375577
2684,"Banteng","BTG",1,"dist_str + ndvi_cv + slope + BB",0.470005989745873,0.790839599185734,1.60000377878994
2685,"Banteng","BTG",1,"dist_str + ndvi_cv + slope + BB",0.493644007031875,0.778564805980321,1.63827533480647
2686,"Banteng","BTG",1,"dist_str + ndvi_cv + slope + BB",0.536396227440673,0.786548160620645,1.70983390122475
2687,"Banteng","BTG",1,"dist_str + ndvi_cv + slope + BB",0.572500579851317,0.805588398091159,1.77269428189142
2688,"Banteng","BTG",1,"dist_str + ndvi_cv + slope + BB",0.619623417770572,0.816275501176454,1.85822815007666
2689,"Banteng","BTG",1,"dist_str + ndvi_cv + slope + BB",0.657666352272388,0.823200072345955,1.93028248258253
2690,"Banteng","BTG",1,"dist_str + ndvi_cv + slope + BB",0.696173077221336,0.858923127701078,2.00606096409797
2691,"Banteng","BTG",1,"dist_str + ndvi_cv + slope + BB",0.720420180530013,0.89933186114371,2.05529662612518
2692,"Banteng","BTG",1,"dist_str + ndvi_cv + slope + BB",0.721023164867505,0.970958063786354,2.05653631029451
2693,"Banteng","BTG",1,"dist_str + ndvi_cv + slope + BB",0.73319789808656,1.1209480603363,2.0817272190703
2694,"Banteng","BTG",1,"dist_str + ndvi_cv + slope + BB",0.20689677887418,1.15556304843076,1.22985562072691
2695,"Banteng","BTG",1,"dist_str + ndvi_cv + slope + BB",0.197752162055872,1.06158434154567,1.2186603455729
2696,"Banteng","BTG",1,"dist_str + ndvi_cv + slope + BB",0.200119812361832,1.00777334325685,1.22154913242292
2697,"Banteng","BTG",1,"dist_str + ndvi_cv + slope + BB",0.206727081401087,0.970837788793939,1.22964701923469
2698,"Banteng","BTG",1,"dist_str + ndvi_cv + slope + BB",0.220551271276377,0.952113671764898,1.24676385004715
2699,"Banteng","BTG",1,"dist_str + ndvi_cv + slope + BB",0.239617633315983,0.931896019982066,1.27076317916087
2700,"Banteng","BTG",1,"dist_str + ndvi_cv + slope + BB",0.218021917455456,0.910725387897961,1.24361435341486
2701,"Banteng","BTG",1,"dist_str + ndvi_cv + slope + BB",0.219118369005982,0.899392021534689,1.24497866772881
2702,"Banteng","BTG",1,"dist_str + ndvi_cv + slope + BB",0.219550158864566,0.892780236962307,1.24551636552484
2703,"Banteng","BTG",1,"dist_str + ndvi_cv + slope + BB",0.245250252766287,0.87365103586737,1.27794123841061
2704,"Banteng","BTG",1,"dist_str + ndvi_cv + slope + BB",0.245882315836637,0.8668945487764,1.27874907619892
2705,"Banteng","BTG",1,"dist_str + ndvi_cv + slope + BB",0.235240560198259,0.848131941223044,1.26521309795017
2706,"Banteng","BTG",1,"dist_str + ndvi_cv + slope + BB",0.230209792087658,0.822881669606945,1.25886408614566
2707,"Banteng","BTG",1,"dist_str + ndvi_cv + slope + BB",0.247117996486852,0.830758378785496,1.28033018953615
2708,"Banteng","BTG",1,"dist_str + ndvi_cv + slope + BB",0.254005792130837,0.817275153076459,1.28917927140058
2709,"Banteng","BTG",1,"dist_str + ndvi_cv + slope + BB",0.27175376778314,0.822263610907455,1.31226385567772
2710,"Banteng","BTG",1,"dist_str + ndvi_cv + slope + BB",0.295209214144344,0.816182207622141,1.34340754167587
2711,"Banteng","BTG",1,"dist_str + ndvi_cv + slope + BB",0.320308726242882,0.794443650903662,1.37755303368434
2712,"Banteng","BTG",1,"dist_str + ndvi_cv + slope + BB",0.341970920396574,0.797865181352606,1.40771936190899
2713,"Banteng","BTG",1,"dist_str + ndvi_cv + slope + BB",0.371216547428426,0.797569465807114,1.44949692884101
2714,"Banteng","BTG",1,"dist_str + ndvi_cv + slope + BB",0.36879093595447,0.799568358813104,1.44598527776116
2715,"Banteng","BTG",1,"dist_str + ndvi_cv + slope + BB",0.401532212928477,0.798388269579751,1.49411224441984
2716,"Banteng","BTG",1,"dist_str + ndvi_cv + slope + BB",0.420320164995528,0.796696253507031,1.52244891244677
2717,"Banteng","BTG",1,"dist_str + ndvi_cv + slope + BB",0.418698287754791,0.796097245147946,1.51998170592732
2718,"Banteng","BTG",1,"dist_str + ndvi_cv + slope + BB",0.459481261325516,0.786309145658068,1.58325252012453
2719,"Banteng","BTG",1,"dist_str + ndvi_cv + slope + BB",0.471556595414678,0.805873845763669,1.60248667664698
2720,"Banteng","BTG",1,"dist_str + ndvi_cv + slope + BB",0.484268848215595,0.796628185434369,1.62298792443121
2721,"Banteng","BTG",1,"dist_str + ndvi_cv + slope + BB",0.539344458875348,0.800880279654896,1.71488232007398
2722,"Banteng","BTG",1,"dist_str + ndvi_cv + slope + BB",0.56485945931003,0.811385188134905,1.75920053010804
2723,"Banteng","BTG",1,"dist_str + ndvi_cv + slope + BB",0.636047665247848,0.836898577283796,1.88900014549074
2724,"Banteng","BTG",1,"dist_str + ndvi_cv + slope + BB",0.649821403715198,0.850245324921694,1.91519875921025
2725,"Banteng","BTG",1,"dist_str + ndvi_cv + slope + BB",0.68120003753711,0.878350143324719,1.97624789124531
2726,"Banteng","BTG",1,"dist_str + ndvi_cv + slope + BB",0.67513864633356,0.929585494280268,1.96430533604635
2727,"Banteng","BTG",1,"dist_str + ndvi_cv + slope + BB",0.712982080488958,0.991990822378133,2.04006634038836
2728,"Banteng","BTG",1,"dist_str + ndvi_cv + slope + BB",0.707865276896817,1.10816438793892,2.029653891272
2729,"Banteng","BTG",1,"dist_str + ndvi_cv + slope + BB",0.2339081749649,1.22348211980635,1.26352852327297
2730,"Banteng","BTG",1,"dist_str + ndvi_cv + slope + BB",0.199538691098011,1.08782105324738,1.22083944415741
2731,"Banteng","BTG",1,"dist_str + ndvi_cv + slope + BB",0.184684686531014,1.01725890956575,1.20283911103323
2732,"Banteng","BTG",1,"dist_str + ndvi_cv + slope + BB",0.212107564282153,0.989988198636811,1.23628087684335
2733,"Banteng","BTG",1,"dist_str + ndvi_cv + slope + BB",0.23975216754355,0.956231877975501,1.27093413277061
2734,"Banteng","BTG",1,"dist_str + ndvi_cv + slope + BB",0.21306712578152,0.956416308252577,1.23746771575879
2735,"Banteng","BTG",1,"dist_str + ndvi_cv + slope + BB",0.227919054926111,0.930402657965182,1.25598368327305
2736,"Banteng","BTG",1,"dist_str + ndvi_cv + slope + BB",0.221538641785734,0.906951060830098,1.24799562446416
2737,"Banteng","BTG",1,"dist_str + ndvi_cv + slope + BB",0.2623491983305,0.894616180301571,1.29998057179734
2738,"Banteng","BTG",1,"dist_str + ndvi_cv + slope + BB",0.244691783841033,0.88534145683851,1.27722759148961
2739,"Banteng","BTG",1,"dist_str + ndvi_cv + slope + BB",0.242580985057887,0.877264982663956,1.2745345007741
2740,"Banteng","BTG",1,"dist_str + ndvi_cv + slope + BB",0.235414567770212,0.867504682964988,1.26543326808548
2741,"Banteng","BTG",1,"dist_str + ndvi_cv + slope + BB",0.240852692958843,0.852116236901896,1.27233360467304
2742,"Banteng","BTG",1,"dist_str + ndvi_cv + slope + BB",0.251021055570288,0.843672572004001,1.2853371488034
2743,"Banteng","BTG",1,"dist_str + ndvi_cv + slope + BB",0.245320951030482,0.822733314282771,1.27803143311471
2744,"Banteng","BTG",1,"dist_str + ndvi_cv + slope + BB",0.27956992397045,0.830610815125559,1.32256089993761
2745,"Banteng","BTG",1,"dist_str + ndvi_cv + slope + BB",0.309942664686048,0.820025922587078,1.36334698255297
2746,"Banteng","BTG",1,"dist_str + ndvi_cv + slope + BB",0.322070499671471,0.815491372870777,1.37998206325204
2747,"Banteng","BTG",1,"dist_str + ndvi_cv + slope + BB",0.342594323377159,0.818695815622234,1.40859721360707
2748,"Banteng","BTG",1,"dist_str + ndvi_cv + slope + BB",0.367497386740919,0.810355924258883,1.44411606288257
2749,"Banteng","BTG",1,"dist_str + ndvi_cv + slope + BB",0.38142623087298,0.815373140271842,1.46437164332037
2750,"Banteng","BTG",1,"dist_str + ndvi_cv + slope + BB",0.380114577822852,0.812808132093236,1.46245214950315
2751,"Banteng","BTG",1,"dist_str + ndvi_cv + slope + BB",0.415042744794272,0.802065321894512,1.51443551652127
2752,"Banteng","BTG",1,"dist_str + ndvi_cv + slope + BB",0.437002467323067,0.81002554757738,1.54805990172934
2753,"Banteng","BTG",1,"dist_str + ndvi_cv + slope + BB",0.462258266153494,0.816940210731278,1.587655338433
2754,"Banteng","BTG",1,"dist_str + ndvi_cv + slope + BB",0.490700952280735,0.819729592681072,1.63346079700924
2755,"Banteng","BTG",1,"dist_str + ndvi_cv + slope + BB",0.500120160370947,0.829202663331298,1.64891939480319
2756,"Banteng","BTG",1,"dist_str + ndvi_cv + slope + BB",0.534782470924234,0.838543811423658,1.70707686306523
2757,"Banteng","BTG",1,"dist_str + ndvi_cv + slope + BB",0.568966509454021,0.840301638218697,1.7664406664919
2758,"Banteng","BTG",1,"dist_str + ndvi_cv + slope + BB",0.596868293942849,0.868904319334406,1.81642145106565
2759,"Banteng","BTG",1,"dist_str + ndvi_cv + slope + BB",0.618831433064652,0.89116496927121,1.85675704098688
2760,"Banteng","BTG",1,"dist_str + ndvi_cv + slope + BB",0.657472617673668,0.922448141287843,1.92990855297773
2761,"Banteng","BTG",1,"dist_str + ndvi_cv + slope + BB",0.655103946916356,0.960273152645872,1.92534264040623
2762,"Banteng","BTG",1,"dist_str + ndvi_cv + slope + BB",0.69685850137083,1.03286985120542,2.00743644071204
2763,"Banteng","BTG",1,"dist_str + ndvi_cv + slope + BB",0.70740429242739,1.15039503234144,2.02871846462449
2764,"Banteng","BTG",1,"dist_str + ndvi_cv + slope + BB",0.214315998024646,1.20984692135162,1.23901416953137
2765,"Banteng","BTG",1,"dist_str + ndvi_cv + slope + BB",0.215235592042947,1.07213819145011,1.24015403494449
2766,"Banteng","BTG",1,"dist_str + ndvi_cv + slope + BB",0.235026980880038,1.02048727205676,1.26494296439973
2767,"Banteng","BTG",1,"dist_str + ndvi_cv + slope + BB",0.232975444748089,0.97093313621747,1.26235054677636
2768,"Banteng","BTG",1,"dist_str + ndvi_cv + slope + BB",0.253275792100111,0.953323938425763,1.28823851771801
2769,"Banteng","BTG",1,"dist_str + ndvi_cv + slope + BB",0.246888068394985,0.941756113527681,1.2800360353442
2770,"Banteng","BTG",1,"dist_str + ndvi_cv + slope + BB",0.245603066448478,0.903559430272777,1.27839204173372
2771,"Banteng","BTG",1,"dist_str + ndvi_cv + slope + BB",0.2450597791321,0.91011989471862,1.27769769098186
2772,"Banteng","BTG",1,"dist_str + ndvi_cv + slope + BB",0.255578387032453,0.901035643209989,1.29120825201057
2773,"Banteng","BTG",1,"dist_str + ndvi_cv + slope + BB",0.262563439402384,0.891981027976485,1.30025897450651
2774,"Banteng","BTG",1,"dist_str + ndvi_cv + slope + BB",0.249501051235184,0.881700569519857,1.28338508980932
2775,"Banteng","BTG",1,"dist_str + ndvi_cv + slope + BB",0.250766789572044,0.872964137095607,1.28501041509397
2776,"Banteng","BTG",1,"dist_str + ndvi_cv + slope + BB",0.230587441455817,0.857580207974312,1.25933958095992
2777,"Banteng","BTG",1,"dist_str + ndvi_cv + slope + BB",0.22560239241472,0.830748970182346,1.25307755634634
2778,"Banteng","BTG",1,"dist_str + ndvi_cv + slope + BB",0.251112063693603,0.838283042045879,1.28545412994405
2779,"Banteng","BTG",1,"dist_str + ndvi_cv + slope + BB",0.329666637406597,0.840527000386005,1.39050452657785
2780,"Banteng","BTG",1,"dist_str + ndvi_cv + slope + BB",0.331112788183146,0.826898891010232,1.39251684426995
2781,"Banteng","BTG",1,"dist_str + ndvi_cv + slope + BB",0.326960044468191,0.833405965464043,1.38674607757431
2782,"Banteng","BTG",1,"dist_str + ndvi_cv + slope + BB",0.354611598382269,0.834373644448677,1.42562683682454
2783,"Banteng","BTG",1,"dist_str + ndvi_cv + slope + BB",0.368002993478048,0.826604513891687,1.44484636605848
2784,"Banteng","BTG",1,"dist_str + ndvi_cv + slope + BB",0.394386132855654,0.83110545432002,1.48347329163102
2785,"Banteng","BTG",1,"dist_str + ndvi_cv + slope + BB",0.396808751130363,0.835297780835344,1.4870715021558
2786,"Banteng","BTG",1,"dist_str + ndvi_cv + slope + BB",0.420365220430641,0.825043670393973,1.52251751715348
2787,"Banteng","BTG",1,"dist_str + ndvi_cv + slope + BB",0.453076597136409,0.83660626182182,1.57314469473891
2788,"Banteng","BTG",1,"dist_str + ndvi_cv + slope + BB",0.477366065474698,0.852391922088657,1.61182337193734
2789,"Banteng","BTG",1,"dist_str + ndvi_cv + slope + BB",0.496178026019182,0.847116295328562,1.64243193809724
2790,"Banteng","BTG",1,"dist_str + ndvi_cv + slope + BB",0.516119225233018,0.871851334699389,1.67551276305947
2791,"Banteng","BTG",1,"dist_str + ndvi_cv + slope + BB",0.563059653739158,0.876093039814941,1.75603715809952
2792,"Banteng","BTG",1,"dist_str + ndvi_cv + slope + BB",0.598188268656052,0.899854737269811,1.81882067600911
2793,"Banteng","BTG",1,"dist_str + ndvi_cv + slope + BB",0.62285792322687,0.945465455382068,1.86424833136931
2794,"Banteng","BTG",1,"dist_str + ndvi_cv + slope + BB",0.646643446548223,0.994372907064032,1.90912199280949
2795,"Banteng","BTG",1,"dist_str + ndvi_cv + slope + BB",0.670977047952015,1.08751514261974,1.95614769614113
2796,"Banteng","BTG",1,"dist_str + ndvi_cv + slope + BB",0.708631792412855,1.15528318014366,2.03121023975537
2797,"Banteng","BTG",1,"dist_str + ndvi_cv + slope + BB",0.225903838593141,1.05688849167921,1.25345517277797
2798,"Banteng","BTG",1,"dist_str + ndvi_cv + slope + BB",0.233806626473725,0.995581009955822,1.26340016089292
2799,"Banteng","BTG",1,"dist_str + ndvi_cv + slope + BB",0.244770221785186,0.983158241520184,1.27732777738636
2800,"Banteng","BTG",1,"dist_str + ndvi_cv + slope + BB",0.250844070909237,0.953565286636524,1.28510968561817
2801,"Banteng","BTG",1,"dist_str + ndvi_cv + slope + BB",0.270639904093817,0.933835749234856,1.3108029839144
2802,"Banteng","BTG",1,"dist_str + ndvi_cv + slope + BB",0.245429691190835,0.915173718580686,1.27817044696775
2803,"Banteng","BTG",1,"dist_str + ndvi_cv + slope + BB",0.265430469736183,0.908985302145182,1.30399218993086
2804,"Banteng","BTG",1,"dist_str + ndvi_cv + slope + BB",0.277489406582681,0.90190436894705,1.31981214561131
2805,"Banteng","BTG",1,"dist_str + ndvi_cv + slope + BB",0.26150863160982,0.895189876988573,1.2988881534963
2806,"Banteng","BTG",1,"dist_str + ndvi_cv + slope + BB",0.253781714536319,0.886972133282557,1.28889043249636
2807,"Banteng","BTG",1,"dist_str + ndvi_cv + slope + BB",0.246461437552896,0.872089009122842,1.27948984215822
2808,"Banteng","BTG",1,"dist_str + ndvi_cv + slope + BB",0.258703480907762,0.865384880569316,1.29524973752679
2809,"Banteng","BTG",1,"dist_str + ndvi_cv + slope + BB",0.291836595234465,0.845563029210417,1.33888422127608
2810,"Banteng","BTG",1,"dist_str + ndvi_cv + slope + BB",0.303589415694797,0.845839376760596,1.35471283353916
2811,"Banteng","BTG",1,"dist_str + ndvi_cv + slope + BB",0.331836667302735,0.853812210160179,1.39352522170549
2812,"Banteng","BTG",1,"dist_str + ndvi_cv + slope + BB",0.335807719957143,0.857191730723356,1.39907003609568
2813,"Banteng","BTG",1,"dist_str + ndvi_cv + slope + BB",0.331416116027361,0.860651527759748,1.39293930279481
2814,"Banteng","BTG",1,"dist_str + ndvi_cv + slope + BB",0.370918621340222,0.839013852264088,1.44906516076214
2815,"Banteng","BTG",1,"dist_str + ndvi_cv + slope + BB",0.374029363891077,0.841300094248301,1.45357983424227
2816,"Banteng","BTG",1,"dist_str + ndvi_cv + slope + BB",0.399537471215812,0.852659508636961,1.49113484912806
2817,"Banteng","BTG",1,"dist_str + ndvi_cv + slope + BB",0.428829106951627,0.849543855031266,1.53545861332442
2818,"Banteng","BTG",1,"dist_str + ndvi_cv + slope + BB",0.451126806362391,0.852529479052104,1.57008037631939
2819,"Banteng","BTG",1,"dist_str + ndvi_cv + slope + BB",0.477328695144106,0.860672257489727,1.61176313593637
2820,"Banteng","BTG",1,"dist_str + ndvi_cv + slope + BB",0.477707447869224,0.87959412381681,1.61237373306764
2821,"Banteng","BTG",1,"dist_str + ndvi_cv + slope + BB",0.491212157753163,0.91437828524934,1.63429660151176
2822,"Banteng","BTG",1,"dist_str + ndvi_cv + slope + BB",0.563171455317103,0.944537023861944,1.75623350647647
2823,"Banteng","BTG",1,"dist_str + ndvi_cv + slope + BB",0.592921189799663,1.01570850161513,1.80926591254704
2824,"Banteng","BTG",1,"dist_str + ndvi_cv + slope + BB",0.630321569147547,1.08044932421896,1.87821452551742
2825,"Banteng","BTG",1,"dist_str + ndvi_cv + slope + BB",0.229412318655362,1.10551391422633,1.25786064190582
2826,"Banteng","BTG",1,"dist_str + ndvi_cv + slope + BB",0.226390503291168,1.01072429602231,1.25406532259491
2827,"Banteng","BTG",1,"dist_str + ndvi_cv + slope + BB",0.239657684676165,0.978360294299801,1.27081406127373
2828,"Banteng","BTG",1,"dist_str + ndvi_cv + slope + BB",0.240167810164972,0.963160733720533,1.27146249691741
2829,"Banteng","BTG",1,"dist_str + ndvi_cv + slope + BB",0.250963342547964,0.942702209467841,1.28526297400046
2830,"Banteng","BTG",1,"dist_str + ndvi_cv + slope + BB",0.252709849153095,0.933107320398781,1.28750968131518
2831,"Banteng","BTG",1,"dist_str + ndvi_cv + slope + BB",0.277178974576406,0.921793897848295,1.31940248979098
2832,"Banteng","BTG",1,"dist_str + ndvi_cv + slope + BB",0.255006248934226,0.909909485942967,1.29046975066165
2833,"Banteng","BTG",1,"dist_str + ndvi_cv + slope + BB",0.28376243485892,0.896181115919452,1.32811737917658
2834,"Banteng","BTG",1,"dist_str + ndvi_cv + slope + BB",0.272130121252904,0.886798450815931,1.31275785154004
2835,"Banteng","BTG",1,"dist_str + ndvi_cv + slope + BB",0.268776549574172,0.883848060969527,1.30836277988931
2836,"Banteng","BTG",1,"dist_str + ndvi_cv + slope + BB",0.287280835854716,0.885187913599915,1.3327984633011
2837,"Banteng","BTG",1,"dist_str + ndvi_cv + slope + BB",0.29759974915412,0.865876867610633,1.34662279591552
2838,"Banteng","BTG",1,"dist_str + ndvi_cv + slope + BB",0.287270275015486,0.863487743998392,1.33278483861991
2839,"Banteng","BTG",1,"dist_str + ndvi_cv + slope + BB",0.325690386299916,0.862416428909559,1.38498649191737
2840,"Banteng","BTG",1,"dist_str + ndvi_cv + slope + BB",0.311740195337418,0.877306572363156,1.36579988211458
2841,"Banteng","BTG",1,"dist_str + ndvi_cv + slope + BB",0.362679757867389,0.865356343482894,1.43717554885615
2842,"Banteng","BTG",1,"dist_str + ndvi_cv + slope + BB",0.351614068942276,0.864021842801419,1.4213598747795
2843,"Banteng","BTG",1,"dist_str + ndvi_cv + slope + BB",0.371824395033268,0.857820734389023,1.45037830659932
2844,"Banteng","BTG",1,"dist_str + ndvi_cv + slope + BB",0.411717012599957,0.86265771484974,1.50940723287026
2845,"Banteng","BTG",1,"dist_str + ndvi_cv + slope + BB",0.388587412230837,0.870405412211555,1.4748959044278
2846,"Banteng","BTG",1,"dist_str + ndvi_cv + slope + BB",0.442103425228246,0.870104375403707,1.55597688159
2847,"Banteng","BTG",1,"dist_str + ndvi_cv + slope + BB",0.452716325508415,0.897067680157295,1.57257802957968
2848,"Banteng","BTG",1,"dist_str + ndvi_cv + slope + BB",0.476384300058007,0.949209473833657,1.61024171576989
2849,"Banteng","BTG",1,"dist_str + ndvi_cv + slope + BB",0.49728803795031,1.02150473803027,1.64425606767797
2850,"Banteng","BTG",1,"dist_str + ndvi_cv + slope + BB",0.255278807851419,1.12694589116718,1.29082146189541
2851,"Banteng","BTG",1,"dist_str + ndvi_cv + slope + BB",0.243725714635518,1.01083086917264,1.27599538914506
2852,"Banteng","BTG",1,"dist_str + ndvi_cv + slope + BB",0.23394993673507,0.987223183259834,1.26358125925239
2853,"Banteng","BTG",1,"dist_str + ndvi_cv + slope + BB",0.246174460993778,0.969267487360216,1.27912283861899
2854,"Banteng","BTG",1,"dist_str + ndvi_cv + slope + BB",0.252244921620212,0.954606298224263,1.28691122789128
2855,"Banteng","BTG",1,"dist_str + ndvi_cv + slope + BB",0.264713359879105,0.947101485430972,1.30305744115655
2856,"Banteng","BTG",1,"dist_str + ndvi_cv + slope + BB",0.266332315549255,0.927258132197608,1.30516872140757
2857,"Banteng","BTG",1,"dist_str + ndvi_cv + slope + BB",0.268643164350268,0.918008604475567,1.30818824958223
2858,"Banteng","BTG",1,"dist_str + ndvi_cv + slope + BB",0.28177264631246,0.893218272462982,1.32547735617055
2859,"Banteng","BTG",1,"dist_str + ndvi_cv + slope + BB",0.292669455776076,0.899511198139634,1.33999996230141
2860,"Banteng","BTG",1,"dist_str + ndvi_cv + slope + BB",0.279662343131633,0.892478592124985,1.32268313389425
2861,"Banteng","BTG",1,"dist_str + ndvi_cv + slope + BB",0.29236951457343,0.905437598001191,1.33959792891337
2862,"Banteng","BTG",1,"dist_str + ndvi_cv + slope + BB",0.289291217273858,0.903002360701383,1.33548078939418
2863,"Banteng","BTG",1,"dist_str + ndvi_cv + slope + BB",0.296981661380842,0.888015323285804,1.3457906212505
2864,"Banteng","BTG",1,"dist_str + ndvi_cv + slope + BB",0.32204255272924,0.881695866858035,1.37994349639424
2865,"Banteng","BTG",1,"dist_str + ndvi_cv + slope + BB",0.320644336803974,0.887868736527094,1.37801555270278
2866,"Banteng","BTG",1,"dist_str + ndvi_cv + slope + BB",0.333850097594673,0.885679653740188,1.39633381945738
2867,"Banteng","BTG",1,"dist_str + ndvi_cv + slope + BB",0.358669480197375,0.878297098450579,1.43142362132344
2868,"Banteng","BTG",1,"dist_str + ndvi_cv + slope + BB",0.370863012731971,0.879582734115093,1.44898456741434
2869,"Banteng","BTG",1,"dist_str + ndvi_cv + slope + BB",0.382360513731928,0.884450306011475,1.46574051015829
2870,"Banteng","BTG",1,"dist_str + ndvi_cv + slope + BB",0.384644913819027,0.902898838732642,1.46909258587937
2871,"Banteng","BTG",1,"dist_str + ndvi_cv + slope + BB",0.407952307158699,0.941726665267206,1.50373557015931
2872,"Banteng","BTG",1,"dist_str + ndvi_cv + slope + BB",0.464004073503459,1.01163534574171,1.59042950755412
2873,"Banteng","BTG",1,"dist_str + ndvi_cv + slope + BB",0.495906587494963,1.09638288829873,1.64198616880786
2874,"Banteng","BTG",1,"dist_str + ndvi_cv + slope + BB",0.294177300656803,1.12456407767953,1.34202214606601
2875,"Banteng","BTG",1,"dist_str + ndvi_cv + slope + BB",0.26590131041908,1.0333342395326,1.30460631664579
2876,"Banteng","BTG",1,"dist_str + ndvi_cv + slope + BB",0.24326185551833,0.997803935433171,1.27540257360871
2877,"Banteng","BTG",1,"dist_str + ndvi_cv + slope + BB",0.24307216791576,0.987825315313075,1.27516103977785
2878,"Banteng","BTG",1,"dist_str + ndvi_cv + slope + BB",0.249469320167751,0.963462958802291,1.28334423372993
2879,"Banteng","BTG",1,"dist_str + ndvi_cv + slope + BB",0.245407817144169,0.944546887623594,1.27814251096496
2880,"Banteng","BTG",1,"dist_str + ndvi_cv + slope + BB",0.266947923611296,0.9395945589089,1.30597245163836
2881,"Banteng","BTG",1,"dist_str + ndvi_cv + slope + BB",0.282463703645185,0.928051408762789,1.32639363302301
2882,"Banteng","BTG",1,"dist_str + ndvi_cv + slope + BB",0.273555293470538,0.913888775286515,1.31463009302074
2883,"Banteng","BTG",1,"dist_str + ndvi_cv + slope + BB",0.279169720783508,0.916961540530807,1.3220320712646
2884,"Banteng","BTG",1,"dist_str + ndvi_cv + slope + BB",0.287737518013871,0.900976034183346,1.33340726481744
2885,"Banteng","BTG",1,"dist_str + ndvi_cv + slope + BB",0.299569020869292,0.90757172937351,1.34927723931705
2886,"Banteng","BTG",1,"dist_str + ndvi_cv + slope + BB",0.279987532715882,0.906195664021749,1.3231133204371
2887,"Banteng","BTG",1,"dist_str + ndvi_cv + slope + BB",0.29081591484434,0.904995361152206,1.33751834459321
2888,"Banteng","BTG",1,"dist_str + ndvi_cv + slope + BB",0.328050272211209,0.906955303107186,1.38825876430784
2889,"Banteng","BTG",1,"dist_str + ndvi_cv + slope + BB",0.325884125550324,0.899903416721174,1.38525486055404
2890,"Banteng","BTG",1,"dist_str + ndvi_cv + slope + BB",0.351720504549308,0.90348333878609,1.42151116670765
2891,"Banteng","BTG",1,"dist_str + ndvi_cv + slope + BB",0.342190465455296,0.902338389254526,1.40802846746847
2892,"Banteng","BTG",1,"dist_str + ndvi_cv + slope + BB",0.344642621204636,0.91580362055298,1.41148609178101
2893,"Banteng","BTG",1,"dist_str + ndvi_cv + slope + BB",0.365723468400588,0.930188151862967,1.4415570377517
2894,"Banteng","BTG",1,"dist_str + ndvi_cv + slope + BB",0.389812704972938,0.981163108353772,1.47670419103135
2895,"Banteng","BTG",1,"dist_str + ndvi_cv + slope + BB",0.271959919533941,1.12860059911045,1.31253451688541
2896,"Banteng","BTG",1,"dist_str + ndvi_cv + slope + BB",0.255988512772601,1.05058534128675,1.29173791111318
2897,"Banteng","BTG",1,"dist_str + ndvi_cv + slope + BB",0.228653944703135,1.02189143419963,1.25690703662362
2898,"Banteng","BTG",1,"dist_str + ndvi_cv + slope + BB",0.246607538159253,0.988990245794309,1.27967679228102
2899,"Banteng","BTG",1,"dist_str + ndvi_cv + slope + BB",0.256581763098188,0.966733226484186,1.29250453374427
2900,"Banteng","BTG",1,"dist_str + ndvi_cv + slope + BB",0.275734021939848,0.961415759069423,1.31749741892602
2901,"Banteng","BTG",1,"dist_str + ndvi_cv + slope + BB",0.269158106656227,0.946036555580206,1.3088620830556
2902,"Banteng","BTG",1,"dist_str + ndvi_cv + slope + BB",0.269088045876226,0.934268936487392,1.30877040563024
2903,"Banteng","BTG",1,"dist_str + ndvi_cv + slope + BB",0.284351279138632,0.930084428419264,1.32889967107905
2904,"Banteng","BTG",1,"dist_str + ndvi_cv + slope + BB",0.272127141126536,0.930799263531453,1.31275389683817
2905,"Banteng","BTG",1,"dist_str + ndvi_cv + slope + BB",0.292336847725312,0.931750349028381,1.33955417172158
2906,"Banteng","BTG",1,"dist_str + ndvi_cv + slope + BB",0.2942582057066,0.921313290241113,1.34213042414185
2907,"Banteng","BTG",1,"dist_str + ndvi_cv + slope + BB",0.288217614905528,0.919660698227093,1.33404761613876
2908,"Banteng","BTG",1,"dist_str + ndvi_cv + slope + BB",0.294463273837188,0.918930965407652,1.34240566126219
2909,"Banteng","BTG",1,"dist_str + ndvi_cv + slope + BB",0.310434646821093,0.915024821574525,1.36401785134139
2910,"Banteng","BTG",1,"dist_str + ndvi_cv + slope + BB",0.329221209604658,0.913558042532652,1.38988529172283
2911,"Banteng","BTG",1,"dist_str + ndvi_cv + slope + BB",0.344507628398753,0.930098263874174,1.41129488660939
2912,"Banteng","BTG",1,"dist_str + ndvi_cv + slope + BB",0.336574322051968,0.937234373182759,1.40014326471319
2913,"Banteng","BTG",1,"dist_str + ndvi_cv + slope + BB",0.348289883692734,0.946775559884799,1.41664285421665
2914,"Banteng","BTG",1,"dist_str + ndvi_cv + slope + BB",0.355417144417004,0.999996030187716,1.42677611995027
2915,"Banteng","BTG",1,"dist_str + ndvi_cv + slope + BB",0.265443265073179,1.29752623209256,1.30400897412025
2916,"Banteng","BTG",1,"dist_str + ndvi_cv + slope + BB",0.250036345363133,1.15438822433027,1.28407210008087
2917,"Banteng","BTG",1,"dist_str + ndvi_cv + slope + BB",0.266506110443275,1.06231348349116,1.30539556618648
2918,"Banteng","BTG",1,"dist_str + ndvi_cv + slope + BB",0.232794861612125,1.03583547349219,1.26212254346161
2919,"Banteng","BTG",1,"dist_str + ndvi_cv + slope + BB",0.239759589001361,1.00487045097512,1.27094359291937
2920,"Banteng","BTG",1,"dist_str + ndvi_cv + slope + BB",0.264515525954554,0.984029498858058,1.30279969802939
2921,"Banteng","BTG",1,"dist_str + ndvi_cv + slope + BB",0.248420824260958,0.963453958749522,1.28199932560845
2922,"Banteng","BTG",1,"dist_str + ndvi_cv + slope + BB",0.25258078404567,0.956934818551343,1.28734351213419
2923,"Banteng","BTG",1,"dist_str + ndvi_cv + slope + BB",0.269915780753994,0.948916717702991,1.30985423018306
2924,"Banteng","BTG",1,"dist_str + ndvi_cv + slope + BB",0.287386555980294,0.947125760957233,1.33293937149788
2925,"Banteng","BTG",1,"dist_str + ndvi_cv + slope + BB",0.319687284418784,0.941892441059855,1.37669719818131
2926,"Banteng","BTG",1,"dist_str + ndvi_cv + slope + BB",0.308435352681142,0.94166709357094,1.36129352243416
2927,"Banteng","BTG",1,"dist_str + ndvi_cv + slope + BB",0.298814757708788,0.942079236440554,1.3482599768152
2928,"Banteng","BTG",1,"dist_str + ndvi_cv + slope + BB",0.295404359275678,0.944414016153533,1.34366960747665
2929,"Banteng","BTG",1,"dist_str + ndvi_cv + slope + BB",0.305887077917264,0.933998583050639,1.35782896907035
2930,"Banteng","BTG",1,"dist_str + ndvi_cv + slope + BB",0.330382991548268,0.951957858247751,1.39150096414187
2931,"Banteng","BTG",1,"dist_str + ndvi_cv + slope + BB",0.336075109752133,0.950040989035082,1.39944415417855
2932,"Banteng","BTG",1,"dist_str + ndvi_cv + slope + BB",0.336506880672579,0.966309322432456,1.40004851001471
2933,"Banteng","BTG",1,"dist_str + ndvi_cv + slope + BB",0.352114781895567,0.973972316285419,1.42207177093513
2934,"Banteng","BTG",1,"dist_str + ndvi_cv + slope + BB",0.352617573286559,1.00391419327858,1.42278693184888
2935,"Banteng","BTG",1,"dist_str + ndvi_cv + slope + BB",0.349875752668546,1.12440800550837,1.41889124543623
2936,"Banteng","BTG",1,"dist_str + ndvi_cv + slope + BB",0.269172438390719,1.31851155409928,1.30888090369721
2937,"Banteng","BTG",1,"dist_str + ndvi_cv + slope + BB",0.232862031575491,1.19155843844762,1.26220734976653
2938,"Banteng","BTG",1,"dist_str + ndvi_cv + slope + BB",0.264458247537239,1.11587492756521,1.30272503031421
2939,"Banteng","BTG",1,"dist_str + ndvi_cv + slope + BB",0.247097900065046,1.05817436307512,1.2803044780291
2940,"Banteng","BTG",1,"dist_str + ndvi_cv + slope + BB",0.235862748094032,1.02261654970757,1.26600053804459
2941,"Banteng","BTG",1,"dist_str + ndvi_cv + slope + BB",0.228492060575728,0.999971072212663,1.25670357961775
2942,"Banteng","BTG",1,"dist_str + ndvi_cv + slope + BB",0.272739148486451,0.978281530407134,1.31355768876104
2943,"Banteng","BTG",1,"dist_str + ndvi_cv + slope + BB",0.266221522487846,0.972961679820714,1.30502411899868
2944,"Banteng","BTG",1,"dist_str + ndvi_cv + slope + BB",0.284574138896408,0.973660561707905,1.329196594988
2945,"Banteng","BTG",1,"dist_str + ndvi_cv + slope + BB",0.297298024083211,0.97141707264569,1.34621645833849
2946,"Banteng","BTG",1,"dist_str + ndvi_cv + slope + BB",0.281923059778619,0.964095534843612,1.32567672563153
2947,"Banteng","BTG",1,"dist_str + ndvi_cv + slope + BB",0.268967686270464,0.957269617446239,1.30861285934006
2948,"Banteng","BTG",1,"dist_str + ndvi_cv + slope + BB",0.288316282096094,0.96465040885922,1.33417923384672
2949,"Banteng","BTG",1,"dist_str + ndvi_cv + slope + BB",0.312959901249253,0.96950908270395,1.36746675768839
2950,"Banteng","BTG",1,"dist_str + ndvi_cv + slope + BB",0.317679766399552,0.957646811013022,1.37393621047915
2951,"Banteng","BTG",1,"dist_str + ndvi_cv + slope + BB",0.353816582158418,0.980321688148451,1.42449388571411
2952,"Banteng","BTG",1,"dist_str + ndvi_cv + slope + BB",0.340205412423711,0.987608724401432,1.4052362500888
2953,"Banteng","BTG",1,"dist_str + ndvi_cv + slope + BB",0.313778009100707,0.993055341790288,1.36858589291783
2954,"Banteng","BTG",1,"dist_str + ndvi_cv + slope + BB",0.335924935209065,1.02360733093226,1.39923399730649
2955,"Banteng","BTG",1,"dist_str + ndvi_cv + slope + BB",0.337413277617337,1.09229975475758,1.40131807763698
2956,"Banteng","BTG",1,"dist_str + ndvi_cv + slope + BB",0.26127396602755,1.30010999713799,1.29858348401868
2957,"Banteng","BTG",1,"dist_str + ndvi_cv + slope + BB",0.269520843371814,1.21574890150263,1.3093377888936
2958,"Banteng","BTG",1,"dist_str + ndvi_cv + slope + BB",0.264675345319571,1.16056530827032,1.30300788936592
2959,"Banteng","BTG",1,"dist_str + ndvi_cv + slope + BB",0.265984128559106,1.07760495348108,1.30471443675123
2960,"Banteng","BTG",1,"dist_str + ndvi_cv + slope + BB",0.259030488522025,1.02542755758212,1.29567331068771
2961,"Banteng","BTG",1,"dist_str + ndvi_cv + slope + BB",0.273908309094956,1.00215684037862,1.31509421454356
2962,"Banteng","BTG",1,"dist_str + ndvi_cv + slope + BB",0.282823194181957,0.993177504344101,1.32687075019433
2963,"Banteng","BTG",1,"dist_str + ndvi_cv + slope + BB",0.274864027581315,0.99216672611314,1.31635168329566
2964,"Banteng","BTG",1,"dist_str + ndvi_cv + slope + BB",0.28747219795842,0.985683591000414,1.33305357678398
2965,"Banteng","BTG",1,"dist_str + ndvi_cv + slope + BB",0.280041168630624,0.973864431015026,1.32318428965997
2966,"Banteng","BTG",1,"dist_str + ndvi_cv + slope + BB",0.282282992934102,0.993896742264387,1.32615396486501
2967,"Banteng","BTG",1,"dist_str + ndvi_cv + slope + BB",0.303074869782008,0.988702739349916,1.35401583840817
2968,"Banteng","BTG",1,"dist_str + ndvi_cv + slope + BB",0.293355266512591,0.983686861414373,1.34091909175274
2969,"Banteng","BTG",1,"dist_str + ndvi_cv + slope + BB",0.329087155545453,0.98880467141116,1.38969901974387
2970,"Banteng","BTG",1,"dist_str + ndvi_cv + slope + BB",0.321440629676796,0.996686593901551,1.37911317533819
2971,"Banteng","BTG",1,"dist_str + ndvi_cv + slope + BB",0.335989924105712,1.01277702579141,1.39932494430475
2972,"Banteng","BTG",1,"dist_str + ndvi_cv + slope + BB",0.346577912245226,1.05451945503176,1.4142196877353
2973,"Banteng","BTG",1,"dist_str + ndvi_cv + slope + BB",0.301519603322278,1.09994168869728,1.35191161683882
2974,"Banteng","BTG",1,"dist_str + ndvi_cv + slope + BB",0.279760681219037,1.07708266494195,1.3228133888081
2975,"Banteng","BTG",1,"dist_str + ndvi_cv + slope + BB",0.263239726238038,1.03403598999358,1.30113859885254
2976,"Banteng","BTG",1,"dist_str + ndvi_cv + slope + BB",0.263728027002027,1.01668798269983,1.3017741026771
2977,"Banteng","BTG",1,"dist_str + ndvi_cv + slope + BB",0.275885693780883,1.02607375289148,1.31769726292715
2978,"Banteng","BTG",1,"dist_str + ndvi_cv + slope + BB",0.27066353674652,1.01785778450407,1.3108339671194
2979,"Banteng","BTG",1,"dist_str + ndvi_cv + slope + BB",0.302068414553764,1.01521045644466,1.35265377615034
2980,"Banteng","BTG",1,"dist_str + ndvi_cv + slope + BB",0.286639926589753,1.01681019253347,1.33194501821857
2981,"Banteng","BTG",1,"dist_str + ndvi_cv + slope + BB",0.296668079904317,1.00757340035445,1.34536872551593
2982,"Banteng","BTG",1,"dist_str + ndvi_cv + slope + BB",0.314330423674808,1.01106183332458,1.36934274330615
2983,"Banteng","BTG",1,"dist_str + ndvi_cv + slope + BB",0.310502662754527,1.03076585749766,1.36411067835941
2984,"Banteng","BTG",1,"dist_str + ndvi_cv + slope + BB",0.311874388992849,1.0418023287514,1.36598310557063
2985,"Banteng","BTG",1,"dist_str + ndvi_cv + slope + BB",0.349382181905852,1.09019212087639,1.4181911474131
2986,"Banteng","BTG",1,"dist_str + ndvi_cv + slope + BB",0.319417644015172,1.18734610511574,1.37632602135091
2987,"Banteng","BTG",1,"dist_str + ndvi_cv + slope + BB",0.275050640705743,1.16052886782118,1.31659743489792
2988,"Banteng","BTG",1,"dist_str + ndvi_cv + slope + BB",0.281862903798018,1.07647756287097,1.32559698023681
2989,"Banteng","BTG",1,"dist_str + ndvi_cv + slope + BB",0.299512460191985,1.05537709435992,1.34920088410613
2990,"Banteng","BTG",1,"dist_str + ndvi_cv + slope + BB",0.271851228726352,1.04747936139097,1.31239178720781
2991,"Banteng","BTG",1,"dist_str + ndvi_cv + slope + BB",0.273281341961742,1.05227274054411,1.31426995276544
2992,"Banteng","BTG",1,"dist_str + ndvi_cv + slope + BB",0.272476703384681,1.0445143806199,1.31321286876741
2993,"Banteng","BTG",1,"dist_str + ndvi_cv + slope + BB",0.280023866172733,1.03649855739963,1.32316140011979
2994,"Banteng","BTG",1,"dist_str + ndvi_cv + slope + BB",0.297714029105119,1.05684518013233,1.34677660190131
2995,"Banteng","BTG",1,"dist_str + ndvi_cv + slope + BB",0.294451272147894,1.07431487434565,1.342389603562
2996,"Banteng","BTG",1,"dist_str + ndvi_cv + slope + BB",0.344759136924848,1.12299451698997,1.41164986480623
2997,"Banteng","BTG",1,"dist_str + ndvi_cv + slope + BB",0.310311164207627,1.17713076239666,1.36384942956509
2998,"Banteng","BTG",1,"dist_str + ndvi_cv + slope + BB",0.274621491893989,1.23335635057455,1.31603247029896
2999,"Banteng","BTG",1,"dist_str + ndvi_cv + slope + BB",0.288167901403881,1.13740128165334,1.33398128980762
3000,"Banteng","BTG",1,"dist_str + ndvi_cv + slope + BB",0.295310221140356,1.09695001979096,1.34354312585096
3001,"Banteng","BTG",1,"dist_str + ndvi_cv + slope + BB",0.272613910987948,1.08198029114791,1.31339306469069
3002,"Banteng","BTG",1,"dist_str + ndvi_cv + slope + BB",0.291211431953072,1.08768411359741,1.33804759759891
3003,"Banteng","BTG",1,"dist_str + ndvi_cv + slope + BB",0.270318389542677,1.10660655671168,1.31038159712198
3004,"Banteng","BTG",1,"dist_str + ndvi_cv + slope + BB",0.27334811189005,1.10574548201389,1.31435773918403
3005,"Banteng","BTG",1,"dist_str + ndvi_cv + slope + BB",0.295037048217016,1.18154981822606,1.34317612034038
3006,"Banteng","BTG",1,"dist_str + ndvi_cv + slope + BB",0.288818961351857,1.20932098697405,1.33485005602003
3007,"Banteng","BTG",1,"dist_str + ndvi_cv + slope + BB",0.284915447494044,1.15741190249186,1.32964968652026
3008,"Banteng","BTG",1,"dist_str + ndvi_cv + slope + BB",0.280848204438048,1.1498012618079,1.3242526521196
3009,"Banteng","BTG",1,"dist_str + ndvi_cv + slope + BB",0.280807788864589,1.16238209050214,1.32419906807096
3010,"Banteng","BTG",1,"dist_str + ndvi_cv + slope + BB",0.311188924870537,1.21470694408279,1.36504708895904
3011,"Banteng","BTG",1,"dist_str + ndvi_cv + slope + BB",0.295040283255743,1.38641175117429,1.343180476783
3012,"Banteng","BTG",1,"dist_str + ndvi_cv + slope + BB",0.260661082135489,1.25888805436937,1.29778775096357
3013,"Banteng","BTG",1,"dist_str + ndvi_cv + slope + BB",0.277269830754775,1.26513046848086,1.31952245713397
