"grid_id","Species","Species_Code","Rank","Covariates","CAR_Median","CAR_SD","CAR_RelativeRisk"
1,"Wild boar","PIG",2,"slope + BB",-0.411300909043422,1.09313069525128,0.662787474216495
2,"Wild boar","PIG",2,"slope + BB",-0.405527375013774,0.969762913088756,0.666625156812419
3,"Wild boar","PIG",2,"slope + BB",-0.420465803690358,0.96016231892832,0.656740837232856
4,"Wild boar","PIG",2,"slope + BB",-0.41571520172701,0.959571740666228,0.659868177942478
5,"Wild boar","PIG",2,"slope + BB",-0.416115401426576,0.995482126057648,0.659604146881357
6,"Wild boar","PIG",2,"slope + BB",-0.411404350872061,1.09294419469989,0.662718921280471
7,"Wild boar","PIG",2,"slope + BB",-0.414626813893088,0.931287622180721,0.660586756874516
8,"Wild boar","PIG",2,"slope + BB",-0.426164464290558,0.889315899210109,0.653009091704311
9,"Wild boar","PIG",2,"slope + BB",-0.402441679698643,0.875982554109362,0.668685336053024
10,"Wild boar","PIG",2,"slope + BB",-0.406237837362913,0.895953959015342,0.666151712855254
11,"Wild boar","PIG",2,"slope + BB",-0.421251005373197,0.918374951666885,0.656225367391889
12,"Wild boar","PIG",2,"slope + BB",-0.413746310916128,0.949237713962067,0.661168661361919
13,"Wild boar","PIG",2,"slope + BB",-0.419445756283491,0.925248267876023,0.657411099739082
14,"Wild boar","PIG",2,"slope + BB",-0.409950179905402,0.934240516017732,0.663683314632443
15,"Wild boar","PIG",2,"slope + BB",-0.4520892849445,0.909262450887155,0.63629742821886
16,"Wild boar","PIG",2,"slope + BB",-0.437170962914057,0.860108466160753,0.645861030820074
17,"Wild boar","PIG",2,"slope + BB",-0.428637800558403,0.862056716898565,0.651395850822762
18,"Wild boar","PIG",2,"slope + BB",-0.432233816884332,0.840664410537469,0.649057598333392
19,"Wild boar","PIG",2,"slope + BB",-0.431184759634971,0.83252927536376,0.649738909153058
20,"Wild boar","PIG",2,"slope + BB",-0.423716888108251,0.839563976585224,0.654609241844914
21,"Wild boar","PIG",2,"slope + BB",-0.409358797426895,0.852814622186887,0.664075920875655
22,"Wild boar","PIG",2,"slope + BB",-0.419498179649581,0.850113739563815,0.657376635485631
23,"Wild boar","PIG",2,"slope + BB",-0.401217394942302,0.872118428754394,0.669504499678821
24,"Wild boar","PIG",2,"slope + BB",-0.394915271735837,0.890967776461296,0.673737121639258
25,"Wild boar","PIG",2,"slope + BB",-0.412962668599892,0.955718388198737,0.661687002142514
26,"Wild boar","PIG",2,"slope + BB",-0.401565115989146,1.08111970705014,0.669271770657328
27,"Wild boar","PIG",2,"slope + BB",-0.408168967170876,0.981715888974142,0.664866535408179
28,"Wild boar","PIG",2,"slope + BB",-0.438051475603524,0.837144326686142,0.64529257640696
29,"Wild boar","PIG",2,"slope + BB",-0.439941875061905,0.825508222865912,0.644073893021408
30,"Wild boar","PIG",2,"slope + BB",-0.422875961468684,0.804146558068875,0.655159944452438
31,"Wild boar","PIG",2,"slope + BB",-0.433139269724088,0.813550550671091,0.648470173311314
32,"Wild boar","PIG",2,"slope + BB",-0.416617554395593,0.811259090759757,0.659273068770241
33,"Wild boar","PIG",2,"slope + BB",-0.434546977267605,0.795816070704045,0.647557995528742
34,"Wild boar","PIG",2,"slope + BB",-0.438200286950047,0.78867642948296,0.645196545639097
35,"Wild boar","PIG",2,"slope + BB",-0.432079572713636,0.784218680090467,0.649157739699323
36,"Wild boar","PIG",2,"slope + BB",-0.434345601898283,0.784894869906215,0.647688374499716
37,"Wild boar","PIG",2,"slope + BB",-0.416473771934227,0.783429424630825,0.659367822620864
38,"Wild boar","PIG",2,"slope + BB",-0.41919680816951,0.811600263755606,0.657574769693374
39,"Wild boar","PIG",2,"slope + BB",-0.416182620148639,0.821533956699344,0.659559814206828
40,"Wild boar","PIG",2,"slope + BB",-0.391064722241545,0.833908196942633,0.676336381984145
41,"Wild boar","PIG",2,"slope + BB",-0.399822573974616,0.846462743121674,0.670438993462078
42,"Wild boar","PIG",2,"slope + BB",-0.409834244998681,0.86685380931009,0.663760262694773
43,"Wild boar","PIG",2,"slope + BB",-0.410640440336181,0.895260350917472,0.663225358621098
44,"Wild boar","PIG",2,"slope + BB",-0.419088146161639,0.984994624011409,0.657646223857042
45,"Wild boar","PIG",2,"slope + BB",-0.437545208051523,0.817896340778017,0.645619338694904
46,"Wild boar","PIG",2,"slope + BB",-0.430927218241193,0.778171529487949,0.649906210623354
47,"Wild boar","PIG",2,"slope + BB",-0.427256282041537,0.760896389651651,0.652296366665145
48,"Wild boar","PIG",2,"slope + BB",-0.442118132040987,0.75391211426313,0.642673715233329
49,"Wild boar","PIG",2,"slope + BB",-0.447704065741847,0.740571346101519,0.639093789051143
50,"Wild boar","PIG",2,"slope + BB",-0.442249387431237,0.744869531038441,0.642589362157306
51,"Wild boar","PIG",2,"slope + BB",-0.428153245415405,0.739323145778338,0.651711550916042
52,"Wild boar","PIG",2,"slope + BB",-0.438337116734501,0.753384297655457,0.645108278290264
53,"Wild boar","PIG",2,"slope + BB",-0.423730916656091,0.751862625258135,0.654600000720839
54,"Wild boar","PIG",2,"slope + BB",-0.422165663366022,0.763881743430284,0.655625417285519
55,"Wild boar","PIG",2,"slope + BB",-0.415226491216358,0.771867019272815,0.660190736960321
56,"Wild boar","PIG",2,"slope + BB",-0.429525492414008,0.7907706897276,0.650817841328562
57,"Wild boar","PIG",2,"slope + BB",-0.426001034795337,0.788177596070518,0.653115668584597
58,"Wild boar","PIG",2,"slope + BB",-0.399601046490731,0.808647562369923,0.67058752784802
59,"Wild boar","PIG",2,"slope + BB",-0.411411574021797,0.833259981290102,0.662714126139159
60,"Wild boar","PIG",2,"slope + BB",-0.424652875073057,0.853087996250347,0.65399676591565
61,"Wild boar","PIG",2,"slope + BB",-0.414055784949841,0.878122399070562,0.660964098908152
62,"Wild boar","PIG",2,"slope + BB",-0.407230023334547,0.957375715185377,0.665491114422937
63,"Wild boar","PIG",2,"slope + BB",-0.312301326525357,0.937504604734172,0.731760998370804
64,"Wild boar","PIG",2,"slope + BB",-0.302290183171904,0.901482832985062,0.739123552930813
65,"Wild boar","PIG",2,"slope + BB",-0.308903620947447,0.886499350363487,0.734251543151968
66,"Wild boar","PIG",2,"slope + BB",-0.32697403973273,0.906739732443351,0.721102463120334
67,"Wild boar","PIG",2,"slope + BB",-0.399583488941288,0.811314967226726,0.670599313392847
68,"Wild boar","PIG",2,"slope + BB",-0.409457387836759,0.761374080486139,0.664010452759331
69,"Wild boar","PIG",2,"slope + BB",-0.450625869202093,0.742784554056705,0.637229204902135
70,"Wild boar","PIG",2,"slope + BB",-0.438282448928215,0.722633293207771,0.645143705346961
71,"Wild boar","PIG",2,"slope + BB",-0.441327192539965,0.710348052910294,0.643182228595265
72,"Wild boar","PIG",2,"slope + BB",-0.444733868626847,0.71557987496554,0.64099484274264
73,"Wild boar","PIG",2,"slope + BB",-0.440198876032516,0.714109118769577,0.643908351497257
74,"Wild boar","PIG",2,"slope + BB",-0.438334318017302,0.721107243254637,0.645110074891984
75,"Wild boar","PIG",2,"slope + BB",-0.434706692299262,0.731438937090705,0.647454543032019
76,"Wild boar","PIG",2,"slope + BB",-0.430788562837833,0.735243930972856,0.649996333214133
77,"Wild boar","PIG",2,"slope + BB",-0.408432752341288,0.742322651756776,0.664691180131589
78,"Wild boar","PIG",2,"slope + BB",-0.416986579045481,0.7486754340248,0.659029766053768
79,"Wild boar","PIG",2,"slope + BB",-0.416224896743003,0.772324709870525,0.659531929521137
80,"Wild boar","PIG",2,"slope + BB",-0.415390397858222,0.790653383068488,0.660082536067976
81,"Wild boar","PIG",2,"slope + BB",-0.415180738390969,0.799139456068435,0.660220942858686
82,"Wild boar","PIG",2,"slope + BB",-0.408710528392517,0.827672000748854,0.664506560637659
83,"Wild boar","PIG",2,"slope + BB",-0.420019947609794,0.839575571079526,0.657033713527998
84,"Wild boar","PIG",2,"slope + BB",-0.413455311146573,0.86459799368993,0.661361095599144
85,"Wild boar","PIG",2,"slope + BB",-0.412747155036178,0.955878407340458,0.661829601962613
86,"Wild boar","PIG",2,"slope + BB",-0.291136363791913,0.98943884389823,0.747413751645248
87,"Wild boar","PIG",2,"slope + BB",-0.278997514348586,0.909632384744092,0.756541783873874
88,"Wild boar","PIG",2,"slope + BB",-0.313793192040004,0.907579317870569,0.730670158803194
89,"Wild boar","PIG",2,"slope + BB",-0.306499328339317,0.895269320566911,0.73601906946024
90,"Wild boar","PIG",2,"slope + BB",-0.324299080709105,0.847288521174599,0.723034002929551
91,"Wild boar","PIG",2,"slope + BB",-0.323025086234947,0.826606529924675,0.723955694352356
92,"Wild boar","PIG",2,"slope + BB",-0.318559067836235,0.805423341821003,0.727196123034816
93,"Wild boar","PIG",2,"slope + BB",-0.319854526184234,0.789953345425272,0.726254698299961
94,"Wild boar","PIG",2,"slope + BB",-0.330590392669584,0.791156029618003,0.718499416140775
95,"Wild boar","PIG",2,"slope + BB",-0.323834935707762,0.792286875621389,0.723369635023118
96,"Wild boar","PIG",2,"slope + BB",-0.341847358177645,0.804437035987685,0.710456688615072
97,"Wild boar","PIG",2,"slope + BB",-0.373412039989964,0.754138430823184,0.688381551929526
98,"Wild boar","PIG",2,"slope + BB",-0.392432127977362,0.742520780794606,0.675412188886723
99,"Wild boar","PIG",2,"slope + BB",-0.40231405232677,0.724328117268393,0.668770692130436
100,"Wild boar","PIG",2,"slope + BB",-0.435874372722268,0.702598017960994,0.646698963871157
101,"Wild boar","PIG",2,"slope + BB",-0.455669616706729,0.702580089476153,0.634023274934329
102,"Wild boar","PIG",2,"slope + BB",-0.463058566249441,0.683401916303757,0.629355804107285
103,"Wild boar","PIG",2,"slope + BB",-0.460156131028266,0.690486649357413,0.631185114627834
104,"Wild boar","PIG",2,"slope + BB",-0.438345356938795,0.696204533790645,0.645102953795719
105,"Wild boar","PIG",2,"slope + BB",-0.431210471543444,0.706726237087434,0.649722148366288
106,"Wild boar","PIG",2,"slope + BB",-0.421442841652953,0.706258951746271,0.656099488884782
107,"Wild boar","PIG",2,"slope + BB",-0.425990820217916,0.726545620980759,0.653122385981816
108,"Wild boar","PIG",2,"slope + BB",-0.405311368237141,0.719985577436995,0.666769184511976
109,"Wild boar","PIG",2,"slope + BB",-0.400748391626927,0.740282934981516,0.669818583312422
110,"Wild boar","PIG",2,"slope + BB",-0.409613843698568,0.751860611676087,0.663906632272027
111,"Wild boar","PIG",2,"slope + BB",-0.424769706897271,0.776215872593786,0.653920362491359
112,"Wild boar","PIG",2,"slope + BB",-0.419768365716114,0.786989332888937,0.657199034872117
113,"Wild boar","PIG",2,"slope + BB",-0.414285147555375,0.810298275996052,0.660812505997455
114,"Wild boar","PIG",2,"slope + BB",-0.421192759058444,0.83956216764661,0.656263589000426
115,"Wild boar","PIG",2,"slope + BB",-0.41830366216679,0.852499907223099,0.658162342283442
116,"Wild boar","PIG",2,"slope + BB",-0.424173093336869,0.941650407993195,0.654310684203428
117,"Wild boar","PIG",2,"slope + BB",-0.304019645835785,0.932665764491835,0.73784637103002
118,"Wild boar","PIG",2,"slope + BB",-0.292362632523921,0.87593281923431,0.746497793560829
119,"Wild boar","PIG",2,"slope + BB",-0.2900838155951,0.847281177777717,0.748200894110759
120,"Wild boar","PIG",2,"slope + BB",-0.302915649982088,0.814146111505968,0.738661400466028
121,"Wild boar","PIG",2,"slope + BB",-0.292582409741632,0.7973790641155,0.74633375331917
122,"Wild boar","PIG",2,"slope + BB",-0.312512761261745,0.78282993959852,0.731606312920586
123,"Wild boar","PIG",2,"slope + BB",-0.321279113912822,0.786157565599063,0.725220804926149
124,"Wild boar","PIG",2,"slope + BB",-0.314242417009732,0.762583747191916,0.730341959384386
125,"Wild boar","PIG",2,"slope + BB",-0.324485263185185,0.757831558432661,0.722899361049863
126,"Wild boar","PIG",2,"slope + BB",-0.334285179934265,0.747054726475851,0.715849611823822
127,"Wild boar","PIG",2,"slope + BB",-0.335391095158176,0.736409071152851,0.715058483857563
128,"Wild boar","PIG",2,"slope + BB",-0.333493475143872,0.721421916786427,0.716416599809902
129,"Wild boar","PIG",2,"slope + BB",-0.372683769880621,0.707400515347403,0.688883080786354
130,"Wild boar","PIG",2,"slope + BB",-0.384328326834436,0.698883101076072,0.68090783214424
131,"Wild boar","PIG",2,"slope + BB",-0.40877436193762,0.695490349616906,0.664464145458738
132,"Wild boar","PIG",2,"slope + BB",-0.442976451198223,0.686483423757655,0.642122341778078
133,"Wild boar","PIG",2,"slope + BB",-0.504331255440402,0.65298033142631,0.603909303093777
134,"Wild boar","PIG",2,"slope + BB",-0.483722921714523,0.658217223557952,0.616484000262871
135,"Wild boar","PIG",2,"slope + BB",-0.456793591280752,0.676658729298293,0.633311049853675
136,"Wild boar","PIG",2,"slope + BB",-0.43881446311312,0.682474045596562,0.644800402824891
137,"Wild boar","PIG",2,"slope + BB",-0.416894722583938,0.69711103743189,0.659090303950301
138,"Wild boar","PIG",2,"slope + BB",-0.415029747360413,0.704385766796917,0.660320671726362
139,"Wild boar","PIG",2,"slope + BB",-0.41440272777196,0.70889163964877,0.660734801687232
140,"Wild boar","PIG",2,"slope + BB",-0.419192309093273,0.704894579253712,0.657577742065857
141,"Wild boar","PIG",2,"slope + BB",-0.400050454398182,0.72653459540674,0.670286226333775
142,"Wild boar","PIG",2,"slope + BB",-0.411294636443521,0.747483198461882,0.662791621276438
143,"Wild boar","PIG",2,"slope + BB",-0.417608541022162,0.76283589654499,0.658620030560655
144,"Wild boar","PIG",2,"slope + BB",-0.425601609725924,0.775973105708317,0.653376611554803
145,"Wild boar","PIG",2,"slope + BB",-0.432854476798505,0.804528816589409,0.64865491643418
146,"Wild boar","PIG",2,"slope + BB",-0.422151113071642,0.830936866175596,0.65563499295944
147,"Wild boar","PIG",2,"slope + BB",-0.411989388510541,0.856278416062337,0.662331309749367
148,"Wild boar","PIG",2,"slope + BB",-0.414840497888762,0.914181001299063,0.660445633808481
149,"Wild boar","PIG",2,"slope + BB",-0.279969925158935,0.95606972768069,0.755806500820792
150,"Wild boar","PIG",2,"slope + BB",-0.302681555113892,0.871726052446198,0.738834343023712
151,"Wild boar","PIG",2,"slope + BB",-0.283387213885255,0.829601043953704,0.75322807122476
152,"Wild boar","PIG",2,"slope + BB",-0.281226437126926,0.809230053538255,0.754857396339815
153,"Wild boar","PIG",2,"slope + BB",-0.299930888053286,0.786974314569233,0.740869429933267
154,"Wild boar","PIG",2,"slope + BB",-0.286448371596757,0.763698636420888,0.750925853784371
155,"Wild boar","PIG",2,"slope + BB",-0.303422789488776,0.75422068106386,0.738286893583276
156,"Wild boar","PIG",2,"slope + BB",-0.319224003653431,0.748997280488972,0.726712760792185
157,"Wild boar","PIG",2,"slope + BB",-0.308829925652432,0.733954895937214,0.734305652916527
158,"Wild boar","PIG",2,"slope + BB",-0.313164963365684,0.726355143362655,0.731129294441483
159,"Wild boar","PIG",2,"slope + BB",-0.331978308889294,0.712730076558577,0.717502898697936
160,"Wild boar","PIG",2,"slope + BB",-0.321296473222083,0.703970208353978,0.725208221986417
161,"Wild boar","PIG",2,"slope + BB",-0.334449059564399,0.700502856211172,0.715732309626251
162,"Wild boar","PIG",2,"slope + BB",-0.340280829110163,0.693403510319353,0.711570471681392
163,"Wild boar","PIG",2,"slope + BB",-0.372235698331336,0.685342816726295,0.689191786236197
164,"Wild boar","PIG",2,"slope + BB",-0.385699399243274,0.676917759664558,0.67997489625848
165,"Wild boar","PIG",2,"slope + BB",-0.421414198806084,0.667080551388534,0.656118281878556
166,"Wild boar","PIG",2,"slope + BB",-0.451706668727448,0.644530319593625,0.636540860833166
167,"Wild boar","PIG",2,"slope + BB",-0.445726526332287,0.656763898326826,0.64035887027229
168,"Wild boar","PIG",2,"slope + BB",-0.425202414859383,0.664869575854253,0.653637473888283
169,"Wild boar","PIG",2,"slope + BB",-0.424594004548436,0.665466888902771,0.654035266740228
170,"Wild boar","PIG",2,"slope + BB",-0.422971813289948,0.678200920027228,0.655097098385987
171,"Wild boar","PIG",2,"slope + BB",-0.408072758562473,0.690291913459105,0.664930534920644
172,"Wild boar","PIG",2,"slope + BB",-0.416718283841149,0.689202782433177,0.659206603336716
173,"Wild boar","PIG",2,"slope + BB",-0.408935296618391,0.697610296607335,0.66435722164691
174,"Wild boar","PIG",2,"slope + BB",-0.402668722148359,0.723238579843573,0.668533534332664
175,"Wild boar","PIG",2,"slope + BB",-0.409549173047431,0.73068062054683,0.663949527130208
176,"Wild boar","PIG",2,"slope + BB",-0.411335475573629,0.75742818579275,0.66276455534474
177,"Wild boar","PIG",2,"slope + BB",-0.413310143436735,0.776464368072959,0.661457106554313
178,"Wild boar","PIG",2,"slope + BB",-0.414786521464616,0.800311815439764,0.660481307040338
179,"Wild boar","PIG",2,"slope + BB",-0.423962069267281,0.834946458698972,0.65444875492007
180,"Wild boar","PIG",2,"slope + BB",-0.414739749654037,0.866689590952599,0.660512170172136
181,"Wild boar","PIG",2,"slope + BB",-0.42196685943324,0.91142446870927,0.655755771261638
182,"Wild boar","PIG",2,"slope + BB",-0.43432167434716,0.981905202598751,0.647703882767424
183,"Wild boar","PIG",2,"slope + BB",-0.271904045262954,1.06651850207478,0.761927380946457
184,"Wild boar","PIG",2,"slope + BB",-0.291783556243769,0.92116313883666,0.746930186859645
185,"Wild boar","PIG",2,"slope + BB",-0.290479566608981,0.834433608845029,0.747904838371546
186,"Wild boar","PIG",2,"slope + BB",-0.296933428415677,0.811440643743714,0.743093524091308
187,"Wild boar","PIG",2,"slope + BB",-0.271653059684338,0.788299065943716,0.762118624940888
188,"Wild boar","PIG",2,"slope + BB",-0.288673658143255,0.769531652824049,0.749256705347606
189,"Wild boar","PIG",2,"slope + BB",-0.304145334080139,0.752152028646729,0.737753637994615
190,"Wild boar","PIG",2,"slope + BB",-0.300044551919914,0.735563207595682,0.740785235472259
191,"Wild boar","PIG",2,"slope + BB",-0.313700767747476,0.730759991476662,0.730737655832664
192,"Wild boar","PIG",2,"slope + BB",-0.308498980707806,0.716572311966937,0.734548716875496
193,"Wild boar","PIG",2,"slope + BB",-0.309526011273082,0.704483204104437,0.733794685460059
194,"Wild boar","PIG",2,"slope + BB",-0.31648566968235,0.700231317591445,0.728705454135663
195,"Wild boar","PIG",2,"slope + BB",-0.321685683738098,0.682176325468809,0.724926014498276
196,"Wild boar","PIG",2,"slope + BB",-0.319930225710382,0.68329629228347,0.726199706717903
197,"Wild boar","PIG",2,"slope + BB",-0.333635574760126,0.676414406708965,0.716314779863688
198,"Wild boar","PIG",2,"slope + BB",-0.347415542480058,0.6735026254787,0.706511693614386
199,"Wild boar","PIG",2,"slope + BB",-0.389974346147277,0.666558983120006,0.67707424422025
200,"Wild boar","PIG",2,"slope + BB",-0.392443442949507,0.652952580709088,0.675404545994711
201,"Wild boar","PIG",2,"slope + BB",-0.412918314651841,0.647566590560452,0.661716345267297
202,"Wild boar","PIG",2,"slope + BB",-0.404722260011173,0.648702457452954,0.667162095803069
203,"Wild boar","PIG",2,"slope + BB",-0.398032859584323,0.649974108381436,0.671639958253282
204,"Wild boar","PIG",2,"slope + BB",-0.395180180455385,0.654104026064453,0.673558674125136
205,"Wild boar","PIG",2,"slope + BB",-0.397442832634433,0.666582934619143,0.672036360973811
206,"Wild boar","PIG",2,"slope + BB",-0.407013447715046,0.667763152867359,0.665635241300091
207,"Wild boar","PIG",2,"slope + BB",-0.399577249494722,0.676551223518209,0.670603484190661
208,"Wild boar","PIG",2,"slope + BB",-0.393630609768317,0.69022324459974,0.674603202778913
209,"Wild boar","PIG",2,"slope + BB",-0.399454322129072,0.703048897584739,0.670685929724793
210,"Wild boar","PIG",2,"slope + BB",-0.400086105624159,0.721165886805176,0.670262337424828
211,"Wild boar","PIG",2,"slope + BB",-0.396938963839856,0.743529953582226,0.672375082439474
212,"Wild boar","PIG",2,"slope + BB",-0.413155873819928,0.771650992422162,0.661559168727979
213,"Wild boar","PIG",2,"slope + BB",-0.409475671531124,0.806473919180759,0.663998313054538
214,"Wild boar","PIG",2,"slope + BB",-0.42769763636252,0.83231675463433,0.652008542872055
215,"Wild boar","PIG",2,"slope + BB",-0.42246338242282,0.864597701633516,0.655430266927681
216,"Wild boar","PIG",2,"slope + BB",-0.435905467757038,0.899119498195738,0.646678864804212
217,"Wild boar","PIG",2,"slope + BB",-0.429150322681827,0.960648013161993,0.651062053478182
218,"Wild boar","PIG",2,"slope + BB",-0.448748406253358,1.07425534858954,0.638426708193448
219,"Wild boar","PIG",2,"slope + BB",-0.286908525915772,0.881619658461058,0.75058069318555
220,"Wild boar","PIG",2,"slope + BB",-0.293368758256387,0.814332655471096,0.745747091104625
221,"Wild boar","PIG",2,"slope + BB",-0.289537981324318,0.793548782066049,0.748609359759067
222,"Wild boar","PIG",2,"slope + BB",-0.271850301131087,0.773473361619465,0.761968322054897
223,"Wild boar","PIG",2,"slope + BB",-0.300923026661295,0.75791187534693,0.740134742047055
224,"Wild boar","PIG",2,"slope + BB",-0.283235306199789,0.740303962209948,0.753342501324191
225,"Wild boar","PIG",2,"slope + BB",-0.288979204646448,0.725229836125709,0.749027803495939
226,"Wild boar","PIG",2,"slope + BB",-0.301565991640004,0.711067385042261,0.739659016866379
227,"Wild boar","PIG",2,"slope + BB",-0.293357606527738,0.713854985996784,0.745755418220625
228,"Wild boar","PIG",2,"slope + BB",-0.297853941406393,0.699495280440766,0.7424097674226
229,"Wild boar","PIG",2,"slope + BB",-0.296850219587236,0.692047076315752,0.7431553355045
230,"Wild boar","PIG",2,"slope + BB",-0.30923135686302,0.677483825308341,0.734010939647719
231,"Wild boar","PIG",2,"slope + BB",-0.321786115836866,0.671753235910557,0.724853208416539
232,"Wild boar","PIG",2,"slope + BB",-0.328140107536969,0.665124638797753,0.720262098541054
233,"Wild boar","PIG",2,"slope + BB",-0.351375976414269,0.655675101192482,0.703719137296717
234,"Wild boar","PIG",2,"slope + BB",-0.359838295036946,0.640828103379823,0.697789152920921
235,"Wild boar","PIG",2,"slope + BB",-0.369148032779665,0.640755857920928,0.691323070138037
236,"Wild boar","PIG",2,"slope + BB",-0.36620452214172,0.637663736656873,0.693361011156114
237,"Wild boar","PIG",2,"slope + BB",-0.38919921165244,0.643110880282921,0.677599273011814
238,"Wild boar","PIG",2,"slope + BB",-0.38514761629878,0.632889046746937,0.680350281881488
239,"Wild boar","PIG",2,"slope + BB",-0.378187370123113,0.643810282799207,0.685102144527483
240,"Wild boar","PIG",2,"slope + BB",-0.378220431225845,0.652466362230656,0.685079473602915
241,"Wild boar","PIG",2,"slope + BB",-0.386699797480713,0.652030840750181,0.679295022526973
242,"Wild boar","PIG",2,"slope + BB",-0.379384669487305,0.669777114285979,0.684282343243293
243,"Wild boar","PIG",2,"slope + BB",-0.395285094969131,0.670930335137573,0.673488005070085
244,"Wild boar","PIG",2,"slope + BB",-0.389112263210436,0.690021363389514,0.677658191300904
245,"Wild boar","PIG",2,"slope + BB",-0.395755367344887,0.710528435454541,0.673171357162273
246,"Wild boar","PIG",2,"slope + BB",-0.392050992500169,0.738223043317339,0.675669659077289
247,"Wild boar","PIG",2,"slope + BB",-0.416290846939102,0.770849819609845,0.659488434086586
248,"Wild boar","PIG",2,"slope + BB",-0.409637172510005,0.802653171851686,0.663891086443167
249,"Wild boar","PIG",2,"slope + BB",-0.401900509904485,0.836785295169718,0.669047386648916
250,"Wild boar","PIG",2,"slope + BB",-0.419018039875384,0.88483225049294,0.657692330826666
251,"Wild boar","PIG",2,"slope + BB",-0.429199884070836,0.916739626840931,0.651029785693791
252,"Wild boar","PIG",2,"slope + BB",-0.428097982094779,0.977894938450155,0.651747560569603
253,"Wild boar","PIG",2,"slope + BB",-0.426617538089101,1.07959155645722,0.652713243400549
254,"Wild boar","PIG",2,"slope + BB",-0.277125314559327,0.857816427872734,0.757959511299622
255,"Wild boar","PIG",2,"slope + BB",-0.290946338317396,0.791184837711091,0.747555793136958
256,"Wild boar","PIG",2,"slope + BB",-0.290193795000276,0.779740728814649,0.748118593569243
257,"Wild boar","PIG",2,"slope + BB",-0.29638383713975,0.764317596078835,0.743502090813133
258,"Wild boar","PIG",2,"slope + BB",-0.280965799676281,0.743464625410187,0.755054158222279
259,"Wild boar","PIG",2,"slope + BB",-0.297387067455969,0.731331781033448,0.742756463114737
260,"Wild boar","PIG",2,"slope + BB",-0.286027773177001,0.713886206519452,0.751241758096547
261,"Wild boar","PIG",2,"slope + BB",-0.293050719806486,0.710451022613974,0.745984305200111
262,"Wild boar","PIG",2,"slope + BB",-0.300929084146265,0.696529956646534,0.740130260639466
263,"Wild boar","PIG",2,"slope + BB",-0.296984559200264,0.695208935531216,0.743055486940491
264,"Wild boar","PIG",2,"slope + BB",-0.299856837841857,0.672621325055395,0.74092429203929
265,"Wild boar","PIG",2,"slope + BB",-0.302919119636058,0.669081006477136,0.738658836954287
266,"Wild boar","PIG",2,"slope + BB",-0.302943863973333,0.665974012095816,0.738640578757926
267,"Wild boar","PIG",2,"slope + BB",-0.32217507889856,0.654340500302949,0.724571324026338
268,"Wild boar","PIG",2,"slope + BB",-0.327734974461093,0.630923449393834,0.720554019620591
269,"Wild boar","PIG",2,"slope + BB",-0.344121310064141,0.633633443777838,0.708842933052275
270,"Wild boar","PIG",2,"slope + BB",-0.350339108437077,0.628782367254606,0.704449164661756
271,"Wild boar","PIG",2,"slope + BB",-0.359206802631719,0.622236886219697,0.698229941291641
272,"Wild boar","PIG",2,"slope + BB",-0.349992555492651,0.628912668744982,0.704693337190316
273,"Wild boar","PIG",2,"slope + BB",-0.361280184298952,0.62455045169276,0.696783762154518
274,"Wild boar","PIG",2,"slope + BB",-0.357409877789256,0.634331557854749,0.699485737485904
275,"Wild boar","PIG",2,"slope + BB",-0.36581546043193,0.62891758761019,0.693630813057584
276,"Wild boar","PIG",2,"slope + BB",-0.364696705445257,0.635909966974656,0.694407229293499
277,"Wild boar","PIG",2,"slope + BB",-0.365838386715697,0.64951620075776,0.693614892388632
278,"Wild boar","PIG",2,"slope + BB",-0.365200882173409,0.651166997024318,0.694057213192312
279,"Wild boar","PIG",2,"slope + BB",-0.374261037750168,0.682089600880968,0.687797347597534
280,"Wild boar","PIG",2,"slope + BB",-0.371516180912572,0.697816642717994,0.689687865003314
281,"Wild boar","PIG",2,"slope + BB",-0.39160307682889,0.7181090393846,0.675972370366547
282,"Wild boar","PIG",2,"slope + BB",-0.380596009738185,0.758787430738953,0.683453943046924
283,"Wild boar","PIG",2,"slope + BB",-0.406075614588877,0.809762949419687,0.666259840422073
284,"Wild boar","PIG",2,"slope + BB",-0.424701467328254,0.864793353246948,0.653965003408504
285,"Wild boar","PIG",2,"slope + BB",-0.415606545988943,0.913079242692415,0.659939907653332
286,"Wild boar","PIG",2,"slope + BB",-0.449370935584289,0.997978399199001,0.638029413744709
287,"Wild boar","PIG",2,"slope + BB",-0.432119612339235,1.06136423368971,0.649131729148482
288,"Wild boar","PIG",2,"slope + BB",-0.279685721147741,0.943856395497238,0.756021310740195
289,"Wild boar","PIG",2,"slope + BB",-0.277300517714439,0.836097321745789,0.757826734689952
290,"Wild boar","PIG",2,"slope + BB",-0.269906499676803,0.783241396014717,0.76345097264209
291,"Wild boar","PIG",2,"slope + BB",-0.278743514801609,0.757608372134981,0.756733969728006
292,"Wild boar","PIG",2,"slope + BB",-0.274393255387476,0.741252777427029,0.760033134909011
293,"Wild boar","PIG",2,"slope + BB",-0.282677147349589,0.730026977753467,0.75376310439868
294,"Wild boar","PIG",2,"slope + BB",-0.29379139528397,0.720241160340195,0.745431981400382
295,"Wild boar","PIG",2,"slope + BB",-0.292075978096354,0.702419099072102,0.746711801176799
296,"Wild boar","PIG",2,"slope + BB",-0.281275382880552,0.690357291152948,0.75482053091387
297,"Wild boar","PIG",2,"slope + BB",-0.278099324871805,0.689026439148876,0.757221607775674
298,"Wild boar","PIG",2,"slope + BB",-0.28295948506828,0.667151062565345,0.753550356330421
299,"Wild boar","PIG",2,"slope + BB",-0.298634157021673,0.661149581605471,0.74183076432484
300,"Wild boar","PIG",2,"slope + BB",-0.295397195498573,0.661106224031454,0.744235975117151
301,"Wild boar","PIG",2,"slope + BB",-0.294718307682603,0.656963187961556,0.744741390300038
302,"Wild boar","PIG",2,"slope + BB",-0.305530084755071,0.642108988623903,0.736732741939573
303,"Wild boar","PIG",2,"slope + BB",-0.320624728099435,0.636373713849625,0.725695540903194
304,"Wild boar","PIG",2,"slope + BB",-0.334055189117682,0.611613241468444,0.716014275926437
305,"Wild boar","PIG",2,"slope + BB",-0.326918810176204,0.607638150534579,0.721142294501399
306,"Wild boar","PIG",2,"slope + BB",-0.343706999896445,0.606008157586458,0.709136706547609
307,"Wild boar","PIG",2,"slope + BB",-0.349360109430152,0.612804974866529,0.705139159242709
308,"Wild boar","PIG",2,"slope + BB",-0.345875629890287,0.627062549323098,0.707600488715366
309,"Wild boar","PIG",2,"slope + BB",-0.343768262935383,0.628094853367855,0.709093235374986
310,"Wild boar","PIG",2,"slope + BB",-0.341154690392926,0.617440507224,0.710948931451413
311,"Wild boar","PIG",2,"slope + BB",-0.351042952134514,0.617023544836881,0.703953517300406
312,"Wild boar","PIG",2,"slope + BB",-0.363382482093687,0.629273308620691,0.695320436465378
313,"Wild boar","PIG",2,"slope + BB",-0.362857728818284,0.635919827208084,0.695685410819431
314,"Wild boar","PIG",2,"slope + BB",-0.363566265666933,0.668146736280502,0.695192660532773
315,"Wild boar","PIG",2,"slope + BB",-0.372861185120068,0.685749010040075,0.68876093808718
316,"Wild boar","PIG",2,"slope + BB",-0.378144592535299,0.73786932354101,0.685131430454519
317,"Wild boar","PIG",2,"slope + BB",-0.400126841125065,0.788923562211103,0.670235037796436
318,"Wild boar","PIG",2,"slope + BB",-0.390848226414459,0.886866315457148,0.67648282334666
319,"Wild boar","PIG",2,"slope + BB",-0.416528014170595,0.952951427387885,0.659332043082846
320,"Wild boar","PIG",2,"slope + BB",-0.278290799610262,0.894293224958519,0.757076649580628
321,"Wild boar","PIG",2,"slope + BB",-0.284521708421467,0.806969404065595,0.752374022501788
322,"Wild boar","PIG",2,"slope + BB",-0.270885721592919,0.771568210213635,0.762703666585254
323,"Wild boar","PIG",2,"slope + BB",-0.287493122908181,0.752316805127582,0.750141725555541
324,"Wild boar","PIG",2,"slope + BB",-0.2814950586319,0.729525350209533,0.754654644775825
325,"Wild boar","PIG",2,"slope + BB",-0.281365356031707,0.71710926314215,0.75475253654644
326,"Wild boar","PIG",2,"slope + BB",-0.286967343703243,0.705063223886812,0.75053623821333
327,"Wild boar","PIG",2,"slope + BB",-0.286669930835703,0.695688329219743,0.750759490762164
328,"Wild boar","PIG",2,"slope + BB",-0.283175495740679,0.690546047521604,0.753387560072695
329,"Wild boar","PIG",2,"slope + BB",-0.280907361105574,0.675750306321161,0.75509828374775
330,"Wild boar","PIG",2,"slope + BB",-0.278310756220418,0.661037283789597,0.757061525043988
331,"Wild boar","PIG",2,"slope + BB",-0.283376478719226,0.649687573968576,0.753236157190849
332,"Wild boar","PIG",2,"slope + BB",-0.291568574670157,0.6633578397234,0.747090781443765
333,"Wild boar","PIG",2,"slope + BB",-0.301168480423092,0.645678030877861,0.739953099993567
334,"Wild boar","PIG",2,"slope + BB",-0.305654196728377,0.633616716741631,0.73664131906537
335,"Wild boar","PIG",2,"slope + BB",-0.316913647643957,0.628654166951324,0.728393667257206
336,"Wild boar","PIG",2,"slope + BB",-0.324842062071314,0.621893447313688,0.722641527386341
337,"Wild boar","PIG",2,"slope + BB",-0.318916278606126,0.572457954918689,0.726936406889177
338,"Wild boar","PIG",2,"slope + BB",-0.309364142698815,0.570077375058141,0.733913492963543
339,"Wild boar","PIG",2,"slope + BB",-0.322756112668632,0.606136957012247,0.724150459907973
340,"Wild boar","PIG",2,"slope + BB",-0.333101838671778,0.611459290656546,0.716697220921359
341,"Wild boar","PIG",2,"slope + BB",-0.335057280463454,0.616974586391624,0.715297119998412
342,"Wild boar","PIG",2,"slope + BB",-0.33091942095587,0.615447515612159,0.718263069597457
343,"Wild boar","PIG",2,"slope + BB",-0.324563931860798,0.592078456478012,0.722842493506938
344,"Wild boar","PIG",2,"slope + BB",-0.321463507668711,0.587885865546268,0.725087093081787
345,"Wild boar","PIG",2,"slope + BB",-0.336596824822492,0.62314473382644,0.714196742955849
346,"Wild boar","PIG",2,"slope + BB",-0.34462058618376,0.647432063659879,0.708489116365965
347,"Wild boar","PIG",2,"slope + BB",-0.345673138018811,0.673215083393616,0.707743901258644
348,"Wild boar","PIG",2,"slope + BB",-0.36515690021892,0.730137124956713,0.694087752672673
349,"Wild boar","PIG",2,"slope + BB",-0.265364537855207,0.892976565018634,0.766926395520557
350,"Wild boar","PIG",2,"slope + BB",-0.273682159243123,0.792260723804797,0.760573787382828
351,"Wild boar","PIG",2,"slope + BB",-0.273544110450194,0.760527889235855,0.760678782200194
352,"Wild boar","PIG",2,"slope + BB",-0.272782182932358,0.745177824989814,0.761258584995391
353,"Wild boar","PIG",2,"slope + BB",-0.282410234775981,0.727431986396761,0.753964319516249
354,"Wild boar","PIG",2,"slope + BB",-0.271450640994499,0.706102756131916,0.76227291692482
355,"Wild boar","PIG",2,"slope + BB",-0.278499120526472,0.700023481025606,0.75691894056685
356,"Wild boar","PIG",2,"slope + BB",-0.263242184171695,0.695763079214565,0.768555742898702
357,"Wild boar","PIG",2,"slope + BB",-0.283129520668808,0.67985744407791,0.753422199932923
358,"Wild boar","PIG",2,"slope + BB",-0.284161578764203,0.666079259312247,0.752645023502761
359,"Wild boar","PIG",2,"slope + BB",-0.276832542813542,0.658044600407484,0.758181454021427
360,"Wild boar","PIG",2,"slope + BB",-0.269716366028695,0.655904398854611,0.763596045600331
361,"Wild boar","PIG",2,"slope + BB",-0.282077907177136,0.650791229359451,0.754214923944104
362,"Wild boar","PIG",2,"slope + BB",-0.280992190164786,0.635867919327114,0.755034232235005
363,"Wild boar","PIG",2,"slope + BB",-0.28108833365052,0.627261580477774,0.754961658565603
364,"Wild boar","PIG",2,"slope + BB",-0.300720168809816,0.629845663083974,0.740284926239086
365,"Wild boar","PIG",2,"slope + BB",-0.301276349460827,0.60616115758318,0.739873293310659
366,"Wild boar","PIG",2,"slope + BB",-0.310401365644296,0.599130662611789,0.733152639138697
367,"Wild boar","PIG",2,"slope + BB",-0.309559660195382,0.595108144116315,0.733769995072599
368,"Wild boar","PIG",2,"slope + BB",-0.312879823082513,0.593833180583983,0.731337797294261
369,"Wild boar","PIG",2,"slope + BB",-0.307143167780081,0.609368844688219,0.735545287780632
370,"Wild boar","PIG",2,"slope + BB",-0.322903944215386,0.605816412192569,0.724043406203689
371,"Wild boar","PIG",2,"slope + BB",-0.322981395280934,0.620402385318294,0.723987324420066
372,"Wild boar","PIG",2,"slope + BB",-0.325983379413652,0.597799519265755,0.72181720073737
373,"Wild boar","PIG",2,"slope + BB",-0.328731706214395,0.608948835338945,0.719836123741162
374,"Wild boar","PIG",2,"slope + BB",-0.333748417258592,0.615894023956878,0.716233968603715
375,"Wild boar","PIG",2,"slope + BB",-0.332187425094887,0.650986334792813,0.71735286163171
376,"Wild boar","PIG",2,"slope + BB",-0.332196313917512,0.672452260862655,0.717346483932362
377,"Wild boar","PIG",2,"slope + BB",-0.331256255982895,0.777933109219336,0.718021148277392
378,"Wild boar","PIG",2,"slope + BB",-0.278957474326708,0.879951559829634,0.756572123603595
379,"Wild boar","PIG",2,"slope + BB",-0.287494539297136,0.793880915537725,0.750140663078572
380,"Wild boar","PIG",2,"slope + BB",-0.271088107535779,0.755815379395967,0.762549309597253
381,"Wild boar","PIG",2,"slope + BB",-0.279680146215474,0.733860459182196,0.756025531061723
382,"Wild boar","PIG",2,"slope + BB",-0.274685755668156,0.711005090212407,0.759810868534239
383,"Wild boar","PIG",2,"slope + BB",-0.262545380165047,0.700360457644007,0.769091463745045
384,"Wild boar","PIG",2,"slope + BB",-0.271404792736022,0.686360463786789,0.762307861324744
385,"Wild boar","PIG",2,"slope + BB",-0.269541837057097,0.682558439770454,0.763729362410372
386,"Wild boar","PIG",2,"slope + BB",-0.265093954784756,0.669757870543077,0.767133871299715
387,"Wild boar","PIG",2,"slope + BB",-0.255227596587988,0.667149306138051,0.774740149866338
388,"Wild boar","PIG",2,"slope + BB",-0.271389494075215,0.656982911586629,0.762319519662694
389,"Wild boar","PIG",2,"slope + BB",-0.279910405977973,0.651356258078157,0.755851468099564
390,"Wild boar","PIG",2,"slope + BB",-0.260450290454052,0.635071306489263,0.770704470441629
391,"Wild boar","PIG",2,"slope + BB",-0.278071089211475,0.62157742113484,0.757243008197653
392,"Wild boar","PIG",2,"slope + BB",-0.277982538203498,0.623875672884355,0.757310057208274
393,"Wild boar","PIG",2,"slope + BB",-0.278085786632786,0.609759899454353,0.757231865015365
394,"Wild boar","PIG",2,"slope + BB",-0.291350865232739,0.60431382303202,0.747253447161316
395,"Wild boar","PIG",2,"slope + BB",-0.2852541440132,0.606456396048181,0.751823168785594
396,"Wild boar","PIG",2,"slope + BB",-0.276401790809395,0.596681562126441,0.758508110980022
397,"Wild boar","PIG",2,"slope + BB",-0.313120191103479,0.601262709496035,0.73116203368278
398,"Wild boar","PIG",2,"slope + BB",-0.317111599168924,0.602263616782299,0.728249517092253
399,"Wild boar","PIG",2,"slope + BB",-0.316470996655836,0.607244206007218,0.728716160098389
400,"Wild boar","PIG",2,"slope + BB",-0.323144360538218,0.606127405458294,0.723869349233681
401,"Wild boar","PIG",2,"slope + BB",-0.31596436948636,0.602585725723298,0.729085434807835
402,"Wild boar","PIG",2,"slope + BB",-0.323044774625214,0.61231789928492,0.723941446245702
403,"Wild boar","PIG",2,"slope + BB",-0.326139283316048,0.613879648732907,0.721704659856193
404,"Wild boar","PIG",2,"slope + BB",-0.323083599482325,0.631579505876463,0.723913334343739
405,"Wild boar","PIG",2,"slope + BB",-0.329383923641917,0.669666898028329,0.719366800222917
406,"Wild boar","PIG",2,"slope + BB",-0.340224967197871,0.771846228755204,0.71161022494112
407,"Wild boar","PIG",2,"slope + BB",-0.283588215757844,0.908311110710202,0.753076721593098
408,"Wild boar","PIG",2,"slope + BB",-0.262404053164936,0.790730818587436,0.769200408047654
409,"Wild boar","PIG",2,"slope + BB",-0.280190756449559,0.746535469680579,0.755639586577837
410,"Wild boar","PIG",2,"slope + BB",-0.25747163932631,0.728147783676275,0.773003549411573
411,"Wild boar","PIG",2,"slope + BB",-0.266471080892451,0.706910591237091,0.766078161418021
412,"Wild boar","PIG",2,"slope + BB",-0.276295103181669,0.701607725618893,0.758589036674383
413,"Wild boar","PIG",2,"slope + BB",-0.256969880534915,0.689002354145846,0.773391510267901
414,"Wild boar","PIG",2,"slope + BB",-0.254481404740057,0.685414065881635,0.775318489727503
415,"Wild boar","PIG",2,"slope + BB",-0.261235023203747,0.678348030365507,0.770099907001579
416,"Wild boar","PIG",2,"slope + BB",-0.261238424272182,0.656546037766254,0.770097288568156
417,"Wild boar","PIG",2,"slope + BB",-0.257337044544798,0.642536125992496,0.773107610533613
418,"Wild boar","PIG",2,"slope + BB",-0.252853692472139,0.641008351100506,0.776581494935698
419,"Wild boar","PIG",2,"slope + BB",-0.268184294616404,0.640371578611117,0.764766832973043
420,"Wild boar","PIG",2,"slope + BB",-0.278771508302278,0.625463874296136,0.75671279295476
421,"Wild boar","PIG",2,"slope + BB",-0.256682584205077,0.611749141458922,0.773613813188561
422,"Wild boar","PIG",2,"slope + BB",-0.266089953215974,0.602167419319585,0.766370186941393
423,"Wild boar","PIG",2,"slope + BB",-0.277213447821923,0.604122949803358,0.757892709531257
424,"Wild boar","PIG",2,"slope + BB",-0.27791190001562,0.597318777122239,0.757363554009814
425,"Wild boar","PIG",2,"slope + BB",-0.296602824530941,0.599916079486309,0.74333919242037
426,"Wild boar","PIG",2,"slope + BB",-0.294023229542398,0.598542102807605,0.745259193133585
427,"Wild boar","PIG",2,"slope + BB",-0.302412395545671,0.606431377984322,0.739033259944849
428,"Wild boar","PIG",2,"slope + BB",-0.305083361024444,0.601325979551199,0.737061935261323
429,"Wild boar","PIG",2,"slope + BB",-0.311226001847058,0.607018119553308,0.732548344870603
430,"Wild boar","PIG",2,"slope + BB",-0.293535711101276,0.595802848143838,0.745622596062411
431,"Wild boar","PIG",2,"slope + BB",-0.309881824020085,0.602776904033724,0.733533644482928
432,"Wild boar","PIG",2,"slope + BB",-0.307878102911464,0.616754643638695,0.735004908132654
433,"Wild boar","PIG",2,"slope + BB",-0.3141338256852,0.62789898577723,0.73042140657324
434,"Wild boar","PIG",2,"slope + BB",-0.308255049561289,0.667953432097273,0.734728049234744
435,"Wild boar","PIG",2,"slope + BB",-0.310411393491197,0.765405618359921,0.733145292090324
436,"Wild boar","PIG",2,"slope + BB",-0.268796185117014,0.769798106663639,0.764299021408074
437,"Wild boar","PIG",2,"slope + BB",-0.26746563869344,0.740081568753057,0.765316650941535
438,"Wild boar","PIG",2,"slope + BB",-0.258180360179942,0.720566915008573,0.772455899886416
439,"Wild boar","PIG",2,"slope + BB",-0.274648728846267,0.707528205405648,0.759838985869904
440,"Wild boar","PIG",2,"slope + BB",-0.24680330188196,0.707801103538635,0.781294366052808
441,"Wild boar","PIG",2,"slope + BB",-0.261869894637965,0.684895541708682,0.769611148802547
442,"Wild boar","PIG",2,"slope + BB",-0.257285791956723,0.670839057974588,0.773147223938794
443,"Wild boar","PIG",2,"slope + BB",-0.25435862001777,0.655638962458903,0.775413718632109
444,"Wild boar","PIG",2,"slope + BB",-0.243621118547044,0.65354854034472,0.783784540615269
445,"Wild boar","PIG",2,"slope + BB",-0.248116548978196,0.63011905105509,0.780269079306269
446,"Wild boar","PIG",2,"slope + BB",-0.257147260916318,0.631236353371095,0.773254351712875
447,"Wild boar","PIG",2,"slope + BB",-0.241316310914326,0.632709974724907,0.785593095762325
448,"Wild boar","PIG",2,"slope + BB",-0.255135005848294,0.618788345301777,0.77481188895664
449,"Wild boar","PIG",2,"slope + BB",-0.25515312020174,0.602621612999632,0.774797931505963
450,"Wild boar","PIG",2,"slope + BB",-0.260211685043436,0.600683920932153,0.770888389726631
451,"Wild boar","PIG",2,"slope + BB",-0.264959424523426,0.595337504120108,0.767237083086762
452,"Wild boar","PIG",2,"slope + BB",-0.248736016222387,0.583502939905503,0.779785797082394
453,"Wild boar","PIG",2,"slope + BB",-0.279745315766418,0.585977477769058,0.75597626834317
454,"Wild boar","PIG",2,"slope + BB",-0.286804269596228,0.591813512209859,0.750658661339619
455,"Wild boar","PIG",2,"slope + BB",-0.284117647718426,0.591167256562442,0.752678106451277
456,"Wild boar","PIG",2,"slope + BB",-0.30833542185706,0.596414103234621,0.734668899588748
457,"Wild boar","PIG",2,"slope + BB",-0.30749621763933,0.590854850028979,0.735285653830703
458,"Wild boar","PIG",2,"slope + BB",-0.310603912235731,0.586130065307062,0.733004152354769
459,"Wild boar","PIG",2,"slope + BB",-0.308104097028429,0.583035153740472,0.734838819613478
460,"Wild boar","PIG",2,"slope + BB",-0.319412221684999,0.598970987626625,0.726575992751064
461,"Wild boar","PIG",2,"slope + BB",-0.313808158009716,0.62740489391971,0.730659194815313
462,"Wild boar","PIG",2,"slope + BB",-0.300890291424047,0.666155555979869,0.740158972311358
463,"Wild boar","PIG",2,"slope + BB",-0.305720236501538,0.757179191999547,0.736592662573621
464,"Wild boar","PIG",2,"slope + BB",-0.255571667884668,0.852917082723507,0.774473634401612
465,"Wild boar","PIG",2,"slope + BB",-0.266418947353574,0.785030278136498,0.766118105975846
466,"Wild boar","PIG",2,"slope + BB",-0.263861587241796,0.728745098018915,0.768079844532258
467,"Wild boar","PIG",2,"slope + BB",-0.256064051070024,0.712352677734084,0.774092400101054
468,"Wild boar","PIG",2,"slope + BB",-0.246556589886905,0.706928877788442,0.781487136996955
469,"Wild boar","PIG",2,"slope + BB",-0.253659215353139,0.684998791764514,0.77595619328136
470,"Wild boar","PIG",2,"slope + BB",-0.259420237342443,0.68167107475575,0.771498745784937
471,"Wild boar","PIG",2,"slope + BB",-0.23790283943645,0.669283420925,0.788279282552202
472,"Wild boar","PIG",2,"slope + BB",-0.253094239707614,0.674574466778012,0.776394853656589
473,"Wild boar","PIG",2,"slope + BB",-0.249489967336706,0.651109952481539,0.779198100083148
474,"Wild boar","PIG",2,"slope + BB",-0.248702596641826,0.637555155049239,0.779811858511934
475,"Wild boar","PIG",2,"slope + BB",-0.244165638401008,0.632208825327753,0.783357871106707
476,"Wild boar","PIG",2,"slope + BB",-0.241657243556509,0.617524331642808,0.785325346238694
477,"Wild boar","PIG",2,"slope + BB",-0.237045196830305,0.610677247309151,0.788955629143974
478,"Wild boar","PIG",2,"slope + BB",-0.237923007723472,0.603291773257116,0.788263396682924
479,"Wild boar","PIG",2,"slope + BB",-0.238804312987979,0.597181923791315,0.787568986062443
480,"Wild boar","PIG",2,"slope + BB",-0.235283581317107,0.588802444237337,0.790346709031613
481,"Wild boar","PIG",2,"slope + BB",-0.232751951001522,0.568335746403082,0.792350095587346
482,"Wild boar","PIG",2,"slope + BB",-0.252649292544379,0.570371153608802,0.776740245074141
483,"Wild boar","PIG",2,"slope + BB",-0.259611184420147,0.57572977137712,0.771351457074294
484,"Wild boar","PIG",2,"slope + BB",-0.26500848148347,0.588625322047767,0.767199443219339
485,"Wild boar","PIG",2,"slope + BB",-0.282789078287261,0.588687676851429,0.753678738307789
486,"Wild boar","PIG",2,"slope + BB",-0.295501779187446,0.595669853026369,0.74415812318412
487,"Wild boar","PIG",2,"slope + BB",-0.31079465715734,0.577782403455233,0.732864348990035
488,"Wild boar","PIG",2,"slope + BB",-0.332597196878818,0.560405685406784,0.717058970561117
489,"Wild boar","PIG",2,"slope + BB",-0.314701938302914,0.578027776053028,0.730006428866119
490,"Wild boar","PIG",2,"slope + BB",-0.295024767365526,0.611003136121636,0.744513173331499
491,"Wild boar","PIG",2,"slope + BB",-0.300983668856048,0.652853500356603,0.740089859247867
492,"Wild boar","PIG",2,"slope + BB",-0.29728162571284,0.746842629420688,0.74283478978993
493,"Wild boar","PIG",2,"slope + BB",-0.265613255305855,0.94209342706255,0.766735660920393
494,"Wild boar","PIG",2,"slope + BB",-0.239105642627569,0.815119939360222,0.787331702833952
495,"Wild boar","PIG",2,"slope + BB",-0.270246416106941,0.760291957031248,0.763191437585404
496,"Wild boar","PIG",2,"slope + BB",-0.254721392675527,0.748233558318956,0.775132442793405
497,"Wild boar","PIG",2,"slope + BB",-0.24511549466626,0.720796059482574,0.782614147024524
498,"Wild boar","PIG",2,"slope + BB",-0.257067655220168,0.705034584802548,0.773315899816555
499,"Wild boar","PIG",2,"slope + BB",-0.252841274461599,0.684503189942182,0.776591147895951
500,"Wild boar","PIG",2,"slope + BB",-0.23413599945868,0.674685531143712,0.791254198545356
501,"Wild boar","PIG",2,"slope + BB",-0.231136277794659,0.658216677158791,0.793631304951294
502,"Wild boar","PIG",2,"slope + BB",-0.241620106112454,0.656029118203531,0.785354472945976
503,"Wild boar","PIG",2,"slope + BB",-0.233673821650428,0.64323078577638,0.791619983165656
504,"Wild boar","PIG",2,"slope + BB",-0.233275013481947,0.637960063255089,0.791935757315113
505,"Wild boar","PIG",2,"slope + BB",-0.232567642701928,0.630044428282045,0.792496141065608
506,"Wild boar","PIG",2,"slope + BB",-0.236178501328697,0.615472054877587,0.789639709720023
507,"Wild boar","PIG",2,"slope + BB",-0.233523549219754,0.610083835320021,0.791738953758204
508,"Wild boar","PIG",2,"slope + BB",-0.225598745574249,0.607239425641659,0.798038253853912
509,"Wild boar","PIG",2,"slope + BB",-0.227585779940028,0.599569481069311,0.796454101075633
510,"Wild boar","PIG",2,"slope + BB",-0.225508132279931,0.587535701910676,0.798110575862065
511,"Wild boar","PIG",2,"slope + BB",-0.222150763645266,0.56278759506023,0.800794624630339
512,"Wild boar","PIG",2,"slope + BB",-0.220292248648989,0.560452494998444,0.802284297509857
513,"Wild boar","PIG",2,"slope + BB",-0.237667142516552,0.585166028234486,0.78846510866973
514,"Wild boar","PIG",2,"slope + BB",-0.261630708270648,0.590943148293773,0.769795250917478
515,"Wild boar","PIG",2,"slope + BB",-0.260452514019274,0.588171794595127,0.770702753831541
516,"Wild boar","PIG",2,"slope + BB",-0.27847641030404,0.586683314857829,0.756936126165885
517,"Wild boar","PIG",2,"slope + BB",-0.284948524279609,0.571716845705264,0.75205296689694
518,"Wild boar","PIG",2,"slope + BB",-0.308476691212503,0.545118514228757,0.734565081170808
519,"Wild boar","PIG",2,"slope + BB",-0.324738020561745,0.557710592974552,0.722716665775545
520,"Wild boar","PIG",2,"slope + BB",-0.288859949195873,0.602667592976332,0.749117112531615
521,"Wild boar","PIG",2,"slope + BB",-0.26648820157854,0.645308424461078,0.766065042889595
522,"Wild boar","PIG",2,"slope + BB",-0.265608149614861,0.73965044702945,0.766739522430036
523,"Wild boar","PIG",2,"slope + BB",-0.251191505949434,0.902746844202682,0.777873390245371
524,"Wild boar","PIG",2,"slope + BB",-0.260287963038492,0.81506402180729,0.770829589038341
525,"Wild boar","PIG",2,"slope + BB",-0.260919051408417,0.767945082064193,0.770343289282184
526,"Wild boar","PIG",2,"slope + BB",-0.265620525702833,0.732944679498719,0.766730027464276
527,"Wild boar","PIG",2,"slope + BB",-0.253917968857693,0.709263958402794,0.775755467694364
528,"Wild boar","PIG",2,"slope + BB",-0.238282734735804,0.690987959329617,0.787979876770471
529,"Wild boar","PIG",2,"slope + BB",-0.236697581388852,0.685426290781157,0.789229947295176
530,"Wild boar","PIG",2,"slope + BB",-0.23622584816234,0.656350259445019,0.78960234437116
531,"Wild boar","PIG",2,"slope + BB",-0.218471480956743,0.650973385293028,0.803746484079525
532,"Wild boar","PIG",2,"slope + BB",-0.227724056807326,0.656157918905762,0.796343998566054
533,"Wild boar","PIG",2,"slope + BB",-0.225894380519137,0.649584410466434,0.797802364638136
534,"Wild boar","PIG",2,"slope + BB",-0.222535556062017,0.623303119785937,0.800486544118181
535,"Wild boar","PIG",2,"slope + BB",-0.21960472773634,0.615460323557785,0.802836074696282
536,"Wild boar","PIG",2,"slope + BB",-0.228346505137362,0.620525854983171,0.79584844829728
537,"Wild boar","PIG",2,"slope + BB",-0.214683971080408,0.6039088820301,0.806796371259543
538,"Wild boar","PIG",2,"slope + BB",-0.211662984287793,0.593414162743564,0.80923738226151
539,"Wild boar","PIG",2,"slope + BB",-0.226542603384168,0.59404622143097,0.797285375002128
540,"Wild boar","PIG",2,"slope + BB",-0.224609030217543,0.590752328754067,0.798828476185504
541,"Wild boar","PIG",2,"slope + BB",-0.199340314293157,0.582534157697154,0.819271036401764
542,"Wild boar","PIG",2,"slope + BB",-0.222200685870712,0.583989968873797,0.800754648242061
543,"Wild boar","PIG",2,"slope + BB",-0.212972564628159,0.583119387622205,0.80817830970544
544,"Wild boar","PIG",2,"slope + BB",-0.241519661549607,0.583751346767539,0.785433360813616
545,"Wild boar","PIG",2,"slope + BB",-0.237846903909732,0.587080318844569,0.788323371224849
546,"Wild boar","PIG",2,"slope + BB",-0.243525741297009,0.583505494675719,0.783859298254396
547,"Wild boar","PIG",2,"slope + BB",-0.245910307970046,0.577430692162084,0.781992360275511
548,"Wild boar","PIG",2,"slope + BB",-0.275787439711096,0.576008836227421,0.758974245036017
549,"Wild boar","PIG",2,"slope + BB",-0.262495881064804,0.57618066074343,0.769129532367906
550,"Wild boar","PIG",2,"slope + BB",-0.260439421722389,0.608030821944528,0.770712849281487
551,"Wild boar","PIG",2,"slope + BB",-0.249488332151213,0.627350975677565,0.779199376579351
552,"Wild boar","PIG",2,"slope + BB",-0.248301965801726,0.727241406940652,0.780124337747339
553,"Wild boar","PIG",2,"slope + BB",-0.236641794796842,0.939048930030002,0.789273961081431
554,"Wild boar","PIG",2,"slope + BB",-0.248525565848778,0.828129688865947,0.779949937177604
555,"Wild boar","PIG",2,"slope + BB",-0.252985937835792,0.774196085851722,0.776478802221866
556,"Wild boar","PIG",2,"slope + BB",-0.238616606080546,0.734717224691583,0.787716832910198
557,"Wild boar","PIG",2,"slope + BB",-0.24925394105008,0.704882716109575,0.779382115153937
558,"Wild boar","PIG",2,"slope + BB",-0.234292132227243,0.697903388624766,0.791130667401897
559,"Wild boar","PIG",2,"slope + BB",-0.236635574506335,0.683822960112293,0.789278872095746
560,"Wild boar","PIG",2,"slope + BB",-0.2307669629216,0.674820181398345,0.793924461957194
561,"Wild boar","PIG",2,"slope + BB",-0.218517317526932,0.662580621641949,0.80370956136995
562,"Wild boar","PIG",2,"slope + BB",-0.221476037858073,0.646260290815151,0.8013352395101
563,"Wild boar","PIG",2,"slope + BB",-0.22492708670262,0.636434325431599,0.798574444441014
564,"Wild boar","PIG",2,"slope + BB",-0.206013357771582,0.622779492959972,0.813822205444346
565,"Wild boar","PIG",2,"slope + BB",-0.205971477395352,0.617239694447948,0.813856289278661
566,"Wild boar","PIG",2,"slope + BB",-0.224851573300539,0.614495122523467,0.798634758345324
567,"Wild boar","PIG",2,"slope + BB",-0.209166445107001,0.605134766794673,0.811260195445
568,"Wild boar","PIG",2,"slope + BB",-0.197241642635974,0.597133834187721,0.820992222883103
569,"Wild boar","PIG",2,"slope + BB",-0.196845384720002,0.593823993445356,0.821317626643432
570,"Wild boar","PIG",2,"slope + BB",-0.192258391134203,0.581541910623749,0.825093651672026
571,"Wild boar","PIG",2,"slope + BB",-0.189550770604189,0.588657788752543,0.827330719874384
572,"Wild boar","PIG",2,"slope + BB",-0.201307757194039,0.595474574950573,0.817660773184044
573,"Wild boar","PIG",2,"slope + BB",-0.211046932404366,0.588884651229058,0.809736067605866
574,"Wild boar","PIG",2,"slope + BB",-0.210854562973952,0.584511331256295,0.809891860636003
575,"Wild boar","PIG",2,"slope + BB",-0.222158758957289,0.582904110828433,0.800788221999209
576,"Wild boar","PIG",2,"slope + BB",-0.224827156225428,0.576069827512228,0.79865424936847
577,"Wild boar","PIG",2,"slope + BB",-0.229095210471774,0.576465449119292,0.795252813547221
578,"Wild boar","PIG",2,"slope + BB",-0.237706382485065,0.579546123700131,0.788434160253292
579,"Wild boar","PIG",2,"slope + BB",-0.218319351390174,0.594096054578778,0.803868687832718
580,"Wild boar","PIG",2,"slope + BB",-0.213565307100548,0.596195261791974,0.807699416222044
581,"Wild boar","PIG",2,"slope + BB",-0.206494227704663,0.620943276940631,0.813430956835522
582,"Wild boar","PIG",2,"slope + BB",-0.21000340470344,0.663186975663311,0.810581486184412
583,"Wild boar","PIG",2,"slope + BB",-0.236772501704247,0.873170579430173,0.789170803822085
584,"Wild boar","PIG",2,"slope + BB",-0.226913404463064,0.786619516008372,0.796989796110139
585,"Wild boar","PIG",2,"slope + BB",-0.234860340894093,0.726163995412909,0.790681267867296
586,"Wild boar","PIG",2,"slope + BB",-0.233261387808702,0.711680138420829,0.791946555930492
587,"Wild boar","PIG",2,"slope + BB",-0.229563161697188,0.690137343507497,0.794880770803104
588,"Wild boar","PIG",2,"slope + BB",-0.224422065692328,0.686390379029379,0.798977843639334
589,"Wild boar","PIG",2,"slope + BB",-0.224203116772575,0.668022088412151,0.799152811611376
590,"Wild boar","PIG",2,"slope + BB",-0.220019499852918,0.660086804637014,0.802503154396911
591,"Wild boar","PIG",2,"slope + BB",-0.220708726961398,0.640201556323357,0.801950234558954
592,"Wild boar","PIG",2,"slope + BB",-0.21416627270218,0.628078674730438,0.80721416029535
593,"Wild boar","PIG",2,"slope + BB",-0.2057324541673,0.617826859745713,0.814050843848311
594,"Wild boar","PIG",2,"slope + BB",-0.200055982565673,0.616446609658284,0.818684938038126
595,"Wild boar","PIG",2,"slope + BB",-0.205319389413143,0.615316261897059,0.814387193886667
596,"Wild boar","PIG",2,"slope + BB",-0.192418176077806,0.595375140206999,0.824961830870318
597,"Wild boar","PIG",2,"slope + BB",-0.190305452950342,0.596572891519333,0.826706580270506
598,"Wild boar","PIG",2,"slope + BB",-0.179554664691298,0.589083521705943,0.835642287757329
599,"Wild boar","PIG",2,"slope + BB",-0.181261101562308,0.586432803897144,0.834217515028229
600,"Wild boar","PIG",2,"slope + BB",-0.183075173813865,0.590930222962969,0.832705555960949
601,"Wild boar","PIG",2,"slope + BB",-0.180947176327333,0.589227609110297,0.834479440487876
602,"Wild boar","PIG",2,"slope + BB",-0.173228767607385,0.586707814720008,0.84094521234636
603,"Wild boar","PIG",2,"slope + BB",-0.184002280968086,0.577887674615691,0.831933906343574
604,"Wild boar","PIG",2,"slope + BB",-0.198662603274811,0.582442508666326,0.81982645344191
605,"Wild boar","PIG",2,"slope + BB",-0.219084699533242,0.573468179390824,0.803253684129155
606,"Wild boar","PIG",2,"slope + BB",-0.219464130087786,0.574191579290353,0.802948958944983
607,"Wild boar","PIG",2,"slope + BB",-0.212436325801191,0.57499870597858,0.808611835811635
608,"Wild boar","PIG",2,"slope + BB",-0.197197048245528,0.577908095103122,0.821028843084138
609,"Wild boar","PIG",2,"slope + BB",-0.19474305573202,0.602868178657319,0.823046122246333
610,"Wild boar","PIG",2,"slope + BB",-0.184708461046709,0.600911841067546,0.831346620310866
611,"Wild boar","PIG",2,"slope + BB",-0.16954962262322,0.638680944017217,0.844044954325481
612,"Wild boar","PIG",2,"slope + BB",-0.13487400469275,0.686207521434409,0.873826015900929
613,"Wild boar","PIG",2,"slope + BB",-0.0956932569729621,0.754228974499907,0.908742738812035
614,"Wild boar","PIG",2,"slope + BB",-0.0776523019057917,0.781608133865103,0.925286097966214
615,"Wild boar","PIG",2,"slope + BB",-0.0648956089037248,0.797261575968102,0.937165308320928
616,"Wild boar","PIG",2,"slope + BB",-0.0539966471289038,0.85215438117832,0.947435283393134
617,"Wild boar","PIG",2,"slope + BB",-0.221226131723102,0.781451535916645,0.801535407457142
618,"Wild boar","PIG",2,"slope + BB",-0.221737531301569,0.729089399240082,0.801125619906332
619,"Wild boar","PIG",2,"slope + BB",-0.216026688855503,0.705656157820348,0.80571380749703
620,"Wild boar","PIG",2,"slope + BB",-0.224761373362024,0.681891430721648,0.798706789098277
621,"Wild boar","PIG",2,"slope + BB",-0.204656305250647,0.66727972862656,0.814927381807827
622,"Wild boar","PIG",2,"slope + BB",-0.216521428030897,0.673780743518139,0.805315281716541
623,"Wild boar","PIG",2,"slope + BB",-0.206007643417867,0.658833261553525,0.813826858513617
624,"Wild boar","PIG",2,"slope + BB",-0.216397752221563,0.641385626970983,0.805414886223517
625,"Wild boar","PIG",2,"slope + BB",-0.210767013003245,0.644600014447673,0.809962770981489
626,"Wild boar","PIG",2,"slope + BB",-0.212098764217009,0.624755929215405,0.808884808027579
627,"Wild boar","PIG",2,"slope + BB",-0.203893582064605,0.617863784643942,0.815549159176616
628,"Wild boar","PIG",2,"slope + BB",-0.200902426364991,0.608652684660167,0.817992271167624
629,"Wild boar","PIG",2,"slope + BB",-0.19246358015951,0.597195780069099,0.824924382561395
630,"Wild boar","PIG",2,"slope + BB",-0.179012209645859,0.597411859455512,0.836095692889008
631,"Wild boar","PIG",2,"slope + BB",-0.168238371789141,0.582013170089922,0.845152355011302
632,"Wild boar","PIG",2,"slope + BB",-0.156404958144345,0.584161147834986,0.855212798679835
633,"Wild boar","PIG",2,"slope + BB",-0.148612361882797,0.584536510150453,0.861903159509777
634,"Wild boar","PIG",2,"slope + BB",-0.142750752932551,0.584292961095805,0.866970134078682
635,"Wild boar","PIG",2,"slope + BB",-0.157609363708111,0.58745633132938,0.854183392065429
636,"Wild boar","PIG",2,"slope + BB",-0.168631085953251,0.584335779299674,0.844820525754138
637,"Wild boar","PIG",2,"slope + BB",-0.188073813822492,0.576312238623615,0.828553546637597
638,"Wild boar","PIG",2,"slope + BB",-0.191951264398131,0.573315909183055,0.825347094497751
639,"Wild boar","PIG",2,"slope + BB",-0.197833721259885,0.561395578664595,0.820506274552555
640,"Wild boar","PIG",2,"slope + BB",-0.183275195476264,0.564996663097367,0.832539015492873
641,"Wild boar","PIG",2,"slope + BB",-0.185678925959004,0.576439428721319,0.830540220404414
642,"Wild boar","PIG",2,"slope + BB",-0.161814335233773,0.593649528644324,0.850599116208069
643,"Wild boar","PIG",2,"slope + BB",-0.153156964028464,0.59910363227873,0.857995037009888
644,"Wild boar","PIG",2,"slope + BB",-0.145158204745645,0.615391789852473,0.864885456660238
645,"Wild boar","PIG",2,"slope + BB",-0.123813974134489,0.62998654647259,0.883544204589785
646,"Wild boar","PIG",2,"slope + BB",-0.0984181344125634,0.646784858728517,0.906269882132266
647,"Wild boar","PIG",2,"slope + BB",-0.0717886862158172,0.673851764391025,0.93072756747328
648,"Wild boar","PIG",2,"slope + BB",-0.0490861213652083,0.695987409399425,0.952099131102371
649,"Wild boar","PIG",2,"slope + BB",-0.04148769180741,0.739238407968286,0.959361143949823
650,"Wild boar","PIG",2,"slope + BB",-0.038640758573759,0.763965840333865,0.962096286472963
651,"Wild boar","PIG",2,"slope + BB",-0.0336867514284381,0.819578053469341,0.96687434260593
652,"Wild boar","PIG",2,"slope + BB",-0.00617629130435785,0.847664934761744,0.993842742789042
653,"Wild boar","PIG",2,"slope + BB",-0.0309846755441493,0.885336646609961,0.96949043006516
654,"Wild boar","PIG",2,"slope + BB",-0.019712223606515,1.03667224263444,0.980480811896264
655,"Wild boar","PIG",2,"slope + BB",-0.213226241384695,0.807860245323397,0.807973319536287
656,"Wild boar","PIG",2,"slope + BB",-0.21358362891926,0.726580354280539,0.807684611751091
657,"Wild boar","PIG",2,"slope + BB",-0.195963591221005,0.697333077957867,0.822042163705488
658,"Wild boar","PIG",2,"slope + BB",-0.194612349629333,0.679331518332703,0.823153698976232
659,"Wild boar","PIG",2,"slope + BB",-0.221089398076713,0.665890154945048,0.801645011696288
660,"Wild boar","PIG",2,"slope + BB",-0.199822844953096,0.66317831032775,0.818875818409089
661,"Wild boar","PIG",2,"slope + BB",-0.212083921537033,0.642075578806906,0.808896810889684
662,"Wild boar","PIG",2,"slope + BB",-0.197730659804246,0.633145812919061,0.820590850686327
663,"Wild boar","PIG",2,"slope + BB",-0.204344438705855,0.62634834757452,0.815181549995057
664,"Wild boar","PIG",2,"slope + BB",-0.209944499909448,0.62073465831443,0.810629264525999
665,"Wild boar","PIG",2,"slope + BB",-0.204192067764308,0.60863360409795,0.815305768445508
666,"Wild boar","PIG",2,"slope + BB",-0.205838453411131,0.603742423209915,0.813964564829565
667,"Wild boar","PIG",2,"slope + BB",-0.194842478822789,0.591196347748346,0.822964290156288
668,"Wild boar","PIG",2,"slope + BB",-0.179344871435003,0.597262139165785,0.835817600094289
669,"Wild boar","PIG",2,"slope + BB",-0.160452939935997,0.586741111137407,0.851757926166571
670,"Wild boar","PIG",2,"slope + BB",-0.133033840793284,0.589091022671949,0.875435476478291
671,"Wild boar","PIG",2,"slope + BB",-0.0886103976267404,0.583768691787727,0.915202099055953
672,"Wild boar","PIG",2,"slope + BB",-0.126138707915795,0.582174200143769,0.881492568422941
673,"Wild boar","PIG",2,"slope + BB",-0.133968567459931,0.579224139826138,0.874617566984853
674,"Wild boar","PIG",2,"slope + BB",-0.14849702126336,0.569881156997336,0.862002575062793
675,"Wild boar","PIG",2,"slope + BB",-0.174806642323017,0.566413697422393,0.839619352356649
676,"Wild boar","PIG",2,"slope + BB",-0.162203789979215,0.565285135012052,0.850267911066144
677,"Wild boar","PIG",2,"slope + BB",-0.171315879803879,0.533186850234207,0.842555392125772
678,"Wild boar","PIG",2,"slope + BB",-0.162184750665595,0.549247255640691,0.85028410014827
679,"Wild boar","PIG",2,"slope + BB",-0.15797100123986,0.575682151052702,0.853874545542617
680,"Wild boar","PIG",2,"slope + BB",-0.143955789770951,0.591114334863317,0.865926030026851
681,"Wild boar","PIG",2,"slope + BB",-0.108455951768453,0.59533423190582,0.897218426089521
682,"Wild boar","PIG",2,"slope + BB",-0.118060197179796,0.603778769767722,0.888642562842312
683,"Wild boar","PIG",2,"slope + BB",-0.107942515193244,0.606465616120606,0.897679198113087
684,"Wild boar","PIG",2,"slope + BB",-0.0909869679905204,0.633462500739817,0.913029609456056
685,"Wild boar","PIG",2,"slope + BB",-0.0677760256070069,0.650849062061771,0.934469747917425
686,"Wild boar","PIG",2,"slope + BB",-0.0574168581054164,0.665891554459279,0.944200394270458
687,"Wild boar","PIG",2,"slope + BB",-0.0348242297346552,0.681095800870684,0.96577517545161
688,"Wild boar","PIG",2,"slope + BB",-0.0412641402163865,0.710297782935426,0.959575634033555
689,"Wild boar","PIG",2,"slope + BB",-0.0267720573417779,0.730127470908605,0.973583137392161
690,"Wild boar","PIG",2,"slope + BB",-0.0318597529180628,0.750315429539478,0.968642423294115
691,"Wild boar","PIG",2,"slope + BB",-0.00834522690331766,0.795597529197006,0.991689498574417
692,"Wild boar","PIG",2,"slope + BB",-0.0183795172892462,0.8725201276258,0.981788368098519
693,"Wild boar","PIG",2,"slope + BB",-0.222078697940823,0.819111171007791,0.800852342304251
694,"Wild boar","PIG",2,"slope + BB",-0.203860797451405,0.731904071166535,0.815575899463906
695,"Wild boar","PIG",2,"slope + BB",-0.200358515727806,0.689003810205766,0.818437282550028
696,"Wild boar","PIG",2,"slope + BB",-0.192042987425321,0.684073547879392,0.825271396695573
697,"Wild boar","PIG",2,"slope + BB",-0.208107625473038,0.65901197230945,0.812119629731617
698,"Wild boar","PIG",2,"slope + BB",-0.195650936186265,0.651276033010619,0.822299219697292
699,"Wild boar","PIG",2,"slope + BB",-0.221124068884396,0.64207149486128,0.801617237893735
700,"Wild boar","PIG",2,"slope + BB",-0.213648625627676,0.625394671283379,0.807632116563537
701,"Wild boar","PIG",2,"slope + BB",-0.215532316579429,0.636404714175589,0.806112220366292
702,"Wild boar","PIG",2,"slope + BB",-0.200786716036946,0.620036203693157,0.818086897846838
703,"Wild boar","PIG",2,"slope + BB",-0.204853261736011,0.606147306643569,0.814766869975364
704,"Wild boar","PIG",2,"slope + BB",-0.20960076101509,0.602685840705411,0.810907994007157
705,"Wild boar","PIG",2,"slope + BB",-0.18919532404032,0.590367007087617,0.827624838103604
706,"Wild boar","PIG",2,"slope + BB",-0.182806595203388,0.599877139233262,0.832929237485497
707,"Wild boar","PIG",2,"slope + BB",-0.163013250280761,0.583746349846584,0.849579934464089
708,"Wild boar","PIG",2,"slope + BB",-0.138809281337185,0.580332381150005,0.870394061149567
709,"Wild boar","PIG",2,"slope + BB",-0.0583592556514173,0.582067574533439,0.943310996893106
710,"Wild boar","PIG",2,"slope + BB",-0.115623991422782,0.577593392225379,0.890810112637028
711,"Wild boar","PIG",2,"slope + BB",-0.136781761045336,0.575319956062237,0.872160548120875
712,"Wild boar","PIG",2,"slope + BB",-0.145344797380776,0.574199586701709,0.864724087460543
713,"Wild boar","PIG",2,"slope + BB",-0.156665855737219,0.562994425511727,0.854989700997794
714,"Wild boar","PIG",2,"slope + BB",-0.148659110817405,0.562547184097604,0.861862877685667
715,"Wild boar","PIG",2,"slope + BB",-0.155347477280455,0.5389411592586,0.856117676270787
716,"Wild boar","PIG",2,"slope + BB",-0.143333073751482,0.541241200708412,0.866465424033531
717,"Wild boar","PIG",2,"slope + BB",-0.147014105623435,0.562270142404995,0.863281801329925
718,"Wild boar","PIG",2,"slope + BB",-0.120987084890526,0.582015716967096,0.886045437600583
719,"Wild boar","PIG",2,"slope + BB",-0.113549114275408,0.580215623053166,0.892660365521869
720,"Wild boar","PIG",2,"slope + BB",-0.0985389270803595,0.587501456009842,0.906160463973916
721,"Wild boar","PIG",2,"slope + BB",-0.0948979652798228,0.610227546466381,0.90946586714671
722,"Wild boar","PIG",2,"slope + BB",-0.0777217500966463,0.614904171777088,0.925221891225099
723,"Wild boar","PIG",2,"slope + BB",-0.0646713652956888,0.63198608738116,0.937375488211133
724,"Wild boar","PIG",2,"slope + BB",-0.0435139532941209,0.647142525870946,0.957419200316342
725,"Wild boar","PIG",2,"slope + BB",-0.043525415983385,0.669129081071113,0.957408221674687
726,"Wild boar","PIG",2,"slope + BB",-0.0276934404306244,0.687543960641841,0.972686624626464
727,"Wild boar","PIG",2,"slope + BB",-0.0173202789443664,0.706747933201394,0.982828854833469
728,"Wild boar","PIG",2,"slope + BB",-0.0147845105939078,0.716112236442443,0.985324305954823
729,"Wild boar","PIG",2,"slope + BB",-0.00632618762856364,0.736671975827335,0.993693782228552
730,"Wild boar","PIG",2,"slope + BB",-0.00354078421081361,0.770984007911312,0.996465505759042
731,"Wild boar","PIG",2,"slope + BB",-0.197912607919218,0.826671359558522,0.820441551063853
732,"Wild boar","PIG",2,"slope + BB",-0.193345354625197,0.734995551431914,0.824197474295717
733,"Wild boar","PIG",2,"slope + BB",-0.195017772082781,0.696525115395304,0.822820038968165
734,"Wild boar","PIG",2,"slope + BB",-0.19799074174171,0.677145113693703,0.82037744885957
735,"Wild boar","PIG",2,"slope + BB",-0.201349175885912,0.665362622248792,0.817626886163128
736,"Wild boar","PIG",2,"slope + BB",-0.201848168288704,0.655866338693599,0.817219080637678
737,"Wild boar","PIG",2,"slope + BB",-0.207214844442391,0.633742224877238,0.812844997839042
738,"Wild boar","PIG",2,"slope + BB",-0.19284726342482,0.633207461886258,0.824607918705552
739,"Wild boar","PIG",2,"slope + BB",-0.206571450500887,0.617220451180949,0.81336814443375
740,"Wild boar","PIG",2,"slope + BB",-0.199517414327892,0.60996199457196,0.81912595875303
741,"Wild boar","PIG",2,"slope + BB",-0.200477795120887,0.607260279888572,0.818339663005839
742,"Wild boar","PIG",2,"slope + BB",-0.205811699548762,0.596367521612908,0.813986336522875
743,"Wild boar","PIG",2,"slope + BB",-0.194336695070324,0.601820330287147,0.823380631257324
744,"Wild boar","PIG",2,"slope + BB",-0.194944437627449,0.587506598214185,0.822880394345474
745,"Wild boar","PIG",2,"slope + BB",-0.187731358124029,0.58685946146921,0.828837354817355
746,"Wild boar","PIG",2,"slope + BB",-0.120852761974686,0.572753098538613,0.886164428072956
747,"Wild boar","PIG",2,"slope + BB",-0.126227242857888,0.590055741689485,0.881414531132363
748,"Wild boar","PIG",2,"slope + BB",-0.123078779255885,0.576642867180409,0.884194005197955
749,"Wild boar","PIG",2,"slope + BB",-0.140477627618356,0.568105012241854,0.868943117944654
750,"Wild boar","PIG",2,"slope + BB",-0.143423275053078,0.574876679757169,0.866387275852092
751,"Wild boar","PIG",2,"slope + BB",-0.145794867355627,0.56963637492263,0.86433498851843
752,"Wild boar","PIG",2,"slope + BB",-0.148103891996173,0.559557512043443,0.862341520007434
753,"Wild boar","PIG",2,"slope + BB",-0.132931110725003,0.556024848805201,0.875525429968783
754,"Wild boar","PIG",2,"slope + BB",-0.123285427659981,0.563106774577289,0.884011313287696
755,"Wild boar","PIG",2,"slope + BB",-0.10978257033441,0.560107257085871,0.896028977476012
756,"Wild boar","PIG",2,"slope + BB",-0.0990708858283423,0.579586157094435,0.905678506429851
757,"Wild boar","PIG",2,"slope + BB",-0.0844354653864093,0.581859033107849,0.919030963804694
758,"Wild boar","PIG",2,"slope + BB",-0.0703687651242973,0.59327782054609,0.932050080105754
759,"Wild boar","PIG",2,"slope + BB",-0.0745864933612987,0.595306073022996,0.928127193972219
760,"Wild boar","PIG",2,"slope + BB",-0.0638484164367051,0.612262792289737,0.938147197438399
761,"Wild boar","PIG",2,"slope + BB",-0.059621961957489,0.624050131470055,0.942120656388002
762,"Wild boar","PIG",2,"slope + BB",-0.0311773482088438,0.632152299551249,0.969303653588756
763,"Wild boar","PIG",2,"slope + BB",-0.0210376055828996,0.646095661088612,0.979182144947837
764,"Wild boar","PIG",2,"slope + BB",-0.0290194772362801,0.670329167815138,0.971397544172687
765,"Wild boar","PIG",2,"slope + BB",-0.000882152959389809,0.683612886146286,0.999118236046104
766,"Wild boar","PIG",2,"slope + BB",0.00922788109846352,0.694660614270225,1.00927065307903
767,"Wild boar","PIG",2,"slope + BB",0.0170322944520132,0.708816305329271,1.01717822739386
768,"Wild boar","PIG",2,"slope + BB",0.0137261324813094,0.720479043948305,1.01382077822134
769,"Wild boar","PIG",2,"slope + BB",0.00990037361520902,0.761575692265455,1.00994955803584
770,"Wild boar","PIG",2,"slope + BB",0.0213917837032657,0.801835130672471,1.02162224453161
771,"Wild boar","PIG",2,"slope + BB",0.0335475746376532,0.845781057858402,1.03411667785006
772,"Wild boar","PIG",2,"slope + BB",0.0308728785038243,0.870492074119125,1.03135439824992
773,"Wild boar","PIG",2,"slope + BB",-0.000998220555353459,0.896724133968368,0.999002281915822
774,"Wild boar","PIG",2,"slope + BB",0.0106247665317541,0.960233639561764,1.01068141475094
775,"Wild boar","PIG",2,"slope + BB",0.0125545929611931,1.07859446758105,1.01263373372181
776,"Wild boar","PIG",2,"slope + BB",-0.175873893341967,0.837767292696502,0.838723749199569
777,"Wild boar","PIG",2,"slope + BB",-0.176657898060331,0.743875468494513,0.83806651230496
778,"Wild boar","PIG",2,"slope + BB",-0.186318180404005,0.707360351755655,0.830009460245116
779,"Wild boar","PIG",2,"slope + BB",-0.17983804866931,0.674924502336052,0.835405498815201
780,"Wild boar","PIG",2,"slope + BB",-0.205655421453191,0.671814910578888,0.814113554102393
781,"Wild boar","PIG",2,"slope + BB",-0.200567610693807,0.663764453476455,0.818266191154069
782,"Wild boar","PIG",2,"slope + BB",-0.195273265357421,0.646851311997301,0.822609839432952
783,"Wild boar","PIG",2,"slope + BB",-0.207465665849796,0.631134427544209,0.812641145600461
784,"Wild boar","PIG",2,"slope + BB",-0.198504847438373,0.609221020805785,0.819955796063551
785,"Wild boar","PIG",2,"slope + BB",-0.199166727040637,0.60914354740316,0.819413277394764
786,"Wild boar","PIG",2,"slope + BB",-0.206083697412782,0.598147652593376,0.813764964848047
787,"Wild boar","PIG",2,"slope + BB",-0.204812757080041,0.602590664700424,0.814799870638591
788,"Wild boar","PIG",2,"slope + BB",-0.200853507904336,0.595754700999658,0.818032269308961
789,"Wild boar","PIG",2,"slope + BB",-0.19666440391804,0.59323298188565,0.821466268349888
790,"Wild boar","PIG",2,"slope + BB",-0.183931728193486,0.585887202956928,0.831992603526551
791,"Wild boar","PIG",2,"slope + BB",-0.186465714577462,0.578437283166637,0.829887017525981
792,"Wild boar","PIG",2,"slope + BB",-0.148088910955576,0.576676024207873,0.862354461041591
793,"Wild boar","PIG",2,"slope + BB",-0.161624914779346,0.575974738249318,0.850760253336724
794,"Wild boar","PIG",2,"slope + BB",-0.152626575895478,0.566970833054599,0.858450231542387
795,"Wild boar","PIG",2,"slope + BB",-0.150604355494291,0.567115955753742,0.860187963437699
796,"Wild boar","PIG",2,"slope + BB",-0.125923399380024,0.562652897292522,0.881682383263401
797,"Wild boar","PIG",2,"slope + BB",-0.126141154283683,0.565892173542455,0.881490411865363
798,"Wild boar","PIG",2,"slope + BB",-0.116202053261917,0.555628077765788,0.890295318932986
799,"Wild boar","PIG",2,"slope + BB",-0.0931859572066675,0.55867244654111,0.911024074537228
800,"Wild boar","PIG",2,"slope + BB",-0.0835625296064583,0.561762005597667,0.919833568236313
801,"Wild boar","PIG",2,"slope + BB",-0.0637103762238755,0.565395169502272,0.938276745775007
802,"Wild boar","PIG",2,"slope + BB",-0.0719323545518169,0.567810393197117,0.930593849631107
803,"Wild boar","PIG",2,"slope + BB",-0.0700497898691278,0.579652129643295,0.932347397834666
804,"Wild boar","PIG",2,"slope + BB",-0.0586652394987134,0.603712147349341,0.943022405214331
805,"Wild boar","PIG",2,"slope + BB",-0.0531218477903232,0.613200430550338,0.948264472806085
806,"Wild boar","PIG",2,"slope + BB",-0.041020307729156,0.617685197505407,0.959809643181649
807,"Wild boar","PIG",2,"slope + BB",-0.0211498624578902,0.629786329908619,0.979072233600836
808,"Wild boar","PIG",2,"slope + BB",-0.0234272445325934,0.649110592471045,0.976845045540786
809,"Wild boar","PIG",2,"slope + BB",-0.00668369882266211,0.659600167860816,0.993338589216649
810,"Wild boar","PIG",2,"slope + BB",0.0028094868110718,0.674987471846403,1.0028134537617
811,"Wild boar","PIG",2,"slope + BB",-0.000944564616904983,0.681798446104193,0.999055884288278
812,"Wild boar","PIG",2,"slope + BB",0.021890099116034,0.683298208367526,1.02213144517704
813,"Wild boar","PIG",2,"slope + BB",0.021676688080048,0.694659603128137,1.02191335574045
814,"Wild boar","PIG",2,"slope + BB",0.0243145289688838,0.707795424323932,1.02461253758482
815,"Wild boar","PIG",2,"slope + BB",0.0230938960829523,0.723961436531513,1.0233626273823
816,"Wild boar","PIG",2,"slope + BB",0.0334219437672591,0.752265980984827,1.03398673204455
817,"Wild boar","PIG",2,"slope + BB",0.0202742414171907,0.788265273253252,1.02048116506503
818,"Wild boar","PIG",2,"slope + BB",0.0282469756661206,0.825267000613527,1.02864971216442
819,"Wild boar","PIG",2,"slope + BB",0.0262390305519375,0.886922604795978,1.02658631683029
820,"Wild boar","PIG",2,"slope + BB",0.0295603420202651,1.0049557698859,1.03000158956212
821,"Wild boar","PIG",2,"slope + BB",-0.170893711104702,0.873089932361819,0.842911160821967
822,"Wild boar","PIG",2,"slope + BB",-0.1718508415758,0.760266093720215,0.842104812643493
823,"Wild boar","PIG",2,"slope + BB",-0.190066050687244,0.713620910856583,0.826904536421424
824,"Wild boar","PIG",2,"slope + BB",-0.187157198101846,0.680946494122623,0.829313365660731
825,"Wild boar","PIG",2,"slope + BB",-0.198053371319641,0.672349059285895,0.82032607138066
826,"Wild boar","PIG",2,"slope + BB",-0.194753381887578,0.655558813512403,0.823037609031659
827,"Wild boar","PIG",2,"slope + BB",-0.191315239764254,0.641868076993365,0.825872199719746
828,"Wild boar","PIG",2,"slope + BB",-0.203336471140459,0.618476711233999,0.816003633709058
829,"Wild boar","PIG",2,"slope + BB",-0.195715310093552,0.612980139509002,0.82224628818872
830,"Wild boar","PIG",2,"slope + BB",-0.205416805759943,0.613220122872571,0.814307846493512
831,"Wild boar","PIG",2,"slope + BB",-0.189954215881059,0.603593755719933,0.826996996550394
832,"Wild boar","PIG",2,"slope + BB",-0.200246925964115,0.607558076938326,0.818528615052013
833,"Wild boar","PIG",2,"slope + BB",-0.211168665458553,0.58985545121914,0.809637498733239
834,"Wild boar","PIG",2,"slope + BB",-0.201161625780138,0.583715288336033,0.817780250438173
835,"Wild boar","PIG",2,"slope + BB",-0.202900129662828,0.579575754566561,0.816359768755346
836,"Wild boar","PIG",2,"slope + BB",-0.193025961841622,0.575739107593221,0.824460572204544
837,"Wild boar","PIG",2,"slope + BB",-0.197307769032344,0.574370612020929,0.820937935357967
838,"Wild boar","PIG",2,"slope + BB",-0.175255818374075,0.56565347788409,0.839242302379357
839,"Wild boar","PIG",2,"slope + BB",-0.168485508928859,0.564105032660485,0.844943510506292
840,"Wild boar","PIG",2,"slope + BB",-0.158560254552454,0.567387336272474,0.853371554008473
841,"Wild boar","PIG",2,"slope + BB",-0.139581739364801,0.560592592287911,0.869721944314395
842,"Wild boar","PIG",2,"slope + BB",-0.124879295485093,0.558865672317755,0.882603477357027
843,"Wild boar","PIG",2,"slope + BB",-0.102778031756528,0.552463782803716,0.902327257297459
844,"Wild boar","PIG",2,"slope + BB",-0.0778920705377575,0.55867603691711,0.925064264004621
845,"Wild boar","PIG",2,"slope + BB",-0.0666505432292222,0.554499946424853,0.935522068931486
846,"Wild boar","PIG",2,"slope + BB",-0.0583557507689436,0.55830079161071,0.943314305360771
847,"Wild boar","PIG",2,"slope + BB",-0.050989587411959,0.576215968330593,0.950288566402341
848,"Wild boar","PIG",2,"slope + BB",-0.0467357881486729,0.570782716114518,0.954339512131424
849,"Wild boar","PIG",2,"slope + BB",-0.0376654665135586,0.602189102751569,0.963035092802409
850,"Wild boar","PIG",2,"slope + BB",-0.0220186863258402,0.606552713579728,0.978221957472213
851,"Wild boar","PIG",2,"slope + BB",-0.0261628323459825,0.620277462793787,0.974176453177175
852,"Wild boar","PIG",2,"slope + BB",-0.0216093748214952,0.620412906800016,0.978622434980474
853,"Wild boar","PIG",2,"slope + BB",-0.00272257118138139,0.643096250381286,0.997281131679572
854,"Wild boar","PIG",2,"slope + BB",-0.0064146498397216,0.653680010742481,0.993605936119169
855,"Wild boar","PIG",2,"slope + BB",-0.0019802364946617,0.656125597440185,0.998021732814335
856,"Wild boar","PIG",2,"slope + BB",0.0127984118150612,0.658263263207262,1.01288066394677
857,"Wild boar","PIG",2,"slope + BB",0.0159492619694191,0.666257707431403,1.01607713244785
858,"Wild boar","PIG",2,"slope + BB",0.0301109899917198,0.675203602282333,1.03056891891206
859,"Wild boar","PIG",2,"slope + BB",0.0230030637339153,0.691736682089897,1.02326968542635
860,"Wild boar","PIG",2,"slope + BB",0.0275404123891233,0.702619309380244,1.0279231854923
861,"Wild boar","PIG",2,"slope + BB",0.0263255213569942,0.729055889920395,1.02667509878417
862,"Wild boar","PIG",2,"slope + BB",0.0365999684461136,0.748345645108392,1.03727799814829
863,"Wild boar","PIG",2,"slope + BB",0.0298806289100218,0.772546376383207,1.03033155270006
864,"Wild boar","PIG",2,"slope + BB",0.0277481481008332,0.822583895320267,1.02813671408102
865,"Wild boar","PIG",2,"slope + BB",-0.178589293482165,0.781530689592157,0.836449372619006
866,"Wild boar","PIG",2,"slope + BB",-0.187634585229221,0.714728404555462,0.82891783405038
867,"Wild boar","PIG",2,"slope + BB",-0.186167088813745,0.693745484269753,0.830134878019753
868,"Wild boar","PIG",2,"slope + BB",-0.196821255184736,0.658312868952307,0.821337434937555
869,"Wild boar","PIG",2,"slope + BB",-0.197952859152907,0.647644211476276,0.820408545920992
870,"Wild boar","PIG",2,"slope + BB",-0.205445707841494,0.635688469464383,0.814284302747647
871,"Wild boar","PIG",2,"slope + BB",-0.198873693308711,0.626151360839033,0.819653414986398
872,"Wild boar","PIG",2,"slope + BB",-0.191556085419461,0.617996902070388,0.825673325974588
873,"Wild boar","PIG",2,"slope + BB",-0.196321188398634,0.604057257244695,0.82174825633697
874,"Wild boar","PIG",2,"slope + BB",-0.194673722137268,0.607565132559793,0.823103175076042
875,"Wild boar","PIG",2,"slope + BB",-0.209577940066003,0.591911482829996,0.810926435812946
876,"Wild boar","PIG",2,"slope + BB",-0.209575419648523,0.589586831915914,0.81092847783718
877,"Wild boar","PIG",2,"slope + BB",-0.207575157244045,0.594564541927603,0.812552198880714
878,"Wild boar","PIG",2,"slope + BB",-0.22146630809185,0.57401461159814,0.801342923894742
879,"Wild boar","PIG",2,"slope + BB",-0.228863866137805,0.573198916512941,0.795436818154823
880,"Wild boar","PIG",2,"slope + BB",-0.221438004967442,0.565153821502975,0.801365606153509
881,"Wild boar","PIG",2,"slope + BB",-0.204446789397934,0.560264852038741,0.815098112626172
882,"Wild boar","PIG",2,"slope + BB",-0.187896793154522,0.553415563780835,0.828700238494194
883,"Wild boar","PIG",2,"slope + BB",-0.162210889924868,0.563966199071776,0.850261877131321
884,"Wild boar","PIG",2,"slope + BB",-0.130229184067822,0.559396572491004,0.877894216443884
885,"Wild boar","PIG",2,"slope + BB",-0.109478294959394,0.559572062959449,0.896301646156137
886,"Wild boar","PIG",2,"slope + BB",-0.0645424013237078,0.541575463549864,0.937496362376184
887,"Wild boar","PIG",2,"slope + BB",-0.0480992336790078,0.537535173524578,0.953039227247706
888,"Wild boar","PIG",2,"slope + BB",-0.0244503584647755,0.548719395898509,0.975846134714094
889,"Wild boar","PIG",2,"slope + BB",-0.0139492372513013,0.552546087539843,0.986147608205382
890,"Wild boar","PIG",2,"slope + BB",-0.0273921918795985,0.56967621858319,0.97297959127796
891,"Wild boar","PIG",2,"slope + BB",-0.0290099086872732,0.584341839865059,0.971406839581045
892,"Wild boar","PIG",2,"slope + BB",-0.030079833474601,0.600510176139971,0.9703680790087
893,"Wild boar","PIG",2,"slope + BB",-0.0252962493436205,0.598192621292769,0.975021019907878
894,"Wild boar","PIG",2,"slope + BB",-0.0110417993942552,0.598722919262931,0.989018950586488
895,"Wild boar","PIG",2,"slope + BB",-0.0228294238283829,0.615772128760516,0.97742919570453
896,"Wild boar","PIG",2,"slope + BB",0.00542511138004393,0.624607543757337,1.00543986301294
897,"Wild boar","PIG",2,"slope + BB",0.00460815867889485,0.635831714670724,1.00461879411906
898,"Wild boar","PIG",2,"slope + BB",0.0207749142898285,0.647461120447891,1.02099221556156
899,"Wild boar","PIG",2,"slope + BB",0.0201369825170919,0.657120747485462,1.02034109934839
900,"Wild boar","PIG",2,"slope + BB",0.0256822431300719,0.662763661841457,1.02601487518261
901,"Wild boar","PIG",2,"slope + BB",0.0245824771321265,0.674710463693305,1.02488711978013
902,"Wild boar","PIG",2,"slope + BB",0.0267285717238168,0.683163311273272,1.02708898394127
903,"Wild boar","PIG",2,"slope + BB",0.0330176878836028,0.691057516634161,1.0335688249461
904,"Wild boar","PIG",2,"slope + BB",0.0434994601232316,0.71054564829688,1.04445943269674
905,"Wild boar","PIG",2,"slope + BB",0.04107887442887,0.714992649208624,1.04193428427676
906,"Wild boar","PIG",2,"slope + BB",0.0462996275938449,0.735193975515941,1.04738819061737
907,"Wild boar","PIG",2,"slope + BB",0.03786889233418,0.787656997029829,1.0385951907167
908,"Wild boar","PIG",2,"slope + BB",0.0438966349215665,0.899144057952311,1.04487434598449
909,"Wild boar","PIG",2,"slope + BB",-0.176818018720439,0.818029663508232,0.837932266621985
910,"Wild boar","PIG",2,"slope + BB",-0.190228825369379,0.726131806934689,0.826769926568212
911,"Wild boar","PIG",2,"slope + BB",-0.183631543032338,0.680688461960248,0.832242415181072
912,"Wild boar","PIG",2,"slope + BB",-0.184375984965414,0.672799895793917,0.831623067317831
913,"Wild boar","PIG",2,"slope + BB",-0.192865476125388,0.654486117984656,0.824592894122849
914,"Wild boar","PIG",2,"slope + BB",-0.201166682904523,0.636013736609336,0.817776125667812
915,"Wild boar","PIG",2,"slope + BB",-0.191422478237713,0.630946328295829,0.825783639885596
916,"Wild boar","PIG",2,"slope + BB",-0.189356412806594,0.621588975722368,0.827491548162865
917,"Wild boar","PIG",2,"slope + BB",-0.201968007889967,0.614967947953125,0.81712118762108
918,"Wild boar","PIG",2,"slope + BB",-0.209438469459229,0.605535903389734,0.811039541599725
919,"Wild boar","PIG",2,"slope + BB",-0.212629692463528,0.598002752920471,0.808455461475678
920,"Wild boar","PIG",2,"slope + BB",-0.210947829684235,0.596556767107292,0.80981632110537
921,"Wild boar","PIG",2,"slope + BB",-0.209728807496959,0.58623989885838,0.810804104071656
922,"Wild boar","PIG",2,"slope + BB",-0.224980294150757,0.587604126706668,0.79853195452524
923,"Wild boar","PIG",2,"slope + BB",-0.24588978913943,0.573481783339099,0.782008406835214
924,"Wild boar","PIG",2,"slope + BB",-0.303054830236987,0.535844531383333,0.738558600920946
925,"Wild boar","PIG",2,"slope + BB",-0.264864394689987,0.53716857316634,0.767309995268946
926,"Wild boar","PIG",2,"slope + BB",-0.196816275672008,0.559163842514259,0.821341567043846
927,"Wild boar","PIG",2,"slope + BB",-0.172002882358275,0.566542851054074,0.84197675204364
928,"Wild boar","PIG",2,"slope + BB",-0.11486489279726,0.563545276368006,0.891486589204299
929,"Wild boar","PIG",2,"slope + BB",-0.0825987211770652,0.56397330653872,0.920720539086874
930,"Wild boar","PIG",2,"slope + BB",-0.0582118994324601,0.548400648413264,0.943450012009405
931,"Wild boar","PIG",2,"slope + BB",0.00348373970208335,0.510098104988137,1.00348982378268
932,"Wild boar","PIG",2,"slope + BB",0.0559968919767708,0.48653644919753,1.05759447522715
933,"Wild boar","PIG",2,"slope + BB",-0.0200113903796575,0.540647104562869,0.980187512495567
934,"Wild boar","PIG",2,"slope + BB",-0.011068404137354,0.567265747170752,0.988992629684633
935,"Wild boar","PIG",2,"slope + BB",-0.018640809077216,0.578417068166294,0.981531863973623
936,"Wild boar","PIG",2,"slope + BB",-0.0159922409451169,0.59143699869703,0.98413500578429
937,"Wild boar","PIG",2,"slope + BB",-0.0109251411238756,0.599922086641636,0.98913436703814
938,"Wild boar","PIG",2,"slope + BB",-0.00744224027062411,0.601852166385229,0.992585495011829
939,"Wild boar","PIG",2,"slope + BB",0.00352369932502139,0.607617883537823,1.00352991486498
940,"Wild boar","PIG",2,"slope + BB",0.00844789375992728,0.620678193294113,1.00848368086011
941,"Wild boar","PIG",2,"slope + BB",0.00412563314642596,0.634593628266137,1.00413415852882
942,"Wild boar","PIG",2,"slope + BB",0.0187209984179796,0.638576603523207,1.0188973378439
943,"Wild boar","PIG",2,"slope + BB",0.0160346593789905,0.655267714497701,1.01616390493679
944,"Wild boar","PIG",2,"slope + BB",0.0269675766757825,0.651629985114408,1.02733449382091
945,"Wild boar","PIG",2,"slope + BB",0.0370583899879631,0.66054719532993,1.03775361626415
946,"Wild boar","PIG",2,"slope + BB",0.0277348941596485,0.669679486795667,1.0281230985744
947,"Wild boar","PIG",2,"slope + BB",0.0358253961852036,0.67941383192074,1.0364748835259
948,"Wild boar","PIG",2,"slope + BB",0.0404389699679959,0.69601995748907,1.04126776850819
949,"Wild boar","PIG",2,"slope + BB",0.0498364393510817,0.699104339895946,1.05109917764799
950,"Wild boar","PIG",2,"slope + BB",0.0465440791704542,0.723719040305688,1.04764426240877
951,"Wild boar","PIG",2,"slope + BB",0.041490916391006,0.743579383692627,1.04236369769194
952,"Wild boar","PIG",2,"slope + BB",0.0508402361395687,0.794596360836847,1.05215502991012
953,"Wild boar","PIG",2,"slope + BB",0.0465243481972719,1.0341317048611,1.0476236172108
954,"Wild boar","PIG",2,"slope + BB",0.0504531227759554,1.06525786870329,1.05174755935837
955,"Wild boar","PIG",2,"slope + BB",-0.18043734022006,0.865146419752548,0.834904994832015
956,"Wild boar","PIG",2,"slope + BB",-0.174917673345992,0.74228470171769,0.839526133336518
957,"Wild boar","PIG",2,"slope + BB",-0.180656911074802,0.700259263887893,0.834721693497426
958,"Wild boar","PIG",2,"slope + BB",-0.178726424021965,0.669478055980269,0.83633467056377
959,"Wild boar","PIG",2,"slope + BB",-0.188318622649463,0.653780862070777,0.828350734501315
960,"Wild boar","PIG",2,"slope + BB",-0.194524624739289,0.644855827466761,0.82322590911313
961,"Wild boar","PIG",2,"slope + BB",-0.203691083353669,0.634089270744995,0.815714320022698
962,"Wild boar","PIG",2,"slope + BB",-0.205908170859878,0.618522137924955,0.813907813574232
963,"Wild boar","PIG",2,"slope + BB",-0.213674850550693,0.610678109164852,0.807611061608366
964,"Wild boar","PIG",2,"slope + BB",-0.202332462090667,0.600338780319853,0.81682336495291
965,"Wild boar","PIG",2,"slope + BB",-0.209856844941596,0.596383967728276,0.810700303556387
966,"Wild boar","PIG",2,"slope + BB",-0.213639674392019,0.584063919481627,0.807639348412672
967,"Wild boar","PIG",2,"slope + BB",-0.21699603024118,0.592826716753,0.804933165830622
968,"Wild boar","PIG",2,"slope + BB",-0.229806211863864,0.578946021624671,0.794687698311938
969,"Wild boar","PIG",2,"slope + BB",-0.249349136150188,0.566922211511564,0.779307842783599
970,"Wild boar","PIG",2,"slope + BB",-0.282141999993698,0.547145641823819,0.754166586776434
971,"Wild boar","PIG",2,"slope + BB",-0.266084200675325,0.544169162970015,0.766374595903161
972,"Wild boar","PIG",2,"slope + BB",-0.222514891759313,0.550907965028599,0.800503096938745
973,"Wild boar","PIG",2,"slope + BB",-0.163542704260275,0.567855924625714,0.849130237142489
974,"Wild boar","PIG",2,"slope + BB",-0.125097353324928,0.561327701426086,0.882410997229125
975,"Wild boar","PIG",2,"slope + BB",-0.09464185427609,0.55885520273995,0.909698681018134
976,"Wild boar","PIG",2,"slope + BB",-0.0542087001429135,0.545726324368413,0.947234398373413
977,"Wild boar","PIG",2,"slope + BB",-0.0339530578251268,0.538523286229909,0.966616881322768
978,"Wild boar","PIG",2,"slope + BB",-0.0219358232834619,0.537629448782899,0.978303017397789
979,"Wild boar","PIG",2,"slope + BB",-0.0152434100330574,0.554781001652483,0.984872212811186
980,"Wild boar","PIG",2,"slope + BB",0.00067900584272641,0.570221177877491,1.00067927110516
981,"Wild boar","PIG",2,"slope + BB",-0.00338871787023058,0.573572266484695,0.9966170173618
982,"Wild boar","PIG",2,"slope + BB",-0.00210443103871283,0.588624416034125,0.997897785343006
983,"Wild boar","PIG",2,"slope + BB",0.00408121418624506,0.599785367136043,1.00408956261817
984,"Wild boar","PIG",2,"slope + BB",0.00401717292127915,0.59694710903871,1.00402525302496
985,"Wild boar","PIG",2,"slope + BB",0.00401109332388583,0.6123359434085,1.00401915012265
986,"Wild boar","PIG",2,"slope + BB",0.0201468621669963,0.618305602604122,1.0203511829809
987,"Wild boar","PIG",2,"slope + BB",0.0224004511285936,0.630290984115037,1.02265325655183
988,"Wild boar","PIG",2,"slope + BB",0.0376508937223708,0.631737945554291,1.03836877405405
989,"Wild boar","PIG",2,"slope + BB",0.0321647310271631,0.64394928151829,1.03268761731863
990,"Wild boar","PIG",2,"slope + BB",0.0387211169951895,0.648417421730235,1.03948054985686
991,"Wild boar","PIG",2,"slope + BB",0.0437524438898972,0.657648150143652,1.04472371431542
992,"Wild boar","PIG",2,"slope + BB",0.037271198121139,0.662085564827307,1.03797449399937
993,"Wild boar","PIG",2,"slope + BB",0.0490720705739679,0.688189585290297,1.05029604505148
994,"Wild boar","PIG",2,"slope + BB",0.0426195248434941,0.687245428421154,1.04354089468643
995,"Wild boar","PIG",2,"slope + BB",0.0454110399732097,0.704684481849894,1.04645791180186
996,"Wild boar","PIG",2,"slope + BB",0.0454695210424368,0.707781772189748,1.04651913476757
997,"Wild boar","PIG",2,"slope + BB",0.0489776060154744,0.724512043861498,1.05019683285012
998,"Wild boar","PIG",2,"slope + BB",0.0504757672035861,0.768717345113158,1.05177138604739
999,"Wild boar","PIG",2,"slope + BB",0.0305483803959575,0.814643777070358,1.03101978094839
1000,"Wild boar","PIG",2,"slope + BB",0.0374054027054329,0.883290361398911,1.03811383538123
1001,"Wild boar","PIG",2,"slope + BB",0.039974987836262,0.923462247928924,1.04078475861782
1002,"Wild boar","PIG",2,"slope + BB",0.0310930211193846,0.963744565447462,1.03158147174336
1003,"Wild boar","PIG",2,"slope + BB",0.052933200028892,1.05356999956671,1.05435922676263
1004,"Wild boar","PIG",2,"slope + BB",-0.185994465906041,0.798653676089315,0.830278211895872
1005,"Wild boar","PIG",2,"slope + BB",-0.185968853702433,0.719467301897072,0.830299456730178
1006,"Wild boar","PIG",2,"slope + BB",-0.185612270604189,0.679834515425192,0.830595578899731
1007,"Wild boar","PIG",2,"slope + BB",-0.192449124956447,0.658310684247299,0.824936287340581
1008,"Wild boar","PIG",2,"slope + BB",-0.192899202516439,0.647844307462489,0.824565085014609
1009,"Wild boar","PIG",2,"slope + BB",-0.183736087767673,0.631590380818475,0.832155411121814
1010,"Wild boar","PIG",2,"slope + BB",-0.192665711002139,0.619323477228143,0.824757637686102
1011,"Wild boar","PIG",2,"slope + BB",-0.202454231911391,0.616239079473277,0.81672386459644
1012,"Wild boar","PIG",2,"slope + BB",-0.203590972416052,0.60780609381146,0.81579598605591
1013,"Wild boar","PIG",2,"slope + BB",-0.20088180978181,0.594283089267092,0.818009106930983
1014,"Wild boar","PIG",2,"slope + BB",-0.209699347945612,0.597874459925264,0.81082799029992
1015,"Wild boar","PIG",2,"slope + BB",-0.218801150416924,0.584739046509839,0.8034814842675
1016,"Wild boar","PIG",2,"slope + BB",-0.234988564720187,0.577062735613849,0.790579890774067
1017,"Wild boar","PIG",2,"slope + BB",-0.235495830532746,0.570073288159659,0.790178960408715
1018,"Wild boar","PIG",2,"slope + BB",-0.232678553675196,0.561044909596014,0.792408253521119
1019,"Wild boar","PIG",2,"slope + BB",-0.224603140557983,0.555781438515577,0.798833180351081
1020,"Wild boar","PIG",2,"slope + BB",-0.186349078033119,0.558087794019889,0.829983815382997
1021,"Wild boar","PIG",2,"slope + BB",-0.15365486710878,0.563354798958824,0.857567947397309
1022,"Wild boar","PIG",2,"slope + BB",-0.113172058653704,0.566075363108377,0.89299700201653
1023,"Wild boar","PIG",2,"slope + BB",-0.087838805930586,0.549190067802574,0.91590851764966
1024,"Wild boar","PIG",2,"slope + BB",-0.0559042028335594,0.559282330518245,0.945629723641468
1025,"Wild boar","PIG",2,"slope + BB",-0.0473230280259985,0.555978351666008,0.953779250546784
1026,"Wild boar","PIG",2,"slope + BB",-0.0422669680843063,0.557588963134252,0.958613833682377
1027,"Wild boar","PIG",2,"slope + BB",-0.0221740254912777,0.563048482203761,0.9780700111328
1028,"Wild boar","PIG",2,"slope + BB",-0.00133835468358993,0.559547544664984,0.998662544138915
1029,"Wild boar","PIG",2,"slope + BB",-0.000293141145966244,0.565188278998252,0.999706970464743
1030,"Wild boar","PIG",2,"slope + BB",0.0137378727243244,0.587073319338826,1.01383267202388
1031,"Wild boar","PIG",2,"slope + BB",0.0159992633934156,0.599901587112774,1.01612793733784
1032,"Wild boar","PIG",2,"slope + BB",0.0114645499945399,0.597450233688075,1.01153051982237
1033,"Wild boar","PIG",2,"slope + BB",0.0206956539911736,0.604614887049254,1.02091129451377
1034,"Wild boar","PIG",2,"slope + BB",0.0371666608912263,0.617731673349991,1.03786597985137
1035,"Wild boar","PIG",2,"slope + BB",0.0244555734365711,0.623743599603958,1.02475706405601
1036,"Wild boar","PIG",2,"slope + BB",0.0366360734042614,0.63056329075658,1.03731547314614
1037,"Wild boar","PIG",2,"slope + BB",0.0476414852434893,0.631118311273149,1.04879458910448
1038,"Wild boar","PIG",2,"slope + BB",0.0536375812442453,0.635672763014201,1.05510216157813
1039,"Wild boar","PIG",2,"slope + BB",0.0462536562431745,0.641852053802618,1.04734004909469
1040,"Wild boar","PIG",2,"slope + BB",0.0464431168309063,0.660383116377823,1.04753850463478
1041,"Wild boar","PIG",2,"slope + BB",0.0505521892476013,0.666861113414984,1.05185176116921
1042,"Wild boar","PIG",2,"slope + BB",0.0524651097618483,0.677818854962311,1.05386581072385
1043,"Wild boar","PIG",2,"slope + BB",0.0452414589896984,0.686964483868489,1.04628046350936
1044,"Wild boar","PIG",2,"slope + BB",0.0637662941669397,0.705874651405278,1.0658432819632
1045,"Wild boar","PIG",2,"slope + BB",0.0561915043993997,0.727405714727258,1.0578002673424
1046,"Wild boar","PIG",2,"slope + BB",0.0498036115116519,0.739050832952733,1.05106465972824
1047,"Wild boar","PIG",2,"slope + BB",0.0484479284535596,0.773812639712765,1.04964071716315
1048,"Wild boar","PIG",2,"slope + BB",0.0400824106994656,0.812912121693141,1.04089655374819
1049,"Wild boar","PIG",2,"slope + BB",0.0369041141913376,0.871326139493114,1.03759353059443
1050,"Wild boar","PIG",2,"slope + BB",0.0450579695621154,0.911195809416729,1.04608852363054
1051,"Wild boar","PIG",2,"slope + BB",0.05171335914633,0.997151435295842,1.05307389026777
1052,"Wild boar","PIG",2,"slope + BB",-0.186481892619097,0.74063204666623,0.829873588868532
1053,"Wild boar","PIG",2,"slope + BB",-0.18452872087473,0.688466717880515,0.831496064966934
1054,"Wild boar","PIG",2,"slope + BB",-0.182681535676846,0.662648498254275,0.833033404926959
1055,"Wild boar","PIG",2,"slope + BB",-0.171946547285185,0.640335822651178,0.842024180672059
1056,"Wild boar","PIG",2,"slope + BB",-0.177297252069331,0.640441835855566,0.837530798185781
1057,"Wild boar","PIG",2,"slope + BB",-0.17989155908767,0.637407227273803,0.83536079442496
1058,"Wild boar","PIG",2,"slope + BB",-0.177424831843121,0.619900770133642,0.837423947512639
1059,"Wild boar","PIG",2,"slope + BB",-0.187964678941663,0.607544912865186,0.828643976752679
1060,"Wild boar","PIG",2,"slope + BB",-0.203333957300596,0.600315146712627,0.816005693360517
1061,"Wild boar","PIG",2,"slope + BB",-0.21553334691225,0.594929329755256,0.806111388593699
1062,"Wild boar","PIG",2,"slope + BB",-0.205416165992632,0.585479461494008,0.814308358439205
1063,"Wild boar","PIG",2,"slope + BB",-0.224876306751534,0.582418197339991,0.798614995941958
1064,"Wild boar","PIG",2,"slope + BB",-0.226690050944165,0.575094224530506,0.797167826376618
1065,"Wild boar","PIG",2,"slope + BB",-0.215030208368167,0.565185836436332,0.80651707631326
1066,"Wild boar","PIG",2,"slope + BB",-0.206648689190578,0.558563192211039,0.813305331801109
1067,"Wild boar","PIG",2,"slope + BB",-0.173152464214329,0.556089033374409,0.841009391495049
1068,"Wild boar","PIG",2,"slope + BB",-0.155506976301845,0.564512528400404,0.85598110830358
1069,"Wild boar","PIG",2,"slope + BB",-0.12292454169854,0.556882651404278,0.884330390137164
1070,"Wild boar","PIG",2,"slope + BB",-0.101132046072154,0.563618672856684,0.90381367996146
1071,"Wild boar","PIG",2,"slope + BB",-0.0830573499080761,0.556782498438533,0.920298370218594
1072,"Wild boar","PIG",2,"slope + BB",-0.0473852093241059,0.563800848378163,0.953719946771726
1073,"Wild boar","PIG",2,"slope + BB",-0.0385122849374238,0.56912015465595,0.96221988502806
1074,"Wild boar","PIG",2,"slope + BB",-0.0227571172814701,0.572468457203239,0.977499880836135
1075,"Wild boar","PIG",2,"slope + BB",0.00622687106899977,0.580901083284047,1.00624630073682
1076,"Wild boar","PIG",2,"slope + BB",0.00976114215851433,0.577498144073559,1.00980893752101
1077,"Wild boar","PIG",2,"slope + BB",0.0259351378715698,0.589157374264905,1.02627438176584
1078,"Wild boar","PIG",2,"slope + BB",0.0449913972606573,0.588500804989478,1.04601886212728
1079,"Wild boar","PIG",2,"slope + BB",0.0363227198427805,0.604313065586611,1.0369904498921
1080,"Wild boar","PIG",2,"slope + BB",0.0386618705897162,0.614189708897786,1.03941896625243
1081,"Wild boar","PIG",2,"slope + BB",0.0427681121118453,0.605951596736713,1.04369585067719
1082,"Wild boar","PIG",2,"slope + BB",0.0566076282055018,0.62637104989792,1.05824050716732
1083,"Wild boar","PIG",2,"slope + BB",0.0414172899547546,0.622021993304289,1.04228695069593
1084,"Wild boar","PIG",2,"slope + BB",0.0662366923007717,0.631699808614648,1.06847958853387
1085,"Wild boar","PIG",2,"slope + BB",0.0630441921122392,0.628430473320679,1.06507390664903
1086,"Wild boar","PIG",2,"slope + BB",0.0553988248705816,0.634449895744923,1.05696207499757
1087,"Wild boar","PIG",2,"slope + BB",0.0587942002644751,0.649625259671374,1.06055696875276
1088,"Wild boar","PIG",2,"slope + BB",0.0666839342000618,0.668560100391183,1.06895757295304
1089,"Wild boar","PIG",2,"slope + BB",0.0613902739690139,0.666949376251922,1.06331381944523
1090,"Wild boar","PIG",2,"slope + BB",0.0641943663164298,0.683139709150019,1.06629963238335
1091,"Wild boar","PIG",2,"slope + BB",0.0663138773198382,0.699409892207773,1.06856207413111
1092,"Wild boar","PIG",2,"slope + BB",0.0617989234863982,0.709569374638421,1.0637484333334
1093,"Wild boar","PIG",2,"slope + BB",0.0643702526044135,0.742351438628786,1.06648721209494
1094,"Wild boar","PIG",2,"slope + BB",0.0571560183534621,0.756537808811331,1.05882099301782
1095,"Wild boar","PIG",2,"slope + BB",0.0581498165344776,0.801301231596814,1.05987378095959
1096,"Wild boar","PIG",2,"slope + BB",0.0394672181770831,0.834907820346394,1.04025644064918
1097,"Wild boar","PIG",2,"slope + BB",0.0362477196238396,0.900055306415511,1.03691268026343
1098,"Wild boar","PIG",2,"slope + BB",0.0519997327070962,0.991633759447657,1.05337546909734
1099,"Wild boar","PIG",2,"slope + BB",-0.17594768135021,0.760126246919109,0.838661868111101
1100,"Wild boar","PIG",2,"slope + BB",-0.183225903810573,0.691513851659417,0.83258007181355
1101,"Wild boar","PIG",2,"slope + BB",-0.174984394538899,0.663532546399135,0.839470120987194
1102,"Wild boar","PIG",2,"slope + BB",-0.176701658978313,0.651463286221141,0.838029769635049
1103,"Wild boar","PIG",2,"slope + BB",-0.172878391265984,0.648716421411285,0.841239911195946
1104,"Wild boar","PIG",2,"slope + BB",-0.177191839713555,0.638891464709309,0.837619084712035
1105,"Wild boar","PIG",2,"slope + BB",-0.177127913968051,0.622055687370767,0.837672635914591
1106,"Wild boar","PIG",2,"slope + BB",-0.17861490619849,0.605562609325422,0.836427968526185
1107,"Wild boar","PIG",2,"slope + BB",-0.20311557717961,0.601813201209133,0.816183915994396
1108,"Wild boar","PIG",2,"slope + BB",-0.217423187573623,0.596912001397079,0.804589405594258
1109,"Wild boar","PIG",2,"slope + BB",-0.213313193929048,0.598465700008217,0.807903068307439
1110,"Wild boar","PIG",2,"slope + BB",-0.222614326367687,0.577786849831615,0.800423529801667
1111,"Wild boar","PIG",2,"slope + BB",-0.213183109900072,0.570003441007523,0.808008179715799
1112,"Wild boar","PIG",2,"slope + BB",-0.20516181396042,0.567809494081312,0.814515517931313
1113,"Wild boar","PIG",2,"slope + BB",-0.168144150833944,0.574360238601012,0.84523198577875
1114,"Wild boar","PIG",2,"slope + BB",-0.162944075230476,0.569267413245677,0.84963870976646
1115,"Wild boar","PIG",2,"slope + BB",-0.150230744759884,0.565083958419731,0.860509395489261
1116,"Wild boar","PIG",2,"slope + BB",-0.126559178827537,0.562141406756576,0.881122010699267
1117,"Wild boar","PIG",2,"slope + BB",-0.100213283163471,0.548183017186152,0.904644542332143
1118,"Wild boar","PIG",2,"slope + BB",-0.0768143294906721,0.557437006527669,0.926061784490109
1119,"Wild boar","PIG",2,"slope + BB",-0.0746359459015843,0.557215072282741,0.928081302097746
1120,"Wild boar","PIG",2,"slope + BB",-0.030297305755486,0.577855245158041,0.970157057473497
1121,"Wild boar","PIG",2,"slope + BB",-0.00968988225823028,0.57521589886048,0.990356915371227
1122,"Wild boar","PIG",2,"slope + BB",-0.00337898895098706,0.577960899234395,0.99662675205638
1123,"Wild boar","PIG",2,"slope + BB",0.0164363506315166,0.583953374436233,1.01657217252537
1124,"Wild boar","PIG",2,"slope + BB",0.025744386198351,0.588582532133005,1.02607863662547
1125,"Wild boar","PIG",2,"slope + BB",0.0397138497313658,0.593819000681618,1.04051299606743
1126,"Wild boar","PIG",2,"slope + BB",0.05096318774827,0.588702921455567,1.05228415830521
1127,"Wild boar","PIG",2,"slope + BB",0.0483901591262225,0.599473142193151,1.04958009784151
1128,"Wild boar","PIG",2,"slope + BB",0.0628666526669838,0.606327863122457,1.06488483696843
1129,"Wild boar","PIG",2,"slope + BB",0.0470334133667586,0.608437883746722,1.04815703102458
1130,"Wild boar","PIG",2,"slope + BB",0.0639762261103233,0.619237390499769,1.06606705511688
1131,"Wild boar","PIG",2,"slope + BB",0.0679328861393436,0.622742374324888,1.07029347462845
1132,"Wild boar","PIG",2,"slope + BB",0.0755913174710005,0.622433183005129,1.0785217112278
1133,"Wild boar","PIG",2,"slope + BB",0.0696524517797532,0.642552260127755,1.07213549774514
1134,"Wild boar","PIG",2,"slope + BB",0.0717978629069349,0.652651756402133,1.0744381405202
1135,"Wild boar","PIG",2,"slope + BB",0.0786964423757001,0.662551010337857,1.08187586097112
1136,"Wild boar","PIG",2,"slope + BB",0.0845476617799006,0.674641186293004,1.08822471989657
1137,"Wild boar","PIG",2,"slope + BB",0.0778207134582072,0.685133839075052,1.08092889173041
1138,"Wild boar","PIG",2,"slope + BB",0.0695986402963703,0.700670096102814,1.07207781208989
1139,"Wild boar","PIG",2,"slope + BB",0.0649245035467871,0.724547041212071,1.06707846071441
1140,"Wild boar","PIG",2,"slope + BB",0.068603103735816,0.740127840015726,1.07101104695057
1141,"Wild boar","PIG",2,"slope + BB",0.0661835695030823,0.754038438332455,1.06842283941193
1142,"Wild boar","PIG",2,"slope + BB",0.0468423060725331,0.791325790120031,1.04795674417568
1143,"Wild boar","PIG",2,"slope + BB",0.0647686674433375,0.834854151617732,1.06691219317647
1144,"Wild boar","PIG",2,"slope + BB",0.0626347650623787,0.905089553959554,1.06463792567822
1145,"Wild boar","PIG",2,"slope + BB",0.0659738883132278,1.0897160658615,1.06819887534568
1146,"Wild boar","PIG",2,"slope + BB",-0.162617948216712,0.93969361960081,0.84991584497378
1147,"Wild boar","PIG",2,"slope + BB",-0.181193940761795,0.776240313184407,0.83427354452509
1148,"Wild boar","PIG",2,"slope + BB",-0.151919858733502,0.700792457897679,0.859057124240693
1149,"Wild boar","PIG",2,"slope + BB",-0.159389728022148,0.676142642228623,0.852664000200405
1150,"Wild boar","PIG",2,"slope + BB",-0.158686707776601,0.64731258026607,0.853263651849812
1151,"Wild boar","PIG",2,"slope + BB",-0.175409689512534,0.637415918410198,0.839113175013649
1152,"Wild boar","PIG",2,"slope + BB",-0.168568917180777,0.632807625767384,0.844873163441805
1153,"Wild boar","PIG",2,"slope + BB",-0.176569879730132,0.619943915904292,0.83814020896258
1154,"Wild boar","PIG",2,"slope + BB",-0.180271670382867,0.613260214918294,0.835043326393173
1155,"Wild boar","PIG",2,"slope + BB",-0.193123200453472,0.599300940009816,0.824380403863201
1156,"Wild boar","PIG",2,"slope + BB",-0.213554101204885,0.6067204172766,0.807708467465632
1157,"Wild boar","PIG",2,"slope + BB",-0.230705345413322,0.595298866807761,0.793973380936446
1158,"Wild boar","PIG",2,"slope + BB",-0.246868947642646,0.580440161610946,0.781243073717251
1159,"Wild boar","PIG",2,"slope + BB",-0.216878482699191,0.567121406746604,0.805027788827462
1160,"Wild boar","PIG",2,"slope + BB",-0.19291909121534,0.57756419821303,0.824548685789895
1161,"Wild boar","PIG",2,"slope + BB",-0.171452168066828,0.567416935076936,0.842440573629064
1162,"Wild boar","PIG",2,"slope + BB",-0.153176965416545,0.570761185425058,0.857977882573219
1163,"Wild boar","PIG",2,"slope + BB",-0.146157221407009,0.550084066493654,0.864021850549615
1164,"Wild boar","PIG",2,"slope + BB",-0.138931771178393,0.540207991703199,0.870287408854854
1165,"Wild boar","PIG",2,"slope + BB",-0.114075953465646,0.529871663072093,0.892190189258759
1166,"Wild boar","PIG",2,"slope + BB",-0.0736380971735504,0.556704278053946,0.929007843575292
1167,"Wild boar","PIG",2,"slope + BB",-0.057455085623418,0.558193964175896,0.944164312711993
1168,"Wild boar","PIG",2,"slope + BB",-0.0255101551552873,0.565016265236011,0.974812480028132
1169,"Wild boar","PIG",2,"slope + BB",0.00121600656962016,0.575698242827637,1.00121675193953
1170,"Wild boar","PIG",2,"slope + BB",0.0159560799475682,0.579677317305925,1.01608406681067
1171,"Wild boar","PIG",2,"slope + BB",0.0401259517489468,0.590574649513795,1.04094187554834
1172,"Wild boar","PIG",2,"slope + BB",0.0257599682374045,0.59076363524366,1.02609463970934
1173,"Wild boar","PIG",2,"slope + BB",0.0522595742276946,0.5889435418649,1.05364920836502
1174,"Wild boar","PIG",2,"slope + BB",0.0554391199093256,0.600884812518131,1.05700466457745
1175,"Wild boar","PIG",2,"slope + BB",0.0762890905351657,0.598734301193901,1.07927453764251
1176,"Wild boar","PIG",2,"slope + BB",0.0705550532734246,0.601765672758603,1.07310364569518
1177,"Wild boar","PIG",2,"slope + BB",0.0728456909310723,0.598756244476822,1.07556456626925
1178,"Wild boar","PIG",2,"slope + BB",0.0746483326476081,0.608665688600981,1.07750516798781
1179,"Wild boar","PIG",2,"slope + BB",0.0775590895804999,0.618482798091239,1.08064608549902
1180,"Wild boar","PIG",2,"slope + BB",0.0794505439595824,0.623542830406848,1.08269201809783
1181,"Wild boar","PIG",2,"slope + BB",0.0804151978551598,0.633497563619434,1.08373693952893
1182,"Wild boar","PIG",2,"slope + BB",0.0908579367835944,0.651840215161946,1.0951134242588
1183,"Wild boar","PIG",2,"slope + BB",0.0785568226426989,0.657047922333472,1.08172482315827
1184,"Wild boar","PIG",2,"slope + BB",0.0794722941997935,0.666950072578358,1.08271557349132
1185,"Wild boar","PIG",2,"slope + BB",0.0730800738258635,0.675996750585453,1.07581668389622
1186,"Wild boar","PIG",2,"slope + BB",0.0823816428144504,0.694954623409737,1.08587014530799
1187,"Wild boar","PIG",2,"slope + BB",0.0774778311853599,0.702206718164964,1.08055827961824
1188,"Wild boar","PIG",2,"slope + BB",0.0685197268251001,0.725556605707821,1.07092175062885
1189,"Wild boar","PIG",2,"slope + BB",0.0760784625006815,0.758534081358296,1.07904723588868
1190,"Wild boar","PIG",2,"slope + BB",0.0746903019785106,0.773169595775738,1.07755039350167
1191,"Wild boar","PIG",2,"slope + BB",0.0787581602405157,0.799362843123921,1.08194265589715
1192,"Wild boar","PIG",2,"slope + BB",-0.164737297174274,0.751767589391476,0.848116479785005
1193,"Wild boar","PIG",2,"slope + BB",-0.156887341959089,0.712992718936139,0.854800353780112
1194,"Wild boar","PIG",2,"slope + BB",-0.168507597417597,0.676659635374309,0.844924853045941
1195,"Wild boar","PIG",2,"slope + BB",-0.145979596085688,0.654134766124463,0.86417533639469
1196,"Wild boar","PIG",2,"slope + BB",-0.158137134676274,0.648274318040561,0.853732699710782
1197,"Wild boar","PIG",2,"slope + BB",-0.159195860853458,0.621456925774374,0.852829308599047
1198,"Wild boar","PIG",2,"slope + BB",-0.165880039214133,0.61561682858829,0.847147859115368
1199,"Wild boar","PIG",2,"slope + BB",-0.162685818549515,0.599738131621786,0.849858156307424
1200,"Wild boar","PIG",2,"slope + BB",-0.182897975578131,0.602372025475927,0.832853125250061
1201,"Wild boar","PIG",2,"slope + BB",-0.203368343736882,0.595874612017355,0.815977631581368
1202,"Wild boar","PIG",2,"slope + BB",-0.231877922069649,0.583650306570773,0.79304300443621
1203,"Wild boar","PIG",2,"slope + BB",-0.341934193872986,0.52486063130348,0.71039495157946
1204,"Wild boar","PIG",2,"slope + BB",-0.223936021447772,0.56845680618107,0.799366292131465
1205,"Wild boar","PIG",2,"slope + BB",-0.19161807967381,0.56963640630613,0.825622159842578
1206,"Wild boar","PIG",2,"slope + BB",-0.152060392972567,0.577507244752987,0.858936412124662
1207,"Wild boar","PIG",2,"slope + BB",-0.138932513675933,0.561777165310009,0.870286768620123
1208,"Wild boar","PIG",2,"slope + BB",-0.129592727168508,0.552878398975808,0.87845314683716
1209,"Wild boar","PIG",2,"slope + BB",-0.126688384328732,0.535366422318602,0.881008168865686
1210,"Wild boar","PIG",2,"slope + BB",-0.124497851610793,0.52859220976647,0.882940165957425
1211,"Wild boar","PIG",2,"slope + BB",-0.0683556051328831,0.551440328424958,0.933928309970507
1212,"Wild boar","PIG",2,"slope + BB",-0.0406412360462671,0.556279419125347,0.960173554507929
1213,"Wild boar","PIG",2,"slope + BB",-0.000690711261255617,0.567494146202668,0.999309563172063
1214,"Wild boar","PIG",2,"slope + BB",-0.000677648994953264,0.57473520933425,0.999322588794158
1215,"Wild boar","PIG",2,"slope + BB",0.023666549901072,0.575448209040767,1.0239488253461
1216,"Wild boar","PIG",2,"slope + BB",0.041876127462019,0.58888649386857,1.04276530197119
1217,"Wild boar","PIG",2,"slope + BB",0.0450912811840397,0.59042666528592,1.04612336380388
1218,"Wild boar","PIG",2,"slope + BB",0.0556098990394159,0.595418950518195,1.05718521009335
1219,"Wild boar","PIG",2,"slope + BB",0.0798340776261315,0.585464271886934,1.08310734193071
1220,"Wild boar","PIG",2,"slope + BB",0.0790637067949476,0.584888550303845,1.08227326825181
1221,"Wild boar","PIG",2,"slope + BB",0.0872670770679643,0.591860861787989,1.09118810908808
1222,"Wild boar","PIG",2,"slope + BB",0.0928916481062799,0.597393705471059,1.09734283891959
1223,"Wild boar","PIG",2,"slope + BB",0.0805103045355193,0.61665937474472,1.08384001592755
1224,"Wild boar","PIG",2,"slope + BB",0.0870838730815767,0.619033909245844,1.09098818124472
1225,"Wild boar","PIG",2,"slope + BB",0.084216692010189,0.622538517196108,1.08786460686879
1226,"Wild boar","PIG",2,"slope + BB",0.0818828459841468,0.628545776200628,1.08532866497767
1227,"Wild boar","PIG",2,"slope + BB",0.0993954263325577,0.64401242275525,1.10450296821333
1228,"Wild boar","PIG",2,"slope + BB",0.092232445427489,0.659113412845636,1.09661969680031
1229,"Wild boar","PIG",2,"slope + BB",0.0994206470739588,0.66664379778266,1.10453082298996
1230,"Wild boar","PIG",2,"slope + BB",0.0928000140782058,0.682028614276419,1.09724228183671
1231,"Wild boar","PIG",2,"slope + BB",0.0839806160157896,0.689369672878075,1.08760788421444
1232,"Wild boar","PIG",2,"slope + BB",0.0894159673627567,0.707115971770737,1.09353545040299
1233,"Wild boar","PIG",2,"slope + BB",0.0867862029862123,0.733624894605156,1.0906635094247
1234,"Wild boar","PIG",2,"slope + BB",0.0835861385038769,0.74454876302719,1.08717885931779
1235,"Wild boar","PIG",2,"slope + BB",0.0965243728028193,0.770060876688426,1.10133642456517
1236,"Wild boar","PIG",2,"slope + BB",0.077770048364248,0.821232663135269,1.08087408400904
1237,"Wild boar","PIG",2,"slope + BB",0.0826299825035943,0.933598587359654,1.0861398434496
1238,"Wild boar","PIG",2,"slope + BB",-0.14650001920686,0.900146011765296,0.863725716090981
1239,"Wild boar","PIG",2,"slope + BB",-0.137557952778721,0.777049270108685,0.871483855160224
1240,"Wild boar","PIG",2,"slope + BB",-0.143298063411381,0.715850413380881,0.866495769504603
1241,"Wild boar","PIG",2,"slope + BB",-0.147976909280137,0.689617395919169,0.862451029443462
1242,"Wild boar","PIG",2,"slope + BB",-0.148785375426209,0.666443360418835,0.861754054355818
1243,"Wild boar","PIG",2,"slope + BB",-0.1402692458635,0.644816155439362,0.86912421440938
1244,"Wild boar","PIG",2,"slope + BB",-0.156770225415888,0.641597293572965,0.854900474782125
1245,"Wild boar","PIG",2,"slope + BB",-0.155731387771787,0.621107774558913,0.855789038770666
1246,"Wild boar","PIG",2,"slope + BB",-0.15267562604994,0.612752792968642,0.858408170989301
1247,"Wild boar","PIG",2,"slope + BB",-0.17594871202209,0.597386122958212,0.838660998905656
1248,"Wild boar","PIG",2,"slope + BB",-0.176201051142988,0.598002524991096,0.838449398244235
1249,"Wild boar","PIG",2,"slope + BB",-0.211919228943469,0.590095325411695,0.80903004290827
1250,"Wild boar","PIG",2,"slope + BB",-0.220811334684047,0.578998821436366,0.80186796476316
1251,"Wild boar","PIG",2,"slope + BB",-0.20758606206932,0.570148721793777,0.812543315957742
1252,"Wild boar","PIG",2,"slope + BB",-0.150127942742209,0.572035135096716,0.860597864792414
1253,"Wild boar","PIG",2,"slope + BB",-0.134776142095972,0.571551844212451,0.873911521905215
1254,"Wild boar","PIG",2,"slope + BB",-0.108235326578008,0.569869430321183,0.897416387340131
1255,"Wild boar","PIG",2,"slope + BB",-0.106723771573245,0.564489837068075,0.898773913993917
1256,"Wild boar","PIG",2,"slope + BB",-0.0903713002986481,0.555337493053945,0.913591905639092
1257,"Wild boar","PIG",2,"slope + BB",-0.0763910257519718,0.565539575674442,0.926453868483506
1258,"Wild boar","PIG",2,"slope + BB",-0.0572962588320921,0.552353448764479,0.944314275349359
1259,"Wild boar","PIG",2,"slope + BB",-0.0227086999673143,0.572249809603577,0.977547207997361
1260,"Wild boar","PIG",2,"slope + BB",0.000218258819958651,0.576344652337468,1.00021828268623
1261,"Wild boar","PIG",2,"slope + BB",0.0216247163874935,0.569657887680327,1.02186024065833
1262,"Wild boar","PIG",2,"slope + BB",0.0442531225200005,0.567480319812667,1.04524689729496
1263,"Wild boar","PIG",2,"slope + BB",0.0635296856142625,0.586251703645885,1.06559111821886
1264,"Wild boar","PIG",2,"slope + BB",0.065257282213864,0.584193758322307,1.06743365898829
1265,"Wild boar","PIG",2,"slope + BB",0.0841752616330576,0.587496076885661,1.08781954352728
1266,"Wild boar","PIG",2,"slope + BB",0.100336656450648,0.5948691755779,1.10554304640242
1267,"Wild boar","PIG",2,"slope + BB",0.0941330513516434,0.592216666335591,1.09870592199782
1268,"Wild boar","PIG",2,"slope + BB",0.101646292484186,0.588393302987189,1.10699185370437
1269,"Wild boar","PIG",2,"slope + BB",0.117440814857964,0.601799829941654,1.12461507610992
1270,"Wild boar","PIG",2,"slope + BB",0.106917260868354,0.60870847996736,1.11284217578899
1271,"Wild boar","PIG",2,"slope + BB",0.1003348511467,0.622579535806689,1.10554104792281
1272,"Wild boar","PIG",2,"slope + BB",0.105102134829824,0.630173736458397,1.11082406618388
1273,"Wild boar","PIG",2,"slope + BB",0.0949914080867524,0.638326469519549,1.09964941308364
1274,"Wild boar","PIG",2,"slope + BB",0.100235340735395,0.632697960401176,1.10543104158647
1275,"Wild boar","PIG",2,"slope + BB",0.111402741483376,0.65538713404822,1.11784501982837
1276,"Wild boar","PIG",2,"slope + BB",0.110149400701517,0.673284750611573,1.11644485569013
1277,"Wild boar","PIG",2,"slope + BB",0.0978578406066344,0.672689694820887,1.10280599974647
1278,"Wild boar","PIG",2,"slope + BB",0.0972357818275061,0.6872629184109,1.10212025696359
1279,"Wild boar","PIG",2,"slope + BB",0.098777334155166,0.706177684300445,1.10382048907734
1280,"Wild boar","PIG",2,"slope + BB",0.0903385156803196,0.720646732314224,1.09454479511938
1281,"Wild boar","PIG",2,"slope + BB",0.085346749738093,0.741512472103218,1.08909465469559
1282,"Wild boar","PIG",2,"slope + BB",0.0908698113394161,0.757546719895637,1.09512643977549
1283,"Wild boar","PIG",2,"slope + BB",0.0998549260435486,0.799785760428722,1.10501060039128
1284,"Wild boar","PIG",2,"slope + BB",0.102447271464653,0.892953236545351,1.10787888403806
1285,"Wild boar","PIG",2,"slope + BB",-0.13032693416418,0.895457919289782,0.877808400363403
1286,"Wild boar","PIG",2,"slope + BB",-0.132178670833972,0.781787166425597,0.876184434673212
1287,"Wild boar","PIG",2,"slope + BB",-0.135422255159299,0.72524520652417,0.873347116359354
1288,"Wild boar","PIG",2,"slope + BB",-0.134175736490267,0.693184729657598,0.874436383611847
1289,"Wild boar","PIG",2,"slope + BB",-0.136852070644005,0.666472052374204,0.872099226542801
1290,"Wild boar","PIG",2,"slope + BB",-0.126248600327745,0.653143260127556,0.881395762815761
1291,"Wild boar","PIG",2,"slope + BB",-0.119816322026308,0.631559569521568,0.887083359837418
1292,"Wild boar","PIG",2,"slope + BB",-0.122246852719461,0.624073982599961,0.884929894309424
1293,"Wild boar","PIG",2,"slope + BB",-0.135148394337654,0.621590618487973,0.87358626849799
1294,"Wild boar","PIG",2,"slope + BB",-0.148364105488593,0.61251970136398,0.862117162628143
1295,"Wild boar","PIG",2,"slope + BB",-0.16232582084027,0.604636218633194,0.850164160027642
1296,"Wild boar","PIG",2,"slope + BB",-0.169273873685882,0.596185700132001,0.844277650772713
1297,"Wild boar","PIG",2,"slope + BB",-0.157711281033812,0.588180611727299,0.854096340989237
1298,"Wild boar","PIG",2,"slope + BB",-0.155765044260243,0.582598678029671,0.855760235448142
1299,"Wild boar","PIG",2,"slope + BB",-0.126837134212642,0.576961643921522,0.880877128322747
1300,"Wild boar","PIG",2,"slope + BB",-0.096853742217573,0.574170403493685,0.907688752970119
1301,"Wild boar","PIG",2,"slope + BB",-0.0841188026898934,0.580289239112795,0.91932203736874
1302,"Wild boar","PIG",2,"slope + BB",-0.0841026873841647,0.567917082420472,0.919336847728872
1303,"Wild boar","PIG",2,"slope + BB",-0.0608616902934792,0.570765760664229,0.940953375574765
1304,"Wild boar","PIG",2,"slope + BB",-0.0491347074206682,0.566483757407549,0.952052927139077
1305,"Wild boar","PIG",2,"slope + BB",-0.0277614788712051,0.568616254335695,0.972620333275754
1306,"Wild boar","PIG",2,"slope + BB",-0.00668549026241947,0.561839062514788,0.993336810138508
1307,"Wild boar","PIG",2,"slope + BB",0.0174253527390192,0.574343939423063,1.01757806152601
1308,"Wild boar","PIG",2,"slope + BB",0.0328155982476827,0.570263162225155,1.03335997640073
1309,"Wild boar","PIG",2,"slope + BB",0.0600106712118188,0.563941333143307,1.06184797098369
1310,"Wild boar","PIG",2,"slope + BB",0.0930193045522005,0.579311792123808,1.09748292148718
1311,"Wild boar","PIG",2,"slope + BB",0.107504154682512,0.582314995541099,1.11349549062417
1312,"Wild boar","PIG",2,"slope + BB",0.107764748935595,0.581771440945143,1.11378570815675
1313,"Wild boar","PIG",2,"slope + BB",0.115468020718782,0.582017731611539,1.12239862075937
1314,"Wild boar","PIG",2,"slope + BB",0.125788316456839,0.588890670288517,1.13404208538001
1315,"Wild boar","PIG",2,"slope + BB",0.129850355568787,0.590861990664761,1.13865806067729
1316,"Wild boar","PIG",2,"slope + BB",0.126777696296334,0.593544785262956,1.13516465439829
1317,"Wild boar","PIG",2,"slope + BB",0.116066410454312,0.609315025622549,1.12307045363064
1318,"Wild boar","PIG",2,"slope + BB",0.124069359186593,0.623879307747712,1.13209442156633
1319,"Wild boar","PIG",2,"slope + BB",0.115338123600244,0.620516714158175,1.12225283421703
1320,"Wild boar","PIG",2,"slope + BB",0.11176837991456,0.632982672374162,1.11825385707759
1321,"Wild boar","PIG",2,"slope + BB",0.116284632662714,0.631093501861365,1.12331557913236
1322,"Wild boar","PIG",2,"slope + BB",0.11808737163936,0.645554091084521,1.12534273656535
1323,"Wild boar","PIG",2,"slope + BB",0.112822772552336,0.662172315521633,1.11943352102244
1324,"Wild boar","PIG",2,"slope + BB",0.109069176360888,0.670462716198933,1.11523949638997
1325,"Wild boar","PIG",2,"slope + BB",0.0993560009035237,0.684248955208234,1.10445942158454
1326,"Wild boar","PIG",2,"slope + BB",0.120874843492969,0.697187358046589,1.12848366649148
1327,"Wild boar","PIG",2,"slope + BB",0.107637320418007,0.712519042924686,1.11364381357516
1328,"Wild boar","PIG",2,"slope + BB",0.0912803304558554,0.730919597241363,1.09557615416583
1329,"Wild boar","PIG",2,"slope + BB",0.108892122934235,0.748628762441748,1.11504205993271
1330,"Wild boar","PIG",2,"slope + BB",0.106360063220361,0.793987948487997,1.112222389034
1331,"Wild boar","PIG",2,"slope + BB",0.115555422656094,0.887890311366272,1.12249672495397
1332,"Wild boar","PIG",2,"slope + BB",-0.134635766260831,0.827238119470629,0.874034214052477
1333,"Wild boar","PIG",2,"slope + BB",-0.113536674011406,0.747233783790046,0.892671458075891
1334,"Wild boar","PIG",2,"slope + BB",-0.127252401055144,0.698179055879189,0.880511540296193
1335,"Wild boar","PIG",2,"slope + BB",-0.124610967076656,0.665481841874294,0.882840290819053
1336,"Wild boar","PIG",2,"slope + BB",-0.110351859042299,0.654845878895519,0.895518998450858
1337,"Wild boar","PIG",2,"slope + BB",-0.109092983010074,0.643811540773423,0.896647041119372
1338,"Wild boar","PIG",2,"slope + BB",-0.127129593258583,0.624622061024286,0.880619542944472
1339,"Wild boar","PIG",2,"slope + BB",-0.120267540884573,0.605668814032,0.88668318110156
1340,"Wild boar","PIG",2,"slope + BB",-0.122342343092676,0.605793714061696,0.884845396916756
1341,"Wild boar","PIG",2,"slope + BB",-0.127885606630818,0.605667884593607,0.879954055441365
1342,"Wild boar","PIG",2,"slope + BB",-0.128602070538736,0.598907754335369,0.879323811964455
1343,"Wild boar","PIG",2,"slope + BB",-0.124397569312316,0.592365894372971,0.883028706222643
1344,"Wild boar","PIG",2,"slope + BB",-0.112089033426408,0.600677254712527,0.893964663074543
1345,"Wild boar","PIG",2,"slope + BB",-0.102008520959768,0.575171146797202,0.90302186108892
1346,"Wild boar","PIG",2,"slope + BB",-0.0984980114814251,0.57033336009675,0.906197494925099
1347,"Wild boar","PIG",2,"slope + BB",-0.0790466145043775,0.569031839582586,0.92399685228363
1348,"Wild boar","PIG",2,"slope + BB",-0.0632817742210131,0.574759873463856,0.938678941341938
1349,"Wild boar","PIG",2,"slope + BB",-0.0413988969228945,0.566356519955796,0.959446338314182
1350,"Wild boar","PIG",2,"slope + BB",-0.0359018709741864,0.561423581056175,0.964734985835734
1351,"Wild boar","PIG",2,"slope + BB",-0.0169116880412208,0.572498841931007,0.983230539476681
1352,"Wild boar","PIG",2,"slope + BB",-0.00124023983422826,0.561780499264072,0.998760541692914
1353,"Wild boar","PIG",2,"slope + BB",0.031772900737179,0.568122307802214,1.03228304796446
1354,"Wild boar","PIG",2,"slope + BB",0.064169199749641,0.56619306391723,1.06627279693107
1355,"Wild boar","PIG",2,"slope + BB",0.0969057183068963,0.572649545580869,1.10175649348815
1356,"Wild boar","PIG",2,"slope + BB",0.10670627955518,0.571092977172977,1.11260741745024
1357,"Wild boar","PIG",2,"slope + BB",0.135116289025832,0.577765094977937,1.14466988967996
1358,"Wild boar","PIG",2,"slope + BB",0.132639938817976,0.582879015572654,1.14183879683574
1359,"Wild boar","PIG",2,"slope + BB",0.153975679117105,0.577350725503968,1.16646251821036
1360,"Wild boar","PIG",2,"slope + BB",0.142499499115893,0.585955040095544,1.15315255703426
1361,"Wild boar","PIG",2,"slope + BB",0.163799114713866,0.585476411401842,1.17797765434667
1362,"Wild boar","PIG",2,"slope + BB",0.140358211893903,0.597475289877223,1.15068591894856
1363,"Wild boar","PIG",2,"slope + BB",0.139073576874017,0.605324672756002,1.1492086606745
1364,"Wild boar","PIG",2,"slope + BB",0.138177057585996,0.617990214178243,1.14817889302958
1365,"Wild boar","PIG",2,"slope + BB",0.130040814521972,0.614606017072398,1.13887486682547
1366,"Wild boar","PIG",2,"slope + BB",0.140977103301601,0.628952337999762,1.15139828494012
1367,"Wild boar","PIG",2,"slope + BB",0.122395797677815,0.632802205451834,1.1302013499881
1368,"Wild boar","PIG",2,"slope + BB",0.116340801556847,0.648980730524884,1.12337866880561
1369,"Wild boar","PIG",2,"slope + BB",0.127403604937628,0.653039973187268,1.13587537329877
1370,"Wild boar","PIG",2,"slope + BB",0.126146013968615,0.673006406777123,1.13444780310812
1371,"Wild boar","PIG",2,"slope + BB",0.113942602905548,0.677335699499972,1.12068780766148
1372,"Wild boar","PIG",2,"slope + BB",0.111431654751684,0.706673879628062,1.11787734056943
1373,"Wild boar","PIG",2,"slope + BB",0.119349290392901,0.720337971547473,1.12676341762112
1374,"Wild boar","PIG",2,"slope + BB",0.105565825577313,0.740366063501466,1.11133927822631
1375,"Wild boar","PIG",2,"slope + BB",0.122869966863281,0.767099543515882,1.13073737885516
1376,"Wild boar","PIG",2,"slope + BB",0.111085922843471,0.786393118130874,1.11749112337454
1377,"Wild boar","PIG",2,"slope + BB",0.118408607160218,0.881982096881596,1.12570398905937
1378,"Wild boar","PIG",2,"slope + BB",-0.107649916585058,0.751170882585334,0.897941897644098
1379,"Wild boar","PIG",2,"slope + BB",-0.119175109799418,0.699299315482448,0.887652354322251
1380,"Wild boar","PIG",2,"slope + BB",-0.122203031367772,0.678031230738797,0.884968673921717
1381,"Wild boar","PIG",2,"slope + BB",-0.109638694665237,0.659503549893249,0.896157863427528
1382,"Wild boar","PIG",2,"slope + BB",-0.109230389879128,0.659640725674526,0.896523852997476
1383,"Wild boar","PIG",2,"slope + BB",-0.10851693016918,0.634375457974356,0.897163731964006
1384,"Wild boar","PIG",2,"slope + BB",-0.0966798337499046,0.628772495528601,0.90784663170129
1385,"Wild boar","PIG",2,"slope + BB",-0.101395000503668,0.613601259430135,0.903576049512723
1386,"Wild boar","PIG",2,"slope + BB",-0.0920873155526472,0.606300835374139,0.912025512164487
1387,"Wild boar","PIG",2,"slope + BB",-0.107370228454149,0.589116283388501,0.898193075135694
1388,"Wild boar","PIG",2,"slope + BB",-0.0970802769398524,0.601336552362521,0.907483156283673
1389,"Wild boar","PIG",2,"slope + BB",-0.0922695007515414,0.591994234053549,0.911859379152802
1390,"Wild boar","PIG",2,"slope + BB",-0.0707731919666263,0.58042525459146,0.931673183856502
1391,"Wild boar","PIG",2,"slope + BB",-0.0610103881427678,0.575360544866103,0.940813466530448
1392,"Wild boar","PIG",2,"slope + BB",-0.0551880440942094,0.562654645731254,0.946307199279544
1393,"Wild boar","PIG",2,"slope + BB",-0.0359443786826869,0.578001336844023,0.9646939498583
1394,"Wild boar","PIG",2,"slope + BB",-0.0272720361360208,0.577495148608596,0.973096496338822
1395,"Wild boar","PIG",2,"slope + BB",-0.00864819059926209,0.565723561462252,0.991389099354153
1396,"Wild boar","PIG",2,"slope + BB",0.00677708315029849,0.560342372078587,1.00680010279538
1397,"Wild boar","PIG",2,"slope + BB",0.0359516973388334,0.555631409185433,1.03660577779192
1398,"Wild boar","PIG",2,"slope + BB",0.0492866232621891,0.558269724523833,1.05052141303065
1399,"Wild boar","PIG",2,"slope + BB",0.0657497249318042,0.558347157528402,1.06795944849053
1400,"Wild boar","PIG",2,"slope + BB",0.096071394773007,0.569252808598711,1.10083766082316
1401,"Wild boar","PIG",2,"slope + BB",0.119551861836189,0.574054781730948,1.12699169134457
1402,"Wild boar","PIG",2,"slope + BB",0.1509828635168,0.5678649064569,1.16297672859039
1403,"Wild boar","PIG",2,"slope + BB",0.174641330902519,0.57065391899446,1.19081903112501
1404,"Wild boar","PIG",2,"slope + BB",0.19026253262634,0.569554408860659,1.20956710723078
1405,"Wild boar","PIG",2,"slope + BB",0.18642240208276,0.58123897293448,1.20493111835913
1406,"Wild boar","PIG",2,"slope + BB",0.171488630413835,0.588195630407361,1.18707064733493
1407,"Wild boar","PIG",2,"slope + BB",0.170148828309362,0.595589223223845,1.18548127237321
1408,"Wild boar","PIG",2,"slope + BB",0.17452655377355,0.594046986167712,1.19068236048397
1409,"Wild boar","PIG",2,"slope + BB",0.151307286061827,0.612248960718578,1.16335408760977
1410,"Wild boar","PIG",2,"slope + BB",0.147097849278152,0.622589791182945,1.15846731375795
1411,"Wild boar","PIG",2,"slope + BB",0.149641042158594,0.628911824391667,1.16141726821659
1412,"Wild boar","PIG",2,"slope + BB",0.151944626650482,0.630504418864531,1.16409577746437
1413,"Wild boar","PIG",2,"slope + BB",0.137105786940548,0.643388533146272,1.14694947522072
1414,"Wild boar","PIG",2,"slope + BB",0.141291272667262,0.65799973206651,1.15176024501622
1415,"Wild boar","PIG",2,"slope + BB",0.158072635678236,0.671854966216761,1.17125126638094
1416,"Wild boar","PIG",2,"slope + BB",0.134912830247151,0.681187525192746,1.14443702480213
1417,"Wild boar","PIG",2,"slope + BB",0.130455847374179,0.70036649492544,1.13934763940574
1418,"Wild boar","PIG",2,"slope + BB",0.133031764522535,0.725715201303353,1.14228628765267
1419,"Wild boar","PIG",2,"slope + BB",0.135584116130517,0.745813167404271,1.1452055251626
1420,"Wild boar","PIG",2,"slope + BB",0.11851321172224,0.767877933670831,1.12582174973028
1421,"Wild boar","PIG",2,"slope + BB",0.12617483900296,0.811310878945977,1.13448050296241
1422,"Wild boar","PIG",2,"slope + BB",0.132982569252325,0.912927076324163,1.14223008925724
1423,"Wild boar","PIG",2,"slope + BB",-0.102816444298122,0.803933212197429,0.902292585705819
1424,"Wild boar","PIG",2,"slope + BB",-0.0983732101676569,0.712037113047736,0.906310596409203
1425,"Wild boar","PIG",2,"slope + BB",-0.084431704930192,0.680004457178464,0.919034431797318
1426,"Wild boar","PIG",2,"slope + BB",-0.113448018709035,0.6608363893259,0.892750601636867
1427,"Wild boar","PIG",2,"slope + BB",-0.0965286555196569,0.646267264347902,0.907983878862375
1428,"Wild boar","PIG",2,"slope + BB",-0.0922805743566391,0.627018120593844,0.91184928720726
1429,"Wild boar","PIG",2,"slope + BB",-0.0884284867265203,0.621633810169975,0.915368581563168
1430,"Wild boar","PIG",2,"slope + BB",-0.0841951578608675,0.614270412015372,0.919251890609485
1431,"Wild boar","PIG",2,"slope + BB",-0.0828752920462948,0.601126265362236,0.920465937573327
1432,"Wild boar","PIG",2,"slope + BB",-0.0699138323834139,0.602692007143317,0.932474165531249
1433,"Wild boar","PIG",2,"slope + BB",-0.0566018733624193,0.595795792711567,0.944970216051554
1434,"Wild boar","PIG",2,"slope + BB",-0.0666606620606723,0.596635777508967,0.935512605340947
1435,"Wild boar","PIG",2,"slope + BB",-0.0463652545413472,0.589198471391699,0.954693192545596
1436,"Wild boar","PIG",2,"slope + BB",-0.0450657369823594,0.584936607853944,0.955934639806459
1437,"Wild boar","PIG",2,"slope + BB",-0.0202674896143193,0.57794548735195,0.979936519141675
1438,"Wild boar","PIG",2,"slope + BB",-0.00467809194134768,0.576593149635378,0.995332850056624
1439,"Wild boar","PIG",2,"slope + BB",-0.00445954229473789,0.572948949334017,0.995550388982044
1440,"Wild boar","PIG",2,"slope + BB",-0.00471931237774285,0.560933168887873,0.995291810187968
1441,"Wild boar","PIG",2,"slope + BB",0.0109364847766922,0.564666447484998,1.01099650725752
1442,"Wild boar","PIG",2,"slope + BB",0.011201192299728,0.554519580956437,1.01126422201157
1443,"Wild boar","PIG",2,"slope + BB",0.0487311006658544,0.556609189131276,1.04993798515406
1444,"Wild boar","PIG",2,"slope + BB",0.0677410218463991,0.560183434844622,1.07008814322892
1445,"Wild boar","PIG",2,"slope + BB",0.123078444815461,0.563664272605551,1.13097314889792
1446,"Wild boar","PIG",2,"slope + BB",0.152608659077491,0.570520211962102,1.16486902883929
1447,"Wild boar","PIG",2,"slope + BB",0.191519594718708,0.544165208124476,1.2110885651921
1448,"Wild boar","PIG",2,"slope + BB",0.224893424283619,0.544932559093584,1.2521892943252
1449,"Wild boar","PIG",2,"slope + BB",0.239791231188148,0.552558220666952,1.27098379168834
1450,"Wild boar","PIG",2,"slope + BB",0.232827413862204,0.571934548253343,1.26216366229164
1451,"Wild boar","PIG",2,"slope + BB",0.206666359069224,0.582505150153464,1.22957227792066
1452,"Wild boar","PIG",2,"slope + BB",0.1897198092567,0.588703518239347,1.20891082495238
1453,"Wild boar","PIG",2,"slope + BB",0.171770834200815,0.608988999598112,1.18740569186981
1454,"Wild boar","PIG",2,"slope + BB",0.177877486161493,0.61097690231761,1.19467894912055
1455,"Wild boar","PIG",2,"slope + BB",0.178928853050118,0.615160103690442,1.19593565583983
1456,"Wild boar","PIG",2,"slope + BB",0.162235964530521,0.626440160548196,1.17613773538738
1457,"Wild boar","PIG",2,"slope + BB",0.156510534510184,0.64221042270086,1.16942309124628
1458,"Wild boar","PIG",2,"slope + BB",0.163338686000302,0.644543110744831,1.17743541761251
1459,"Wild boar","PIG",2,"slope + BB",0.167541542310071,0.663751971726847,1.18239442613101
1460,"Wild boar","PIG",2,"slope + BB",0.163668861015253,0.671196681440273,1.17782423792521
1461,"Wild boar","PIG",2,"slope + BB",0.155788867483245,0.681980208582918,1.16857953122106
1462,"Wild boar","PIG",2,"slope + BB",0.133807794558414,0.708067186121285,1.14317307786675
1463,"Wild boar","PIG",2,"slope + BB",0.149544306771661,0.727387672231224,1.16130492775
1464,"Wild boar","PIG",2,"slope + BB",0.143863774513335,0.750768092079627,1.15472680163667
1465,"Wild boar","PIG",2,"slope + BB",0.138489547236893,0.772494095208641,1.1485376762571
1466,"Wild boar","PIG",2,"slope + BB",0.13320689491708,0.836548783209798,1.14248634888554
1467,"Wild boar","PIG",2,"slope + BB",-0.116579564169206,0.824634273484473,0.889959290123373
1468,"Wild boar","PIG",2,"slope + BB",-0.108850841122187,0.732736772743108,0.896864207240244
1469,"Wild boar","PIG",2,"slope + BB",-0.0877445294324551,0.701344969350142,0.915994872829437
1470,"Wild boar","PIG",2,"slope + BB",-0.0871807871756274,0.655233438806304,0.91651138800625
1471,"Wild boar","PIG",2,"slope + BB",-0.0897029324902132,0.646454349272745,0.914202725065888
1472,"Wild boar","PIG",2,"slope + BB",-0.07075677042092,0.63160522497745,0.931688478794522
1473,"Wild boar","PIG",2,"slope + BB",-0.0822327722646929,0.616245217852287,0.921057537115243
1474,"Wild boar","PIG",2,"slope + BB",-0.0702212684449697,0.615345683512092,0.93218753340139
1475,"Wild boar","PIG",2,"slope + BB",-0.0610666027960671,0.600433337015013,0.940760581204062
1476,"Wild boar","PIG",2,"slope + BB",-0.0584518435675286,0.600338783503964,0.943223677793749
1477,"Wild boar","PIG",2,"slope + BB",-0.0395298978132923,0.597956292008306,0.961241247729189
1478,"Wild boar","PIG",2,"slope + BB",-0.0353315062719943,0.593835413889282,0.965285366811569
1479,"Wild boar","PIG",2,"slope + BB",-0.018450218486009,0.596499499892277,0.981718944907618
1480,"Wild boar","PIG",2,"slope + BB",-0.00554021350088499,0.571794822012589,0.994475105880416
1481,"Wild boar","PIG",2,"slope + BB",0.00838212706967875,0.573790719743263,1.00841736872917
1482,"Wild boar","PIG",2,"slope + BB",0.00410369541632471,0.578083089228016,1.00411212914228
1483,"Wild boar","PIG",2,"slope + BB",0.0121339363332759,0.569725084758714,1.01220789638596
1484,"Wild boar","PIG",2,"slope + BB",0.0171045515542308,0.551966967910882,1.01725171382822
1485,"Wild boar","PIG",2,"slope + BB",-0.0377738046066024,0.50088638262361,0.962930731233195
1486,"Wild boar","PIG",2,"slope + BB",-0.000279508401479673,0.506288624986635,0.999720530782605
1487,"Wild boar","PIG",2,"slope + BB",0.0548555326290252,0.548727711484125,1.05638799351779
1488,"Wild boar","PIG",2,"slope + BB",0.0977055044075636,0.563101949499427,1.10263801698516
1489,"Wild boar","PIG",2,"slope + BB",0.144800354057324,0.555606186551302,1.15580880284225
1490,"Wild boar","PIG",2,"slope + BB",0.160132801194854,0.55532505184551,1.17366672499135
1491,"Wild boar","PIG",2,"slope + BB",0.224016423280026,0.551210226185378,1.25109156956551
1492,"Wild boar","PIG",2,"slope + BB",0.316478432915771,0.520606395854994,1.3722866575917
1493,"Wild boar","PIG",2,"slope + BB",0.341593444035597,0.518809707475442,1.40718808216231
1494,"Wild boar","PIG",2,"slope + BB",0.258799707803558,0.550274664671698,1.29537432613031
1495,"Wild boar","PIG",2,"slope + BB",0.2178268680484,0.575289039012468,1.24337178480214
1496,"Wild boar","PIG",2,"slope + BB",0.209982770601434,0.585638856068037,1.23365681047268
1497,"Wild boar","PIG",2,"slope + BB",0.187511626837893,0.591528578394479,1.20624434093195
1498,"Wild boar","PIG",2,"slope + BB",0.17608583273286,0.60857604905841,1.19254045171247
1499,"Wild boar","PIG",2,"slope + BB",0.18592995840645,0.626670465626053,1.2043379096976
1500,"Wild boar","PIG",2,"slope + BB",0.181208766878219,0.626532679339738,1.19866539707193
1501,"Wild boar","PIG",2,"slope + BB",0.181680209405836,0.644841830091736,1.19923063042574
1502,"Wild boar","PIG",2,"slope + BB",0.180188110560862,0.655182753416811,1.1974427526465
1503,"Wild boar","PIG",2,"slope + BB",0.175795106041807,0.664848400593639,1.19219376779278
1504,"Wild boar","PIG",2,"slope + BB",0.164468229598789,0.676908067958472,1.17876613319915
1505,"Wild boar","PIG",2,"slope + BB",0.1639846781863,0.695873944604732,1.17819626442982
1506,"Wild boar","PIG",2,"slope + BB",0.14860323734646,0.710063263431375,1.16021257792669
1507,"Wild boar","PIG",2,"slope + BB",0.146678413470307,0.730211663830439,1.15798151272756
1508,"Wild boar","PIG",2,"slope + BB",0.152935811838493,0.764822609353392,1.16525018353829
1509,"Wild boar","PIG",2,"slope + BB",0.156830916627253,0.797188427049276,1.16979785167858
1510,"Wild boar","PIG",2,"slope + BB",0.166440529574259,0.887212505251623,1.18109333515363
1511,"Wild boar","PIG",2,"slope + BB",-0.107532690623152,0.87104166318718,0.898047166191139
1512,"Wild boar","PIG",2,"slope + BB",-0.101416144334183,0.746882937401125,0.903556995608712
1513,"Wild boar","PIG",2,"slope + BB",-0.0899662116276282,0.702304912660969,0.913962072227081
1514,"Wild boar","PIG",2,"slope + BB",-0.0894627152804019,0.670817406540371,0.914422363168331
1515,"Wild boar","PIG",2,"slope + BB",-0.0858877940070016,0.643776866533174,0.917697200240725
1516,"Wild boar","PIG",2,"slope + BB",-0.0809241827068058,0.645210462107618,0.922263614240559
1517,"Wild boar","PIG",2,"slope + BB",-0.0551740809430233,0.620878364897139,0.946320397469171
1518,"Wild boar","PIG",2,"slope + BB",-0.0467124460960014,0.618378685696587,0.954361788740337
1519,"Wild boar","PIG",2,"slope + BB",-0.0362825467383105,0.625210582347455,0.964367777680935
1520,"Wild boar","PIG",2,"slope + BB",-0.0369303570315564,0.609981508521211,0.963743251075396
1521,"Wild boar","PIG",2,"slope + BB",-0.0296525825749636,0.602651345010205,0.970782741836285
1522,"Wild boar","PIG",2,"slope + BB",-0.0140349090115303,0.599975896162799,0.986063125480483
1523,"Wild boar","PIG",2,"slope + BB",-0.0139993227466732,0.587172368904277,0.986098212530022
1524,"Wild boar","PIG",2,"slope + BB",0.0252098363192028,0.58839438932685,1.02553029156759
1525,"Wild boar","PIG",2,"slope + BB",0.0372229598598586,0.581310947292175,1.03792441110898
1526,"Wild boar","PIG",2,"slope + BB",0.0440451842123566,0.571722660256714,1.04502957952969
1527,"Wild boar","PIG",2,"slope + BB",0.0563246200789712,0.571487559789943,1.05794106002524
1528,"Wild boar","PIG",2,"slope + BB",0.0581379805829921,0.548892181065539,1.05986122596109
1529,"Wild boar","PIG",2,"slope + BB",0.0574035976381906,0.541615150221291,1.05908316788158
1530,"Wild boar","PIG",2,"slope + BB",0.0573502560805638,0.549645278973589,1.05902667905131
1531,"Wild boar","PIG",2,"slope + BB",0.0833089116080264,0.563626187030698,1.08687751105078
1532,"Wild boar","PIG",2,"slope + BB",0.112915450050395,0.553599147079183,1.11953728182123
1533,"Wild boar","PIG",2,"slope + BB",0.160778486287409,0.565384280397105,1.17442479062797
1534,"Wild boar","PIG",2,"slope + BB",0.18157500898132,0.567958328599085,1.19910447707838
1535,"Wild boar","PIG",2,"slope + BB",0.23255743312328,0.556632504385508,1.26182291494937
1536,"Wild boar","PIG",2,"slope + BB",0.302415118000613,0.536521263728693,1.35312282144313
1537,"Wild boar","PIG",2,"slope + BB",0.348277179733179,0.52828745384115,1.41662486109742
1538,"Wild boar","PIG",2,"slope + BB",0.25982983242166,0.552923993890074,1.29670942614251
1539,"Wild boar","PIG",2,"slope + BB",0.233442112680353,0.575037365680857,1.26293972742954
1540,"Wild boar","PIG",2,"slope + BB",0.228340783493731,0.57588804143902,1.25651345156824
1541,"Wild boar","PIG",2,"slope + BB",0.209411660814781,0.595004846753161,1.23295253819566
1542,"Wild boar","PIG",2,"slope + BB",0.206252080049131,0.608215596310098,1.22906331480065
1543,"Wild boar","PIG",2,"slope + BB",0.18625940979034,0.622574619563946,1.20473476739983
1544,"Wild boar","PIG",2,"slope + BB",0.200282911277096,0.635607573426612,1.22174835808294
1545,"Wild boar","PIG",2,"slope + BB",0.204127092217276,0.641075898102776,1.22645401674466
1546,"Wild boar","PIG",2,"slope + BB",0.209194275767765,0.656797780044281,1.23268445644931
1547,"Wild boar","PIG",2,"slope + BB",0.208674360572666,0.662891275727773,1.23204393129814
1548,"Wild boar","PIG",2,"slope + BB",0.189874947040422,0.680422940822192,1.2090983887425
1549,"Wild boar","PIG",2,"slope + BB",0.176473805401448,0.69262236671958,1.19300319550227
1550,"Wild boar","PIG",2,"slope + BB",0.176511240751441,0.714132506372185,1.19304783787259
1551,"Wild boar","PIG",2,"slope + BB",0.161367873378345,0.733392470088602,1.17511718577583
1552,"Wild boar","PIG",2,"slope + BB",0.170730616552378,0.77335120351056,1.18617118217161
1553,"Wild boar","PIG",2,"slope + BB",0.171215909275783,0.812668580339786,1.18674696011004
1554,"Wild boar","PIG",2,"slope + BB",0.172198874167008,0.884456846215833,1.1879140881161
1555,"Wild boar","PIG",2,"slope + BB",-0.0746068629091516,0.799169198735388,0.928108383213523
1556,"Wild boar","PIG",2,"slope + BB",-0.0878543082217508,0.718539803743157,0.915894627574467
1557,"Wild boar","PIG",2,"slope + BB",-0.0735589772623969,0.670099012483756,0.929081360614682
1558,"Wild boar","PIG",2,"slope + BB",-0.063018296038687,0.647957169242679,0.938926295058581
1559,"Wild boar","PIG",2,"slope + BB",-0.0464526477919384,0.643489014355411,0.954609764792031
1560,"Wild boar","PIG",2,"slope + BB",-0.0462788886298778,0.6253024757569,0.954775654646382
1561,"Wild boar","PIG",2,"slope + BB",-0.0265660146279785,0.624729767356642,0.973783774139866
1562,"Wild boar","PIG",2,"slope + BB",-0.0328470885002317,0.618903942807477,0.967686519445129
1563,"Wild boar","PIG",2,"slope + BB",-0.0179559304760805,0.609377830452437,0.982204316689765
1564,"Wild boar","PIG",2,"slope + BB",-0.00876755831541113,0.598855925036009,0.99127076516591
1565,"Wild boar","PIG",2,"slope + BB",0.0109492543775444,0.597555996206691,1.01100950695862
1566,"Wild boar","PIG",2,"slope + BB",0.0307924457580922,0.586575374336848,1.03127143977883
1567,"Wild boar","PIG",2,"slope + BB",0.0388084995464896,0.574810835483876,1.03957155892597
1568,"Wild boar","PIG",2,"slope + BB",0.0632196003508113,0.579822791340021,1.06526074530952
1569,"Wild boar","PIG",2,"slope + BB",0.0928379764498861,0.571948401831545,1.09728393508766
1570,"Wild boar","PIG",2,"slope + BB",0.0893077956856498,0.566418822038369,1.09341715684633
1571,"Wild boar","PIG",2,"slope + BB",0.107339167548361,0.548251613199471,1.11331179386114
1572,"Wild boar","PIG",2,"slope + BB",0.100052812665438,0.554346714604109,1.10522928707188
1573,"Wild boar","PIG",2,"slope + BB",0.11967806819946,0.553382778057523,1.12713393349747
1574,"Wild boar","PIG",2,"slope + BB",0.118988299781478,0.55554496771187,1.12635674077317
1575,"Wild boar","PIG",2,"slope + BB",0.132984543801788,0.54852255042809,1.14223235366127
1576,"Wild boar","PIG",2,"slope + BB",0.13732356738555,0.563812045201136,1.1471992850598
1577,"Wild boar","PIG",2,"slope + BB",0.168088494355737,0.559691195489958,1.18304129855133
1578,"Wild boar","PIG",2,"slope + BB",0.201550820952842,0.555731466032631,1.22329840524039
1579,"Wild boar","PIG",2,"slope + BB",0.243725847990993,0.547141190008169,1.27599449769616
1580,"Wild boar","PIG",2,"slope + BB",0.23678742000055,0.554321898028808,1.26717171770523
1581,"Wild boar","PIG",2,"slope + BB",0.249340368746502,0.563072726611205,1.2831787389166
1582,"Wild boar","PIG",2,"slope + BB",0.229817326319737,0.574627695843423,1.25837012151018
1583,"Wild boar","PIG",2,"slope + BB",0.222736331860524,0.59843483171619,1.24949107932428
1584,"Wild boar","PIG",2,"slope + BB",0.217696590752555,0.598718159533449,1.24320980981493
1585,"Wild boar","PIG",2,"slope + BB",0.212857594029878,0.598921266296239,1.23720845522179
1586,"Wild boar","PIG",2,"slope + BB",0.211694704766142,0.622770211921757,1.23577055271208
1587,"Wild boar","PIG",2,"slope + BB",0.211514264909668,0.623208738045639,1.23554759047886
1588,"Wild boar","PIG",2,"slope + BB",0.213176720085317,0.637239475214154,1.23760334751098
1589,"Wild boar","PIG",2,"slope + BB",0.208081247527692,0.648082983335607,1.2313132417174
1590,"Wild boar","PIG",2,"slope + BB",0.205203536685114,0.662590591366331,1.22777494285165
1591,"Wild boar","PIG",2,"slope + BB",0.210467123409082,0.680681344904014,1.23425447448015
1592,"Wild boar","PIG",2,"slope + BB",0.202241560178094,0.692723094105484,1.22414367817549
1593,"Wild boar","PIG",2,"slope + BB",0.186546891622265,0.711218794303927,1.20508112960792
1594,"Wild boar","PIG",2,"slope + BB",0.185555790278922,0.740113152548049,1.20388736367986
1595,"Wild boar","PIG",2,"slope + BB",0.182177806130533,0.787698399014144,1.19982753861995
1596,"Wild boar","PIG",2,"slope + BB",0.154509716950091,0.851201921921521,1.16708562272645
1597,"Wild boar","PIG",2,"slope + BB",0.163829941688127,0.905677369461296,1.17801428601806
1598,"Wild boar","PIG",2,"slope + BB",0.1709945529674,1.02548647306978,1.18648443959577
1599,"Wild boar","PIG",2,"slope + BB",-0.0822508886169144,0.745223516642351,0.92104085394027
1600,"Wild boar","PIG",2,"slope + BB",-0.0567613044521339,0.673822616029646,0.94481956889014
1601,"Wild boar","PIG",2,"slope + BB",-0.043408629349299,0.658904527382487,0.957520042621563
1602,"Wild boar","PIG",2,"slope + BB",-0.0412751005168195,0.629632500921772,0.959565165832202
1603,"Wild boar","PIG",2,"slope + BB",-0.0368807993672825,0.636389695702461,0.96379102162418
1604,"Wild boar","PIG",2,"slope + BB",-0.0322014568583994,0.620361669160649,0.968311489896877
1605,"Wild boar","PIG",2,"slope + BB",-0.0233624012346237,0.611397508576897,0.976908387205788
1606,"Wild boar","PIG",2,"slope + BB",0.0044514330024985,0.600361175649667,1.00446135536351
1607,"Wild boar","PIG",2,"slope + BB",0.0266938327841881,0.605595874025644,1.02705330457087
1608,"Wild boar","PIG",2,"slope + BB",0.0354810677576636,0.594480546888526,1.03611804030301
1609,"Wild boar","PIG",2,"slope + BB",0.0629705390955322,0.586121717984328,1.06499546885242
1610,"Wild boar","PIG",2,"slope + BB",0.0854967677367237,0.578594309366282,1.08925804355807
1611,"Wild boar","PIG",2,"slope + BB",0.0973851084405699,0.575207256179228,1.10228479532423
1612,"Wild boar","PIG",2,"slope + BB",0.122725647615644,0.571304289950521,1.1305742081533
1613,"Wild boar","PIG",2,"slope + BB",0.136362120176167,0.568174154830969,1.14609685295172
1614,"Wild boar","PIG",2,"slope + BB",0.162273457960271,0.565997672782595,1.17618183560892
1615,"Wild boar","PIG",2,"slope + BB",0.154765435985966,0.553906622271074,1.16738411848775
1616,"Wild boar","PIG",2,"slope + BB",0.157130151791369,0.557485077305286,1.17014790100056
1617,"Wild boar","PIG",2,"slope + BB",0.173940730012109,0.557293014426892,1.18998503464659
1618,"Wild boar","PIG",2,"slope + BB",0.172317978518847,0.557065053169827,1.18805555236354
1619,"Wild boar","PIG",2,"slope + BB",0.14490226271563,0.566727699990805,1.15592659154604
1620,"Wild boar","PIG",2,"slope + BB",0.141183612070355,0.560178118589544,1.15163608285909
1621,"Wild boar","PIG",2,"slope + BB",0.158658982460466,0.554795073353312,1.17193830852895
1622,"Wild boar","PIG",2,"slope + BB",0.168454987843385,0.554226299972358,1.1834749558877
1623,"Wild boar","PIG",2,"slope + BB",0.204619922882046,0.559673274410417,1.2270585996649
1624,"Wild boar","PIG",2,"slope + BB",0.215087337470895,0.564973503021875,1.23997020097578
1625,"Wild boar","PIG",2,"slope + BB",0.215183978219821,0.585027014276471,1.24009002592467
1626,"Wild boar","PIG",2,"slope + BB",0.206899500846252,0.595733333153024,1.2298589661363
1627,"Wild boar","PIG",2,"slope + BB",0.213109939474691,0.599908270607873,1.23752070806572
1628,"Wild boar","PIG",2,"slope + BB",0.209223823560555,0.605643089351548,1.23272088112001
1629,"Wild boar","PIG",2,"slope + BB",0.223403063430175,0.614850188135162,1.25032443617047
1630,"Wild boar","PIG",2,"slope + BB",0.22460836818825,0.618520136305585,1.25183236851723
1631,"Wild boar","PIG",2,"slope + BB",0.234867875148081,0.635812479073466,1.26474165471937
1632,"Wild boar","PIG",2,"slope + BB",0.227430252644945,0.6521085379541,1.25536987806328
1633,"Wild boar","PIG",2,"slope + BB",0.233949791152389,0.656582952499008,1.26358104804552
1634,"Wild boar","PIG",2,"slope + BB",0.217994516575203,0.667876802698325,1.24358026007637
1635,"Wild boar","PIG",2,"slope + BB",0.212639599521552,0.695901164517338,1.23693882697742
1636,"Wild boar","PIG",2,"slope + BB",0.202892995134015,0.72857991723218,1.22494138774994
1637,"Wild boar","PIG",2,"slope + BB",0.198762800880119,0.776900740320747,1.21989265172762
1638,"Wild boar","PIG",2,"slope + BB",0.178659821707761,0.87079919379622,1.19561396392519
1639,"Wild boar","PIG",2,"slope + BB",0.188235793338507,0.91718843634878,1.20711826427889
1640,"Wild boar","PIG",2,"slope + BB",0.164998221962914,0.976775971664736,1.17939103201929
1641,"Wild boar","PIG",2,"slope + BB",0.150798469557154,1.04900861148311,1.16276256641131
1642,"Wild boar","PIG",2,"slope + BB",-0.0402917072868621,0.767107842104669,0.960509221162938
1643,"Wild boar","PIG",2,"slope + BB",-0.043000374468143,0.681556912628507,0.95791103197588
1644,"Wild boar","PIG",2,"slope + BB",-0.0428760638427423,0.653034182730314,0.958030118975487
1645,"Wild boar","PIG",2,"slope + BB",-0.0291728813015605,0.640377590379289,0.971248547016793
1646,"Wild boar","PIG",2,"slope + BB",-0.017640546691945,0.625940470083501,0.982514137098421
1647,"Wild boar","PIG",2,"slope + BB",-0.00392923688418347,0.615319890878325,0.996078475490266
1648,"Wild boar","PIG",2,"slope + BB",-0.00272753660153756,0.605102003589394,0.997276185785154
1649,"Wild boar","PIG",2,"slope + BB",0.000970814636346029,0.604537091081438,1.00097128782539
1650,"Wild boar","PIG",2,"slope + BB",0.0314384933475494,0.592194865862573,1.0319379060362
1651,"Wild boar","PIG",2,"slope + BB",0.0590332609334042,0.588677875387578,1.06081053842981
1652,"Wild boar","PIG",2,"slope + BB",0.0730733688641592,0.569984896985915,1.0758094742539
1653,"Wild boar","PIG",2,"slope + BB",0.107382325169214,0.57438356041955,1.11335984350648
1654,"Wild boar","PIG",2,"slope + BB",0.140021359214538,0.569148863697349,1.15029837257584
1655,"Wild boar","PIG",2,"slope + BB",0.14813550425842,0.566300888004933,1.15967003315031
1656,"Wild boar","PIG",2,"slope + BB",0.170901090499353,0.565562310652145,1.18637340310352
1657,"Wild boar","PIG",2,"slope + BB",0.209595987288788,0.558400969482344,1.23317973906482
1658,"Wild boar","PIG",2,"slope + BB",0.21880347476578,0.56155361799157,1.24458666158248
1659,"Wild boar","PIG",2,"slope + BB",0.234887109419483,0.543549388352344,1.26476599022325
1660,"Wild boar","PIG",2,"slope + BB",0.202642109115633,0.565005483369166,1.22463410446401
1661,"Wild boar","PIG",2,"slope + BB",0.170874611783623,0.561513126901416,1.18634206225064
1662,"Wild boar","PIG",2,"slope + BB",0.158093877184684,0.553695560107696,1.17127614574425
1663,"Wild boar","PIG",2,"slope + BB",0.141790826516507,0.553431939337988,1.15233559734966
1664,"Wild boar","PIG",2,"slope + BB",0.122009980237043,0.554322300420768,1.12976538400072
1665,"Wild boar","PIG",2,"slope + BB",0.125448857883855,0.54851534231898,1.13365719043272
1666,"Wild boar","PIG",2,"slope + BB",0.155528195702954,0.550376395682061,1.16827488042683
1667,"Wild boar","PIG",2,"slope + BB",0.18042421625686,0.566639568078505,1.19772537960247
1668,"Wild boar","PIG",2,"slope + BB",0.211550376527447,0.580608247247976,1.23559221148316
1669,"Wild boar","PIG",2,"slope + BB",0.217086808680973,0.597139300466751,1.24245195476806
1670,"Wild boar","PIG",2,"slope + BB",0.223413949578781,0.602994050833701,1.25033806189667
1671,"Wild boar","PIG",2,"slope + BB",0.228738815379388,0.613491530186007,1.25701370549912
1672,"Wild boar","PIG",2,"slope + BB",0.241676832897446,0.616808492532367,1.27338261181987
1673,"Wild boar","PIG",2,"slope + BB",0.24449717474741,0.630548776160406,1.27697905458524
1674,"Wild boar","PIG",2,"slope + BB",0.241846189467088,0.643992101031623,1.27359829163296
1675,"Wild boar","PIG",2,"slope + BB",0.237304261482867,0.643348138586855,1.2678268169582
1676,"Wild boar","PIG",2,"slope + BB",0.244851681063204,0.653108047358553,1.27743183399596
1677,"Wild boar","PIG",2,"slope + BB",0.260951396528016,0.668763460775501,1.29816457060739
1678,"Wild boar","PIG",2,"slope + BB",0.227472757735817,0.702196132779127,1.25542324361764
1679,"Wild boar","PIG",2,"slope + BB",0.214618908439059,0.753107796860626,1.23938949980692
1680,"Wild boar","PIG",2,"slope + BB",0.155313080801036,1.08565134876137,1.16802359283503
1681,"Wild boar","PIG",2,"slope + BB",0.171449923233029,1.17384681832389,1.18702472356829
1682,"Wild boar","PIG",2,"slope + BB",-0.026872331144017,0.766153656978511,0.973485627942861
1683,"Wild boar","PIG",2,"slope + BB",-0.0318536669934042,0.687572954134476,0.968648320013868
1684,"Wild boar","PIG",2,"slope + BB",-0.0257195478509877,0.659685235241777,0.974608382330629
1685,"Wild boar","PIG",2,"slope + BB",-0.0217900694215365,0.640902598694499,0.978445619366781
1686,"Wild boar","PIG",2,"slope + BB",-0.0154996537527472,0.629151904827179,0.98461986405561
1687,"Wild boar","PIG",2,"slope + BB",-0.00438353826376343,0.62477101919304,0.995626062021767
1688,"Wild boar","PIG",2,"slope + BB",0.0156756761176882,0.603549352985228,1.01579919261681
1689,"Wild boar","PIG",2,"slope + BB",0.015570857861166,0.602119398758337,1.01569271587661
1690,"Wild boar","PIG",2,"slope + BB",0.0343330489991961,0.5878412411411,1.03492923226479
1691,"Wild boar","PIG",2,"slope + BB",0.0654091561869345,0.579593068359376,1.06759574901667
1692,"Wild boar","PIG",2,"slope + BB",0.104513847930164,0.568630773031607,1.11017077098288
1693,"Wild boar","PIG",2,"slope + BB",0.158979414583573,0.541387642120162,1.17231382956883
1694,"Wild boar","PIG",2,"slope + BB",0.150223172998616,0.561579915830858,1.16209356276066
1695,"Wild boar","PIG",2,"slope + BB",0.164139701375576,0.559171350137159,1.1783789249305
1696,"Wild boar","PIG",2,"slope + BB",0.192806260289447,0.552796592356751,1.21264783274669
1697,"Wild boar","PIG",2,"slope + BB",0.25333876458272,0.548113064053548,1.28831967224158
1698,"Wild boar","PIG",2,"slope + BB",0.338949923077693,0.54605249453529,1.40347307031945
1699,"Wild boar","PIG",2,"slope + BB",0.324927504710337,0.548279877664206,1.38393031519211
1700,"Wild boar","PIG",2,"slope + BB",0.249770844853277,0.559726514256657,1.28373159106164
1701,"Wild boar","PIG",2,"slope + BB",0.192062882652834,0.563246711614491,1.21174673754531
1702,"Wild boar","PIG",2,"slope + BB",0.153091921270496,0.547388700442704,1.16543210291098
1703,"Wild boar","PIG",2,"slope + BB",0.0918505782602776,0.553902309496439,1.09620104306515
1704,"Wild boar","PIG",2,"slope + BB",0.0175520684314797,0.526133514661924,1.01770701183779
1705,"Wild boar","PIG",2,"slope + BB",0.0764722271495759,0.53325567843238,1.07947221407539
1706,"Wild boar","PIG",2,"slope + BB",0.145756589803775,0.559479008281275,1.15691454928628
1707,"Wild boar","PIG",2,"slope + BB",0.181998542092386,0.572623776641913,1.19961244496699
1708,"Wild boar","PIG",2,"slope + BB",0.188981870758485,0.592536074913116,1.20801905192475
1709,"Wild boar","PIG",2,"slope + BB",0.222260480362982,0.599394123274076,1.24889665467629
1710,"Wild boar","PIG",2,"slope + BB",0.242213333528889,0.60533608806986,1.27406597095796
1711,"Wild boar","PIG",2,"slope + BB",0.24447232429885,0.620597698540009,1.27694732636715
1712,"Wild boar","PIG",2,"slope + BB",0.267067869407675,0.629266096001744,1.30612927991107
1713,"Wild boar","PIG",2,"slope + BB",0.25875508829347,0.634577648788597,1.29531655106352
1714,"Wild boar","PIG",2,"slope + BB",0.266897146940321,0.633723713531399,1.30590612526481
1715,"Wild boar","PIG",2,"slope + BB",0.279009008439366,0.652326541647725,1.32181925140949
1716,"Wild boar","PIG",2,"slope + BB",0.273109625767403,0.666901898078901,1.31404430914243
1717,"Wild boar","PIG",2,"slope + BB",0.274292799744123,0.684534410380325,1.31560000801056
1718,"Wild boar","PIG",2,"slope + BB",0.259011709602717,0.703329693732989,1.29564898194515
1719,"Wild boar","PIG",2,"slope + BB",0.253888224767769,0.799673954998202,1.28902771617837
1720,"Wild boar","PIG",2,"slope + BB",-0.0130728691274266,0.753066528549348,0.987012209902829
1721,"Wild boar","PIG",2,"slope + BB",-0.0199515494295395,0.689723097326491,0.980246167652466
1722,"Wild boar","PIG",2,"slope + BB",-0.0113715875962675,0.65638726189502,0.988692840463343
1723,"Wild boar","PIG",2,"slope + BB",-0.00999454532650885,0.648875989602889,0.990055239415263
1724,"Wild boar","PIG",2,"slope + BB",0.00534726151754394,0.626551987120849,1.00536158971996
1725,"Wild boar","PIG",2,"slope + BB",-0.00981638843241904,0.616882633268101,0.990231635461802
1726,"Wild boar","PIG",2,"slope + BB",0.00390089798749277,0.612153449676542,1.00390851659913
1727,"Wild boar","PIG",2,"slope + BB",0.024167515430803,0.597578008372682,1.0244619287406
1728,"Wild boar","PIG",2,"slope + BB",0.0291275021572229,0.595609973262622,1.0295558574808
1729,"Wild boar","PIG",2,"slope + BB",0.0477103126079337,0.571901999304104,1.04886678177229
1730,"Wild boar","PIG",2,"slope + BB",0.110075009134578,0.571708374218799,1.11636180468386
1731,"Wild boar","PIG",2,"slope + BB",0.172317471787626,0.517371241305502,1.18805495100303
1732,"Wild boar","PIG",2,"slope + BB",0.15208095655529,0.558172119091714,1.16425448696819
1733,"Wild boar","PIG",2,"slope + BB",0.168127537801488,0.557122148879537,1.18308760574868
1734,"Wild boar","PIG",2,"slope + BB",0.190127121657412,0.559437411049011,1.20940333503408
1735,"Wild boar","PIG",2,"slope + BB",0.256664655921973,0.552634692188001,1.29261160757542
1736,"Wild boar","PIG",2,"slope + BB",0.425334350626409,0.511143596235201,1.53010192939683
1737,"Wild boar","PIG",2,"slope + BB",0.370767255180975,0.542267136814538,1.44884583606779
1738,"Wild boar","PIG",2,"slope + BB",0.253939007298964,0.55898277369787,1.28909317669445
1739,"Wild boar","PIG",2,"slope + BB",0.187172389894792,0.564489494533062,1.20583515200261
1740,"Wild boar","PIG",2,"slope + BB",0.148806390235129,0.55532402700406,1.1604482933441
1741,"Wild boar","PIG",2,"slope + BB",0.0943190635834761,0.554284626012408,1.09891031352157
1742,"Wild boar","PIG",2,"slope + BB",0.0101024184438561,0.511632125045417,1.0101536679423
1743,"Wild boar","PIG",2,"slope + BB",0.0463435747236457,0.541142143971232,1.04743422318549
1744,"Wild boar","PIG",2,"slope + BB",0.132896567100924,0.562398055646555,1.14213185843778
1745,"Wild boar","PIG",2,"slope + BB",0.174557180553506,0.583172659530705,1.19071886110707
1746,"Wild boar","PIG",2,"slope + BB",0.201661280364622,0.569786262333538,1.2234335870289
1747,"Wild boar","PIG",2,"slope + BB",0.231848560068024,0.589760671366712,1.2609287727824
1748,"Wild boar","PIG",2,"slope + BB",0.246123152936276,0.59635297844288,1.2790571272609
1749,"Wild boar","PIG",2,"slope + BB",0.250826920750673,0.62246328780931,1.28508774239922
1750,"Wild boar","PIG",2,"slope + BB",0.277224995120678,0.628814802051378,1.31946322516308
1751,"Wild boar","PIG",2,"slope + BB",0.274824634943499,0.637711282008983,1.31629982690725
1752,"Wild boar","PIG",2,"slope + BB",0.281606461046272,0.636401582911707,1.32525707833418
1753,"Wild boar","PIG",2,"slope + BB",0.289068253628976,0.653406384030521,1.33518287580094
1754,"Wild boar","PIG",2,"slope + BB",0.292503267923761,0.668232008666282,1.33977711800839
1755,"Wild boar","PIG",2,"slope + BB",0.295195333460088,0.682774182368459,1.34338874188704
1756,"Wild boar","PIG",2,"slope + BB",0.295654451810624,0.709915227128341,1.34400570886119
1757,"Wild boar","PIG",2,"slope + BB",0.285511574746208,0.798468068558803,1.33044247490398
1758,"Wild boar","PIG",2,"slope + BB",-0.00921972531539648,0.861172591853406,0.990822647227271
1759,"Wild boar","PIG",2,"slope + BB",-0.00381651267061838,0.735877892971512,0.996190794950548
1760,"Wild boar","PIG",2,"slope + BB",0.00527930068513421,0.683873649225012,1.00529327704607
1761,"Wild boar","PIG",2,"slope + BB",-0.0145299249662247,0.66162878966777,0.985575133683592
1762,"Wild boar","PIG",2,"slope + BB",-0.00134691659913888,0.646559908464473,0.998654032072162
1763,"Wild boar","PIG",2,"slope + BB",-0.0044691277535754,0.623727580704071,0.995540847841196
1764,"Wild boar","PIG",2,"slope + BB",0.0159264329670067,0.617137103256878,1.01605394298321
1765,"Wild boar","PIG",2,"slope + BB",0.0136780145071313,0.596579499551616,1.01377198748602
1766,"Wild boar","PIG",2,"slope + BB",0.0350263509704581,0.595712337516933,1.03564700087682
1767,"Wild boar","PIG",2,"slope + BB",0.0401716155722521,0.588169789978939,1.04098941043029
1768,"Wild boar","PIG",2,"slope + BB",0.0523949070998375,0.584756830834714,1.05379181033556
1769,"Wild boar","PIG",2,"slope + BB",0.077918193656603,0.566800772760149,1.08103422771619
1770,"Wild boar","PIG",2,"slope + BB",0.104354623807832,0.566504362934373,1.10999402662666
1771,"Wild boar","PIG",2,"slope + BB",0.136086835245252,0.554125773577049,1.14578138436527
1772,"Wild boar","PIG",2,"slope + BB",0.160985655664951,0.570052091247303,1.17466812707779
1773,"Wild boar","PIG",2,"slope + BB",0.19787864116625,0.547752261797594,1.21881447324013
1774,"Wild boar","PIG",2,"slope + BB",0.228047696084282,0.550332836359223,1.25614523857275
1775,"Wild boar","PIG",2,"slope + BB",0.268154048644029,0.551571901148688,1.30754855834874
1776,"Wild boar","PIG",2,"slope + BB",0.266410104959325,0.553769734236732,1.30527024703597
1777,"Wild boar","PIG",2,"slope + BB",0.235739300144224,0.552462143547022,1.26584426240871
1778,"Wild boar","PIG",2,"slope + BB",0.178411946192387,0.553991972284847,1.19531767692329
1779,"Wild boar","PIG",2,"slope + BB",0.146015022961106,0.546525034461661,1.15721357300179
1780,"Wild boar","PIG",2,"slope + BB",0.115331643452582,0.562714944187463,1.12224556707578
1781,"Wild boar","PIG",2,"slope + BB",0.0887791637365615,0.555318501546814,1.09283929134121
1782,"Wild boar","PIG",2,"slope + BB",0.11523812612353,0.558312853072397,1.12214061695275
1783,"Wild boar","PIG",2,"slope + BB",0.152407878688204,0.568157967720884,1.16463517136374
1784,"Wild boar","PIG",2,"slope + BB",0.181149355062274,0.582160023769798,1.19859418219594
1785,"Wild boar","PIG",2,"slope + BB",0.218778816474895,0.57940918106221,1.24455597105951
1786,"Wild boar","PIG",2,"slope + BB",0.23554790843894,0.587284625079036,1.26560203713206
1787,"Wild boar","PIG",2,"slope + BB",0.245914140400885,0.59982877385035,1.27878977331163
1788,"Wild boar","PIG",2,"slope + BB",0.277257964771273,0.601974489243267,1.31950671869262
1789,"Wild boar","PIG",2,"slope + BB",0.293764949223823,0.619969522126599,1.3414685754089
1790,"Wild boar","PIG",2,"slope + BB",0.294067535621191,0.635129786690608,1.34187453050972
1791,"Wild boar","PIG",2,"slope + BB",0.293619257628053,0.642476854591258,1.34127312823254
1792,"Wild boar","PIG",2,"slope + BB",0.301622881909697,0.649154595679689,1.35205126994736
1793,"Wild boar","PIG",2,"slope + BB",0.312412971199501,0.665127014110834,1.36671899236749
1794,"Wild boar","PIG",2,"slope + BB",0.300657716346254,0.696824463624816,1.35074703472998
1795,"Wild boar","PIG",2,"slope + BB",0.321608393052908,0.722817999700167,1.37934451911865
1796,"Wild boar","PIG",2,"slope + BB",0.325067243061764,0.803258367880832,1.38412371571281
1797,"Wild boar","PIG",2,"slope + BB",-0.00225115041075532,0.823926011063161,0.99775138175288
1798,"Wild boar","PIG",2,"slope + BB",0.0135708033070381,0.724827479023753,1.01366330543661
1799,"Wild boar","PIG",2,"slope + BB",0.00108029299707101,0.689857127712934,1.00108092072667
1800,"Wild boar","PIG",2,"slope + BB",0.00321953413931871,0.659785859293378,1.00322472248711
1801,"Wild boar","PIG",2,"slope + BB",-0.00380080458798887,0.63918819725707,0.996206415724596
1802,"Wild boar","PIG",2,"slope + BB",0.0103419926547003,0.623789618133833,1.01039567970718
1803,"Wild boar","PIG",2,"slope + BB",0.0208427839024782,0.621901703267405,1.02106152392506
1804,"Wild boar","PIG",2,"slope + BB",0.0380451780849134,0.602111255999751,1.03877816621742
1805,"Wild boar","PIG",2,"slope + BB",0.0324951772122416,0.591490601964829,1.03302891152223
1806,"Wild boar","PIG",2,"slope + BB",0.0300145664583935,0.594261426444505,1.03046954863783
1807,"Wild boar","PIG",2,"slope + BB",0.0346167862611606,0.589678384022753,1.0352229257326
1808,"Wild boar","PIG",2,"slope + BB",0.0519438459420171,0.578640844773994,1.05331659303036
1809,"Wild boar","PIG",2,"slope + BB",0.0791385495486768,0.567046793589897,1.08235427341293
1810,"Wild boar","PIG",2,"slope + BB",0.0987757508181019,0.574594469403653,1.10381875047771
1811,"Wild boar","PIG",2,"slope + BB",0.133604763259899,0.556297229030644,1.14294100751558
1812,"Wild boar","PIG",2,"slope + BB",0.165789713932013,0.555689331282729,1.18032487016834
1813,"Wild boar","PIG",2,"slope + BB",0.193249509773709,0.554441486813199,1.21318547099401
1814,"Wild boar","PIG",2,"slope + BB",0.208314923367761,0.550308402182346,1.2316009695096
1815,"Wild boar","PIG",2,"slope + BB",0.222316645456458,0.55496517489476,1.24896679646621
1816,"Wild boar","PIG",2,"slope + BB",0.189467654107122,0.564202139778681,1.20860604654234
1817,"Wild boar","PIG",2,"slope + BB",0.173178629526208,0.55230349883983,1.18907849084023
1818,"Wild boar","PIG",2,"slope + BB",0.145075107980889,0.557915060409208,1.15612641940309
1819,"Wild boar","PIG",2,"slope + BB",0.1241800837935,0.558347730269006,1.13221975713338
1820,"Wild boar","PIG",2,"slope + BB",0.125451772875722,0.569058151799353,1.13366049629661
1821,"Wild boar","PIG",2,"slope + BB",0.132199530881134,0.568982380849898,1.14133602866899
1822,"Wild boar","PIG",2,"slope + BB",0.176225866915571,0.566034199913443,1.19270742394214
1823,"Wild boar","PIG",2,"slope + BB",0.20312987681904,0.585602919987479,1.2252320077571
1824,"Wild boar","PIG",2,"slope + BB",0.235205549465905,0.584257915671781,1.26516884450111
1825,"Wild boar","PIG",2,"slope + BB",0.258540679548713,0.594441416632381,1.29503884467569
1826,"Wild boar","PIG",2,"slope + BB",0.277629714670012,0.581770142570718,1.31999733169873
1827,"Wild boar","PIG",2,"slope + BB",0.296700753500021,0.610284227680411,1.34541262949455
1828,"Wild boar","PIG",2,"slope + BB",0.301283132441053,0.624483796170211,1.35159196709166
1829,"Wild boar","PIG",2,"slope + BB",0.305164386091798,0.638293705461008,1.35684803196269
1830,"Wild boar","PIG",2,"slope + BB",0.32121128398027,0.639361863166137,1.37879686817744
1831,"Wild boar","PIG",2,"slope + BB",0.33448745523561,0.65653069266395,1.39722406671844
1832,"Wild boar","PIG",2,"slope + BB",0.333095571230801,0.668421785690621,1.39528072714774
1833,"Wild boar","PIG",2,"slope + BB",0.325052800764627,0.70175475352666,1.38410373856242
1834,"Wild boar","PIG",2,"slope + BB",0.325562570854326,0.747889608064737,1.38480950848738
1835,"Wild boar","PIG",2,"slope + BB",0.336334854019107,0.822111628460471,1.39980768073572
1836,"Wild boar","PIG",2,"slope + BB",0.327907818487611,0.94129918986932,1.38806115681966
1837,"Wild boar","PIG",2,"slope + BB",0.0147611940693219,0.822351421369475,1.01487067974903
1838,"Wild boar","PIG",2,"slope + BB",0.0124080668668117,0.72409633298212,1.01248536665927
1839,"Wild boar","PIG",2,"slope + BB",0.00942282959016463,0.684757829642146,1.00946739938113
1840,"Wild boar","PIG",2,"slope + BB",0.0119047838336849,0.662491797424299,1.0119759278125
1841,"Wild boar","PIG",2,"slope + BB",0.0043968292533993,0.646217259027914,1.00440651051981
1842,"Wild boar","PIG",2,"slope + BB",0.0234209793786086,0.633082306048605,1.02369742488103
1843,"Wild boar","PIG",2,"slope + BB",0.0271315022644407,0.612944526424143,1.02750291373741
1844,"Wild boar","PIG",2,"slope + BB",0.018753309947589,0.601932552614786,1.0189302595716
1845,"Wild boar","PIG",2,"slope + BB",0.0191118645331579,0.60197352124265,1.01929566944479
1846,"Wild boar","PIG",2,"slope + BB",0.0238582477635642,0.583570274010659,1.02414513442818
1847,"Wild boar","PIG",2,"slope + BB",0.0294799640626411,0.590235123644399,1.02991885355186
1848,"Wild boar","PIG",2,"slope + BB",0.0180277573680135,0.573817324947884,1.01819123894449
1849,"Wild boar","PIG",2,"slope + BB",0.0545494399899891,0.56646769235418,1.05606469072217
1850,"Wild boar","PIG",2,"slope + BB",0.0755253453621586,0.559331405015926,1.07845057621521
1851,"Wild boar","PIG",2,"slope + BB",0.113538474148845,0.555470643553886,1.12023498849133
1852,"Wild boar","PIG",2,"slope + BB",0.143997419209081,0.550139508464993,1.1548811304771
1853,"Wild boar","PIG",2,"slope + BB",0.162525977553726,0.555337032559096,1.17647888039904
1854,"Wild boar","PIG",2,"slope + BB",0.182901700223562,0.555235092217737,1.20069637417174
1855,"Wild boar","PIG",2,"slope + BB",0.179104491360436,0.564767607601493,1.19614572463631
1856,"Wild boar","PIG",2,"slope + BB",0.166096351434202,0.55682651224711,1.18068688715412
1857,"Wild boar","PIG",2,"slope + BB",0.180156708583694,0.563215641937338,1.19740499261984
1858,"Wild boar","PIG",2,"slope + BB",0.15145437296554,0.562152290569891,1.16352521604583
1859,"Wild boar","PIG",2,"slope + BB",0.146329852575349,0.563282708608474,1.15757795644797
1860,"Wild boar","PIG",2,"slope + BB",0.15247242008462,0.569012986593959,1.16471035194837
1861,"Wild boar","PIG",2,"slope + BB",0.162486647500314,0.564239543657165,1.1764326254239
1862,"Wild boar","PIG",2,"slope + BB",0.187397779867201,0.56405975467593,1.20610695470998
1863,"Wild boar","PIG",2,"slope + BB",0.22912359895286,0.576221651142513,1.25749745656019
1864,"Wild boar","PIG",2,"slope + BB",0.240379689265827,0.592085996958537,1.27173192164081
1865,"Wild boar","PIG",2,"slope + BB",0.273512933044317,0.581300956294636,1.31457438367693
1866,"Wild boar","PIG",2,"slope + BB",0.30544102344237,0.597499145989707,1.35722344293461
1867,"Wild boar","PIG",2,"slope + BB",0.324355050856103,0.603229804786404,1.38313832483086
1868,"Wild boar","PIG",2,"slope + BB",0.334217309559478,0.622775318022209,1.39684667341145
1869,"Wild boar","PIG",2,"slope + BB",0.350663700564319,0.635126718335695,1.42000970747889
1870,"Wild boar","PIG",2,"slope + BB",0.348230223055281,0.643099149830938,1.41655833780349
1871,"Wild boar","PIG",2,"slope + BB",0.348626193041333,0.664672097425145,1.41711936338325
1872,"Wild boar","PIG",2,"slope + BB",0.339826128257274,0.686810669130693,1.40470334619024
1873,"Wild boar","PIG",2,"slope + BB",0.331613480050114,0.723343734709614,1.39321423960637
1874,"Wild boar","PIG",2,"slope + BB",0.342558021756057,0.775897249191402,1.40854613943188
1875,"Wild boar","PIG",2,"slope + BB",0.339552955341419,0.864517402354981,1.4043196679103
1876,"Wild boar","PIG",2,"slope + BB",0.331153544141184,0.953148605954527,1.39257363089663
1877,"Wild boar","PIG",2,"slope + BB",0.322729579420602,1.10019992308845,1.38089187944484
1878,"Wild boar","PIG",2,"slope + BB",0.0141810363910961,0.863842512723017,1.01428206438047
1879,"Wild boar","PIG",2,"slope + BB",0.0132407071248196,0.744162972869438,1.01332876545432
1880,"Wild boar","PIG",2,"slope + BB",0.0115834005308371,0.686740895231493,1.01165075966464
1881,"Wild boar","PIG",2,"slope + BB",0.0179962667195489,0.659696454304576,1.01815924142916
1882,"Wild boar","PIG",2,"slope + BB",0.0123990421616884,0.653872752885576,1.01247623026146
1883,"Wild boar","PIG",2,"slope + BB",0.030740108453722,0.622893209481773,1.03121749846985
1884,"Wild boar","PIG",2,"slope + BB",0.0151248591114874,0.60745994289492,1.01523982145026
1885,"Wild boar","PIG",2,"slope + BB",0.0250779378531444,0.596186748729572,1.02539503624137
1886,"Wild boar","PIG",2,"slope + BB",0.0115898201316197,0.594478101812,1.01165724835335
1887,"Wild boar","PIG",2,"slope + BB",0.0185046749185528,0.584829060108645,1.01867698731194
1888,"Wild boar","PIG",2,"slope + BB",0.00940350348829533,0.577808101744632,1.00944786027665
1889,"Wild boar","PIG",2,"slope + BB",-0.013283781788166,0.560715171575641,0.986804058263419
1890,"Wild boar","PIG",2,"slope + BB",0.00293936007017155,0.554805831536182,1.00294370916282
1891,"Wild boar","PIG",2,"slope + BB",0.0195748419101336,0.553392531802192,1.01976773860838
1892,"Wild boar","PIG",2,"slope + BB",0.0781687309141969,0.561516456648927,1.0813050928756
1893,"Wild boar","PIG",2,"slope + BB",0.101886726687448,0.555340452557162,1.10725804193981
1894,"Wild boar","PIG",2,"slope + BB",0.129503599661544,0.554768062543246,1.13826322164414
1895,"Wild boar","PIG",2,"slope + BB",0.146299217955018,0.541828739184363,1.15754251017726
1896,"Wild boar","PIG",2,"slope + BB",0.151044143110101,0.553484381516102,1.16304799756323
1897,"Wild boar","PIG",2,"slope + BB",0.164981945428501,0.559520876302595,1.17937182570543
1898,"Wild boar","PIG",2,"slope + BB",0.17251415591644,0.56160910879479,1.18828865158652
1899,"Wild boar","PIG",2,"slope + BB",0.154423346377171,0.558606780784593,1.1669848215277
1900,"Wild boar","PIG",2,"slope + BB",0.145073003859999,0.560104989475108,1.15612397078655
1901,"Wild boar","PIG",2,"slope + BB",0.140344977298844,0.567544102836252,1.15067069002207
1902,"Wild boar","PIG",2,"slope + BB",0.157522057543143,0.559949946650941,1.17060657967734
1903,"Wild boar","PIG",2,"slope + BB",0.205357260281871,0.575927897471591,1.22796369040124
1904,"Wild boar","PIG",2,"slope + BB",0.236108767474847,0.580842613539755,1.2663120386766
1905,"Wild boar","PIG",2,"slope + BB",0.282128295471131,0.584437768931991,1.32594911128004
1906,"Wild boar","PIG",2,"slope + BB",0.28868035023685,0.598248291822882,1.33466503613755
1907,"Wild boar","PIG",2,"slope + BB",0.331905822039816,0.604430397184631,1.39362159473664
1908,"Wild boar","PIG",2,"slope + BB",0.342676177276011,0.608090049654718,1.40871251612371
1909,"Wild boar","PIG",2,"slope + BB",0.367036455498773,0.620387973830291,1.44345054038733
1910,"Wild boar","PIG",2,"slope + BB",0.379215551673032,0.635791684365839,1.46113795859509
1911,"Wild boar","PIG",2,"slope + BB",0.377218576947669,0.643480127530587,1.45822300870136
1912,"Wild boar","PIG",2,"slope + BB",0.374177011288171,0.669942720114041,1.45379447794783
1913,"Wild boar","PIG",2,"slope + BB",0.370707975143474,0.698672755641592,1.44875993797292
1914,"Wild boar","PIG",2,"slope + BB",0.384698894191813,0.739553936441803,1.4691718827002
1915,"Wild boar","PIG",2,"slope + BB",0.320495595344999,0.990502681761341,1.37781048501546
1916,"Wild boar","PIG",2,"slope + BB",0.330176254934326,1.04240823367981,1.39121334910377
1917,"Wild boar","PIG",2,"slope + BB",0.0188198749846323,0.754544966311303,1.01899808580942
1918,"Wild boar","PIG",2,"slope + BB",0.0249904337891047,0.69437975185189,1.02530534713909
1919,"Wild boar","PIG",2,"slope + BB",0.0288588327458426,0.658988772913823,1.02927928800947
1920,"Wild boar","PIG",2,"slope + BB",0.0398716269099229,0.637438417995063,1.0406771754181
1921,"Wild boar","PIG",2,"slope + BB",0.0202086833449568,0.625506673634479,1.02041426285436
1922,"Wild boar","PIG",2,"slope + BB",0.0346103852860553,0.615687921735175,1.03521629701025
1923,"Wild boar","PIG",2,"slope + BB",0.0272097710162751,0.605449200817015,1.02758333736877
1924,"Wild boar","PIG",2,"slope + BB",0.0183881510052028,0.586743454385514,1.01855826811064
1925,"Wild boar","PIG",2,"slope + BB",0.0149588560667004,0.588057211566838,1.01507132313205
1926,"Wild boar","PIG",2,"slope + BB",-0.00731721717528114,0.576721883718965,0.9927094984505
1927,"Wild boar","PIG",2,"slope + BB",-0.0590662161114835,0.547104200559208,0.942644352637944
1928,"Wild boar","PIG",2,"slope + BB",-0.0805565161258389,0.523219445468638,0.922602779477412
1929,"Wild boar","PIG",2,"slope + BB",0.00866831205827265,0.557680858817918,1.00870599238068
1930,"Wild boar","PIG",2,"slope + BB",0.0579666214796261,0.553147976420765,1.05967967661205
1931,"Wild boar","PIG",2,"slope + BB",0.0968959623116586,0.548516100575994,1.1017457472346
1932,"Wild boar","PIG",2,"slope + BB",0.0896062676014039,0.547132889785688,1.09374355832974
1933,"Wild boar","PIG",2,"slope + BB",0.103799940971099,0.521753783322702,1.10937850433899
1934,"Wild boar","PIG",2,"slope + BB",0.133945509433773,0.531208172533886,1.14333052501703
1935,"Wild boar","PIG",2,"slope + BB",0.154041593445587,0.553032617396226,1.16653943818607
1936,"Wild boar","PIG",2,"slope + BB",0.171927215157701,0.562008606656215,1.18759148521596
1937,"Wild boar","PIG",2,"slope + BB",0.166321703238158,0.561753785020407,1.18095296602501
1938,"Wild boar","PIG",2,"slope + BB",0.152071467518955,0.562588013989561,1.16424345614875
1939,"Wild boar","PIG",2,"slope + BB",0.0962492621989934,0.530945652291018,1.10103354357058
1940,"Wild boar","PIG",2,"slope + BB",0.163289732013438,0.544442918569856,1.17737776442132
1941,"Wild boar","PIG",2,"slope + BB",0.235066693951441,0.572975485202154,1.26499313732375
1942,"Wild boar","PIG",2,"slope + BB",0.278404854550641,0.577027030328623,1.32102091152929
1943,"Wild boar","PIG",2,"slope + BB",0.311720424873278,0.589616067477289,1.36577283310235
1944,"Wild boar","PIG",2,"slope + BB",0.329895389624103,0.591649569504058,1.39082263067865
1945,"Wild boar","PIG",2,"slope + BB",0.352822313637167,0.595802320303895,1.42307835905509
1946,"Wild boar","PIG",2,"slope + BB",0.385084103129045,0.61178147002865,1.46973792592699
1947,"Wild boar","PIG",2,"slope + BB",0.39825218814577,0.612288335578989,1.48921964951228
1948,"Wild boar","PIG",2,"slope + BB",0.402020394557367,0.629717597137245,1.49484181987585
1949,"Wild boar","PIG",2,"slope + BB",0.39761308183032,0.639014924666159,1.48826809183293
1950,"Wild boar","PIG",2,"slope + BB",0.398941127173481,0.657595973610529,1.49024594410508
1951,"Wild boar","PIG",2,"slope + BB",0.396117279083523,0.681334253894075,1.48604371984494
1952,"Wild boar","PIG",2,"slope + BB",0.403374021857089,0.782681732513965,1.49686670615989
1953,"Wild boar","PIG",2,"slope + BB",0.0372197454988179,0.851900574368274,1.03792113320365
1954,"Wild boar","PIG",2,"slope + BB",0.0349893721421835,0.7036301636652,1.03560872968958
1955,"Wild boar","PIG",2,"slope + BB",0.0385823518492611,0.662894255314949,1.03933631752242
1956,"Wild boar","PIG",2,"slope + BB",0.030583893284987,0.642821142615352,1.0310563851388
1957,"Wild boar","PIG",2,"slope + BB",0.0447495630714731,0.625041373851146,1.04576593295543
1958,"Wild boar","PIG",2,"slope + BB",0.0372256120937263,0.609002661622331,1.0379271672959
1959,"Wild boar","PIG",2,"slope + BB",0.0310636135647615,0.597834110274595,1.03155112348669
1960,"Wild boar","PIG",2,"slope + BB",0.0182550550306077,0.589280615099981,1.01842269856194
1961,"Wild boar","PIG",2,"slope + BB",0.0156201415922363,0.579729904092217,1.01574277491037
1962,"Wild boar","PIG",2,"slope + BB",0.0109683378664492,0.572696500875133,1.01102871063042
1963,"Wild boar","PIG",2,"slope + BB",-0.0129428254231553,0.55452828786061,0.987140579705355
1964,"Wild boar","PIG",2,"slope + BB",-0.0544484741886864,0.539598044873054,0.947007316741881
1965,"Wild boar","PIG",2,"slope + BB",0.0115167352379388,0.563085975560472,1.01158330919132
1966,"Wild boar","PIG",2,"slope + BB",0.0618438617815228,0.556057117778862,1.0637962326199
1967,"Wild boar","PIG",2,"slope + BB",0.0934633222674593,0.557361675758266,1.09797033155052
1968,"Wild boar","PIG",2,"slope + BB",0.116024401840005,0.557111220586078,1.12302327996995
1969,"Wild boar","PIG",2,"slope + BB",0.115878014338307,0.515281471534954,1.12285889277697
1970,"Wild boar","PIG",2,"slope + BB",0.127445693474054,0.531917435564936,1.1359232014277
1971,"Wild boar","PIG",2,"slope + BB",0.170229077066431,0.550393344424856,1.18557640972023
1972,"Wild boar","PIG",2,"slope + BB",0.194105500273457,0.567217319158445,1.21422437787433
1973,"Wild boar","PIG",2,"slope + BB",0.206314144935843,0.569824060721274,1.22913927412286
1974,"Wild boar","PIG",2,"slope + BB",0.186064999447141,0.550358794809365,1.20450055652245
1975,"Wild boar","PIG",2,"slope + BB",0.124552911094587,0.527857563520576,1.13264194822531
1976,"Wild boar","PIG",2,"slope + BB",0.195951946256366,0.542151358634123,1.21646845389269
1977,"Wild boar","PIG",2,"slope + BB",0.264528201056291,0.565122920366157,1.3028161643027
1978,"Wild boar","PIG",2,"slope + BB",0.31396534247932,0.576937410117563,1.3688422962963
1979,"Wild boar","PIG",2,"slope + BB",0.350193108205319,0.596580532782819,1.41934160906532
1980,"Wild boar","PIG",2,"slope + BB",0.375452912277539,0.59204369304902,1.45565055547603
1981,"Wild boar","PIG",2,"slope + BB",0.392484586145379,0.593730272166086,1.48065504498301
1982,"Wild boar","PIG",2,"slope + BB",0.413639399019509,0.598208022387634,1.51231168955241
1983,"Wild boar","PIG",2,"slope + BB",0.418164950718463,0.61735268564562,1.51917138400404
1984,"Wild boar","PIG",2,"slope + BB",0.431105721219086,0.625190853340382,1.53895824203454
1985,"Wild boar","PIG",2,"slope + BB",0.432380199144805,0.642023876496936,1.54092086215082
1986,"Wild boar","PIG",2,"slope + BB",0.421496576721992,0.661965753333021,1.5242409933654
1987,"Wild boar","PIG",2,"slope + BB",0.427719390200505,0.694594534883891,1.53375563700151
1988,"Wild boar","PIG",2,"slope + BB",0.45055056424326,0.764289958467667,1.56917588032835
1989,"Wild boar","PIG",2,"slope + BB",0.0541883723649894,0.731345714735403,1.05568349124054
1990,"Wild boar","PIG",2,"slope + BB",0.0531269309990685,0.667799575057557,1.05456349577473
1991,"Wild boar","PIG",2,"slope + BB",0.0568260747564478,0.637905940897736,1.0584717065463
1992,"Wild boar","PIG",2,"slope + BB",0.0572172190278513,0.632930029375183,1.05888581529066
1993,"Wild boar","PIG",2,"slope + BB",0.0532749000724557,0.619991771159964,1.05471956298554
1994,"Wild boar","PIG",2,"slope + BB",0.0332930325360998,0.59901113390366,1.03385344984978
1995,"Wild boar","PIG",2,"slope + BB",0.0336934960794836,0.589866876767688,1.03426760186763
1996,"Wild boar","PIG",2,"slope + BB",0.0373619838541715,0.582745749741799,1.03806875030766
1997,"Wild boar","PIG",2,"slope + BB",0.0195872644554428,0.573817863000889,1.0197803555558
1998,"Wild boar","PIG",2,"slope + BB",0.032435924344518,0.568490734335777,1.03296770476336
1999,"Wild boar","PIG",2,"slope + BB",0.0254315431842591,0.55340029337012,1.02575768521745
2000,"Wild boar","PIG",2,"slope + BB",0.0605783063634524,0.564784753957061,1.06245080223489
2001,"Wild boar","PIG",2,"slope + BB",0.0777079107287013,0.561270989500259,1.08080692086909
2002,"Wild boar","PIG",2,"slope + BB",0.121758207305059,0.554739047704797,1.12948098470676
2003,"Wild boar","PIG",2,"slope + BB",0.133974616969426,0.559039954069465,1.14336379727124
2004,"Wild boar","PIG",2,"slope + BB",0.145139995885485,0.552093756760915,1.1562014223809
2005,"Wild boar","PIG",2,"slope + BB",0.171443575936149,0.550450843994403,1.18701716452545
2006,"Wild boar","PIG",2,"slope + BB",0.191245625617771,0.568741519485149,1.21075684980695
2007,"Wild boar","PIG",2,"slope + BB",0.213285542159435,0.568938441127672,1.23773804133738
2008,"Wild boar","PIG",2,"slope + BB",0.245425126690146,0.561706940713006,1.27816461001917
2009,"Wild boar","PIG",2,"slope + BB",0.240407009592284,0.56059921550654,1.27176666710261
2010,"Wild boar","PIG",2,"slope + BB",0.250696967863388,0.562811485090799,1.28492065475429
2011,"Wild boar","PIG",2,"slope + BB",0.287859976516799,0.561593479003229,1.33357063156131
2012,"Wild boar","PIG",2,"slope + BB",0.327273961876396,0.56605036108682,1.38718147663274
2013,"Wild boar","PIG",2,"slope + BB",0.361076368469341,0.574006052275275,1.43487303719012
2014,"Wild boar","PIG",2,"slope + BB",0.398752758992549,0.589592111435152,1.48996520069713
2015,"Wild boar","PIG",2,"slope + BB",0.425537077713469,0.584892040948049,1.53041215033508
2016,"Wild boar","PIG",2,"slope + BB",0.449460856330409,0.600634750547612,1.56746687767003
2017,"Wild boar","PIG",2,"slope + BB",0.471667709809681,0.602321894037113,1.60266474546484
2018,"Wild boar","PIG",2,"slope + BB",0.452444108452407,0.614723961688081,1.57215000112655
2019,"Wild boar","PIG",2,"slope + BB",0.461694693054004,0.624796800481393,1.5867607801801
2020,"Wild boar","PIG",2,"slope + BB",0.476870712316815,0.636978949692027,1.6110251784082
2021,"Wild boar","PIG",2,"slope + BB",0.475247738935059,0.657401042104469,1.60841264073321
2022,"Wild boar","PIG",2,"slope + BB",0.476501335810306,0.702583882735109,1.61043019310286
2023,"Wild boar","PIG",2,"slope + BB",0.483841102168424,0.747491497038002,1.62229385229468
2024,"Wild boar","PIG",2,"slope + BB",0.473667245251063,0.883319591078969,1.60587253640893
2025,"Wild boar","PIG",2,"slope + BB",0.0738448194799305,0.756206537298396,1.07663978203739
2026,"Wild boar","PIG",2,"slope + BB",0.0753006341404617,0.659462182491712,1.07820825531315
2027,"Wild boar","PIG",2,"slope + BB",0.0730689872294955,0.63392354576641,1.07580475990816
2028,"Wild boar","PIG",2,"slope + BB",0.0631159847312809,0.626727505210195,1.06515040980478
2029,"Wild boar","PIG",2,"slope + BB",0.0401996969776788,0.617142837164891,1.04101864225647
2030,"Wild boar","PIG",2,"slope + BB",0.0504215993323238,0.603381390953098,1.05171442198751
2031,"Wild boar","PIG",2,"slope + BB",0.0677100738771914,0.597606094252823,1.07005503804315
2032,"Wild boar","PIG",2,"slope + BB",0.0520270384573945,0.58630198763372,1.05340423015645
2033,"Wild boar","PIG",2,"slope + BB",0.0568560928496181,0.58007614012737,1.05850347736827
2034,"Wild boar","PIG",2,"slope + BB",0.068858895899286,0.572093906358008,1.0712850373032
2035,"Wild boar","PIG",2,"slope + BB",0.0773196772003045,0.566049907364534,1.0803873964163
2036,"Wild boar","PIG",2,"slope + BB",0.0847615655278817,0.563455930506361,1.0884575192102
2037,"Wild boar","PIG",2,"slope + BB",0.123724703080446,0.571737839144803,1.13170427998738
2038,"Wild boar","PIG",2,"slope + BB",0.143261562659379,0.570636599888087,1.15403161827141
2039,"Wild boar","PIG",2,"slope + BB",0.163217244401566,0.56628709326108,1.17729244853681
2040,"Wild boar","PIG",2,"slope + BB",0.199326926437925,0.558998430066557,1.22058095171716
2041,"Wild boar","PIG",2,"slope + BB",0.206925339858066,0.561975931918052,1.22989074453556
2042,"Wild boar","PIG",2,"slope + BB",0.230230464062734,0.567113336792347,1.25889010901473
2043,"Wild boar","PIG",2,"slope + BB",0.261680202010574,0.578449943807049,1.2991110336931
2044,"Wild boar","PIG",2,"slope + BB",0.287803038248107,0.566062534603289,1.33349463230108
2045,"Wild boar","PIG",2,"slope + BB",0.294881738029249,0.562258649282635,1.34296752750667
2046,"Wild boar","PIG",2,"slope + BB",0.331491131937969,0.571009319903041,1.39304384771424
2047,"Wild boar","PIG",2,"slope + BB",0.352300530970643,0.575364603676563,1.42233591750085
2048,"Wild boar","PIG",2,"slope + BB",0.373777067261458,0.5759639844564,1.45321316314946
2049,"Wild boar","PIG",2,"slope + BB",0.421160946614974,0.572408213193662,1.52372950660825
2050,"Wild boar","PIG",2,"slope + BB",0.460827312123899,0.580412472818388,1.5853851354828
2051,"Wild boar","PIG",2,"slope + BB",0.479948927911456,0.585027964575749,1.61599187011424
2052,"Wild boar","PIG",2,"slope + BB",0.507629172956062,0.587755210136172,1.66134775424006
2053,"Wild boar","PIG",2,"slope + BB",0.508707891421156,0.607438335252697,1.66314084826578
2054,"Wild boar","PIG",2,"slope + BB",0.513274733839877,0.624421288662053,1.67075358182823
2055,"Wild boar","PIG",2,"slope + BB",0.520900714874902,0.627369441452122,1.68354336923275
2056,"Wild boar","PIG",2,"slope + BB",0.528379314331198,0.64382116692722,1.69618110496519
2057,"Wild boar","PIG",2,"slope + BB",0.511803869293807,0.667371596486166,1.66829787628848
2058,"Wild boar","PIG",2,"slope + BB",0.501076038525567,0.680022760492024,1.6504963131761
2059,"Wild boar","PIG",2,"slope + BB",0.511180842164677,0.76555253871631,1.66725882533098
2060,"Wild boar","PIG",2,"slope + BB",0.497835059129467,0.879826639070435,1.64515575434256
2061,"Wild boar","PIG",2,"slope + BB",0.0846933656419446,0.724469152081402,1.08838328259664
2062,"Wild boar","PIG",2,"slope + BB",0.0785951460581592,0.652215655433201,1.08176627611617
2063,"Wild boar","PIG",2,"slope + BB",0.0825647694711842,0.638763061491561,1.08606901658559
2064,"Wild boar","PIG",2,"slope + BB",0.0677407794138701,0.624443049625964,1.07008794477333
2065,"Wild boar","PIG",2,"slope + BB",0.0675569955565537,0.617036207558461,1.06989125642738
2066,"Wild boar","PIG",2,"slope + BB",0.0824289801179361,0.594779179333864,1.08592157654051
2067,"Wild boar","PIG",2,"slope + BB",0.0659045180155203,0.599544346311173,1.06812472600446
2068,"Wild boar","PIG",2,"slope + BB",0.0760704069918106,0.585844879354891,1.0790385434949
2069,"Wild boar","PIG",2,"slope + BB",0.0765147753331474,0.572331958645019,1.07951814397305
2070,"Wild boar","PIG",2,"slope + BB",0.102278651614965,0.569120298126346,1.10769212828175
2071,"Wild boar","PIG",2,"slope + BB",0.0975949189062161,0.571321439464566,1.10251609203526
2072,"Wild boar","PIG",2,"slope + BB",0.116524051497913,0.568520919585026,1.12358453431673
2073,"Wild boar","PIG",2,"slope + BB",0.143785063004498,0.567326216763655,1.15463592243504
2074,"Wild boar","PIG",2,"slope + BB",0.156931071257677,0.563944790122704,1.16991498402658
2075,"Wild boar","PIG",2,"slope + BB",0.196006666324754,0.561144161916069,1.21653502253957
2076,"Wild boar","PIG",2,"slope + BB",0.221451625244073,0.560772589858019,1.24788688442491
2077,"Wild boar","PIG",2,"slope + BB",0.243372056039515,0.559440544564136,1.27554311415603
2078,"Wild boar","PIG",2,"slope + BB",0.274924905851649,0.570561662337117,1.3164318284265
2079,"Wild boar","PIG",2,"slope + BB",0.309912726239211,0.567392715491589,1.36330613135173
2080,"Wild boar","PIG",2,"slope + BB",0.337599288081253,0.564777055646106,1.40157876710225
2081,"Wild boar","PIG",2,"slope + BB",0.357286366170374,0.557651691795286,1.42944517599726
2082,"Wild boar","PIG",2,"slope + BB",0.397192241356166,0.562276470407991,1.48764188913804
2083,"Wild boar","PIG",2,"slope + BB",0.423432331958171,0.565915174465689,1.52719467247208
2084,"Wild boar","PIG",2,"slope + BB",0.458976591526337,0.56863065222096,1.58245366091422
2085,"Wild boar","PIG",2,"slope + BB",0.496411939883577,0.570185321583398,1.6428161599496
2086,"Wild boar","PIG",2,"slope + BB",0.519548304700966,0.584060246105167,1.68126807767051
2087,"Wild boar","PIG",2,"slope + BB",0.549040870241757,0.587515325822142,1.73159145148531
2088,"Wild boar","PIG",2,"slope + BB",0.562719456370736,0.58487317231894,1.7554398583117
2089,"Wild boar","PIG",2,"slope + BB",0.573532139854662,0.596693475023962,1.77452386388702
2090,"Wild boar","PIG",2,"slope + BB",0.575857439461968,0.606112923173783,1.77865497693047
2091,"Wild boar","PIG",2,"slope + BB",0.554250490343637,0.629968229861558,1.74063588371551
2092,"Wild boar","PIG",2,"slope + BB",0.540128622114248,0.649399415486933,1.71622759281183
2093,"Wild boar","PIG",2,"slope + BB",0.527732072749605,0.666959437101915,1.69508361968677
2094,"Wild boar","PIG",2,"slope + BB",0.529037058466925,0.713276022997719,1.69729727598765
2095,"Wild boar","PIG",2,"slope + BB",0.531408186534236,0.784026084194524,1.70132654350349
2096,"Wild boar","PIG",2,"slope + BB",0.109372409074675,0.954983827668653,1.11557773193823
2097,"Wild boar","PIG",2,"slope + BB",0.101288287116188,0.782693157948741,1.10659561352771
2098,"Wild boar","PIG",2,"slope + BB",0.09653860718703,0.711460928893262,1.10135210257706
2099,"Wild boar","PIG",2,"slope + BB",0.103681898397274,0.655675663250208,1.10924759804626
2100,"Wild boar","PIG",2,"slope + BB",0.0835511338708655,0.638652592642963,1.08714086971327
2101,"Wild boar","PIG",2,"slope + BB",0.0785741565244646,0.631537140303832,1.08174357767659
2102,"Wild boar","PIG",2,"slope + BB",0.0910104641322398,0.609261997578088,1.09528047002622
2103,"Wild boar","PIG",2,"slope + BB",0.0972468855090166,0.604851735813589,1.10213244397291
2104,"Wild boar","PIG",2,"slope + BB",0.0954118620487338,0.589203512446613,1.10011189112071
2105,"Wild boar","PIG",2,"slope + BB",0.102701244889556,0.58103722405995,1.10816029187703
2106,"Wild boar","PIG",2,"slope + BB",0.100309675558189,0.557524758817349,1.10551321551243
2107,"Wild boar","PIG",2,"slope + BB",0.110786897115271,0.551701690416641,1.1171568134331
2108,"Wild boar","PIG",2,"slope + BB",0.13811847391071,0.557631288155278,1.1481115635091
2109,"Wild boar","PIG",2,"slope + BB",0.150364239884679,0.565622426827142,1.1622575066007
2110,"Wild boar","PIG",2,"slope + BB",0.166762846190797,0.558148426037613,1.18147404107636
2111,"Wild boar","PIG",2,"slope + BB",0.194328245728804,0.568496566778424,1.21449487095112
2112,"Wild boar","PIG",2,"slope + BB",0.233225668963835,0.551371766629545,1.26266639225451
2113,"Wild boar","PIG",2,"slope + BB",0.257211958956339,0.558695415259197,1.29331922933579
2114,"Wild boar","PIG",2,"slope + BB",0.271654961144592,0.560474648720705,1.31213419130931
2115,"Wild boar","PIG",2,"slope + BB",0.290685509243059,0.566779273763852,1.33734394675057
2116,"Wild boar","PIG",2,"slope + BB",0.338393179136207,0.566617925930791,1.40269190492546
2117,"Wild boar","PIG",2,"slope + BB",0.375518913982719,0.56999869136921,1.45574662711116
2118,"Wild boar","PIG",2,"slope + BB",0.437071086187455,0.559010911740011,1.54816612656166
2119,"Wild boar","PIG",2,"slope + BB",0.49004771620735,0.543841694498152,1.6323941252724
2120,"Wild boar","PIG",2,"slope + BB",0.523351053432063,0.559733958175805,1.6876736699334
2121,"Wild boar","PIG",2,"slope + BB",0.531879773809184,0.569987194686255,1.70212909799606
2122,"Wild boar","PIG",2,"slope + BB",0.556074561906803,0.571538923621123,1.74381382042903
2123,"Wild boar","PIG",2,"slope + BB",0.576630084499702,0.57626780205328,1.78002976673408
2124,"Wild boar","PIG",2,"slope + BB",0.6390177896384,0.566368085900439,1.89461909039507
2125,"Wild boar","PIG",2,"slope + BB",0.644331438524652,0.57337440502703,1.90471320037246
2126,"Wild boar","PIG",2,"slope + BB",0.648108148906696,0.574849181740663,1.91192034063797
2127,"Wild boar","PIG",2,"slope + BB",0.614294112075405,0.603549005399629,1.84835142354343
2128,"Wild boar","PIG",2,"slope + BB",0.593083481432419,0.638337289997377,1.80955972453274
2129,"Wild boar","PIG",2,"slope + BB",0.600395764592045,0.661904225572407,1.82284011498809
2130,"Wild boar","PIG",2,"slope + BB",0.57051656895394,0.678282892413669,1.76918072241189
2131,"Wild boar","PIG",2,"slope + BB",0.543528631876471,0.731963283125406,1.72207271537366
2132,"Wild boar","PIG",2,"slope + BB",0.557385741925561,0.860684784130344,1.74610176856505
2133,"Wild boar","PIG",2,"slope + BB",0.105625322685118,0.845551382249218,1.11140538215199
2134,"Wild boar","PIG",2,"slope + BB",0.106526643875518,0.745452993594269,1.11240756884052
2135,"Wild boar","PIG",2,"slope + BB",0.10537031159781,0.697714947403265,1.11112199601497
2136,"Wild boar","PIG",2,"slope + BB",0.101204873209249,0.665161150639205,1.10650331489734
2137,"Wild boar","PIG",2,"slope + BB",0.0994297505553328,0.641710779800962,1.10454088534517
2138,"Wild boar","PIG",2,"slope + BB",0.0929692323284714,0.636935397901451,1.09742800330816
2139,"Wild boar","PIG",2,"slope + BB",0.104085964338653,0.61685232187893,1.10969584589933
2140,"Wild boar","PIG",2,"slope + BB",0.11746856280628,0.600327925596239,1.12464637718382
2141,"Wild boar","PIG",2,"slope + BB",0.126388107029928,0.592037908417067,1.13472249454491
2142,"Wild boar","PIG",2,"slope + BB",0.139100468250453,0.572396718621415,1.14923956401663
2143,"Wild boar","PIG",2,"slope + BB",0.139486468994183,0.558586932050072,1.14968325046979
2144,"Wild boar","PIG",2,"slope + BB",0.141516718816414,0.513751127162561,1.15201985179779
2145,"Wild boar","PIG",2,"slope + BB",0.146146398443141,0.526033362300982,1.15736561634994
2146,"Wild boar","PIG",2,"slope + BB",0.172931954925329,0.550215613865967,1.1887852131346
2147,"Wild boar","PIG",2,"slope + BB",0.201710140351971,0.555758857397352,1.22349344174992
2148,"Wild boar","PIG",2,"slope + BB",0.229317009997821,0.559489452770407,1.25774069274242
2149,"Wild boar","PIG",2,"slope + BB",0.257181743978873,0.555973733881613,1.2932801512849
2150,"Wild boar","PIG",2,"slope + BB",0.288125997299175,0.532650254559072,1.33392537732302
2151,"Wild boar","PIG",2,"slope + BB",0.313118639101327,0.535130051169225,1.36768393798464
2152,"Wild boar","PIG",2,"slope + BB",0.338195113485438,0.55771804894783,1.40241412801936
2153,"Wild boar","PIG",2,"slope + BB",0.366171617722814,0.552337298979735,1.44220273074534
2154,"Wild boar","PIG",2,"slope + BB",0.417321172096289,0.560566913056744,1.51788994443973
2155,"Wild boar","PIG",2,"slope + BB",0.49800141500503,0.552746968628363,1.64542945498178
2156,"Wild boar","PIG",2,"slope + BB",0.648127989516889,0.523612115959126,1.91195828649631
2157,"Wild boar","PIG",2,"slope + BB",0.611730852468527,0.542986277255157,1.84361967264321
2158,"Wild boar","PIG",2,"slope + BB",0.601714892291805,0.572082070024155,1.82524622344273
2159,"Wild boar","PIG",2,"slope + BB",0.580503979331737,0.583346870678643,1.7869388067164
2160,"Wild boar","PIG",2,"slope + BB",0.620633722733998,0.570335639779692,1.86010646143669
2161,"Wild boar","PIG",2,"slope + BB",0.681546597354285,0.566635938158082,1.97693289177407
2162,"Wild boar","PIG",2,"slope + BB",0.868130704130128,0.467231864320231,2.38245317912634
2163,"Wild boar","PIG",2,"slope + BB",0.717171263563924,0.563044631909741,2.04862999656609
2164,"Wild boar","PIG",2,"slope + BB",0.669215762499677,0.60086165091094,1.95270534105069
2165,"Wild boar","PIG",2,"slope + BB",0.634362920381814,0.622771684764826,1.88582037126391
2166,"Wild boar","PIG",2,"slope + BB",0.620166225086648,0.645127376198675,1.85923706843452
2167,"Wild boar","PIG",2,"slope + BB",0.616322959259736,0.681629256900259,1.85210552604976
2168,"Wild boar","PIG",2,"slope + BB",0.597888808880545,0.751654724428113,1.81827602024007
2169,"Wild boar","PIG",2,"slope + BB",0.098398181850327,0.824030186482307,1.10340205338096
2170,"Wild boar","PIG",2,"slope + BB",0.100833644033746,0.724352055064045,1.10609263576329
2171,"Wild boar","PIG",2,"slope + BB",0.107288282371658,0.691478697296068,1.11325515206564
2172,"Wild boar","PIG",2,"slope + BB",0.114197988097577,0.663599070816041,1.12097405008249
2173,"Wild boar","PIG",2,"slope + BB",0.117539896750633,0.65567488633283,1.12472650247763
2174,"Wild boar","PIG",2,"slope + BB",0.0946194160356598,0.632547096962025,1.09924042296882
2175,"Wild boar","PIG",2,"slope + BB",0.114512266761566,0.616884181083133,1.1213263960309
2176,"Wild boar","PIG",2,"slope + BB",0.130965968348032,0.601592286944088,1.13992898812682
2177,"Wild boar","PIG",2,"slope + BB",0.141342311576009,0.591979521741012,1.15181886152159
2178,"Wild boar","PIG",2,"slope + BB",0.158424630390096,0.591783389902917,1.17166361311468
2179,"Wild boar","PIG",2,"slope + BB",0.157445778560231,0.55544088257221,1.17051728913584
2180,"Wild boar","PIG",2,"slope + BB",0.179773803169496,0.539481188834439,1.19694658701957
2181,"Wild boar","PIG",2,"slope + BB",0.17545185124899,0.547787123872342,1.19178460550253
2182,"Wild boar","PIG",2,"slope + BB",0.19676523795632,0.553005597649114,1.21745819418435
2183,"Wild boar","PIG",2,"slope + BB",0.229784860229143,0.56088523768222,1.25832936062728
2184,"Wild boar","PIG",2,"slope + BB",0.257968569459621,0.559626734270359,1.29429813919792
2185,"Wild boar","PIG",2,"slope + BB",0.258003720847685,0.554315980977429,1.29434363592904
2186,"Wild boar","PIG",2,"slope + BB",0.315648839413417,0.533493803624475,1.37114868410712
2187,"Wild boar","PIG",2,"slope + BB",0.320918825018726,0.550027369152381,1.37839368594291
2188,"Wild boar","PIG",2,"slope + BB",0.339766353472548,0.551407879360757,1.40461938225354
2189,"Wild boar","PIG",2,"slope + BB",0.384024930493857,0.557388203206806,1.46818204725658
2190,"Wild boar","PIG",2,"slope + BB",0.430588760758713,0.55415572350772,1.53816286696885
2191,"Wild boar","PIG",2,"slope + BB",0.514184777035044,0.552219694894214,1.67227479648179
2192,"Wild boar","PIG",2,"slope + BB",0.685173990849158,0.491021877636807,1.98411703490994
2193,"Wild boar","PIG",2,"slope + BB",0.624320412882677,0.544079297775972,1.8669767597233
2194,"Wild boar","PIG",2,"slope + BB",0.599084858779141,0.559441104584239,1.82045285224255
2195,"Wild boar","PIG",2,"slope + BB",0.606784813228642,0.579999860309351,1.83452357730555
2196,"Wild boar","PIG",2,"slope + BB",0.639593698397965,0.571231393627738,1.89571049271701
2197,"Wild boar","PIG",2,"slope + BB",0.719283481869075,0.56877847271341,2.05296169926648
2198,"Wild boar","PIG",2,"slope + BB",0.804084762440206,0.5479926623727,2.2346503466115
2199,"Wild boar","PIG",2,"slope + BB",0.738111807071426,0.574739185300451,2.09198177053133
2200,"Wild boar","PIG",2,"slope + BB",0.70390918244158,0.600685503467842,2.02164030224278
2201,"Wild boar","PIG",2,"slope + BB",0.656358972902407,0.624104991327455,1.92776054259846
2202,"Wild boar","PIG",2,"slope + BB",0.652923616862887,0.667287886976263,1.92114935203971
2203,"Wild boar","PIG",2,"slope + BB",0.624343945501315,0.696614920692518,1.86702087083313
2204,"Wild boar","PIG",2,"slope + BB",0.605349266192078,0.793191289915333,1.8318919394561
2205,"Wild boar","PIG",2,"slope + BB",0.104755956193691,0.782809756633811,1.11043960350776
2206,"Wild boar","PIG",2,"slope + BB",0.0922125865875531,0.710336253565942,1.09659792048989
2207,"Wild boar","PIG",2,"slope + BB",0.107075523759559,0.685976237498347,1.11301831071399
2208,"Wild boar","PIG",2,"slope + BB",0.0987152981283153,0.671818931411095,1.10375202002008
2209,"Wild boar","PIG",2,"slope + BB",0.131503671771118,0.652469375562695,1.14054210727834
2210,"Wild boar","PIG",2,"slope + BB",0.131870086214933,0.632490617804788,1.14096009683767
2211,"Wild boar","PIG",2,"slope + BB",0.138326597455153,0.623220043263153,1.14835054240665
2212,"Wild boar","PIG",2,"slope + BB",0.15613023185515,0.608376944663374,1.16897844454398
2213,"Wild boar","PIG",2,"slope + BB",0.157244990417261,0.589882484189221,1.17028236944994
2214,"Wild boar","PIG",2,"slope + BB",0.169095570855923,0.576035831532415,1.18423334553294
2215,"Wild boar","PIG",2,"slope + BB",0.191916869528761,0.570188247938681,1.2115698090435
2216,"Wild boar","PIG",2,"slope + BB",0.203907325355161,0.566825930275696,1.22618452820974
2217,"Wild boar","PIG",2,"slope + BB",0.208787262435986,0.55303296439808,1.2321828421216
2218,"Wild boar","PIG",2,"slope + BB",0.210916753623936,0.563861084200849,1.23480955751333
2219,"Wild boar","PIG",2,"slope + BB",0.239060354032197,0.568906789222448,1.27005518730991
2220,"Wild boar","PIG",2,"slope + BB",0.252347238033398,0.566615457994274,1.28704289090362
2221,"Wild boar","PIG",2,"slope + BB",0.275272644209462,0.564365598440304,1.31688966839876
2222,"Wild boar","PIG",2,"slope + BB",0.297736333748637,0.558973659322125,1.34680664472162
2223,"Wild boar","PIG",2,"slope + BB",0.319282686497069,0.55820299432516,1.37614028620451
2224,"Wild boar","PIG",2,"slope + BB",0.35183517091322,0.553003063179091,1.42167454981022
2225,"Wild boar","PIG",2,"slope + BB",0.3840970052261,0.554739324251778,1.46828786936142
2226,"Wild boar","PIG",2,"slope + BB",0.4276459192969,0.566357342808103,1.53364295232821
2227,"Wild boar","PIG",2,"slope + BB",0.489969623858459,0.566456586953396,1.6322666400204
2228,"Wild boar","PIG",2,"slope + BB",0.538625016738844,0.556692208017675,1.71364900449749
2229,"Wild boar","PIG",2,"slope + BB",0.578454924214337,0.558430719160997,1.78328100079822
2230,"Wild boar","PIG",2,"slope + BB",0.595905716221679,0.560778992687288,1.81467378175711
2231,"Wild boar","PIG",2,"slope + BB",0.617932718751078,0.570645294749244,1.85508909442933
2232,"Wild boar","PIG",2,"slope + BB",0.654108324067124,0.572735389632778,1.92342667931012
2233,"Wild boar","PIG",2,"slope + BB",0.700774168019459,0.57586468199535,2.0153122976874
2234,"Wild boar","PIG",2,"slope + BB",0.735726703732949,0.586315553501923,2.08699808437371
2235,"Wild boar","PIG",2,"slope + BB",0.722177533324111,0.597761300132298,2.05891168184249
2236,"Wild boar","PIG",2,"slope + BB",0.714583875211974,0.605299811026413,2.04333623185964
2237,"Wild boar","PIG",2,"slope + BB",0.687542775900407,0.62633832927545,1.98882254308785
2238,"Wild boar","PIG",2,"slope + BB",0.658733431528466,0.666845519887696,1.93234341725937
2239,"Wild boar","PIG",2,"slope + BB",0.664648945467219,0.696257439097072,1.94380806940623
2240,"Wild boar","PIG",2,"slope + BB",0.644306667601179,0.784953966194338,1.9046660054927
2241,"Wild boar","PIG",2,"slope + BB",0.121794213114707,0.898775264269343,1.12952163736797
2242,"Wild boar","PIG",2,"slope + BB",0.114090746130164,0.767757307997014,1.12085383606425
2243,"Wild boar","PIG",2,"slope + BB",0.106451423736871,0.715172838330075,1.11232390317486
2244,"Wild boar","PIG",2,"slope + BB",0.131931195076871,0.679987641827597,1.14102981185734
2245,"Wild boar","PIG",2,"slope + BB",0.10914653322879,0.664030228022052,1.1153257744359
2246,"Wild boar","PIG",2,"slope + BB",0.128597701100166,0.661474815772357,1.13723252475455
2247,"Wild boar","PIG",2,"slope + BB",0.13180137724181,0.636353162456377,1.14088171640346
2248,"Wild boar","PIG",2,"slope + BB",0.129101569602515,0.61739186377433,1.13780569081857
2249,"Wild boar","PIG",2,"slope + BB",0.158831848756602,0.611268889235683,1.17214083762848
2250,"Wild boar","PIG",2,"slope + BB",0.165086691002828,0.603971792471579,1.17949542151562
2251,"Wild boar","PIG",2,"slope + BB",0.187966334177314,0.604309468277225,1.20679288922095
2252,"Wild boar","PIG",2,"slope + BB",0.209405238014545,0.585288598067669,1.2329445338085
2253,"Wild boar","PIG",2,"slope + BB",0.225228637989852,0.575466537681517,1.2526090796921
2254,"Wild boar","PIG",2,"slope + BB",0.245985981328661,0.572486416324829,1.27888165690694
2255,"Wild boar","PIG",2,"slope + BB",0.227155884377666,0.560860144511159,1.25502549195137
2256,"Wild boar","PIG",2,"slope + BB",0.258267358559548,0.567293517392404,1.29468492516323
2257,"Wild boar","PIG",2,"slope + BB",0.255972457545172,0.562819864179477,1.29171715079393
2258,"Wild boar","PIG",2,"slope + BB",0.285303510349605,0.565721117019988,1.33016568597388
2259,"Wild boar","PIG",2,"slope + BB",0.294130400477609,0.569675908101186,1.34195888587362
2260,"Wild boar","PIG",2,"slope + BB",0.322719764118486,0.570380493243645,1.38087839657323
2261,"Wild boar","PIG",2,"slope + BB",0.34481166890051,0.568448448707992,1.41172402738541
2262,"Wild boar","PIG",2,"slope + BB",0.370191161669534,0.569729563725955,1.44801142852207
2263,"Wild boar","PIG",2,"slope + BB",0.398615152951589,0.564073408077954,1.48976017866864
2264,"Wild boar","PIG",2,"slope + BB",0.447688810766731,0.571549391811428,1.5646917907672
2265,"Wild boar","PIG",2,"slope + BB",0.480000852877153,0.565396163271371,1.616075780699
2266,"Wild boar","PIG",2,"slope + BB",0.528976432085647,0.562348537558693,1.69719422958306
2267,"Wild boar","PIG",2,"slope + BB",0.579150639345122,0.568345426818809,1.78452208485345
2268,"Wild boar","PIG",2,"slope + BB",0.61436169236339,0.57144757966453,1.84847632646226
2269,"Wild boar","PIG",2,"slope + BB",0.674064755156761,0.590618319044941,1.96219699892362
2270,"Wild boar","PIG",2,"slope + BB",0.708242033293798,0.586995673605972,2.0304187153003
2271,"Wild boar","PIG",2,"slope + BB",0.732993705994891,0.591467395100828,2.08130224661595
2272,"Wild boar","PIG",2,"slope + BB",0.735200807936362,0.602738305379404,2.08590081986281
2273,"Wild boar","PIG",2,"slope + BB",0.733716443425713,0.616977920290101,2.08280709310516
2274,"Wild boar","PIG",2,"slope + BB",0.690226336046754,0.634548766834655,1.99416684385172
2275,"Wild boar","PIG",2,"slope + BB",0.683840358691646,0.667905172579695,1.9814728180275
2276,"Wild boar","PIG",2,"slope + BB",0.662092376701014,0.703297017499531,1.93884490829457
2277,"Wild boar","PIG",2,"slope + BB",0.641944647483394,0.830401162264721,1.90017245548447
2278,"Wild boar","PIG",2,"slope + BB",0.10874930749138,0.908055350717609,1.11488282486096
2279,"Wild boar","PIG",2,"slope + BB",0.103166758184233,0.768058141915521,1.10867627714449
2280,"Wild boar","PIG",2,"slope + BB",0.110434152847775,0.719567677609425,1.11676281170445
2281,"Wild boar","PIG",2,"slope + BB",0.1144168867101,0.687494917211079,1.121219450348
2282,"Wild boar","PIG",2,"slope + BB",0.117419800591621,0.671317644877174,1.12459143584569
2283,"Wild boar","PIG",2,"slope + BB",0.128910767216773,0.65226338608767,1.13758861001562
2284,"Wild boar","PIG",2,"slope + BB",0.136107517465807,0.646080180271455,1.1458050854058
2285,"Wild boar","PIG",2,"slope + BB",0.150952535083691,0.623905405710526,1.16294146164742
2286,"Wild boar","PIG",2,"slope + BB",0.16637331058653,0.615728128994555,1.18101395609315
2287,"Wild boar","PIG",2,"slope + BB",0.201008226862408,0.610885784635662,1.22263483145274
2288,"Wild boar","PIG",2,"slope + BB",0.199481686009765,0.601643799069219,1.22076985210739
2289,"Wild boar","PIG",2,"slope + BB",0.22247219801638,0.590751831575288,1.24916112653044
2290,"Wild boar","PIG",2,"slope + BB",0.248792125730883,0.566694266075407,1.28247545106064
2291,"Wild boar","PIG",2,"slope + BB",0.26785609423226,0.563684504112306,1.30715903592107
2292,"Wild boar","PIG",2,"slope + BB",0.268100995498591,0.562891917547711,1.30747918286849
2293,"Wild boar","PIG",2,"slope + BB",0.257937225530883,0.579827988716174,1.29425757117116
2294,"Wild boar","PIG",2,"slope + BB",0.26443306072208,0.572613899027053,1.30269224379632
2295,"Wild boar","PIG",2,"slope + BB",0.277487188039016,0.570144381255478,1.31980921172534
2296,"Wild boar","PIG",2,"slope + BB",0.29813491684673,0.56393908849538,1.34734355898714
2297,"Wild boar","PIG",2,"slope + BB",0.307672742770769,0.567570982066377,1.36025576264389
2298,"Wild boar","PIG",2,"slope + BB",0.32688043734393,0.569321220083941,1.38663568584785
2299,"Wild boar","PIG",2,"slope + BB",0.349763987283002,0.559281662906051,1.41873267439116
2300,"Wild boar","PIG",2,"slope + BB",0.372542223395528,0.55891299674656,1.45141979387342
2301,"Wild boar","PIG",2,"slope + BB",0.400103480695381,0.553901811186099,1.49197908341918
2302,"Wild boar","PIG",2,"slope + BB",0.443384313550037,0.556806664959145,1.55797096918495
2303,"Wild boar","PIG",2,"slope + BB",0.474715065151264,0.562503694943426,1.60755608362243
2304,"Wild boar","PIG",2,"slope + BB",0.541940825372987,0.564280914781765,1.71934058638749
2305,"Wild boar","PIG",2,"slope + BB",0.609652508841366,0.575632457505948,1.83979197697061
2306,"Wild boar","PIG",2,"slope + BB",0.661828169732486,0.58872121086164,1.93833272932244
2307,"Wild boar","PIG",2,"slope + BB",0.725123030280801,0.58547857931438,2.06498514042467
2308,"Wild boar","PIG",2,"slope + BB",0.76820965091331,0.58653495936409,2.15590298662829
2309,"Wild boar","PIG",2,"slope + BB",0.783546582228452,0.604502004665015,2.18922277231241
2310,"Wild boar","PIG",2,"slope + BB",0.749104171716834,0.620619844731093,2.11510444559831
2311,"Wild boar","PIG",2,"slope + BB",0.723854905673779,0.630074410219014,2.06236815900482
2312,"Wild boar","PIG",2,"slope + BB",0.697051512792399,0.653920098141651,2.00782393123929
2313,"Wild boar","PIG",2,"slope + BB",0.665862813545864,0.720844528333766,1.94616899034392
2314,"Wild boar","PIG",2,"slope + BB",0.106167922795493,0.781470342484801,1.11200862070877
2315,"Wild boar","PIG",2,"slope + BB",0.0985960337932484,0.703085906972887,1.10362039752663
2316,"Wild boar","PIG",2,"slope + BB",0.113156154420734,0.687995440415457,1.11980678565761
2317,"Wild boar","PIG",2,"slope + BB",0.117332203988586,0.667241709967996,1.12449294932278
2318,"Wild boar","PIG",2,"slope + BB",0.127073127783798,0.65159499348644,1.13550005167041
2319,"Wild boar","PIG",2,"slope + BB",0.138485752162537,0.646089170468537,1.14853331755688
2320,"Wild boar","PIG",2,"slope + BB",0.154574933446354,0.64017926182632,1.16716173871914
2321,"Wild boar","PIG",2,"slope + BB",0.164346061712275,0.622365102813946,1.17862212073046
2322,"Wild boar","PIG",2,"slope + BB",0.194710822891398,0.603727394198434,1.21495959728939
2323,"Wild boar","PIG",2,"slope + BB",0.219194193579332,0.60547353536527,1.24507304147745
2324,"Wild boar","PIG",2,"slope + BB",0.258365019233957,0.590135537778015,1.29481137548131
2325,"Wild boar","PIG",2,"slope + BB",0.299458915532714,0.566721403489342,1.34912863935557
2326,"Wild boar","PIG",2,"slope + BB",0.302790701705951,0.570702096789834,1.35363112214533
2327,"Wild boar","PIG",2,"slope + BB",0.298500228047079,0.5661424833447,1.34783584525102
2328,"Wild boar","PIG",2,"slope + BB",0.278774698192101,0.571753900191096,1.32150957183219
2329,"Wild boar","PIG",2,"slope + BB",0.270049249319261,0.569299170543981,1.31002912437126
2330,"Wild boar","PIG",2,"slope + BB",0.277076337810313,0.56183815496307,1.31926707838233
2331,"Wild boar","PIG",2,"slope + BB",0.275425619602102,0.55938280073764,1.31709113570479
2332,"Wild boar","PIG",2,"slope + BB",0.303778710772133,0.561240859976952,1.35496922751023
2333,"Wild boar","PIG",2,"slope + BB",0.303018626740712,0.563049717120479,1.35393968471889
2334,"Wild boar","PIG",2,"slope + BB",0.298438568013664,0.557063417622779,1.34775273985004
2335,"Wild boar","PIG",2,"slope + BB",0.32556107714655,0.566952135722695,1.38480742390585
2336,"Wild boar","PIG",2,"slope + BB",0.358836690931027,0.55757445751614,1.43166300348221
2337,"Wild boar","PIG",2,"slope + BB",0.376706955678244,0.551757479856437,1.45747714157643
2338,"Wild boar","PIG",2,"slope + BB",0.437868600879803,0.546696105408678,1.54940133481928
2339,"Wild boar","PIG",2,"slope + BB",0.487532456275757,0.564104186456305,1.62829337364721
2340,"Wild boar","PIG",2,"slope + BB",0.561384270664463,0.577214456279857,1.75309758298744
2341,"Wild boar","PIG",2,"slope + BB",0.655032705283448,0.580456278332773,1.9252054808801
2342,"Wild boar","PIG",2,"slope + BB",0.783215929867716,0.582873996680984,2.18849902152391
2343,"Wild boar","PIG",2,"slope + BB",0.849124975078916,0.588201439405369,2.33760050107754
2344,"Wild boar","PIG",2,"slope + BB",0.856662996209049,0.6005892970128,2.35528796063463
2345,"Wild boar","PIG",2,"slope + BB",0.775554700270599,0.623258974336702,2.17179649118334
2346,"Wild boar","PIG",2,"slope + BB",0.716460099993487,0.645134660843536,2.04717381581
2347,"Wild boar","PIG",2,"slope + BB",0.707049249743484,0.661383217437734,2.02799836204315
2348,"Wild boar","PIG",2,"slope + BB",0.680631227147767,0.733517599865084,1.97512410192386
2349,"Wild boar","PIG",2,"slope + BB",0.109838831686567,0.798950557511835,1.11609817667798
2350,"Wild boar","PIG",2,"slope + BB",0.110677188527691,0.713748929741611,1.11703425731781
2351,"Wild boar","PIG",2,"slope + BB",0.112298828947307,0.678708645246378,1.11884717037261
2352,"Wild boar","PIG",2,"slope + BB",0.130132261882598,0.68329774511941,1.13897905916124
2353,"Wild boar","PIG",2,"slope + BB",0.119618192648741,0.666998954232767,1.12706646178447
2354,"Wild boar","PIG",2,"slope + BB",0.129903073473733,0.638343443566873,1.13871801715142
2355,"Wild boar","PIG",2,"slope + BB",0.150294736323705,0.633862171554153,1.16217672825385
2356,"Wild boar","PIG",2,"slope + BB",0.172083565798913,0.617042258577771,1.187777086608
2357,"Wild boar","PIG",2,"slope + BB",0.19466690712446,0.598466402186498,1.21490624285483
2358,"Wild boar","PIG",2,"slope + BB",0.234003639880615,0.597084359150001,1.26364912361826
2359,"Wild boar","PIG",2,"slope + BB",0.274553645216276,0.577488383250726,1.31594317697518
2360,"Wild boar","PIG",2,"slope + BB",0.370459341943295,0.557929431725304,1.44839977295151
2361,"Wild boar","PIG",2,"slope + BB",0.393761433241428,0.546576725795097,1.4825468246006
2362,"Wild boar","PIG",2,"slope + BB",0.313765695456111,0.566846269319264,1.3685690372289
2363,"Wild boar","PIG",2,"slope + BB",0.264590134371486,0.562965253416729,1.30289686724388
2364,"Wild boar","PIG",2,"slope + BB",0.268491135361877,0.571898127267531,1.30798947468856
2365,"Wild boar","PIG",2,"slope + BB",0.270513219058776,0.560814387469618,1.31063692434641
2366,"Wild boar","PIG",2,"slope + BB",0.284291358250849,0.527501850681646,1.32882004538886
2367,"Wild boar","PIG",2,"slope + BB",0.274192906584083,0.535179686449116,1.31546854945447
2368,"Wild boar","PIG",2,"slope + BB",0.280225364723493,0.567823699470723,1.32342803290591
2369,"Wild boar","PIG",2,"slope + BB",0.284109368459786,0.570317013506662,1.3285782312653
2370,"Wild boar","PIG",2,"slope + BB",0.295756744542662,0.565575160129599,1.3441431556097
2371,"Wild boar","PIG",2,"slope + BB",0.316502079773657,0.545112285159891,1.37231918452667
2372,"Wild boar","PIG",2,"slope + BB",0.323061731611102,0.489013875328057,1.38135070524728
2373,"Wild boar","PIG",2,"slope + BB",0.372180389737094,0.522728104326824,1.45089468544511
2374,"Wild boar","PIG",2,"slope + BB",0.451815725913462,0.561485726521361,1.57116239915725
2375,"Wild boar","PIG",2,"slope + BB",0.531772232132296,0.570179817469847,1.70194593750459
2376,"Wild boar","PIG",2,"slope + BB",0.635118339048238,0.573220792813806,1.88724548349419
2377,"Wild boar","PIG",2,"slope + BB",0.777255459291247,0.584378858402129,2.17549333887806
2378,"Wild boar","PIG",2,"slope + BB",1.26780336905119,0.556869274969886,3.55303954158722
2379,"Wild boar","PIG",2,"slope + BB",0.849050690211784,0.606321604756208,2.33742687322937
2380,"Wild boar","PIG",2,"slope + BB",0.759422204806895,0.626774370304932,2.13704109222456
2381,"Wild boar","PIG",2,"slope + BB",0.708262671416971,0.644005472919905,2.03046071259187
2382,"Wild boar","PIG",2,"slope + BB",0.680331299284531,0.67018424066535,1.97453178708747
2383,"Wild boar","PIG",2,"slope + BB",0.663591843538493,0.727505159495629,1.94175430950312
2384,"Wild boar","PIG",2,"slope + BB",0.665309552210521,0.87291818897661,1.94509262102597
2385,"Wild boar","PIG",2,"slope + BB",0.106182078498209,0.777933515359515,1.11202436822044
2386,"Wild boar","PIG",2,"slope + BB",0.0816314120351294,0.702926326952461,1.08505579800709
2387,"Wild boar","PIG",2,"slope + BB",0.109570919396407,0.6899295135863,1.11579920348995
2388,"Wild boar","PIG",2,"slope + BB",0.108498857043856,0.674025892011952,1.114603663929
2389,"Wild boar","PIG",2,"slope + BB",0.121755500985264,0.666109963460524,1.12947818931412
2390,"Wild boar","PIG",2,"slope + BB",0.12348965607296,0.648220429238623,1.13143831583555
2391,"Wild boar","PIG",2,"slope + BB",0.140188222120512,0.630087471649382,1.15049039380533
2392,"Wild boar","PIG",2,"slope + BB",0.165249067682436,0.616183823179224,1.17968694739427
2393,"Wild boar","PIG",2,"slope + BB",0.181668982432573,0.606795737386799,1.19921716877383
2394,"Wild boar","PIG",2,"slope + BB",0.220372564045968,0.596003804522555,1.24654107890064
2395,"Wild boar","PIG",2,"slope + BB",0.271040543587032,0.581224624969774,1.31132823700648
2396,"Wild boar","PIG",2,"slope + BB",0.321619651521134,0.561167100816407,1.37936005217528
2397,"Wild boar","PIG",2,"slope + BB",0.340067842478749,0.563318857351676,1.40504290946876
2398,"Wild boar","PIG",2,"slope + BB",0.289190004667231,0.569199644483875,1.33534543699776
2399,"Wild boar","PIG",2,"slope + BB",0.266182253505207,0.568286248460206,1.30497290013839
2400,"Wild boar","PIG",2,"slope + BB",0.250738365059846,0.569648730365191,1.28497384977292
2401,"Wild boar","PIG",2,"slope + BB",0.250165983308893,0.563963018821017,1.28423856156582
2402,"Wild boar","PIG",2,"slope + BB",0.253529254865054,0.549592942609781,1.28856511639377
2403,"Wild boar","PIG",2,"slope + BB",0.254192114313774,0.556149257281341,1.28941949941167
2404,"Wild boar","PIG",2,"slope + BB",0.253645753023347,0.565082704219223,1.28871520115074
2405,"Wild boar","PIG",2,"slope + BB",0.227481136253342,0.564959119608765,1.25543376932783
2406,"Wild boar","PIG",2,"slope + BB",0.255157156819224,0.572255900398987,1.2906644426062
2407,"Wild boar","PIG",2,"slope + BB",0.266997659384941,0.550627153154561,1.30603738959197
2408,"Wild boar","PIG",2,"slope + BB",0.278963655639188,0.523692682001345,1.32175930525152
2409,"Wild boar","PIG",2,"slope + BB",0.325321052790216,0.548404838930793,1.38447515996144
2410,"Wild boar","PIG",2,"slope + BB",0.382505036193311,0.564245453811854,1.46595230935223
2411,"Wild boar","PIG",2,"slope + BB",0.462489180590111,0.570208252471547,1.58802194719747
2412,"Wild boar","PIG",2,"slope + BB",0.559398180908154,0.578432168565827,1.74961924314981
2413,"Wild boar","PIG",2,"slope + BB",0.707051416738809,0.580327379960782,2.02800269936445
2414,"Wild boar","PIG",2,"slope + BB",0.909329857160608,0.595053070118896,2.48265824063819
2415,"Wild boar","PIG",2,"slope + BB",0.802220789497822,0.593283645385911,2.23048891161573
2416,"Wild boar","PIG",2,"slope + BB",0.703124106724569,0.623791332538698,2.02005374650516
2417,"Wild boar","PIG",2,"slope + BB",0.664402523170284,0.647414480690186,1.94332913596956
2418,"Wild boar","PIG",2,"slope + BB",0.650285009760735,0.680039569685962,1.91608685466175
2419,"Wild boar","PIG",2,"slope + BB",0.647127500112185,0.740688427520933,1.91004633357696
2420,"Wild boar","PIG",2,"slope + BB",0.646219707546057,0.876894218611179,1.90831328513884
2421,"Wild boar","PIG",2,"slope + BB",0.0878216562652804,0.894067416981204,1.09179339040389
2422,"Wild boar","PIG",2,"slope + BB",0.0850578894606419,0.769014067982984,1.08878011553095
2423,"Wild boar","PIG",2,"slope + BB",0.0890826452957504,0.710882072454509,1.09317100059227
2424,"Wild boar","PIG",2,"slope + BB",0.0857984322462075,0.687440944150478,1.08958668124202
2425,"Wild boar","PIG",2,"slope + BB",0.0974061681084798,0.686537711869723,1.10230801364755
2426,"Wild boar","PIG",2,"slope + BB",0.11151152498227,0.660475411926021,1.11796662860337
2427,"Wild boar","PIG",2,"slope + BB",0.11749507303237,0.648433806974809,1.12467610870423
2428,"Wild boar","PIG",2,"slope + BB",0.142994123213211,0.639246218718653,1.15372302975533
2429,"Wild boar","PIG",2,"slope + BB",0.152202998050114,0.623082103137977,1.16439658274417
2430,"Wild boar","PIG",2,"slope + BB",0.165625398681171,0.612253394445744,1.18013097984547
2431,"Wild boar","PIG",2,"slope + BB",0.199729741240919,0.613595195943403,1.22107270991541
2432,"Wild boar","PIG",2,"slope + BB",0.229053431865249,0.580006376983979,1.25740922617576
2433,"Wild boar","PIG",2,"slope + BB",0.257523225142471,0.576047517502282,1.29372186123881
2434,"Wild boar","PIG",2,"slope + BB",0.256830592209478,0.571674175679484,1.29282609371506
2435,"Wild boar","PIG",2,"slope + BB",0.242886534789871,0.574829224359092,1.27492398119251
2436,"Wild boar","PIG",2,"slope + BB",0.223488042449823,0.585425374439942,1.25043068811137
2437,"Wild boar","PIG",2,"slope + BB",0.222700079406435,0.579566535770015,1.24944578315003
2438,"Wild boar","PIG",2,"slope + BB",0.207143193867923,0.575190609836916,1.23015871119284
2439,"Wild boar","PIG",2,"slope + BB",0.217967477248205,0.567836322628513,1.24354662531726
2440,"Wild boar","PIG",2,"slope + BB",0.206755470152447,0.569950397363693,1.22968185072792
2441,"Wild boar","PIG",2,"slope + BB",0.194762513816338,0.561490594753934,1.21502252167609
2442,"Wild boar","PIG",2,"slope + BB",0.202181506597925,0.574475611326453,1.22407016516867
2443,"Wild boar","PIG",2,"slope + BB",0.211805683092503,0.566854247107087,1.23590772688057
2444,"Wild boar","PIG",2,"slope + BB",0.223318012843166,0.576689094863789,1.2502181028401
2445,"Wild boar","PIG",2,"slope + BB",0.249574463349287,0.557780911665964,1.28347915491824
2446,"Wild boar","PIG",2,"slope + BB",0.268336945811589,0.562227219789646,1.3077877210857
2447,"Wild boar","PIG",2,"slope + BB",0.325246428204794,0.565066675947096,1.38437180577667
2448,"Wild boar","PIG",2,"slope + BB",0.386270236451881,0.56995832825207,1.47148226779872
2449,"Wild boar","PIG",2,"slope + BB",0.454533434699281,0.574328268282381,1.57543832744096
2450,"Wild boar","PIG",2,"slope + BB",0.538613733839978,0.588695612012435,1.71362966984574
2451,"Wild boar","PIG",2,"slope + BB",0.608790883519714,0.593313692066903,1.83820744796711
2452,"Wild boar","PIG",2,"slope + BB",0.636553696935547,0.598877639794237,1.88995629910289
2453,"Wild boar","PIG",2,"slope + BB",0.617681240854536,0.627618255899373,1.85462267514606
2454,"Wild boar","PIG",2,"slope + BB",0.624367194596446,0.64297284091559,1.86706414857375
2455,"Wild boar","PIG",2,"slope + BB",0.611335450769386,0.704005563189556,1.84289142232194
2456,"Wild boar","PIG",2,"slope + BB",0.635588254900066,0.782398301743142,1.88813261487051
2457,"Wild boar","PIG",2,"slope + BB",0.0664397653028711,0.85062048219034,1.06869661720456
2458,"Wild boar","PIG",2,"slope + BB",0.0929603271032264,0.752282024668048,1.09741820183772
2459,"Wild boar","PIG",2,"slope + BB",0.0876720398054003,0.706821795041228,1.09163005218309
2460,"Wild boar","PIG",2,"slope + BB",0.101197987290702,0.690005991437196,1.10649569311352
2461,"Wild boar","PIG",2,"slope + BB",0.0971436711450557,0.669830642566937,1.10201870903526
2462,"Wild boar","PIG",2,"slope + BB",0.101131301968517,0.662739156612248,1.10642196567112
2463,"Wild boar","PIG",2,"slope + BB",0.121590721314671,0.640498282081164,1.12929186665999
2464,"Wild boar","PIG",2,"slope + BB",0.126529165305334,0.635617894331994,1.13488256574661
2465,"Wild boar","PIG",2,"slope + BB",0.144543280323218,0.625568240616423,1.15551177132195
2466,"Wild boar","PIG",2,"slope + BB",0.172690610840632,0.625152709016787,1.1884983440487
2467,"Wild boar","PIG",2,"slope + BB",0.177720424230443,0.600069807700175,1.19449133396922
2468,"Wild boar","PIG",2,"slope + BB",0.203749106018934,0.585843152172743,1.22599053121612
2469,"Wild boar","PIG",2,"slope + BB",0.21996305987265,0.58139156866563,1.24603070175071
2470,"Wild boar","PIG",2,"slope + BB",0.224989988817077,0.586389971439308,1.25231018445077
2471,"Wild boar","PIG",2,"slope + BB",0.224519719039955,0.578469555694523,1.25172139581441
2472,"Wild boar","PIG",2,"slope + BB",0.196301527952631,0.583111059622497,1.21689377755277
2473,"Wild boar","PIG",2,"slope + BB",0.191275025860215,0.577990878377001,1.21079243758222
2474,"Wild boar","PIG",2,"slope + BB",0.177499980317286,0.572889240415798,1.19422803804878
2475,"Wild boar","PIG",2,"slope + BB",0.163804240742195,0.584107008290146,1.17798369423672
2476,"Wild boar","PIG",2,"slope + BB",0.146951315676856,0.566121938382307,1.15829757072522
2477,"Wild boar","PIG",2,"slope + BB",0.16723740969371,0.577557383103632,1.18203497469218
2478,"Wild boar","PIG",2,"slope + BB",0.156881754672126,0.573914504647251,1.16985728384362
2479,"Wild boar","PIG",2,"slope + BB",0.164585674191564,0.571560813460845,1.17890457673965
2480,"Wild boar","PIG",2,"slope + BB",0.171971839988868,0.568438766491502,1.18764439228793
2481,"Wild boar","PIG",2,"slope + BB",0.197945346307427,0.567517301456418,1.21889577738121
2482,"Wild boar","PIG",2,"slope + BB",0.225512734980386,0.565981611270791,1.25296499096288
2483,"Wild boar","PIG",2,"slope + BB",0.24874622405198,0.571766165727818,1.28241654768228
2484,"Wild boar","PIG",2,"slope + BB",0.275823022781439,0.575207855370313,1.31761465672509
2485,"Wild boar","PIG",2,"slope + BB",0.323589535701804,0.57787071500755,1.38207990406651
2486,"Wild boar","PIG",2,"slope + BB",0.374765131963236,0.581093422903862,1.45464972461876
2487,"Wild boar","PIG",2,"slope + BB",0.44078672503653,0.578182918111752,1.55392925509288
2488,"Wild boar","PIG",2,"slope + BB",0.485899710643324,0.604197751028405,1.6256370577594
2489,"Wild boar","PIG",2,"slope + BB",0.519154955244299,0.629283883370254,1.68060686929956
2490,"Wild boar","PIG",2,"slope + BB",0.543931855259305,0.672154057630953,1.72276723449643
2491,"Wild boar","PIG",2,"slope + BB",0.566651417329156,0.743814148332647,1.7623557774674
2492,"Wild boar","PIG",2,"slope + BB",0.0865835936103826,0.870469549429311,1.09044252970495
2493,"Wild boar","PIG",2,"slope + BB",0.0806360011800899,0.75158019118528,1.08397635301972
2494,"Wild boar","PIG",2,"slope + BB",0.0756160426595118,0.711325753917302,1.07854841775805
2495,"Wild boar","PIG",2,"slope + BB",0.069073586808599,0.683677863345961,1.07151505824153
2496,"Wild boar","PIG",2,"slope + BB",0.0813754008949562,0.670965838061225,1.084778053081
2497,"Wild boar","PIG",2,"slope + BB",0.0901839392678054,0.661751352483103,1.09437556414835
2498,"Wild boar","PIG",2,"slope + BB",0.104814412112909,0.646427927208605,1.11050454272202
2499,"Wild boar","PIG",2,"slope + BB",0.117861570070838,0.638963724030328,1.12508840431875
2500,"Wild boar","PIG",2,"slope + BB",0.144883393468837,0.619903142599329,1.15590479491975
2501,"Wild boar","PIG",2,"slope + BB",0.14027003186242,0.615806925118621,1.15058445478354
2502,"Wild boar","PIG",2,"slope + BB",0.164644551207749,0.603484092707539,1.17897398005047
2503,"Wild boar","PIG",2,"slope + BB",0.179928015612734,0.587236784738703,1.19713118941097
2504,"Wild boar","PIG",2,"slope + BB",0.193480061952245,0.57608425935577,1.21346519896384
2505,"Wild boar","PIG",2,"slope + BB",0.192924295760778,0.577688451431991,1.21279098424011
2506,"Wild boar","PIG",2,"slope + BB",0.176134121302578,0.580068483530426,1.19259800611646
2507,"Wild boar","PIG",2,"slope + BB",0.173638740408683,0.574082072171856,1.18962572967436
2508,"Wild boar","PIG",2,"slope + BB",0.148829810699517,0.575324092059159,1.16047547301841
2509,"Wild boar","PIG",2,"slope + BB",0.126645245193691,0.580464313292872,1.135014296482
2510,"Wild boar","PIG",2,"slope + BB",0.115681234024774,0.572996931095405,1.12263795664374
2511,"Wild boar","PIG",2,"slope + BB",0.0946617841715187,0.5759293092846,1.09928699938152
2512,"Wild boar","PIG",2,"slope + BB",0.0991860961804239,0.578423634603453,1.10427178119933
2513,"Wild boar","PIG",2,"slope + BB",0.118766650266594,0.584973689984273,1.12610713764846
2514,"Wild boar","PIG",2,"slope + BB",0.110595715120322,0.584005088461629,1.11694325417159
2515,"Wild boar","PIG",2,"slope + BB",0.109607186592205,0.574721677890008,1.11583966766202
2516,"Wild boar","PIG",2,"slope + BB",0.136329859664229,0.575426496784597,1.14605987043204
2517,"Wild boar","PIG",2,"slope + BB",0.161007371747182,0.578565387935749,1.17469363984191
2518,"Wild boar","PIG",2,"slope + BB",0.175377211059707,0.570575603293315,1.19169570626272
2519,"Wild boar","PIG",2,"slope + BB",0.177812933653933,0.557546253327464,1.19460184461564
2520,"Wild boar","PIG",2,"slope + BB",0.189390416914249,0.575120703102767,1.20851268819444
2521,"Wild boar","PIG",2,"slope + BB",0.228612163934929,0.5663110385394,1.25685450266578
2522,"Wild boar","PIG",2,"slope + BB",0.303580063099213,0.58215991117056,1.35470004822437
2523,"Wild boar","PIG",2,"slope + BB",0.36114051704473,0.604783805577239,1.43496550478144
2524,"Wild boar","PIG",2,"slope + BB",0.419726095672066,0.645911830833066,1.52154474476404
2525,"Wild boar","PIG",2,"slope + BB",0.455127815694368,0.697820881954046,1.57637520663069
2526,"Wild boar","PIG",2,"slope + BB",0.0648148874896165,0.745291544328654,1.066961519106
2527,"Wild boar","PIG",2,"slope + BB",0.0595552422814447,0.703365814423101,1.06136439208154
2528,"Wild boar","PIG",2,"slope + BB",0.0663964500531987,0.690819267342342,1.06865031315102
2529,"Wild boar","PIG",2,"slope + BB",0.0670181792844688,0.677112907906033,1.06931491898154
2530,"Wild boar","PIG",2,"slope + BB",0.0854667247731625,0.661142993549819,1.08922531762867
2531,"Wild boar","PIG",2,"slope + BB",0.0761580966800091,0.6472192842731,1.07913316808171
2532,"Wild boar","PIG",2,"slope + BB",0.0826231417150343,0.638644930426738,1.08613241710278
2533,"Wild boar","PIG",2,"slope + BB",0.116281969903113,0.610523919996261,1.12331260157052
2534,"Wild boar","PIG",2,"slope + BB",0.114483979442328,0.61408137019435,1.12129468852393
2535,"Wild boar","PIG",2,"slope + BB",0.15457388245827,0.608716676092301,1.16716051705912
2536,"Wild boar","PIG",2,"slope + BB",0.158204582880751,0.595692293436366,1.17140581977691
2537,"Wild boar","PIG",2,"slope + BB",0.195665699449134,0.571527937375877,1.21612028856419
2538,"Wild boar","PIG",2,"slope + BB",0.195826037054711,0.567679543679407,1.21631529328433
2539,"Wild boar","PIG",2,"slope + BB",0.179844184851115,0.565837450683018,1.19703083987426
2540,"Wild boar","PIG",2,"slope + BB",0.138482933772704,0.568678854380569,1.14853011080139
2541,"Wild boar","PIG",2,"slope + BB",0.114405426109642,0.579654810036112,1.12120660045838
2542,"Wild boar","PIG",2,"slope + BB",0.0667929174485727,0.580916408175882,1.06907407369741
2543,"Wild boar","PIG",2,"slope + BB",0.0466534083168919,0.573846526805296,1.04775880520225
2544,"Wild boar","PIG",2,"slope + BB",0.0343597105827302,0.568779256563009,1.03495684465624
2545,"Wild boar","PIG",2,"slope + BB",0.0466893337744799,0.580180068347053,1.04779644806735
2546,"Wild boar","PIG",2,"slope + BB",0.060949320024418,0.588607854257366,1.06284505893735
2547,"Wild boar","PIG",2,"slope + BB",0.0759797881927557,0.58753056677143,1.07894076678887
2548,"Wild boar","PIG",2,"slope + BB",0.0695687422152775,0.571524941371871,1.07204575463413
2549,"Wild boar","PIG",2,"slope + BB",0.0822536297376391,0.568623956519711,1.08573114870422
2550,"Wild boar","PIG",2,"slope + BB",0.0929267927816223,0.556988902808838,1.09738139623437
2551,"Wild boar","PIG",2,"slope + BB",0.105856336795228,0.571332999805511,1.11166216008636
2552,"Wild boar","PIG",2,"slope + BB",0.105606262622552,0.562613714519588,1.1113841987465
2553,"Wild boar","PIG",2,"slope + BB",0.0476744163375225,0.533603997502447,1.04882912324948
2554,"Wild boar","PIG",2,"slope + BB",0.0140303447836873,0.516755100366621,1.01412923765701
2555,"Wild boar","PIG",2,"slope + BB",0.185509293152849,0.591227187319893,1.20383138916645
2556,"Wild boar","PIG",2,"slope + BB",0.260238186844404,0.630912799695336,1.29723903545646
2557,"Wild boar","PIG",2,"slope + BB",0.31320248907451,0.665375392297111,1.3677984680195
2558,"Wild boar","PIG",2,"slope + BB",0.346608729177077,0.793301476476003,1.41426325735359
2559,"Wild boar","PIG",2,"slope + BB",0.0586455653860857,0.879793221745964,1.06039962274081
2560,"Wild boar","PIG",2,"slope + BB",0.0768138791123263,0.765964746799881,1.07984109324204
2561,"Wild boar","PIG",2,"slope + BB",0.0547037354640581,0.708125016785492,1.05622765670582
2562,"Wild boar","PIG",2,"slope + BB",0.0547710969155353,0.691399669229575,1.05629879872048
2563,"Wild boar","PIG",2,"slope + BB",0.0697414654219846,0.679080386819234,1.07223093715198
2564,"Wild boar","PIG",2,"slope + BB",0.0785055641421418,0.661631466633545,1.08166942576982
2565,"Wild boar","PIG",2,"slope + BB",0.0647860157586214,0.649304799793169,1.06693069376671
2566,"Wild boar","PIG",2,"slope + BB",0.0790874198174542,0.63227238190522,1.08229893238079
2567,"Wild boar","PIG",2,"slope + BB",0.0798497545685258,0.632876041519455,1.08312452330586
2568,"Wild boar","PIG",2,"slope + BB",0.0918406843019972,0.616744803052047,1.09619016814453
2569,"Wild boar","PIG",2,"slope + BB",0.111908582573584,0.610760918777717,1.11841064032379
2570,"Wild boar","PIG",2,"slope + BB",0.131670731845022,0.592643017348278,1.14073273962267
2571,"Wild boar","PIG",2,"slope + BB",0.132952308923979,0.570415458294437,1.14219553351681
2572,"Wild boar","PIG",2,"slope + BB",0.238689515097234,0.479789650052107,1.26958428908639
2573,"Wild boar","PIG",2,"slope + BB",0.19265245879022,0.541962791621221,1.21246136273348
2574,"Wild boar","PIG",2,"slope + BB",0.118357616339669,0.569649945597373,1.1256466142579
2575,"Wild boar","PIG",2,"slope + BB",0.0728804688016135,0.578500964934543,1.07560196217733
2576,"Wild boar","PIG",2,"slope + BB",0.0256843885521935,0.577366260026024,1.02601707463459
2577,"Wild boar","PIG",2,"slope + BB",-0.0690335620965974,0.541532331498966,0.933295368141429
2578,"Wild boar","PIG",2,"slope + BB",-0.0558848092331553,0.562066805633716,0.945648069626186
2579,"Wild boar","PIG",2,"slope + BB",0.0164945882160208,0.580170771255633,1.01663139863283
2580,"Wild boar","PIG",2,"slope + BB",0.0428792040464556,0.580998815423936,1.04381185070388
2581,"Wild boar","PIG",2,"slope + BB",0.0529593735096913,0.590049259547604,1.05438690618732
2582,"Wild boar","PIG",2,"slope + BB",0.0369768738470474,0.56518496561437,1.03766902537363
2583,"Wild boar","PIG",2,"slope + BB",-0.0470290270863972,0.499452971347871,0.954059726374886
2584,"Wild boar","PIG",2,"slope + BB",0.0226227491953447,0.547042056469096,1.022880585604
2585,"Wild boar","PIG",2,"slope + BB",0.0589438965863456,0.572601729332726,1.06071572933217
2586,"Wild boar","PIG",2,"slope + BB",0.0502277210971199,0.577369460304968,1.05151052288837
2587,"Wild boar","PIG",2,"slope + BB",0.0144912268707131,0.552245251544311,1.01459673552343
2588,"Wild boar","PIG",2,"slope + BB",0.0195202256721908,0.549587014027457,1.01971200371971
2589,"Wild boar","PIG",2,"slope + BB",0.114751664029945,0.601786032883645,1.12159487113354
2590,"Wild boar","PIG",2,"slope + BB",0.187601393516196,0.638596569488363,1.20635255956349
2591,"Wild boar","PIG",2,"slope + BB",0.226887226763538,0.700995216866991,1.25468836785376
2592,"Wild boar","PIG",2,"slope + BB",0.0393798379054629,0.813511119649439,1.04016554819557
2593,"Wild boar","PIG",2,"slope + BB",0.0509932357648286,0.740843671681075,1.05231577591381
2594,"Wild boar","PIG",2,"slope + BB",0.0573970359411902,0.71545944717899,1.05907622295971
2595,"Wild boar","PIG",2,"slope + BB",0.058899795104188,0.68599498103685,1.06066895172432
2596,"Wild boar","PIG",2,"slope + BB",0.0628761216318826,0.676018969574349,1.06489491368445
2597,"Wild boar","PIG",2,"slope + BB",0.0557506909247085,0.664401528427741,1.05733406103608
2598,"Wild boar","PIG",2,"slope + BB",0.0512284330286635,0.657547155732158,1.05256330690987
2599,"Wild boar","PIG",2,"slope + BB",0.0528063212622405,0.642330991597724,1.05422544681682
2600,"Wild boar","PIG",2,"slope + BB",0.051525089703804,0.634659114511398,1.05287563207393
2601,"Wild boar","PIG",2,"slope + BB",0.0734001074597032,0.6239149703484,1.07616119725568
2602,"Wild boar","PIG",2,"slope + BB",0.0706703693770857,0.613671779533885,1.07322739966362
2603,"Wild boar","PIG",2,"slope + BB",0.100055403540741,0.60413684994493,1.10523215994285
2604,"Wild boar","PIG",2,"slope + BB",0.112560978839489,0.575245736781103,1.11914050158643
2605,"Wild boar","PIG",2,"slope + BB",0.122283105651533,0.560609130288379,1.13007398702146
2606,"Wild boar","PIG",2,"slope + BB",0.109539387400145,0.567277093918447,1.11576401855408
2607,"Wild boar","PIG",2,"slope + BB",0.0721043235430489,0.577423763591349,1.07476746949255
2608,"Wild boar","PIG",2,"slope + BB",0.0378945510907822,0.585588644826671,1.0386217056172
2609,"Wild boar","PIG",2,"slope + BB",0.0151946342124076,0.593555130357998,1.01531067444457
2610,"Wild boar","PIG",2,"slope + BB",-0.0112259957511755,0.580331069708953,0.988836977986093
2611,"Wild boar","PIG",2,"slope + BB",-0.0169394592460752,0.585428259844612,0.983203206828205
2612,"Wild boar","PIG",2,"slope + BB",0.00335775495052588,0.587657038224912,1.00336342169462
2613,"Wild boar","PIG",2,"slope + BB",0.0101984063698425,0.592457106988286,1.01025059457337
2614,"Wild boar","PIG",2,"slope + BB",0.0215837192296236,0.587267561874089,1.02181838004517
2615,"Wild boar","PIG",2,"slope + BB",0.0115720026427468,0.585221120693529,1.01163921770825
2616,"Wild boar","PIG",2,"slope + BB",0.00576723846264001,0.573947213232738,1.00578394980266
2617,"Wild boar","PIG",2,"slope + BB",0.0160876060864328,0.568598100830905,1.01621771247815
2618,"Wild boar","PIG",2,"slope + BB",0.0386817089421583,0.585521423100725,1.0394396537622
2619,"Wild boar","PIG",2,"slope + BB",0.0333783693177679,0.590080631644891,1.03394170967429
2620,"Wild boar","PIG",2,"slope + BB",0.0419521411340337,0.592866190390503,1.04284456836602
2621,"Wild boar","PIG",2,"slope + BB",0.0522150200447786,0.603190318316459,1.05360226627734
2622,"Wild boar","PIG",2,"slope + BB",0.10216819571754,0.637926457376663,1.10756976088669
2623,"Wild boar","PIG",2,"slope + BB",0.141147653781944,0.653321044870253,1.15159467301381
2624,"Wild boar","PIG",2,"slope + BB",0.141156961915975,0.756350996745141,1.15160539698429
2625,"Wild boar","PIG",2,"slope + BB",0.0344496817270794,0.916439155648053,1.03504994956799
2626,"Wild boar","PIG",2,"slope + BB",0.028928729854194,0.796244270966661,1.02935122989182
2627,"Wild boar","PIG",2,"slope + BB",0.0365238754145484,0.755535013911407,1.03719907213326
2628,"Wild boar","PIG",2,"slope + BB",0.045481272531352,0.724633684329139,1.04653140761031
2629,"Wild boar","PIG",2,"slope + BB",0.0231069325610172,0.706054583402121,1.02337604249498
2630,"Wild boar","PIG",2,"slope + BB",0.0369918192777768,0.688134787966697,1.03768454896896
2631,"Wild boar","PIG",2,"slope + BB",0.0350347357786371,0.66556498664064,1.03565580077951
2632,"Wild boar","PIG",2,"slope + BB",0.0381324988307498,0.66115745246154,1.03886888970519
2633,"Wild boar","PIG",2,"slope + BB",0.0405411221360124,0.649319049836514,1.04137416047379
2634,"Wild boar","PIG",2,"slope + BB",0.0541581927787883,0.632933604641138,1.05565159426116
2635,"Wild boar","PIG",2,"slope + BB",0.0542785619590752,0.63470677095477,1.05577872258335
2636,"Wild boar","PIG",2,"slope + BB",0.0345958043892921,0.619066513075444,1.03520120053318
2637,"Wild boar","PIG",2,"slope + BB",0.0537230086490449,0.592466075491907,1.05519228383608
2638,"Wild boar","PIG",2,"slope + BB",0.0444433126316661,0.588032288769463,1.04544571184947
2639,"Wild boar","PIG",2,"slope + BB",0.0425636574426257,0.58752787480753,1.04348248152495
2640,"Wild boar","PIG",2,"slope + BB",0.0486015517605573,0.584440615939115,1.04980197564661
2641,"Wild boar","PIG",2,"slope + BB",0.0246664942008427,0.594061644769727,1.02497323795006
2642,"Wild boar","PIG",2,"slope + BB",0.0280792458341702,0.596569879122714,1.02847718399238
2643,"Wild boar","PIG",2,"slope + BB",-0.00364409873076867,0.602255681541947,0.996362533811983
2644,"Wild boar","PIG",2,"slope + BB",-0.0139717789204035,0.605596813465603,0.986125426212038
2645,"Wild boar","PIG",2,"slope + BB",-0.0137593613473412,0.593372080258454,0.986334866160903
2646,"Wild boar","PIG",2,"slope + BB",0.0109968102056276,0.593201892852127,1.01105750470316
2647,"Wild boar","PIG",2,"slope + BB",0.00982797653651517,0.593573194331646,1.0098764319128
2648,"Wild boar","PIG",2,"slope + BB",0.0146141187971291,0.594710581310569,1.01472142767129
2649,"Wild boar","PIG",2,"slope + BB",0.00860666514344624,0.593432720692236,1.00864384453079
2650,"Wild boar","PIG",2,"slope + BB",0.0204641969059896,0.59532426360979,1.02067502640814
2651,"Wild boar","PIG",2,"slope + BB",0.0148211595555202,0.602162422045969,1.0149315385981
2652,"Wild boar","PIG",2,"slope + BB",0.0179064066841331,0.607600258205249,1.01806769023741
2653,"Wild boar","PIG",2,"slope + BB",0.0394852662742748,0.617183711711066,1.04027517257655
2654,"Wild boar","PIG",2,"slope + BB",0.0562690297990692,0.616216129440242,1.05788224767468
2655,"Wild boar","PIG",2,"slope + BB",0.0624883993777876,0.62857638525105,1.06448211056164
2656,"Wild boar","PIG",2,"slope + BB",0.0866317459859616,0.655107720192811,1.09049504040838
2657,"Wild boar","PIG",2,"slope + BB",0.0943078334391846,0.690090415526592,1.09889798781059
2658,"Wild boar","PIG",2,"slope + BB",0.103700553309234,0.761948071001906,1.10926827410307
2659,"Wild boar","PIG",2,"slope + BB",0.0141686631489837,0.887779570662693,1.01426952330029
2660,"Wild boar","PIG",2,"slope + BB",0.0232524634992489,0.795470694563497,1.02352491009179
2661,"Wild boar","PIG",2,"slope + BB",0.0141001132842216,0.757687280344047,1.01419998877518
2662,"Wild boar","PIG",2,"slope + BB",0.0369553151295727,0.733861871911691,1.03764671842768
2663,"Wild boar","PIG",2,"slope + BB",0.0191273766309004,0.701798829049957,1.01931147854364
2664,"Wild boar","PIG",2,"slope + BB",0.0244488954658325,0.678937257497669,1.02475022051806
2665,"Wild boar","PIG",2,"slope + BB",0.0235631989599258,0.668642669227369,1.02384300578869
2666,"Wild boar","PIG",2,"slope + BB",0.0269567491669435,0.660803721801032,1.02732336987888
2667,"Wild boar","PIG",2,"slope + BB",0.017004536473897,0.673441131467022,1.01714995853227
2668,"Wild boar","PIG",2,"slope + BB",0.0230812406918062,0.645882309026586,1.02334976674867
2669,"Wild boar","PIG",2,"slope + BB",0.0031519950606894,0.63693555800184,1.00315702189204
2670,"Wild boar","PIG",2,"slope + BB",0.00953672962561281,0.618661728924937,1.00958235484469
2671,"Wild boar","PIG",2,"slope + BB",0.00151192187576402,0.60743009834602,1.00151307957251
2672,"Wild boar","PIG",2,"slope + BB",-0.0146692459113837,0.606913084437644,0.985437832226735
2673,"Wild boar","PIG",2,"slope + BB",-0.00682894341110134,0.589570059031625,0.993194321515831
2674,"Wild boar","PIG",2,"slope + BB",-0.0100621795373386,0.598438052926955,0.989988277588134
2675,"Wild boar","PIG",2,"slope + BB",0.000925805725834952,0.60768320257521,1.00092624292934
2676,"Wild boar","PIG",2,"slope + BB",-0.0136696831687335,0.612253445849735,0.986423323380541
2677,"Wild boar","PIG",2,"slope + BB",-0.00772891035854118,0.616473453036532,0.992300880879281
2678,"Wild boar","PIG",2,"slope + BB",-0.00662856989671018,0.614291464225686,0.993393352484586
2679,"Wild boar","PIG",2,"slope + BB",0.00639056618953761,0.609703300027669,1.00641102962609
2680,"Wild boar","PIG",2,"slope + BB",0.0164026480592271,0.605462810632121,1.01653791472664
2681,"Wild boar","PIG",2,"slope + BB",0.00708797310587622,0.608038359460916,1.00711315945948
2682,"Wild boar","PIG",2,"slope + BB",0.0142770493831093,0.606426769482394,1.01437945337251
2683,"Wild boar","PIG",2,"slope + BB",0.0224333023566268,0.601911956049357,1.02268682115393
2684,"Wild boar","PIG",2,"slope + BB",0.0234145292158461,0.610453157414704,1.02369080357704
2685,"Wild boar","PIG",2,"slope + BB",0.0189692762774869,0.618070835896156,1.01915033653268
2686,"Wild boar","PIG",2,"slope + BB",0.0216927437989044,0.62388497331792,1.02192974228533
2687,"Wild boar","PIG",2,"slope + BB",0.041195624830004,0.636461945192468,1.04205593851236
2688,"Wild boar","PIG",2,"slope + BB",0.0461874362680159,0.643781848609236,1.04727069152038
2689,"Wild boar","PIG",2,"slope + BB",0.069861985255577,0.662550378867724,1.07236018613882
2690,"Wild boar","PIG",2,"slope + BB",0.0705360037019331,0.685618405367465,1.07308321054645
2691,"Wild boar","PIG",2,"slope + BB",0.0974330787695506,0.717940849587816,1.10233772757887
2692,"Wild boar","PIG",2,"slope + BB",0.0800991466739598,0.775834691119819,1.0833945007061
2693,"Wild boar","PIG",2,"slope + BB",0.0848376890610279,0.903775682874069,1.08854037959892
2694,"Wild boar","PIG",2,"slope + BB",0.00694261603447778,0.892427141992493,1.00696677339876
2695,"Wild boar","PIG",2,"slope + BB",0.0127951514036158,0.802163141757457,1.01287735993309
2696,"Wild boar","PIG",2,"slope + BB",0.0165845334942359,0.762304246368605,1.01672282038648
2697,"Wild boar","PIG",2,"slope + BB",0.0258197703671806,0.72770925754197,1.02615598816824
2698,"Wild boar","PIG",2,"slope + BB",0.0232621289055342,0.711110268286254,1.02353483395344
2699,"Wild boar","PIG",2,"slope + BB",0.0232533980636292,0.702374590519315,1.02352586970833
2700,"Wild boar","PIG",2,"slope + BB",0.0189014182403463,0.682311232693991,1.01908118442285
2701,"Wild boar","PIG",2,"slope + BB",0.0101648827942081,0.670212696155977,1.0102167376855
2702,"Wild boar","PIG",2,"slope + BB",0.00324981060105601,0.663692495860091,1.00325509696056
2703,"Wild boar","PIG",2,"slope + BB",-0.00375803425741045,0.65233069689161,0.99624902230803
2704,"Wild boar","PIG",2,"slope + BB",-0.0218083023651438,0.630855930999688,0.978427859092167
2705,"Wild boar","PIG",2,"slope + BB",-0.0356443729212644,0.623212426432158,0.964983408938879
2706,"Wild boar","PIG",2,"slope + BB",-0.0595503392743139,0.603640039833438,0.94218810357395
2707,"Wild boar","PIG",2,"slope + BB",-0.0686613830965709,0.597770935677749,0.933642774334913
2708,"Wild boar","PIG",2,"slope + BB",-0.063577236183608,0.605349926946074,0.938401707585955
2709,"Wild boar","PIG",2,"slope + BB",-0.0468097984777995,0.596935734637793,0.95426888402261
2710,"Wild boar","PIG",2,"slope + BB",-0.0325694036576869,0.604603393495997,0.9679554349647
2711,"Wild boar","PIG",2,"slope + BB",-0.00821817640820327,0.616854310149378,0.991815518497559
2712,"Wild boar","PIG",2,"slope + BB",-0.0258466078229228,0.629293843196444,0.974484556528094
2713,"Wild boar","PIG",2,"slope + BB",0.00706815098743569,0.619003967075161,1.00709319180087
2714,"Wild boar","PIG",2,"slope + BB",0.00307667124303445,0.612570957877804,1.00308150263192
2715,"Wild boar","PIG",2,"slope + BB",-0.00491396843561745,0.615526002899126,0.995098092664298
2716,"Wild boar","PIG",2,"slope + BB",0.0106239146588652,0.603967147882218,1.01068054991942
2717,"Wild boar","PIG",2,"slope + BB",0.0182301398106195,0.605763729290852,1.01839737132885
2718,"Wild boar","PIG",2,"slope + BB",0.011982713478942,0.61802321763688,1.01205479381164
2719,"Wild boar","PIG",2,"slope + BB",0.0127033370095792,0.629519237167747,1.01278440151636
2720,"Wild boar","PIG",2,"slope + BB",0.0180428141485211,0.640193008422165,1.01820657563565
2721,"Wild boar","PIG",2,"slope + BB",0.0374458809183198,0.650429302575776,1.03815581175338
2722,"Wild boar","PIG",2,"slope + BB",0.0319453837551826,0.655316769133151,1.03246111779161
2723,"Wild boar","PIG",2,"slope + BB",0.0466637618711952,0.662504552025053,1.04776965096298
2724,"Wild boar","PIG",2,"slope + BB",0.0645113085371323,0.686309382000039,1.06663764030507
2725,"Wild boar","PIG",2,"slope + BB",0.0591442694800604,0.703862091012048,1.06092847213896
2726,"Wild boar","PIG",2,"slope + BB",0.0866197124079538,0.749743972093692,1.09048191038721
2727,"Wild boar","PIG",2,"slope + BB",0.0794202868233538,0.796548259551071,1.08265926076116
2728,"Wild boar","PIG",2,"slope + BB",0.076584508583962,0.894173128481296,1.07959342528733
2729,"Wild boar","PIG",2,"slope + BB",0.00938387975936762,0.944127981643915,1.00942805419824
2730,"Wild boar","PIG",2,"slope + BB",0.0107239150545332,0.837090196759709,1.01078167454245
2731,"Wild boar","PIG",2,"slope + BB",0.0338924221156996,0.781885650850159,1.03447331433009
2732,"Wild boar","PIG",2,"slope + BB",0.0138696594947889,0.742474060068524,1.0139663038005
2733,"Wild boar","PIG",2,"slope + BB",0.0223879724773373,0.709874857119434,1.02264046669522
2734,"Wild boar","PIG",2,"slope + BB",0.00779831693271065,0.697994256083479,1.00782880311079
2735,"Wild boar","PIG",2,"slope + BB",-0.0013478146722576,0.697509297523231,0.998653095668344
2736,"Wild boar","PIG",2,"slope + BB",0.0023557321729315,0.673316047408078,1.00235851046232
2737,"Wild boar","PIG",2,"slope + BB",-0.0141818568184936,0.668543930600095,0.985918246938114
2738,"Wild boar","PIG",2,"slope + BB",-0.0153305325241517,0.654114091320905,0.984786411377027
2739,"Wild boar","PIG",2,"slope + BB",-0.0506775970379272,0.651694578481188,0.950585128307047
2740,"Wild boar","PIG",2,"slope + BB",-0.0634385776348289,0.634480574929009,0.938531808815497
2741,"Wild boar","PIG",2,"slope + BB",-0.10101639923966,0.61106381176169,0.903918246135554
2742,"Wild boar","PIG",2,"slope + BB",-0.179794319020687,0.584302642507745,0.835442061478138
2743,"Wild boar","PIG",2,"slope + BB",-0.163801179416603,0.590362887661991,0.848910804332961
2744,"Wild boar","PIG",2,"slope + BB",-0.0755246968394444,0.612993438925459,0.927256874770226
2745,"Wild boar","PIG",2,"slope + BB",-0.0478961656030927,0.617915448241669,0.953232772531693
2746,"Wild boar","PIG",2,"slope + BB",-0.0412605092564497,0.622584531827954,0.959579122981946
2747,"Wild boar","PIG",2,"slope + BB",-0.0241350285092258,0.63104649928807,0.976153909295688
2748,"Wild boar","PIG",2,"slope + BB",-0.00979420875644276,0.626099084674508,0.990253598559983
2749,"Wild boar","PIG",2,"slope + BB",0.00936318662975731,0.621244358862722,1.00940717091798
2750,"Wild boar","PIG",2,"slope + BB",-0.0024342536223369,0.624518341577871,0.99756872856372
2751,"Wild boar","PIG",2,"slope + BB",-0.00126059298886276,0.629992043293672,0.998740204476038
2752,"Wild boar","PIG",2,"slope + BB",-5.61778805838326e-05,0.622119389470502,0.999943823730168
2753,"Wild boar","PIG",2,"slope + BB",0.00197736572325828,0.627344165775063,1.00197932438313
2754,"Wild boar","PIG",2,"slope + BB",0.00829890749828658,0.64387447851379,1.00833344120429
2755,"Wild boar","PIG",2,"slope + BB",0.0423751903395181,0.645995559221768,1.04328584426616
2756,"Wild boar","PIG",2,"slope + BB",0.0186149919773025,0.667842876643317,1.01878949927829
2757,"Wild boar","PIG",2,"slope + BB",0.0527107209854185,0.664599794802931,1.05412466637451
2758,"Wild boar","PIG",2,"slope + BB",0.0564147049838074,0.688334404581683,1.0580363808871
2759,"Wild boar","PIG",2,"slope + BB",0.0679080983691717,0.702816840475348,1.07026694589611
2760,"Wild boar","PIG",2,"slope + BB",0.0808950832911512,0.737285508314516,1.08425714015823
2761,"Wild boar","PIG",2,"slope + BB",0.0836136512081015,0.775314754008,1.08720877328866
2762,"Wild boar","PIG",2,"slope + BB",0.0770311458874237,0.834960402592404,1.0800757538515
2763,"Wild boar","PIG",2,"slope + BB",0.0915036496351887,0.954476717806706,1.09582087947997
2764,"Wild boar","PIG",2,"slope + BB",0.0196819088541287,0.942957519505731,1.01987687475097
2765,"Wild boar","PIG",2,"slope + BB",0.0252361984264416,0.820134032794596,1.02555735670643
2766,"Wild boar","PIG",2,"slope + BB",0.0275950327685576,0.757688034596787,1.02797930703761
2767,"Wild boar","PIG",2,"slope + BB",0.0148353253583146,0.720897743585671,1.01494591944472
2768,"Wild boar","PIG",2,"slope + BB",0.0182869944444072,0.69996151236012,1.01845522720587
2769,"Wild boar","PIG",2,"slope + BB",-0.00659757997677611,0.692998590807315,0.993424137959763
2770,"Wild boar","PIG",2,"slope + BB",-0.0093095922869149,0.682526826874992,0.990733633694985
2771,"Wild boar","PIG",2,"slope + BB",-0.0110208417016241,0.668758039878117,0.989039665298813
2772,"Wild boar","PIG",2,"slope + BB",-0.0331686077404641,0.665875167387791,0.967375445228532
2773,"Wild boar","PIG",2,"slope + BB",-0.0557641632972117,0.644022427578433,0.945762155647007
2774,"Wild boar","PIG",2,"slope + BB",-0.0695173863474648,0.646517102492387,0.932843914914592
2775,"Wild boar","PIG",2,"slope + BB",-0.114482949489751,0.61674183090014,0.891827150402038
2776,"Wild boar","PIG",2,"slope + BB",-0.227039814801307,0.577950684674745,0.796889054294383
2777,"Wild boar","PIG",2,"slope + BB",-0.192525471016201,0.603557909700612,0.824873308751641
2778,"Wild boar","PIG",2,"slope + BB",-0.103214718944392,0.613976013046357,0.901933290600227
2779,"Wild boar","PIG",2,"slope + BB",-0.0773467369348622,0.633734186197387,0.925568871081675
2780,"Wild boar","PIG",2,"slope + BB",-0.0475079214133843,0.642822641516346,0.953603020652095
2781,"Wild boar","PIG",2,"slope + BB",-0.00960674454671428,0.639339348259439,0.990439357879312
2782,"Wild boar","PIG",2,"slope + BB",-0.0123306557828889,0.640180670809784,0.987745056330859
2783,"Wild boar","PIG",2,"slope + BB",0.00370782674737478,0.635765605154144,1.00371470949796
2784,"Wild boar","PIG",2,"slope + BB",-0.0180507937132582,0.62282791649606,0.982111146971326
2785,"Wild boar","PIG",2,"slope + BB",0.00137527545944141,0.627676627525951,1.00137626550482
2786,"Wild boar","PIG",2,"slope + BB",0.0139147959318992,0.641605855208535,1.01401206377013
2787,"Wild boar","PIG",2,"slope + BB",0.0106892896473233,0.643543354276207,1.01074662673199
2788,"Wild boar","PIG",2,"slope + BB",0.0120673923014976,0.653929911662163,1.01214050208191
2789,"Wild boar","PIG",2,"slope + BB",0.0267808911017478,0.665139644997238,1.0271427466668
2790,"Wild boar","PIG",2,"slope + BB",0.0260554986697322,0.674164391317146,1.02639792252405
2791,"Wild boar","PIG",2,"slope + BB",0.0428591590695551,0.692670090595024,1.0437909237407
2792,"Wild boar","PIG",2,"slope + BB",0.0491654009741955,0.716772223286871,1.05039407423878
2793,"Wild boar","PIG",2,"slope + BB",0.0552934052990067,0.751996586107912,1.05685065477473
2794,"Wild boar","PIG",2,"slope + BB",0.0585986111182932,0.80353430635712,1.0603495460571
2795,"Wild boar","PIG",2,"slope + BB",0.0686983967381236,0.868204005609428,1.07111314000876
2796,"Wild boar","PIG",2,"slope + BB",0.0827598856840324,0.944669505054323,1.08628094646502
2797,"Wild boar","PIG",2,"slope + BB",0.0134774789668656,0.780367874355191,1.01356871092789
2798,"Wild boar","PIG",2,"slope + BB",0.0103601811098855,0.74633529879349,1.01041403360892
2799,"Wild boar","PIG",2,"slope + BB",0.0111773627765847,0.713785308222618,1.01124006292953
2800,"Wild boar","PIG",2,"slope + BB",-0.00414486263808442,0.691014298986633,0.99586371548713
2801,"Wild boar","PIG",2,"slope + BB",-0.0122474013337813,0.688504044283117,0.987827322012163
2802,"Wild boar","PIG",2,"slope + BB",-0.0160366325110197,0.685314766491119,0.984091276750173
2803,"Wild boar","PIG",2,"slope + BB",-0.0205151275938947,0.671111710162814,0.979693907036731
2804,"Wild boar","PIG",2,"slope + BB",-0.0453332859682399,0.656712431197628,0.95567891614166
2805,"Wild boar","PIG",2,"slope + BB",-0.0726912725581679,0.652297721208625,0.929887871322904
2806,"Wild boar","PIG",2,"slope + BB",-0.107299739596555,0.637556480564,0.898256390971301
2807,"Wild boar","PIG",2,"slope + BB",-0.118331868204105,0.63846089683526,0.88840117667103
2808,"Wild boar","PIG",2,"slope + BB",-0.12332575392177,0.624308865134744,0.883975660676765
2809,"Wild boar","PIG",2,"slope + BB",-0.0979129662120936,0.640200409290596,0.906727818361414
2810,"Wild boar","PIG",2,"slope + BB",-0.0569357187271266,0.641753106297805,0.944654810127131
2811,"Wild boar","PIG",2,"slope + BB",-0.0423595270085606,0.646079350022854,0.958525116733699
2812,"Wild boar","PIG",2,"slope + BB",-0.0278856236313253,0.64473854207426,0.972499610783817
2813,"Wild boar","PIG",2,"slope + BB",-0.0158974417367979,0.648217664676828,0.98422825944264
2814,"Wild boar","PIG",2,"slope + BB",-0.00405380143245841,0.648210974843111,0.995954409090713
2815,"Wild boar","PIG",2,"slope + BB",-0.0185928916207014,0.646647235782934,0.981578892219642
2816,"Wild boar","PIG",2,"slope + BB",0.00686987659002375,0.638778463843477,1.00689352832456
2817,"Wild boar","PIG",2,"slope + BB",0.00661631527227656,0.645038043033025,1.00663830464391
2818,"Wild boar","PIG",2,"slope + BB",0.00984992583976653,0.662275513387778,1.00989859750488
2819,"Wild boar","PIG",2,"slope + BB",0.00793944479345044,0.683211590498717,1.00797104646368
2820,"Wild boar","PIG",2,"slope + BB",0.0232429649892484,0.695074093975692,1.02351526424298
2821,"Wild boar","PIG",2,"slope + BB",0.030929206318157,0.722477527355081,1.03141249324613
2822,"Wild boar","PIG",2,"slope + BB",0.0357279070903803,0.754959162553026,1.03637381849374
2823,"Wild boar","PIG",2,"slope + BB",0.054907911383186,0.821618018622613,1.05644332500654
2824,"Wild boar","PIG",2,"slope + BB",0.0627969527705839,0.87912496021458,1.0648106241803
2825,"Wild boar","PIG",2,"slope + BB",-0.00581759918943194,0.835988640384988,0.994199293391923
2826,"Wild boar","PIG",2,"slope + BB",0.00129407911131388,0.758726964331598,1.00129491815253
2827,"Wild boar","PIG",2,"slope + BB",-0.0029637569357131,0.720705042756389,0.997040630892349
2828,"Wild boar","PIG",2,"slope + BB",-0.0174362848241843,0.702258723697821,0.982714849228236
2829,"Wild boar","PIG",2,"slope + BB",-0.0117118821430344,0.696876610948264,0.988356435006506
2830,"Wild boar","PIG",2,"slope + BB",-0.0169179902882151,0.693185116720742,0.983224315728744
2831,"Wild boar","PIG",2,"slope + BB",-0.032405480521797,0.676823137076853,0.968114029360947
2832,"Wild boar","PIG",2,"slope + BB",-0.0349800699145135,0.683803774161965,0.965624661140837
2833,"Wild boar","PIG",2,"slope + BB",-0.064077293789229,0.672952326906876,0.937932507218382
2834,"Wild boar","PIG",2,"slope + BB",-0.0911381254667304,0.655938998834833,0.912891855248957
2835,"Wild boar","PIG",2,"slope + BB",-0.0899056470206879,0.653892364040834,0.914017422077836
2836,"Wild boar","PIG",2,"slope + BB",-0.0935081803569301,0.658227597414764,0.910730578972047
2837,"Wild boar","PIG",2,"slope + BB",-0.074483114536269,0.648907188704894,0.928223150306255
2838,"Wild boar","PIG",2,"slope + BB",-0.0472030829286584,0.656305334629796,0.953893672146667
2839,"Wild boar","PIG",2,"slope + BB",-0.0351619190080455,0.653834383955724,0.965449081393018
2840,"Wild boar","PIG",2,"slope + BB",-0.0283858304944977,0.667988656316469,0.972013279886844
2841,"Wild boar","PIG",2,"slope + BB",-0.0177719299599492,0.653556160799354,0.982385086231809
2842,"Wild boar","PIG",2,"slope + BB",-0.00958574759100115,0.663428183426716,0.990460049313907
2843,"Wild boar","PIG",2,"slope + BB",0.00344904705288306,0.675480952132405,1.00345500586931
2844,"Wild boar","PIG",2,"slope + BB",0.00276065489642527,0.662028260911951,1.00276446955627
2845,"Wild boar","PIG",2,"slope + BB",0.00644663814241023,0.671897124692874,1.00646746288029
2846,"Wild boar","PIG",2,"slope + BB",0.00976224165257972,0.68357463198737,1.0098100478646
2847,"Wild boar","PIG",2,"slope + BB",0.00992793073880214,0.716594042591457,1.00997748236493
2848,"Wild boar","PIG",2,"slope + BB",0.0337641098603417,0.756181585309149,1.03434058757518
2849,"Wild boar","PIG",2,"slope + BB",0.0297951881564249,0.798297811067632,1.03024366865909
2850,"Wild boar","PIG",2,"slope + BB",-0.000886223432547623,0.847916403808477,0.999114220027399
2851,"Wild boar","PIG",2,"slope + BB",0.00465248399117257,0.760633821719713,1.00466338549181
2852,"Wild boar","PIG",2,"slope + BB",-0.00977387692712416,0.734413868145197,0.990273734593522
2853,"Wild boar","PIG",2,"slope + BB",-0.0117303160542683,0.721676036442885,0.988338270173091
2854,"Wild boar","PIG",2,"slope + BB",-0.00750019030662383,0.713770953755026,0.992527886317832
2855,"Wild boar","PIG",2,"slope + BB",-0.0218495445285594,0.689817207794705,0.978387430397043
2856,"Wild boar","PIG",2,"slope + BB",-0.0279628679496609,0.687592449057248,0.972424478714236
2857,"Wild boar","PIG",2,"slope + BB",-0.0588998738393962,0.68443524360364,0.9428011929681
2858,"Wild boar","PIG",2,"slope + BB",-0.0546907982024846,0.694251687548264,0.946777855106694
2859,"Wild boar","PIG",2,"slope + BB",-0.0664796853959288,0.674853155788599,0.935681926432501
2860,"Wild boar","PIG",2,"slope + BB",-0.0851313220243495,0.669984446299453,0.918391696621046
2861,"Wild boar","PIG",2,"slope + BB",-0.0686519439894169,0.663320014288046,0.933651586605315
2862,"Wild boar","PIG",2,"slope + BB",-0.0480858340622277,0.664622282297137,0.95305200452677
2863,"Wild boar","PIG",2,"slope + BB",-0.0506499363440039,0.666918925133581,0.950611387567249
2864,"Wild boar","PIG",2,"slope + BB",-0.0346757596334947,0.67404261800053,0.965918580409857
2865,"Wild boar","PIG",2,"slope + BB",-0.031549505282251,0.67361939606378,0.968942992457895
2866,"Wild boar","PIG",2,"slope + BB",-0.00692578072968135,0.672651343280275,0.993098149819613
2867,"Wild boar","PIG",2,"slope + BB",-0.00372392775014701,0.676896918531087,0.996282997884863
2868,"Wild boar","PIG",2,"slope + BB",-0.00206051028371299,0.68573221289057,0.997941613276913
2869,"Wild boar","PIG",2,"slope + BB",-0.00701751632415258,0.694001929338796,0.993007049225957
2870,"Wild boar","PIG",2,"slope + BB",6.14643025116074e-05,0.718271216587222,1.00006147895323
2871,"Wild boar","PIG",2,"slope + BB",0.00465384711505367,0.742939781963072,1.0046646944161
2872,"Wild boar","PIG",2,"slope + BB",-0.00559904646203284,0.817645255591484,0.994416689303406
2873,"Wild boar","PIG",2,"slope + BB",0.0138487048173105,0.879118458130916,1.01394504563743
2874,"Wild boar","PIG",2,"slope + BB",0.0105572283903409,0.841780113500654,1.0106131696008
2875,"Wild boar","PIG",2,"slope + BB",-0.000475042558446838,0.7760297600788,0.999525070935674
2876,"Wild boar","PIG",2,"slope + BB",0.0124327193871972,0.738568194754621,1.01251043926638
2877,"Wild boar","PIG",2,"slope + BB",0.00307795468440254,0.728291662120242,1.0030827088859
2878,"Wild boar","PIG",2,"slope + BB",-0.020130589886563,0.71581429958246,0.980070677756425
2879,"Wild boar","PIG",2,"slope + BB",-0.0295819315944503,0.7061792115367,0.970851357442582
2880,"Wild boar","PIG",2,"slope + BB",-0.0177742976916641,0.698797261093116,0.98238274499564
2881,"Wild boar","PIG",2,"slope + BB",-0.0501220815131655,0.694261549678839,0.951113306817923
2882,"Wild boar","PIG",2,"slope + BB",-0.0619846889321332,0.685813642037585,0.939897312366679
2883,"Wild boar","PIG",2,"slope + BB",-0.0566136257696476,0.686425543885568,0.944959109571082
2884,"Wild boar","PIG",2,"slope + BB",-0.0531477050010147,0.69004832332519,0.948239950933393
2885,"Wild boar","PIG",2,"slope + BB",-0.0767066271196836,0.680533184089816,0.926161530443585
2886,"Wild boar","PIG",2,"slope + BB",-0.0586087036611726,0.683761358791014,0.94307572399399
2887,"Wild boar","PIG",2,"slope + BB",-0.038141684452051,0.676411247770025,0.962576549158761
2888,"Wild boar","PIG",2,"slope + BB",-0.0430950247515115,0.669541083589978,0.957820390204587
2889,"Wild boar","PIG",2,"slope + BB",-0.0254205928422417,0.691295011834575,0.974899796946463
2890,"Wild boar","PIG",2,"slope + BB",-0.0250351270916611,0.68371471114151,0.975275663023053
2891,"Wild boar","PIG",2,"slope + BB",-0.00340809628860292,0.697951515763404,0.996597812942728
2892,"Wild boar","PIG",2,"slope + BB",-0.00233455959533213,0.705182876744784,0.997668163406186
2893,"Wild boar","PIG",2,"slope + BB",-0.00328061412071281,0.727041404103303,0.996724774068828
2894,"Wild boar","PIG",2,"slope + BB",0.0106301478822638,0.786075107459756,1.01068685265005
2895,"Wild boar","PIG",2,"slope + BB",0.0139914755765835,0.859367873828132,1.01408981898278
2896,"Wild boar","PIG",2,"slope + BB",-0.00338298187630093,0.782553569689122,0.996622785176454
2897,"Wild boar","PIG",2,"slope + BB",0.00699389137746472,0.754789118926331,1.00701841354394
2898,"Wild boar","PIG",2,"slope + BB",0.000874432774950903,0.73451201697061,1.00087481785937
2899,"Wild boar","PIG",2,"slope + BB",-0.0226578929534521,0.738274679724081,0.977596881583626
2900,"Wild boar","PIG",2,"slope + BB",-0.0223354582583803,0.719241064482259,0.977912132270923
2901,"Wild boar","PIG",2,"slope + BB",-0.0353027484190672,0.708565408425103,0.965313127688433
2902,"Wild boar","PIG",2,"slope + BB",-0.0380894697985983,0.702486493174984,0.962626811012813
2903,"Wild boar","PIG",2,"slope + BB",-0.0504994304562436,0.700137449299175,0.950754479255262
2904,"Wild boar","PIG",2,"slope + BB",-0.0413600050443773,0.691924908639153,0.959483649229209
2905,"Wild boar","PIG",2,"slope + BB",-0.052619340256586,0.692973070920353,0.948741175419561
2906,"Wild boar","PIG",2,"slope + BB",-0.0515214369800947,0.694933568998511,0.949783290462971
2907,"Wild boar","PIG",2,"slope + BB",-0.0520676855812025,0.691235240750937,0.949264618521533
2908,"Wild boar","PIG",2,"slope + BB",-0.0306240318421508,0.696035750418689,0.969840133734553
2909,"Wild boar","PIG",2,"slope + BB",-0.0297859954688132,0.698059317573124,0.970653247698314
2910,"Wild boar","PIG",2,"slope + BB",-0.0193071490968685,0.695530793505652,0.980878040327631
2911,"Wild boar","PIG",2,"slope + BB",-0.0236697678908392,0.704144756302851,0.97660816537733
2912,"Wild boar","PIG",2,"slope + BB",-0.00643008857277858,0.710077298481954,0.993590557069201
2913,"Wild boar","PIG",2,"slope + BB",-0.0137357780499727,0.734494352300231,0.986358141576259
2914,"Wild boar","PIG",2,"slope + BB",-0.00860230712986238,0.795257025956731,0.991434586861931
2915,"Wild boar","PIG",2,"slope + BB",0.00770580690503961,0.987159333326927,1.00773558347274
2916,"Wild boar","PIG",2,"slope + BB",0.00390997732113643,0.88690833971775,1.00391765918669
2917,"Wild boar","PIG",2,"slope + BB",0.02008257025211,0.819086043925782,1.02028559252337
2918,"Wild boar","PIG",2,"slope + BB",-0.00794884742180881,0.779751016970206,0.992082671505727
2919,"Wild boar","PIG",2,"slope + BB",-0.00149350188202444,0.758482082551902,0.998507612884715
2920,"Wild boar","PIG",2,"slope + BB",-0.0133753640707696,0.745374801260843,0.986713779059605
2921,"Wild boar","PIG",2,"slope + BB",-0.0279619505166212,0.737130208069631,0.97242537241861
2922,"Wild boar","PIG",2,"slope + BB",-0.0361607144654737,0.727309041911948,0.964485274767111
2923,"Wild boar","PIG",2,"slope + BB",-0.0352139741520136,0.722051522778596,0.965398827693565
2924,"Wild boar","PIG",2,"slope + BB",-0.0330078192102548,0.716592645684085,0.967530999729479
2925,"Wild boar","PIG",2,"slope + BB",-0.0393696213775001,0.710249013706148,0.961395362931
2926,"Wild boar","PIG",2,"slope + BB",-0.0480034189731604,0.706397189149193,0.953130529041132
2927,"Wild boar","PIG",2,"slope + BB",-0.0372822612203119,0.708967250870424,0.963404167868049
2928,"Wild boar","PIG",2,"slope + BB",-0.0418020269219434,0.702297872147854,0.959059632130499
2929,"Wild boar","PIG",2,"slope + BB",-0.0459862298583352,0.70327279799017,0.955055133261411
2930,"Wild boar","PIG",2,"slope + BB",-0.0186265625946199,0.711290491927919,0.981545839766928
2931,"Wild boar","PIG",2,"slope + BB",-0.00393313055873079,0.726328506841043,0.996074613841755
2932,"Wild boar","PIG",2,"slope + BB",-0.0226091067691648,0.736987690244485,0.977644567426631
2933,"Wild boar","PIG",2,"slope + BB",-0.00449653137496538,0.749405469629288,0.995513564574788
2934,"Wild boar","PIG",2,"slope + BB",0.00650233215547276,0.787576255266069,1.00652351948319
2935,"Wild boar","PIG",2,"slope + BB",-0.0152473297655641,0.893133755869343,0.984868322226254
2936,"Wild boar","PIG",2,"slope + BB",0.00994256360253134,1.01907028639916,1.0099921551172
2937,"Wild boar","PIG",2,"slope + BB",0.0107095043720962,0.899995142416886,1.01076706925063
2938,"Wild boar","PIG",2,"slope + BB",0.00849125801542623,0.850127214873984,1.0085274110044
2939,"Wild boar","PIG",2,"slope + BB",0.00495069099924341,0.809383727339718,1.00496313712584
2940,"Wild boar","PIG",2,"slope + BB",-0.00933138943226108,0.787055406149299,0.990712068310049
2941,"Wild boar","PIG",2,"slope + BB",-0.00544826539482037,0.766199904758336,0.994566549594172
2942,"Wild boar","PIG",2,"slope + BB",-0.0210138062118847,0.747898417423367,0.979205461964948
2943,"Wild boar","PIG",2,"slope + BB",-0.0268481104143653,0.738265400276085,0.973509175742452
2944,"Wild boar","PIG",2,"slope + BB",-0.0352584699373957,0.728541520365053,0.965355876236758
2945,"Wild boar","PIG",2,"slope + BB",-0.0461293057441047,0.724720695185504,0.954918494403327
2946,"Wild boar","PIG",2,"slope + BB",-0.0350419813104626,0.722121562611179,0.965564882729525
2947,"Wild boar","PIG",2,"slope + BB",-0.0385512597253917,0.736947346452526,0.962182393130225
2948,"Wild boar","PIG",2,"slope + BB",-0.0481601267839698,0.728133136906631,0.952981177502073
2949,"Wild boar","PIG",2,"slope + BB",-0.04444616069733,0.728616356937204,0.956527097849613
2950,"Wild boar","PIG",2,"slope + BB",-0.0464295341991958,0.724302636582675,0.95463184473392
2951,"Wild boar","PIG",2,"slope + BB",-0.025326506053909,0.741281493947927,0.974991553687874
2952,"Wild boar","PIG",2,"slope + BB",-0.0239537685473203,0.748427996309123,0.976330851859792
2953,"Wild boar","PIG",2,"slope + BB",-0.0150999378546523,0.75837293753834,0.985013494954706
2954,"Wild boar","PIG",2,"slope + BB",-0.00401066753918899,0.789569535425581,0.995997364792979
2955,"Wild boar","PIG",2,"slope + BB",0.00120407024690716,0.853837720352642,1.00120480456791
2956,"Wild boar","PIG",2,"slope + BB",0.00368072158882134,1.01191211367418,1.0036875193143
2957,"Wild boar","PIG",2,"slope + BB",0.0149327205254734,0.933452840935652,1.01504478511279
2958,"Wild boar","PIG",2,"slope + BB",-0.00617783988934819,0.894776243870809,0.993841306632594
2959,"Wild boar","PIG",2,"slope + BB",-0.00256394478906059,0.839332081012898,0.997439348594225
2960,"Wild boar","PIG",2,"slope + BB",-0.0191443187703069,0.788292288939835,0.981037794367455
2961,"Wild boar","PIG",2,"slope + BB",-0.0203096523459192,0.761715568247388,0.979895209291826
2962,"Wild boar","PIG",2,"slope + BB",-0.0295247954998403,0.755164321737113,0.970906806131292
2963,"Wild boar","PIG",2,"slope + BB",-0.0214924232006476,0.746950017935703,0.978736895038969
2964,"Wild boar","PIG",2,"slope + BB",-0.0537091073201929,0.743184755625343,0.947707750973395
2965,"Wild boar","PIG",2,"slope + BB",-0.0415461077620869,0.742167803233681,0.959305129123253
2966,"Wild boar","PIG",2,"slope + BB",-0.0394263496697331,0.731129694561707,0.961340773019708
2967,"Wild boar","PIG",2,"slope + BB",-0.0439838768668933,0.751661553755161,0.956969388433249
2968,"Wild boar","PIG",2,"slope + BB",-0.0368564737748147,0.760034718176284,0.963814616626234
2969,"Wild boar","PIG",2,"slope + BB",-0.0308316028325433,0.761561891363602,0.969638843855393
2970,"Wild boar","PIG",2,"slope + BB",-0.0372243725610914,0.756046737466371,0.963459938362674
2971,"Wild boar","PIG",2,"slope + BB",-0.0116860694168058,0.776569291011526,0.988381947705516
2972,"Wild boar","PIG",2,"slope + BB",-0.0256706833161346,0.813040522403469,0.974656021153939
2973,"Wild boar","PIG",2,"slope + BB",-0.01540693769118,0.869997228167384,0.984711145944433
2974,"Wild boar","PIG",2,"slope + BB",-0.0139833953489414,0.840766688360563,0.986113923335
2975,"Wild boar","PIG",2,"slope + BB",-0.026162516104187,0.793196854561837,0.974176786161355
2976,"Wild boar","PIG",2,"slope + BB",-0.0282265627875072,0.770024018058093,0.972168120799115
2977,"Wild boar","PIG",2,"slope + BB",-0.0353222049995777,0.769883485886809,0.965294344766588
2978,"Wild boar","PIG",2,"slope + BB",-0.0416538415890241,0.766897892364189,0.95920176064237
2979,"Wild boar","PIG",2,"slope + BB",-0.0271077308935558,0.749460079048654,0.973256399788197
2980,"Wild boar","PIG",2,"slope + BB",-0.0268189711249107,0.759191347764748,0.973537465135656
2981,"Wild boar","PIG",2,"slope + BB",-0.0355119819198051,0.76888439099183,0.965111191939013
2982,"Wild boar","PIG",2,"slope + BB",-0.0256494082119921,0.780435014479335,0.974676743519137
2983,"Wild boar","PIG",2,"slope + BB",-0.0306129364703195,0.777994816359746,0.969850895633092
2984,"Wild boar","PIG",2,"slope + BB",-0.0142642953428772,0.812590107443082,0.985836957970701
2985,"Wild boar","PIG",2,"slope + BB",-0.0196783656873026,0.829014802948612,0.980513991254271
2986,"Wild boar","PIG",2,"slope + BB",-0.0295023737036965,0.929301052048119,0.970928574160845
2987,"Wild boar","PIG",2,"slope + BB",-0.0275707562411208,0.916024174663411,0.972805858316483
2988,"Wild boar","PIG",2,"slope + BB",-0.031974494371628,0.839133186385772,0.968531340602198
2989,"Wild boar","PIG",2,"slope + BB",-0.032936811095272,0.807522432167134,0.96759970052979
2990,"Wild boar","PIG",2,"slope + BB",-0.0274620753407444,0.792677654982866,0.972911579867533
2991,"Wild boar","PIG",2,"slope + BB",-0.0440758839616904,0.785368361870661,0.956881343061147
2992,"Wild boar","PIG",2,"slope + BB",-0.0306354550330103,0.784753375887789,0.969829065934914
2993,"Wild boar","PIG",2,"slope + BB",-0.0303551434446678,0.789412119240641,0.970100952631581
2994,"Wild boar","PIG",2,"slope + BB",-0.0466593673063266,0.814707394283877,0.954412449299432
2995,"Wild boar","PIG",2,"slope + BB",-0.0394998759867942,0.832882415699649,0.961270091302494
2996,"Wild boar","PIG",2,"slope + BB",-0.0399071692847457,0.873350737387449,0.960878650524273
2997,"Wild boar","PIG",2,"slope + BB",-0.0102552520968294,0.918836079908924,0.989797154569759
2998,"Wild boar","PIG",2,"slope + BB",-0.0332529360262058,0.974194738674034,0.967293881808331
2999,"Wild boar","PIG",2,"slope + BB",-0.0105343231185498,0.886947763018384,0.989520985147804
3000,"Wild boar","PIG",2,"slope + BB",-0.0440923843677413,0.85332710931676,0.956865556114839
3001,"Wild boar","PIG",2,"slope + BB",-0.0405890433539032,0.841311621267499,0.960223660794226
3002,"Wild boar","PIG",2,"slope + BB",-0.0418254196422449,0.824517700673703,0.959037234636956
3003,"Wild boar","PIG",2,"slope + BB",-0.0530599611937476,0.828153949324135,0.948323149410349
3004,"Wild boar","PIG",2,"slope + BB",-0.0250707362991851,0.850038313724563,0.975240928091244
3005,"Wild boar","PIG",2,"slope + BB",-0.0462943267483219,0.924181435926552,0.954760913038928
3006,"Wild boar","PIG",2,"slope + BB",-0.0391041922186105,0.947749387842521,0.961650518433091
3007,"Wild boar","PIG",2,"slope + BB",-0.0342516711654965,0.901309947353697,0.966328292230924
3008,"Wild boar","PIG",2,"slope + BB",-0.0281920851525888,0.898656255625747,0.972201603425585
3009,"Wild boar","PIG",2,"slope + BB",-0.0314035210933648,0.897477246328395,0.969084448548621
3010,"Wild boar","PIG",2,"slope + BB",-0.0246843224995732,0.951445250411245,0.975618322522608
3011,"Wild boar","PIG",2,"slope + BB",-0.0132307496683106,1.09363897052837,0.98685639217026
3012,"Wild boar","PIG",2,"slope + BB",-0.0221135708168029,1.00110513245289,0.978129156376075
3013,"Wild boar","PIG",2,"slope + BB",-0.0228261852587296,1.01177997200637,0.977432373971274
