"grid_id","Species","Species_Code","Rank","Covariates","CAR_Median","CAR_SD","CAR_RelativeRisk"
1,"Gaur","GAR",2,"ndvi_cv + elev + BB + DE",0.543944527145506,1.28363379211804,1.7227901258466
2,"Gaur","GAR",2,"ndvi_cv + elev + BB + DE",0.542498984214536,1.14897325840624,1.7203005490937
3,"Gaur","GAR",2,"ndvi_cv + elev + BB + DE",0.54165767540634,1.12611182081701,1.71885382395799
4,"Gaur","GAR",2,"ndvi_cv + elev + BB + DE",0.55329214720037,1.13206992977301,1.73896854963129
5,"Gaur","GAR",2,"ndvi_cv + elev + BB + DE",0.52856106448544,1.18217606088358,1.69648941284638
6,"Gaur","GAR",2,"ndvi_cv + elev + BB + DE",0.529634228007537,1.28865131072762,1.69831101011601
7,"Gaur","GAR",2,"ndvi_cv + elev + BB + DE",0.525843033839737,1.08018145752535,1.69188457711764
8,"Gaur","GAR",2,"ndvi_cv + elev + BB + DE",0.514927186593442,1.05745596922812,1.67351664762707
9,"Gaur","GAR",2,"ndvi_cv + elev + BB + DE",0.551355698918088,1.04917784532186,1.73560439716357
10,"Gaur","GAR",2,"ndvi_cv + elev + BB + DE",0.532810930678636,1.07023757168605,1.70371460968002
11,"Gaur","GAR",2,"ndvi_cv + elev + BB + DE",0.543048396616856,1.08378338245037,1.72124592101838
12,"Gaur","GAR",2,"ndvi_cv + elev + BB + DE",0.540074574155391,1.12266098535374,1.71613484114738
13,"Gaur","GAR",2,"ndvi_cv + elev + BB + DE",0.510247487214756,1.03426612286064,1.66570339830584
14,"Gaur","GAR",2,"ndvi_cv + elev + BB + DE",0.511530136301989,1.03075270421411,1.66784127132976
15,"Gaur","GAR",2,"ndvi_cv + elev + BB + DE",0.494205903185152,1.01614199093531,1.63919605642183
16,"Gaur","GAR",2,"ndvi_cv + elev + BB + DE",0.497810787364206,0.990739386489371,1.64511582656814
17,"Gaur","GAR",2,"ndvi_cv + elev + BB + DE",0.515629065189698,0.992999866932683,1.67469166657371
18,"Gaur","GAR",2,"ndvi_cv + elev + BB + DE",0.51543178518572,0.987674333244456,1.67436131527748
19,"Gaur","GAR",2,"ndvi_cv + elev + BB + DE",0.530176700860931,0.982667231020999,1.69923254371329
20,"Gaur","GAR",2,"ndvi_cv + elev + BB + DE",0.53050286470284,0.991752682484568,1.69978692920307
21,"Gaur","GAR",2,"ndvi_cv + elev + BB + DE",0.52926313672668,1.01056347918931,1.69768089377193
22,"Gaur","GAR",2,"ndvi_cv + elev + BB + DE",0.529186461640187,1.02418631760808,1.6975507514927
23,"Gaur","GAR",2,"ndvi_cv + elev + BB + DE",0.544744570672642,1.05184679741116,1.72416793255547
24,"Gaur","GAR",2,"ndvi_cv + elev + BB + DE",0.516020032264811,1.08390271797746,1.67534659447807
25,"Gaur","GAR",2,"ndvi_cv + elev + BB + DE",0.53770996881629,1.12798515071813,1.71208164982344
26,"Gaur","GAR",2,"ndvi_cv + elev + BB + DE",0.535587262832832,1.28157130624667,1.70845127685449
27,"Gaur","GAR",2,"ndvi_cv + elev + BB + DE",0.490168469338071,1.06042843934273,1.63259124122015
28,"Gaur","GAR",2,"ndvi_cv + elev + BB + DE",0.493242152078365,0.923678059298447,1.63761709476336
29,"Gaur","GAR",2,"ndvi_cv + elev + BB + DE",0.502167795381015,0.896345340829063,1.65229923932406
30,"Gaur","GAR",2,"ndvi_cv + elev + BB + DE",0.510744407557982,0.883682645903794,1.66653131187568
31,"Gaur","GAR",2,"ndvi_cv + elev + BB + DE",0.50563503065973,0.893918700057955,1.65803810636536
32,"Gaur","GAR",2,"ndvi_cv + elev + BB + DE",0.51346837508233,0.902425590119832,1.67107713588395
33,"Gaur","GAR",2,"ndvi_cv + elev + BB + DE",0.518986878313249,0.8989101066557,1.68032441406161
34,"Gaur","GAR",2,"ndvi_cv + elev + BB + DE",0.531187148346352,0.902083842873132,1.70095046202908
35,"Gaur","GAR",2,"ndvi_cv + elev + BB + DE",0.520232211923827,0.901387515010837,1.68241828695166
36,"Gaur","GAR",2,"ndvi_cv + elev + BB + DE",0.518730843209172,0.923963667369512,1.67989435822181
37,"Gaur","GAR",2,"ndvi_cv + elev + BB + DE",0.533311444722746,0.93068680960774,1.70456757687249
38,"Gaur","GAR",2,"ndvi_cv + elev + BB + DE",0.520762401283684,0.950245046305667,1.68331051880368
39,"Gaur","GAR",2,"ndvi_cv + elev + BB + DE",0.522268767540166,0.971301049332006,1.68584811885192
40,"Gaur","GAR",2,"ndvi_cv + elev + BB + DE",0.532346339754051,0.997931656493178,1.70292326127553
41,"Gaur","GAR",2,"ndvi_cv + elev + BB + DE",0.536574531222235,1.01885496740499,1.7101389279438
42,"Gaur","GAR",2,"ndvi_cv + elev + BB + DE",0.534845583578803,1.04092054645889,1.70718496352505
43,"Gaur","GAR",2,"ndvi_cv + elev + BB + DE",0.5233804287603,1.07837176359688,1.68772325539127
44,"Gaur","GAR",2,"ndvi_cv + elev + BB + DE",0.534591268148362,1.16354226375721,1.70675050077128
45,"Gaur","GAR",2,"ndvi_cv + elev + BB + DE",0.477712704487045,0.891656625093032,1.61238220265757
46,"Gaur","GAR",2,"ndvi_cv + elev + BB + DE",0.496654162248592,0.845603708591035,1.64321416284784
47,"Gaur","GAR",2,"ndvi_cv + elev + BB + DE",0.480256801601975,0.825390129231138,1.61648974245425
48,"Gaur","GAR",2,"ndvi_cv + elev + BB + DE",0.509042512818887,0.81928323967161,1.66369750237179
49,"Gaur","GAR",2,"ndvi_cv + elev + BB + DE",0.487746307279346,0.82255873396414,1.628641623326
50,"Gaur","GAR",2,"ndvi_cv + elev + BB + DE",0.497158881212548,0.825516313824435,1.64404371601337
51,"Gaur","GAR",2,"ndvi_cv + elev + BB + DE",0.500939513551612,0.853286318935611,1.65027099485923
52,"Gaur","GAR",2,"ndvi_cv + elev + BB + DE",0.508955265474567,0.855846826570321,1.66355240711361
53,"Gaur","GAR",2,"ndvi_cv + elev + BB + DE",0.52326303232704,0.872329146225725,1.68752519237717
54,"Gaur","GAR",2,"ndvi_cv + elev + BB + DE",0.512401375197132,0.894172257479507,1.66929499069831
55,"Gaur","GAR",2,"ndvi_cv + elev + BB + DE",0.524843702738046,0.901091496422114,1.69019465507301
56,"Gaur","GAR",2,"ndvi_cv + elev + BB + DE",0.538570598409842,0.925773432667598,1.71355578803432
57,"Gaur","GAR",2,"ndvi_cv + elev + BB + DE",0.532493123201524,0.937801716929019,1.70317348807329
58,"Gaur","GAR",2,"ndvi_cv + elev + BB + DE",0.531797866278418,0.969598146143259,1.70198951702743
59,"Gaur","GAR",2,"ndvi_cv + elev + BB + DE",0.543805507411385,0.989726949300702,1.72254973364468
60,"Gaur","GAR",2,"ndvi_cv + elev + BB + DE",0.533800333359335,1.02212685288715,1.70540110329647
61,"Gaur","GAR",2,"ndvi_cv + elev + BB + DE",0.546422100247873,1.04738379616422,1.72706270640006
62,"Gaur","GAR",2,"ndvi_cv + elev + BB + DE",0.551579621520267,1.13023169762186,1.73599306589105
63,"Gaur","GAR",2,"ndvi_cv + elev + BB + DE",0.542722669915135,1.01983321504874,1.72068535011883
64,"Gaur","GAR",2,"ndvi_cv + elev + BB + DE",0.544699769746402,0.982814802704736,1.72409070962103
65,"Gaur","GAR",2,"ndvi_cv + elev + BB + DE",0.524510484989273,0.970640145816089,1.68963158406605
66,"Gaur","GAR",2,"ndvi_cv + elev + BB + DE",0.527282262600916,1.0015744169974,1.6943213516465
67,"Gaur","GAR",2,"ndvi_cv + elev + BB + DE",0.510777985085855,0.874201560361405,1.6665872819475
68,"Gaur","GAR",2,"ndvi_cv + elev + BB + DE",0.48895971903193,0.818948268026625,1.63061927838488
69,"Gaur","GAR",2,"ndvi_cv + elev + BB + DE",0.491414495361272,0.798867737321614,1.63462679775199
70,"Gaur","GAR",2,"ndvi_cv + elev + BB + DE",0.49717093290482,0.789372063625715,1.6440635193488
71,"Gaur","GAR",2,"ndvi_cv + elev + BB + DE",0.467165849061699,0.790858469037615,1.59546599495367
72,"Gaur","GAR",2,"ndvi_cv + elev + BB + DE",0.486975265311527,0.786306764049035,1.62738635650545
73,"Gaur","GAR",2,"ndvi_cv + elev + BB + DE",0.493846173150783,0.799826593060056,1.63860647991774
74,"Gaur","GAR",2,"ndvi_cv + elev + BB + DE",0.494616159167715,0.808186169070729,1.63986867239805
75,"Gaur","GAR",2,"ndvi_cv + elev + BB + DE",0.516716151434594,0.826575443901967,1.67651319438065
76,"Gaur","GAR",2,"ndvi_cv + elev + BB + DE",0.522612383095669,0.855626070719616,1.68642749880391
77,"Gaur","GAR",2,"ndvi_cv + elev + BB + DE",0.516909529734413,0.885666180358729,1.67683759584328
78,"Gaur","GAR",2,"ndvi_cv + elev + BB + DE",0.518798398583465,0.88852187437738,1.68000780257412
79,"Gaur","GAR",2,"ndvi_cv + elev + BB + DE",0.549435973100721,0.903082786629045,1.73227577262962
80,"Gaur","GAR",2,"ndvi_cv + elev + BB + DE",0.529605360466264,0.923519198595748,1.69826223109076
81,"Gaur","GAR",2,"ndvi_cv + elev + BB + DE",0.527048530639054,0.941239425448538,1.6939253546811
82,"Gaur","GAR",2,"ndvi_cv + elev + BB + DE",0.526265454830928,0.973906171188015,1.69259940433626
83,"Gaur","GAR",2,"ndvi_cv + elev + BB + DE",0.53635068721345,0.998737493695184,1.70975612742408
84,"Gaur","GAR",2,"ndvi_cv + elev + BB + DE",0.535720668867365,1.03230012034977,1.70867919145734
85,"Gaur","GAR",2,"ndvi_cv + elev + BB + DE",0.524025459706353,1.1051111614678,1.68881313788101
86,"Gaur","GAR",2,"ndvi_cv + elev + BB + DE",0.521706010365691,1.08112376442159,1.68489969320255
87,"Gaur","GAR",2,"ndvi_cv + elev + BB + DE",0.523539851380258,1.02477305916591,1.68799233126325
88,"Gaur","GAR",2,"ndvi_cv + elev + BB + DE",0.512234520147601,0.99446593358567,1.669016486653
89,"Gaur","GAR",2,"ndvi_cv + elev + BB + DE",0.518714484301903,0.975088482688832,1.67986699103774
90,"Gaur","GAR",2,"ndvi_cv + elev + BB + DE",0.530560649417079,0.922875351749672,1.69988547897069
91,"Gaur","GAR",2,"ndvi_cv + elev + BB + DE",0.520180039452487,0.891440701509921,1.68233052768716
92,"Gaur","GAR",2,"ndvi_cv + elev + BB + DE",0.520405583327527,0.883405972528638,1.68271000245591
93,"Gaur","GAR",2,"ndvi_cv + elev + BB + DE",0.526917245010511,0.860522197599372,1.69370298351382
94,"Gaur","GAR",2,"ndvi_cv + elev + BB + DE",0.531389375256276,0.872327246044356,1.70129449595382
95,"Gaur","GAR",2,"ndvi_cv + elev + BB + DE",0.535987795619718,0.878378557876844,1.7091356861003
96,"Gaur","GAR",2,"ndvi_cv + elev + BB + DE",0.526435462722927,0.873266539829039,1.69288719143291
97,"Gaur","GAR",2,"ndvi_cv + elev + BB + DE",0.543945182508327,0.817362742873397,1.72279020420565
98,"Gaur","GAR",2,"ndvi_cv + elev + BB + DE",0.525981655463016,0.797199709282488,1.69211911131416
99,"Gaur","GAR",2,"ndvi_cv + elev + BB + DE",0.511092725788147,0.768832400302831,1.66711189840641
100,"Gaur","GAR",2,"ndvi_cv + elev + BB + DE",0.500661665525153,0.762699821131257,1.64981259322112
101,"Gaur","GAR",2,"ndvi_cv + elev + BB + DE",0.463598032460959,0.75732343648637,1.58978380403103
102,"Gaur","GAR",2,"ndvi_cv + elev + BB + DE",0.464705358470806,0.75088922642072,1.59154526173191
103,"Gaur","GAR",2,"ndvi_cv + elev + BB + DE",0.456388476767368,0.761756064541986,1.57836341070862
104,"Gaur","GAR",2,"ndvi_cv + elev + BB + DE",0.494829320178911,0.775063773537129,1.64021841746292
105,"Gaur","GAR",2,"ndvi_cv + elev + BB + DE",0.514840762072986,0.792357416577738,1.67337201635367
106,"Gaur","GAR",2,"ndvi_cv + elev + BB + DE",0.516978284023809,0.809244791919871,1.67695280376359
107,"Gaur","GAR",2,"ndvi_cv + elev + BB + DE",0.536875922800644,0.839377693733607,1.71065431543731
108,"Gaur","GAR",2,"ndvi_cv + elev + BB + DE",0.538520700335374,0.849149467424574,1.71347027008027
109,"Gaur","GAR",2,"ndvi_cv + elev + BB + DE",0.536196852080352,0.86842713923985,1.70949314598789
110,"Gaur","GAR",2,"ndvi_cv + elev + BB + DE",0.532428226199532,0.890613648447142,1.70306271331782
111,"Gaur","GAR",2,"ndvi_cv + elev + BB + DE",0.538745322884457,0.9296804479036,1.71385517851119
112,"Gaur","GAR",2,"ndvi_cv + elev + BB + DE",0.544065850294207,0.93434210569657,1.72299824674674
113,"Gaur","GAR",2,"ndvi_cv + elev + BB + DE",0.544048311112453,0.973391812106502,1.72296787825343
114,"Gaur","GAR",2,"ndvi_cv + elev + BB + DE",0.517279774829357,0.981504095477792,1.67745837599816
115,"Gaur","GAR",2,"ndvi_cv + elev + BB + DE",0.53298523778933,1.00495023745882,1.70401161495345
116,"Gaur","GAR",2,"ndvi_cv + elev + BB + DE",0.542982172360928,1.10193291235813,1.72113195804085
117,"Gaur","GAR",2,"ndvi_cv + elev + BB + DE",0.526163593066562,1.03802911225274,1.6924270123009
118,"Gaur","GAR",2,"ndvi_cv + elev + BB + DE",0.511865501253176,0.967122809769086,1.66840069796889
119,"Gaur","GAR",2,"ndvi_cv + elev + BB + DE",0.509117490041298,0.931571444366522,1.66382239530591
120,"Gaur","GAR",2,"ndvi_cv + elev + BB + DE",0.516689382182883,0.904684840567979,1.67646832565908
121,"Gaur","GAR",2,"ndvi_cv + elev + BB + DE",0.52313601288636,0.879578114814391,1.68731087247731
122,"Gaur","GAR",2,"ndvi_cv + elev + BB + DE",0.520410881067248,0.854794027956716,1.68271894591134
123,"Gaur","GAR",2,"ndvi_cv + elev + BB + DE",0.529589305094566,0.845522522314307,1.69823471553023
124,"Gaur","GAR",2,"ndvi_cv + elev + BB + DE",0.538953625970373,0.834293157106795,1.71421223681129
125,"Gaur","GAR",2,"ndvi_cv + elev + BB + DE",0.525735622232257,0.831721191658472,1.69170284600408
126,"Gaur","GAR",2,"ndvi_cv + elev + BB + DE",0.537875914943315,0.807614483589081,1.71236601231644
127,"Gaur","GAR",2,"ndvi_cv + elev + BB + DE",0.536965774436723,0.806290037638935,1.71080801871865
128,"Gaur","GAR",2,"ndvi_cv + elev + BB + DE",0.555345262188402,0.792877427298125,1.74254264109908
129,"Gaur","GAR",2,"ndvi_cv + elev + BB + DE",0.551011467409836,0.767519518547041,1.73500704566574
130,"Gaur","GAR",2,"ndvi_cv + elev + BB + DE",0.544955792698936,0.756354102811868,1.7245321961991
131,"Gaur","GAR",2,"ndvi_cv + elev + BB + DE",0.5389908411775,0.742643969200948,1.7142760131283
132,"Gaur","GAR",2,"ndvi_cv + elev + BB + DE",0.494448478624496,0.729130858400207,1.63959372836153
133,"Gaur","GAR",2,"ndvi_cv + elev + BB + DE",0.430254114227024,0.71197154680237,1.53764827212114
134,"Gaur","GAR",2,"ndvi_cv + elev + BB + DE",0.363105374904544,0.682941334049137,1.43778768204111
135,"Gaur","GAR",2,"ndvi_cv + elev + BB + DE",0.484260668072182,0.735725683060173,1.62297520414805
136,"Gaur","GAR",2,"ndvi_cv + elev + BB + DE",0.493617286295566,0.753481706207339,1.63823147866506
137,"Gaur","GAR",2,"ndvi_cv + elev + BB + DE",0.508520039049495,0.765920554455511,1.66282881611008
138,"Gaur","GAR",2,"ndvi_cv + elev + BB + DE",0.527746738440302,0.797120857515653,1.6951085188976
139,"Gaur","GAR",2,"ndvi_cv + elev + BB + DE",0.531337671530014,0.807183533680256,1.70120644274067
140,"Gaur","GAR",2,"ndvi_cv + elev + BB + DE",0.538607974043975,0.833917030129603,1.71361980942579
141,"Gaur","GAR",2,"ndvi_cv + elev + BB + DE",0.51897818582934,0.853690535912809,1.68030980971684
142,"Gaur","GAR",2,"ndvi_cv + elev + BB + DE",0.522181286869467,0.872499170950852,1.68570068841512
143,"Gaur","GAR",2,"ndvi_cv + elev + BB + DE",0.524913353113528,0.90024913582211,1.69031239510056
144,"Gaur","GAR",2,"ndvi_cv + elev + BB + DE",0.53530874487427,0.934316665038338,1.70797548958804
145,"Gaur","GAR",2,"ndvi_cv + elev + BB + DE",0.522944936650462,0.951612631788707,1.68698842304652
146,"Gaur","GAR",2,"ndvi_cv + elev + BB + DE",0.545486207837396,0.97257162368206,1.725447110719
147,"Gaur","GAR",2,"ndvi_cv + elev + BB + DE",0.544983750782808,1.01147441090579,1.72458035969129
148,"Gaur","GAR",2,"ndvi_cv + elev + BB + DE",0.543701614445341,1.07035411871609,1.72237062917344
149,"Gaur","GAR",2,"ndvi_cv + elev + BB + DE",0.51539620848745,1.06735890927612,1.67430235154878
150,"Gaur","GAR",2,"ndvi_cv + elev + BB + DE",0.503582706112605,0.97403732782177,1.65463876998983
151,"Gaur","GAR",2,"ndvi_cv + elev + BB + DE",0.528222820541103,0.922756590352685,1.69591571887847
152,"Gaur","GAR",2,"ndvi_cv + elev + BB + DE",0.511917400377681,0.887115757563745,1.66848732084841
153,"Gaur","GAR",2,"ndvi_cv + elev + BB + DE",0.509338448655541,0.877640460868876,1.66418989377961
154,"Gaur","GAR",2,"ndvi_cv + elev + BB + DE",0.52178852471768,0.862726065595947,1.6850386907551
155,"Gaur","GAR",2,"ndvi_cv + elev + BB + DE",0.515766855245012,0.839112389033956,1.67492268485962
156,"Gaur","GAR",2,"ndvi_cv + elev + BB + DE",0.522909542065933,0.824461312365856,1.68692871389376
157,"Gaur","GAR",2,"ndvi_cv + elev + BB + DE",0.537249035382173,0.815507671999633,1.71129274351068
158,"Gaur","GAR",2,"ndvi_cv + elev + BB + DE",0.537158237262179,0.799482129693098,1.71113731601761
159,"Gaur","GAR",2,"ndvi_cv + elev + BB + DE",0.549304190577826,0.785467560759933,1.73204757552734
160,"Gaur","GAR",2,"ndvi_cv + elev + BB + DE",0.552477254336969,0.785079159232847,1.73755204922072
161,"Gaur","GAR",2,"ndvi_cv + elev + BB + DE",0.571138349242085,0.761053985941551,1.7702811233516
162,"Gaur","GAR",2,"ndvi_cv + elev + BB + DE",0.566214388366781,0.754974821734283,1.7615857669573
163,"Gaur","GAR",2,"ndvi_cv + elev + BB + DE",0.571237262669509,0.738228459092696,1.77045622426579
164,"Gaur","GAR",2,"ndvi_cv + elev + BB + DE",0.559652361986779,0.721853437183202,1.75006400656343
165,"Gaur","GAR",2,"ndvi_cv + elev + BB + DE",0.532831475358961,0.71312043474746,1.70374964450052
166,"Gaur","GAR",2,"ndvi_cv + elev + BB + DE",0.482684341341512,0.698103910939808,1.62041847383692
167,"Gaur","GAR",2,"ndvi_cv + elev + BB + DE",0.466857789771343,0.701880539349191,1.59497460588584
168,"Gaur","GAR",2,"ndvi_cv + elev + BB + DE",0.514778561000317,0.72000611110429,1.67326800016307
169,"Gaur","GAR",2,"ndvi_cv + elev + BB + DE",0.52298996866118,0.735610508059223,1.68706438608047
170,"Gaur","GAR",2,"ndvi_cv + elev + BB + DE",0.523550394974556,0.76211654897954,1.68801016029976
171,"Gaur","GAR",2,"ndvi_cv + elev + BB + DE",0.534481751047222,0.770639430387336,1.70656358828671
172,"Gaur","GAR",2,"ndvi_cv + elev + BB + DE",0.549727841239408,0.793286958508501,1.73278140484594
173,"Gaur","GAR",2,"ndvi_cv + elev + BB + DE",0.544068750648457,0.811227417296127,1.72300309008706
174,"Gaur","GAR",2,"ndvi_cv + elev + BB + DE",0.52960474887454,0.842042148142893,1.69826108560929
175,"Gaur","GAR",2,"ndvi_cv + elev + BB + DE",0.543760054518482,0.858393402480141,1.72247129767493
176,"Gaur","GAR",2,"ndvi_cv + elev + BB + DE",0.514567968480456,0.8852176315972,1.67291559487223
177,"Gaur","GAR",2,"ndvi_cv + elev + BB + DE",0.523753053037516,0.910285958590513,1.68835232703698
178,"Gaur","GAR",2,"ndvi_cv + elev + BB + DE",0.535091459087827,0.940182070010146,1.70760447449474
179,"Gaur","GAR",2,"ndvi_cv + elev + BB + DE",0.537417943393727,0.983079790892517,1.71158175352731
180,"Gaur","GAR",2,"ndvi_cv + elev + BB + DE",0.534567296550708,1.01779433431747,1.70670958340375
181,"Gaur","GAR",2,"ndvi_cv + elev + BB + DE",0.509703224777468,1.06611189351789,1.66479715466526
182,"Gaur","GAR",2,"ndvi_cv + elev + BB + DE",0.506469285354725,1.13922229291178,1.65942191338499
183,"Gaur","GAR",2,"ndvi_cv + elev + BB + DE",0.515475010379621,1.17555668307872,1.67443393116683
184,"Gaur","GAR",2,"ndvi_cv + elev + BB + DE",0.521977029483935,1.01318863993628,1.68535637156471
185,"Gaur","GAR",2,"ndvi_cv + elev + BB + DE",0.509001291946819,0.940170509520945,1.66362929003872
186,"Gaur","GAR",2,"ndvi_cv + elev + BB + DE",0.523589288666888,0.914202728044481,1.68807600764305
187,"Gaur","GAR",2,"ndvi_cv + elev + BB + DE",0.527583220296402,0.872372816232495,1.69483181853466
188,"Gaur","GAR",2,"ndvi_cv + elev + BB + DE",0.517850654959663,0.847441128521702,1.67841627437498
189,"Gaur","GAR",2,"ndvi_cv + elev + BB + DE",0.51233001689671,0.840247562637164,1.66917590194917
190,"Gaur","GAR",2,"ndvi_cv + elev + BB + DE",0.519896911799566,0.820567748536766,1.6818542776407
191,"Gaur","GAR",2,"ndvi_cv + elev + BB + DE",0.520840130663666,0.806860242530528,1.68344151073407
192,"Gaur","GAR",2,"ndvi_cv + elev + BB + DE",0.535828864710226,0.797359415172339,1.70886429597133
193,"Gaur","GAR",2,"ndvi_cv + elev + BB + DE",0.526454440725829,0.783791043775193,1.69291931648716
194,"Gaur","GAR",2,"ndvi_cv + elev + BB + DE",0.525213784791976,0.761973611806307,1.69082028157096
195,"Gaur","GAR",2,"ndvi_cv + elev + BB + DE",0.538635584176296,0.766163256456134,1.71366711672999
196,"Gaur","GAR",2,"ndvi_cv + elev + BB + DE",0.573123274324142,0.748940591919397,1.77379846830826
197,"Gaur","GAR",2,"ndvi_cv + elev + BB + DE",0.59354590230508,0.737866994990061,1.81039653675512
198,"Gaur","GAR",2,"ndvi_cv + elev + BB + DE",0.61025800562683,0.729136489717558,1.84090630350576
199,"Gaur","GAR",2,"ndvi_cv + elev + BB + DE",0.619244325335864,0.720821106739312,1.85752383900796
200,"Gaur","GAR",2,"ndvi_cv + elev + BB + DE",0.604170158437028,0.706566319718245,1.82973319117146
201,"Gaur","GAR",2,"ndvi_cv + elev + BB + DE",0.579211210475018,0.707091623255461,1.78463017880784
202,"Gaur","GAR",2,"ndvi_cv + elev + BB + DE",0.579400294672801,0.720275130035291,1.7849676810857
203,"Gaur","GAR",2,"ndvi_cv + elev + BB + DE",0.571483393758154,0.715680141289747,1.77089205870479
204,"Gaur","GAR",2,"ndvi_cv + elev + BB + DE",0.565659292159092,0.722461789416768,1.76060820649711
205,"Gaur","GAR",2,"ndvi_cv + elev + BB + DE",0.562044876480926,0.739182213169278,1.75425607225261
206,"Gaur","GAR",2,"ndvi_cv + elev + BB + DE",0.553345308746089,0.754302533522991,1.73906129731407
207,"Gaur","GAR",2,"ndvi_cv + elev + BB + DE",0.551838463194081,0.772831589130927,1.73644253458765
208,"Gaur","GAR",2,"ndvi_cv + elev + BB + DE",0.529004031312181,0.798569678959657,1.6972410697523
209,"Gaur","GAR",2,"ndvi_cv + elev + BB + DE",0.540507856634382,0.837353037951343,1.71687857007312
210,"Gaur","GAR",2,"ndvi_cv + elev + BB + DE",0.518344609743751,0.846684253111485,1.67924554615232
211,"Gaur","GAR",2,"ndvi_cv + elev + BB + DE",0.526750148835227,0.88027302730425,1.69341999354401
212,"Gaur","GAR",2,"ndvi_cv + elev + BB + DE",0.521765081904303,0.902796424320565,1.68499929091004
213,"Gaur","GAR",2,"ndvi_cv + elev + BB + DE",0.513739241101932,0.932403891301707,1.67152978112863
214,"Gaur","GAR",2,"ndvi_cv + elev + BB + DE",0.542633353144187,0.969141784949345,1.72053167607813
215,"Gaur","GAR",2,"ndvi_cv + elev + BB + DE",0.532074414751549,1.00948055646816,1.70246076925052
216,"Gaur","GAR",2,"ndvi_cv + elev + BB + DE",0.522201587789985,1.06346768201929,1.6857348614808
217,"Gaur","GAR",2,"ndvi_cv + elev + BB + DE",0.51449691571279,1.13561412370267,1.67279673570469
218,"Gaur","GAR",2,"ndvi_cv + elev + BB + DE",0.52928301807685,1.26848400392725,1.69771466406834
219,"Gaur","GAR",2,"ndvi_cv + elev + BB + DE",0.510380112681547,0.96955167084569,1.66592432773472
220,"Gaur","GAR",2,"ndvi_cv + elev + BB + DE",0.491216792464081,0.908611012881712,1.6343036202951
221,"Gaur","GAR",2,"ndvi_cv + elev + BB + DE",0.492691863242253,0.890524315094211,1.63671611422741
222,"Gaur","GAR",2,"ndvi_cv + elev + BB + DE",0.516314401861302,0.857592229778268,1.67583979617558
223,"Gaur","GAR",2,"ndvi_cv + elev + BB + DE",0.501908540173072,0.842340897965438,1.65187093088562
224,"Gaur","GAR",2,"ndvi_cv + elev + BB + DE",0.527288912246019,0.815667669754535,1.6943326189791
225,"Gaur","GAR",2,"ndvi_cv + elev + BB + DE",0.515469921391721,0.807795623580618,1.67442518517801
226,"Gaur","GAR",2,"ndvi_cv + elev + BB + DE",0.516003073862085,0.798519949218232,1.67531814742622
227,"Gaur","GAR",2,"ndvi_cv + elev + BB + DE",0.51646358925447,0.786336608660502,1.67609012275991
228,"Gaur","GAR",2,"ndvi_cv + elev + BB + DE",0.52689476707715,0.774108268567466,1.69366492699982
229,"Gaur","GAR",2,"ndvi_cv + elev + BB + DE",0.53324088756239,0.764511809781875,1.70444729018123
230,"Gaur","GAR",2,"ndvi_cv + elev + BB + DE",0.55947331686008,0.745024955623939,1.7497506935342
231,"Gaur","GAR",2,"ndvi_cv + elev + BB + DE",0.590946945454801,0.73928499759155,1.80569757892246
232,"Gaur","GAR",2,"ndvi_cv + elev + BB + DE",0.636014296157125,0.740983254279015,1.88893717302062
233,"Gaur","GAR",2,"ndvi_cv + elev + BB + DE",0.649885806062693,0.719642081785273,1.91532209949134
234,"Gaur","GAR",2,"ndvi_cv + elev + BB + DE",0.678808909765653,0.707408960725307,1.97152806628881
235,"Gaur","GAR",2,"ndvi_cv + elev + BB + DE",0.677082885472115,0.708455940441509,1.96812809956242
236,"Gaur","GAR",2,"ndvi_cv + elev + BB + DE",0.690970217645738,0.712021062264562,1.99565082325519
237,"Gaur","GAR",2,"ndvi_cv + elev + BB + DE",0.659461829129079,0.703092213473898,1.93375136608991
238,"Gaur","GAR",2,"ndvi_cv + elev + BB + DE",0.625081901421434,0.710595684451148,1.86839897593445
239,"Gaur","GAR",2,"ndvi_cv + elev + BB + DE",0.589264984803284,0.724928855809082,1.80266294474134
240,"Gaur","GAR",2,"ndvi_cv + elev + BB + DE",0.587333834701828,0.727236363602096,1.79918509072126
241,"Gaur","GAR",2,"ndvi_cv + elev + BB + DE",0.575918518369304,0.736892881712757,1.77876360562958
242,"Gaur","GAR",2,"ndvi_cv + elev + BB + DE",0.545059696902615,0.756023966608325,1.72471134068158
243,"Gaur","GAR",2,"ndvi_cv + elev + BB + DE",0.541855084313056,0.773552045448135,1.71919320608458
244,"Gaur","GAR",2,"ndvi_cv + elev + BB + DE",0.527302180660147,0.799796945143225,1.69435508556191
245,"Gaur","GAR",2,"ndvi_cv + elev + BB + DE",0.517586079202699,0.82692513139683,1.67797226855944
246,"Gaur","GAR",2,"ndvi_cv + elev + BB + DE",0.543243074574879,0.863904410051147,1.72158105372229
247,"Gaur","GAR",2,"ndvi_cv + elev + BB + DE",0.52914099210728,0.890292733114706,1.6974735939975
248,"Gaur","GAR",2,"ndvi_cv + elev + BB + DE",0.522632648376685,0.94832886078658,1.68646170205211
249,"Gaur","GAR",2,"ndvi_cv + elev + BB + DE",0.523161999346049,0.980425667931704,1.68735464445233
250,"Gaur","GAR",2,"ndvi_cv + elev + BB + DE",0.520742098280163,1.01609138550878,1.68327634803978
251,"Gaur","GAR",2,"ndvi_cv + elev + BB + DE",0.535975407403373,1.07871098121767,1.70911451811493
252,"Gaur","GAR",2,"ndvi_cv + elev + BB + DE",0.498719526351762,1.14798678413822,1.64661150282132
253,"Gaur","GAR",2,"ndvi_cv + elev + BB + DE",0.500180299124927,1.25884823835032,1.64901856184175
254,"Gaur","GAR",2,"ndvi_cv + elev + BB + DE",0.501787288226172,0.953510385730047,1.65167064580009
255,"Gaur","GAR",2,"ndvi_cv + elev + BB + DE",0.489345233878199,0.889801049542724,1.63124778560341
256,"Gaur","GAR",2,"ndvi_cv + elev + BB + DE",0.483249340827761,0.871267414067874,1.6213342046761
257,"Gaur","GAR",2,"ndvi_cv + elev + BB + DE",0.499011790244073,0.854520580950604,1.647092793028
258,"Gaur","GAR",2,"ndvi_cv + elev + BB + DE",0.496622519697726,0.818447284976301,1.64316221655866
259,"Gaur","GAR",2,"ndvi_cv + elev + BB + DE",0.512176118856913,0.809679056375364,1.66891901371373
260,"Gaur","GAR",2,"ndvi_cv + elev + BB + DE",0.517290160689558,0.800086323620057,1.67747579816065
261,"Gaur","GAR",2,"ndvi_cv + elev + BB + DE",0.523353363115831,0.791910817479033,1.68767757069887
262,"Gaur","GAR",2,"ndvi_cv + elev + BB + DE",0.527592510280052,0.777769954656357,1.69484706660513
263,"Gaur","GAR",2,"ndvi_cv + elev + BB + DE",0.524629394407809,0.769771100224494,1.68983266729603
264,"Gaur","GAR",2,"ndvi_cv + elev + BB + DE",0.54738893725697,0.75298671032034,1.72873330759266
265,"Gaur","GAR",2,"ndvi_cv + elev + BB + DE",0.575515123752815,0.741641708215261,1.7780462301818
266,"Gaur","GAR",2,"ndvi_cv + elev + BB + DE",0.604588556779203,0.722773574343346,1.83049892101574
267,"Gaur","GAR",2,"ndvi_cv + elev + BB + DE",0.652086232304364,0.720258943050698,1.9195412775809
268,"Gaur","GAR",2,"ndvi_cv + elev + BB + DE",0.690268194430421,0.722335674689576,1.99425030841604
269,"Gaur","GAR",2,"ndvi_cv + elev + BB + DE",0.744650572644852,0.707850157578499,2.1057057291006
270,"Gaur","GAR",2,"ndvi_cv + elev + BB + DE",0.766965402283727,0.698004418405069,2.15322217241714
271,"Gaur","GAR",2,"ndvi_cv + elev + BB + DE",0.789936787304775,0.694135182622502,2.20325714824227
272,"Gaur","GAR",2,"ndvi_cv + elev + BB + DE",0.748268458095666,0.703773014708241,2.11333763169387
273,"Gaur","GAR",2,"ndvi_cv + elev + BB + DE",0.675796079236487,0.71273289143518,1.96559713066697
274,"Gaur","GAR",2,"ndvi_cv + elev + BB + DE",0.631313649190456,0.710200420024509,1.88007872335669
275,"Gaur","GAR",2,"ndvi_cv + elev + BB + DE",0.607634331769643,0.720342041140045,1.83608269776547
276,"Gaur","GAR",2,"ndvi_cv + elev + BB + DE",0.576795585713992,0.722977052133859,1.78032440998984
277,"Gaur","GAR",2,"ndvi_cv + elev + BB + DE",0.56127911145664,0.747943056820403,1.75291323864016
278,"Gaur","GAR",2,"ndvi_cv + elev + BB + DE",0.536693546079457,0.757633365936998,1.71034233523096
279,"Gaur","GAR",2,"ndvi_cv + elev + BB + DE",0.530491215682188,0.776582251791577,1.6997670613165
280,"Gaur","GAR",2,"ndvi_cv + elev + BB + DE",0.510042719362152,0.810591299740629,1.66536240961354
281,"Gaur","GAR",2,"ndvi_cv + elev + BB + DE",0.540548758792896,0.832297987512118,1.71694879485176
282,"Gaur","GAR",2,"ndvi_cv + elev + BB + DE",0.524855401654897,0.882302086981012,1.69021455621024
283,"Gaur","GAR",2,"ndvi_cv + elev + BB + DE",0.528851653955277,0.938104934395528,1.69698247358275
284,"Gaur","GAR",2,"ndvi_cv + elev + BB + DE",0.521538979067497,0.999043158031494,1.68461825456875
285,"Gaur","GAR",2,"ndvi_cv + elev + BB + DE",0.515311972625651,1.05337797987093,1.6741608093643
286,"Gaur","GAR",2,"ndvi_cv + elev + BB + DE",0.527893886813592,1.14784755687078,1.69535793187812
287,"Gaur","GAR",2,"ndvi_cv + elev + BB + DE",0.500635827536448,1.24555309816268,1.64976995567114
288,"Gaur","GAR",2,"ndvi_cv + elev + BB + DE",0.499605034601707,1.04043974880109,1.64807021193922
289,"Gaur","GAR",2,"ndvi_cv + elev + BB + DE",0.486630517527348,0.928397427585233,1.62682543659305
290,"Gaur","GAR",2,"ndvi_cv + elev + BB + DE",0.500743014409942,0.873528659478435,1.64994675355106
291,"Gaur","GAR",2,"ndvi_cv + elev + BB + DE",0.48662727969984,0.857127661738375,1.62682039823552
292,"Gaur","GAR",2,"ndvi_cv + elev + BB + DE",0.502930232210608,0.840622766434441,1.65355951752988
293,"Gaur","GAR",2,"ndvi_cv + elev + BB + DE",0.504685943359777,0.81377320935341,1.656465287808
294,"Gaur","GAR",2,"ndvi_cv + elev + BB + DE",0.491934331976614,0.807714350866528,1.63547696478209
295,"Gaur","GAR",2,"ndvi_cv + elev + BB + DE",0.497164526774209,0.787508006356439,1.64405299165053
296,"Gaur","GAR",2,"ndvi_cv + elev + BB + DE",0.511325459987722,0.774408868439715,1.66749995243441
297,"Gaur","GAR",2,"ndvi_cv + elev + BB + DE",0.523156778671248,0.763723540545688,1.68734583651713
298,"Gaur","GAR",2,"ndvi_cv + elev + BB + DE",0.521426709795688,0.755665452061648,1.68442912971114
299,"Gaur","GAR",2,"ndvi_cv + elev + BB + DE",0.551158691773021,0.750737800986528,1.73526252571855
300,"Gaur","GAR",2,"ndvi_cv + elev + BB + DE",0.552148441959473,0.733829207536229,1.73698081781516
301,"Gaur","GAR",2,"ndvi_cv + elev + BB + DE",0.575135364101818,0.723350877026639,1.7773713158282
302,"Gaur","GAR",2,"ndvi_cv + elev + BB + DE",0.651858040752984,0.710902510498109,1.91910329142488
303,"Gaur","GAR",2,"ndvi_cv + elev + BB + DE",0.728297710636947,0.706565329935554,2.07155124072506
304,"Gaur","GAR",2,"ndvi_cv + elev + BB + DE",0.838163350959248,0.698522829090127,2.31211654689991
305,"Gaur","GAR",2,"ndvi_cv + elev + BB + DE",0.96197993985687,0.677122571184745,2.6168726182714
306,"Gaur","GAR",2,"ndvi_cv + elev + BB + DE",0.95916544401855,0.675005033867647,2.60951779667517
307,"Gaur","GAR",2,"ndvi_cv + elev + BB + DE",0.868631269814585,0.694621474035645,2.38364614487393
308,"Gaur","GAR",2,"ndvi_cv + elev + BB + DE",0.717831461623496,0.699174892003197,2.0499829217326
309,"Gaur","GAR",2,"ndvi_cv + elev + BB + DE",0.659048568392148,0.704031049040775,1.93295245461505
310,"Gaur","GAR",2,"ndvi_cv + elev + BB + DE",0.611600022022088,0.707783395841532,1.84337849153252
311,"Gaur","GAR",2,"ndvi_cv + elev + BB + DE",0.588087956591168,0.712008141056433,1.80054244213654
312,"Gaur","GAR",2,"ndvi_cv + elev + BB + DE",0.548419806705095,0.720008668495452,1.73051630670813
313,"Gaur","GAR",2,"ndvi_cv + elev + BB + DE",0.541849195408393,0.733348737233942,1.7191834138089
314,"Gaur","GAR",2,"ndvi_cv + elev + BB + DE",0.516409088434136,0.768990774150857,1.67599846944968
315,"Gaur","GAR",2,"ndvi_cv + elev + BB + DE",0.500413585939574,0.799264346445701,1.64940339881893
316,"Gaur","GAR",2,"ndvi_cv + elev + BB + DE",0.522741667698462,0.835929581122969,1.68664553960598
317,"Gaur","GAR",2,"ndvi_cv + elev + BB + DE",0.52558697166666,0.921417007731109,1.69145166080306
318,"Gaur","GAR",2,"ndvi_cv + elev + BB + DE",0.537544710934217,1.01671895431887,1.71179876271005
319,"Gaur","GAR",2,"ndvi_cv + elev + BB + DE",0.558931034952256,1.09636447019761,1.74880209253654
320,"Gaur","GAR",2,"ndvi_cv + elev + BB + DE",0.474125079678479,0.986988510757428,1.60660792886873
321,"Gaur","GAR",2,"ndvi_cv + elev + BB + DE",0.477790690602945,0.906497295068079,1.61250793508822
322,"Gaur","GAR",2,"ndvi_cv + elev + BB + DE",0.492442102138708,0.87289789405865,1.63630738053845
323,"Gaur","GAR",2,"ndvi_cv + elev + BB + DE",0.483127686239456,0.841020991308833,1.62113688873533
324,"Gaur","GAR",2,"ndvi_cv + elev + BB + DE",0.467017568764804,0.819623418227995,1.5952294367305
325,"Gaur","GAR",2,"ndvi_cv + elev + BB + DE",0.478623248723273,0.806013722294146,1.61385105951826
326,"Gaur","GAR",2,"ndvi_cv + elev + BB + DE",0.517102006802154,0.785762534382371,1.67716021239393
327,"Gaur","GAR",2,"ndvi_cv + elev + BB + DE",0.488718196008519,0.765073257278002,1.63022530805185
328,"Gaur","GAR",2,"ndvi_cv + elev + BB + DE",0.487859275174779,0.770255612659669,1.62882561908691
329,"Gaur","GAR",2,"ndvi_cv + elev + BB + DE",0.522901174856239,0.749430004612869,1.68691459153777
330,"Gaur","GAR",2,"ndvi_cv + elev + BB + DE",0.52696316420271,0.741746220449366,1.69378075682621
331,"Gaur","GAR",2,"ndvi_cv + elev + BB + DE",0.543091566850349,0.737429403907791,1.72132029863046
332,"Gaur","GAR",2,"ndvi_cv + elev + BB + DE",0.551947338860786,0.724561495237035,1.73663154542715
333,"Gaur","GAR",2,"ndvi_cv + elev + BB + DE",0.598562446466345,0.708221983684234,1.81950130641361
334,"Gaur","GAR",2,"ndvi_cv + elev + BB + DE",0.639129641729178,0.714037576279573,1.89483101517816
335,"Gaur","GAR",2,"ndvi_cv + elev + BB + DE",0.707469536986382,0.700660065776579,2.02885087441793
336,"Gaur","GAR",2,"ndvi_cv + elev + BB + DE",0.84257954915972,0.684230686795411,2.32234987262627
337,"Gaur","GAR",2,"ndvi_cv + elev + BB + DE",1.15090816950297,0.695018946162809,3.16106265396601
338,"Gaur","GAR",2,"ndvi_cv + elev + BB + DE",1.47906082570337,0.638784727126847,4.38882196405957
339,"Gaur","GAR",2,"ndvi_cv + elev + BB + DE",0.87568423637274,0.681818269046618,2.40051726061488
340,"Gaur","GAR",2,"ndvi_cv + elev + BB + DE",0.736201312733958,0.681434050273955,2.08798881462934
341,"Gaur","GAR",2,"ndvi_cv + elev + BB + DE",0.634335237020917,0.693307716573304,1.88576817421584
342,"Gaur","GAR",2,"ndvi_cv + elev + BB + DE",0.595624286565701,0.689557385657192,1.81416335477232
343,"Gaur","GAR",2,"ndvi_cv + elev + BB + DE",0.566339667231639,0.679029495087398,1.76180644405692
344,"Gaur","GAR",2,"ndvi_cv + elev + BB + DE",0.596893004542423,0.663023076119543,1.81646627575368
345,"Gaur","GAR",2,"ndvi_cv + elev + BB + DE",0.520624324261553,0.722798806500765,1.68307823950804
346,"Gaur","GAR",2,"ndvi_cv + elev + BB + DE",0.496339176377729,0.747213033759452,1.64269662757803
347,"Gaur","GAR",2,"ndvi_cv + elev + BB + DE",0.497124462623556,0.766278745862027,1.6439872846169
348,"Gaur","GAR",2,"ndvi_cv + elev + BB + DE",0.489790997433149,0.856415655501321,1.63197509876727
349,"Gaur","GAR",2,"ndvi_cv + elev + BB + DE",0.487273534239719,0.975594348864615,1.62787182772634
350,"Gaur","GAR",2,"ndvi_cv + elev + BB + DE",0.484711494795587,0.902173268848061,1.62370650710094
351,"Gaur","GAR",2,"ndvi_cv + elev + BB + DE",0.462343974490986,0.855299623693605,1.58779144790966
352,"Gaur","GAR",2,"ndvi_cv + elev + BB + DE",0.470389051747826,0.838180079643536,1.60061681768632
353,"Gaur","GAR",2,"ndvi_cv + elev + BB + DE",0.486077743605438,0.803256366077656,1.6259264171764
354,"Gaur","GAR",2,"ndvi_cv + elev + BB + DE",0.484991595587043,0.794249553496692,1.62416137496973
355,"Gaur","GAR",2,"ndvi_cv + elev + BB + DE",0.463109190333728,0.78204590719391,1.58900684634582
356,"Gaur","GAR",2,"ndvi_cv + elev + BB + DE",0.475771631927831,0.754216815732238,1.60925548423838
357,"Gaur","GAR",2,"ndvi_cv + elev + BB + DE",0.48954252128386,0.757768424315792,1.63156964286501
358,"Gaur","GAR",2,"ndvi_cv + elev + BB + DE",0.496421234543335,0.748238709143826,1.64283143378239
359,"Gaur","GAR",2,"ndvi_cv + elev + BB + DE",0.512897339218506,0.737074020834454,1.67012310545667
360,"Gaur","GAR",2,"ndvi_cv + elev + BB + DE",0.52549625981082,0.728255232233787,1.69129797241634
361,"Gaur","GAR",2,"ndvi_cv + elev + BB + DE",0.563519351865313,0.712431402023238,1.75684459435184
362,"Gaur","GAR",2,"ndvi_cv + elev + BB + DE",0.579124257703259,0.706944705106028,1.78447500691385
363,"Gaur","GAR",2,"ndvi_cv + elev + BB + DE",0.59180069467516,0.698324691719857,1.80723978400154
364,"Gaur","GAR",2,"ndvi_cv + elev + BB + DE",0.66326876584477,0.681540884928795,1.94112706524114
365,"Gaur","GAR",2,"ndvi_cv + elev + BB + DE",0.785051726557953,0.682193905948941,2.19252040606009
366,"Gaur","GAR",2,"ndvi_cv + elev + BB + DE",0.890239397484126,0.666927606635618,2.43571268786327
367,"Gaur","GAR",2,"ndvi_cv + elev + BB + DE",0.877916835645332,0.663714418634412,2.40588263652466
368,"Gaur","GAR",2,"ndvi_cv + elev + BB + DE",0.814041147040876,0.666661339681328,2.25701062976286
369,"Gaur","GAR",2,"ndvi_cv + elev + BB + DE",0.675102275945583,0.671861736176978,1.96423385958448
370,"Gaur","GAR",2,"ndvi_cv + elev + BB + DE",0.604946688479882,0.67942885195383,1.83115458525436
371,"Gaur","GAR",2,"ndvi_cv + elev + BB + DE",0.566062528433446,0.675556535872152,1.76131839677541
372,"Gaur","GAR",2,"ndvi_cv + elev + BB + DE",0.519738049238837,0.682296103972641,1.68158709997156
373,"Gaur","GAR",2,"ndvi_cv + elev + BB + DE",0.501041327459781,0.680804878789383,1.65043904462455
374,"Gaur","GAR",2,"ndvi_cv + elev + BB + DE",0.481853826070043,0.714343879205085,1.61907311469697
375,"Gaur","GAR",2,"ndvi_cv + elev + BB + DE",0.454088114579959,0.733939888648436,1.57473675457297
376,"Gaur","GAR",2,"ndvi_cv + elev + BB + DE",0.46325791661659,0.766430908899623,1.58924319139806
377,"Gaur","GAR",2,"ndvi_cv + elev + BB + DE",0.457435499801966,0.871250980929092,1.58001684864946
378,"Gaur","GAR",2,"ndvi_cv + elev + BB + DE",0.480245019409445,0.983273867055311,1.61647048300474
379,"Gaur","GAR",2,"ndvi_cv + elev + BB + DE",0.452347032214401,0.893432500044849,1.57199740009656
380,"Gaur","GAR",2,"ndvi_cv + elev + BB + DE",0.473785418537703,0.856216026845373,1.60606232192735
381,"Gaur","GAR",2,"ndvi_cv + elev + BB + DE",0.459165568606318,0.819637805771554,1.58275273566629
382,"Gaur","GAR",2,"ndvi_cv + elev + BB + DE",0.463246119004277,0.809718330328632,1.58922444898477
383,"Gaur","GAR",2,"ndvi_cv + elev + BB + DE",0.486684688627685,0.78702527177729,1.62691361452316
384,"Gaur","GAR",2,"ndvi_cv + elev + BB + DE",0.467676302837149,0.768833707385386,1.59628063525513
385,"Gaur","GAR",2,"ndvi_cv + elev + BB + DE",0.471491213017807,0.748904329620618,1.6023819230989
386,"Gaur","GAR",2,"ndvi_cv + elev + BB + DE",0.488093671963301,0.743512437803012,1.62920746856836
387,"Gaur","GAR",2,"ndvi_cv + elev + BB + DE",0.489558027274495,0.74400170912643,1.6315949495857
388,"Gaur","GAR",2,"ndvi_cv + elev + BB + DE",0.506691320797572,0.724118418750771,1.65979038926547
389,"Gaur","GAR",2,"ndvi_cv + elev + BB + DE",0.510354052864266,0.71365396544181,1.66588091160833
390,"Gaur","GAR",2,"ndvi_cv + elev + BB + DE",0.51882508759689,0.711049142883083,1.68005258328995
391,"Gaur","GAR",2,"ndvi_cv + elev + BB + DE",0.535123722360833,0.702719290606454,1.70765957965738
392,"Gaur","GAR",2,"ndvi_cv + elev + BB + DE",0.559809939898472,0.686927389185357,1.75033979919885
393,"Gaur","GAR",2,"ndvi_cv + elev + BB + DE",0.599241398018438,0.679199398151146,1.82073706804577
394,"Gaur","GAR",2,"ndvi_cv + elev + BB + DE",0.645593214918229,0.665158499003578,1.90711802950812
395,"Gaur","GAR",2,"ndvi_cv + elev + BB + DE",0.68301515056943,0.675441989892046,1.97983825240588
396,"Gaur","GAR",2,"ndvi_cv + elev + BB + DE",0.704124599886595,0.656104479958201,2.02207580949126
397,"Gaur","GAR",2,"ndvi_cv + elev + BB + DE",0.656295843546625,0.66515316638528,1.92763884426126
398,"Gaur","GAR",2,"ndvi_cv + elev + BB + DE",0.613636825292656,0.663632456340039,1.84713691230505
399,"Gaur","GAR",2,"ndvi_cv + elev + BB + DE",0.541882549673506,0.668298881296348,1.71924040655426
400,"Gaur","GAR",2,"ndvi_cv + elev + BB + DE",0.484697926277567,0.668307229876594,1.62368446778721
401,"Gaur","GAR",2,"ndvi_cv + elev + BB + DE",0.473022853678083,0.670552529199976,1.60483806166331
402,"Gaur","GAR",2,"ndvi_cv + elev + BB + DE",0.446532967082066,0.685588691758351,1.5628842472286
403,"Gaur","GAR",2,"ndvi_cv + elev + BB + DE",0.424629334757866,0.690604475201485,1.52902355926293
404,"Gaur","GAR",2,"ndvi_cv + elev + BB + DE",0.426178647861234,0.716940594360125,1.53139438037381
405,"Gaur","GAR",2,"ndvi_cv + elev + BB + DE",0.416284180981988,0.752628372039477,1.51631673778368
406,"Gaur","GAR",2,"ndvi_cv + elev + BB + DE",0.40784294160097,0.861135802196252,1.50357106863598
407,"Gaur","GAR",2,"ndvi_cv + elev + BB + DE",0.494987295088414,1.01815754393668,1.64047739721497
408,"Gaur","GAR",2,"ndvi_cv + elev + BB + DE",0.482030411429944,0.890074330000118,1.61935907977513
409,"Gaur","GAR",2,"ndvi_cv + elev + BB + DE",0.462887729807846,0.832374045705553,1.58865499363702
410,"Gaur","GAR",2,"ndvi_cv + elev + BB + DE",0.456169149014637,0.80548447632447,1.57801730036003
411,"Gaur","GAR",2,"ndvi_cv + elev + BB + DE",0.457930139268149,0.784145596444219,1.58079857366456
412,"Gaur","GAR",2,"ndvi_cv + elev + BB + DE",0.45716115027745,0.771097159950556,1.57958341407391
413,"Gaur","GAR",2,"ndvi_cv + elev + BB + DE",0.456129904061079,0.759329811941464,1.57795537358376
414,"Gaur","GAR",2,"ndvi_cv + elev + BB + DE",0.457426560486294,0.761971426155005,1.58000271395811
415,"Gaur","GAR",2,"ndvi_cv + elev + BB + DE",0.451919986625848,0.752117107634165,1.57132623023118
416,"Gaur","GAR",2,"ndvi_cv + elev + BB + DE",0.470031420338419,0.730078005771011,1.60004447523505
417,"Gaur","GAR",2,"ndvi_cv + elev + BB + DE",0.470614585724219,0.720742098562668,1.60097794374154
418,"Gaur","GAR",2,"ndvi_cv + elev + BB + DE",0.480250896404177,0.704745277410008,1.61647992041118
419,"Gaur","GAR",2,"ndvi_cv + elev + BB + DE",0.492378714085413,0.701081717320181,1.63620366150377
420,"Gaur","GAR",2,"ndvi_cv + elev + BB + DE",0.478406144320263,0.701010460560982,1.613500679891
421,"Gaur","GAR",2,"ndvi_cv + elev + BB + DE",0.506065231187141,0.692121545282164,1.65875153602235
422,"Gaur","GAR",2,"ndvi_cv + elev + BB + DE",0.512776346660314,0.667094160991642,1.66992105027708
423,"Gaur","GAR",2,"ndvi_cv + elev + BB + DE",0.531585119932816,0.652247822056927,1.70162745599752
424,"Gaur","GAR",2,"ndvi_cv + elev + BB + DE",0.540461645686182,0.664912622910425,1.71679923915984
425,"Gaur","GAR",2,"ndvi_cv + elev + BB + DE",0.531136116418786,0.660736983586613,1.7008636238001
426,"Gaur","GAR",2,"ndvi_cv + elev + BB + DE",0.529956649456608,0.654530737769106,1.69885866662181
427,"Gaur","GAR",2,"ndvi_cv + elev + BB + DE",0.496690531484086,0.650307626626535,1.64327398507291
428,"Gaur","GAR",2,"ndvi_cv + elev + BB + DE",0.462001740298721,0.653572201783819,1.58724808085394
429,"Gaur","GAR",2,"ndvi_cv + elev + BB + DE",0.430390052180372,0.667199415151049,1.53785725219846
430,"Gaur","GAR",2,"ndvi_cv + elev + BB + DE",0.412029311732204,0.670314994252952,1.50987869525293
431,"Gaur","GAR",2,"ndvi_cv + elev + BB + DE",0.398774256294618,0.674252557347216,1.48999727065936
432,"Gaur","GAR",2,"ndvi_cv + elev + BB + DE",0.388908535313089,0.694447499010615,1.47536962041699
433,"Gaur","GAR",2,"ndvi_cv + elev + BB + DE",0.380043250610341,0.710363713869742,1.46234783629758
434,"Gaur","GAR",2,"ndvi_cv + elev + BB + DE",0.363722517353286,0.740562603489936,1.43867496913047
435,"Gaur","GAR",2,"ndvi_cv + elev + BB + DE",0.370042132069118,0.840988964902516,1.44779562600018
436,"Gaur","GAR",2,"ndvi_cv + elev + BB + DE",0.450445630227436,0.862174306064628,1.56901123872528
437,"Gaur","GAR",2,"ndvi_cv + elev + BB + DE",0.460410326540603,0.825202972600538,1.58472411557255
438,"Gaur","GAR",2,"ndvi_cv + elev + BB + DE",0.439622104415272,0.792866848624296,1.55212056872819
439,"Gaur","GAR",2,"ndvi_cv + elev + BB + DE",0.435304965592845,0.7783897589327,1.54543429175539
440,"Gaur","GAR",2,"ndvi_cv + elev + BB + DE",0.440423305681435,0.771658617994426,1.55336466320357
441,"Gaur","GAR",2,"ndvi_cv + elev + BB + DE",0.458900809436515,0.745118817834577,1.58233377031415
442,"Gaur","GAR",2,"ndvi_cv + elev + BB + DE",0.446738474616341,0.745934931094145,1.56320544159603
443,"Gaur","GAR",2,"ndvi_cv + elev + BB + DE",0.438986552652295,0.739488454840228,1.55113443689711
444,"Gaur","GAR",2,"ndvi_cv + elev + BB + DE",0.44548099615137,0.729476801730307,1.56124097295681
445,"Gaur","GAR",2,"ndvi_cv + elev + BB + DE",0.45286164620326,0.712321140473847,1.57280657245083
446,"Gaur","GAR",2,"ndvi_cv + elev + BB + DE",0.462318813551035,0.705736346614652,1.58775142007081
447,"Gaur","GAR",2,"ndvi_cv + elev + BB + DE",0.463269702609134,0.694956574599184,1.58926191323395
448,"Gaur","GAR",2,"ndvi_cv + elev + BB + DE",0.449989034685154,0.685285655056337,1.56829518262345
449,"Gaur","GAR",2,"ndvi_cv + elev + BB + DE",0.454222575431944,0.676402404514326,1.57494850385623
450,"Gaur","GAR",2,"ndvi_cv + elev + BB + DE",0.451750001720957,0.661131341797287,1.5710591413478
451,"Gaur","GAR",2,"ndvi_cv + elev + BB + DE",0.41973274639932,0.647038773840381,1.52155497897294
452,"Gaur","GAR",2,"ndvi_cv + elev + BB + DE",0.4006117056682,0.643959909152232,1.49273755566087
453,"Gaur","GAR",2,"ndvi_cv + elev + BB + DE",0.405839499297151,0.634355609311519,1.50056181067192
454,"Gaur","GAR",2,"ndvi_cv + elev + BB + DE",0.403864627904849,0.652505516711853,1.49760120047571
455,"Gaur","GAR",2,"ndvi_cv + elev + BB + DE",0.406665405397271,0.647745501476675,1.50180153915854
456,"Gaur","GAR",2,"ndvi_cv + elev + BB + DE",0.398042578443581,0.651789939031477,1.48890751544751
457,"Gaur","GAR",2,"ndvi_cv + elev + BB + DE",0.377060840740174,0.660195164611512,1.45799310736555
458,"Gaur","GAR",2,"ndvi_cv + elev + BB + DE",0.33794180379285,0.654781467472585,1.40205895203664
459,"Gaur","GAR",2,"ndvi_cv + elev + BB + DE",0.322659400804313,0.6724932372613,1.38079498260038
460,"Gaur","GAR",2,"ndvi_cv + elev + BB + DE",0.312421201000708,0.671332604307704,1.36673024800496
461,"Gaur","GAR",2,"ndvi_cv + elev + BB + DE",0.320616826388797,0.689187750462856,1.37797747642602
462,"Gaur","GAR",2,"ndvi_cv + elev + BB + DE",0.306288212237363,0.726120163864039,1.35837376861479
463,"Gaur","GAR",2,"ndvi_cv + elev + BB + DE",0.297810252385163,0.834132189610896,1.3469062351376
464,"Gaur","GAR",2,"ndvi_cv + elev + BB + DE",0.43385317755336,0.946191550033131,1.5431923099041
465,"Gaur","GAR",2,"ndvi_cv + elev + BB + DE",0.418850097054113,0.856370504196805,1.52021246839415
466,"Gaur","GAR",2,"ndvi_cv + elev + BB + DE",0.433182532337905,0.817471125400696,1.54215772298929
467,"Gaur","GAR",2,"ndvi_cv + elev + BB + DE",0.431296068976324,0.78867801185673,1.53925120951052
468,"Gaur","GAR",2,"ndvi_cv + elev + BB + DE",0.444000400698499,0.76642117323571,1.5589311758345
469,"Gaur","GAR",2,"ndvi_cv + elev + BB + DE",0.454259565060155,0.762397800889892,1.5750068818087
470,"Gaur","GAR",2,"ndvi_cv + elev + BB + DE",0.44929199371301,0.757670755179551,1.56720220376091
471,"Gaur","GAR",2,"ndvi_cv + elev + BB + DE",0.443149483284635,0.743421937609168,1.5576051607249
472,"Gaur","GAR",2,"ndvi_cv + elev + BB + DE",0.421651538706274,0.732140327122908,1.52447724252453
473,"Gaur","GAR",2,"ndvi_cv + elev + BB + DE",0.421373202757374,0.718479621405837,1.5240529531146
474,"Gaur","GAR",2,"ndvi_cv + elev + BB + DE",0.435086600435942,0.714390996853527,1.54509691384702
475,"Gaur","GAR",2,"ndvi_cv + elev + BB + DE",0.434070069679111,0.701275244641045,1.54352701925645
476,"Gaur","GAR",2,"ndvi_cv + elev + BB + DE",0.411956801644912,0.695411643932602,1.50976928000348
477,"Gaur","GAR",2,"ndvi_cv + elev + BB + DE",0.424164129306167,0.684881413262641,1.52831243024924
478,"Gaur","GAR",2,"ndvi_cv + elev + BB + DE",0.390802348922574,0.671651403297539,1.47816632347408
479,"Gaur","GAR",2,"ndvi_cv + elev + BB + DE",0.354780854050604,0.662421233867746,1.42586815599997
480,"Gaur","GAR",2,"ndvi_cv + elev + BB + DE",0.314920604602683,0.637447870050914,1.37015058938687
481,"Gaur","GAR",2,"ndvi_cv + elev + BB + DE",0.231374016245884,0.613109795563241,1.26033053563958
482,"Gaur","GAR",2,"ndvi_cv + elev + BB + DE",0.241420432098766,0.627629031551027,1.2730561565401
483,"Gaur","GAR",2,"ndvi_cv + elev + BB + DE",0.295650316559069,0.641199704154556,1.34400010245849
484,"Gaur","GAR",2,"ndvi_cv + elev + BB + DE",0.344256392570213,0.64546003765833,1.41094034491939
485,"Gaur","GAR",2,"ndvi_cv + elev + BB + DE",0.303921223899014,0.650901653700722,1.35516229759433
486,"Gaur","GAR",2,"ndvi_cv + elev + BB + DE",0.308704777066695,0.642009328567996,1.36166032928145
487,"Gaur","GAR",2,"ndvi_cv + elev + BB + DE",0.287721373786376,0.64056269336475,1.33338573640492
488,"Gaur","GAR",2,"ndvi_cv + elev + BB + DE",0.231106451443409,0.622061577497039,1.25999336068156
489,"Gaur","GAR",2,"ndvi_cv + elev + BB + DE",0.24132301451836,0.652401193066279,1.27293219132583
490,"Gaur","GAR",2,"ndvi_cv + elev + BB + DE",0.262318501246769,0.667921241398534,1.29994050920366
491,"Gaur","GAR",2,"ndvi_cv + elev + BB + DE",0.274050442714734,0.722674778673654,1.31528116080951
492,"Gaur","GAR",2,"ndvi_cv + elev + BB + DE",0.262047888873991,0.844753967909004,1.29958877692535
493,"Gaur","GAR",2,"ndvi_cv + elev + BB + DE",0.428213324803864,1.03823098981547,1.53451341370391
494,"Gaur","GAR",2,"ndvi_cv + elev + BB + DE",0.424003782993011,0.91809125819478,1.52806757445771
495,"Gaur","GAR",2,"ndvi_cv + elev + BB + DE",0.413267559952733,0.855614363765846,1.51174945601854
496,"Gaur","GAR",2,"ndvi_cv + elev + BB + DE",0.418435181363468,0.809323881178765,1.5195818884528
497,"Gaur","GAR",2,"ndvi_cv + elev + BB + DE",0.418907929344854,0.783718805218904,1.52030037638377
498,"Gaur","GAR",2,"ndvi_cv + elev + BB + DE",0.424523577711378,0.777209831440827,1.52886194821629
499,"Gaur","GAR",2,"ndvi_cv + elev + BB + DE",0.430484382879043,0.754213989418549,1.53800232557726
500,"Gaur","GAR",2,"ndvi_cv + elev + BB + DE",0.423188575973464,0.746508577162227,1.52682219615688
501,"Gaur","GAR",2,"ndvi_cv + elev + BB + DE",0.429208449475693,0.735043740713827,1.5360412359271
502,"Gaur","GAR",2,"ndvi_cv + elev + BB + DE",0.42078475820098,0.717305056410827,1.52315640569619
503,"Gaur","GAR",2,"ndvi_cv + elev + BB + DE",0.413154189883512,0.71993329423575,1.51157808789798
504,"Gaur","GAR",2,"ndvi_cv + elev + BB + DE",0.429123504440408,0.707892877204241,1.53591072731356
505,"Gaur","GAR",2,"ndvi_cv + elev + BB + DE",0.415196088008537,0.704336117636483,1.51466772298095
506,"Gaur","GAR",2,"ndvi_cv + elev + BB + DE",0.403494834101595,0.70032655997833,1.49704749945507
507,"Gaur","GAR",2,"ndvi_cv + elev + BB + DE",0.376518060145675,0.684663602144727,1.45720185741621
508,"Gaur","GAR",2,"ndvi_cv + elev + BB + DE",0.35867755088184,0.669360916166434,1.43143523338362
509,"Gaur","GAR",2,"ndvi_cv + elev + BB + DE",0.327426511983856,0.659875045955727,1.38739309405312
510,"Gaur","GAR",2,"ndvi_cv + elev + BB + DE",0.24346937400754,0.636804727095411,1.27566724984727
511,"Gaur","GAR",2,"ndvi_cv + elev + BB + DE",0.0509309833583679,0.584529569534009,1.05225026866503
512,"Gaur","GAR",2,"ndvi_cv + elev + BB + DE",0.137827512264659,0.615194955335226,1.14777758167464
513,"Gaur","GAR",2,"ndvi_cv + elev + BB + DE",0.2272932146786,0.64109372206971,1.25519788710225
514,"Gaur","GAR",2,"ndvi_cv + elev + BB + DE",0.249143018477203,0.640476310218687,1.28292556504165
515,"Gaur","GAR",2,"ndvi_cv + elev + BB + DE",0.282144700015375,0.646884232300059,1.32597057407252
516,"Gaur","GAR",2,"ndvi_cv + elev + BB + DE",0.24736600458088,0.647949457085816,1.28064775054879
517,"Gaur","GAR",2,"ndvi_cv + elev + BB + DE",0.228200713987863,0.641475213201649,1.2563374819193
518,"Gaur","GAR",2,"ndvi_cv + elev + BB + DE",0.162134247774611,0.605177279954247,1.17601811435184
519,"Gaur","GAR",2,"ndvi_cv + elev + BB + DE",0.181779020780233,0.627698946651256,1.19934914453525
520,"Gaur","GAR",2,"ndvi_cv + elev + BB + DE",0.220502860839638,0.67724784857984,1.246703500078
521,"Gaur","GAR",2,"ndvi_cv + elev + BB + DE",0.222988225520058,0.721509743952438,1.24980601526839
522,"Gaur","GAR",2,"ndvi_cv + elev + BB + DE",0.24131641897387,0.821639468326482,1.27292375466271
523,"Gaur","GAR",2,"ndvi_cv + elev + BB + DE",0.410230654166864,1.0021850290988,1.50716539543602
524,"Gaur","GAR",2,"ndvi_cv + elev + BB + DE",0.412279225982951,0.893593937221532,1.51025618074693
525,"Gaur","GAR",2,"ndvi_cv + elev + BB + DE",0.401515628742366,0.856223329286359,1.49408746436648
526,"Gaur","GAR",2,"ndvi_cv + elev + BB + DE",0.412502860763998,0.817267068328904,1.51059389955108
527,"Gaur","GAR",2,"ndvi_cv + elev + BB + DE",0.409586382862177,0.790657036382033,1.50619491262109
528,"Gaur","GAR",2,"ndvi_cv + elev + BB + DE",0.409819338116739,0.769857934952469,1.5065457515588
529,"Gaur","GAR",2,"ndvi_cv + elev + BB + DE",0.407529596544994,0.754690270322189,1.503099959508
530,"Gaur","GAR",2,"ndvi_cv + elev + BB + DE",0.40326729755527,0.752652581062624,1.49670691735534
531,"Gaur","GAR",2,"ndvi_cv + elev + BB + DE",0.405316663825963,0.736991441053504,1.49977756596376
532,"Gaur","GAR",2,"ndvi_cv + elev + BB + DE",0.403981304102596,0.716749797809387,1.49777595910734
533,"Gaur","GAR",2,"ndvi_cv + elev + BB + DE",0.420699659676908,0.708113452024885,1.52302678335476
534,"Gaur","GAR",2,"ndvi_cv + elev + BB + DE",0.401382467000038,0.702607093795317,1.49388852304449
535,"Gaur","GAR",2,"ndvi_cv + elev + BB + DE",0.410584937058999,0.703130418894173,1.5076994445695
536,"Gaur","GAR",2,"ndvi_cv + elev + BB + DE",0.386158840278167,0.688061033828694,1.47131835687266
537,"Gaur","GAR",2,"ndvi_cv + elev + BB + DE",0.367951158314538,0.669749810917151,1.44477148972433
538,"Gaur","GAR",2,"ndvi_cv + elev + BB + DE",0.346889485294492,0.667944404873581,1.41466037607765
539,"Gaur","GAR",2,"ndvi_cv + elev + BB + DE",0.287694027949015,0.660063313364155,1.33334928058207
540,"Gaur","GAR",2,"ndvi_cv + elev + BB + DE",0.240216199371874,0.646167496389593,1.27152403612123
541,"Gaur","GAR",2,"ndvi_cv + elev + BB + DE",0.180190203437626,0.63337955462465,1.19744512240033
542,"Gaur","GAR",2,"ndvi_cv + elev + BB + DE",0.188289653767611,0.644191601413178,1.20718313223577
543,"Gaur","GAR",2,"ndvi_cv + elev + BB + DE",0.213607515200299,0.636769309070891,1.23813662646108
544,"Gaur","GAR",2,"ndvi_cv + elev + BB + DE",0.222833752483702,0.646137895200798,1.24961282611879
545,"Gaur","GAR",2,"ndvi_cv + elev + BB + DE",0.235586755952737,0.647436191182685,1.26565120008127
546,"Gaur","GAR",2,"ndvi_cv + elev + BB + DE",0.212136835236931,0.63790946872216,1.23631709772326
547,"Gaur","GAR",2,"ndvi_cv + elev + BB + DE",0.206933928478134,0.635563277619548,1.22990131113493
548,"Gaur","GAR",2,"ndvi_cv + elev + BB + DE",0.194949087217196,0.636206151530608,1.21524911775259
549,"Gaur","GAR",2,"ndvi_cv + elev + BB + DE",0.181740021261887,0.64847710660415,1.19930239673799
550,"Gaur","GAR",2,"ndvi_cv + elev + BB + DE",0.196086415433225,0.675108688085274,1.21663204244308
551,"Gaur","GAR",2,"ndvi_cv + elev + BB + DE",0.193849807769598,0.707849837039715,1.21391407924094
552,"Gaur","GAR",2,"ndvi_cv + elev + BB + DE",0.202768172893554,0.816103409584001,1.22478849638738
553,"Gaur","GAR",2,"ndvi_cv + elev + BB + DE",0.411061785797492,1.05494923629437,1.50841856034923
554,"Gaur","GAR",2,"ndvi_cv + elev + BB + DE",0.408110786604032,0.924280884175673,1.50397379799922
555,"Gaur","GAR",2,"ndvi_cv + elev + BB + DE",0.39421283161594,0.855848536692364,1.48321622513356
556,"Gaur","GAR",2,"ndvi_cv + elev + BB + DE",0.396145078906075,0.826711158425571,1.48608492707972
557,"Gaur","GAR",2,"ndvi_cv + elev + BB + DE",0.396430203220267,0.801276332194834,1.48650868103607
558,"Gaur","GAR",2,"ndvi_cv + elev + BB + DE",0.401462119384073,0.761858151599314,1.49400752365165
559,"Gaur","GAR",2,"ndvi_cv + elev + BB + DE",0.40052481380929,0.755271721339544,1.49260807443509
560,"Gaur","GAR",2,"ndvi_cv + elev + BB + DE",0.41152461043957,0.73483208467455,1.50911684865727
561,"Gaur","GAR",2,"ndvi_cv + elev + BB + DE",0.386614044783831,0.722981017463317,1.47198826068369
562,"Gaur","GAR",2,"ndvi_cv + elev + BB + DE",0.385398444641705,0.713750238855827,1.47020002866102
563,"Gaur","GAR",2,"ndvi_cv + elev + BB + DE",0.38320918397346,0.712369433508849,1.46698489100302
564,"Gaur","GAR",2,"ndvi_cv + elev + BB + DE",0.392965308698001,0.698076975477918,1.48136699903844
565,"Gaur","GAR",2,"ndvi_cv + elev + BB + DE",0.371549873062939,0.692948373691045,1.44998015926785
566,"Gaur","GAR",2,"ndvi_cv + elev + BB + DE",0.367911304610501,0.680145863759943,1.44471390006474
567,"Gaur","GAR",2,"ndvi_cv + elev + BB + DE",0.358846311952217,0.680200367594492,1.431676760635
568,"Gaur","GAR",2,"ndvi_cv + elev + BB + DE",0.312109126547222,0.661987732195182,1.36630380241741
569,"Gaur","GAR",2,"ndvi_cv + elev + BB + DE",0.296675396455791,0.653439545866066,1.3453785165574
570,"Gaur","GAR",2,"ndvi_cv + elev + BB + DE",0.23603423955645,0.652501444064197,1.26621766455765
571,"Gaur","GAR",2,"ndvi_cv + elev + BB + DE",0.221683960067564,0.643822334324183,1.24817687225981
572,"Gaur","GAR",2,"ndvi_cv + elev + BB + DE",0.218343410410884,0.631422929532134,1.24401420229006
573,"Gaur","GAR",2,"ndvi_cv + elev + BB + DE",0.212394111598057,0.634834455091423,1.23663518717555
574,"Gaur","GAR",2,"ndvi_cv + elev + BB + DE",0.188422260959595,0.63902640906763,1.20734326104496
575,"Gaur","GAR",2,"ndvi_cv + elev + BB + DE",0.17973283175499,0.639018287717782,1.19689759898943
576,"Gaur","GAR",2,"ndvi_cv + elev + BB + DE",0.179347721345154,0.641273666708866,1.19643669845104
577,"Gaur","GAR",2,"ndvi_cv + elev + BB + DE",0.154971777687396,0.642949591662959,1.16762503364047
578,"Gaur","GAR",2,"ndvi_cv + elev + BB + DE",0.145952703287047,0.650905121261427,1.15714147413226
579,"Gaur","GAR",2,"ndvi_cv + elev + BB + DE",0.143049139822479,0.658174939129376,1.15378650162201
580,"Gaur","GAR",2,"ndvi_cv + elev + BB + DE",0.174274591656462,0.674826115618872,1.19038239584707
581,"Gaur","GAR",2,"ndvi_cv + elev + BB + DE",0.158612319042006,0.684982621384426,1.17188354172664
582,"Gaur","GAR",2,"ndvi_cv + elev + BB + DE",0.16008979758534,0.756383356772152,1.17361629211219
583,"Gaur","GAR",2,"ndvi_cv + elev + BB + DE",0.396135753886091,0.952874743899618,1.486071068606
584,"Gaur","GAR",2,"ndvi_cv + elev + BB + DE",0.396039271681706,0.873211750106119,1.48592767472514
585,"Gaur","GAR",2,"ndvi_cv + elev + BB + DE",0.393006216313246,0.828111003878693,1.48142760383879
586,"Gaur","GAR",2,"ndvi_cv + elev + BB + DE",0.39203849237775,0.796505617155648,1.47999468064842
587,"Gaur","GAR",2,"ndvi_cv + elev + BB + DE",0.388873275869369,0.770685203996633,1.47531758131076
588,"Gaur","GAR",2,"ndvi_cv + elev + BB + DE",0.371428469473865,0.746048270183982,1.44980415451765
589,"Gaur","GAR",2,"ndvi_cv + elev + BB + DE",0.382466839826667,0.736246463278902,1.46589627377025
590,"Gaur","GAR",2,"ndvi_cv + elev + BB + DE",0.400604394115275,0.719384697898938,1.49272669424224
591,"Gaur","GAR",2,"ndvi_cv + elev + BB + DE",0.410667965455433,0.712805364037383,1.50782464176909
592,"Gaur","GAR",2,"ndvi_cv + elev + BB + DE",0.364884771844313,0.713605717593923,1.44034805318985
593,"Gaur","GAR",2,"ndvi_cv + elev + BB + DE",0.3823780984231,0.695827063294151,1.46576618493962
594,"Gaur","GAR",2,"ndvi_cv + elev + BB + DE",0.373075038931126,0.681512198404837,1.45219330954506
595,"Gaur","GAR",2,"ndvi_cv + elev + BB + DE",0.3657874692414,0.680272171965909,1.44164881547165
596,"Gaur","GAR",2,"ndvi_cv + elev + BB + DE",0.346449456080738,0.668492087372989,1.41403802136777
597,"Gaur","GAR",2,"ndvi_cv + elev + BB + DE",0.320214738188349,0.663555355259703,1.37742352863178
598,"Gaur","GAR",2,"ndvi_cv + elev + BB + DE",0.269476181000466,0.654619509206582,1.30927845197191
599,"Gaur","GAR",2,"ndvi_cv + elev + BB + DE",0.250768789108118,0.65197465688174,1.28501300997013
600,"Gaur","GAR",2,"ndvi_cv + elev + BB + DE",0.240049417511824,0.642109445705668,1.27131197656159
601,"Gaur","GAR",2,"ndvi_cv + elev + BB + DE",0.210429262961328,0.63349658815554,1.23420774629756
602,"Gaur","GAR",2,"ndvi_cv + elev + BB + DE",0.201973004504619,0.641992498963451,1.22381497487292
603,"Gaur","GAR",2,"ndvi_cv + elev + BB + DE",0.186204502265699,0.642744767910244,1.20466859264569
604,"Gaur","GAR",2,"ndvi_cv + elev + BB + DE",0.176111545390482,0.641931369354551,1.192571078297
605,"Gaur","GAR",2,"ndvi_cv + elev + BB + DE",0.150436806505964,0.642587804158416,1.16234185381442
606,"Gaur","GAR",2,"ndvi_cv + elev + BB + DE",0.130281470515546,0.642942550376463,1.13914897711368
607,"Gaur","GAR",2,"ndvi_cv + elev + BB + DE",0.126061415078634,0.654392326283352,1.13435185247212
608,"Gaur","GAR",2,"ndvi_cv + elev + BB + DE",0.124542233003874,0.662709921437985,1.13262985382583
609,"Gaur","GAR",2,"ndvi_cv + elev + BB + DE",0.121195674623975,0.672838083887382,1.12884578309205
610,"Gaur","GAR",2,"ndvi_cv + elev + BB + DE",0.138393161884102,0.693075786232148,1.14842698083638
611,"Gaur","GAR",2,"ndvi_cv + elev + BB + DE",0.134889847855391,0.724999425971293,1.14441072444286
612,"Gaur","GAR",2,"ndvi_cv + elev + BB + DE",0.115295495449948,0.771988966690438,1.12220500801642
613,"Gaur","GAR",2,"ndvi_cv + elev + BB + DE",0.101967940646903,0.846068302311056,1.10734810036956
614,"Gaur","GAR",2,"ndvi_cv + elev + BB + DE",0.094097981474035,0.879394700383564,1.09866747239523
615,"Gaur","GAR",2,"ndvi_cv + elev + BB + DE",0.0883463137732393,0.899729869949659,1.09236638646882
616,"Gaur","GAR",2,"ndvi_cv + elev + BB + DE",0.0883213539940015,0.95141344429105,1.09233918483717
617,"Gaur","GAR",2,"ndvi_cv + elev + BB + DE",0.378579548484557,0.892103391468295,1.46020900151095
618,"Gaur","GAR",2,"ndvi_cv + elev + BB + DE",0.39833507951363,0.826763790093372,1.48934300251557
619,"Gaur","GAR",2,"ndvi_cv + elev + BB + DE",0.406679058719657,0.792678697687809,1.50182203167122
620,"Gaur","GAR",2,"ndvi_cv + elev + BB + DE",0.3779892402276,0.77677746535722,1.45934724475979
621,"Gaur","GAR",2,"ndvi_cv + elev + BB + DE",0.360126249773148,0.755477103771631,1.43351038398251
622,"Gaur","GAR",2,"ndvi_cv + elev + BB + DE",0.371709238507562,0.731593000411707,1.45021125449835
623,"Gaur","GAR",2,"ndvi_cv + elev + BB + DE",0.391002775182031,0.721927889889678,1.4784626164184
624,"Gaur","GAR",2,"ndvi_cv + elev + BB + DE",0.362103864573603,0.704615223375136,1.43634812461449
625,"Gaur","GAR",2,"ndvi_cv + elev + BB + DE",0.361797880296028,0.691027409834004,1.4359086928259
626,"Gaur","GAR",2,"ndvi_cv + elev + BB + DE",0.36733678389227,0.693821768615291,1.4438841298102
627,"Gaur","GAR",2,"ndvi_cv + elev + BB + DE",0.350488017370986,0.684146639556264,1.41976025379068
628,"Gaur","GAR",2,"ndvi_cv + elev + BB + DE",0.345843119495345,0.69031170998887,1.41318114040857
629,"Gaur","GAR",2,"ndvi_cv + elev + BB + DE",0.324002241544477,0.672409773222218,1.3826504113382
630,"Gaur","GAR",2,"ndvi_cv + elev + BB + DE",0.32275389361413,0.660983805979366,1.38092546207987
631,"Gaur","GAR",2,"ndvi_cv + elev + BB + DE",0.278163163303185,0.662119977519112,1.32070166975769
632,"Gaur","GAR",2,"ndvi_cv + elev + BB + DE",0.244878599391925,0.644431200249089,1.27746622367536
633,"Gaur","GAR",2,"ndvi_cv + elev + BB + DE",0.227749416736687,0.644238868875953,1.2557706203807
634,"Gaur","GAR",2,"ndvi_cv + elev + BB + DE",0.196892450567004,0.641094754508501,1.21761308010621
635,"Gaur","GAR",2,"ndvi_cv + elev + BB + DE",0.194231378596294,0.653762972441539,1.21437723212205
636,"Gaur","GAR",2,"ndvi_cv + elev + BB + DE",0.181112629143938,0.64999598242637,1.19855018404715
637,"Gaur","GAR",2,"ndvi_cv + elev + BB + DE",0.135830656585952,0.639044052608442,1.145487897254
638,"Gaur","GAR",2,"ndvi_cv + elev + BB + DE",0.106743401411445,0.648251077024462,1.11264873679859
639,"Gaur","GAR",2,"ndvi_cv + elev + BB + DE",0.0731432006081416,0.645135399465991,1.07588459430204
640,"Gaur","GAR",2,"ndvi_cv + elev + BB + DE",0.0632489008671135,0.643471288063369,1.06529197157737
641,"Gaur","GAR",2,"ndvi_cv + elev + BB + DE",0.070893963041177,0.650145246746824,1.07346740629
642,"Gaur","GAR",2,"ndvi_cv + elev + BB + DE",0.0950452861706017,0.665327753931955,1.09970870235757
643,"Gaur","GAR",2,"ndvi_cv + elev + BB + DE",0.112608586926331,0.68535280053786,1.11919378619293
644,"Gaur","GAR",2,"ndvi_cv + elev + BB + DE",0.118279620654879,0.695580283408647,1.12555879695992
645,"Gaur","GAR",2,"ndvi_cv + elev + BB + DE",0.10605042583035,0.718793194691667,1.11187795027588
646,"Gaur","GAR",2,"ndvi_cv + elev + BB + DE",0.104355106014616,0.7405513248463,1.10999460761651
647,"Gaur","GAR",2,"ndvi_cv + elev + BB + DE",0.0951962933248478,0.765558495354571,1.09987473265993
648,"Gaur","GAR",2,"ndvi_cv + elev + BB + DE",0.0737112749219032,0.787513010499722,1.07649601869783
649,"Gaur","GAR",2,"ndvi_cv + elev + BB + DE",0.0625329635575316,0.821855269664073,1.0645295492474
650,"Gaur","GAR",2,"ndvi_cv + elev + BB + DE",0.0588657590021811,0.840152098814522,1.06063285168576
651,"Gaur","GAR",2,"ndvi_cv + elev + BB + DE",0.0489809315013469,0.88922920553936,1.05020035360066
652,"Gaur","GAR",2,"ndvi_cv + elev + BB + DE",0.0392546715444927,0.929060703389942,1.040035319805
653,"Gaur","GAR",2,"ndvi_cv + elev + BB + DE",0.0555346322550108,0.977522725430906,1.05710568738771
654,"Gaur","GAR",2,"ndvi_cv + elev + BB + DE",0.0365123470175657,1.1300669100313,1.03718711014328
655,"Gaur","GAR",2,"ndvi_cv + elev + BB + DE",0.402535622068847,0.926194946357321,1.49561220198102
656,"Gaur","GAR",2,"ndvi_cv + elev + BB + DE",0.376628911221198,0.827667886177679,1.45736360056858
657,"Gaur","GAR",2,"ndvi_cv + elev + BB + DE",0.382350355978682,0.805986407924007,1.46572552824083
658,"Gaur","GAR",2,"ndvi_cv + elev + BB + DE",0.354838978593179,0.779841549084752,1.42595102742284
659,"Gaur","GAR",2,"ndvi_cv + elev + BB + DE",0.366652866907031,0.754681691860629,1.44289697878588
660,"Gaur","GAR",2,"ndvi_cv + elev + BB + DE",0.342445316667825,0.738507328706278,1.40838734697232
661,"Gaur","GAR",2,"ndvi_cv + elev + BB + DE",0.357622089894623,0.725464567896609,1.42992513558698
662,"Gaur","GAR",2,"ndvi_cv + elev + BB + DE",0.371819651723386,0.6997332674655,1.45037142749673
663,"Gaur","GAR",2,"ndvi_cv + elev + BB + DE",0.357091076852174,0.691268680103988,1.42916603197311
664,"Gaur","GAR",2,"ndvi_cv + elev + BB + DE",0.360723198645303,0.682671632384169,1.43436637700938
665,"Gaur","GAR",2,"ndvi_cv + elev + BB + DE",0.358576641420483,0.675980812343592,1.43129072978903
666,"Gaur","GAR",2,"ndvi_cv + elev + BB + DE",0.358778975339355,0.677023523438431,1.4315804052562
667,"Gaur","GAR",2,"ndvi_cv + elev + BB + DE",0.321621608265913,0.670140803699594,1.37936275027652
668,"Gaur","GAR",2,"ndvi_cv + elev + BB + DE",0.305359057553914,0.663914361528185,1.3571122594787
669,"Gaur","GAR",2,"ndvi_cv + elev + BB + DE",0.294817423317653,0.653937101015252,1.34288115775123
670,"Gaur","GAR",2,"ndvi_cv + elev + BB + DE",0.245662277324866,0.64107409709002,1.27846774750405
671,"Gaur","GAR",2,"ndvi_cv + elev + BB + DE",0.186618810130856,0.62428813980426,1.2051678856152
672,"Gaur","GAR",2,"ndvi_cv + elev + BB + DE",0.182626605858961,0.634753523730285,1.20036611507798
673,"Gaur","GAR",2,"ndvi_cv + elev + BB + DE",0.200444697926816,0.64791558702391,1.22194603443543
674,"Gaur","GAR",2,"ndvi_cv + elev + BB + DE",0.173685329935975,0.640203044704435,1.18968119751353
675,"Gaur","GAR",2,"ndvi_cv + elev + BB + DE",0.156476256912333,0.641146159353855,1.169383412539
676,"Gaur","GAR",2,"ndvi_cv + elev + BB + DE",0.0851153456205817,0.640416297601452,1.08884271447065
677,"Gaur","GAR",2,"ndvi_cv + elev + BB + DE",-0.00491017224000936,0.615434098683268,0.995101863020511
678,"Gaur","GAR",2,"ndvi_cv + elev + BB + DE",-0.0188040364101415,0.628030217246806,0.981371658738303
679,"Gaur","GAR",2,"ndvi_cv + elev + BB + DE",0.0486166425542601,0.651037145448681,1.04981781813591
680,"Gaur","GAR",2,"ndvi_cv + elev + BB + DE",0.089857055845854,0.670618786103286,1.09401788993202
681,"Gaur","GAR",2,"ndvi_cv + elev + BB + DE",0.100713418022136,0.67870284408422,1.10595966497792
682,"Gaur","GAR",2,"ndvi_cv + elev + BB + DE",0.103816859490147,0.686163264269179,1.10939731823402
683,"Gaur","GAR",2,"ndvi_cv + elev + BB + DE",0.0813568513683611,0.708805231972774,1.08475792519809
684,"Gaur","GAR",2,"ndvi_cv + elev + BB + DE",0.105854791890585,0.721326999117059,1.11166045766202
685,"Gaur","GAR",2,"ndvi_cv + elev + BB + DE",0.101879657214632,0.73051992591207,1.10725022219003
686,"Gaur","GAR",2,"ndvi_cv + elev + BB + DE",0.0787447007703635,0.751902835783837,1.08192810142557
687,"Gaur","GAR",2,"ndvi_cv + elev + BB + DE",0.0681039548356889,0.773759225717498,1.07047659097415
688,"Gaur","GAR",2,"ndvi_cv + elev + BB + DE",0.0644594988034383,0.784740307712488,1.06658237999343
689,"Gaur","GAR",2,"ndvi_cv + elev + BB + DE",0.0534020389910367,0.793499715716107,1.05485365367862
690,"Gaur","GAR",2,"ndvi_cv + elev + BB + DE",0.0486232436435108,0.827490244102091,1.04982474808972
691,"Gaur","GAR",2,"ndvi_cv + elev + BB + DE",0.0314924906613154,0.85994962863232,1.03199362622105
692,"Gaur","GAR",2,"ndvi_cv + elev + BB + DE",0.0558418317800347,0.971581247648201,1.05743048809829
693,"Gaur","GAR",2,"ndvi_cv + elev + BB + DE",0.372688477306591,0.932801873014829,1.4516320578163
694,"Gaur","GAR",2,"ndvi_cv + elev + BB + DE",0.367573502751077,0.834375555292107,1.44422594943293
695,"Gaur","GAR",2,"ndvi_cv + elev + BB + DE",0.367168259103713,0.812729187572824,1.44364080658735
696,"Gaur","GAR",2,"ndvi_cv + elev + BB + DE",0.370693626789595,0.775381086056574,1.44873915215932
697,"Gaur","GAR",2,"ndvi_cv + elev + BB + DE",0.356271769953559,0.751263107918266,1.42799558336073
698,"Gaur","GAR",2,"ndvi_cv + elev + BB + DE",0.360165188201159,0.727583466222694,1.43356628891636
699,"Gaur","GAR",2,"ndvi_cv + elev + BB + DE",0.359677406253344,0.720538765855463,1.43286710874443
700,"Gaur","GAR",2,"ndvi_cv + elev + BB + DE",0.35292212347774,0.713301019855411,1.42322031468856
701,"Gaur","GAR",2,"ndvi_cv + elev + BB + DE",0.344903198831685,0.690580165359625,1.4118532442326
702,"Gaur","GAR",2,"ndvi_cv + elev + BB + DE",0.344588391109727,0.678424603387485,1.41140886414058
703,"Gaur","GAR",2,"ndvi_cv + elev + BB + DE",0.356170629473266,0.69046019686808,1.42785116197317
704,"Gaur","GAR",2,"ndvi_cv + elev + BB + DE",0.359226874973477,0.671119099101428,1.43222170578519
705,"Gaur","GAR",2,"ndvi_cv + elev + BB + DE",0.332369327156519,0.675777471941996,1.39426769720732
706,"Gaur","GAR",2,"ndvi_cv + elev + BB + DE",0.331292329726337,0.674074322966143,1.39276688269635
707,"Gaur","GAR",2,"ndvi_cv + elev + BB + DE",0.294226743177171,0.646058027707393,1.34208838029681
708,"Gaur","GAR",2,"ndvi_cv + elev + BB + DE",0.257379484522143,0.641758968744795,1.29353591802683
709,"Gaur","GAR",2,"ndvi_cv + elev + BB + DE",0.197833419546576,0.618923574501882,1.21875935549601
710,"Gaur","GAR",2,"ndvi_cv + elev + BB + DE",0.21709853421059,0.63787451117776,1.24246652553006
711,"Gaur","GAR",2,"ndvi_cv + elev + BB + DE",0.223083034918066,0.646793822731367,1.24992445985456
712,"Gaur","GAR",2,"ndvi_cv + elev + BB + DE",0.190352560827469,0.642232587398524,1.20967601445554
713,"Gaur","GAR",2,"ndvi_cv + elev + BB + DE",0.167904715305025,0.633425403299199,1.18282391917938
714,"Gaur","GAR",2,"ndvi_cv + elev + BB + DE",0.106082763667112,0.639678456686413,1.11191404119677
715,"Gaur","GAR",2,"ndvi_cv + elev + BB + DE",-0.0130137227088907,0.612321180768223,0.987070617004296
716,"Gaur","GAR",2,"ndvi_cv + elev + BB + DE",-0.0233661306576506,0.614890869862738,0.976904744491816
717,"Gaur","GAR",2,"ndvi_cv + elev + BB + DE",0.04882512954397,0.665529575998619,1.05003671428586
718,"Gaur","GAR",2,"ndvi_cv + elev + BB + DE",0.0819753653971645,0.66993136804405,1.08542907531426
719,"Gaur","GAR",2,"ndvi_cv + elev + BB + DE",0.103388619753605,0.671276941748835,1.10892228816764
720,"Gaur","GAR",2,"ndvi_cv + elev + BB + DE",0.0913113855015633,0.680358419029608,1.09561010980716
721,"Gaur","GAR",2,"ndvi_cv + elev + BB + DE",0.0975681869793765,0.683687540686393,1.10248667397437
722,"Gaur","GAR",2,"ndvi_cv + elev + BB + DE",0.0931629770229464,0.712451150180231,1.09764061209874
723,"Gaur","GAR",2,"ndvi_cv + elev + BB + DE",0.0940117586583617,0.724586480800254,1.09857266454091
724,"Gaur","GAR",2,"ndvi_cv + elev + BB + DE",0.0601320497605151,0.733134321670958,1.0619767733538
725,"Gaur","GAR",2,"ndvi_cv + elev + BB + DE",0.0568862689684741,0.745123204267204,1.05853542017144
726,"Gaur","GAR",2,"ndvi_cv + elev + BB + DE",0.0499058675978797,0.751381978928703,1.05117214410901
727,"Gaur","GAR",2,"ndvi_cv + elev + BB + DE",0.0555186932246666,0.772381906320436,1.05708877775089
728,"Gaur","GAR",2,"ndvi_cv + elev + BB + DE",0.0427722274720426,0.782150233009005,1.04370014199159
729,"Gaur","GAR",2,"ndvi_cv + elev + BB + DE",0.036001300531681,0.818065892558884,1.03665720340519
730,"Gaur","GAR",2,"ndvi_cv + elev + BB + DE",0.0356200723416254,0.857193598174665,1.03626215009123
731,"Gaur","GAR",2,"ndvi_cv + elev + BB + DE",0.354647293799346,0.942093774102335,1.42567782487083
732,"Gaur","GAR",2,"ndvi_cv + elev + BB + DE",0.366962745019796,0.848209695624564,1.44334414917871
733,"Gaur","GAR",2,"ndvi_cv + elev + BB + DE",0.360658671992935,0.814720957197736,1.4342739643305
734,"Gaur","GAR",2,"ndvi_cv + elev + BB + DE",0.370878744288029,0.780957637401677,1.44900736659098
735,"Gaur","GAR",2,"ndvi_cv + elev + BB + DE",0.348660193905874,0.762775752981782,1.41716762032818
736,"Gaur","GAR",2,"ndvi_cv + elev + BB + DE",0.357397045469457,0.740099447535003,1.42960345163873
737,"Gaur","GAR",2,"ndvi_cv + elev + BB + DE",0.327119112214167,0.722624621683695,1.38696667215558
738,"Gaur","GAR",2,"ndvi_cv + elev + BB + DE",0.346911567032112,0.716683897463804,1.41469162454553
739,"Gaur","GAR",2,"ndvi_cv + elev + BB + DE",0.362048852712946,0.684508572329846,1.43626934053116
740,"Gaur","GAR",2,"ndvi_cv + elev + BB + DE",0.34419456919553,0.690948777484469,1.41085332936847
741,"Gaur","GAR",2,"ndvi_cv + elev + BB + DE",0.342411841783315,0.68987449791156,1.40834019143355
742,"Gaur","GAR",2,"ndvi_cv + elev + BB + DE",0.359152075530287,0.684802041440437,1.43211457524091
743,"Gaur","GAR",2,"ndvi_cv + elev + BB + DE",0.335407257360141,0.679279703297259,1.39850982282183
744,"Gaur","GAR",2,"ndvi_cv + elev + BB + DE",0.337513922777237,0.662896187275014,1.40145913054334
745,"Gaur","GAR",2,"ndvi_cv + elev + BB + DE",0.323328760369448,0.662434504070837,1.38171953176003
746,"Gaur","GAR",2,"ndvi_cv + elev + BB + DE",0.290573606786521,0.651201803034938,1.33719429200653
747,"Gaur","GAR",2,"ndvi_cv + elev + BB + DE",0.29047048013364,0.637972585273093,1.33705639855942
748,"Gaur","GAR",2,"ndvi_cv + elev + BB + DE",0.262625914359464,0.649640885214512,1.30034024046706
749,"Gaur","GAR",2,"ndvi_cv + elev + BB + DE",0.254671436067646,0.646815779329977,1.29003769262452
750,"Gaur","GAR",2,"ndvi_cv + elev + BB + DE",0.241033151758825,0.645925506852758,1.27256322271289
751,"Gaur","GAR",2,"ndvi_cv + elev + BB + DE",0.187337051982902,0.637346172448168,1.2060337226053
752,"Gaur","GAR",2,"ndvi_cv + elev + BB + DE",0.129454900762884,0.628301652381694,1.13820782677342
753,"Gaur","GAR",2,"ndvi_cv + elev + BB + DE",0.0864230512611814,0.638576175814486,1.09026747044556
754,"Gaur","GAR",2,"ndvi_cv + elev + BB + DE",0.0789237591097995,0.635441740169691,1.08212181845258
755,"Gaur","GAR",2,"ndvi_cv + elev + BB + DE",0.0725156350429634,0.647272125790136,1.07520961690885
756,"Gaur","GAR",2,"ndvi_cv + elev + BB + DE",0.0808136208905909,0.656424618219734,1.08416888528823
757,"Gaur","GAR",2,"ndvi_cv + elev + BB + DE",0.105529582309735,0.671029835381748,1.11129898128545
758,"Gaur","GAR",2,"ndvi_cv + elev + BB + DE",0.0960489961835716,0.675011828569029,1.1008130005423
759,"Gaur","GAR",2,"ndvi_cv + elev + BB + DE",0.108864358999862,0.685968966997117,1.11501110957047
760,"Gaur","GAR",2,"ndvi_cv + elev + BB + DE",0.0754614598376174,0.702706794356655,1.07838170225952
761,"Gaur","GAR",2,"ndvi_cv + elev + BB + DE",0.0699131068420332,0.718752730529738,1.07241499295571
762,"Gaur","GAR",2,"ndvi_cv + elev + BB + DE",0.0686650681869811,0.723850290980131,1.07107741575869
763,"Gaur","GAR",2,"ndvi_cv + elev + BB + DE",0.0559190951272766,0.725004536947358,1.05751212249148
764,"Gaur","GAR",2,"ndvi_cv + elev + BB + DE",0.0543022297944545,0.738026951303472,1.0558036596437
765,"Gaur","GAR",2,"ndvi_cv + elev + BB + DE",0.0464970969446771,0.752884024570319,1.04759505805758
766,"Gaur","GAR",2,"ndvi_cv + elev + BB + DE",0.0460221209986909,0.759936534240107,1.04709757379249
767,"Gaur","GAR",2,"ndvi_cv + elev + BB + DE",0.0235979166086377,0.782225292029395,1.0238785989876
768,"Gaur","GAR",2,"ndvi_cv + elev + BB + DE",0.0354642757282896,0.809525922590547,1.03610064699951
769,"Gaur","GAR",2,"ndvi_cv + elev + BB + DE",0.0298355003093003,0.858893811984615,1.03028503849989
770,"Gaur","GAR",2,"ndvi_cv + elev + BB + DE",0.010507249962345,0.914743275325982,1.01056264557072
771,"Gaur","GAR",2,"ndvi_cv + elev + BB + DE",0.0154350459308238,0.961246021824721,1.01555482783412
772,"Gaur","GAR",2,"ndvi_cv + elev + BB + DE",0.005573373299407,0.984135799854665,1.00558893913966
773,"Gaur","GAR",2,"ndvi_cv + elev + BB + DE",0.0054322476627145,1.03098220053557,1.00544703174921
774,"Gaur","GAR",2,"ndvi_cv + elev + BB + DE",-0.0159143362881452,1.09614167772766,0.98421189123399
775,"Gaur","GAR",2,"ndvi_cv + elev + BB + DE",0.00598615732806808,1.23375970519782,1.00600411751209
776,"Gaur","GAR",2,"ndvi_cv + elev + BB + DE",0.347357749622859,0.956763342223548,1.4153229871333
777,"Gaur","GAR",2,"ndvi_cv + elev + BB + DE",0.339500126873976,0.849629902095609,1.40424548461419
778,"Gaur","GAR",2,"ndvi_cv + elev + BB + DE",0.336711523915288,0.811308840454729,1.40033517595386
779,"Gaur","GAR",2,"ndvi_cv + elev + BB + DE",0.332212657904121,0.783857156177003,1.39404931029947
780,"Gaur","GAR",2,"ndvi_cv + elev + BB + DE",0.341390384480633,0.759728262529727,1.40690244694524
781,"Gaur","GAR",2,"ndvi_cv + elev + BB + DE",0.334331615269536,0.732687360617189,1.39700633708192
782,"Gaur","GAR",2,"ndvi_cv + elev + BB + DE",0.338159275762446,0.733196824082758,1.4023639614044
783,"Gaur","GAR",2,"ndvi_cv + elev + BB + DE",0.339891349532842,0.709823415402912,1.40479495151881
784,"Gaur","GAR",2,"ndvi_cv + elev + BB + DE",0.33888065297914,0.697235528745674,1.40337584668596
785,"Gaur","GAR",2,"ndvi_cv + elev + BB + DE",0.320632167982474,0.696630360840547,1.3779986161342
786,"Gaur","GAR",2,"ndvi_cv + elev + BB + DE",0.338663433066663,0.681280042834999,1.40307114011067
787,"Gaur","GAR",2,"ndvi_cv + elev + BB + DE",0.351047264846921,0.682225070170562,1.42055449425773
788,"Gaur","GAR",2,"ndvi_cv + elev + BB + DE",0.335051487237284,0.666529980166898,1.39801238279932
789,"Gaur","GAR",2,"ndvi_cv + elev + BB + DE",0.368488921063202,0.6700884241473,1.44554862647054
790,"Gaur","GAR",2,"ndvi_cv + elev + BB + DE",0.366093509776969,0.655605730004555,1.44209008669491
791,"Gaur","GAR",2,"ndvi_cv + elev + BB + DE",0.354718723788225,0.644103860188278,1.42577956498441
792,"Gaur","GAR",2,"ndvi_cv + elev + BB + DE",0.338911091198642,0.634514658991128,1.40341860931591
793,"Gaur","GAR",2,"ndvi_cv + elev + BB + DE",0.326005044945904,0.63506866151652,1.38542237055115
794,"Gaur","GAR",2,"ndvi_cv + elev + BB + DE",0.316668713060826,0.639976306039685,1.37254778970463
795,"Gaur","GAR",2,"ndvi_cv + elev + BB + DE",0.265686835627378,0.63979594364676,1.30432653572171
796,"Gaur","GAR",2,"ndvi_cv + elev + BB + DE",0.224984469045139,0.641287488956824,1.2523032819467
797,"Gaur","GAR",2,"ndvi_cv + elev + BB + DE",0.190903132404983,0.624284132799833,1.21034221527097
798,"Gaur","GAR",2,"ndvi_cv + elev + BB + DE",0.146616515226329,0.637440147873053,1.15790983717488
799,"Gaur","GAR",2,"ndvi_cv + elev + BB + DE",0.109415229342851,0.639301173362301,1.11562552292339
800,"Gaur","GAR",2,"ndvi_cv + elev + BB + DE",0.101772426100643,0.643330199601131,1.10713149358228
801,"Gaur","GAR",2,"ndvi_cv + elev + BB + DE",0.105431675853812,0.65190793553536,1.11119023745974
802,"Gaur","GAR",2,"ndvi_cv + elev + BB + DE",0.117630461688714,0.659402705593081,1.12482837219657
803,"Gaur","GAR",2,"ndvi_cv + elev + BB + DE",0.10685338068618,0.676293599715992,1.11277109393836
804,"Gaur","GAR",2,"ndvi_cv + elev + BB + DE",0.0888078886553173,0.673675829173751,1.09287068331076
805,"Gaur","GAR",2,"ndvi_cv + elev + BB + DE",0.0715845428852268,0.687298504239263,1.0742089705787
806,"Gaur","GAR",2,"ndvi_cv + elev + BB + DE",0.0864430555587199,0.697198758566679,1.09028930093316
807,"Gaur","GAR",2,"ndvi_cv + elev + BB + DE",0.0683132776379441,0.701149333378899,1.07070068317325
808,"Gaur","GAR",2,"ndvi_cv + elev + BB + DE",0.0628888857639728,0.711137338514946,1.06490850682941
809,"Gaur","GAR",2,"ndvi_cv + elev + BB + DE",0.0516664893156035,0.719404817744124,1.05302449143681
810,"Gaur","GAR",2,"ndvi_cv + elev + BB + DE",0.0543156846270917,0.730664997611464,1.05581785954075
811,"Gaur","GAR",2,"ndvi_cv + elev + BB + DE",0.0389632442947939,0.749035793694986,1.03973226739023
812,"Gaur","GAR",2,"ndvi_cv + elev + BB + DE",0.0429590961008086,0.755411427051849,1.04389519871944
813,"Gaur","GAR",2,"ndvi_cv + elev + BB + DE",0.0439480285238599,0.76798363290139,1.04492807244423
814,"Gaur","GAR",2,"ndvi_cv + elev + BB + DE",0.0472192232085968,0.796292384843916,1.04835194674109
815,"Gaur","GAR",2,"ndvi_cv + elev + BB + DE",0.0349363209054272,0.830886309417661,1.03555377874404
816,"Gaur","GAR",2,"ndvi_cv + elev + BB + DE",0.000360484728137653,0.857884136427721,1.0003605562154
817,"Gaur","GAR",2,"ndvi_cv + elev + BB + DE",0.00964939179978157,0.882588654200503,1.00969609856309
818,"Gaur","GAR",2,"ndvi_cv + elev + BB + DE",0.0220439835158883,0.923386009120697,1.02228875293235
819,"Gaur","GAR",2,"ndvi_cv + elev + BB + DE",-0.010042407889733,1.00699655414426,0.990007855588445
820,"Gaur","GAR",2,"ndvi_cv + elev + BB + DE",-0.00587627273131316,1.15136991684015,0.994140993327281
821,"Gaur","GAR",2,"ndvi_cv + elev + BB + DE",0.338744336383856,0.989923096581566,1.40318455648064
822,"Gaur","GAR",2,"ndvi_cv + elev + BB + DE",0.336972511084878,0.877700604618125,1.40070073644397
823,"Gaur","GAR",2,"ndvi_cv + elev + BB + DE",0.329828478217643,0.816021443600625,1.39072967870128
824,"Gaur","GAR",2,"ndvi_cv + elev + BB + DE",0.330669878914025,0.777076656263022,1.39190033311837
825,"Gaur","GAR",2,"ndvi_cv + elev + BB + DE",0.330666507470659,0.751608808122074,1.39189552840104
826,"Gaur","GAR",2,"ndvi_cv + elev + BB + DE",0.318857670360912,0.74534960431442,1.37555553292294
827,"Gaur","GAR",2,"ndvi_cv + elev + BB + DE",0.337822542602047,0.713079061185985,1.4018917377029
828,"Gaur","GAR",2,"ndvi_cv + elev + BB + DE",0.319869759388017,0.709494956407176,1.37694852271712
829,"Gaur","GAR",2,"ndvi_cv + elev + BB + DE",0.319264182912014,0.705819044262739,1.37611484264823
830,"Gaur","GAR",2,"ndvi_cv + elev + BB + DE",0.325459748618854,0.696457415422333,1.3846670991342
831,"Gaur","GAR",2,"ndvi_cv + elev + BB + DE",0.338832693396695,0.676192814450994,1.40330854368687
832,"Gaur","GAR",2,"ndvi_cv + elev + BB + DE",0.36451435989629,0.663152975340536,1.43981461719352
833,"Gaur","GAR",2,"ndvi_cv + elev + BB + DE",0.372005833318564,0.663413973609639,1.45064176700318
834,"Gaur","GAR",2,"ndvi_cv + elev + BB + DE",0.380737534038893,0.652730722928244,1.4633634742218
835,"Gaur","GAR",2,"ndvi_cv + elev + BB + DE",0.402651282510546,0.651449585976046,1.49578519869708
836,"Gaur","GAR",2,"ndvi_cv + elev + BB + DE",0.421873928868026,0.638784365659757,1.5248162781672
837,"Gaur","GAR",2,"ndvi_cv + elev + BB + DE",0.423391809815378,0.641340038491325,1.52713255974664
838,"Gaur","GAR",2,"ndvi_cv + elev + BB + DE",0.410899153514327,0.633545460860783,1.50817325496396
839,"Gaur","GAR",2,"ndvi_cv + elev + BB + DE",0.366310488715402,0.635059953981471,1.44240302700043
840,"Gaur","GAR",2,"ndvi_cv + elev + BB + DE",0.327581805690207,0.630769631276528,1.38760856899931
841,"Gaur","GAR",2,"ndvi_cv + elev + BB + DE",0.264497021969901,0.629453721887084,1.30277581752068
842,"Gaur","GAR",2,"ndvi_cv + elev + BB + DE",0.225326075411736,0.633275068752919,1.25273113478676
843,"Gaur","GAR",2,"ndvi_cv + elev + BB + DE",0.193009795899125,0.638954166933081,1.21289467496736
844,"Gaur","GAR",2,"ndvi_cv + elev + BB + DE",0.158595883262516,0.631320390484523,1.17186429286849
845,"Gaur","GAR",2,"ndvi_cv + elev + BB + DE",0.133017567377195,0.636931743909059,1.14227015012318
846,"Gaur","GAR",2,"ndvi_cv + elev + BB + DE",0.120101629148875,0.645745944721218,1.12761144395408
847,"Gaur","GAR",2,"ndvi_cv + elev + BB + DE",0.112231999290584,0.655808185591867,1.11877238762267
848,"Gaur","GAR",2,"ndvi_cv + elev + BB + DE",0.1212049529016,0.662629395886148,1.12885627396944
849,"Gaur","GAR",2,"ndvi_cv + elev + BB + DE",0.102120663472889,0.679625738671287,1.10751710067028
850,"Gaur","GAR",2,"ndvi_cv + elev + BB + DE",0.0893551770317729,0.684859691934184,1.09346896243718
851,"Gaur","GAR",2,"ndvi_cv + elev + BB + DE",0.0831608846286432,0.688009578271135,1.08671663460585
852,"Gaur","GAR",2,"ndvi_cv + elev + BB + DE",0.0812149946741921,0.701424715355086,1.0846040821884
853,"Gaur","GAR",2,"ndvi_cv + elev + BB + DE",0.0736271228194497,0.711283027084174,1.07640536567868
854,"Gaur","GAR",2,"ndvi_cv + elev + BB + DE",0.0494893097579009,0.724433644418305,1.05073435959805
855,"Gaur","GAR",2,"ndvi_cv + elev + BB + DE",0.0487903604110417,0.723128077617078,1.05000020691358
856,"Gaur","GAR",2,"ndvi_cv + elev + BB + DE",0.0545865335994137,0.736425022860225,1.05610395953846
857,"Gaur","GAR",2,"ndvi_cv + elev + BB + DE",0.0385127115330855,0.75297034100711,1.03926395289427
858,"Gaur","GAR",2,"ndvi_cv + elev + BB + DE",0.0289847839807304,0.760568855738947,1.02940893752483
859,"Gaur","GAR",2,"ndvi_cv + elev + BB + DE",0.0345651665505914,0.775618680086744,1.03516948604777
860,"Gaur","GAR",2,"ndvi_cv + elev + BB + DE",0.00029790429349256,0.800628305742389,1.00029794867782
861,"Gaur","GAR",2,"ndvi_cv + elev + BB + DE",-0.00604527351564554,0.821080703795613,0.993972966344644
862,"Gaur","GAR",2,"ndvi_cv + elev + BB + DE",-0.00577450278830733,0.850005645416486,0.99424213767945
863,"Gaur","GAR",2,"ndvi_cv + elev + BB + DE",-0.00909059144542738,0.874179954247264,0.990950606821477
864,"Gaur","GAR",2,"ndvi_cv + elev + BB + DE",-0.0104522906771547,0.923229994866573,0.989602492074879
865,"Gaur","GAR",2,"ndvi_cv + elev + BB + DE",0.325158683373527,0.893948942099365,1.38425028832166
866,"Gaur","GAR",2,"ndvi_cv + elev + BB + DE",0.332380940393039,0.810696286817597,1.39428389494659
867,"Gaur","GAR",2,"ndvi_cv + elev + BB + DE",0.320358296896327,0.789183326044501,1.3776212757159
868,"Gaur","GAR",2,"ndvi_cv + elev + BB + DE",0.320226208301434,0.770997854418937,1.37743931831827
869,"Gaur","GAR",2,"ndvi_cv + elev + BB + DE",0.32459202279414,0.745574909264428,1.38346610865582
870,"Gaur","GAR",2,"ndvi_cv + elev + BB + DE",0.319719872830931,0.730225123417175,1.37674204773305
871,"Gaur","GAR",2,"ndvi_cv + elev + BB + DE",0.328431440234851,0.706804487846868,1.38878802491909
872,"Gaur","GAR",2,"ndvi_cv + elev + BB + DE",0.298764973368592,0.692571988106915,1.34819279095866
873,"Gaur","GAR",2,"ndvi_cv + elev + BB + DE",0.314730687092895,0.67728412287708,1.36989033227619
874,"Gaur","GAR",2,"ndvi_cv + elev + BB + DE",0.334861685811287,0.677548024668848,1.39774704471124
875,"Gaur","GAR",2,"ndvi_cv + elev + BB + DE",0.3391253076072,0.665881049241145,1.40371924284369
876,"Gaur","GAR",2,"ndvi_cv + elev + BB + DE",0.369762769547082,0.660661714363003,1.44739122641886
877,"Gaur","GAR",2,"ndvi_cv + elev + BB + DE",0.393622391405946,0.655209933245028,1.48234072007318
878,"Gaur","GAR",2,"ndvi_cv + elev + BB + DE",0.440506451479028,0.652574790782654,1.5534937887444
879,"Gaur","GAR",2,"ndvi_cv + elev + BB + DE",0.497806893514428,0.636994824724638,1.64510941449373
880,"Gaur","GAR",2,"ndvi_cv + elev + BB + DE",0.534594470994028,0.620784444039404,1.70675597044652
881,"Gaur","GAR",2,"ndvi_cv + elev + BB + DE",0.513161003586581,0.620579093424642,1.6705635149099
882,"Gaur","GAR",2,"ndvi_cv + elev + BB + DE",0.467462070960365,0.622488173127757,1.59593867003473
883,"Gaur","GAR",2,"ndvi_cv + elev + BB + DE",0.376597803863567,0.630598056041179,1.45731806404706
884,"Gaur","GAR",2,"ndvi_cv + elev + BB + DE",0.324700124543396,0.631998475369835,1.38361567509827
885,"Gaur","GAR",2,"ndvi_cv + elev + BB + DE",0.249500258034349,0.626217811303783,1.28338389704985
886,"Gaur","GAR",2,"ndvi_cv + elev + BB + DE",0.204840591889237,0.631675494636035,1.22732941147938
887,"Gaur","GAR",2,"ndvi_cv + elev + BB + DE",0.17547543394618,0.621973112342344,1.19181277615444
888,"Gaur","GAR",2,"ndvi_cv + elev + BB + DE",0.152844170215236,0.633629111392292,1.16514340089753
889,"Gaur","GAR",2,"ndvi_cv + elev + BB + DE",0.144263243497878,0.632048058338964,1.15518816453727
890,"Gaur","GAR",2,"ndvi_cv + elev + BB + DE",0.125743135210486,0.649193000171655,1.13399084856236
891,"Gaur","GAR",2,"ndvi_cv + elev + BB + DE",0.107275486819102,0.660913253314709,1.11324096429411
892,"Gaur","GAR",2,"ndvi_cv + elev + BB + DE",0.100306042583286,0.672493460153167,1.10550921891726
893,"Gaur","GAR",2,"ndvi_cv + elev + BB + DE",0.0846155858651615,0.686173950793005,1.08829864107025
894,"Gaur","GAR",2,"ndvi_cv + elev + BB + DE",0.0690518180785284,0.688616595169049,1.0714917326115
895,"Gaur","GAR",2,"ndvi_cv + elev + BB + DE",0.0734513339995144,0.701542882040097,1.07621617050802
896,"Gaur","GAR",2,"ndvi_cv + elev + BB + DE",0.0660312617827915,0.706330243024935,1.06826011382746
897,"Gaur","GAR",2,"ndvi_cv + elev + BB + DE",0.0482225664164432,0.705968127538469,1.04940424099241
898,"Gaur","GAR",2,"ndvi_cv + elev + BB + DE",0.0467688694321012,0.713229670705422,1.04787978418107
899,"Gaur","GAR",2,"ndvi_cv + elev + BB + DE",0.0424592586207302,0.722985758234468,1.0433735654959
900,"Gaur","GAR",2,"ndvi_cv + elev + BB + DE",0.0319628704273925,0.739735924362238,1.03247918293733
901,"Gaur","GAR",2,"ndvi_cv + elev + BB + DE",0.0191915436638081,0.74676237127376,1.01937689855865
902,"Gaur","GAR",2,"ndvi_cv + elev + BB + DE",0.0127496885076001,0.762980751403865,1.01283132407504
903,"Gaur","GAR",2,"ndvi_cv + elev + BB + DE",0.00194054205051976,0.781518427660111,1.00194242652586
904,"Gaur","GAR",2,"ndvi_cv + elev + BB + DE",0.0057466374030864,0.796977768406882,1.00576318623259
905,"Gaur","GAR",2,"ndvi_cv + elev + BB + DE",0.00346450428636271,0.831725520044578,1.00347052228864
906,"Gaur","GAR",2,"ndvi_cv + elev + BB + DE",-0.00413606734134928,0.857403809802583,0.995872526355316
907,"Gaur","GAR",2,"ndvi_cv + elev + BB + DE",-0.00690790335376325,0.88583996555371,0.993115902735268
908,"Gaur","GAR",2,"ndvi_cv + elev + BB + DE",-0.00616475106450053,0.998030844981563,0.993854730227269
909,"Gaur","GAR",2,"ndvi_cv + elev + BB + DE",0.309976268348098,0.937908843855399,1.36339318315463
910,"Gaur","GAR",2,"ndvi_cv + elev + BB + DE",0.325419111118983,0.830187732062558,1.38461083063366
911,"Gaur","GAR",2,"ndvi_cv + elev + BB + DE",0.327739348289394,0.795627195207245,1.38782718563967
912,"Gaur","GAR",2,"ndvi_cv + elev + BB + DE",0.312935894776384,0.768470110445423,1.36743390390999
913,"Gaur","GAR",2,"ndvi_cv + elev + BB + DE",0.333216192285091,0.749764007095244,1.39544895313534
914,"Gaur","GAR",2,"ndvi_cv + elev + BB + DE",0.312038071620208,0.729635655608981,1.36620670895333
915,"Gaur","GAR",2,"ndvi_cv + elev + BB + DE",0.301086844117232,0.713867032872408,1.35132672445179
916,"Gaur","GAR",2,"ndvi_cv + elev + BB + DE",0.315518328617374,0.693291751341321,1.37096978096945
917,"Gaur","GAR",2,"ndvi_cv + elev + BB + DE",0.305388331437001,0.680242357273363,1.3571523036653
918,"Gaur","GAR",2,"ndvi_cv + elev + BB + DE",0.335795993758807,0.679339593571857,1.39905358357113
919,"Gaur","GAR",2,"ndvi_cv + elev + BB + DE",0.347280867635931,0.666901088032095,1.41521415794809
920,"Gaur","GAR",2,"ndvi_cv + elev + BB + DE",0.378738837711728,0.662422250608341,1.46044157949467
921,"Gaur","GAR",2,"ndvi_cv + elev + BB + DE",0.398924903378658,0.653875942557218,1.49022175423517
922,"Gaur","GAR",2,"ndvi_cv + elev + BB + DE",0.469273837293266,0.64305779278228,1.59883275898168
923,"Gaur","GAR",2,"ndvi_cv + elev + BB + DE",0.519850601439485,0.638618452459145,1.68177639526134
924,"Gaur","GAR",2,"ndvi_cv + elev + BB + DE",0.748860010337571,0.615702843660895,2.11458804630849
925,"Gaur","GAR",2,"ndvi_cv + elev + BB + DE",0.770651573409796,0.607038640917931,2.16117397136122
926,"Gaur","GAR",2,"ndvi_cv + elev + BB + DE",0.516412952266302,0.622239111418486,1.67600499115479
927,"Gaur","GAR",2,"ndvi_cv + elev + BB + DE",0.403554253412052,0.621616646557329,1.49713645473694
928,"Gaur","GAR",2,"ndvi_cv + elev + BB + DE",0.334460526520005,0.623280574465819,1.39718643777177
929,"Gaur","GAR",2,"ndvi_cv + elev + BB + DE",0.277557247411348,0.624832876874387,1.31990168130826
930,"Gaur","GAR",2,"ndvi_cv + elev + BB + DE",0.236063217430221,0.625953668556562,1.26625444939023
931,"Gaur","GAR",2,"ndvi_cv + elev + BB + DE",0.205798105138705,0.595360604442398,1.22850515413509
932,"Gaur","GAR",2,"ndvi_cv + elev + BB + DE",0.200939447913996,0.558601477674345,1.22255078575322
933,"Gaur","GAR",2,"ndvi_cv + elev + BB + DE",0.153250242759597,0.635994013464412,1.16561665187723
934,"Gaur","GAR",2,"ndvi_cv + elev + BB + DE",0.138769608330066,0.643990999851399,1.14885938188778
935,"Gaur","GAR",2,"ndvi_cv + elev + BB + DE",0.103099040320382,0.66265656253075,1.10860121375786
936,"Gaur","GAR",2,"ndvi_cv + elev + BB + DE",0.0960181668958319,0.663879694679488,1.10077906196169
937,"Gaur","GAR",2,"ndvi_cv + elev + BB + DE",0.0823708108977325,0.675236264258636,1.08585838551078
938,"Gaur","GAR",2,"ndvi_cv + elev + BB + DE",0.0580162877297342,0.683579696353003,1.05973225754239
939,"Gaur","GAR",2,"ndvi_cv + elev + BB + DE",0.0486897231823851,0.696581303524459,1.0498947425823
940,"Gaur","GAR",2,"ndvi_cv + elev + BB + DE",0.0542281852146743,0.709180762578318,1.05572549781489
941,"Gaur","GAR",2,"ndvi_cv + elev + BB + DE",0.0351736703430997,0.705268127259061,1.03579958486801
942,"Gaur","GAR",2,"ndvi_cv + elev + BB + DE",0.0229259595659789,0.705200419770063,1.02319077946676
943,"Gaur","GAR",2,"ndvi_cv + elev + BB + DE",0.0273139981643446,0.715788316193556,1.02769044547785
944,"Gaur","GAR",2,"ndvi_cv + elev + BB + DE",0.0249677837261608,0.727567371940198,1.02528210275287
945,"Gaur","GAR",2,"ndvi_cv + elev + BB + DE",0.0263986568057689,0.738341413573371,1.02675019660917
946,"Gaur","GAR",2,"ndvi_cv + elev + BB + DE",-0.00839851254704303,0.748934444049981,0.991636710029277
947,"Gaur","GAR",2,"ndvi_cv + elev + BB + DE",0.0117395541898692,0.764775864359809,1.01180873602932
948,"Gaur","GAR",2,"ndvi_cv + elev + BB + DE",-0.00599256707984835,0.782083833241263,0.99402535455121
949,"Gaur","GAR",2,"ndvi_cv + elev + BB + DE",-0.0163254233905118,0.812002104735852,0.983807115732493
950,"Gaur","GAR",2,"ndvi_cv + elev + BB + DE",0.00342733960674575,0.833579799062559,1.00343322721761
951,"Gaur","GAR",2,"ndvi_cv + elev + BB + DE",-0.015582107106575,0.855087809743193,0.984538677016329
952,"Gaur","GAR",2,"ndvi_cv + elev + BB + DE",-0.0257504919870445,0.91925803078883,0.974578294633553
953,"Gaur","GAR",2,"ndvi_cv + elev + BB + DE",-0.0881183881175419,1.16990562384225,0.915652471531642
954,"Gaur","GAR",2,"ndvi_cv + elev + BB + DE",-0.0519731829428177,1.19410037686095,0.949354327512012
955,"Gaur","GAR",2,"ndvi_cv + elev + BB + DE",0.293213967973093,0.977896779005535,1.34072983718337
956,"Gaur","GAR",2,"ndvi_cv + elev + BB + DE",0.334202800643438,0.864804970501114,1.3968263995052
957,"Gaur","GAR",2,"ndvi_cv + elev + BB + DE",0.32786348309716,0.803110739975698,1.38799956704771
958,"Gaur","GAR",2,"ndvi_cv + elev + BB + DE",0.307465291072609,0.769889110491437,1.35997368280371
959,"Gaur","GAR",2,"ndvi_cv + elev + BB + DE",0.311322912387747,0.746285303453544,1.36523000025473
960,"Gaur","GAR",2,"ndvi_cv + elev + BB + DE",0.300100791711766,0.727324875630889,1.34999487312231
961,"Gaur","GAR",2,"ndvi_cv + elev + BB + DE",0.282932892216143,0.712485379733591,1.32701613196426
962,"Gaur","GAR",2,"ndvi_cv + elev + BB + DE",0.295912253324316,0.698063145035448,1.3443521940954
963,"Gaur","GAR",2,"ndvi_cv + elev + BB + DE",0.317802418100622,0.687832954754209,1.37410475311959
964,"Gaur","GAR",2,"ndvi_cv + elev + BB + DE",0.308674299913173,0.685817025652338,1.36161881892731
965,"Gaur","GAR",2,"ndvi_cv + elev + BB + DE",0.343614383363595,0.677496643407283,1.41003485552563
966,"Gaur","GAR",2,"ndvi_cv + elev + BB + DE",0.35459488559504,0.654105888627493,1.42560304215605
967,"Gaur","GAR",2,"ndvi_cv + elev + BB + DE",0.384134109333624,0.649482800383649,1.46834235219074
968,"Gaur","GAR",2,"ndvi_cv + elev + BB + DE",0.431536401719407,0.643902427303048,1.53962118858916
969,"Gaur","GAR",2,"ndvi_cv + elev + BB + DE",0.513030456443314,0.626243954450088,1.67034545126208
970,"Gaur","GAR",2,"ndvi_cv + elev + BB + DE",0.659822464105022,0.624599352228236,1.93444887118916
971,"Gaur","GAR",2,"ndvi_cv + elev + BB + DE",0.724211229265329,0.615260837680913,2.0631031516536
972,"Gaur","GAR",2,"ndvi_cv + elev + BB + DE",0.513538746950568,0.620105076901451,1.67119467888607
973,"Gaur","GAR",2,"ndvi_cv + elev + BB + DE",0.416899950104485,0.631739889000929,1.51725089973407
974,"Gaur","GAR",2,"ndvi_cv + elev + BB + DE",0.348260029099922,0.627040227743775,1.41660056209539
975,"Gaur","GAR",2,"ndvi_cv + elev + BB + DE",0.27054362907081,0.625351427543343,1.31067679238349
976,"Gaur","GAR",2,"ndvi_cv + elev + BB + DE",0.242073284058434,0.62555469892292,1.27388755272837
977,"Gaur","GAR",2,"ndvi_cv + elev + BB + DE",0.209450102923163,0.613520262660957,1.23299985313514
978,"Gaur","GAR",2,"ndvi_cv + elev + BB + DE",0.173912848878046,0.617833284097776,1.1899518576249
979,"Gaur","GAR",2,"ndvi_cv + elev + BB + DE",0.160719953667525,0.631350085397349,1.17435604867941
980,"Gaur","GAR",2,"ndvi_cv + elev + BB + DE",0.135731850532929,0.648709127479694,1.14537472297472
981,"Gaur","GAR",2,"ndvi_cv + elev + BB + DE",0.126230116800569,0.649327028750138,1.13454321596611
982,"Gaur","GAR",2,"ndvi_cv + elev + BB + DE",0.100289117260216,0.660968319825242,1.10549048829363
983,"Gaur","GAR",2,"ndvi_cv + elev + BB + DE",0.0799391511727967,0.677230519000562,1.08322117802987
984,"Gaur","GAR",2,"ndvi_cv + elev + BB + DE",0.0612713729468412,0.675417994284512,1.06318740698284
985,"Gaur","GAR",2,"ndvi_cv + elev + BB + DE",0.0527930783988825,0.687461172403862,1.05421152218615
986,"Gaur","GAR",2,"ndvi_cv + elev + BB + DE",0.0385812180685284,0.694105296095453,1.03933516021646
987,"Gaur","GAR",2,"ndvi_cv + elev + BB + DE",0.0393406287678411,0.710471725600087,1.04012472735813
988,"Gaur","GAR",2,"ndvi_cv + elev + BB + DE",0.0327655564306352,0.713306561386856,1.03330825837556
989,"Gaur","GAR",2,"ndvi_cv + elev + BB + DE",0.022632308248994,0.707196776370494,1.02289037679672
990,"Gaur","GAR",2,"ndvi_cv + elev + BB + DE",0.0162242988032183,0.715173356401229,1.01635664521654
991,"Gaur","GAR",2,"ndvi_cv + elev + BB + DE",-0.00522671162238146,0.737237130575184,0.994786937128996
992,"Gaur","GAR",2,"ndvi_cv + elev + BB + DE",-0.00202253329848049,0.739817820728157,0.997979538979687
993,"Gaur","GAR",2,"ndvi_cv + elev + BB + DE",-0.00928425053719806,0.758095426282882,0.990758718062214
994,"Gaur","GAR",2,"ndvi_cv + elev + BB + DE",-0.0236291076011974,0.76868179293128,0.976647917088096
995,"Gaur","GAR",2,"ndvi_cv + elev + BB + DE",-0.00846004147224564,0.799349380345425,0.991575647243003
996,"Gaur","GAR",2,"ndvi_cv + elev + BB + DE",-0.00852372928561856,0.81052444430611,0.991512494736529
997,"Gaur","GAR",2,"ndvi_cv + elev + BB + DE",-0.00731798265132331,0.835832390318442,0.992708730086207
998,"Gaur","GAR",2,"ndvi_cv + elev + BB + DE",-0.0191309995497716,0.865342277738723,0.981050836718092
999,"Gaur","GAR",2,"ndvi_cv + elev + BB + DE",-0.0273459364933247,0.925656368079923,0.973024579069839
1000,"Gaur","GAR",2,"ndvi_cv + elev + BB + DE",-0.0583918049702118,0.994972900117296,0.943280440389856
1001,"Gaur","GAR",2,"ndvi_cv + elev + BB + DE",-0.0647172919855842,1.04645729763663,0.93733249584962
1002,"Gaur","GAR",2,"ndvi_cv + elev + BB + DE",-0.0720701017533731,1.07942599754722,0.93046566898144
1003,"Gaur","GAR",2,"ndvi_cv + elev + BB + DE",-0.0615338979514616,1.16648569678858,0.940321079462733
1004,"Gaur","GAR",2,"ndvi_cv + elev + BB + DE",0.298558601449027,0.916077360374554,1.34791456929998
1005,"Gaur","GAR",2,"ndvi_cv + elev + BB + DE",0.282937435110079,0.807076315349809,1.32702214405555
1006,"Gaur","GAR",2,"ndvi_cv + elev + BB + DE",0.283899437455075,0.775359175846812,1.32829935343619
1007,"Gaur","GAR",2,"ndvi_cv + elev + BB + DE",0.278094863428463,0.741209313847444,1.32061146949264
1008,"Gaur","GAR",2,"ndvi_cv + elev + BB + DE",0.279722939808804,0.722218734046875,1.32276327663939
1009,"Gaur","GAR",2,"ndvi_cv + elev + BB + DE",0.278609194310732,0.704110194116866,1.32129091228175
1010,"Gaur","GAR",2,"ndvi_cv + elev + BB + DE",0.284176003584101,0.691811411519922,1.32866676125352
1011,"Gaur","GAR",2,"ndvi_cv + elev + BB + DE",0.299743443672378,0.696697608816603,1.34951253942436
1012,"Gaur","GAR",2,"ndvi_cv + elev + BB + DE",0.299770979515803,0.676237016066963,1.34954969812238
1013,"Gaur","GAR",2,"ndvi_cv + elev + BB + DE",0.31502770406165,0.67426028381509,1.37029728360214
1014,"Gaur","GAR",2,"ndvi_cv + elev + BB + DE",0.321730687366639,0.653721272006133,1.37951325096242
1015,"Gaur","GAR",2,"ndvi_cv + elev + BB + DE",0.369747079736802,0.656055671161106,1.44736849959833
1016,"Gaur","GAR",2,"ndvi_cv + elev + BB + DE",0.390798220990755,0.648300141084045,1.47816022231457
1017,"Gaur","GAR",2,"ndvi_cv + elev + BB + DE",0.454169146919758,0.637939651699228,1.57486439160982
1018,"Gaur","GAR",2,"ndvi_cv + elev + BB + DE",0.498766092486071,0.62634551433686,1.64668818898717
1019,"Gaur","GAR",2,"ndvi_cv + elev + BB + DE",0.491196015670893,0.621250206606712,1.63426967492362
1020,"Gaur","GAR",2,"ndvi_cv + elev + BB + DE",0.452566618019675,0.621932444661411,1.5723426313722
1021,"Gaur","GAR",2,"ndvi_cv + elev + BB + DE",0.380851518945283,0.619693772007758,1.46353028279907
1022,"Gaur","GAR",2,"ndvi_cv + elev + BB + DE",0.307747177836084,0.634209522667826,1.36035703898845
1023,"Gaur","GAR",2,"ndvi_cv + elev + BB + DE",0.270881025855363,0.645380977779901,1.3111190769767
1024,"Gaur","GAR",2,"ndvi_cv + elev + BB + DE",0.234401878693247,0.638681218319603,1.2641524560468
1025,"Gaur","GAR",2,"ndvi_cv + elev + BB + DE",0.208804125209762,0.635926162288987,1.23220367353787
1026,"Gaur","GAR",2,"ndvi_cv + elev + BB + DE",0.188050064897495,0.630343606197105,1.20689394232538
1027,"Gaur","GAR",2,"ndvi_cv + elev + BB + DE",0.156042221385518,0.645272179944085,1.16887556897525
1028,"Gaur","GAR",2,"ndvi_cv + elev + BB + DE",0.13801244109394,0.645311295296899,1.14798984097365
1029,"Gaur","GAR",2,"ndvi_cv + elev + BB + DE",0.127554182208732,0.647528466780568,1.13604642009389
1030,"Gaur","GAR",2,"ndvi_cv + elev + BB + DE",0.0904382643537346,0.659600161782895,1.09465393227776
1031,"Gaur","GAR",2,"ndvi_cv + elev + BB + DE",0.0857687593907727,0.671655538377487,1.08955434996657
1032,"Gaur","GAR",2,"ndvi_cv + elev + BB + DE",0.0582116196818868,0.677956481535268,1.059939277643
1033,"Gaur","GAR",2,"ndvi_cv + elev + BB + DE",0.0674513009808091,0.673235228933525,1.06977816629046
1034,"Gaur","GAR",2,"ndvi_cv + elev + BB + DE",0.0457419847890167,0.688653932841069,1.04680440831023
1035,"Gaur","GAR",2,"ndvi_cv + elev + BB + DE",0.033505602519502,0.691252139747442,1.03407323732347
1036,"Gaur","GAR",2,"ndvi_cv + elev + BB + DE",0.0280925678760358,0.704954655180759,1.02849088648594
1037,"Gaur","GAR",2,"ndvi_cv + elev + BB + DE",0.0317263948227557,0.715076956121975,1.03223504434495
1038,"Gaur","GAR",2,"ndvi_cv + elev + BB + DE",0.00883297094009956,0.723029215497402,1.00887209676426
1039,"Gaur","GAR",2,"ndvi_cv + elev + BB + DE",-0.00442971698210246,0.725515745819042,0.995580286964763
1040,"Gaur","GAR",2,"ndvi_cv + elev + BB + DE",0.00331503370996676,0.737188397885135,1.00332055078216
1041,"Gaur","GAR",2,"ndvi_cv + elev + BB + DE",-0.0259265054177937,0.749625698384597,0.974406703418219
1042,"Gaur","GAR",2,"ndvi_cv + elev + BB + DE",-0.0206971643114171,0.776786040374872,0.979515555475379
1043,"Gaur","GAR",2,"ndvi_cv + elev + BB + DE",-0.0408821494673059,0.803359895308317,0.959942253583984
1044,"Gaur","GAR",2,"ndvi_cv + elev + BB + DE",-0.0412790814578322,0.812342014536233,0.959561296914614
1045,"Gaur","GAR",2,"ndvi_cv + elev + BB + DE",-0.0212720113093294,0.82606937704158,0.97895264354201
1046,"Gaur","GAR",2,"ndvi_cv + elev + BB + DE",-0.0335348677090644,0.847760485146512,0.967021210120189
1047,"Gaur","GAR",2,"ndvi_cv + elev + BB + DE",-0.0406651772339126,0.872723213219192,0.960150896939631
1048,"Gaur","GAR",2,"ndvi_cv + elev + BB + DE",-0.0578417064239229,0.919275527657683,0.943799337079521
1049,"Gaur","GAR",2,"ndvi_cv + elev + BB + DE",-0.0744199680262548,0.984820003268654,0.92828182573348
1050,"Gaur","GAR",2,"ndvi_cv + elev + BB + DE",-0.066478193682905,1.0207620698604,0.935683320254013
1051,"Gaur","GAR",2,"ndvi_cv + elev + BB + DE",-0.0553824211657983,1.12013050158336,0.946123264176189
1052,"Gaur","GAR",2,"ndvi_cv + elev + BB + DE",0.27877512186978,0.832773016251621,1.32151013175418
1053,"Gaur","GAR",2,"ndvi_cv + elev + BB + DE",0.259499655583685,0.761271022874815,1.2962813569174
1054,"Gaur","GAR",2,"ndvi_cv + elev + BB + DE",0.258659859700352,0.747541115146921,1.29519327236084
1055,"Gaur","GAR",2,"ndvi_cv + elev + BB + DE",0.265856381973934,0.736617524169683,1.30454770015828
1056,"Gaur","GAR",2,"ndvi_cv + elev + BB + DE",0.265407953492217,0.703972497281313,1.30396283526499
1057,"Gaur","GAR",2,"ndvi_cv + elev + BB + DE",0.265196372009059,0.695529018973972,1.30368696076764
1058,"Gaur","GAR",2,"ndvi_cv + elev + BB + DE",0.278485112527827,0.699617780283982,1.32112694813261
1059,"Gaur","GAR",2,"ndvi_cv + elev + BB + DE",0.283671278843297,0.695788015851814,1.32799632021704
1060,"Gaur","GAR",2,"ndvi_cv + elev + BB + DE",0.288793145716889,0.661162476653666,1.33481558798151
1061,"Gaur","GAR",2,"ndvi_cv + elev + BB + DE",0.320610899235596,0.663979096017589,1.37796931454295
1062,"Gaur","GAR",2,"ndvi_cv + elev + BB + DE",0.335474608489597,0.655384736824944,1.39860401708865
1063,"Gaur","GAR",2,"ndvi_cv + elev + BB + DE",0.342315475759681,0.643293142724457,1.40820462191416
1064,"Gaur","GAR",2,"ndvi_cv + elev + BB + DE",0.368559633929147,0.633521962367542,1.44565095256727
1065,"Gaur","GAR",2,"ndvi_cv + elev + BB + DE",0.38969762959347,0.632595311430814,1.47653426611284
1066,"Gaur","GAR",2,"ndvi_cv + elev + BB + DE",0.375605309642726,0.612309946846673,1.4558724116615
1067,"Gaur","GAR",2,"ndvi_cv + elev + BB + DE",0.365711529138308,0.62150761329896,1.4415393972496
1068,"Gaur","GAR",2,"ndvi_cv + elev + BB + DE",0.327537079320626,0.613128970366779,1.38754666939649
1069,"Gaur","GAR",2,"ndvi_cv + elev + BB + DE",0.290668934298433,0.625665108717089,1.33732177380564
1070,"Gaur","GAR",2,"ndvi_cv + elev + BB + DE",0.252268774809045,0.632002905704269,1.28694189297236
1071,"Gaur","GAR",2,"ndvi_cv + elev + BB + DE",0.208824011760353,0.634721837326384,1.23222812227242
1072,"Gaur","GAR",2,"ndvi_cv + elev + BB + DE",0.189098683770792,0.64187356293892,1.20816017250926
1073,"Gaur","GAR",2,"ndvi_cv + elev + BB + DE",0.156428464615146,0.63777667111244,1.16932711109305
1074,"Gaur","GAR",2,"ndvi_cv + elev + BB + DE",0.151068232372261,0.645192535325799,1.16307601550357
1075,"Gaur","GAR",2,"ndvi_cv + elev + BB + DE",0.142325726493101,0.643599258197769,1.15295214329771
1076,"Gaur","GAR",2,"ndvi_cv + elev + BB + DE",0.115337718843269,0.650215856708672,1.12225238148399
1077,"Gaur","GAR",2,"ndvi_cv + elev + BB + DE",0.0946017913873816,0.662753311215632,1.09922104946431
1078,"Gaur","GAR",2,"ndvi_cv + elev + BB + DE",0.0709139857071082,0.67090006819692,1.07348889233782
1079,"Gaur","GAR",2,"ndvi_cv + elev + BB + DE",0.0534867505332202,0.680413192817504,1.05494301463577
1080,"Gaur","GAR",2,"ndvi_cv + elev + BB + DE",0.0503364463223281,0.677621285153192,1.05162485276087
1081,"Gaur","GAR",2,"ndvi_cv + elev + BB + DE",0.0210626793691035,0.669975644451691,1.02128611862332
1082,"Gaur","GAR",2,"ndvi_cv + elev + BB + DE",0.0196104787433444,0.689785465260622,1.01980405734251
1083,"Gaur","GAR",2,"ndvi_cv + elev + BB + DE",0.0169438494314582,0.708058749813231,1.01708829186892
1084,"Gaur","GAR",2,"ndvi_cv + elev + BB + DE",-0.000492250284419544,0.713215940410721,0.999507871078542
1085,"Gaur","GAR",2,"ndvi_cv + elev + BB + DE",-0.00926755822484387,0.719871172991137,0.9907752581791
1086,"Gaur","GAR",2,"ndvi_cv + elev + BB + DE",-0.0220481590155953,0.719808018697948,0.978193125214201
1087,"Gaur","GAR",2,"ndvi_cv + elev + BB + DE",-0.0272292169971075,0.733335418270595,0.973138183029592
1088,"Gaur","GAR",2,"ndvi_cv + elev + BB + DE",-0.0197589686968806,0.737368172576962,0.980435401221849
1089,"Gaur","GAR",2,"ndvi_cv + elev + BB + DE",-0.035856627488385,0.760073360658342,0.964778606504117
1090,"Gaur","GAR",2,"ndvi_cv + elev + BB + DE",-0.0376191550513935,0.787348496793117,0.963079673616257
1091,"Gaur","GAR",2,"ndvi_cv + elev + BB + DE",-0.0649918646113739,0.809261439051576,0.937075093163434
1092,"Gaur","GAR",2,"ndvi_cv + elev + BB + DE",-0.0454105964415471,0.819814482227252,0.955605035564216
1093,"Gaur","GAR",2,"ndvi_cv + elev + BB + DE",-0.0417724036844089,0.837714625272308,0.959088055488599
1094,"Gaur","GAR",2,"ndvi_cv + elev + BB + DE",-0.0667208517726961,0.877210683710943,0.935456353598918
1095,"Gaur","GAR",2,"ndvi_cv + elev + BB + DE",-0.0598976623735353,0.910682535537031,0.941860916876116
1096,"Gaur","GAR",2,"ndvi_cv + elev + BB + DE",-0.0705021515812104,0.955727310603872,0.931925903325016
1097,"Gaur","GAR",2,"ndvi_cv + elev + BB + DE",-0.0673724295968516,1.00642852072298,0.934846981006233
1098,"Gaur","GAR",2,"ndvi_cv + elev + BB + DE",-0.0665115064093508,1.11360800329697,0.935652283960665
1099,"Gaur","GAR",2,"ndvi_cv + elev + BB + DE",0.23287132531311,0.856042270918232,1.26221905338758
1100,"Gaur","GAR",2,"ndvi_cv + elev + BB + DE",0.245723095087278,0.774465643713806,1.27854550525978
1101,"Gaur","GAR",2,"ndvi_cv + elev + BB + DE",0.239828374331736,0.746113482324305,1.27103117464754
1102,"Gaur","GAR",2,"ndvi_cv + elev + BB + DE",0.244716679175188,0.729410693589985,1.2772593921806
1103,"Gaur","GAR",2,"ndvi_cv + elev + BB + DE",0.235686048077217,0.705511750287202,1.26577685678501
1104,"Gaur","GAR",2,"ndvi_cv + elev + BB + DE",0.241967834509601,0.694821536263438,1.27375333490531
1105,"Gaur","GAR",2,"ndvi_cv + elev + BB + DE",0.257060578888236,0.686026210396473,1.29312347570215
1106,"Gaur","GAR",2,"ndvi_cv + elev + BB + DE",0.252722253864612,0.678072022431481,1.28752562335384
1107,"Gaur","GAR",2,"ndvi_cv + elev + BB + DE",0.250051104633442,0.676179720502203,1.28409107890089
1108,"Gaur","GAR",2,"ndvi_cv + elev + BB + DE",0.25248214955273,0.662284141811999,1.28721656748622
1109,"Gaur","GAR",2,"ndvi_cv + elev + BB + DE",0.275825942332876,0.650278846273203,1.31761851020916
1110,"Gaur","GAR",2,"ndvi_cv + elev + BB + DE",0.267214048077597,0.643863535101239,1.30632003211248
1111,"Gaur","GAR",2,"ndvi_cv + elev + BB + DE",0.289517100710863,0.639633769768896,1.33578228394154
1112,"Gaur","GAR",2,"ndvi_cv + elev + BB + DE",0.296116730971355,0.643256119467819,1.34462710823518
1113,"Gaur","GAR",2,"ndvi_cv + elev + BB + DE",0.312087645479497,0.621820906123133,1.36627443570425
1114,"Gaur","GAR",2,"ndvi_cv + elev + BB + DE",0.292049112319989,0.626483792782351,1.33916880583198
1115,"Gaur","GAR",2,"ndvi_cv + elev + BB + DE",0.276934978826574,0.618979439220168,1.3190806488377
1116,"Gaur","GAR",2,"ndvi_cv + elev + BB + DE",0.265129737065133,0.619936414826363,1.30360016779509
1117,"Gaur","GAR",2,"ndvi_cv + elev + BB + DE",0.237695766976335,0.627851810436519,1.26832327253479
1118,"Gaur","GAR",2,"ndvi_cv + elev + BB + DE",0.212654514785339,0.643416377388287,1.23695722852093
1119,"Gaur","GAR",2,"ndvi_cv + elev + BB + DE",0.183825088496331,0.637197342887354,1.20180562018421
1120,"Gaur","GAR",2,"ndvi_cv + elev + BB + DE",0.165871550273086,0.646332777285107,1.18042162923836
1121,"Gaur","GAR",2,"ndvi_cv + elev + BB + DE",0.150523829718688,0.648304340936203,1.16244305585672
1122,"Gaur","GAR",2,"ndvi_cv + elev + BB + DE",0.119979306748612,0.651053889302883,1.12747352025726
1123,"Gaur","GAR",2,"ndvi_cv + elev + BB + DE",0.102328840676353,0.658023588283917,1.10774770795243
1124,"Gaur","GAR",2,"ndvi_cv + elev + BB + DE",0.0829806512831471,0.655150633944749,1.08652078965524
1125,"Gaur","GAR",2,"ndvi_cv + elev + BB + DE",0.0757268235677662,0.661217546534669,1.07866789287406
1126,"Gaur","GAR",2,"ndvi_cv + elev + BB + DE",0.0585137483818075,0.668664997698438,1.06025960927592
1127,"Gaur","GAR",2,"ndvi_cv + elev + BB + DE",0.032513838844387,0.666253788078325,1.0330482006358
1128,"Gaur","GAR",2,"ndvi_cv + elev + BB + DE",0.0309103074340332,0.682006456938647,1.03139304207448
1129,"Gaur","GAR",2,"ndvi_cv + elev + BB + DE",-0.00449687157289628,0.695651412501136,0.995513226549411
1130,"Gaur","GAR",2,"ndvi_cv + elev + BB + DE",0.00172609745269855,0.698476193384522,1.0017275884354
1131,"Gaur","GAR",2,"ndvi_cv + elev + BB + DE",-0.00903740177538224,0.695553300042227,0.991003319217379
1132,"Gaur","GAR",2,"ndvi_cv + elev + BB + DE",-0.0305709515324285,0.713706939763369,0.969891618258479
1133,"Gaur","GAR",2,"ndvi_cv + elev + BB + DE",-0.0239136727089349,0.717975102100105,0.976369994005698
1134,"Gaur","GAR",2,"ndvi_cv + elev + BB + DE",-0.0203233609296804,0.730267144083091,0.979881767057041
1135,"Gaur","GAR",2,"ndvi_cv + elev + BB + DE",-0.036830913102731,0.75022197326991,0.963839113622613
1136,"Gaur","GAR",2,"ndvi_cv + elev + BB + DE",-0.0450848986269313,0.760433379356099,0.955916322528592
1137,"Gaur","GAR",2,"ndvi_cv + elev + BB + DE",-0.0414184012449908,0.781797934306182,0.959427623523224
1138,"Gaur","GAR",2,"ndvi_cv + elev + BB + DE",-0.0591623161522008,0.795985959579256,0.942553797252856
1139,"Gaur","GAR",2,"ndvi_cv + elev + BB + DE",-0.0584651270653384,0.819637738601476,0.943211151272752
1140,"Gaur","GAR",2,"ndvi_cv + elev + BB + DE",-0.0682191857955835,0.839838659527148,0.934055719410485
1141,"Gaur","GAR",2,"ndvi_cv + elev + BB + DE",-0.0669517224137022,0.854321509748884,0.935240361519603
1142,"Gaur","GAR",2,"ndvi_cv + elev + BB + DE",-0.0600883332068093,0.885157371723087,0.941681380046171
1143,"Gaur","GAR",2,"ndvi_cv + elev + BB + DE",-0.0400594026998256,0.933838270289522,0.960732424690249
1144,"Gaur","GAR",2,"ndvi_cv + elev + BB + DE",-0.0412540781202184,1.02896164798405,0.959585290527703
1145,"Gaur","GAR",2,"ndvi_cv + elev + BB + DE",-0.0807321665416335,1.2241659942816,0.922440739182983
1146,"Gaur","GAR",2,"ndvi_cv + elev + BB + DE",0.203581542828915,1.03696136513912,1.22578511193234
1147,"Gaur","GAR",2,"ndvi_cv + elev + BB + DE",0.214621127258309,0.872651083163972,1.23939223899443
1148,"Gaur","GAR",2,"ndvi_cv + elev + BB + DE",0.211541414447161,0.783830479452803,1.23558113596818
1149,"Gaur","GAR",2,"ndvi_cv + elev + BB + DE",0.213369187521132,0.755596983798867,1.23784161241688
1150,"Gaur","GAR",2,"ndvi_cv + elev + BB + DE",0.230401653162648,0.72872487875131,1.25910563214053
1151,"Gaur","GAR",2,"ndvi_cv + elev + BB + DE",0.226253266409309,0.711251326180894,1.25389319461852
1152,"Gaur","GAR",2,"ndvi_cv + elev + BB + DE",0.222578932791599,0.692204682299831,1.24929442844094
1153,"Gaur","GAR",2,"ndvi_cv + elev + BB + DE",0.224180134598923,0.687873260619187,1.25129648838688
1154,"Gaur","GAR",2,"ndvi_cv + elev + BB + DE",0.208565751648069,0.678996617027845,1.23190992753891
1155,"Gaur","GAR",2,"ndvi_cv + elev + BB + DE",0.225291356532178,0.67059262038717,1.25268765207846
1156,"Gaur","GAR",2,"ndvi_cv + elev + BB + DE",0.231690846432824,0.660391991890528,1.2607299457091
1157,"Gaur","GAR",2,"ndvi_cv + elev + BB + DE",0.205014453679809,0.640235901402289,1.22754280858246
1158,"Gaur","GAR",2,"ndvi_cv + elev + BB + DE",0.189634606797022,0.631177013393793,1.20880782686029
1159,"Gaur","GAR",2,"ndvi_cv + elev + BB + DE",0.210513631873074,0.634561753496201,1.23431188329349
1160,"Gaur","GAR",2,"ndvi_cv + elev + BB + DE",0.244017645443772,0.635637210448697,1.27636686683691
1161,"Gaur","GAR",2,"ndvi_cv + elev + BB + DE",0.246082919547638,0.635555278133541,1.27900569286817
1162,"Gaur","GAR",2,"ndvi_cv + elev + BB + DE",0.246597091261587,0.641979024103945,1.27966342902674
1163,"Gaur","GAR",2,"ndvi_cv + elev + BB + DE",0.23984644260298,0.624438983511203,1.27105397199381
1164,"Gaur","GAR",2,"ndvi_cv + elev + BB + DE",0.254815499333512,0.609687459035998,1.2902235522511
1165,"Gaur","GAR",2,"ndvi_cv + elev + BB + DE",0.231558694333061,0.605335124735109,1.26056331487316
1166,"Gaur","GAR",2,"ndvi_cv + elev + BB + DE",0.201748668858307,0.636472674422986,1.22354046309881
1167,"Gaur","GAR",2,"ndvi_cv + elev + BB + DE",0.175532595667341,0.640869652401494,1.19188083834508
1168,"Gaur","GAR",2,"ndvi_cv + elev + BB + DE",0.143201129259279,0.652919157985645,1.15396188315928
1169,"Gaur","GAR",2,"ndvi_cv + elev + BB + DE",0.150457811716205,0.644547625471776,1.16236627973702
1170,"Gaur","GAR",2,"ndvi_cv + elev + BB + DE",0.122842911153686,0.64678573876047,1.13070678558009
1171,"Gaur","GAR",2,"ndvi_cv + elev + BB + DE",0.0943221208255061,0.660376630735699,1.09891367224702
1172,"Gaur","GAR",2,"ndvi_cv + elev + BB + DE",0.0780523365678526,0.661127248145961,1.08117925177321
1173,"Gaur","GAR",2,"ndvi_cv + elev + BB + DE",0.0831500997849789,0.660742355743522,1.08670491049823
1174,"Gaur","GAR",2,"ndvi_cv + elev + BB + DE",0.0395877784054702,0.669416927478775,1.04038182825201
1175,"Gaur","GAR",2,"ndvi_cv + elev + BB + DE",0.013621182086455,0.664687296770337,1.01371438077647
1176,"Gaur","GAR",2,"ndvi_cv + elev + BB + DE",0.0135266212548624,0.673788703401439,1.01361852141991
1177,"Gaur","GAR",2,"ndvi_cv + elev + BB + DE",-0.0138821332621442,0.689355837227929,0.986213792803305
1178,"Gaur","GAR",2,"ndvi_cv + elev + BB + DE",-0.0191631577037577,0.691455263104965,0.981019289074511
1179,"Gaur","GAR",2,"ndvi_cv + elev + BB + DE",-0.0175397117213177,0.710700160300657,0.982613225543129
1180,"Gaur","GAR",2,"ndvi_cv + elev + BB + DE",-0.0248486201253869,0.712614648324615,0.975457565513189
1181,"Gaur","GAR",2,"ndvi_cv + elev + BB + DE",-0.0322989898779036,0.717947729329598,0.968217060733715
1182,"Gaur","GAR",2,"ndvi_cv + elev + BB + DE",-0.0414968813486028,0.733996109005064,0.959352327366087
1183,"Gaur","GAR",2,"ndvi_cv + elev + BB + DE",-0.0424615394171506,0.746569734941075,0.958427326557541
1184,"Gaur","GAR",2,"ndvi_cv + elev + BB + DE",-0.0654658793584752,0.761205200108619,0.936631006650514
1185,"Gaur","GAR",2,"ndvi_cv + elev + BB + DE",-0.0561124911892035,0.778378839230496,0.945432792621077
1186,"Gaur","GAR",2,"ndvi_cv + elev + BB + DE",-0.0601645851518853,0.786691654453472,0.941609607011175
1187,"Gaur","GAR",2,"ndvi_cv + elev + BB + DE",-0.0604201229009706,0.817276958282693,0.941369083408041
1188,"Gaur","GAR",2,"ndvi_cv + elev + BB + DE",-0.0635284370161799,0.828910188260408,0.93844743731018
1189,"Gaur","GAR",2,"ndvi_cv + elev + BB + DE",-0.0799070615121436,0.850139271007957,0.923202145615401
1190,"Gaur","GAR",2,"ndvi_cv + elev + BB + DE",-0.0623951288247371,0.861631858506699,0.939511592095994
1191,"Gaur","GAR",2,"ndvi_cv + elev + BB + DE",-0.0469087767157987,0.922732567363518,0.954174436578097
1192,"Gaur","GAR",2,"ndvi_cv + elev + BB + DE",0.211543168212208,0.842487083158212,1.23558331116625
1193,"Gaur","GAR",2,"ndvi_cv + elev + BB + DE",0.2114602629639,0.786937452882647,1.2354812837291
1194,"Gaur","GAR",2,"ndvi_cv + elev + BB + DE",0.19948082712219,0.757087155580148,1.22076881705991
1195,"Gaur","GAR",2,"ndvi_cv + elev + BB + DE",0.20821557066227,0.737285548547929,1.23147861543246
1196,"Gaur","GAR",2,"ndvi_cv + elev + BB + DE",0.185781008521942,0.710761152519639,1.20415855028493
1197,"Gaur","GAR",2,"ndvi_cv + elev + BB + DE",0.190184757699015,0.693194184722055,1.20947303647087
1198,"Gaur","GAR",2,"ndvi_cv + elev + BB + DE",0.19618441030067,0.685872363267302,1.21675126934349
1199,"Gaur","GAR",2,"ndvi_cv + elev + BB + DE",0.194792756773123,0.685506753151098,1.21505923402987
1200,"Gaur","GAR",2,"ndvi_cv + elev + BB + DE",0.190963730104019,0.671556920149592,1.21041555078649
1201,"Gaur","GAR",2,"ndvi_cv + elev + BB + DE",0.185723126146599,0.664758635026734,1.20408884207944
1202,"Gaur","GAR",2,"ndvi_cv + elev + BB + DE",0.152050302655888,0.650371611970048,1.16421880084294
1203,"Gaur","GAR",2,"ndvi_cv + elev + BB + DE",0.0248055848901142,0.580987143569271,1.02511580532858
1204,"Gaur","GAR",2,"ndvi_cv + elev + BB + DE",0.157955170945348,0.629777787423448,1.17111369572811
1205,"Gaur","GAR",2,"ndvi_cv + elev + BB + DE",0.184360002903881,0.629415785954711,1.20244863107418
1206,"Gaur","GAR",2,"ndvi_cv + elev + BB + DE",0.212213997329774,0.639503578233788,1.23641244684723
1207,"Gaur","GAR",2,"ndvi_cv + elev + BB + DE",0.221842879535088,0.626540947743531,1.24837523561332
1208,"Gaur","GAR",2,"ndvi_cv + elev + BB + DE",0.221660627772735,0.626236302100679,1.24814772368534
1209,"Gaur","GAR",2,"ndvi_cv + elev + BB + DE",0.220996367162601,0.60615035840145,1.24731890794336
1210,"Gaur","GAR",2,"ndvi_cv + elev + BB + DE",0.20526762821835,0.602477898149919,1.22785362963424
1211,"Gaur","GAR",2,"ndvi_cv + elev + BB + DE",0.194987960208855,0.630382407421174,1.21529644781661
1212,"Gaur","GAR",2,"ndvi_cv + elev + BB + DE",0.174712591781865,0.635679636453481,1.19090390846322
1213,"Gaur","GAR",2,"ndvi_cv + elev + BB + DE",0.158903777975895,0.634395606322885,1.17222515860099
1214,"Gaur","GAR",2,"ndvi_cv + elev + BB + DE",0.132035880923102,0.631630122050325,1.14114926667612
1215,"Gaur","GAR",2,"ndvi_cv + elev + BB + DE",0.121288550958599,0.647385119576876,1.12895062668089
1216,"Gaur","GAR",2,"ndvi_cv + elev + BB + DE",0.0799708825710313,0.64548472774261,1.08325552567844
1217,"Gaur","GAR",2,"ndvi_cv + elev + BB + DE",0.0673690390280889,0.658295159690074,1.06969017386301
1218,"Gaur","GAR",2,"ndvi_cv + elev + BB + DE",0.0373730889679028,0.658016283251439,1.03808032513687
1219,"Gaur","GAR",2,"ndvi_cv + elev + BB + DE",0.0372482630054651,0.671452558059631,1.03795067577079
1220,"Gaur","GAR",2,"ndvi_cv + elev + BB + DE",0.0114983000213312,0.667791471054877,1.01156466028543
1221,"Gaur","GAR",2,"ndvi_cv + elev + BB + DE",-0.00544279189352657,0.680789998563027,0.99457199335828
1222,"Gaur","GAR",2,"ndvi_cv + elev + BB + DE",-0.0285971470360824,0.680376437941999,0.971807885267876
1223,"Gaur","GAR",2,"ndvi_cv + elev + BB + DE",-0.0388587713086382,0.697661466119072,0.961886566944181
1224,"Gaur","GAR",2,"ndvi_cv + elev + BB + DE",-0.0313426825876628,0.698191911753978,0.969143407595896
1225,"Gaur","GAR",2,"ndvi_cv + elev + BB + DE",-0.0590132508822711,0.712956421601539,0.942694291761099
1226,"Gaur","GAR",2,"ndvi_cv + elev + BB + DE",-0.0621383388504091,0.714342200004055,0.939752873521931
1227,"Gaur","GAR",2,"ndvi_cv + elev + BB + DE",-0.0409958446582972,0.736649280027801,0.959833127245491
1228,"Gaur","GAR",2,"ndvi_cv + elev + BB + DE",-0.0597603898210481,0.733527096681081,0.941990230004832
1229,"Gaur","GAR",2,"ndvi_cv + elev + BB + DE",-0.0517124387936681,0.756887386200808,0.949601911892494
1230,"Gaur","GAR",2,"ndvi_cv + elev + BB + DE",-0.0654701779897614,0.774742780966049,0.936626987456025
1231,"Gaur","GAR",2,"ndvi_cv + elev + BB + DE",-0.0691410428118013,0.7854267636802,0.933195067957072
1232,"Gaur","GAR",2,"ndvi_cv + elev + BB + DE",-0.0821800401572522,0.796664051173502,0.921106212597886
1233,"Gaur","GAR",2,"ndvi_cv + elev + BB + DE",-0.0783807649466332,0.825841107550521,0.924612312832393
1234,"Gaur","GAR",2,"ndvi_cv + elev + BB + DE",-0.0734091887358694,0.835498115870338,0.929220529446615
1235,"Gaur","GAR",2,"ndvi_cv + elev + BB + DE",-0.0879962089516273,0.862365743373901,0.915764349006615
1236,"Gaur","GAR",2,"ndvi_cv + elev + BB + DE",-0.0915312677733455,0.917482078030724,0.912532783551766
1237,"Gaur","GAR",2,"ndvi_cv + elev + BB + DE",-0.111829237058461,1.04681883513541,0.894197149768635
1238,"Gaur","GAR",2,"ndvi_cv + elev + BB + DE",0.170548466085872,1.00820521636361,1.18595512951083
1239,"Gaur","GAR",2,"ndvi_cv + elev + BB + DE",0.18839713449188,0.861366094001301,1.20731288859221
1240,"Gaur","GAR",2,"ndvi_cv + elev + BB + DE",0.180310157231082,0.795387543996823,1.19758875087797
1241,"Gaur","GAR",2,"ndvi_cv + elev + BB + DE",0.184051086855463,0.747720922255487,1.20207723772257
1242,"Gaur","GAR",2,"ndvi_cv + elev + BB + DE",0.182974946901624,0.730884361724294,1.2007844054865
1243,"Gaur","GAR",2,"ndvi_cv + elev + BB + DE",0.1850279503836,0.699253778059874,1.20325207795014
1244,"Gaur","GAR",2,"ndvi_cv + elev + BB + DE",0.181120281790741,0.696645321344438,1.19855933939443
1245,"Gaur","GAR",2,"ndvi_cv + elev + BB + DE",0.173696188818177,0.692092870386571,1.18969408229542
1246,"Gaur","GAR",2,"ndvi_cv + elev + BB + DE",0.184401260275718,0.68962481001034,1.20249824251454
1247,"Gaur","GAR",2,"ndvi_cv + elev + BB + DE",0.175474876969585,0.67666063272705,1.19181205738467
1248,"Gaur","GAR",2,"ndvi_cv + elev + BB + DE",0.178406146944688,0.657193107576726,1.19531069481205
1249,"Gaur","GAR",2,"ndvi_cv + elev + BB + DE",0.139027381833331,0.645590944643287,1.14915556990611
1250,"Gaur","GAR",2,"ndvi_cv + elev + BB + DE",0.132233824102173,0.646014598734437,1.14137518985744
1251,"Gaur","GAR",2,"ndvi_cv + elev + BB + DE",0.140004586551769,0.644148942475007,1.1502790779339
1252,"Gaur","GAR",2,"ndvi_cv + elev + BB + DE",0.182965839139113,0.640968627065879,1.20077341413246
1253,"Gaur","GAR",2,"ndvi_cv + elev + BB + DE",0.183670967183565,0.644814896687982,1.201620386436
1254,"Gaur","GAR",2,"ndvi_cv + elev + BB + DE",0.189156001747388,0.637832444899554,1.20822950799252
1255,"Gaur","GAR",2,"ndvi_cv + elev + BB + DE",0.201583151879111,0.634322597294715,1.22333797909446
1256,"Gaur","GAR",2,"ndvi_cv + elev + BB + DE",0.20969162686787,0.62585127827386,1.23329786307165
1257,"Gaur","GAR",2,"ndvi_cv + elev + BB + DE",0.199602556816615,0.625850178101214,1.2209174904922
1258,"Gaur","GAR",2,"ndvi_cv + elev + BB + DE",0.183050961599671,0.62437088337403,1.20087560588985
1259,"Gaur","GAR",2,"ndvi_cv + elev + BB + DE",0.159439738347656,0.62714625154386,1.17285358220644
1260,"Gaur","GAR",2,"ndvi_cv + elev + BB + DE",0.142023064853306,0.637383775885902,1.15260323614728
1261,"Gaur","GAR",2,"ndvi_cv + elev + BB + DE",0.126477275198907,0.643014512132237,1.13482367386359
1262,"Gaur","GAR",2,"ndvi_cv + elev + BB + DE",0.0870952900256217,0.634294136244193,1.09100064794072
1263,"Gaur","GAR",2,"ndvi_cv + elev + BB + DE",0.0665742925574383,0.657020754726241,1.06884037139492
1264,"Gaur","GAR",2,"ndvi_cv + elev + BB + DE",0.0525069320911672,0.654497356176977,1.05390986861557
1265,"Gaur","GAR",2,"ndvi_cv + elev + BB + DE",0.0312130694749644,0.663588748787621,1.03170530623603
1266,"Gaur","GAR",2,"ndvi_cv + elev + BB + DE",0.0141664694334294,0.665565647797604,1.01426733894096
1267,"Gaur","GAR",2,"ndvi_cv + elev + BB + DE",-0.00289411647581122,0.677128951346576,0.997110072562035
1268,"Gaur","GAR",2,"ndvi_cv + elev + BB + DE",-0.00991304266110015,0.674622919470406,0.990135929978908
1269,"Gaur","GAR",2,"ndvi_cv + elev + BB + DE",-0.0366736657576419,0.684288794824519,0.96399066718925
1270,"Gaur","GAR",2,"ndvi_cv + elev + BB + DE",-0.036560645712004,0.69647733971962,0.964099624241579
1271,"Gaur","GAR",2,"ndvi_cv + elev + BB + DE",-0.0386150910630205,0.69295604469747,0.962120966877309
1272,"Gaur","GAR",2,"ndvi_cv + elev + BB + DE",-0.0514037305570689,0.697033799502668,0.94989520322646
1273,"Gaur","GAR",2,"ndvi_cv + elev + BB + DE",-0.0633105259756103,0.703695581899143,0.938651954360391
1274,"Gaur","GAR",2,"ndvi_cv + elev + BB + DE",-0.0639971874714976,0.724745829326786,0.9380076400149
1275,"Gaur","GAR",2,"ndvi_cv + elev + BB + DE",-0.0733129108181415,0.725104254664174,0.929309994755982
1276,"Gaur","GAR",2,"ndvi_cv + elev + BB + DE",-0.0775402622445744,0.740723339873862,0.92538995491748
1277,"Gaur","GAR",2,"ndvi_cv + elev + BB + DE",-0.0701360351911884,0.766586398691123,0.932267012268111
1278,"Gaur","GAR",2,"ndvi_cv + elev + BB + DE",-0.0827256433396674,0.790296576231483,0.92060368950189
1279,"Gaur","GAR",2,"ndvi_cv + elev + BB + DE",-0.0904916710933417,0.794649513731871,0.913481942783301
1280,"Gaur","GAR",2,"ndvi_cv + elev + BB + DE",-0.0768801950009864,0.799092914668685,0.926000796743647
1281,"Gaur","GAR",2,"ndvi_cv + elev + BB + DE",-0.0804449330710947,0.819797176010825,0.922705786771328
1282,"Gaur","GAR",2,"ndvi_cv + elev + BB + DE",-0.0926691958634849,0.865460291548108,0.911494976903179
1283,"Gaur","GAR",2,"ndvi_cv + elev + BB + DE",-0.103870225814055,0.90154924019969,0.901342267493185
1284,"Gaur","GAR",2,"ndvi_cv + elev + BB + DE",-0.084594256694745,1.01184488248703,0.918885061206203
1285,"Gaur","GAR",2,"ndvi_cv + elev + BB + DE",0.176881787055161,1.00936736786765,1.1934900033158
1286,"Gaur","GAR",2,"ndvi_cv + elev + BB + DE",0.180174669805028,0.864399479198471,1.19742650013009
1287,"Gaur","GAR",2,"ndvi_cv + elev + BB + DE",0.190038871861933,0.801834067507915,1.20929660487164
1288,"Gaur","GAR",2,"ndvi_cv + elev + BB + DE",0.187339984640762,0.770964865981529,1.20603724957654
1289,"Gaur","GAR",2,"ndvi_cv + elev + BB + DE",0.159578613592696,0.738272268235314,1.17301648361515
1290,"Gaur","GAR",2,"ndvi_cv + elev + BB + DE",0.170718138682302,0.722762121708927,1.1861563730837
1291,"Gaur","GAR",2,"ndvi_cv + elev + BB + DE",0.165388143201102,0.70609622793773,1.17985098876983
1292,"Gaur","GAR",2,"ndvi_cv + elev + BB + DE",0.162603883815519,0.688408813478407,1.17657054411744
1293,"Gaur","GAR",2,"ndvi_cv + elev + BB + DE",0.149907432695571,0.689128186463872,1.16172670987641
1294,"Gaur","GAR",2,"ndvi_cv + elev + BB + DE",0.144392269263908,0.677232103412338,1.15533724668509
1295,"Gaur","GAR",2,"ndvi_cv + elev + BB + DE",0.143081341622831,0.655051951054187,1.1538236900584
1296,"Gaur","GAR",2,"ndvi_cv + elev + BB + DE",0.129754994108835,0.657169372493301,1.13854940231634
1297,"Gaur","GAR",2,"ndvi_cv + elev + BB + DE",0.125241777320637,0.651560709904389,1.13342245624479
1298,"Gaur","GAR",2,"ndvi_cv + elev + BB + DE",0.14190459016281,0.651894465742636,1.15246668977222
1299,"Gaur","GAR",2,"ndvi_cv + elev + BB + DE",0.133936711564001,0.643862704178525,1.14332047065693
1300,"Gaur","GAR",2,"ndvi_cv + elev + BB + DE",0.146405389931081,0.644943129972409,1.15766539923009
1301,"Gaur","GAR",2,"ndvi_cv + elev + BB + DE",0.17409976787595,0.645032741586727,1.19017432022615
1302,"Gaur","GAR",2,"ndvi_cv + elev + BB + DE",0.183158847876387,0.626630643562729,1.2010051792582
1303,"Gaur","GAR",2,"ndvi_cv + elev + BB + DE",0.185650089524868,0.62801088476502,1.20400092041954
1304,"Gaur","GAR",2,"ndvi_cv + elev + BB + DE",0.181718246558758,0.632295745877766,1.19927624728618
1305,"Gaur","GAR",2,"ndvi_cv + elev + BB + DE",0.171396210965781,0.626268791691349,1.1869609491704
1306,"Gaur","GAR",2,"ndvi_cv + elev + BB + DE",0.164490290260044,0.628139481020025,1.17879213006263
1307,"Gaur","GAR",2,"ndvi_cv + elev + BB + DE",0.140843571685347,0.635570580653545,1.15124455926764
1308,"Gaur","GAR",2,"ndvi_cv + elev + BB + DE",0.100210385266739,0.629674281613097,1.10540345932361
1309,"Gaur","GAR",2,"ndvi_cv + elev + BB + DE",0.0853952115212395,0.642819010643935,1.08914742724531
1310,"Gaur","GAR",2,"ndvi_cv + elev + BB + DE",0.0402663617921873,0.646555595098923,1.04108804763538
1311,"Gaur","GAR",2,"ndvi_cv + elev + BB + DE",0.040841569517228,0.647779384327018,1.04168706194854
1312,"Gaur","GAR",2,"ndvi_cv + elev + BB + DE",0.0149668015592818,0.659524111618271,1.0150793702173
1313,"Gaur","GAR",2,"ndvi_cv + elev + BB + DE",-0.00814132627146109,0.653195137454439,0.991891724765019
1314,"Gaur","GAR",2,"ndvi_cv + elev + BB + DE",-0.0129568369917481,0.663216869070282,0.987126742774856
1315,"Gaur","GAR",2,"ndvi_cv + elev + BB + DE",-0.0386122638390864,0.676984940488069,0.962123691824084
1316,"Gaur","GAR",2,"ndvi_cv + elev + BB + DE",-0.0510191267491604,0.680130613555243,0.95026049660451
1317,"Gaur","GAR",2,"ndvi_cv + elev + BB + DE",-0.0633610743242879,0.690374676843198,0.938604519576092
1318,"Gaur","GAR",2,"ndvi_cv + elev + BB + DE",-0.0593550992729838,0.697245570416713,0.94237207733991
1319,"Gaur","GAR",2,"ndvi_cv + elev + BB + DE",-0.0681298694506646,0.708095780988206,0.934139154468965
1320,"Gaur","GAR",2,"ndvi_cv + elev + BB + DE",-0.068055738527818,0.703248248825105,0.934208423166269
1321,"Gaur","GAR",2,"ndvi_cv + elev + BB + DE",-0.0825446787766157,0.705833944227392,0.920770322892565
1322,"Gaur","GAR",2,"ndvi_cv + elev + BB + DE",-0.066834142113903,0.731121649905401,0.935350374270506
1323,"Gaur","GAR",2,"ndvi_cv + elev + BB + DE",-0.0895149387162531,0.741195313717937,0.914374732537879
1324,"Gaur","GAR",2,"ndvi_cv + elev + BB + DE",-0.0765614862410485,0.767183020314126,0.926295989649718
1325,"Gaur","GAR",2,"ndvi_cv + elev + BB + DE",-0.0899780415671487,0.775024713223245,0.913951258911568
1326,"Gaur","GAR",2,"ndvi_cv + elev + BB + DE",-0.086971882989706,0.788918331130325,0.91670287035057
1327,"Gaur","GAR",2,"ndvi_cv + elev + BB + DE",-0.0803343945679542,0.809616343444496,0.922807720124138
1328,"Gaur","GAR",2,"ndvi_cv + elev + BB + DE",-0.0864464465881101,0.826696942886487,0.917184668622665
1329,"Gaur","GAR",2,"ndvi_cv + elev + BB + DE",-0.082182104127619,0.860551582689939,0.921104234997048
1330,"Gaur","GAR",2,"ndvi_cv + elev + BB + DE",-0.100185421460714,0.899607160808538,0.904669667804567
1331,"Gaur","GAR",2,"ndvi_cv + elev + BB + DE",-0.0911981901592455,0.997798463591941,0.912836794836469
1332,"Gaur","GAR",2,"ndvi_cv + elev + BB + DE",0.167432873418994,0.917902719125378,1.18226592622105
1333,"Gaur","GAR",2,"ndvi_cv + elev + BB + DE",0.170312167449531,0.829358117852679,1.18567493347054
1334,"Gaur","GAR",2,"ndvi_cv + elev + BB + DE",0.149335747941868,0.765318784914444,1.16106287020876
1335,"Gaur","GAR",2,"ndvi_cv + elev + BB + DE",0.152883043156833,0.734118114186263,1.16518869421328
1336,"Gaur","GAR",2,"ndvi_cv + elev + BB + DE",0.141715635350949,0.719114450198395,1.15224903177949
1337,"Gaur","GAR",2,"ndvi_cv + elev + BB + DE",0.168888403912756,0.707369873787492,1.18398800358033
1338,"Gaur","GAR",2,"ndvi_cv + elev + BB + DE",0.142340516649441,0.696612054282809,1.15296918694623
1339,"Gaur","GAR",2,"ndvi_cv + elev + BB + DE",0.13227867717766,0.693064129234883,1.1414263663634
1340,"Gaur","GAR",2,"ndvi_cv + elev + BB + DE",0.130611441193084,0.674784919285866,1.13952499607743
1341,"Gaur","GAR",2,"ndvi_cv + elev + BB + DE",0.127539726576532,0.677822471892782,1.13603003444415
1342,"Gaur","GAR",2,"ndvi_cv + elev + BB + DE",0.124165219313624,0.671637831687045,1.13220301373095
1343,"Gaur","GAR",2,"ndvi_cv + elev + BB + DE",0.106712808944811,0.658733953545621,1.11261473263128
1344,"Gaur","GAR",2,"ndvi_cv + elev + BB + DE",0.129713168303269,0.650527158153187,1.13850178759982
1345,"Gaur","GAR",2,"ndvi_cv + elev + BB + DE",0.123373857532737,0.647303818713028,1.13130729185648
1346,"Gaur","GAR",2,"ndvi_cv + elev + BB + DE",0.132756766259804,0.648095283727235,1.14197221337601
1347,"Gaur","GAR",2,"ndvi_cv + elev + BB + DE",0.14605380474266,0.64287207072034,1.15725845469038
1348,"Gaur","GAR",2,"ndvi_cv + elev + BB + DE",0.178608108319994,0.635419893543988,1.19555212548587
1349,"Gaur","GAR",2,"ndvi_cv + elev + BB + DE",0.176831598607618,0.635759155612567,1.19343022788059
1350,"Gaur","GAR",2,"ndvi_cv + elev + BB + DE",0.191360927795664,0.623371579158238,1.21089643091871
1351,"Gaur","GAR",2,"ndvi_cv + elev + BB + DE",0.177089871869509,0.630842845843192,1.19373837450195
1352,"Gaur","GAR",2,"ndvi_cv + elev + BB + DE",0.180736344059571,0.628884177626371,1.19809925696297
1353,"Gaur","GAR",2,"ndvi_cv + elev + BB + DE",0.133848902720945,0.633309810097438,1.14322007035763
1354,"Gaur","GAR",2,"ndvi_cv + elev + BB + DE",0.115791084685714,0.633141747313576,1.12276128560709
1355,"Gaur","GAR",2,"ndvi_cv + elev + BB + DE",0.0848808314943436,0.634684278343706,1.08858733984234
1356,"Gaur","GAR",2,"ndvi_cv + elev + BB + DE",0.0497234473051584,0.63590789716189,1.05098040952666
1357,"Gaur","GAR",2,"ndvi_cv + elev + BB + DE",0.0218763982483237,0.636170323121494,1.02211745308788
1358,"Gaur","GAR",2,"ndvi_cv + elev + BB + DE",-0.0257125328946501,0.65700845054284,0.974615231304952
1359,"Gaur","GAR",2,"ndvi_cv + elev + BB + DE",-0.0404036903069163,0.675201069682075,0.960401656070374
1360,"Gaur","GAR",2,"ndvi_cv + elev + BB + DE",-0.0402939972330021,0.667517491506181,0.960507011545191
1361,"Gaur","GAR",2,"ndvi_cv + elev + BB + DE",-0.0488343123103049,0.667180580964343,0.952338908770641
1362,"Gaur","GAR",2,"ndvi_cv + elev + BB + DE",-0.0610590166798697,0.670537097991296,0.94076779268437
1363,"Gaur","GAR",2,"ndvi_cv + elev + BB + DE",-0.0680485007672461,0.681305969246482,0.934215162615594
1364,"Gaur","GAR",2,"ndvi_cv + elev + BB + DE",-0.0567557793091295,0.688168241748432,0.944824794456102
1365,"Gaur","GAR",2,"ndvi_cv + elev + BB + DE",-0.0771407788921614,0.708407418830803,0.925759527143815
1366,"Gaur","GAR",2,"ndvi_cv + elev + BB + DE",-0.0795414472668613,0.718891219569899,0.923539742669092
1367,"Gaur","GAR",2,"ndvi_cv + elev + BB + DE",-0.0740219746694124,0.720231757221507,0.928651288514784
1368,"Gaur","GAR",2,"ndvi_cv + elev + BB + DE",-0.090500238063782,0.729288327374596,0.913474128726178
1369,"Gaur","GAR",2,"ndvi_cv + elev + BB + DE",-0.0900995373668416,0.744542986948958,0.913840219823029
1370,"Gaur","GAR",2,"ndvi_cv + elev + BB + DE",-0.105933454139389,0.755543858771329,0.89948453983046
1371,"Gaur","GAR",2,"ndvi_cv + elev + BB + DE",-0.0842395127141029,0.769222488015432,0.919211076405906
1372,"Gaur","GAR",2,"ndvi_cv + elev + BB + DE",-0.0918706053207958,0.791757064123487,0.91222318288006
1373,"Gaur","GAR",2,"ndvi_cv + elev + BB + DE",-0.113604051726245,0.806194450469594,0.892611314359046
1374,"Gaur","GAR",2,"ndvi_cv + elev + BB + DE",-0.0902769348822709,0.837950071385236,0.913678121710079
1375,"Gaur","GAR",2,"ndvi_cv + elev + BB + DE",-0.0893745442732247,0.86627095963856,0.914502989167713
1376,"Gaur","GAR",2,"ndvi_cv + elev + BB + DE",-0.0902303552994773,0.916742965218673,0.913720680628877
1377,"Gaur","GAR",2,"ndvi_cv + elev + BB + DE",-0.0760506091167439,1.00513903390956,0.926769326083738
1378,"Gaur","GAR",2,"ndvi_cv + elev + BB + DE",0.143799622820838,0.830019054034347,1.15465276012545
1379,"Gaur","GAR",2,"ndvi_cv + elev + BB + DE",0.144778755874426,0.758527832421194,1.15578386732542
1380,"Gaur","GAR",2,"ndvi_cv + elev + BB + DE",0.121133253011279,0.736716754765827,1.12877532562252
1381,"Gaur","GAR",2,"ndvi_cv + elev + BB + DE",0.128659575693174,0.729056989105577,1.13730290839087
1382,"Gaur","GAR",2,"ndvi_cv + elev + BB + DE",0.13192890845807,0.707677441180451,1.1410272000037
1383,"Gaur","GAR",2,"ndvi_cv + elev + BB + DE",0.112257753145631,0.696608663798347,1.11880125392464
1384,"Gaur","GAR",2,"ndvi_cv + elev + BB + DE",0.108143115808653,0.703673750359464,1.11420719787671
1385,"Gaur","GAR",2,"ndvi_cv + elev + BB + DE",0.102705779595959,0.681441341401131,1.10816531996345
1386,"Gaur","GAR",2,"ndvi_cv + elev + BB + DE",0.103076585309419,0.675181104896695,1.10857630803574
1387,"Gaur","GAR",2,"ndvi_cv + elev + BB + DE",0.0851745491098508,0.674414216720092,1.08890713532867
1388,"Gaur","GAR",2,"ndvi_cv + elev + BB + DE",0.093954835508,0.658342690441422,1.09851013642625
1389,"Gaur","GAR",2,"ndvi_cv + elev + BB + DE",0.0931317176805579,0.654967766987572,1.09760633701008
1390,"Gaur","GAR",2,"ndvi_cv + elev + BB + DE",0.117043904010706,0.649223564409151,1.12416878415128
1391,"Gaur","GAR",2,"ndvi_cv + elev + BB + DE",0.115768460584523,0.639375664469186,1.12273593564438
1392,"Gaur","GAR",2,"ndvi_cv + elev + BB + DE",0.136066084464319,0.63064777938032,1.14575761204228
1393,"Gaur","GAR",2,"ndvi_cv + elev + BB + DE",0.148962343727725,0.636879576511193,1.16062928344244
1394,"Gaur","GAR",2,"ndvi_cv + elev + BB + DE",0.184952680250557,0.627713908760057,1.20316159846492
1395,"Gaur","GAR",2,"ndvi_cv + elev + BB + DE",0.198551544455441,0.636332999745788,1.21963489368699
1396,"Gaur","GAR",2,"ndvi_cv + elev + BB + DE",0.215509913230278,0.628780772737274,1.24049428399054
1397,"Gaur","GAR",2,"ndvi_cv + elev + BB + DE",0.184991501392713,0.622567196706153,1.20320821622597
1398,"Gaur","GAR",2,"ndvi_cv + elev + BB + DE",0.150359884654738,0.635128039078405,1.1622524463497
1399,"Gaur","GAR",2,"ndvi_cv + elev + BB + DE",0.107045521468799,0.627952726797106,1.11298491811701
1400,"Gaur","GAR",2,"ndvi_cv + elev + BB + DE",0.0712119543070071,0.636813201241252,1.07380880385031
1401,"Gaur","GAR",2,"ndvi_cv + elev + BB + DE",0.0203763613478124,0.636321263174344,1.02058538910892
1402,"Gaur","GAR",2,"ndvi_cv + elev + BB + DE",-0.0204484692100089,0.651440785668058,0.979759185018552
1403,"Gaur","GAR",2,"ndvi_cv + elev + BB + DE",-0.0563073068630273,0.645406940477413,0.945248610870695
1404,"Gaur","GAR",2,"ndvi_cv + elev + BB + DE",-0.0797859804113593,0.661350026796387,0.923313938332568
1405,"Gaur","GAR",2,"ndvi_cv + elev + BB + DE",-0.0773318677025937,0.662038295059843,0.925582640827819
1406,"Gaur","GAR",2,"ndvi_cv + elev + BB + DE",-0.0733168484629451,0.674286940678698,0.929306334497379
1407,"Gaur","GAR",2,"ndvi_cv + elev + BB + DE",-0.0726574751497255,0.676294018522039,0.929919305368729
1408,"Gaur","GAR",2,"ndvi_cv + elev + BB + DE",-0.0806396718757012,0.683903504383752,0.922526043672978
1409,"Gaur","GAR",2,"ndvi_cv + elev + BB + DE",-0.0834626626138522,0.692938492649271,0.919925433655525
1410,"Gaur","GAR",2,"ndvi_cv + elev + BB + DE",-0.0857662184556456,0.701744989175383,0.917808780685636
1411,"Gaur","GAR",2,"ndvi_cv + elev + BB + DE",-0.0842994435092897,0.711665997026646,0.919155980454653
1412,"Gaur","GAR",2,"ndvi_cv + elev + BB + DE",-0.0769878345156987,0.71070674635761,0.925901118025996
1413,"Gaur","GAR",2,"ndvi_cv + elev + BB + DE",-0.0711838328873332,0.721886610003449,0.931290714912019
1414,"Gaur","GAR",2,"ndvi_cv + elev + BB + DE",-0.102046165088602,0.743037304765875,0.902987877847583
1415,"Gaur","GAR",2,"ndvi_cv + elev + BB + DE",-0.103131662459427,0.758798271319576,0.902008224416101
1416,"Gaur","GAR",2,"ndvi_cv + elev + BB + DE",-0.101992148902632,0.775439666505169,0.903036696912378
1417,"Gaur","GAR",2,"ndvi_cv + elev + BB + DE",-0.0826382049598666,0.797476995992581,0.920684186454602
1418,"Gaur","GAR",2,"ndvi_cv + elev + BB + DE",-0.0916478917086059,0.819630220195261,0.912426365967136
1419,"Gaur","GAR",2,"ndvi_cv + elev + BB + DE",-0.101080255805711,0.840063754485722,0.903860500319681
1420,"Gaur","GAR",2,"ndvi_cv + elev + BB + DE",-0.101119648138391,0.872934070440388,0.903825105331688
1421,"Gaur","GAR",2,"ndvi_cv + elev + BB + DE",-0.106619333876014,0.910107520405421,0.898867793678553
1422,"Gaur","GAR",2,"ndvi_cv + elev + BB + DE",-0.102506973577479,1.04236331255066,0.902571915034192
1423,"Gaur","GAR",2,"ndvi_cv + elev + BB + DE",0.100396963553527,0.88349301659364,1.10560973756697
1424,"Gaur","GAR",2,"ndvi_cv + elev + BB + DE",0.118644788290818,0.780837799794664,1.12596990572832
1425,"Gaur","GAR",2,"ndvi_cv + elev + BB + DE",0.110358958333229,0.744119316994049,1.11667889700724
1426,"Gaur","GAR",2,"ndvi_cv + elev + BB + DE",0.109035496077856,0.723492469559943,1.11520194598078
1427,"Gaur","GAR",2,"ndvi_cv + elev + BB + DE",0.0855318383835313,0.712012378321564,1.08929624279172
1428,"Gaur","GAR",2,"ndvi_cv + elev + BB + DE",0.0856373380345405,0.706857583308069,1.08941117094148
1429,"Gaur","GAR",2,"ndvi_cv + elev + BB + DE",0.0948307064239299,0.704161364781771,1.09947271869835
1430,"Gaur","GAR",2,"ndvi_cv + elev + BB + DE",0.0833595012820052,0.685643565930047,1.08693249421659
1431,"Gaur","GAR",2,"ndvi_cv + elev + BB + DE",0.0782495199412858,0.672010121617369,1.08139247493346
1432,"Gaur","GAR",2,"ndvi_cv + elev + BB + DE",0.0802248340613997,0.674987864452143,1.08353065540568
1433,"Gaur","GAR",2,"ndvi_cv + elev + BB + DE",0.0756510087446886,0.660689415671439,1.07858609745407
1434,"Gaur","GAR",2,"ndvi_cv + elev + BB + DE",0.0807225960226314,0.649831606964144,1.08407013013038
1435,"Gaur","GAR",2,"ndvi_cv + elev + BB + DE",0.0991736141574217,0.644701785455709,1.10425802577856
1436,"Gaur","GAR",2,"ndvi_cv + elev + BB + DE",0.105572930628181,0.63404092274526,1.11134721305137
1437,"Gaur","GAR",2,"ndvi_cv + elev + BB + DE",0.1306983936402,0.641842754346891,1.13962401173205
1438,"Gaur","GAR",2,"ndvi_cv + elev + BB + DE",0.144278061388389,0.638474680504953,1.15520532312986
1439,"Gaur","GAR",2,"ndvi_cv + elev + BB + DE",0.166296735632806,0.625202069690201,1.18092347368581
1440,"Gaur","GAR",2,"ndvi_cv + elev + BB + DE",0.230401568551988,0.621659090720534,1.25910552561233
1441,"Gaur","GAR",2,"ndvi_cv + elev + BB + DE",0.239126579894901,0.621723098127241,1.27013931629948
1442,"Gaur","GAR",2,"ndvi_cv + elev + BB + DE",0.230339763431188,0.608579219976906,1.25902770885238
1443,"Gaur","GAR",2,"ndvi_cv + elev + BB + DE",0.182363160645702,0.631095498496981,1.20004992576263
1444,"Gaur","GAR",2,"ndvi_cv + elev + BB + DE",0.0926447834688616,0.624054794288711,1.0970719860732
1445,"Gaur","GAR",2,"ndvi_cv + elev + BB + DE",0.0362147274250307,0.637322673427988,1.0368784688353
1446,"Gaur","GAR",2,"ndvi_cv + elev + BB + DE",0.00673617308116714,0.628133471446179,1.0067589216049
1447,"Gaur","GAR",2,"ndvi_cv + elev + BB + DE",-0.0357859022845174,0.641124717463484,0.964846846735764
1448,"Gaur","GAR",2,"ndvi_cv + elev + BB + DE",-0.0882052838214099,0.644493043907044,0.915572926889906
1449,"Gaur","GAR",2,"ndvi_cv + elev + BB + DE",-0.0956976658047313,0.650598571060547,0.90873871747117
1450,"Gaur","GAR",2,"ndvi_cv + elev + BB + DE",-0.0928195632630111,0.660909602476329,0.911357929288635
1451,"Gaur","GAR",2,"ndvi_cv + elev + BB + DE",-0.101503068931185,0.652839274427671,0.903478411284813
1452,"Gaur","GAR",2,"ndvi_cv + elev + BB + DE",-0.0825688390153229,0.665339937095525,0.920748054713481
1453,"Gaur","GAR",2,"ndvi_cv + elev + BB + DE",-0.0850559107206707,0.683328644517407,0.918460936598586
1454,"Gaur","GAR",2,"ndvi_cv + elev + BB + DE",-0.0785589835384557,0.694955695643331,0.924447534480317
1455,"Gaur","GAR",2,"ndvi_cv + elev + BB + DE",-0.101825895649734,0.702356189979498,0.903186820767104
1456,"Gaur","GAR",2,"ndvi_cv + elev + BB + DE",-0.0843215016542785,0.70099980203001,0.919135718109971
1457,"Gaur","GAR",2,"ndvi_cv + elev + BB + DE",-0.0819154320715524,0.713220823871668,0.921349900858584
1458,"Gaur","GAR",2,"ndvi_cv + elev + BB + DE",-0.0942982282035907,0.728257042419675,0.910011336073264
1459,"Gaur","GAR",2,"ndvi_cv + elev + BB + DE",-0.0965928171649142,0.73717983396313,0.907925623376662
1460,"Gaur","GAR",2,"ndvi_cv + elev + BB + DE",-0.0989044574970365,0.768034733113874,0.905829250831172
1461,"Gaur","GAR",2,"ndvi_cv + elev + BB + DE",-0.110956229486538,0.782468539298103,0.894977969778703
1462,"Gaur","GAR",2,"ndvi_cv + elev + BB + DE",-0.10559613378728,0.803510482688104,0.899787970574317
1463,"Gaur","GAR",2,"ndvi_cv + elev + BB + DE",-0.104088456461892,0.816164364852031,0.901145595611137
1464,"Gaur","GAR",2,"ndvi_cv + elev + BB + DE",-0.116187766954083,0.85283358037035,0.890308120394842
1465,"Gaur","GAR",2,"ndvi_cv + elev + BB + DE",-0.120806595179807,0.880103609739899,0.886205393873392
1466,"Gaur","GAR",2,"ndvi_cv + elev + BB + DE",-0.119756597702743,0.935100115828001,0.887136341701631
1467,"Gaur","GAR",2,"ndvi_cv + elev + BB + DE",0.0910380795270351,0.896679879259202,1.09531123820138
1468,"Gaur","GAR",2,"ndvi_cv + elev + BB + DE",0.109691279914666,0.795290748065063,1.11593350623443
1469,"Gaur","GAR",2,"ndvi_cv + elev + BB + DE",0.0967751222382982,0.75406181284966,1.10161268870516
1470,"Gaur","GAR",2,"ndvi_cv + elev + BB + DE",0.0825671287219174,0.728792037462679,1.08607157956693
1471,"Gaur","GAR",2,"ndvi_cv + elev + BB + DE",0.0744916870419501,0.71953027668606,1.07733639201015
1472,"Gaur","GAR",2,"ndvi_cv + elev + BB + DE",0.0628435266029901,0.706966971406524,1.06486020424217
1473,"Gaur","GAR",2,"ndvi_cv + elev + BB + DE",0.067608790670509,0.694889549393788,1.06994665373198
1474,"Gaur","GAR",2,"ndvi_cv + elev + BB + DE",0.0702797417975084,0.685924907037025,1.07280828766724
1475,"Gaur","GAR",2,"ndvi_cv + elev + BB + DE",0.0530382980165815,0.665778754025721,1.05447005084049
1476,"Gaur","GAR",2,"ndvi_cv + elev + BB + DE",0.0696229604514843,0.668414499439717,1.07210388033782
1477,"Gaur","GAR",2,"ndvi_cv + elev + BB + DE",0.0536883474739332,0.671403780802073,1.05515571510351
1478,"Gaur","GAR",2,"ndvi_cv + elev + BB + DE",0.0575062446033237,0.666142022441148,1.05919188504244
1479,"Gaur","GAR",2,"ndvi_cv + elev + BB + DE",0.0479777390550689,0.648780649635221,1.0491473000543
1480,"Gaur","GAR",2,"ndvi_cv + elev + BB + DE",0.0594293458531024,0.647201185175563,1.06123080619836
1481,"Gaur","GAR",2,"ndvi_cv + elev + BB + DE",0.0966399632754139,0.632116790315101,1.10146373508422
1482,"Gaur","GAR",2,"ndvi_cv + elev + BB + DE",0.106257197956045,0.634690700470487,1.11210788019014
1483,"Gaur","GAR",2,"ndvi_cv + elev + BB + DE",0.154855849386201,0.626099667185102,1.16748965481647
1484,"Gaur","GAR",2,"ndvi_cv + elev + BB + DE",0.206451911644423,0.613185650251616,1.2293086187334
1485,"Gaur","GAR",2,"ndvi_cv + elev + BB + DE",0.48782034907053,0.559748917610659,1.62876221776545
1486,"Gaur","GAR",2,"ndvi_cv + elev + BB + DE",0.308888217027753,0.603645806998545,1.36191012641461
1487,"Gaur","GAR",2,"ndvi_cv + elev + BB + DE",0.169289072223447,0.625633298485554,1.18446248626265
1488,"Gaur","GAR",2,"ndvi_cv + elev + BB + DE",0.0830749423723529,0.630271377225396,1.08662325199557
1489,"Gaur","GAR",2,"ndvi_cv + elev + BB + DE",0.0312701331741859,0.612021338356062,1.03176418831545
1490,"Gaur","GAR",2,"ndvi_cv + elev + BB + DE",-0.0308925022232176,0.631498736921515,0.969579888667232
1491,"Gaur","GAR",2,"ndvi_cv + elev + BB + DE",-0.0869441565128863,0.626151793046941,0.916728453759232
1492,"Gaur","GAR",2,"ndvi_cv + elev + BB + DE",-0.14218016288681,0.628870067104936,0.867464963604558
1493,"Gaur","GAR",2,"ndvi_cv + elev + BB + DE",-0.152182567891064,0.63619694173881,0.858831507746278
1494,"Gaur","GAR",2,"ndvi_cv + elev + BB + DE",-0.134311208444184,0.644539299902295,0.87431792730715
1495,"Gaur","GAR",2,"ndvi_cv + elev + BB + DE",-0.105943585798732,0.659850015166154,0.899475391230792
1496,"Gaur","GAR",2,"ndvi_cv + elev + BB + DE",-0.09618472157356,0.66561226347269,0.908296229637123
1497,"Gaur","GAR",2,"ndvi_cv + elev + BB + DE",-0.0911433948248396,0.684648446926434,0.912886811737422
1498,"Gaur","GAR",2,"ndvi_cv + elev + BB + DE",-0.105021030220034,0.696314920016085,0.900305589130362
1499,"Gaur","GAR",2,"ndvi_cv + elev + BB + DE",-0.0938709826306453,0.698660947036381,0.910400212269667
1500,"Gaur","GAR",2,"ndvi_cv + elev + BB + DE",-0.0945005457697261,0.702950978905671,0.909827248088705
1501,"Gaur","GAR",2,"ndvi_cv + elev + BB + DE",-0.111460123139055,0.710209215276967,0.894527061703921
1502,"Gaur","GAR",2,"ndvi_cv + elev + BB + DE",-0.0981102074077299,0.72925043998193,0.906548994504374
1503,"Gaur","GAR",2,"ndvi_cv + elev + BB + DE",-0.11635918613915,0.741297259842197,0.890155435321818
1504,"Gaur","GAR",2,"ndvi_cv + elev + BB + DE",-0.117991005570984,0.755368239105481,0.888704053999771
1505,"Gaur","GAR",2,"ndvi_cv + elev + BB + DE",-0.116784194150984,0.782907197612709,0.889777191572422
1506,"Gaur","GAR",2,"ndvi_cv + elev + BB + DE",-0.117931169723504,0.801446969917691,0.888757224257158
1507,"Gaur","GAR",2,"ndvi_cv + elev + BB + DE",-0.117253336056014,0.829680661042613,0.889359865590173
1508,"Gaur","GAR",2,"ndvi_cv + elev + BB + DE",-0.133921101061634,0.848055297447392,0.874659170572118
1509,"Gaur","GAR",2,"ndvi_cv + elev + BB + DE",-0.126279789688819,0.891321040660542,0.881368231127813
1510,"Gaur","GAR",2,"ndvi_cv + elev + BB + DE",-0.108483992722745,0.975693580053222,0.89719327498827
1511,"Gaur","GAR",2,"ndvi_cv + elev + BB + DE",0.0885442185430202,0.956706475091961,1.09258256397678
1512,"Gaur","GAR",2,"ndvi_cv + elev + BB + DE",0.0882423812980233,0.825216056734558,1.09225295211468
1513,"Gaur","GAR",2,"ndvi_cv + elev + BB + DE",0.0779034101846005,0.777124691551132,1.08101823850989
1514,"Gaur","GAR",2,"ndvi_cv + elev + BB + DE",0.0644837910517864,0.736526070605441,1.06660828963894
1515,"Gaur","GAR",2,"ndvi_cv + elev + BB + DE",0.0541045560491595,0.723492452228886,1.05559496535276
1516,"Gaur","GAR",2,"ndvi_cv + elev + BB + DE",0.0468379331154818,0.716773093358234,1.04795216520299
1517,"Gaur","GAR",2,"ndvi_cv + elev + BB + DE",0.0437705245101933,0.701094746608728,1.04474258591906
1518,"Gaur","GAR",2,"ndvi_cv + elev + BB + DE",0.0344242951884185,0.689815662966952,1.03502366916588
1519,"Gaur","GAR",2,"ndvi_cv + elev + BB + DE",0.0252127270070365,0.667028453864573,1.02553327632479
1520,"Gaur","GAR",2,"ndvi_cv + elev + BB + DE",0.0288876087575524,0.669270140152289,1.02930890925636
1521,"Gaur","GAR",2,"ndvi_cv + elev + BB + DE",0.0248105057609611,0.650226466297472,1.02512084812542
1522,"Gaur","GAR",2,"ndvi_cv + elev + BB + DE",0.0365631094646235,0.655632386750198,1.03723976598496
1523,"Gaur","GAR",2,"ndvi_cv + elev + BB + DE",0.0241657111062777,0.637440660987052,1.02446016869
1524,"Gaur","GAR",2,"ndvi_cv + elev + BB + DE",0.04527014102799,0.637223942529847,1.04631047326735
1525,"Gaur","GAR",2,"ndvi_cv + elev + BB + DE",0.0590615972645728,0.631791781416566,1.06084063369295
1526,"Gaur","GAR",2,"ndvi_cv + elev + BB + DE",0.0792838703615787,0.623345781390611,1.08251157694779
1527,"Gaur","GAR",2,"ndvi_cv + elev + BB + DE",0.11366095956261,0.625005213490978,1.12037231721681
1528,"Gaur","GAR",2,"ndvi_cv + elev + BB + DE",0.17348560540009,0.605220267166923,1.18944356775868
1529,"Gaur","GAR",2,"ndvi_cv + elev + BB + DE",0.212457822741031,0.60161436622041,1.23671396313087
1530,"Gaur","GAR",2,"ndvi_cv + elev + BB + DE",0.171381823706612,0.610398614431492,1.18694403223813
1531,"Gaur","GAR",2,"ndvi_cv + elev + BB + DE",0.111791384037502,0.610036689191897,1.11827954537263
1532,"Gaur","GAR",2,"ndvi_cv + elev + BB + DE",0.0632875053075196,0.618640852137555,1.06533308485686
1533,"Gaur","GAR",2,"ndvi_cv + elev + BB + DE",0.0119890023599347,0.620859030059507,1.01206116828118
1534,"Gaur","GAR",2,"ndvi_cv + elev + BB + DE",-0.0421855849422999,0.627235091142802,0.958691973060577
1535,"Gaur","GAR",2,"ndvi_cv + elev + BB + DE",-0.105081986596228,0.630959282498912,0.900250752119457
1536,"Gaur","GAR",2,"ndvi_cv + elev + BB + DE",-0.190167143735918,0.615904916761862,0.826820929143202
1537,"Gaur","GAR",2,"ndvi_cv + elev + BB + DE",-0.236859085386427,0.604952143028117,0.789102503379618
1538,"Gaur","GAR",2,"ndvi_cv + elev + BB + DE",-0.152746148350658,0.650430048617748,0.858347602342871
1539,"Gaur","GAR",2,"ndvi_cv + elev + BB + DE",-0.127292135320366,0.653827457070785,0.880476473856512
1540,"Gaur","GAR",2,"ndvi_cv + elev + BB + DE",-0.111213425532678,0.670391231006476,0.894747782623112
1541,"Gaur","GAR",2,"ndvi_cv + elev + BB + DE",-0.106350617861558,0.677206427420236,0.899109399856719
1542,"Gaur","GAR",2,"ndvi_cv + elev + BB + DE",-0.11200847819475,0.688351658671709,0.894036679430813
1543,"Gaur","GAR",2,"ndvi_cv + elev + BB + DE",-0.108340352102995,0.691568873015945,0.897322151050508
1544,"Gaur","GAR",2,"ndvi_cv + elev + BB + DE",-0.121612637745318,0.689752008131707,0.885491318928396
1545,"Gaur","GAR",2,"ndvi_cv + elev + BB + DE",-0.149577058612498,0.708241030460713,0.861072098827665
1546,"Gaur","GAR",2,"ndvi_cv + elev + BB + DE",-0.13244918545653,0.717480559804772,0.875947493645675
1547,"Gaur","GAR",2,"ndvi_cv + elev + BB + DE",-0.119093535331499,0.738792710754468,0.887724796801828
1548,"Gaur","GAR",2,"ndvi_cv + elev + BB + DE",-0.120972321124391,0.755171471170945,0.886058560950234
1549,"Gaur","GAR",2,"ndvi_cv + elev + BB + DE",-0.130593191379882,0.76749669990849,0.877574710097559
1550,"Gaur","GAR",2,"ndvi_cv + elev + BB + DE",-0.120529653103198,0.801859521416524,0.886450875684301
1551,"Gaur","GAR",2,"ndvi_cv + elev + BB + DE",-0.13184524641416,0.834645822295311,0.876476682511206
1552,"Gaur","GAR",2,"ndvi_cv + elev + BB + DE",-0.133563362737192,0.870235755319163,0.874972028319459
1553,"Gaur","GAR",2,"ndvi_cv + elev + BB + DE",-0.127699225200607,0.903156851265286,0.880118068078801
1554,"Gaur","GAR",2,"ndvi_cv + elev + BB + DE",-0.133662276318766,0.987568588691119,0.87488548462461
1555,"Gaur","GAR",2,"ndvi_cv + elev + BB + DE",0.0770319087953986,0.886512180442388,1.08007654036382
1556,"Gaur","GAR",2,"ndvi_cv + elev + BB + DE",0.0522407022827274,0.799749190497928,1.05362932316775
1557,"Gaur","GAR",2,"ndvi_cv + elev + BB + DE",0.0554939590328125,0.746468714765497,1.05706264667612
1558,"Gaur","GAR",2,"ndvi_cv + elev + BB + DE",0.0471871243142415,0.73569234973072,1.04831816008502
1559,"Gaur","GAR",2,"ndvi_cv + elev + BB + DE",0.028657994768897,0.712089439149097,1.02907258815999
1560,"Gaur","GAR",2,"ndvi_cv + elev + BB + DE",0.00708913820241623,0.695716701161995,1.00711432566232
1561,"Gaur","GAR",2,"ndvi_cv + elev + BB + DE",0.0120814567237093,0.685669900625634,1.01215473294128
1562,"Gaur","GAR",2,"ndvi_cv + elev + BB + DE",0.00371993105193906,0.66891551989406,1.00372686305145
1563,"Gaur","GAR",2,"ndvi_cv + elev + BB + DE",-0.00516629655364779,0.663995051613137,0.994847052206383
1564,"Gaur","GAR",2,"ndvi_cv + elev + BB + DE",0.00192960854862591,0.65747762768524,1.00193149234694
1565,"Gaur","GAR",2,"ndvi_cv + elev + BB + DE",0.00137747116522686,0.643002532039653,1.00137842091551
1566,"Gaur","GAR",2,"ndvi_cv + elev + BB + DE",-0.00895579486556585,0.649967139873245,0.991084214129548
1567,"Gaur","GAR",2,"ndvi_cv + elev + BB + DE",-0.00121710625728129,0.63873390526576,0.998783637672616
1568,"Gaur","GAR",2,"ndvi_cv + elev + BB + DE",0.00986316714772589,0.628483393473168,1.00991196881957
1569,"Gaur","GAR",2,"ndvi_cv + elev + BB + DE",0.0273968838289909,0.627785658210909,1.02777566535376
1570,"Gaur","GAR",2,"ndvi_cv + elev + BB + DE",0.060096688829018,0.624447992100418,1.06193922177049
1571,"Gaur","GAR",2,"ndvi_cv + elev + BB + DE",0.0816739222437438,0.618200388386344,1.08510192687768
1572,"Gaur","GAR",2,"ndvi_cv + elev + BB + DE",0.101677245001812,0.620215463563808,1.10702611950649
1573,"Gaur","GAR",2,"ndvi_cv + elev + BB + DE",0.074316033675514,0.602358522133694,1.07714721497174
1574,"Gaur","GAR",2,"ndvi_cv + elev + BB + DE",0.0593499683032718,0.604133426235957,1.06114655361505
1575,"Gaur","GAR",2,"ndvi_cv + elev + BB + DE",0.00931717043755652,0.622364364442793,1.00936072058693
1576,"Gaur","GAR",2,"ndvi_cv + elev + BB + DE",-0.0163246084364755,0.618353546294816,0.983807922294119
1577,"Gaur","GAR",2,"ndvi_cv + elev + BB + DE",-0.0430606276921984,0.622753832299896,0.957853317578181
1578,"Gaur","GAR",2,"ndvi_cv + elev + BB + DE",-0.0934815798734271,0.640251811023316,0.910754919490158
1579,"Gaur","GAR",2,"ndvi_cv + elev + BB + DE",-0.152159273430991,0.629527042623018,0.858851477911333
1580,"Gaur","GAR",2,"ndvi_cv + elev + BB + DE",-0.159971231566599,0.633302051612955,0.852168306209378
1581,"Gaur","GAR",2,"ndvi_cv + elev + BB + DE",-0.15038749409492,0.643341976485303,0.86037454710439
1582,"Gaur","GAR",2,"ndvi_cv + elev + BB + DE",-0.13503024495554,0.652727316074847,0.873689589128415
1583,"Gaur","GAR",2,"ndvi_cv + elev + BB + DE",-0.115334093966556,0.664408269715798,0.891068394243353
1584,"Gaur","GAR",2,"ndvi_cv + elev + BB + DE",-0.123875738171035,0.67710570344751,0.883489619711205
1585,"Gaur","GAR",2,"ndvi_cv + elev + BB + DE",-0.12408515312148,0.678051795726564,0.883304624534793
1586,"Gaur","GAR",2,"ndvi_cv + elev + BB + DE",-0.12741960080309,0.691796062216516,0.880364194126019
1587,"Gaur","GAR",2,"ndvi_cv + elev + BB + DE",-0.135102838938758,0.711066912902184,0.873626099246957
1588,"Gaur","GAR",2,"ndvi_cv + elev + BB + DE",-0.135249812628212,0.701329060163062,0.873497738101051
1589,"Gaur","GAR",2,"ndvi_cv + elev + BB + DE",-0.143669545551589,0.721568279774453,0.866173939091679
1590,"Gaur","GAR",2,"ndvi_cv + elev + BB + DE",-0.136803367834679,0.737526143160379,0.872141737524423
1591,"Gaur","GAR",2,"ndvi_cv + elev + BB + DE",-0.129247664143809,0.758696287786067,0.878756307417669
1592,"Gaur","GAR",2,"ndvi_cv + elev + BB + DE",-0.129793701879282,0.771689269440893,0.878276600002882
1593,"Gaur","GAR",2,"ndvi_cv + elev + BB + DE",-0.133180711771134,0.796488028735436,0.875306990950434
1594,"Gaur","GAR",2,"ndvi_cv + elev + BB + DE",-0.124374029872749,0.847916720187427,0.883049498684489
1595,"Gaur","GAR",2,"ndvi_cv + elev + BB + DE",-0.142481295557032,0.886553621958873,0.867203779769149
1596,"Gaur","GAR",2,"ndvi_cv + elev + BB + DE",-0.136010184367987,0.932149476092836,0.872834190981706
1597,"Gaur","GAR",2,"ndvi_cv + elev + BB + DE",-0.141922502039836,1.02725618056039,0.86768849815833
1598,"Gaur","GAR",2,"ndvi_cv + elev + BB + DE",-0.130881739608354,1.14829884946572,0.87732154202402
1599,"Gaur","GAR",2,"ndvi_cv + elev + BB + DE",0.033729107095233,0.814042073938077,1.034304413698
1600,"Gaur","GAR",2,"ndvi_cv + elev + BB + DE",0.00621607997297479,0.745176789917698,1.00623544015239
1601,"Gaur","GAR",2,"ndvi_cv + elev + BB + DE",0.00801961683896788,0.729623980909187,1.00805186435652
1602,"Gaur","GAR",2,"ndvi_cv + elev + BB + DE",0.00573192990404039,0.701922711775928,1.00574840415041
1603,"Gaur","GAR",2,"ndvi_cv + elev + BB + DE",-0.00588281013894115,0.693330807746532,0.994134460252606
1604,"Gaur","GAR",2,"ndvi_cv + elev + BB + DE",-0.0129388784668756,0.681301591229823,0.987144468964816
1605,"Gaur","GAR",2,"ndvi_cv + elev + BB + DE",-0.0236180735733572,0.66718415112449,0.976658653412495
1606,"Gaur","GAR",2,"ndvi_cv + elev + BB + DE",-0.00605547423371829,0.65857051202732,0.993962844160175
1607,"Gaur","GAR",2,"ndvi_cv + elev + BB + DE",-0.0329925260174301,0.650171967700655,0.967545791026445
1608,"Gaur","GAR",2,"ndvi_cv + elev + BB + DE",-0.0418070478640677,0.641475617549205,0.95905483386906
1609,"Gaur","GAR",2,"ndvi_cv + elev + BB + DE",-0.0352292652871895,0.637706189826263,0.965384072009637
1610,"Gaur","GAR",2,"ndvi_cv + elev + BB + DE",-0.0466806011758485,0.643975958086033,0.95439218121527
1611,"Gaur","GAR",2,"ndvi_cv + elev + BB + DE",-0.0380845245814936,0.649122226283769,0.962631571700806
1612,"Gaur","GAR",2,"ndvi_cv + elev + BB + DE",-0.0116613859624996,0.634529174756299,0.988406345152878
1613,"Gaur","GAR",2,"ndvi_cv + elev + BB + DE",-0.00710166177284166,0.62841737347995,0.992923495648437
1614,"Gaur","GAR",2,"ndvi_cv + elev + BB + DE",0.0129411182807421,0.625940109435669,1.01302521759422
1615,"Gaur","GAR",2,"ndvi_cv + elev + BB + DE",-0.000575869089001423,0.627002844338394,0.999424297754079
1616,"Gaur","GAR",2,"ndvi_cv + elev + BB + DE",0.0100942454334519,0.625248861055304,1.01014536463
1617,"Gaur","GAR",2,"ndvi_cv + elev + BB + DE",-0.00401745875939755,0.614512254191884,0.995990600470888
1618,"Gaur","GAR",2,"ndvi_cv + elev + BB + DE",-0.00664151859536472,0.620139882073493,0.993380524067985
1619,"Gaur","GAR",2,"ndvi_cv + elev + BB + DE",-0.013666459668018,0.626934049397583,0.986426502588449
1620,"Gaur","GAR",2,"ndvi_cv + elev + BB + DE",-0.0443448780217401,0.629555192073511,0.956623989110929
1621,"Gaur","GAR",2,"ndvi_cv + elev + BB + DE",-0.0923368461548817,0.637710092333134,0.911797962173376
1622,"Gaur","GAR",2,"ndvi_cv + elev + BB + DE",-0.116818032466432,0.642633051336989,0.889747104506911
1623,"Gaur","GAR",2,"ndvi_cv + elev + BB + DE",-0.128189526542999,0.648489483478664,0.879686640071523
1624,"Gaur","GAR",2,"ndvi_cv + elev + BB + DE",-0.142810596146653,0.659045776018569,0.866918251830744
1625,"Gaur","GAR",2,"ndvi_cv + elev + BB + DE",-0.121831709853632,0.656539612488817,0.885297425993755
1626,"Gaur","GAR",2,"ndvi_cv + elev + BB + DE",-0.136638996525142,0.66139015905196,0.872285122424654
1627,"Gaur","GAR",2,"ndvi_cv + elev + BB + DE",-0.139172546208029,0.6656906040101,0.870077892317044
1628,"Gaur","GAR",2,"ndvi_cv + elev + BB + DE",-0.1198690979446,0.678407486817358,0.887036565909997
1629,"Gaur","GAR",2,"ndvi_cv + elev + BB + DE",-0.137819984786163,0.693933549648866,0.871255518401784
1630,"Gaur","GAR",2,"ndvi_cv + elev + BB + DE",-0.138773755909699,0.697360736398067,0.870424937646222
1631,"Gaur","GAR",2,"ndvi_cv + elev + BB + DE",-0.142119940798667,0.70793800880579,0.867517201310748
1632,"Gaur","GAR",2,"ndvi_cv + elev + BB + DE",-0.14107314782882,0.719967988542335,0.868425881334705
1633,"Gaur","GAR",2,"ndvi_cv + elev + BB + DE",-0.137042609147324,0.72840777618703,0.871933183242173
1634,"Gaur","GAR",2,"ndvi_cv + elev + BB + DE",-0.136354423095431,0.757080601215635,0.872533339479088
1635,"Gaur","GAR",2,"ndvi_cv + elev + BB + DE",-0.123965261451501,0.773609506576623,0.883410529537732
1636,"Gaur","GAR",2,"ndvi_cv + elev + BB + DE",-0.138360085216781,0.819967751712621,0.870785078624067
1637,"Gaur","GAR",2,"ndvi_cv + elev + BB + DE",-0.124764221615481,0.879360532332133,0.882705007853314
1638,"Gaur","GAR",2,"ndvi_cv + elev + BB + DE",-0.125185326007547,0.978628124940971,0.88233339074544
1639,"Gaur","GAR",2,"ndvi_cv + elev + BB + DE",-0.154847874246707,1.02181171558165,0.856545470203817
1640,"Gaur","GAR",2,"ndvi_cv + elev + BB + DE",-0.138548495292097,1.08527493381425,0.870621061942663
1641,"Gaur","GAR",2,"ndvi_cv + elev + BB + DE",-0.162936484951511,1.16570657244115,0.849645159887542
1642,"Gaur","GAR",2,"ndvi_cv + elev + BB + DE",-0.0159769399918049,0.86052073202714,0.984150018492925
1643,"Gaur","GAR",2,"ndvi_cv + elev + BB + DE",0.00221950165477951,0.745693476726977,1.00222198879315
1644,"Gaur","GAR",2,"ndvi_cv + elev + BB + DE",-0.0172671479516155,0.733641863678251,0.982881074898628
1645,"Gaur","GAR",2,"ndvi_cv + elev + BB + DE",-0.0202081671410309,0.711948389516814,0.979994743650287
1646,"Gaur","GAR",2,"ndvi_cv + elev + BB + DE",-0.0223568217877906,0.692997585807322,0.977891242861074
1647,"Gaur","GAR",2,"ndvi_cv + elev + BB + DE",-0.0272838691306856,0.683684256728341,0.973084974566738
1648,"Gaur","GAR",2,"ndvi_cv + elev + BB + DE",-0.0370828741043995,0.662652328174759,0.963596275567629
1649,"Gaur","GAR",2,"ndvi_cv + elev + BB + DE",-0.0517390623582844,0.654280075173387,0.949576615006422
1650,"Gaur","GAR",2,"ndvi_cv + elev + BB + DE",-0.0503472657616616,0.65782619263268,0.950899152450727
1651,"Gaur","GAR",2,"ndvi_cv + elev + BB + DE",-0.0782428338220775,0.643329384283957,0.924739863829055
1652,"Gaur","GAR",2,"ndvi_cv + elev + BB + DE",-0.0779237938076995,0.650708744138191,0.925034923039891
1653,"Gaur","GAR",2,"ndvi_cv + elev + BB + DE",-0.0961351836911412,0.642634040711514,0.908341226359182
1654,"Gaur","GAR",2,"ndvi_cv + elev + BB + DE",-0.0939454117129841,0.632703600576601,0.910332530811167
1655,"Gaur","GAR",2,"ndvi_cv + elev + BB + DE",-0.0779523866045628,0.632801409121677,0.925008470879589
1656,"Gaur","GAR",2,"ndvi_cv + elev + BB + DE",-0.0622597391021468,0.626271724478266,0.93963881227151
1657,"Gaur","GAR",2,"ndvi_cv + elev + BB + DE",-0.0373630490204858,0.633088333151756,0.963326344497366
1658,"Gaur","GAR",2,"ndvi_cv + elev + BB + DE",-0.0610213144005318,0.619002133187121,0.940803201230709
1659,"Gaur","GAR",2,"ndvi_cv + elev + BB + DE",-0.0540206942863997,0.625003554834316,0.947412525491558
1660,"Gaur","GAR",2,"ndvi_cv + elev + BB + DE",-0.040671172427874,0.627396969952729,0.960144825604837
1661,"Gaur","GAR",2,"ndvi_cv + elev + BB + DE",-0.0482467062179145,0.620883306044626,0.952898675691315
1662,"Gaur","GAR",2,"ndvi_cv + elev + BB + DE",-0.0539712847489899,0.634628790926869,0.947459327208914
1663,"Gaur","GAR",2,"ndvi_cv + elev + BB + DE",-0.0576603752297608,0.629834753521985,0.943970489832173
1664,"Gaur","GAR",2,"ndvi_cv + elev + BB + DE",-0.0703090708751649,0.62974943728975,0.932105696627878
1665,"Gaur","GAR",2,"ndvi_cv + elev + BB + DE",-0.0991881674999361,0.642431039842274,0.905572293777235
1666,"Gaur","GAR",2,"ndvi_cv + elev + BB + DE",-0.113671742618446,0.648285628515915,0.892550912458903
1667,"Gaur","GAR",2,"ndvi_cv + elev + BB + DE",-0.114182740891208,0.645951517799691,0.89209491939512
1668,"Gaur","GAR",2,"ndvi_cv + elev + BB + DE",-0.119958252721589,0.650365541115946,0.886957464009915
1669,"Gaur","GAR",2,"ndvi_cv + elev + BB + DE",-0.147890209695977,0.660307787881023,0.862525815279631
1670,"Gaur","GAR",2,"ndvi_cv + elev + BB + DE",-0.144879301155519,0.667755708333557,0.865126708662139
1671,"Gaur","GAR",2,"ndvi_cv + elev + BB + DE",-0.1340209854385,0.674170522195282,0.874571920920977
1672,"Gaur","GAR",2,"ndvi_cv + elev + BB + DE",-0.137620597818259,0.697736337619978,0.871429493329863
1673,"Gaur","GAR",2,"ndvi_cv + elev + BB + DE",-0.146364590473095,0.690287285104511,0.863842705817887
1674,"Gaur","GAR",2,"ndvi_cv + elev + BB + DE",-0.164325198648343,0.713075390102597,0.848466057361376
1675,"Gaur","GAR",2,"ndvi_cv + elev + BB + DE",-0.149633340873681,0.719428043928432,0.8610236536919
1676,"Gaur","GAR",2,"ndvi_cv + elev + BB + DE",-0.158710667801073,0.732439088922751,0.853243196957069
1677,"Gaur","GAR",2,"ndvi_cv + elev + BB + DE",-0.143515869403816,0.756698967397474,0.866307054638955
1678,"Gaur","GAR",2,"ndvi_cv + elev + BB + DE",-0.12963625008393,0.786267945289874,0.878414905297097
1679,"Gaur","GAR",2,"ndvi_cv + elev + BB + DE",-0.140862008981423,0.838734650511254,0.868609316135267
1680,"Gaur","GAR",2,"ndvi_cv + elev + BB + DE",-0.163009740039294,1.21094283667363,0.849582914278609
1681,"Gaur","GAR",2,"ndvi_cv + elev + BB + DE",-0.130976051021916,1.31267684311469,0.877238803915452
1682,"Gaur","GAR",2,"ndvi_cv + elev + BB + DE",-0.0410635470957711,0.857581238930923,0.959768137555916
1683,"Gaur","GAR",2,"ndvi_cv + elev + BB + DE",-0.0312749613193153,0.756405560864802,0.969209046184834
1684,"Gaur","GAR",2,"ndvi_cv + elev + BB + DE",-0.0459986848800224,0.738303753109637,0.955043290579234
1685,"Gaur","GAR",2,"ndvi_cv + elev + BB + DE",-0.0563015262397703,0.713162723284009,0.945254074156061
1686,"Gaur","GAR",2,"ndvi_cv + elev + BB + DE",-0.0522995593590553,0.681359518959211,0.94904454213569
1687,"Gaur","GAR",2,"ndvi_cv + elev + BB + DE",-0.0683719219322736,0.671829161154731,0.933913081349364
1688,"Gaur","GAR",2,"ndvi_cv + elev + BB + DE",-0.0577707595298819,0.664799356256788,0.943866311740284
1689,"Gaur","GAR",2,"ndvi_cv + elev + BB + DE",-0.0790562792749207,0.666775690685294,0.923987923525963
1690,"Gaur","GAR",2,"ndvi_cv + elev + BB + DE",-0.0791058137378801,0.648119555392724,0.923942161912144
1691,"Gaur","GAR",2,"ndvi_cv + elev + BB + DE",-0.100334415021035,0.645665028297705,0.904534888021293
1692,"Gaur","GAR",2,"ndvi_cv + elev + BB + DE",-0.125316038244558,0.631312818924035,0.882218068787123
1693,"Gaur","GAR",2,"ndvi_cv + elev + BB + DE",-0.158326678583111,0.60945565485338,0.853570893208147
1694,"Gaur","GAR",2,"ndvi_cv + elev + BB + DE",-0.120418563222562,0.61275784534856,0.886549282242783
1695,"Gaur","GAR",2,"ndvi_cv + elev + BB + DE",-0.108175361837094,0.626628595502702,0.897470206799788
1696,"Gaur","GAR",2,"ndvi_cv + elev + BB + DE",-0.11654675984242,0.621767392463679,0.889988486344897
1697,"Gaur","GAR",2,"ndvi_cv + elev + BB + DE",-0.110670617657834,0.624543090181466,0.895233578651882
1698,"Gaur","GAR",2,"ndvi_cv + elev + BB + DE",-0.124002116812364,0.613052611242116,0.883377976512966
1699,"Gaur","GAR",2,"ndvi_cv + elev + BB + DE",-0.111480885840857,0.619890605576738,0.894508537335549
1700,"Gaur","GAR",2,"ndvi_cv + elev + BB + DE",-0.0864652338808694,0.62309870880597,0.91716745350826
1701,"Gaur","GAR",2,"ndvi_cv + elev + BB + DE",-0.077025537826529,0.631905117477537,0.925866208902542
1702,"Gaur","GAR",2,"ndvi_cv + elev + BB + DE",-0.0786339477878059,0.634851956327353,0.924378241848689
1703,"Gaur","GAR",2,"ndvi_cv + elev + BB + DE",-0.0792226083150167,0.622993133124291,0.923834249604717
1704,"Gaur","GAR",2,"ndvi_cv + elev + BB + DE",-0.0599627774779372,0.620893702832451,0.9417996379417
1705,"Gaur","GAR",2,"ndvi_cv + elev + BB + DE",-0.0781796858218585,0.624534373796697,0.924798288054515
1706,"Gaur","GAR",2,"ndvi_cv + elev + BB + DE",-0.0984918423331926,0.649969297715353,0.906203114200165
1707,"Gaur","GAR",2,"ndvi_cv + elev + BB + DE",-0.121020139893923,0.648227333694667,0.886016260386357
1708,"Gaur","GAR",2,"ndvi_cv + elev + BB + DE",-0.122882564594162,0.66096423514913,0.884367521320785
1709,"Gaur","GAR",2,"ndvi_cv + elev + BB + DE",-0.141047497948256,0.662002728177939,0.868448061220275
1710,"Gaur","GAR",2,"ndvi_cv + elev + BB + DE",-0.154826694491789,0.676317895956007,0.856563657099466
1711,"Gaur","GAR",2,"ndvi_cv + elev + BB + DE",-0.143235674667982,0.673021374406761,0.86654982120125
1712,"Gaur","GAR",2,"ndvi_cv + elev + BB + DE",-0.15284703470609,0.685590050635336,0.858261014404907
1713,"Gaur","GAR",2,"ndvi_cv + elev + BB + DE",-0.165021870437521,0.69272248177887,0.847875163806349
1714,"Gaur","GAR",2,"ndvi_cv + elev + BB + DE",-0.167418476263521,0.711620763162472,0.84584557333708
1715,"Gaur","GAR",2,"ndvi_cv + elev + BB + DE",-0.158399493455198,0.717179966180246,0.8535088075669
1716,"Gaur","GAR",2,"ndvi_cv + elev + BB + DE",-0.156409885367012,0.736010359179657,0.855208585601741
1717,"Gaur","GAR",2,"ndvi_cv + elev + BB + DE",-0.165197546201342,0.747248800197215,0.847726225712139
1718,"Gaur","GAR",2,"ndvi_cv + elev + BB + DE",-0.166981919126255,0.79333363991359,0.846214912915359
1719,"Gaur","GAR",2,"ndvi_cv + elev + BB + DE",-0.171225905077478,0.874378903490045,0.842631215871782
1720,"Gaur","GAR",2,"ndvi_cv + elev + BB + DE",-0.0830473093608731,0.835743555005998,0.920307607660442
1721,"Gaur","GAR",2,"ndvi_cv + elev + BB + DE",-0.0547431484536017,0.761451251339243,0.946728313431208
1722,"Gaur","GAR",2,"ndvi_cv + elev + BB + DE",-0.0803499862750834,0.722400559489793,0.922793325047091
1723,"Gaur","GAR",2,"ndvi_cv + elev + BB + DE",-0.0794671578906145,0.717263061401442,0.923608363635905
1724,"Gaur","GAR",2,"ndvi_cv + elev + BB + DE",-0.0899899360738335,0.702056867101597,0.913940386775255
1725,"Gaur","GAR",2,"ndvi_cv + elev + BB + DE",-0.087454523845793,0.679314709466873,0.916260546440842
1726,"Gaur","GAR",2,"ndvi_cv + elev + BB + DE",-0.10234861912806,0.671419487395065,0.902714808218158
1727,"Gaur","GAR",2,"ndvi_cv + elev + BB + DE",-0.107046672879367,0.66291551029718,0.898483740478206
1728,"Gaur","GAR",2,"ndvi_cv + elev + BB + DE",-0.111201535537989,0.64822808434989,0.894758407308173
1729,"Gaur","GAR",2,"ndvi_cv + elev + BB + DE",-0.129712248517245,0.640259526916077,0.878348153293245
1730,"Gaur","GAR",2,"ndvi_cv + elev + BB + DE",-0.140699576985879,0.638276374594395,0.868750265071563
1731,"Gaur","GAR",2,"ndvi_cv + elev + BB + DE",-0.184471250279487,0.612959840911637,0.831543847829392
1732,"Gaur","GAR",2,"ndvi_cv + elev + BB + DE",-0.155215088944842,0.622172549658243,0.856231015750406
1733,"Gaur","GAR",2,"ndvi_cv + elev + BB + DE",-0.158938804512709,0.615634650720729,0.853048560711653
1734,"Gaur","GAR",2,"ndvi_cv + elev + BB + DE",-0.149436068705412,0.627289745418959,0.861193495367342
1735,"Gaur","GAR",2,"ndvi_cv + elev + BB + DE",-0.142355798619732,0.617757610849235,0.867312613511881
1736,"Gaur","GAR",2,"ndvi_cv + elev + BB + DE",-0.16093073936529,0.608657402860152,0.851351037683642
1737,"Gaur","GAR",2,"ndvi_cv + elev + BB + DE",-0.159542980669564,0.617947902987195,0.852533325731556
1738,"Gaur","GAR",2,"ndvi_cv + elev + BB + DE",-0.115460588678882,0.628428819684263,0.890955695282593
1739,"Gaur","GAR",2,"ndvi_cv + elev + BB + DE",-0.112974962071711,0.635107562466845,0.893173031551997
1740,"Gaur","GAR",2,"ndvi_cv + elev + BB + DE",-0.103399527139831,0.623061083431214,0.901766621730998
1741,"Gaur","GAR",2,"ndvi_cv + elev + BB + DE",-0.0742462727566163,0.625692652325431,0.92844301550374
1742,"Gaur","GAR",2,"ndvi_cv + elev + BB + DE",-0.0381041456655743,0.614684172677135,0.96261269096823
1743,"Gaur","GAR",2,"ndvi_cv + elev + BB + DE",-0.0653558772473178,0.635265940756559,0.936734055597761
1744,"Gaur","GAR",2,"ndvi_cv + elev + BB + DE",-0.0995941595318772,0.641861264307266,0.905204712308453
1745,"Gaur","GAR",2,"ndvi_cv + elev + BB + DE",-0.127235779028692,0.651124520415778,0.880526045546892
1746,"Gaur","GAR",2,"ndvi_cv + elev + BB + DE",-0.145072364967859,0.648741534162584,0.864959698100489
1747,"Gaur","GAR",2,"ndvi_cv + elev + BB + DE",-0.149452708461132,0.661979000763703,0.861179163887933
1748,"Gaur","GAR",2,"ndvi_cv + elev + BB + DE",-0.153016714659652,0.661230401309726,0.858115403739873
1749,"Gaur","GAR",2,"ndvi_cv + elev + BB + DE",-0.145044817997449,0.664977174805466,0.86498355936141
1750,"Gaur","GAR",2,"ndvi_cv + elev + BB + DE",-0.166837195487111,0.684849607772536,0.846337403252162
1751,"Gaur","GAR",2,"ndvi_cv + elev + BB + DE",-0.165959060890618,0.696160311226768,0.847080916644345
1752,"Gaur","GAR",2,"ndvi_cv + elev + BB + DE",-0.166033006937295,0.704743017143226,0.847018283893829
1753,"Gaur","GAR",2,"ndvi_cv + elev + BB + DE",-0.182604073731915,0.720445143269533,0.833097952021211
1754,"Gaur","GAR",2,"ndvi_cv + elev + BB + DE",-0.163410508736923,0.736697910415012,0.849242495930111
1755,"Gaur","GAR",2,"ndvi_cv + elev + BB + DE",-0.171526864110134,0.765006808655566,0.84237765601606
1756,"Gaur","GAR",2,"ndvi_cv + elev + BB + DE",-0.168898888862217,0.793832500143219,0.844594297388401
1757,"Gaur","GAR",2,"ndvi_cv + elev + BB + DE",-0.173432604987562,0.908681325946695,0.84077383243836
1758,"Gaur","GAR",2,"ndvi_cv + elev + BB + DE",-0.102759916215589,0.955461248318456,0.902343716018658
1759,"Gaur","GAR",2,"ndvi_cv + elev + BB + DE",-0.101397845243303,0.826962799519311,0.903573479371665
1760,"Gaur","GAR",2,"ndvi_cv + elev + BB + DE",-0.0968921542097276,0.75884694568561,0.907653890319821
1761,"Gaur","GAR",2,"ndvi_cv + elev + BB + DE",-0.0962740985057497,0.739723433310309,0.908215045905063
1762,"Gaur","GAR",2,"ndvi_cv + elev + BB + DE",-0.0972902202482992,0.723103666207731,0.907292662366209
1763,"Gaur","GAR",2,"ndvi_cv + elev + BB + DE",-0.100596948948904,0.703169684999543,0.904297484504753
1764,"Gaur","GAR",2,"ndvi_cv + elev + BB + DE",-0.11528059864418,0.691697049408136,0.891116065362104
1765,"Gaur","GAR",2,"ndvi_cv + elev + BB + DE",-0.14300408851539,0.666850235642614,0.866750569365426
1766,"Gaur","GAR",2,"ndvi_cv + elev + BB + DE",-0.135237618528279,0.664729517229939,0.873508325430561
1767,"Gaur","GAR",2,"ndvi_cv + elev + BB + DE",-0.146813851673784,0.650322296480161,0.863454695428706
1768,"Gaur","GAR",2,"ndvi_cv + elev + BB + DE",-0.160320442725086,0.64462652789776,0.851870793069828
1769,"Gaur","GAR",2,"ndvi_cv + elev + BB + DE",-0.171171793013984,0.642473084364975,0.8426768065858
1770,"Gaur","GAR",2,"ndvi_cv + elev + BB + DE",-0.171544384367452,0.634596738655474,0.842362881121526
1771,"Gaur","GAR",2,"ndvi_cv + elev + BB + DE",-0.186042500742346,0.623626466467009,0.830238308953168
1772,"Gaur","GAR",2,"ndvi_cv + elev + BB + DE",-0.185373823695088,0.6268969650666,0.830793658374681
1773,"Gaur","GAR",2,"ndvi_cv + elev + BB + DE",-0.184878098208034,0.624338856988184,0.831205608809015
1774,"Gaur","GAR",2,"ndvi_cv + elev + BB + DE",-0.171794602643698,0.631471668690646,0.842152138015424
1775,"Gaur","GAR",2,"ndvi_cv + elev + BB + DE",-0.172036761317952,0.622144326179787,0.841948341703936
1776,"Gaur","GAR",2,"ndvi_cv + elev + BB + DE",-0.17234139342699,0.629398739528999,0.841691785855458
1777,"Gaur","GAR",2,"ndvi_cv + elev + BB + DE",-0.145827831744687,0.635123475128051,0.864306496537037
1778,"Gaur","GAR",2,"ndvi_cv + elev + BB + DE",-0.124494453219509,0.643118186470311,0.882943159284143
1779,"Gaur","GAR",2,"ndvi_cv + elev + BB + DE",-0.125019099696832,0.625574114800127,0.88248005827707
1780,"Gaur","GAR",2,"ndvi_cv + elev + BB + DE",-0.11147059439902,0.634363998144124,0.894517720275877
1781,"Gaur","GAR",2,"ndvi_cv + elev + BB + DE",-0.108623190867179,0.638218515803175,0.897068390055632
1782,"Gaur","GAR",2,"ndvi_cv + elev + BB + DE",-0.105078945673498,0.637211737361693,0.900253449677493
1783,"Gaur","GAR",2,"ndvi_cv + elev + BB + DE",-0.12913262542235,0.642386259519256,0.878857402424966
1784,"Gaur","GAR",2,"ndvi_cv + elev + BB + DE",-0.139763121958272,0.642217965102526,0.869564194402001
1785,"Gaur","GAR",2,"ndvi_cv + elev + BB + DE",-0.143950969225387,0.657209798970948,0.865930204247091
1786,"Gaur","GAR",2,"ndvi_cv + elev + BB + DE",-0.154617181603815,0.65822591009571,0.856743091732805
1787,"Gaur","GAR",2,"ndvi_cv + elev + BB + DE",-0.164543550062969,0.651194252139945,0.848281008146434
1788,"Gaur","GAR",2,"ndvi_cv + elev + BB + DE",-0.160003379751682,0.679652186081537,0.852140909040356
1789,"Gaur","GAR",2,"ndvi_cv + elev + BB + DE",-0.162875346102245,0.679275058893004,0.849697110821589
1790,"Gaur","GAR",2,"ndvi_cv + elev + BB + DE",-0.17871032001113,0.699569632750147,0.836348160057304
1791,"Gaur","GAR",2,"ndvi_cv + elev + BB + DE",-0.172346310569786,0.699505679137492,0.84168764173706
1792,"Gaur","GAR",2,"ndvi_cv + elev + BB + DE",-0.181795282643764,0.708031637699148,0.833772028733481
1793,"Gaur","GAR",2,"ndvi_cv + elev + BB + DE",-0.187681494117981,0.751634316988015,0.828878696871499
1794,"Gaur","GAR",2,"ndvi_cv + elev + BB + DE",-0.187770646596189,0.769277339690249,0.828804891787646
1795,"Gaur","GAR",2,"ndvi_cv + elev + BB + DE",-0.176631175612871,0.802923561531682,0.838088835981235
1796,"Gaur","GAR",2,"ndvi_cv + elev + BB + DE",-0.199342120992828,0.887331985289125,0.819269557076574
1797,"Gaur","GAR",2,"ndvi_cv + elev + BB + DE",-0.128325640893553,0.916192668220451,0.879566919335481
1798,"Gaur","GAR",2,"ndvi_cv + elev + BB + DE",-0.113339228985819,0.798850612256079,0.892847729897523
1799,"Gaur","GAR",2,"ndvi_cv + elev + BB + DE",-0.13458551202104,0.770022881861661,0.874078139733204
1800,"Gaur","GAR",2,"ndvi_cv + elev + BB + DE",-0.124286589406848,0.735720164136892,0.88312670988846
1801,"Gaur","GAR",2,"ndvi_cv + elev + BB + DE",-0.114943622824227,0.715106502454164,0.891416501343656
1802,"Gaur","GAR",2,"ndvi_cv + elev + BB + DE",-0.130231745890733,0.71410997556472,0.877891970049551
1803,"Gaur","GAR",2,"ndvi_cv + elev + BB + DE",-0.128819604433669,0.691415961101867,0.87913254510589
1804,"Gaur","GAR",2,"ndvi_cv + elev + BB + DE",-0.14554797932447,0.680899416738807,0.864548416277454
1805,"Gaur","GAR",2,"ndvi_cv + elev + BB + DE",-0.164171674060945,0.665587013954771,0.848596334990558
1806,"Gaur","GAR",2,"ndvi_cv + elev + BB + DE",-0.177438483182865,0.65730095008426,0.837412526592519
1807,"Gaur","GAR",2,"ndvi_cv + elev + BB + DE",-0.186674563630446,0.645970922281402,0.82971371438139
1808,"Gaur","GAR",2,"ndvi_cv + elev + BB + DE",-0.209553421767162,0.644621245111756,0.810946324059037
1809,"Gaur","GAR",2,"ndvi_cv + elev + BB + DE",-0.208853489411803,0.638752557955247,0.811514122413687
1810,"Gaur","GAR",2,"ndvi_cv + elev + BB + DE",-0.206681557523774,0.642797623004438,0.813278593477072
1811,"Gaur","GAR",2,"ndvi_cv + elev + BB + DE",-0.194417232596947,0.632696495862853,0.823314321221616
1812,"Gaur","GAR",2,"ndvi_cv + elev + BB + DE",-0.206576877414064,0.63385134486157,0.813363732331025
1813,"Gaur","GAR",2,"ndvi_cv + elev + BB + DE",-0.214768516330867,0.638069831722009,0.80672819181886
1814,"Gaur","GAR",2,"ndvi_cv + elev + BB + DE",-0.198240472401881,0.632575194779326,0.82017260465755
1815,"Gaur","GAR",2,"ndvi_cv + elev + BB + DE",-0.198618248605356,0.629637404291559,0.819862823600856
1816,"Gaur","GAR",2,"ndvi_cv + elev + BB + DE",-0.189266780340134,0.633335559816882,0.827565768512188
1817,"Gaur","GAR",2,"ndvi_cv + elev + BB + DE",-0.156937752568777,0.632002316347913,0.854757264832565
1818,"Gaur","GAR",2,"ndvi_cv + elev + BB + DE",-0.16010514591333,0.645993051113069,0.852054196424838
1819,"Gaur","GAR",2,"ndvi_cv + elev + BB + DE",-0.150151504510264,0.640829304003147,0.860577585183321
1820,"Gaur","GAR",2,"ndvi_cv + elev + BB + DE",-0.131551554635849,0.633362583831672,0.876734075221108
1821,"Gaur","GAR",2,"ndvi_cv + elev + BB + DE",-0.13621327172659,0.649743178509234,0.872656499772509
1822,"Gaur","GAR",2,"ndvi_cv + elev + BB + DE",-0.146312069075989,0.654379617876023,0.86388810883509
1823,"Gaur","GAR",2,"ndvi_cv + elev + BB + DE",-0.156397416408827,0.657661334066346,0.855219246237653
1824,"Gaur","GAR",2,"ndvi_cv + elev + BB + DE",-0.1671234623567,0.647252454344338,0.846095144294183
1825,"Gaur","GAR",2,"ndvi_cv + elev + BB + DE",-0.167816163905972,0.657846983698105,0.845509255596768
1826,"Gaur","GAR",2,"ndvi_cv + elev + BB + DE",-0.163268363867296,0.669398808020786,0.849363220714502
1827,"Gaur","GAR",2,"ndvi_cv + elev + BB + DE",-0.182497075047149,0.681288529476576,0.833187085240344
1828,"Gaur","GAR",2,"ndvi_cv + elev + BB + DE",-0.18545497248735,0.674389380892532,0.830726266300354
1829,"Gaur","GAR",2,"ndvi_cv + elev + BB + DE",-0.19207680632661,0.684823438073544,0.825243483119392
1830,"Gaur","GAR",2,"ndvi_cv + elev + BB + DE",-0.198942042572083,0.702105175565199,0.819597393887899
1831,"Gaur","GAR",2,"ndvi_cv + elev + BB + DE",-0.193096977892756,0.712416682120552,0.824402022078965
1832,"Gaur","GAR",2,"ndvi_cv + elev + BB + DE",-0.18703375513219,0.749640057337515,0.829415744088545
1833,"Gaur","GAR",2,"ndvi_cv + elev + BB + DE",-0.179120605997427,0.792029560049411,0.836005123514777
1834,"Gaur","GAR",2,"ndvi_cv + elev + BB + DE",-0.172840398979215,0.830031611326212,0.84127188129749
1835,"Gaur","GAR",2,"ndvi_cv + elev + BB + DE",-0.192308772850744,0.911738147675892,0.82505209466822
1836,"Gaur","GAR",2,"ndvi_cv + elev + BB + DE",-0.190112408835125,1.04631430938255,0.826866260632212
1837,"Gaur","GAR",2,"ndvi_cv + elev + BB + DE",-0.140835440460745,0.917606761431915,0.868632241969397
1838,"Gaur","GAR",2,"ndvi_cv + elev + BB + DE",-0.12827607187413,0.802362101100842,0.879610510561237
1839,"Gaur","GAR",2,"ndvi_cv + elev + BB + DE",-0.158475628620764,0.751995135084461,0.853443763386171
1840,"Gaur","GAR",2,"ndvi_cv + elev + BB + DE",-0.127271009211867,0.746038835264815,0.880495020518865
1841,"Gaur","GAR",2,"ndvi_cv + elev + BB + DE",-0.158208715428114,0.714960583323682,0.853671588967142
1842,"Gaur","GAR",2,"ndvi_cv + elev + BB + DE",-0.143904794054366,0.703021291975536,0.865970225350125
1843,"Gaur","GAR",2,"ndvi_cv + elev + BB + DE",-0.168400469544053,0.69354760776402,0.845015366437406
1844,"Gaur","GAR",2,"ndvi_cv + elev + BB + DE",-0.158755697821754,0.673537732736457,0.853204799578772
1845,"Gaur","GAR",2,"ndvi_cv + elev + BB + DE",-0.181106221768146,0.662633270256186,0.834346741864565
1846,"Gaur","GAR",2,"ndvi_cv + elev + BB + DE",-0.203226530004382,0.663706601164498,0.816093372393087
1847,"Gaur","GAR",2,"ndvi_cv + elev + BB + DE",-0.227301797491837,0.649045846284086,0.796680310206517
1848,"Gaur","GAR",2,"ndvi_cv + elev + BB + DE",-0.220795889899942,0.649121552714138,0.801880342804616
1849,"Gaur","GAR",2,"ndvi_cv + elev + BB + DE",-0.236898986902345,0.652189267291871,0.789070994623096
1850,"Gaur","GAR",2,"ndvi_cv + elev + BB + DE",-0.243671852062284,0.639407072974851,0.783744776598622
1851,"Gaur","GAR",2,"ndvi_cv + elev + BB + DE",-0.238235691919093,0.632069502327848,0.788016940090291
1852,"Gaur","GAR",2,"ndvi_cv + elev + BB + DE",-0.220291125050075,0.646038183138196,0.802285212242575
1853,"Gaur","GAR",2,"ndvi_cv + elev + BB + DE",-0.222314495469861,0.632430048802071,0.800663536280914
1854,"Gaur","GAR",2,"ndvi_cv + elev + BB + DE",-0.223131409997383,0.63334429748869,0.800009716117796
1855,"Gaur","GAR",2,"ndvi_cv + elev + BB + DE",-0.232702970666743,0.631384681464717,0.792388907740237
1856,"Gaur","GAR",2,"ndvi_cv + elev + BB + DE",-0.217889573038788,0.634953813065116,0.804214243820255
1857,"Gaur","GAR",2,"ndvi_cv + elev + BB + DE",-0.197512339739502,0.63891536734649,0.820770015052993
1858,"Gaur","GAR",2,"ndvi_cv + elev + BB + DE",-0.178057300337542,0.643858576979296,0.836894468026049
1859,"Gaur","GAR",2,"ndvi_cv + elev + BB + DE",-0.17793406794932,0.659220415000801,0.836997642341306
1860,"Gaur","GAR",2,"ndvi_cv + elev + BB + DE",-0.157021934025104,0.639671184727371,0.854685312949363
1861,"Gaur","GAR",2,"ndvi_cv + elev + BB + DE",-0.154230175022008,0.638436582506454,0.857074730254609
1862,"Gaur","GAR",2,"ndvi_cv + elev + BB + DE",-0.170189865892266,0.652389235373736,0.843504696319274
1863,"Gaur","GAR",2,"ndvi_cv + elev + BB + DE",-0.177592727908033,0.653381845133219,0.837283360908987
1864,"Gaur","GAR",2,"ndvi_cv + elev + BB + DE",-0.180544198241113,0.658318194688174,0.834815782698301
1865,"Gaur","GAR",2,"ndvi_cv + elev + BB + DE",-0.176653273793305,0.655535307213571,0.838070331933583
1866,"Gaur","GAR",2,"ndvi_cv + elev + BB + DE",-0.185986902464294,0.665411046744628,0.830284469857646
1867,"Gaur","GAR",2,"ndvi_cv + elev + BB + DE",-0.198551853704414,0.673979423377907,0.81991725436573
1868,"Gaur","GAR",2,"ndvi_cv + elev + BB + DE",-0.201380421204024,0.674380224263237,0.817601352387358
1869,"Gaur","GAR",2,"ndvi_cv + elev + BB + DE",-0.204184351102548,0.69326372739675,0.815312064104875
1870,"Gaur","GAR",2,"ndvi_cv + elev + BB + DE",-0.207736708943212,0.707497885791053,0.812420911740057
1871,"Gaur","GAR",2,"ndvi_cv + elev + BB + DE",-0.202718879298556,0.732228522373673,0.816507750187281
1872,"Gaur","GAR",2,"ndvi_cv + elev + BB + DE",-0.193465639249714,0.74373420908329,0.824098152446069
1873,"Gaur","GAR",2,"ndvi_cv + elev + BB + DE",-0.197989981575781,0.80497475378163,0.82037807734642
1874,"Gaur","GAR",2,"ndvi_cv + elev + BB + DE",-0.183304049000111,0.873422769642049,0.832514993813036
1875,"Gaur","GAR",2,"ndvi_cv + elev + BB + DE",-0.201212242697146,0.972707000834906,0.817738854303597
1876,"Gaur","GAR",2,"ndvi_cv + elev + BB + DE",-0.176873780562593,1.05766011755971,0.83788553627124
1877,"Gaur","GAR",2,"ndvi_cv + elev + BB + DE",-0.182715280206854,1.21729470747036,0.833005355288935
1878,"Gaur","GAR",2,"ndvi_cv + elev + BB + DE",-0.1220634326693,0.966827683566103,0.885092223469414
1879,"Gaur","GAR",2,"ndvi_cv + elev + BB + DE",-0.159591343076565,0.817792704106347,0.852492209938521
1880,"Gaur","GAR",2,"ndvi_cv + elev + BB + DE",-0.148505392532203,0.766817272302024,0.861995359710546
1881,"Gaur","GAR",2,"ndvi_cv + elev + BB + DE",-0.135420159134564,0.743193635005655,0.873348897448424
1882,"Gaur","GAR",2,"ndvi_cv + elev + BB + DE",-0.170251954373281,0.726522412850332,0.843452358562921
1883,"Gaur","GAR",2,"ndvi_cv + elev + BB + DE",-0.174046316181442,0.706079038400273,0.840257995641198
1884,"Gaur","GAR",2,"ndvi_cv + elev + BB + DE",-0.182789733318799,0.683330314536205,0.832943278386286
1885,"Gaur","GAR",2,"ndvi_cv + elev + BB + DE",-0.190590670020851,0.673080368335241,0.826470962993669
1886,"Gaur","GAR",2,"ndvi_cv + elev + BB + DE",-0.202569330033809,0.654420719859341,0.816629865725075
1887,"Gaur","GAR",2,"ndvi_cv + elev + BB + DE",-0.210299868162472,0.654590417054686,0.81034127352886
1888,"Gaur","GAR",2,"ndvi_cv + elev + BB + DE",-0.227290483409685,0.6423478295069,0.796689333306361
1889,"Gaur","GAR",2,"ndvi_cv + elev + BB + DE",-0.25481140456213,0.644982408946805,0.775062667624358
1890,"Gaur","GAR",2,"ndvi_cv + elev + BB + DE",-0.276346891491113,0.6417559519502,0.758549823462702
1891,"Gaur","GAR",2,"ndvi_cv + elev + BB + DE",-0.273556210280706,0.632654840469984,0.760669578150257
1892,"Gaur","GAR",2,"ndvi_cv + elev + BB + DE",-0.256747539326414,0.638943134473196,0.773563483535943
1893,"Gaur","GAR",2,"ndvi_cv + elev + BB + DE",-0.26880642409323,0.626680764290941,0.764291200756106
1894,"Gaur","GAR",2,"ndvi_cv + elev + BB + DE",-0.2653302421685,0.634669722251107,0.766952640822823
1895,"Gaur","GAR",2,"ndvi_cv + elev + BB + DE",-0.253562558395627,0.625912615590246,0.776031198362471
1896,"Gaur","GAR",2,"ndvi_cv + elev + BB + DE",-0.253520766778106,0.624483797642032,0.776063638030346
1897,"Gaur","GAR",2,"ndvi_cv + elev + BB + DE",-0.236500931436017,0.62706322680294,0.789385147391767
1898,"Gaur","GAR",2,"ndvi_cv + elev + BB + DE",-0.22532932872204,0.637837363295117,0.798253292893426
1899,"Gaur","GAR",2,"ndvi_cv + elev + BB + DE",-0.206440117469818,0.64582484760084,0.813474979452643
1900,"Gaur","GAR",2,"ndvi_cv + elev + BB + DE",-0.196970943023451,0.645200543103562,0.821214495243663
1901,"Gaur","GAR",2,"ndvi_cv + elev + BB + DE",-0.200601168436738,0.642693358931535,0.818238714737958
1902,"Gaur","GAR",2,"ndvi_cv + elev + BB + DE",-0.204541419203584,0.644323711223799,0.815021001925475
1903,"Gaur","GAR",2,"ndvi_cv + elev + BB + DE",-0.187539052932874,0.64183356839222,0.828996743565336
1904,"Gaur","GAR",2,"ndvi_cv + elev + BB + DE",-0.196536337567201,0.643007901916971,0.821571480757065
1905,"Gaur","GAR",2,"ndvi_cv + elev + BB + DE",-0.213882398436432,0.658581344346104,0.807443337307654
1906,"Gaur","GAR",2,"ndvi_cv + elev + BB + DE",-0.210252923445119,0.654827222951943,0.81037926137509
1907,"Gaur","GAR",2,"ndvi_cv + elev + BB + DE",-0.205264144181073,0.653867803641485,0.814432161821841
1908,"Gaur","GAR",2,"ndvi_cv + elev + BB + DE",-0.207377667383981,0.681057165822308,0.812712663507303
1909,"Gaur","GAR",2,"ndvi_cv + elev + BB + DE",-0.215687847071789,0.677263854939476,0.80598685927787
1910,"Gaur","GAR",2,"ndvi_cv + elev + BB + DE",-0.193097831705306,0.695543891690113,0.824401317846157
1911,"Gaur","GAR",2,"ndvi_cv + elev + BB + DE",-0.222069161529086,0.710799029973037,0.800859974495576
1912,"Gaur","GAR",2,"ndvi_cv + elev + BB + DE",-0.20991187310672,0.721294545137091,0.810655689225688
1913,"Gaur","GAR",2,"ndvi_cv + elev + BB + DE",-0.217600650065697,0.758908807736222,0.804446634306601
1914,"Gaur","GAR",2,"ndvi_cv + elev + BB + DE",-0.209884745855866,0.819751321857362,0.810677681324978
1915,"Gaur","GAR",2,"ndvi_cv + elev + BB + DE",-0.174398579062081,1.1162552319558,0.839962054239713
1916,"Gaur","GAR",2,"ndvi_cv + elev + BB + DE",-0.177204450139791,1.15598252416582,0.837608518476034
1917,"Gaur","GAR",2,"ndvi_cv + elev + BB + DE",-0.164447489587117,0.849111766149097,0.84836230872145
1918,"Gaur","GAR",2,"ndvi_cv + elev + BB + DE",-0.165409588333307,0.7851914462457,0.847546489768855
1919,"Gaur","GAR",2,"ndvi_cv + elev + BB + DE",-0.167246246197894,0.74257418368923,0.845991263583967
1920,"Gaur","GAR",2,"ndvi_cv + elev + BB + DE",-0.181630044806867,0.718296111950868,0.833909792633598
1921,"Gaur","GAR",2,"ndvi_cv + elev + BB + DE",-0.205198141965793,0.707858205694143,0.814485928266026
1922,"Gaur","GAR",2,"ndvi_cv + elev + BB + DE",-0.216930045230451,0.690769404250202,0.804986364047144
1923,"Gaur","GAR",2,"ndvi_cv + elev + BB + DE",-0.21277253706657,0.665163839614083,0.808339985275964
1924,"Gaur","GAR",2,"ndvi_cv + elev + BB + DE",-0.216764003728298,0.661505228046472,0.80511995274228
1925,"Gaur","GAR",2,"ndvi_cv + elev + BB + DE",-0.24272477727528,0.655893789502396,0.784487395606387
1926,"Gaur","GAR",2,"ndvi_cv + elev + BB + DE",-0.243717851008331,0.641476129213934,0.783708727073677
1927,"Gaur","GAR",2,"ndvi_cv + elev + BB + DE",-0.316052372113208,0.631414223111608,0.729021308972081
1928,"Gaur","GAR",2,"ndvi_cv + elev + BB + DE",-0.340754044817427,0.618912291156634,0.711233820795634
1929,"Gaur","GAR",2,"ndvi_cv + elev + BB + DE",-0.29331522268554,0.633370543311365,0.74578701981186
1930,"Gaur","GAR",2,"ndvi_cv + elev + BB + DE",-0.277953752949877,0.627689193680693,0.757331856149402
1931,"Gaur","GAR",2,"ndvi_cv + elev + BB + DE",-0.281128507835786,0.621256559718127,0.754931316495825
1932,"Gaur","GAR",2,"ndvi_cv + elev + BB + DE",-0.276701698861124,0.624319696040209,0.758280682559687
1933,"Gaur","GAR",2,"ndvi_cv + elev + BB + DE",-0.317461760381231,0.597325298515248,0.727994518493058
1934,"Gaur","GAR",2,"ndvi_cv + elev + BB + DE",-0.325860890786365,0.607922489826397,0.721905613093072
1935,"Gaur","GAR",2,"ndvi_cv + elev + BB + DE",-0.260671561704688,0.635437827983684,0.770533951085441
1936,"Gaur","GAR",2,"ndvi_cv + elev + BB + DE",-0.238741642683328,0.644112153263146,0.787618367573108
1937,"Gaur","GAR",2,"ndvi_cv + elev + BB + DE",-0.202914977129205,0.645910797219929,0.816347657226276
1938,"Gaur","GAR",2,"ndvi_cv + elev + BB + DE",-0.210808084571742,0.636401841545539,0.809929491614445
1939,"Gaur","GAR",2,"ndvi_cv + elev + BB + DE",-0.221825237235099,0.632342481855245,0.801055350691216
1940,"Gaur","GAR",2,"ndvi_cv + elev + BB + DE",-0.215779979363358,0.637277274789599,0.805912600386569
1941,"Gaur","GAR",2,"ndvi_cv + elev + BB + DE",-0.204667345929993,0.648497151844883,0.814918429437307
1942,"Gaur","GAR",2,"ndvi_cv + elev + BB + DE",-0.196284975482348,0.652180022864877,0.821778039225213
1943,"Gaur","GAR",2,"ndvi_cv + elev + BB + DE",-0.228800273552247,0.662332818343489,0.795487397512034
1944,"Gaur","GAR",2,"ndvi_cv + elev + BB + DE",-0.215821042945542,0.664904673131848,0.805879535012315
1945,"Gaur","GAR",2,"ndvi_cv + elev + BB + DE",-0.216985045483372,0.674799251053536,0.804942167269989
1946,"Gaur","GAR",2,"ndvi_cv + elev + BB + DE",-0.21957786108491,0.675275133883717,0.802857649954322
1947,"Gaur","GAR",2,"ndvi_cv + elev + BB + DE",-0.21415300212382,0.693213251243,0.807224868454682
1948,"Gaur","GAR",2,"ndvi_cv + elev + BB + DE",-0.217251097376581,0.691591117378413,0.804727878970761
1949,"Gaur","GAR",2,"ndvi_cv + elev + BB + DE",-0.224163408952738,0.707549888280107,0.799184529948327
1950,"Gaur","GAR",2,"ndvi_cv + elev + BB + DE",-0.221982234666078,0.736443221807022,0.800929593841033
1951,"Gaur","GAR",2,"ndvi_cv + elev + BB + DE",-0.219172840067857,0.767347091472772,0.803182884080046
1952,"Gaur","GAR",2,"ndvi_cv + elev + BB + DE",-0.214756672214544,0.842973863775828,0.806737730594785
1953,"Gaur","GAR",2,"ndvi_cv + elev + BB + DE",-0.161383832038452,0.927463996495949,0.850965420552915
1954,"Gaur","GAR",2,"ndvi_cv + elev + BB + DE",-0.16711495885841,0.792381675974443,0.846102340737168
1955,"Gaur","GAR",2,"ndvi_cv + elev + BB + DE",-0.197641924174376,0.738284092674254,0.820663696691391
1956,"Gaur","GAR",2,"ndvi_cv + elev + BB + DE",-0.193037508039488,0.716943517049359,0.824451061452996
1957,"Gaur","GAR",2,"ndvi_cv + elev + BB + DE",-0.21977705878861,0.704710955553447,0.802697733039438
1958,"Gaur","GAR",2,"ndvi_cv + elev + BB + DE",-0.215825136112744,0.690808776125699,0.80587620820146
1959,"Gaur","GAR",2,"ndvi_cv + elev + BB + DE",-0.223240551549614,0.680321173693558,0.799922405650102
1960,"Gaur","GAR",2,"ndvi_cv + elev + BB + DE",-0.243595188193703,0.664794147627095,0.783804863592739
1961,"Gaur","GAR",2,"ndvi_cv + elev + BB + DE",-0.251718067159796,0.65181205895174,0.777463900720014
1962,"Gaur","GAR",2,"ndvi_cv + elev + BB + DE",-0.287692816463128,0.647887292261101,0.749991946411464
1963,"Gaur","GAR",2,"ndvi_cv + elev + BB + DE",-0.293959603551847,0.634290257670126,0.74530660111676
1964,"Gaur","GAR",2,"ndvi_cv + elev + BB + DE",-0.346558630662889,0.629216934326963,0.707117360600813
1965,"Gaur","GAR",2,"ndvi_cv + elev + BB + DE",-0.312247896324286,0.638887627169342,0.731800096053631
1966,"Gaur","GAR",2,"ndvi_cv + elev + BB + DE",-0.288182741294948,0.63129240225426,0.749624597434165
1967,"Gaur","GAR",2,"ndvi_cv + elev + BB + DE",-0.273900724002082,0.629224365705665,0.760407587540063
1968,"Gaur","GAR",2,"ndvi_cv + elev + BB + DE",-0.289391881472904,0.627187302873626,0.748718741601502
1969,"Gaur","GAR",2,"ndvi_cv + elev + BB + DE",-0.300936197324425,0.609192426341331,0.740124993453626
1970,"Gaur","GAR",2,"ndvi_cv + elev + BB + DE",-0.31652867170574,0.606012488084561,0.728674119316341
1971,"Gaur","GAR",2,"ndvi_cv + elev + BB + DE",-0.276388429070046,0.630040798419701,0.758518250411931
1972,"Gaur","GAR",2,"ndvi_cv + elev + BB + DE",-0.221222182795196,0.636432798930167,0.801538572601114
1973,"Gaur","GAR",2,"ndvi_cv + elev + BB + DE",-0.219741430901395,0.635941431216271,0.802726339459406
1974,"Gaur","GAR",2,"ndvi_cv + elev + BB + DE",-0.223641907373485,0.64652743887839,0.799601414510881
1975,"Gaur","GAR",2,"ndvi_cv + elev + BB + DE",-0.22423277956188,0.643965268263564,0.799129095772727
1976,"Gaur","GAR",2,"ndvi_cv + elev + BB + DE",-0.224989997292919,0.642342934723028,0.798524208400964
1977,"Gaur","GAR",2,"ndvi_cv + elev + BB + DE",-0.214262973861768,0.652789106651878,0.80713610460098
1978,"Gaur","GAR",2,"ndvi_cv + elev + BB + DE",-0.222136705955006,0.653800201479517,0.800805887181034
1979,"Gaur","GAR",2,"ndvi_cv + elev + BB + DE",-0.218925028484719,0.655447160365375,0.80338194738096
1980,"Gaur","GAR",2,"ndvi_cv + elev + BB + DE",-0.213938595894342,0.667973031234443,0.807397970579279
1981,"Gaur","GAR",2,"ndvi_cv + elev + BB + DE",-0.219664867871908,0.670426276132789,0.802787793737404
1982,"Gaur","GAR",2,"ndvi_cv + elev + BB + DE",-0.227989270502909,0.680291038468239,0.796132802427878
1983,"Gaur","GAR",2,"ndvi_cv + elev + BB + DE",-0.231098701425718,0.689584703620712,0.793661127940826
1984,"Gaur","GAR",2,"ndvi_cv + elev + BB + DE",-0.224202355250484,0.699492645800204,0.799153405818055
1985,"Gaur","GAR",2,"ndvi_cv + elev + BB + DE",-0.229094159577149,0.716912462364767,0.795253654382743
1986,"Gaur","GAR",2,"ndvi_cv + elev + BB + DE",-0.246301184500115,0.744889664850653,0.781686763629575
1987,"Gaur","GAR",2,"ndvi_cv + elev + BB + DE",-0.249748672790041,0.76470636711787,0.778996563843103
1988,"Gaur","GAR",2,"ndvi_cv + elev + BB + DE",-0.262524511323845,0.838062749122465,0.769107517640837
1989,"Gaur","GAR",2,"ndvi_cv + elev + BB + DE",-0.183455888041075,0.816687882998578,0.832388593969845
1990,"Gaur","GAR",2,"ndvi_cv + elev + BB + DE",-0.208017346890463,0.726803256365801,0.812192947574372
1991,"Gaur","GAR",2,"ndvi_cv + elev + BB + DE",-0.213788798234026,0.717946712416764,0.807518933749347
1992,"Gaur","GAR",2,"ndvi_cv + elev + BB + DE",-0.220088635351346,0.702892922075557,0.802447671696128
1993,"Gaur","GAR",2,"ndvi_cv + elev + BB + DE",-0.217014497635166,0.703311925380556,0.804918305165704
1994,"Gaur","GAR",2,"ndvi_cv + elev + BB + DE",-0.246505249210883,0.679784237470756,0.781527373150421
1995,"Gaur","GAR",2,"ndvi_cv + elev + BB + DE",-0.261566416985048,0.663950502699947,0.76984474551756
1996,"Gaur","GAR",2,"ndvi_cv + elev + BB + DE",-0.257943871867632,0.658481594493889,0.772638606442533
1997,"Gaur","GAR",2,"ndvi_cv + elev + BB + DE",-0.253074820072439,0.652097446996113,0.776409792977385
1998,"Gaur","GAR",2,"ndvi_cv + elev + BB + DE",-0.308180867673791,0.646645450392741,0.734782407614585
1999,"Gaur","GAR",2,"ndvi_cv + elev + BB + DE",-0.305272368249858,0.643440778663784,0.736922632854493
2000,"Gaur","GAR",2,"ndvi_cv + elev + BB + DE",-0.295820604967397,0.642727063164095,0.743920882513352
2001,"Gaur","GAR",2,"ndvi_cv + elev + BB + DE",-0.285112723889227,0.636751281279177,0.751929539809458
2002,"Gaur","GAR",2,"ndvi_cv + elev + BB + DE",-0.278274530413283,0.632357050580604,0.757088949174547
2003,"Gaur","GAR",2,"ndvi_cv + elev + BB + DE",-0.285802998216868,0.629577942539161,0.7514106331943
2004,"Gaur","GAR",2,"ndvi_cv + elev + BB + DE",-0.280873176594824,0.637941875854483,0.755124097327628
2005,"Gaur","GAR",2,"ndvi_cv + elev + BB + DE",-0.275287371001061,0.625632919174646,0.759353876228344
2006,"Gaur","GAR",2,"ndvi_cv + elev + BB + DE",-0.247569290033924,0.622908429730722,0.78069613900058
2007,"Gaur","GAR",2,"ndvi_cv + elev + BB + DE",-0.2266972040283,0.638192370222978,0.797162123230557
2008,"Gaur","GAR",2,"ndvi_cv + elev + BB + DE",-0.220865622858695,0.648453395189964,0.801824420698477
2009,"Gaur","GAR",2,"ndvi_cv + elev + BB + DE",-0.220630115782375,0.644633222454194,0.802013277492981
2010,"Gaur","GAR",2,"ndvi_cv + elev + BB + DE",-0.227567714279021,0.643360722990778,0.796468488775779
2011,"Gaur","GAR",2,"ndvi_cv + elev + BB + DE",-0.220316694823071,0.639403663212459,0.802264723585006
2012,"Gaur","GAR",2,"ndvi_cv + elev + BB + DE",-0.221337437915721,0.650136214899674,0.801446197245137
2013,"Gaur","GAR",2,"ndvi_cv + elev + BB + DE",-0.219612380133241,0.64143289283295,0.8028299544159
2014,"Gaur","GAR",2,"ndvi_cv + elev + BB + DE",-0.237304937788739,0.655144144002929,0.788750735173812
2015,"Gaur","GAR",2,"ndvi_cv + elev + BB + DE",-0.241281115645532,0.66030329506049,0.785620751804488
2016,"Gaur","GAR",2,"ndvi_cv + elev + BB + DE",-0.248813898921056,0.662296833953578,0.779725067917669
2017,"Gaur","GAR",2,"ndvi_cv + elev + BB + DE",-0.242553423306284,0.688684478720975,0.784621830606031
2018,"Gaur","GAR",2,"ndvi_cv + elev + BB + DE",-0.240680782315995,0.688847207419672,0.786092778805531
2019,"Gaur","GAR",2,"ndvi_cv + elev + BB + DE",-0.255013752084068,0.696252816290752,0.774905860629616
2020,"Gaur","GAR",2,"ndvi_cv + elev + BB + DE",-0.255489778538442,0.72093912554845,0.774537117928958
2021,"Gaur","GAR",2,"ndvi_cv + elev + BB + DE",-0.249359602030767,0.749365427480744,0.779299686074191
2022,"Gaur","GAR",2,"ndvi_cv + elev + BB + DE",-0.269210290425758,0.777155802796989,0.763982602592581
2023,"Gaur","GAR",2,"ndvi_cv + elev + BB + DE",-0.256329409715443,0.838852070139879,0.773887003674662
2024,"Gaur","GAR",2,"ndvi_cv + elev + BB + DE",-0.250180342005894,0.977486406737597,0.778660345247084
2025,"Gaur","GAR",2,"ndvi_cv + elev + BB + DE",-0.228989151056428,0.836618758163674,0.795337169238369
2026,"Gaur","GAR",2,"ndvi_cv + elev + BB + DE",-0.222908328736015,0.732121327877465,0.800188200369359
2027,"Gaur","GAR",2,"ndvi_cv + elev + BB + DE",-0.22266147696576,0.721266284338661,0.800385752649857
2028,"Gaur","GAR",2,"ndvi_cv + elev + BB + DE",-0.248457991629314,0.706741223518352,0.780002626841286
2029,"Gaur","GAR",2,"ndvi_cv + elev + BB + DE",-0.248909232894052,0.690092764381341,0.77965074072934
2030,"Gaur","GAR",2,"ndvi_cv + elev + BB + DE",-0.25106810795716,0.679719795550851,0.777969385267067
2031,"Gaur","GAR",2,"ndvi_cv + elev + BB + DE",-0.24768044260601,0.664893789955233,0.78060935305522
2032,"Gaur","GAR",2,"ndvi_cv + elev + BB + DE",-0.27698577281666,0.655283961294664,0.758065285621067
2033,"Gaur","GAR",2,"ndvi_cv + elev + BB + DE",-0.273902292067643,0.650350710165682,0.760406369618081
2034,"Gaur","GAR",2,"ndvi_cv + elev + BB + DE",-0.279508560002677,0.655017154727874,0.756155255327455
2035,"Gaur","GAR",2,"ndvi_cv + elev + BB + DE",-0.299135340419643,0.652073203556991,0.741459053265392
2036,"Gaur","GAR",2,"ndvi_cv + elev + BB + DE",-0.290229744795115,0.651419699468617,0.748091677770298
2037,"Gaur","GAR",2,"ndvi_cv + elev + BB + DE",-0.280180811598568,0.63481873825614,0.755647101127867
2038,"Gaur","GAR",2,"ndvi_cv + elev + BB + DE",-0.284884162767818,0.636102108685594,0.75210137062967
2039,"Gaur","GAR",2,"ndvi_cv + elev + BB + DE",-0.2658559526447,0.632630331692613,0.766549539186459
2040,"Gaur","GAR",2,"ndvi_cv + elev + BB + DE",-0.248215844892487,0.629034465541617,0.780191530863995
2041,"Gaur","GAR",2,"ndvi_cv + elev + BB + DE",-0.238394621706657,0.63243496300751,0.787891721650634
2042,"Gaur","GAR",2,"ndvi_cv + elev + BB + DE",-0.22582989404475,0.634513736877573,0.797853814299483
2043,"Gaur","GAR",2,"ndvi_cv + elev + BB + DE",-0.209916745125607,0.646908603519582,0.810651744781291
2044,"Gaur","GAR",2,"ndvi_cv + elev + BB + DE",-0.199440415529997,0.649136100432005,0.819189030349239
2045,"Gaur","GAR",2,"ndvi_cv + elev + BB + DE",-0.197695189398906,0.649465443503955,0.82061995060939
2046,"Gaur","GAR",2,"ndvi_cv + elev + BB + DE",-0.208321047454079,0.641145237104562,0.811946324652467
2047,"Gaur","GAR",2,"ndvi_cv + elev + BB + DE",-0.200393481923882,0.642375993150539,0.818408661081008
2048,"Gaur","GAR",2,"ndvi_cv + elev + BB + DE",-0.206762728812188,0.653962170729314,0.813212610753577
2049,"Gaur","GAR",2,"ndvi_cv + elev + BB + DE",-0.225535032235451,0.646516107009233,0.798089101347472
2050,"Gaur","GAR",2,"ndvi_cv + elev + BB + DE",-0.243472484846903,0.651911297592261,0.783901049564779
2051,"Gaur","GAR",2,"ndvi_cv + elev + BB + DE",-0.246377501966319,0.653324528227404,0.78162710702446
2052,"Gaur","GAR",2,"ndvi_cv + elev + BB + DE",-0.273517797955912,0.655988922231375,0.760698800714559
2053,"Gaur","GAR",2,"ndvi_cv + elev + BB + DE",-0.271238677323336,0.68155059424713,0.762434505565624
2054,"Gaur","GAR",2,"ndvi_cv + elev + BB + DE",-0.275490180452282,0.689913006259989,0.759199894311026
2055,"Gaur","GAR",2,"ndvi_cv + elev + BB + DE",-0.269226225626888,0.704620731026592,0.76397040641371
2056,"Gaur","GAR",2,"ndvi_cv + elev + BB + DE",-0.281734009982286,0.721829046943892,0.754474340566941
2057,"Gaur","GAR",2,"ndvi_cv + elev + BB + DE",-0.288107529001852,0.741038349053916,0.749681183676017
2058,"Gaur","GAR",2,"ndvi_cv + elev + BB + DE",-0.287711780225781,0.780875281048408,0.749977719890111
2059,"Gaur","GAR",2,"ndvi_cv + elev + BB + DE",-0.267500039292116,0.849755005280283,0.765290300583446
2060,"Gaur","GAR",2,"ndvi_cv + elev + BB + DE",-0.253345197139504,0.974043657708316,0.776199911508012
2061,"Gaur","GAR",2,"ndvi_cv + elev + BB + DE",-0.2582029457612,0.784916454827228,0.772438457053088
2062,"Gaur","GAR",2,"ndvi_cv + elev + BB + DE",-0.254867409907748,0.733012148543591,0.775019253813703
2063,"Gaur","GAR",2,"ndvi_cv + elev + BB + DE",-0.241725665752512,0.704686671767873,0.785271577442878
2064,"Gaur","GAR",2,"ndvi_cv + elev + BB + DE",-0.250188350047317,0.70025750721987,0.778654150004317
2065,"Gaur","GAR",2,"ndvi_cv + elev + BB + DE",-0.25496925594761,0.689603711995722,0.7749403291139
2066,"Gaur","GAR",2,"ndvi_cv + elev + BB + DE",-0.261450188637489,0.678722867351099,0.769934226210823
2067,"Gaur","GAR",2,"ndvi_cv + elev + BB + DE",-0.274907211501315,0.679181292310295,0.759642606481995
2068,"Gaur","GAR",2,"ndvi_cv + elev + BB + DE",-0.270761755758104,0.662973203816944,0.762798208369243
2069,"Gaur","GAR",2,"ndvi_cv + elev + BB + DE",-0.271809779515836,0.649528258397807,0.76199922801578
2070,"Gaur","GAR",2,"ndvi_cv + elev + BB + DE",-0.280001574596512,0.661352527585883,0.755782568649004
2071,"Gaur","GAR",2,"ndvi_cv + elev + BB + DE",-0.276380285017047,0.650459316663839,0.75852446667497
2072,"Gaur","GAR",2,"ndvi_cv + elev + BB + DE",-0.29388580762656,0.647384410569662,0.745361603816886
2073,"Gaur","GAR",2,"ndvi_cv + elev + BB + DE",-0.287248751210406,0.645167789149664,0.750325061391303
2074,"Gaur","GAR",2,"ndvi_cv + elev + BB + DE",-0.276190174921827,0.642147117110725,0.758668637413228
2075,"Gaur","GAR",2,"ndvi_cv + elev + BB + DE",-0.253640384451221,0.631142269195159,0.77597080554978
2076,"Gaur","GAR",2,"ndvi_cv + elev + BB + DE",-0.234979772780947,0.619256181245613,0.790586845493771
2077,"Gaur","GAR",2,"ndvi_cv + elev + BB + DE",-0.211647356948946,0.636112589613848,0.809250024963863
2078,"Gaur","GAR",2,"ndvi_cv + elev + BB + DE",-0.185237228607873,0.642798003362464,0.830907148876845
2079,"Gaur","GAR",2,"ndvi_cv + elev + BB + DE",-0.187701640146424,0.640696022541266,0.828861970657891
2080,"Gaur","GAR",2,"ndvi_cv + elev + BB + DE",-0.170283767992524,0.655462751307653,0.843425455311462
2081,"Gaur","GAR",2,"ndvi_cv + elev + BB + DE",-0.163352644526165,0.646667871350853,0.849291644412711
2082,"Gaur","GAR",2,"ndvi_cv + elev + BB + DE",-0.154352695341776,0.640948503858447,0.856969723019619
2083,"Gaur","GAR",2,"ndvi_cv + elev + BB + DE",-0.169334274658882,0.647965540428527,0.844226653251304
2084,"Gaur","GAR",2,"ndvi_cv + elev + BB + DE",-0.20199484762563,0.657927875850077,0.817099153231066
2085,"Gaur","GAR",2,"ndvi_cv + elev + BB + DE",-0.21279455836567,0.656771842396573,0.808322185793308
2086,"Gaur","GAR",2,"ndvi_cv + elev + BB + DE",-0.252957618647138,0.651928274728481,0.776500793976773
2087,"Gaur","GAR",2,"ndvi_cv + elev + BB + DE",-0.287025747969985,0.659126192481255,0.75049240802883
2088,"Gaur","GAR",2,"ndvi_cv + elev + BB + DE",-0.285137724255369,0.662571406785126,0.751910691078033
2089,"Gaur","GAR",2,"ndvi_cv + elev + BB + DE",-0.298821999264876,0.66462305136972,0.741691454035092
2090,"Gaur","GAR",2,"ndvi_cv + elev + BB + DE",-0.294057770930291,0.674564152668505,0.745233437887706
2091,"Gaur","GAR",2,"ndvi_cv + elev + BB + DE",-0.282815768024977,0.695434871920623,0.753658623588533
2092,"Gaur","GAR",2,"ndvi_cv + elev + BB + DE",-0.310582088822139,0.727304788331847,0.733020153039035
2093,"Gaur","GAR",2,"ndvi_cv + elev + BB + DE",-0.293401721840602,0.746447012888388,0.74572250797884
2094,"Gaur","GAR",2,"ndvi_cv + elev + BB + DE",-0.291077197138849,0.777248899403316,0.747457976209352
2095,"Gaur","GAR",2,"ndvi_cv + elev + BB + DE",-0.28152806997303,0.858855751758105,0.754629734084783
2096,"Gaur","GAR",2,"ndvi_cv + elev + BB + DE",-0.261258957928503,1.06199777156238,0.770081475838276
2097,"Gaur","GAR",2,"ndvi_cv + elev + BB + DE",-0.272632280712808,0.866077280273387,0.761372707600779
2098,"Gaur","GAR",2,"ndvi_cv + elev + BB + DE",-0.274254613852038,0.78780462914721,0.760138526414011
2099,"Gaur","GAR",2,"ndvi_cv + elev + BB + DE",-0.26302864306348,0.735851133444405,0.768719903288638
2100,"Gaur","GAR",2,"ndvi_cv + elev + BB + DE",-0.270858048633667,0.710049154315231,0.762724769933755
2101,"Gaur","GAR",2,"ndvi_cv + elev + BB + DE",-0.270266139935113,0.696957590170635,0.763176356086487
2102,"Gaur","GAR",2,"ndvi_cv + elev + BB + DE",-0.253072645153226,0.68745281494563,0.776411478752209
2103,"Gaur","GAR",2,"ndvi_cv + elev + BB + DE",-0.265708013000413,0.677752953844182,0.766662951622966
2104,"Gaur","GAR",2,"ndvi_cv + elev + BB + DE",-0.289221489747931,0.667158014687649,0.748846332771329
2105,"Gaur","GAR",2,"ndvi_cv + elev + BB + DE",-0.298330348593298,0.654095421232606,0.742056183288948
2106,"Gaur","GAR",2,"ndvi_cv + elev + BB + DE",-0.298813873139182,0.655665451932068,0.741697447016702
2107,"Gaur","GAR",2,"ndvi_cv + elev + BB + DE",-0.301194249990216,0.654238449365394,0.739934028307788
2108,"Gaur","GAR",2,"ndvi_cv + elev + BB + DE",-0.30109806425163,0.642359158653278,0.740005201938566
2109,"Gaur","GAR",2,"ndvi_cv + elev + BB + DE",-0.285413292740317,0.642038805253763,0.751703516672793
2110,"Gaur","GAR",2,"ndvi_cv + elev + BB + DE",-0.264419991245128,0.650405497720219,0.767651066516493
2111,"Gaur","GAR",2,"ndvi_cv + elev + BB + DE",-0.26037552680257,0.644764232863825,0.770762142749302
2112,"Gaur","GAR",2,"ndvi_cv + elev + BB + DE",-0.230373816536241,0.631680020883031,0.794236649959454
2113,"Gaur","GAR",2,"ndvi_cv + elev + BB + DE",-0.202574244993011,0.625075270396266,0.816625850084775
2114,"Gaur","GAR",2,"ndvi_cv + elev + BB + DE",-0.193648267900418,0.647169424501765,0.823947666812284
2115,"Gaur","GAR",2,"ndvi_cv + elev + BB + DE",-0.172394724471341,0.650267292502366,0.841646889005796
2116,"Gaur","GAR",2,"ndvi_cv + elev + BB + DE",-0.168836042344661,0.637624022056209,0.84464737890616
2117,"Gaur","GAR",2,"ndvi_cv + elev + BB + DE",-0.145269123241022,0.640489452841061,0.864789537975276
2118,"Gaur","GAR",2,"ndvi_cv + elev + BB + DE",-0.102421580818392,0.650923313984879,0.9026489356502
2119,"Gaur","GAR",2,"ndvi_cv + elev + BB + DE",-0.116773823431217,0.639188058276076,0.889786420307516
2120,"Gaur","GAR",2,"ndvi_cv + elev + BB + DE",-0.145216274125547,0.636194946897046,0.864835233010768
2121,"Gaur","GAR",2,"ndvi_cv + elev + BB + DE",-0.17276521137486,0.636737291782452,0.841335134865944
2122,"Gaur","GAR",2,"ndvi_cv + elev + BB + DE",-0.208578664572484,0.651038883168534,0.811737177353093
2123,"Gaur","GAR",2,"ndvi_cv + elev + BB + DE",-0.277782490474277,0.64682238684638,0.757461559986585
2124,"Gaur","GAR",2,"ndvi_cv + elev + BB + DE",-0.302746541599481,0.647989506674639,0.738786329914686
2125,"Gaur","GAR",2,"ndvi_cv + elev + BB + DE",-0.337754787592525,0.655918912450399,0.713370194057682
2126,"Gaur","GAR",2,"ndvi_cv + elev + BB + DE",-0.34742763728597,0.654097282330302,0.70650313972223
2127,"Gaur","GAR",2,"ndvi_cv + elev + BB + DE",-0.33268794640626,0.682905973720194,0.716993899782819
2128,"Gaur","GAR",2,"ndvi_cv + elev + BB + DE",-0.335808344090699,0.697299126275686,0.71476008090324
2129,"Gaur","GAR",2,"ndvi_cv + elev + BB + DE",-0.316971813413959,0.725253142925311,0.728351284680776
2130,"Gaur","GAR",2,"ndvi_cv + elev + BB + DE",-0.298565014279114,0.746686313777271,0.741882050369805
2131,"Gaur","GAR",2,"ndvi_cv + elev + BB + DE",-0.287536862786559,0.808872686103502,0.750108917722995
2132,"Gaur","GAR",2,"ndvi_cv + elev + BB + DE",-0.2835606384829,0.922309603994678,0.753097638313047
2133,"Gaur","GAR",2,"ndvi_cv + elev + BB + DE",-0.294993957163105,0.928812134651575,0.744536166857901
2134,"Gaur","GAR",2,"ndvi_cv + elev + BB + DE",-0.291605786164553,0.818676303981189,0.747062984255223
2135,"Gaur","GAR",2,"ndvi_cv + elev + BB + DE",-0.284394902809547,0.773146849343849,0.752469458262157
2136,"Gaur","GAR",2,"ndvi_cv + elev + BB + DE",-0.286217697260705,0.737829999987432,0.751099093942601
2137,"Gaur","GAR",2,"ndvi_cv + elev + BB + DE",-0.281830333111435,0.719220347804036,0.754401670697534
2138,"Gaur","GAR",2,"ndvi_cv + elev + BB + DE",-0.292230159633153,0.711906161231744,0.746596683991507
2139,"Gaur","GAR",2,"ndvi_cv + elev + BB + DE",-0.28700054865742,0.690819625976833,0.750511357649077
2140,"Gaur","GAR",2,"ndvi_cv + elev + BB + DE",-0.284430109714663,0.677826801959875,0.75244294215378
2141,"Gaur","GAR",2,"ndvi_cv + elev + BB + DE",-0.274805291685589,0.674539624574533,0.759720081582381
2142,"Gaur","GAR",2,"ndvi_cv + elev + BB + DE",-0.301792626939599,0.661316746180284,0.73949140321601
2143,"Gaur","GAR",2,"ndvi_cv + elev + BB + DE",-0.311957958463068,0.651793514877784,0.732012306275026
2144,"Gaur","GAR",2,"ndvi_cv + elev + BB + DE",-0.324047306752657,0.646310580625379,0.723216028585657
2145,"Gaur","GAR",2,"ndvi_cv + elev + BB + DE",-0.31075733863717,0.635501670226384,0.732891699015055
2146,"Gaur","GAR",2,"ndvi_cv + elev + BB + DE",-0.297536562727426,0.641593492337447,0.742645431792923
2147,"Gaur","GAR",2,"ndvi_cv + elev + BB + DE",-0.264082231318247,0.634076933217992,0.767910390862634
2148,"Gaur","GAR",2,"ndvi_cv + elev + BB + DE",-0.236452972222816,0.624940228856185,0.789423016407437
2149,"Gaur","GAR",2,"ndvi_cv + elev + BB + DE",-0.225679074103706,0.6292926988716,0.797974157766859
2150,"Gaur","GAR",2,"ndvi_cv + elev + BB + DE",-0.165863282541703,0.625151417142227,0.84716205185764
2151,"Gaur","GAR",2,"ndvi_cv + elev + BB + DE",-0.170552223921537,0.6250758141947,0.843199061566624
2152,"Gaur","GAR",2,"ndvi_cv + elev + BB + DE",-0.165665141166351,0.646947788632236,0.847329975126789
2153,"Gaur","GAR",2,"ndvi_cv + elev + BB + DE",-0.136650526313179,0.64528278898284,0.872275010985841
2154,"Gaur","GAR",2,"ndvi_cv + elev + BB + DE",-0.11710060237292,0.646044353910601,0.88949571162265
2155,"Gaur","GAR",2,"ndvi_cv + elev + BB + DE",-0.0875155369321034,0.633384279405556,0.916204643836081
2156,"Gaur","GAR",2,"ndvi_cv + elev + BB + DE",-0.0185450246159688,0.622201732720724,0.981625878080828
2157,"Gaur","GAR",2,"ndvi_cv + elev + BB + DE",-0.0797911442559968,0.628752425625142,0.923309166349602
2158,"Gaur","GAR",2,"ndvi_cv + elev + BB + DE",-0.152565702729949,0.630493308250892,0.858502486875129
2159,"Gaur","GAR",2,"ndvi_cv + elev + BB + DE",-0.214548725474486,0.64426557968285,0.806905502566824
2160,"Gaur","GAR",2,"ndvi_cv + elev + BB + DE",-0.275854523176149,0.661436760473502,0.758923343026492
2161,"Gaur","GAR",2,"ndvi_cv + elev + BB + DE",-0.352504198907073,0.647992617737738,0.702925620041666
2162,"Gaur","GAR",2,"ndvi_cv + elev + BB + DE",-0.434713492906451,0.612640208410102,0.647450139646918
2163,"Gaur","GAR",2,"ndvi_cv + elev + BB + DE",-0.36964076815989,0.672355660426637,0.690982515461893
2164,"Gaur","GAR",2,"ndvi_cv + elev + BB + DE",-0.342251442831975,0.685509154954606,0.710169615262056
2165,"Gaur","GAR",2,"ndvi_cv + elev + BB + DE",-0.330222067363588,0.698077665498875,0.718764101820958
2166,"Gaur","GAR",2,"ndvi_cv + elev + BB + DE",-0.336241575493609,0.719285735930675,0.714450493766038
2167,"Gaur","GAR",2,"ndvi_cv + elev + BB + DE",-0.334257010297166,0.756881027648632,0.715869773155724
2168,"Gaur","GAR",2,"ndvi_cv + elev + BB + DE",-0.316667953007434,0.823240255914779,0.728572635319877
2169,"Gaur","GAR",2,"ndvi_cv + elev + BB + DE",-0.296905544074245,0.898270020664856,0.743114205829914
2170,"Gaur","GAR",2,"ndvi_cv + elev + BB + DE",-0.299355937616308,0.797820171768046,0.74129550988648
2171,"Gaur","GAR",2,"ndvi_cv + elev + BB + DE",-0.293709396397232,0.766589238285195,0.745493110416471
2172,"Gaur","GAR",2,"ndvi_cv + elev + BB + DE",-0.294254054614857,0.72638483590158,0.745087188565103
2173,"Gaur","GAR",2,"ndvi_cv + elev + BB + DE",-0.303405201104061,0.720426300083669,0.738299882277216
2174,"Gaur","GAR",2,"ndvi_cv + elev + BB + DE",-0.287357760036615,0.701708007902002,0.750243281070159
2175,"Gaur","GAR",2,"ndvi_cv + elev + BB + DE",-0.290261412929829,0.687953453012154,0.748067990089859
2176,"Gaur","GAR",2,"ndvi_cv + elev + BB + DE",-0.300466842472317,0.674029498588822,0.740472457095637
2177,"Gaur","GAR",2,"ndvi_cv + elev + BB + DE",-0.303374354310695,0.667476165517304,0.738322656690499
2178,"Gaur","GAR",2,"ndvi_cv + elev + BB + DE",-0.314073981107329,0.670729444184247,0.730464992600684
2179,"Gaur","GAR",2,"ndvi_cv + elev + BB + DE",-0.310325012502518,0.654470223460482,0.733208616247498
2180,"Gaur","GAR",2,"ndvi_cv + elev + BB + DE",-0.325464271016513,0.658647389314623,0.722191982992815
2181,"Gaur","GAR",2,"ndvi_cv + elev + BB + DE",-0.319961693832414,0.642613424127166,0.72617685486035
2182,"Gaur","GAR",2,"ndvi_cv + elev + BB + DE",-0.299646332520084,0.64670205098664,0.741080322172617
2183,"Gaur","GAR",2,"ndvi_cv + elev + BB + DE",-0.266021297009021,0.647500847118474,0.766422843209743
2184,"Gaur","GAR",2,"ndvi_cv + elev + BB + DE",-0.241661047160851,0.640619200139704,0.785322324482446
2185,"Gaur","GAR",2,"ndvi_cv + elev + BB + DE",-0.216840902388807,0.642738361163034,0.80505809185475
2186,"Gaur","GAR",2,"ndvi_cv + elev + BB + DE",-0.168707272500303,0.626519470235048,0.844756201611994
2187,"Gaur","GAR",2,"ndvi_cv + elev + BB + DE",-0.16087802689096,0.645517849763404,0.851396006567625
2188,"Gaur","GAR",2,"ndvi_cv + elev + BB + DE",-0.153005970050678,0.636822891185553,0.858124632619612
2189,"Gaur","GAR",2,"ndvi_cv + elev + BB + DE",-0.13816975514273,0.647833931808306,0.870950831371748
2190,"Gaur","GAR",2,"ndvi_cv + elev + BB + DE",-0.102476741229043,0.633519523140241,0.90259914857408
2191,"Gaur","GAR",2,"ndvi_cv + elev + BB + DE",-0.0578230780062252,0.627660365909117,0.943816916344656
2192,"Gaur","GAR",2,"ndvi_cv + elev + BB + DE",0.00769288757396744,0.604826080635073,1.00772255665597
2193,"Gaur","GAR",2,"ndvi_cv + elev + BB + DE",-0.0676397534567242,0.632112076719225,0.934597098704569
2194,"Gaur","GAR",2,"ndvi_cv + elev + BB + DE",-0.140072450331883,0.630066697588709,0.869295252652697
2195,"Gaur","GAR",2,"ndvi_cv + elev + BB + DE",-0.227819862299661,0.646469628819011,0.796267707899243
2196,"Gaur","GAR",2,"ndvi_cv + elev + BB + DE",-0.281533655024804,0.648756314526724,0.754625544054564
2197,"Gaur","GAR",2,"ndvi_cv + elev + BB + DE",-0.353208846541166,0.64188682615013,0.702430513186511
2198,"Gaur","GAR",2,"ndvi_cv + elev + BB + DE",-0.469844249419356,0.61144227027887,0.625099796680426
2199,"Gaur","GAR",2,"ndvi_cv + elev + BB + DE",-0.388921337762053,0.661204370756601,0.677787584573134
2200,"Gaur","GAR",2,"ndvi_cv + elev + BB + DE",-0.357014577399414,0.680447124445213,0.699762301909967
2201,"Gaur","GAR",2,"ndvi_cv + elev + BB + DE",-0.342807439188603,0.706421596504708,0.709774936745943
2202,"Gaur","GAR",2,"ndvi_cv + elev + BB + DE",-0.316179531901271,0.716987834695327,0.728928572648082
2203,"Gaur","GAR",2,"ndvi_cv + elev + BB + DE",-0.342931465952651,0.758120881644257,0.709686906085871
2204,"Gaur","GAR",2,"ndvi_cv + elev + BB + DE",-0.320347564903224,0.851157943656457,0.725896698717386
2205,"Gaur","GAR",2,"ndvi_cv + elev + BB + DE",-0.29969095659516,0.879934346498087,0.741047205487618
2206,"Gaur","GAR",2,"ndvi_cv + elev + BB + DE",-0.308099923630455,0.792521506798739,0.73484191474698
2207,"Gaur","GAR",2,"ndvi_cv + elev + BB + DE",-0.299168812425633,0.755954381401423,0.741434298035335
2208,"Gaur","GAR",2,"ndvi_cv + elev + BB + DE",-0.297740149516187,0.737959315757881,0.742494335095233
2209,"Gaur","GAR",2,"ndvi_cv + elev + BB + DE",-0.293087927390485,0.713041014555227,0.745956547896293
2210,"Gaur","GAR",2,"ndvi_cv + elev + BB + DE",-0.29430471272522,0.688389318138095,0.745049455652573
2211,"Gaur","GAR",2,"ndvi_cv + elev + BB + DE",-0.309341894450766,0.685836194283414,0.733929858386035
2212,"Gaur","GAR",2,"ndvi_cv + elev + BB + DE",-0.309908512757287,0.684923527326866,0.733514084392857
2213,"Gaur","GAR",2,"ndvi_cv + elev + BB + DE",-0.310580273147332,0.676815668138131,0.733021519795819
2214,"Gaur","GAR",2,"ndvi_cv + elev + BB + DE",-0.312226155880508,0.664348051354842,0.731816011664934
2215,"Gaur","GAR",2,"ndvi_cv + elev + BB + DE",-0.315172706618679,0.650263203365664,0.729662845791335
2216,"Gaur","GAR",2,"ndvi_cv + elev + BB + DE",-0.321519311443129,0.667201001316744,0.725046628213788
2217,"Gaur","GAR",2,"ndvi_cv + elev + BB + DE",-0.305035280181124,0.647000973178209,0.737097369510845
2218,"Gaur","GAR",2,"ndvi_cv + elev + BB + DE",-0.28227585644019,0.64846889663193,0.754065654683591
2219,"Gaur","GAR",2,"ndvi_cv + elev + BB + DE",-0.27337450278843,0.653170284480167,0.760807812403463
2220,"Gaur","GAR",2,"ndvi_cv + elev + BB + DE",-0.256166768606158,0.64966030307352,0.774012931614527
2221,"Gaur","GAR",2,"ndvi_cv + elev + BB + DE",-0.2279828628519,0.641001367662069,0.79613791002758
2222,"Gaur","GAR",2,"ndvi_cv + elev + BB + DE",-0.196485269700591,0.637965223480942,0.821613443955001
2223,"Gaur","GAR",2,"ndvi_cv + elev + BB + DE",-0.171862363096762,0.642408849122404,0.842095102798306
2224,"Gaur","GAR",2,"ndvi_cv + elev + BB + DE",-0.145255251926288,0.647850940218059,0.864801523659773
2225,"Gaur","GAR",2,"ndvi_cv + elev + BB + DE",-0.138339975483728,0.646857115024244,0.870802600684371
2226,"Gaur","GAR",2,"ndvi_cv + elev + BB + DE",-0.101163907402212,0.652713177984079,0.903784885700616
2227,"Gaur","GAR",2,"ndvi_cv + elev + BB + DE",-0.0798348668596755,0.641948933986563,0.923268809899743
2228,"Gaur","GAR",2,"ndvi_cv + elev + BB + DE",-0.0552733430498524,0.637664075010975,0.946226468190896
2229,"Gaur","GAR",2,"ndvi_cv + elev + BB + DE",-0.0810719182752423,0.639121240539867,0.922127383163569
2230,"Gaur","GAR",2,"ndvi_cv + elev + BB + DE",-0.135663518946382,0.645301621706243,0.873136383118149
2231,"Gaur","GAR",2,"ndvi_cv + elev + BB + DE",-0.209410342447206,0.647070519470517,0.811062355109253
2232,"Gaur","GAR",2,"ndvi_cv + elev + BB + DE",-0.271704147004996,0.652425267101769,0.762079777981322
2233,"Gaur","GAR",2,"ndvi_cv + elev + BB + DE",-0.333748291266221,0.66041954009895,0.716234041911808
2234,"Gaur","GAR",2,"ndvi_cv + elev + BB + DE",-0.378082831209543,0.652793133769781,0.685173747263369
2235,"Gaur","GAR",2,"ndvi_cv + elev + BB + DE",-0.376311390344771,0.660248660116987,0.686388565394281
2236,"Gaur","GAR",2,"ndvi_cv + elev + BB + DE",-0.372047008849239,0.683056188131872,0.68932183776936
2237,"Gaur","GAR",2,"ndvi_cv + elev + BB + DE",-0.358863568849542,0.696313938324708,0.69846964495517
2238,"Gaur","GAR",2,"ndvi_cv + elev + BB + DE",-0.342046827127755,0.734256796645485,0.71031494970692
2239,"Gaur","GAR",2,"ndvi_cv + elev + BB + DE",-0.350052498140136,0.778148395992688,0.704651095879045
2240,"Gaur","GAR",2,"ndvi_cv + elev + BB + DE",-0.348427387648641,0.888923289177249,0.705797261323393
2241,"Gaur","GAR",2,"ndvi_cv + elev + BB + DE",-0.297371013693743,0.990606035780812,0.742768387590552
2242,"Gaur","GAR",2,"ndvi_cv + elev + BB + DE",-0.303097591874063,0.858709392818615,0.738527018962942
2243,"Gaur","GAR",2,"ndvi_cv + elev + BB + DE",-0.302710310530522,0.804755943894939,0.738813096869684
2244,"Gaur","GAR",2,"ndvi_cv + elev + BB + DE",-0.302259832982996,0.75650384549203,0.739145989881175
2245,"Gaur","GAR",2,"ndvi_cv + elev + BB + DE",-0.31497306381026,0.720600830590663,0.729808535933693
2246,"Gaur","GAR",2,"ndvi_cv + elev + BB + DE",-0.300132979715094,0.708824901187329,0.740719713997975
2247,"Gaur","GAR",2,"ndvi_cv + elev + BB + DE",-0.307208035489752,0.702248628246993,0.735497591184402
2248,"Gaur","GAR",2,"ndvi_cv + elev + BB + DE",-0.29697623831941,0.695922881351809,0.743061670659625
2249,"Gaur","GAR",2,"ndvi_cv + elev + BB + DE",-0.305790438224759,0.680556987017559,0.736540958037026
2250,"Gaur","GAR",2,"ndvi_cv + elev + BB + DE",-0.304067676418991,0.683128884792465,0.73781093586768
2251,"Gaur","GAR",2,"ndvi_cv + elev + BB + DE",-0.335084862745313,0.672280754748335,0.715277388369512
2252,"Gaur","GAR",2,"ndvi_cv + elev + BB + DE",-0.331699410804446,0.665041512538097,0.717703026521561
2253,"Gaur","GAR",2,"ndvi_cv + elev + BB + DE",-0.324943807936365,0.663193362672365,0.722567973492948
2254,"Gaur","GAR",2,"ndvi_cv + elev + BB + DE",-0.311426542447106,0.654866748151194,0.732401423405549
2255,"Gaur","GAR",2,"ndvi_cv + elev + BB + DE",-0.315313349465056,0.65528682761652,0.729560236224261
2256,"Gaur","GAR",2,"ndvi_cv + elev + BB + DE",-0.28191325279201,0.661250232317455,0.754339118641184
2257,"Gaur","GAR",2,"ndvi_cv + elev + BB + DE",-0.259375508592567,0.654349333966284,0.771533253835595
2258,"Gaur","GAR",2,"ndvi_cv + elev + BB + DE",-0.245654022250945,0.646960968877204,0.782192806779819
2259,"Gaur","GAR",2,"ndvi_cv + elev + BB + DE",-0.215138711558495,0.640765041279767,0.806429579111792
2260,"Gaur","GAR",2,"ndvi_cv + elev + BB + DE",-0.192256285385668,0.635685670109079,0.825095386004075
2261,"Gaur","GAR",2,"ndvi_cv + elev + BB + DE",-0.15174924070883,0.639078356192207,0.85920374902042
2262,"Gaur","GAR",2,"ndvi_cv + elev + BB + DE",-0.129865610616283,0.646633421049528,0.878213445994674
2263,"Gaur","GAR",2,"ndvi_cv + elev + BB + DE",-0.0929880602007869,0.643110475844324,0.911204384689524
2264,"Gaur","GAR",2,"ndvi_cv + elev + BB + DE",-0.0715457563931892,0.639165421837626,0.930953679555803
2265,"Gaur","GAR",2,"ndvi_cv + elev + BB + DE",-0.0611216587065876,0.643220817614624,0.940708787542881
2266,"Gaur","GAR",2,"ndvi_cv + elev + BB + DE",-0.0924595320754385,0.652412436116522,0.911686142422866
2267,"Gaur","GAR",2,"ndvi_cv + elev + BB + DE",-0.152198874523244,0.64886547831684,0.858817475639646
2268,"Gaur","GAR",2,"ndvi_cv + elev + BB + DE",-0.189736130121451,0.645072259915239,0.827177377957271
2269,"Gaur","GAR",2,"ndvi_cv + elev + BB + DE",-0.250739739985212,0.652253378863928,0.778224886090532
2270,"Gaur","GAR",2,"ndvi_cv + elev + BB + DE",-0.30483661503996,0.660938597060387,0.737243826810605
2271,"Gaur","GAR",2,"ndvi_cv + elev + BB + DE",-0.356747325024061,0.676674611212639,0.699949339128417
2272,"Gaur","GAR",2,"ndvi_cv + elev + BB + DE",-0.368718670510472,0.674212333878059,0.691619956266955
2273,"Gaur","GAR",2,"ndvi_cv + elev + BB + DE",-0.36644323348894,0.689011830520622,0.693195509370151
2274,"Gaur","GAR",2,"ndvi_cv + elev + BB + DE",-0.359934523558537,0.704330753974864,0.697722088194916
2275,"Gaur","GAR",2,"ndvi_cv + elev + BB + DE",-0.35007305541134,0.745513579204391,0.704636620403778
2276,"Gaur","GAR",2,"ndvi_cv + elev + BB + DE",-0.350511569818212,0.800853257828889,0.704327688970818
2277,"Gaur","GAR",2,"ndvi_cv + elev + BB + DE",-0.346598560792222,0.935426145261121,0.707089238674755
2278,"Gaur","GAR",2,"ndvi_cv + elev + BB + DE",-0.302848990252715,1.00522784071278,0.738710641536503
2279,"Gaur","GAR",2,"ndvi_cv + elev + BB + DE",-0.322040752786581,0.862683433684763,0.724668715562011
2280,"Gaur","GAR",2,"ndvi_cv + elev + BB + DE",-0.323929646879711,0.789224621814562,0.723301149594371
2281,"Gaur","GAR",2,"ndvi_cv + elev + BB + DE",-0.294309782125181,0.761801988383198,0.745045653882119
2282,"Gaur","GAR",2,"ndvi_cv + elev + BB + DE",-0.30988239546534,0.729523813150963,0.733533222005875
2283,"Gaur","GAR",2,"ndvi_cv + elev + BB + DE",-0.307251093176685,0.719283554567161,0.735465910601885
2284,"Gaur","GAR",2,"ndvi_cv + elev + BB + DE",-0.311331581255302,0.707690444861094,0.732470973346191
2285,"Gaur","GAR",2,"ndvi_cv + elev + BB + DE",-0.334350619207025,0.695234400674535,0.715802764348236
2286,"Gaur","GAR",2,"ndvi_cv + elev + BB + DE",-0.323665131518468,0.694905283154704,0.7234924933736
2287,"Gaur","GAR",2,"ndvi_cv + elev + BB + DE",-0.330981105030132,0.691057303747512,0.7182187425779
2288,"Gaur","GAR",2,"ndvi_cv + elev + BB + DE",-0.329030228630178,0.679322652222451,0.71962126378168
2289,"Gaur","GAR",2,"ndvi_cv + elev + BB + DE",-0.324711925963995,0.667031975226564,0.722735525250821
2290,"Gaur","GAR",2,"ndvi_cv + elev + BB + DE",-0.343168640586272,0.669092854622171,0.709518580369362
2291,"Gaur","GAR",2,"ndvi_cv + elev + BB + DE",-0.316613309701287,0.657312910811288,0.728612465890945
2292,"Gaur","GAR",2,"ndvi_cv + elev + BB + DE",-0.316971925773158,0.667433307029066,0.728351207072027
2293,"Gaur","GAR",2,"ndvi_cv + elev + BB + DE",-0.295003171902489,0.654942609043012,0.744529226055618
2294,"Gaur","GAR",2,"ndvi_cv + elev + BB + DE",-0.288654905258339,0.642257048681217,0.749270730191669
2295,"Gaur","GAR",2,"ndvi_cv + elev + BB + DE",-0.249053800414242,0.651811618949681,0.779538032791679
2296,"Gaur","GAR",2,"ndvi_cv + elev + BB + DE",-0.231313889879923,0.651186487942864,0.793490363438586
2297,"Gaur","GAR",2,"ndvi_cv + elev + BB + DE",-0.208125484327552,0.648010221813904,0.812105126365215
2298,"Gaur","GAR",2,"ndvi_cv + elev + BB + DE",-0.169978749923064,0.646376666348224,0.843682746014561
2299,"Gaur","GAR",2,"ndvi_cv + elev + BB + DE",-0.123484805953208,0.656998268545458,0.883835070255967
2300,"Gaur","GAR",2,"ndvi_cv + elev + BB + DE",-0.09504248821788,0.639892800202443,0.909334298927282
2301,"Gaur","GAR",2,"ndvi_cv + elev + BB + DE",-0.0661121448869479,0.640351125686156,0.936025919824753
2302,"Gaur","GAR",2,"ndvi_cv + elev + BB + DE",-0.0560726786356952,0.644789364249545,0.945470436555972
2303,"Gaur","GAR",2,"ndvi_cv + elev + BB + DE",-0.091826588450379,0.647846974580882,0.912263333503485
2304,"Gaur","GAR",2,"ndvi_cv + elev + BB + DE",-0.128133490989454,0.656468911204902,0.879735983913101
2305,"Gaur","GAR",2,"ndvi_cv + elev + BB + DE",-0.199000959504434,0.648962263111406,0.819549107873263
2306,"Gaur","GAR",2,"ndvi_cv + elev + BB + DE",-0.254855054363105,0.650543405460847,0.775028829107262
2307,"Gaur","GAR",2,"ndvi_cv + elev + BB + DE",-0.324544696193378,0.664787690316854,0.722856400073589
2308,"Gaur","GAR",2,"ndvi_cv + elev + BB + DE",-0.358364328948899,0.659072105379351,0.69881849149518
2309,"Gaur","GAR",2,"ndvi_cv + elev + BB + DE",-0.349739677844036,0.68554835250376,0.704871559546951
2310,"Gaur","GAR",2,"ndvi_cv + elev + BB + DE",-0.370780587572808,0.697033472617732,0.690195372755731
2311,"Gaur","GAR",2,"ndvi_cv + elev + BB + DE",-0.374988386177418,0.709886019854013,0.687297264373666
2312,"Gaur","GAR",2,"ndvi_cv + elev + BB + DE",-0.369387540846988,0.736542714939061,0.691157527815984
2313,"Gaur","GAR",2,"ndvi_cv + elev + BB + DE",-0.388013574460231,0.818210304154089,0.678403342451103
2314,"Gaur","GAR",2,"ndvi_cv + elev + BB + DE",-0.324726096054948,0.874655292121984,0.72272529350271
2315,"Gaur","GAR",2,"ndvi_cv + elev + BB + DE",-0.325099907193805,0.798887412310098,0.722455174627473
2316,"Gaur","GAR",2,"ndvi_cv + elev + BB + DE",-0.314863556380967,0.747326034122626,0.729888456529808
2317,"Gaur","GAR",2,"ndvi_cv + elev + BB + DE",-0.321594865326517,0.748998787040529,0.724991854126529
2318,"Gaur","GAR",2,"ndvi_cv + elev + BB + DE",-0.312744250411912,0.734472202481407,0.731436960202297
2319,"Gaur","GAR",2,"ndvi_cv + elev + BB + DE",-0.312710012914442,0.711006555245704,0.731461996431031
2320,"Gaur","GAR",2,"ndvi_cv + elev + BB + DE",-0.330415241098077,0.700555478757454,0.718625296351432
2321,"Gaur","GAR",2,"ndvi_cv + elev + BB + DE",-0.336735297371621,0.685988062134379,0.714097838514423
2322,"Gaur","GAR",2,"ndvi_cv + elev + BB + DE",-0.338588528900388,0.693573272150242,0.712775676963965
2323,"Gaur","GAR",2,"ndvi_cv + elev + BB + DE",-0.345031739739818,0.677797214143108,0.708197912152101
2324,"Gaur","GAR",2,"ndvi_cv + elev + BB + DE",-0.320549230563492,0.675010929413512,0.725750333142523
2325,"Gaur","GAR",2,"ndvi_cv + elev + BB + DE",-0.332356626592808,0.669625349464715,0.717231498832394
2326,"Gaur","GAR",2,"ndvi_cv + elev + BB + DE",-0.326820417689171,0.654175502876144,0.721213343626937
2327,"Gaur","GAR",2,"ndvi_cv + elev + BB + DE",-0.322543445546737,0.661299908833243,0.72430446489084
2328,"Gaur","GAR",2,"ndvi_cv + elev + BB + DE",-0.318701973151485,0.655968692010861,0.727092210514896
2329,"Gaur","GAR",2,"ndvi_cv + elev + BB + DE",-0.306372500319769,0.651348087631539,0.736112411153989
2330,"Gaur","GAR",2,"ndvi_cv + elev + BB + DE",-0.279149507557191,0.655476816523579,0.756426803238851
2331,"Gaur","GAR",2,"ndvi_cv + elev + BB + DE",-0.263828635609925,0.640054391514535,0.76810515759149
2332,"Gaur","GAR",2,"ndvi_cv + elev + BB + DE",-0.234770440956911,0.64402295951747,0.79075235352588
2333,"Gaur","GAR",2,"ndvi_cv + elev + BB + DE",-0.197513775800378,0.654481115825227,0.820768861603897
2334,"Gaur","GAR",2,"ndvi_cv + elev + BB + DE",-0.14808900245367,0.642359299602815,0.862354360123005
2335,"Gaur","GAR",2,"ndvi_cv + elev + BB + DE",-0.103839284704166,0.651842889558021,0.901370149996708
2336,"Gaur","GAR",2,"ndvi_cv + elev + BB + DE",-0.0228796663256501,0.64232574897787,0.977380093143517
2337,"Gaur","GAR",2,"ndvi_cv + elev + BB + DE",0.00512034544799184,0.646168386937544,1.00513347837448
2338,"Gaur","GAR",2,"ndvi_cv + elev + BB + DE",-0.0211299912522006,0.634524161292922,0.979091691236633
2339,"Gaur","GAR",2,"ndvi_cv + elev + BB + DE",-0.120161204820227,0.645953987500689,0.886777472866777
2340,"Gaur","GAR",2,"ndvi_cv + elev + BB + DE",-0.17801608125909,0.65009602554106,0.836928964831622
2341,"Gaur","GAR",2,"ndvi_cv + elev + BB + DE",-0.273975165993963,0.658615082393909,0.760350965037068
2342,"Gaur","GAR",2,"ndvi_cv + elev + BB + DE",-0.340918563508246,0.67031122744522,0.711116817070946
2343,"Gaur","GAR",2,"ndvi_cv + elev + BB + DE",-0.37447529287614,0.674887217904874,0.687650003443099
2344,"Gaur","GAR",2,"ndvi_cv + elev + BB + DE",-0.393425548600882,0.67886787481686,0.674741551159428
2345,"Gaur","GAR",2,"ndvi_cv + elev + BB + DE",-0.392792501041627,0.703887591012856,0.675168834133321
2346,"Gaur","GAR",2,"ndvi_cv + elev + BB + DE",-0.383460140501773,0.724276370700705,0.681499256235479
2347,"Gaur","GAR",2,"ndvi_cv + elev + BB + DE",-0.376740040424965,0.750971176047208,0.686094422011595
2348,"Gaur","GAR",2,"ndvi_cv + elev + BB + DE",-0.374392801889593,0.825304127342432,0.687706729684687
2349,"Gaur","GAR",2,"ndvi_cv + elev + BB + DE",-0.305959307414279,0.902021129061023,0.736416643052836
2350,"Gaur","GAR",2,"ndvi_cv + elev + BB + DE",-0.329809880636528,0.787039455631294,0.719060435731876
2351,"Gaur","GAR",2,"ndvi_cv + elev + BB + DE",-0.310066756048787,0.750095377545327,0.733397995856129
2352,"Gaur","GAR",2,"ndvi_cv + elev + BB + DE",-0.323608505020146,0.752429557117818,0.723533446987852
2353,"Gaur","GAR",2,"ndvi_cv + elev + BB + DE",-0.321201796198473,0.733397558272962,0.72527687819674
2354,"Gaur","GAR",2,"ndvi_cv + elev + BB + DE",-0.320541460555039,0.715987856004221,0.725755962742238
2355,"Gaur","GAR",2,"ndvi_cv + elev + BB + DE",-0.32925159190343,0.712944881419055,0.719461984816061
2356,"Gaur","GAR",2,"ndvi_cv + elev + BB + DE",-0.34015268652741,0.692415322110764,0.711661664117881
2357,"Gaur","GAR",2,"ndvi_cv + elev + BB + DE",-0.34284942258368,0.686004298623884,0.709745122109655
2358,"Gaur","GAR",2,"ndvi_cv + elev + BB + DE",-0.346845322607583,0.692610551524289,0.706914664893727
2359,"Gaur","GAR",2,"ndvi_cv + elev + BB + DE",-0.337665622226963,0.672361708202193,0.713433817233352
2360,"Gaur","GAR",2,"ndvi_cv + elev + BB + DE",-0.347234645667002,0.670697681765556,0.706639512301206
2361,"Gaur","GAR",2,"ndvi_cv + elev + BB + DE",-0.348536185188033,0.655721996572038,0.705720405796237
2362,"Gaur","GAR",2,"ndvi_cv + elev + BB + DE",-0.337060101048938,0.656347044827692,0.713865986231262
2363,"Gaur","GAR",2,"ndvi_cv + elev + BB + DE",-0.324501843841899,0.661360032772584,0.722887374920804
2364,"Gaur","GAR",2,"ndvi_cv + elev + BB + DE",-0.33268833663689,0.662527183292323,0.71699362027017
2365,"Gaur","GAR",2,"ndvi_cv + elev + BB + DE",-0.312942897561626,0.663385965652612,0.73129167232659
2366,"Gaur","GAR",2,"ndvi_cv + elev + BB + DE",-0.319772748716558,0.627882708666531,0.726314077877742
2367,"Gaur","GAR",2,"ndvi_cv + elev + BB + DE",-0.278017074691952,0.646354367521176,0.757283894508105
2368,"Gaur","GAR",2,"ndvi_cv + elev + BB + DE",-0.198308890745408,0.645002922216809,0.820116487632096
2369,"Gaur","GAR",2,"ndvi_cv + elev + BB + DE",-0.139689534568514,0.650702767654076,0.869628222343091
2370,"Gaur","GAR",2,"ndvi_cv + elev + BB + DE",-0.0828285027933486,0.636382553211032,0.920509089891346
2371,"Gaur","GAR",2,"ndvi_cv + elev + BB + DE",0.00463059859351513,0.634190969936591,1.00464133670575
2372,"Gaur","GAR",2,"ndvi_cv + elev + BB + DE",0.209708329781842,0.64096042512517,1.23331828567025
2373,"Gaur","GAR",2,"ndvi_cv + elev + BB + DE",0.0442629543550133,0.649282877079041,1.04525718007899
2374,"Gaur","GAR",2,"ndvi_cv + elev + BB + DE",-0.115229273669764,0.643671950139068,0.891161805534089
2375,"Gaur","GAR",2,"ndvi_cv + elev + BB + DE",-0.219277732836169,0.646645412902017,0.803098679783821
2376,"Gaur","GAR",2,"ndvi_cv + elev + BB + DE",-0.285815697319198,0.65668863079961,0.751401092510444
2377,"Gaur","GAR",2,"ndvi_cv + elev + BB + DE",-0.357490274148682,0.647907619856347,0.699429512112645
2378,"Gaur","GAR",2,"ndvi_cv + elev + BB + DE",-0.477067354883713,0.638065605759647,0.620600730535089
2379,"Gaur","GAR",2,"ndvi_cv + elev + BB + DE",-0.397807435992128,0.684839337006287,0.671791378199454
2380,"Gaur","GAR",2,"ndvi_cv + elev + BB + DE",-0.387093734726626,0.702992860142312,0.679027675552651
2381,"Gaur","GAR",2,"ndvi_cv + elev + BB + DE",-0.384526226985982,0.732678966742158,0.680773093115144
2382,"Gaur","GAR",2,"ndvi_cv + elev + BB + DE",-0.400861688731725,0.775082039920847,0.669742687686441
2383,"Gaur","GAR",2,"ndvi_cv + elev + BB + DE",-0.393777058792932,0.851204339067894,0.674504415847178
2384,"Gaur","GAR",2,"ndvi_cv + elev + BB + DE",-0.414832208806962,0.981061209464892,0.660451145764479
2385,"Gaur","GAR",2,"ndvi_cv + elev + BB + DE",-0.328911610354725,0.876299850386312,0.719706636302939
2386,"Gaur","GAR",2,"ndvi_cv + elev + BB + DE",-0.339414072832554,0.800903587885806,0.712187492972571
2387,"Gaur","GAR",2,"ndvi_cv + elev + BB + DE",-0.335177898451641,0.775683154553909,0.715210840349872
2388,"Gaur","GAR",2,"ndvi_cv + elev + BB + DE",-0.344726141202841,0.755672199739245,0.708414333585543
2389,"Gaur","GAR",2,"ndvi_cv + elev + BB + DE",-0.353337699869285,0.733712123387559,0.702339985970525
2390,"Gaur","GAR",2,"ndvi_cv + elev + BB + DE",-0.337023444136313,0.722411401144959,0.713892125194996
2391,"Gaur","GAR",2,"ndvi_cv + elev + BB + DE",-0.347655802681888,0.714446599178473,0.706341985356946
2392,"Gaur","GAR",2,"ndvi_cv + elev + BB + DE",-0.34253675085319,0.70599759500727,0.709967031327868
2393,"Gaur","GAR",2,"ndvi_cv + elev + BB + DE",-0.359210820960908,0.69509382718352,0.698227169407273
2394,"Gaur","GAR",2,"ndvi_cv + elev + BB + DE",-0.346661937772367,0.6976401543362,0.707044317969867
2395,"Gaur","GAR",2,"ndvi_cv + elev + BB + DE",-0.337785280147829,0.685459383190005,0.713348444331682
2396,"Gaur","GAR",2,"ndvi_cv + elev + BB + DE",-0.353007977068114,0.664822908659685,0.702571591020281
2397,"Gaur","GAR",2,"ndvi_cv + elev + BB + DE",-0.343959845823825,0.668125780792185,0.708957424800701
2398,"Gaur","GAR",2,"ndvi_cv + elev + BB + DE",-0.33495473078379,0.659352748361627,0.715370470256127
2399,"Gaur","GAR",2,"ndvi_cv + elev + BB + DE",-0.34008067266643,0.659159096779785,0.711712904993779
2400,"Gaur","GAR",2,"ndvi_cv + elev + BB + DE",-0.326654483136912,0.661459059505322,0.721332932741417
2401,"Gaur","GAR",2,"ndvi_cv + elev + BB + DE",-0.318342453461992,0.654006324720178,0.727353660980993
2402,"Gaur","GAR",2,"ndvi_cv + elev + BB + DE",-0.320216258391247,0.639508190718466,0.725992018293997
2403,"Gaur","GAR",2,"ndvi_cv + elev + BB + DE",-0.267176880479687,0.651713364387731,0.765537666202581
2404,"Gaur","GAR",2,"ndvi_cv + elev + BB + DE",-0.23343829828201,0.657253612314599,0.791806568327903
2405,"Gaur","GAR",2,"ndvi_cv + elev + BB + DE",-0.180851917157065,0.642636503937657,0.834558933537769
2406,"Gaur","GAR",2,"ndvi_cv + elev + BB + DE",-0.108936294514039,0.648623622094814,0.896787546100085
2407,"Gaur","GAR",2,"ndvi_cv + elev + BB + DE",-0.00990958853926008,0.63390265043699,0.990139358541217
2408,"Gaur","GAR",2,"ndvi_cv + elev + BB + DE",0.189777735227112,0.630229614359229,1.20898086454319
2409,"Gaur","GAR",2,"ndvi_cv + elev + BB + DE",-0.0209358331826849,0.640966660152686,0.979281800059032
2410,"Gaur","GAR",2,"ndvi_cv + elev + BB + DE",-0.138680549690686,0.661878183231632,0.870506067605002
2411,"Gaur","GAR",2,"ndvi_cv + elev + BB + DE",-0.229501980043091,0.649736046277572,0.794929395375263
2412,"Gaur","GAR",2,"ndvi_cv + elev + BB + DE",-0.293076552799816,0.659491797258249,0.745965039304902
2413,"Gaur","GAR",2,"ndvi_cv + elev + BB + DE",-0.354816786233544,0.663074852099232,0.701301980504935
2414,"Gaur","GAR",2,"ndvi_cv + elev + BB + DE",-0.428592522577707,0.653315283828449,0.651425342752475
2415,"Gaur","GAR",2,"ndvi_cv + elev + BB + DE",-0.416754564722619,0.683060037559518,0.659182699161743
2416,"Gaur","GAR",2,"ndvi_cv + elev + BB + DE",-0.385003230393666,0.715526650672217,0.680448439924841
2417,"Gaur","GAR",2,"ndvi_cv + elev + BB + DE",-0.404053315705496,0.754551621710989,0.66760854474248
2418,"Gaur","GAR",2,"ndvi_cv + elev + BB + DE",-0.402589659346715,0.793849341855966,0.668586394791181
2419,"Gaur","GAR",2,"ndvi_cv + elev + BB + DE",-0.407952685261795,0.863807085497443,0.665010411011139
2420,"Gaur","GAR",2,"ndvi_cv + elev + BB + DE",-0.390927028834296,0.989967492156326,0.676429529191222
2421,"Gaur","GAR",2,"ndvi_cv + elev + BB + DE",-0.319673576957561,1.00877693506346,0.72638625967067
2422,"Gaur","GAR",2,"ndvi_cv + elev + BB + DE",-0.334975677949177,0.866979623193433,0.71535548598365
2423,"Gaur","GAR",2,"ndvi_cv + elev + BB + DE",-0.346845339787798,0.80610083673698,0.706914651431894
2424,"Gaur","GAR",2,"ndvi_cv + elev + BB + DE",-0.332402082983926,0.78455871162543,0.71719889762296
2425,"Gaur","GAR",2,"ndvi_cv + elev + BB + DE",-0.337119240428504,0.749234227799189,0.713823722555783
2426,"Gaur","GAR",2,"ndvi_cv + elev + BB + DE",-0.35021116046894,0.748437471510992,0.704539306246683
2427,"Gaur","GAR",2,"ndvi_cv + elev + BB + DE",-0.34849220736923,0.731398569442618,0.705751416696941
2428,"Gaur","GAR",2,"ndvi_cv + elev + BB + DE",-0.356719462147428,0.717802432885537,0.699968861460133
2429,"Gaur","GAR",2,"ndvi_cv + elev + BB + DE",-0.347641362550862,0.708699743934874,0.706352158703405
2430,"Gaur","GAR",2,"ndvi_cv + elev + BB + DE",-0.350004479923691,0.697263272140552,0.704684939304426
2431,"Gaur","GAR",2,"ndvi_cv + elev + BB + DE",-0.353795279352356,0.692606593644003,0.702018767433496
2432,"Gaur","GAR",2,"ndvi_cv + elev + BB + DE",-0.351285679388172,0.690604864844,0.703782672463529
2433,"Gaur","GAR",2,"ndvi_cv + elev + BB + DE",-0.344333588411308,0.678611435688112,0.708692497693056
2434,"Gaur","GAR",2,"ndvi_cv + elev + BB + DE",-0.357670309446934,0.669541802430055,0.699303593638594
2435,"Gaur","GAR",2,"ndvi_cv + elev + BB + DE",-0.346554466831312,0.672064777630266,0.707120435406401
2436,"Gaur","GAR",2,"ndvi_cv + elev + BB + DE",-0.341270499003653,0.661130955430492,0.710866594013336
2437,"Gaur","GAR",2,"ndvi_cv + elev + BB + DE",-0.343414758378618,0.660476308337849,0.709343944439186
2438,"Gaur","GAR",2,"ndvi_cv + elev + BB + DE",-0.333064592491367,0.658983106342233,0.716723897904599
2439,"Gaur","GAR",2,"ndvi_cv + elev + BB + DE",-0.306318602175528,0.649918810902734,0.736152043899365
2440,"Gaur","GAR",2,"ndvi_cv + elev + BB + DE",-0.266982232274026,0.661336863699623,0.765686682393386
2441,"Gaur","GAR",2,"ndvi_cv + elev + BB + DE",-0.25841946177711,0.66480798668841,0.772271280987875
2442,"Gaur","GAR",2,"ndvi_cv + elev + BB + DE",-0.20219934343625,0.653500930796681,0.816932061665592
2443,"Gaur","GAR",2,"ndvi_cv + elev + BB + DE",-0.152278721652876,0.643763569558279,0.858748897025769
2444,"Gaur","GAR",2,"ndvi_cv + elev + BB + DE",-0.110758384391683,0.64359560986771,0.895155008194934
2445,"Gaur","GAR",2,"ndvi_cv + elev + BB + DE",-0.0817414525883726,0.637083703148163,0.921510182139647
2446,"Gaur","GAR",2,"ndvi_cv + elev + BB + DE",-0.118876004057464,0.639247226004363,0.887917894909853
2447,"Gaur","GAR",2,"ndvi_cv + elev + BB + DE",-0.201318550810107,0.655567940736397,0.817651941979879
2448,"Gaur","GAR",2,"ndvi_cv + elev + BB + DE",-0.258340476879721,0.662542277286087,0.772332234334989
2449,"Gaur","GAR",2,"ndvi_cv + elev + BB + DE",-0.324767236541238,0.663428658909248,0.72269555214521
2450,"Gaur","GAR",2,"ndvi_cv + elev + BB + DE",-0.36160839022678,0.669265008522408,0.696555099099627
2451,"Gaur","GAR",2,"ndvi_cv + elev + BB + DE",-0.390105838562532,0.675626255018208,0.676985222765556
2452,"Gaur","GAR",2,"ndvi_cv + elev + BB + DE",-0.425868587759016,0.687924426162185,0.653202232004597
2453,"Gaur","GAR",2,"ndvi_cv + elev + BB + DE",-0.405667828425169,0.715896390809477,0.666531535538853
2454,"Gaur","GAR",2,"ndvi_cv + elev + BB + DE",-0.397910668267797,0.750387314945013,0.671722034876132
2455,"Gaur","GAR",2,"ndvi_cv + elev + BB + DE",-0.394143028520607,0.821497142164014,0.674257616897914
2456,"Gaur","GAR",2,"ndvi_cv + elev + BB + DE",-0.385682918386414,0.904917730130557,0.679986102605355
2457,"Gaur","GAR",2,"ndvi_cv + elev + BB + DE",-0.33551125773864,0.964928236323201,0.714972490985544
2458,"Gaur","GAR",2,"ndvi_cv + elev + BB + DE",-0.344461470458868,0.862042844713274,0.708601855837654
2459,"Gaur","GAR",2,"ndvi_cv + elev + BB + DE",-0.34341505292227,0.817053949447138,0.709343735300187
2460,"Gaur","GAR",2,"ndvi_cv + elev + BB + DE",-0.345674447566971,0.784681924010474,0.707742863462124
2461,"Gaur","GAR",2,"ndvi_cv + elev + BB + DE",-0.345590798388765,0.771147394105098,0.70780206346121
2462,"Gaur","GAR",2,"ndvi_cv + elev + BB + DE",-0.358662239180719,0.749826154853343,0.698610274879525
2463,"Gaur","GAR",2,"ndvi_cv + elev + BB + DE",-0.35145202724054,0.727038559611097,0.703665620549914
2464,"Gaur","GAR",2,"ndvi_cv + elev + BB + DE",-0.358860983012841,0.723463124168393,0.698471444047021
2465,"Gaur","GAR",2,"ndvi_cv + elev + BB + DE",-0.347214681192441,0.710663654736056,0.706653609966156
2466,"Gaur","GAR",2,"ndvi_cv + elev + BB + DE",-0.351365078442422,0.70396158079245,0.703726793352429
2467,"Gaur","GAR",2,"ndvi_cv + elev + BB + DE",-0.352409495538104,0.691886110003423,0.702992191592912
2468,"Gaur","GAR",2,"ndvi_cv + elev + BB + DE",-0.362128325373522,0.694110304488904,0.696193025022917
2469,"Gaur","GAR",2,"ndvi_cv + elev + BB + DE",-0.351035675984072,0.685470307852364,0.703958654080205
2470,"Gaur","GAR",2,"ndvi_cv + elev + BB + DE",-0.356638191194947,0.679579895399999,0.700025744047872
2471,"Gaur","GAR",2,"ndvi_cv + elev + BB + DE",-0.351556760503588,0.675150490207603,0.703591912759362
2472,"Gaur","GAR",2,"ndvi_cv + elev + BB + DE",-0.35217208236212,0.671958487187294,0.703159146182116
2473,"Gaur","GAR",2,"ndvi_cv + elev + BB + DE",-0.341906131552774,0.66559390162619,0.710414889448192
2474,"Gaur","GAR",2,"ndvi_cv + elev + BB + DE",-0.340001680424669,0.666544779201344,0.711769140612648
2475,"Gaur","GAR",2,"ndvi_cv + elev + BB + DE",-0.318351228278139,0.662583686481596,0.727347278694922
2476,"Gaur","GAR",2,"ndvi_cv + elev + BB + DE",-0.309435295627123,0.659903123126462,0.733861263176586
2477,"Gaur","GAR",2,"ndvi_cv + elev + BB + DE",-0.286510106370232,0.664578615163166,0.750879499059185
2478,"Gaur","GAR",2,"ndvi_cv + elev + BB + DE",-0.263344330201848,0.666911543683737,0.768477242575538
2479,"Gaur","GAR",2,"ndvi_cv + elev + BB + DE",-0.230203525758525,0.645999700399378,0.794371911106922
2480,"Gaur","GAR",2,"ndvi_cv + elev + BB + DE",-0.221838655555605,0.647429274875618,0.801044598007977
2481,"Gaur","GAR",2,"ndvi_cv + elev + BB + DE",-0.195504307623038,0.655615663631032,0.82241980266648
2482,"Gaur","GAR",2,"ndvi_cv + elev + BB + DE",-0.24375948004447,0.651587523006065,0.783676162926124
2483,"Gaur","GAR",2,"ndvi_cv + elev + BB + DE",-0.282132482560189,0.659265394521292,0.754173763320186
2484,"Gaur","GAR",2,"ndvi_cv + elev + BB + DE",-0.316804769437812,0.652061184642714,0.728472962592501
2485,"Gaur","GAR",2,"ndvi_cv + elev + BB + DE",-0.356763096689326,0.655137323082511,0.69993830423951
2486,"Gaur","GAR",2,"ndvi_cv + elev + BB + DE",-0.382591212925865,0.671598776048795,0.682091672665767
2487,"Gaur","GAR",2,"ndvi_cv + elev + BB + DE",-0.404583697882454,0.686466066710752,0.667254535919346
2488,"Gaur","GAR",2,"ndvi_cv + elev + BB + DE",-0.424173993493134,0.695793809718394,0.654310037683385
2489,"Gaur","GAR",2,"ndvi_cv + elev + BB + DE",-0.422611291672295,0.720490040914754,0.655333324866244
2490,"Gaur","GAR",2,"ndvi_cv + elev + BB + DE",-0.415670039394862,0.790205932620494,0.659897975205637
2491,"Gaur","GAR",2,"ndvi_cv + elev + BB + DE",-0.403181637906514,0.861881306016231,0.668190725526513
2492,"Gaur","GAR",2,"ndvi_cv + elev + BB + DE",-0.319678421062827,1.00254603775643,0.726382589090268
2493,"Gaur","GAR",2,"ndvi_cv + elev + BB + DE",-0.333789017628088,0.870149582626443,0.716204873222842
2494,"Gaur","GAR",2,"ndvi_cv + elev + BB + DE",-0.352667900623865,0.827581569354395,0.702810561206672
2495,"Gaur","GAR",2,"ndvi_cv + elev + BB + DE",-0.341628060188049,0.799671598233688,0.710612461406496
2496,"Gaur","GAR",2,"ndvi_cv + elev + BB + DE",-0.333690550452002,0.784530896171698,0.716275421715642
2497,"Gaur","GAR",2,"ndvi_cv + elev + BB + DE",-0.354153130685645,0.762354798022945,0.701767528790997
2498,"Gaur","GAR",2,"ndvi_cv + elev + BB + DE",-0.357471246863058,0.733081852253294,0.69944282318005
2499,"Gaur","GAR",2,"ndvi_cv + elev + BB + DE",-0.373709375809464,0.735342274451453,0.688176885552833
2500,"Gaur","GAR",2,"ndvi_cv + elev + BB + DE",-0.364391828888559,0.727024156789089,0.694618992230253
2501,"Gaur","GAR",2,"ndvi_cv + elev + BB + DE",-0.349344274083846,0.701842814833514,0.705150353620149
2502,"Gaur","GAR",2,"ndvi_cv + elev + BB + DE",-0.351322164968777,0.696080903658326,0.703756996539386
2503,"Gaur","GAR",2,"ndvi_cv + elev + BB + DE",-0.348806500389141,0.695051114575048,0.705529651435731
2504,"Gaur","GAR",2,"ndvi_cv + elev + BB + DE",-0.374892609375195,0.687617156850636,0.687363097990853
2505,"Gaur","GAR",2,"ndvi_cv + elev + BB + DE",-0.365543623395022,0.681372541154488,0.693819383475174
2506,"Gaur","GAR",2,"ndvi_cv + elev + BB + DE",-0.379461770356603,0.683887242640783,0.68422958291109
2507,"Gaur","GAR",2,"ndvi_cv + elev + BB + DE",-0.360176623711309,0.679923278990345,0.69755313493173
2508,"Gaur","GAR",2,"ndvi_cv + elev + BB + DE",-0.371633554165524,0.666952710028054,0.689606905849811
2509,"Gaur","GAR",2,"ndvi_cv + elev + BB + DE",-0.344359413433672,0.666655043590026,0.708674177289304
2510,"Gaur","GAR",2,"ndvi_cv + elev + BB + DE",-0.349103218620258,0.660191407650919,0.705320325062953
2511,"Gaur","GAR",2,"ndvi_cv + elev + BB + DE",-0.327059905217479,0.660569404218134,0.721040548286525
2512,"Gaur","GAR",2,"ndvi_cv + elev + BB + DE",-0.326406074467852,0.663718728358177,0.721512156457152
2513,"Gaur","GAR",2,"ndvi_cv + elev + BB + DE",-0.304246857042646,0.652203302339118,0.73767874671397
2514,"Gaur","GAR",2,"ndvi_cv + elev + BB + DE",-0.294954022038001,0.652669277395086,0.744565820756566
2515,"Gaur","GAR",2,"ndvi_cv + elev + BB + DE",-0.298281681064547,0.650390458252859,0.742092276964005
2516,"Gaur","GAR",2,"ndvi_cv + elev + BB + DE",-0.29582164559677,0.653678536138248,0.743920097854984
2517,"Gaur","GAR",2,"ndvi_cv + elev + BB + DE",-0.305303554927208,0.654098628754542,0.736899662982172
2518,"Gaur","GAR",2,"ndvi_cv + elev + BB + DE",-0.340934212995966,0.651420984036281,0.711105696903228
2519,"Gaur","GAR",2,"ndvi_cv + elev + BB + DE",-0.365814587784683,0.659709753423272,0.693631403436143
2520,"Gaur","GAR",2,"ndvi_cv + elev + BB + DE",-0.401237264544,0.658761457603136,0.669491195827756
2521,"Gaur","GAR",2,"ndvi_cv + elev + BB + DE",-0.418687690220459,0.670144970995977,0.657909635048138
2522,"Gaur","GAR",2,"ndvi_cv + elev + BB + DE",-0.419189154599215,0.683136951297795,0.657579799260403
2523,"Gaur","GAR",2,"ndvi_cv + elev + BB + DE",-0.423942233361339,0.703732836867288,0.654461716247294
2524,"Gaur","GAR",2,"ndvi_cv + elev + BB + DE",-0.42636126940926,0.74164663118613,0.652880456862193
2525,"Gaur","GAR",2,"ndvi_cv + elev + BB + DE",-0.408385220192648,0.816862355168838,0.664722764908402
2526,"Gaur","GAR",2,"ndvi_cv + elev + BB + DE",-0.355041708523278,0.861950728848461,0.701144201304108
2527,"Gaur","GAR",2,"ndvi_cv + elev + BB + DE",-0.346541387781917,0.832845654133015,0.707129556117237
2528,"Gaur","GAR",2,"ndvi_cv + elev + BB + DE",-0.348335580421051,0.794230594480234,0.705861969298104
2529,"Gaur","GAR",2,"ndvi_cv + elev + BB + DE",-0.342404847623414,0.774779777259458,0.71006068068418
2530,"Gaur","GAR",2,"ndvi_cv + elev + BB + DE",-0.361734005350623,0.757245740660636,0.696467600948274
2531,"Gaur","GAR",2,"ndvi_cv + elev + BB + DE",-0.358311362888038,0.744283593557928,0.698855446961
2532,"Gaur","GAR",2,"ndvi_cv + elev + BB + DE",-0.35427201933109,0.738081386082268,0.701684084597441
2533,"Gaur","GAR",2,"ndvi_cv + elev + BB + DE",-0.365798629853525,0.724220625405823,0.693642466672325
2534,"Gaur","GAR",2,"ndvi_cv + elev + BB + DE",-0.371474304960099,0.721133695555445,0.689716727900321
2535,"Gaur","GAR",2,"ndvi_cv + elev + BB + DE",-0.357056107480102,0.707606027047881,0.699733237358914
2536,"Gaur","GAR",2,"ndvi_cv + elev + BB + DE",-0.357413349985669,0.69753206471838,0.69948338151052
2537,"Gaur","GAR",2,"ndvi_cv + elev + BB + DE",-0.384776907953274,0.6929489215915,0.680602465360923
2538,"Gaur","GAR",2,"ndvi_cv + elev + BB + DE",-0.373486277746181,0.692342293765313,0.688330434910068
2539,"Gaur","GAR",2,"ndvi_cv + elev + BB + DE",-0.38408399306098,0.688298586459295,0.681074219276273
2540,"Gaur","GAR",2,"ndvi_cv + elev + BB + DE",-0.374902271825451,0.685327504225835,0.687356458348567
2541,"Gaur","GAR",2,"ndvi_cv + elev + BB + DE",-0.364631645531346,0.684278475155135,0.694452414786464
2542,"Gaur","GAR",2,"ndvi_cv + elev + BB + DE",-0.38073682948445,0.668676576736997,0.683357705906157
2543,"Gaur","GAR",2,"ndvi_cv + elev + BB + DE",-0.358390551689096,0.66605456469548,0.698800104527155
2544,"Gaur","GAR",2,"ndvi_cv + elev + BB + DE",-0.361686374645151,0.664179428729223,0.696500779150809
2545,"Gaur","GAR",2,"ndvi_cv + elev + BB + DE",-0.357026932942453,0.668368861507326,0.699753656938491
2546,"Gaur","GAR",2,"ndvi_cv + elev + BB + DE",-0.343592135543907,0.660084075554515,0.709218145938331
2547,"Gaur","GAR",2,"ndvi_cv + elev + BB + DE",-0.348496606587237,0.650671170736435,0.705748309963805
2548,"Gaur","GAR",2,"ndvi_cv + elev + BB + DE",-0.366312935631946,0.638848145171409,0.693285821249697
2549,"Gaur","GAR",2,"ndvi_cv + elev + BB + DE",-0.386470850520334,0.636433846134176,0.679450531477901
2550,"Gaur","GAR",2,"ndvi_cv + elev + BB + DE",-0.377556307564051,0.650499951702924,0.685534599727357
2551,"Gaur","GAR",2,"ndvi_cv + elev + BB + DE",-0.399376411482586,0.648863610246159,0.670738180646404
2552,"Gaur","GAR",2,"ndvi_cv + elev + BB + DE",-0.413838282024235,0.657481903761731,0.661107858446984
2553,"Gaur","GAR",2,"ndvi_cv + elev + BB + DE",-0.446805299703736,0.650332527420316,0.639668440778042
2554,"Gaur","GAR",2,"ndvi_cv + elev + BB + DE",-0.473839552456036,0.661818934986976,0.622607140458088
2555,"Gaur","GAR",2,"ndvi_cv + elev + BB + DE",-0.43233947163936,0.695534978764259,0.648989030649989
2556,"Gaur","GAR",2,"ndvi_cv + elev + BB + DE",-0.43162376263316,0.716816099005612,0.649453700555658
2557,"Gaur","GAR",2,"ndvi_cv + elev + BB + DE",-0.420812496899347,0.776842243298106,0.65651319853544
2558,"Gaur","GAR",2,"ndvi_cv + elev + BB + DE",-0.435081152409666,0.902007594032297,0.64721229374131
2559,"Gaur","GAR",2,"ndvi_cv + elev + BB + DE",-0.353313800645348,0.992261201165689,0.702356758993781
2560,"Gaur","GAR",2,"ndvi_cv + elev + BB + DE",-0.353548272145658,0.87021669786566,0.702192134629447
2561,"Gaur","GAR",2,"ndvi_cv + elev + BB + DE",-0.356152242141643,0.820895160525,0.700366010043424
2562,"Gaur","GAR",2,"ndvi_cv + elev + BB + DE",-0.351847059444592,0.791662171240081,0.703387721802228
2563,"Gaur","GAR",2,"ndvi_cv + elev + BB + DE",-0.373038642910711,0.769753842246813,0.688638641087754
2564,"Gaur","GAR",2,"ndvi_cv + elev + BB + DE",-0.347316846908826,0.767281486835311,0.70658141497952
2565,"Gaur","GAR",2,"ndvi_cv + elev + BB + DE",-0.357518467280449,0.74496142514609,0.699409787976703
2566,"Gaur","GAR",2,"ndvi_cv + elev + BB + DE",-0.370658297552087,0.732914505761202,0.6902797737356
2567,"Gaur","GAR",2,"ndvi_cv + elev + BB + DE",-0.380233126854587,0.731613953478936,0.683702018923641
2568,"Gaur","GAR",2,"ndvi_cv + elev + BB + DE",-0.372634526621304,0.723292860005939,0.6889169709273
2569,"Gaur","GAR",2,"ndvi_cv + elev + BB + DE",-0.370936742818858,0.702826193986989,0.690087598173739
2570,"Gaur","GAR",2,"ndvi_cv + elev + BB + DE",-0.382465848956216,0.708813835221446,0.682177264518704
2571,"Gaur","GAR",2,"ndvi_cv + elev + BB + DE",-0.390176140022559,0.704905275988253,0.676937751582969
2572,"Gaur","GAR",2,"ndvi_cv + elev + BB + DE",-0.407465372574694,0.681947055965991,0.665334507534299
2573,"Gaur","GAR",2,"ndvi_cv + elev + BB + DE",-0.410530897999267,0.677812090646064,0.66329801339266
2574,"Gaur","GAR",2,"ndvi_cv + elev + BB + DE",-0.387697592921921,0.692165655491012,0.678617534452934
2575,"Gaur","GAR",2,"ndvi_cv + elev + BB + DE",-0.399042469283574,0.679004630290788,0.670962206102829
2576,"Gaur","GAR",2,"ndvi_cv + elev + BB + DE",-0.388041050781,0.681118586382862,0.678384508422256
2577,"Gaur","GAR",2,"ndvi_cv + elev + BB + DE",-0.407054149333744,0.673487292977429,0.665608147131606
2578,"Gaur","GAR",2,"ndvi_cv + elev + BB + DE",-0.383363674317124,0.668339895651848,0.681564989609448
2579,"Gaur","GAR",2,"ndvi_cv + elev + BB + DE",-0.371470919909225,0.675693916064973,0.689719086690499
2580,"Gaur","GAR",2,"ndvi_cv + elev + BB + DE",-0.367395509209347,0.655939027169057,0.692535717512512
2581,"Gaur","GAR",2,"ndvi_cv + elev + BB + DE",-0.374595372239796,0.655642430336154,0.687567432249436
2582,"Gaur","GAR",2,"ndvi_cv + elev + BB + DE",-0.409261665419837,0.651320019216793,0.664140432513399
2583,"Gaur","GAR",2,"ndvi_cv + elev + BB + DE",-0.513478624704015,0.582674222322687,0.598410309589869
2584,"Gaur","GAR",2,"ndvi_cv + elev + BB + DE",-0.453937392440239,0.630000523926558,0.635122495496871
2585,"Gaur","GAR",2,"ndvi_cv + elev + BB + DE",-0.414294862026209,0.661570602925119,0.660806076533308
2586,"Gaur","GAR",2,"ndvi_cv + elev + BB + DE",-0.42436086873137,0.669789707119741,0.654187765729559
2587,"Gaur","GAR",2,"ndvi_cv + elev + BB + DE",-0.455677026692598,0.665517599426543,0.634018576976786
2588,"Gaur","GAR",2,"ndvi_cv + elev + BB + DE",-0.465109398345767,0.67953863318948,0.628066450364766
2589,"Gaur","GAR",2,"ndvi_cv + elev + BB + DE",-0.453059162440846,0.703860032378213,0.635680524124618
2590,"Gaur","GAR",2,"ndvi_cv + elev + BB + DE",-0.438971861009334,0.743897418972327,0.64469892974748
2591,"Gaur","GAR",2,"ndvi_cv + elev + BB + DE",-0.447250513352619,0.810077628116026,0.639383716075473
2592,"Gaur","GAR",2,"ndvi_cv + elev + BB + DE",-0.37038513003825,0.92796829694219,0.690468360743111
2593,"Gaur","GAR",2,"ndvi_cv + elev + BB + DE",-0.356339794867273,0.855556651707033,0.700234651429632
2594,"Gaur","GAR",2,"ndvi_cv + elev + BB + DE",-0.355993429833832,0.810790221013431,0.700477224147822
2595,"Gaur","GAR",2,"ndvi_cv + elev + BB + DE",-0.365881431531857,0.80294410159322,0.69358503365214
2596,"Gaur","GAR",2,"ndvi_cv + elev + BB + DE",-0.358051002089861,0.777611605104967,0.699037421753265
2597,"Gaur","GAR",2,"ndvi_cv + elev + BB + DE",-0.372809952558149,0.770308411511429,0.688796125011732
2598,"Gaur","GAR",2,"ndvi_cv + elev + BB + DE",-0.365842432076047,0.738759964369791,0.693612085727949
2599,"Gaur","GAR",2,"ndvi_cv + elev + BB + DE",-0.370510553995646,0.737039497782456,0.690381767526377
2600,"Gaur","GAR",2,"ndvi_cv + elev + BB + DE",-0.393565603767178,0.721707531725007,0.674647289647463
2601,"Gaur","GAR",2,"ndvi_cv + elev + BB + DE",-0.368817892335888,0.728096434648575,0.691551340481938
2602,"Gaur","GAR",2,"ndvi_cv + elev + BB + DE",-0.392751156881065,0.707900524882443,0.675196745553235
2603,"Gaur","GAR",2,"ndvi_cv + elev + BB + DE",-0.402364064183845,0.701681784455888,0.668737238115581
2604,"Gaur","GAR",2,"ndvi_cv + elev + BB + DE",-0.408678831055177,0.705133864018479,0.664527646089798
2605,"Gaur","GAR",2,"ndvi_cv + elev + BB + DE",-0.391935726497419,0.697439455864349,0.675747545244269
2606,"Gaur","GAR",2,"ndvi_cv + elev + BB + DE",-0.399424295186927,0.696644601309051,0.670706063777748
2607,"Gaur","GAR",2,"ndvi_cv + elev + BB + DE",-0.40114665790672,0.694681985552931,0.669551858766978
2608,"Gaur","GAR",2,"ndvi_cv + elev + BB + DE",-0.397061789987351,0.687626917896313,0.672292509574127
2609,"Gaur","GAR",2,"ndvi_cv + elev + BB + DE",-0.39801103293035,0.686128784565078,0.671654622261506
2610,"Gaur","GAR",2,"ndvi_cv + elev + BB + DE",-0.386498557477851,0.672849821677817,0.679431708786954
2611,"Gaur","GAR",2,"ndvi_cv + elev + BB + DE",-0.374909116756931,0.667466631668275,0.687351771134284
2612,"Gaur","GAR",2,"ndvi_cv + elev + BB + DE",-0.379963370619304,0.675035191509657,0.683886474665106
2613,"Gaur","GAR",2,"ndvi_cv + elev + BB + DE",-0.384972983588132,0.661552387451752,0.680469020831123
2614,"Gaur","GAR",2,"ndvi_cv + elev + BB + DE",-0.407983908597361,0.671703571360364,0.664989579497524
2615,"Gaur","GAR",2,"ndvi_cv + elev + BB + DE",-0.444310339734979,0.670999364881041,0.641266391044108
2616,"Gaur","GAR",2,"ndvi_cv + elev + BB + DE",-0.452102956082889,0.656082615969796,0.636288659610632
2617,"Gaur","GAR",2,"ndvi_cv + elev + BB + DE",-0.441589433521449,0.668641992955568,0.643013581090521
2618,"Gaur","GAR",2,"ndvi_cv + elev + BB + DE",-0.424107407019378,0.665068886006775,0.65435361616033
2619,"Gaur","GAR",2,"ndvi_cv + elev + BB + DE",-0.434806189030967,0.678145663496524,0.647390158031313
2620,"Gaur","GAR",2,"ndvi_cv + elev + BB + DE",-0.447759504315271,0.689549782323185,0.639058356754196
2621,"Gaur","GAR",2,"ndvi_cv + elev + BB + DE",-0.457419035139798,0.700750453740899,0.632915073419983
2622,"Gaur","GAR",2,"ndvi_cv + elev + BB + DE",-0.43481786741562,0.727934744276458,0.64738257168548
2623,"Gaur","GAR",2,"ndvi_cv + elev + BB + DE",-0.440186272801439,0.760426257213532,0.643916476676596
2624,"Gaur","GAR",2,"ndvi_cv + elev + BB + DE",-0.425563119435035,0.854370581342193,0.653401747934043
2625,"Gaur","GAR",2,"ndvi_cv + elev + BB + DE",-0.34987797551405,1.03863745478621,0.704774086732836
2626,"Gaur","GAR",2,"ndvi_cv + elev + BB + DE",-0.3600522355289,0.923833723593832,0.697639907481839
2627,"Gaur","GAR",2,"ndvi_cv + elev + BB + DE",-0.357881956095051,0.86085465342129,0.699155627408841
2628,"Gaur","GAR",2,"ndvi_cv + elev + BB + DE",-0.351161007764072,0.828935923415578,0.703870439553173
2629,"Gaur","GAR",2,"ndvi_cv + elev + BB + DE",-0.355743002761519,0.806136895540184,0.700652666555532
2630,"Gaur","GAR",2,"ndvi_cv + elev + BB + DE",-0.373959981889629,0.780916577287622,0.688004444395614
2631,"Gaur","GAR",2,"ndvi_cv + elev + BB + DE",-0.373560129520923,0.761014934611409,0.688279606594341
2632,"Gaur","GAR",2,"ndvi_cv + elev + BB + DE",-0.374153459376941,0.750245506024551,0.687871343605046
2633,"Gaur","GAR",2,"ndvi_cv + elev + BB + DE",-0.378689284645389,0.739330032542403,0.68475835908352
2634,"Gaur","GAR",2,"ndvi_cv + elev + BB + DE",-0.371966453075674,0.734366610612957,0.689377371123668
2635,"Gaur","GAR",2,"ndvi_cv + elev + BB + DE",-0.393297387186104,0.721862904220621,0.674828049575494
2636,"Gaur","GAR",2,"ndvi_cv + elev + BB + DE",-0.395792750267195,0.71933562360932,0.673146190906999
2637,"Gaur","GAR",2,"ndvi_cv + elev + BB + DE",-0.398687037577297,0.713131271989583,0.671200731982811
2638,"Gaur","GAR",2,"ndvi_cv + elev + BB + DE",-0.397906105113313,0.708185491720392,0.671725096262778
2639,"Gaur","GAR",2,"ndvi_cv + elev + BB + DE",-0.419897236339165,0.708257871024624,0.65711434390524
2640,"Gaur","GAR",2,"ndvi_cv + elev + BB + DE",-0.441581312151994,0.696449515817374,0.643018803380683
2641,"Gaur","GAR",2,"ndvi_cv + elev + BB + DE",-0.408594396321418,0.694201890428906,0.664583745134944
2642,"Gaur","GAR",2,"ndvi_cv + elev + BB + DE",-0.401151109665455,0.68924285475953,0.669548894488467
2643,"Gaur","GAR",2,"ndvi_cv + elev + BB + DE",-0.396620705887885,0.68961108506855,0.672589096948233
2644,"Gaur","GAR",2,"ndvi_cv + elev + BB + DE",-0.384901067089097,0.690451659935914,0.68051795851048
2645,"Gaur","GAR",2,"ndvi_cv + elev + BB + DE",-0.387880454887789,0.676119126095935,0.678493451737347
2646,"Gaur","GAR",2,"ndvi_cv + elev + BB + DE",-0.386019856469516,0.68692968541341,0.679757029713004
2647,"Gaur","GAR",2,"ndvi_cv + elev + BB + DE",-0.407400699802756,0.680148352651747,0.665377524627019
2648,"Gaur","GAR",2,"ndvi_cv + elev + BB + DE",-0.399050320788459,0.684396171506456,0.670956939301369
2649,"Gaur","GAR",2,"ndvi_cv + elev + BB + DE",-0.424572066403466,0.67921533209439,0.654049615951537
2650,"Gaur","GAR",2,"ndvi_cv + elev + BB + DE",-0.419093331250702,0.678209499404894,0.657642815285529
2651,"Gaur","GAR",2,"ndvi_cv + elev + BB + DE",-0.417200589047472,0.67548586569719,0.658888749101923
2652,"Gaur","GAR",2,"ndvi_cv + elev + BB + DE",-0.428411312727604,0.686326998525175,0.651543372704706
2653,"Gaur","GAR",2,"ndvi_cv + elev + BB + DE",-0.42495551884049,0.692555289908971,0.65379887470677
2654,"Gaur","GAR",2,"ndvi_cv + elev + BB + DE",-0.444684598646962,0.695545333447449,0.641026425807006
2655,"Gaur","GAR",2,"ndvi_cv + elev + BB + DE",-0.433214049208923,0.720298799673513,0.648421685455503
2656,"Gaur","GAR",2,"ndvi_cv + elev + BB + DE",-0.427541532940117,0.738208077504297,0.652110326814952
2657,"Gaur","GAR",2,"ndvi_cv + elev + BB + DE",-0.427623316559744,0.789089832930618,0.652057012684431
2658,"Gaur","GAR",2,"ndvi_cv + elev + BB + DE",-0.435752501207276,0.859980198324489,0.646777784545171
2659,"Gaur","GAR",2,"ndvi_cv + elev + BB + DE",-0.357299109944686,1.01330779689653,0.699563292992193
2660,"Gaur","GAR",2,"ndvi_cv + elev + BB + DE",-0.3505167521946,0.905655148936353,0.704324059787303
2661,"Gaur","GAR",2,"ndvi_cv + elev + BB + DE",-0.363868281426433,0.86642521326112,0.694982735467585
2662,"Gaur","GAR",2,"ndvi_cv + elev + BB + DE",-0.359141907914148,0.853863261613547,0.698275254198842
2663,"Gaur","GAR",2,"ndvi_cv + elev + BB + DE",-0.360922195728151,0.817839639786072,0.697033269378757
2664,"Gaur","GAR",2,"ndvi_cv + elev + BB + DE",-0.3593344200957,0.794291243354107,0.698140841008525
2665,"Gaur","GAR",2,"ndvi_cv + elev + BB + DE",-0.376548740680453,0.777634646906837,0.686225673881878
2666,"Gaur","GAR",2,"ndvi_cv + elev + BB + DE",-0.379776661573954,0.758314569440594,0.68401415996474
2667,"Gaur","GAR",2,"ndvi_cv + elev + BB + DE",-0.355670063617657,0.747046367610732,0.70070377090203
2668,"Gaur","GAR",2,"ndvi_cv + elev + BB + DE",-0.37036801679317,0.73215146321672,0.690480176081016
2669,"Gaur","GAR",2,"ndvi_cv + elev + BB + DE",-0.373677511806205,0.724727872400591,0.688198816091947
2670,"Gaur","GAR",2,"ndvi_cv + elev + BB + DE",-0.405945993835548,0.717242026208912,0.666346180546334
2671,"Gaur","GAR",2,"ndvi_cv + elev + BB + DE",-0.393392197464745,0.723182943688405,0.674764065333835
2672,"Gaur","GAR",2,"ndvi_cv + elev + BB + DE",-0.398155132358739,0.703656605829007,0.671557839231622
2673,"Gaur","GAR",2,"ndvi_cv + elev + BB + DE",-0.405886040559088,0.706571448175179,0.66638611848045
2674,"Gaur","GAR",2,"ndvi_cv + elev + BB + DE",-0.410432033581774,0.698934299048115,0.663363623829863
2675,"Gaur","GAR",2,"ndvi_cv + elev + BB + DE",-0.412202085046393,0.704218310321605,0.662190445164242
2676,"Gaur","GAR",2,"ndvi_cv + elev + BB + DE",-0.397660147888581,0.703032090591749,0.671890334129593
2677,"Gaur","GAR",2,"ndvi_cv + elev + BB + DE",-0.422944289850071,0.69666310790087,0.655115128906327
2678,"Gaur","GAR",2,"ndvi_cv + elev + BB + DE",-0.386619778489481,0.689286446931726,0.679349349088745
2679,"Gaur","GAR",2,"ndvi_cv + elev + BB + DE",-0.397292258771888,0.694062686751061,0.672137561306468
2680,"Gaur","GAR",2,"ndvi_cv + elev + BB + DE",-0.411075289606757,0.695737233349822,0.662937017584501
2681,"Gaur","GAR",2,"ndvi_cv + elev + BB + DE",-0.422301729027681,0.688041284042223,0.655536216494799
2682,"Gaur","GAR",2,"ndvi_cv + elev + BB + DE",-0.413770333076484,0.696028038193311,0.661152780067913
2683,"Gaur","GAR",2,"ndvi_cv + elev + BB + DE",-0.420226500529578,0.698926067594977,0.656898015658097
2684,"Gaur","GAR",2,"ndvi_cv + elev + BB + DE",-0.421286328968592,0.70160621344798,0.656202192781559
2685,"Gaur","GAR",2,"ndvi_cv + elev + BB + DE",-0.423929630874496,0.69292074019517,0.654469989266424
2686,"Gaur","GAR",2,"ndvi_cv + elev + BB + DE",-0.428020835106842,0.710785928084852,0.651797877590906
2687,"Gaur","GAR",2,"ndvi_cv + elev + BB + DE",-0.431584160792589,0.699388726650585,0.649479402529207
2688,"Gaur","GAR",2,"ndvi_cv + elev + BB + DE",-0.424890607047443,0.719036642812796,0.653841335286364
2689,"Gaur","GAR",2,"ndvi_cv + elev + BB + DE",-0.42678081206623,0.745698407854457,0.65260659110541
2690,"Gaur","GAR",2,"ndvi_cv + elev + BB + DE",-0.421517946254239,0.763626889238383,0.656050222751005
2691,"Gaur","GAR",2,"ndvi_cv + elev + BB + DE",-0.410344560896763,0.806841062500298,0.663421621693562
2692,"Gaur","GAR",2,"ndvi_cv + elev + BB + DE",-0.399173260151112,0.870564430243401,0.670874457816308
2693,"Gaur","GAR",2,"ndvi_cv + elev + BB + DE",-0.403630077760622,1.00760867413329,0.667891157548874
2694,"Gaur","GAR",2,"ndvi_cv + elev + BB + DE",-0.347452871560924,1.01782118768079,0.70648530876519
2695,"Gaur","GAR",2,"ndvi_cv + elev + BB + DE",-0.359924836646103,0.912596469743216,0.6977287733944
2696,"Gaur","GAR",2,"ndvi_cv + elev + BB + DE",-0.367952659068119,0.872229235867731,0.692149949499617
2697,"Gaur","GAR",2,"ndvi_cv + elev + BB + DE",-0.358758751042368,0.849570216121572,0.698542862971246
2698,"Gaur","GAR",2,"ndvi_cv + elev + BB + DE",-0.356498352322883,0.833849145792638,0.700123626561253
2699,"Gaur","GAR",2,"ndvi_cv + elev + BB + DE",-0.359770174539321,0.804226544022855,0.697836688299765
2700,"Gaur","GAR",2,"ndvi_cv + elev + BB + DE",-0.3576011116275,0.776868351079974,0.69935198313126
2701,"Gaur","GAR",2,"ndvi_cv + elev + BB + DE",-0.365833414539331,0.770231823809471,0.693618339323495
2702,"Gaur","GAR",2,"ndvi_cv + elev + BB + DE",-0.381417720144625,0.746858354115803,0.682892575783829
2703,"Gaur","GAR",2,"ndvi_cv + elev + BB + DE",-0.369307333654181,0.743790023758789,0.691212950793528
2704,"Gaur","GAR",2,"ndvi_cv + elev + BB + DE",-0.383297453683069,0.739220844632367,0.681610121730352
2705,"Gaur","GAR",2,"ndvi_cv + elev + BB + DE",-0.402711071973574,0.729808624871035,0.668505222739659
2706,"Gaur","GAR",2,"ndvi_cv + elev + BB + DE",-0.409188908294126,0.70999328500166,0.664188759773848
2707,"Gaur","GAR",2,"ndvi_cv + elev + BB + DE",-0.409365496762867,0.71059499781043,0.66407147626265
2708,"Gaur","GAR",2,"ndvi_cv + elev + BB + DE",-0.423284695862567,0.697488705458681,0.654892173713795
2709,"Gaur","GAR",2,"ndvi_cv + elev + BB + DE",-0.422645461892672,0.702192057474967,0.655310937405379
2710,"Gaur","GAR",2,"ndvi_cv + elev + BB + DE",-0.412984700658314,0.702798836027555,0.661672406366997
2711,"Gaur","GAR",2,"ndvi_cv + elev + BB + DE",-0.391190633787594,0.710771678022183,0.676251227433434
2712,"Gaur","GAR",2,"ndvi_cv + elev + BB + DE",-0.398932135578023,0.707433880443514,0.671036241641881
2713,"Gaur","GAR",2,"ndvi_cv + elev + BB + DE",-0.401000372318618,0.701953724641178,0.669649811719557
2714,"Gaur","GAR",2,"ndvi_cv + elev + BB + DE",-0.391103323690865,0.711669844960235,0.676310273749323
2715,"Gaur","GAR",2,"ndvi_cv + elev + BB + DE",-0.413080862667371,0.699050054621486,0.661608788300276
2716,"Gaur","GAR",2,"ndvi_cv + elev + BB + DE",-0.425129526391411,0.716291999645752,0.653685122912985
2717,"Gaur","GAR",2,"ndvi_cv + elev + BB + DE",-0.422360412372546,0.718994297298403,0.655497758340877
2718,"Gaur","GAR",2,"ndvi_cv + elev + BB + DE",-0.418457052293572,0.71397616408536,0.658061399112559
2719,"Gaur","GAR",2,"ndvi_cv + elev + BB + DE",-0.413139648841756,0.714171995142028,0.661569894744485
2720,"Gaur","GAR",2,"ndvi_cv + elev + BB + DE",-0.408771376504638,0.710329849780614,0.664466128443771
2721,"Gaur","GAR",2,"ndvi_cv + elev + BB + DE",-0.42278297986412,0.715535600385206,0.655220836046082
2722,"Gaur","GAR",2,"ndvi_cv + elev + BB + DE",-0.40933292106735,0.730017032134982,0.664093163868839
2723,"Gaur","GAR",2,"ndvi_cv + elev + BB + DE",-0.415370621816043,0.740531641764094,0.660095591804812
2724,"Gaur","GAR",2,"ndvi_cv + elev + BB + DE",-0.417228994335708,0.757161922045357,0.658870026060843
2725,"Gaur","GAR",2,"ndvi_cv + elev + BB + DE",-0.407629272701073,0.792835822308595,0.665225456427829
2726,"Gaur","GAR",2,"ndvi_cv + elev + BB + DE",-0.392219072392415,0.819055776880863,0.675556116314707
2727,"Gaur","GAR",2,"ndvi_cv + elev + BB + DE",-0.400706639801108,0.872532388173083,0.66984653855219
2728,"Gaur","GAR",2,"ndvi_cv + elev + BB + DE",-0.405545014405562,0.994451007749342,0.666613397968944
2729,"Gaur","GAR",2,"ndvi_cv + elev + BB + DE",-0.3443351709598,1.07915079704996,0.708691370790881
2730,"Gaur","GAR",2,"ndvi_cv + elev + BB + DE",-0.358110617095142,0.935608336656037,0.69899575005277
2731,"Gaur","GAR",2,"ndvi_cv + elev + BB + DE",-0.364289257067824,0.88037064928374,0.694690222401783
2732,"Gaur","GAR",2,"ndvi_cv + elev + BB + DE",-0.381227960753327,0.855391862336252,0.683022177834177
2733,"Gaur","GAR",2,"ndvi_cv + elev + BB + DE",-0.376807105442377,0.832482050810388,0.686048401071124
2734,"Gaur","GAR",2,"ndvi_cv + elev + BB + DE",-0.377598257176913,0.805672117419956,0.685505848871906
2735,"Gaur","GAR",2,"ndvi_cv + elev + BB + DE",-0.37242526311172,0.786036556601883,0.689061151462475
2736,"Gaur","GAR",2,"ndvi_cv + elev + BB + DE",-0.381512769679086,0.768788720849991,0.68282771494551
2737,"Gaur","GAR",2,"ndvi_cv + elev + BB + DE",-0.380778317563368,0.754619119603581,0.683329368134067
2738,"Gaur","GAR",2,"ndvi_cv + elev + BB + DE",-0.393138744962358,0.739048377139354,0.674935135095137
2739,"Gaur","GAR",2,"ndvi_cv + elev + BB + DE",-0.406433622672283,0.741044533227697,0.666021322247655
2740,"Gaur","GAR",2,"ndvi_cv + elev + BB + DE",-0.399185168370036,0.734086407576031,0.670866466621249
2741,"Gaur","GAR",2,"ndvi_cv + elev + BB + DE",-0.399943023709918,0.723154835577668,0.670358241307474
2742,"Gaur","GAR",2,"ndvi_cv + elev + BB + DE",-0.439205330147109,0.709346293549795,0.644548423922638
2743,"Gaur","GAR",2,"ndvi_cv + elev + BB + DE",-0.431385523319984,0.703447132891734,0.649608425972631
2744,"Gaur","GAR",2,"ndvi_cv + elev + BB + DE",-0.415637594921027,0.711408492785398,0.659919386487223
2745,"Gaur","GAR",2,"ndvi_cv + elev + BB + DE",-0.409547620402644,0.710560263758182,0.663950540482929
2746,"Gaur","GAR",2,"ndvi_cv + elev + BB + DE",-0.395041975249733,0.721577960242332,0.67365176238499
2747,"Gaur","GAR",2,"ndvi_cv + elev + BB + DE",-0.390762590040893,0.714731978324951,0.676540756800463
2748,"Gaur","GAR",2,"ndvi_cv + elev + BB + DE",-0.407846871209487,0.712450304723575,0.665080714435238
2749,"Gaur","GAR",2,"ndvi_cv + elev + BB + DE",-0.412363583874008,0.706396420841658,0.662083757194346
2750,"Gaur","GAR",2,"ndvi_cv + elev + BB + DE",-0.407027468675397,0.724809664252456,0.665625906284302
2751,"Gaur","GAR",2,"ndvi_cv + elev + BB + DE",-0.412912822840996,0.721502695716842,0.661719970187677
2752,"Gaur","GAR",2,"ndvi_cv + elev + BB + DE",-0.420239426678182,0.716496069242724,0.656889524474962
2753,"Gaur","GAR",2,"ndvi_cv + elev + BB + DE",-0.423152458775393,0.71932760315633,0.654978769312409
2754,"Gaur","GAR",2,"ndvi_cv + elev + BB + DE",-0.407915907458387,0.728801799949504,0.665034800937738
2755,"Gaur","GAR",2,"ndvi_cv + elev + BB + DE",-0.409811237393863,0.734588472606284,0.663775535231642
2756,"Gaur","GAR",2,"ndvi_cv + elev + BB + DE",-0.413096146585632,0.734627768118733,0.661598670618425
2757,"Gaur","GAR",2,"ndvi_cv + elev + BB + DE",-0.422767685460303,0.752456087979615,0.655230837294097
2758,"Gaur","GAR",2,"ndvi_cv + elev + BB + DE",-0.417424624371043,0.750426829897619,0.658741143447124
2759,"Gaur","GAR",2,"ndvi_cv + elev + BB + DE",-0.409959757214644,0.790760352611013,0.663676967225237
2760,"Gaur","GAR",2,"ndvi_cv + elev + BB + DE",-0.414062261022226,0.823462818290764,0.660959800040334
2761,"Gaur","GAR",2,"ndvi_cv + elev + BB + DE",-0.41121936903294,0.861338851463945,0.662841539800134
2762,"Gaur","GAR",2,"ndvi_cv + elev + BB + DE",-0.405436964182042,0.932525385157474,0.666685464292346
2763,"Gaur","GAR",2,"ndvi_cv + elev + BB + DE",-0.402635726737474,1.04543651496281,0.668555677096568
2764,"Gaur","GAR",2,"ndvi_cv + elev + BB + DE",-0.360705318458662,1.04123006783833,0.697184444491873
2765,"Gaur","GAR",2,"ndvi_cv + elev + BB + DE",-0.368496830287349,0.926642273600981,0.691773442654235
2766,"Gaur","GAR",2,"ndvi_cv + elev + BB + DE",-0.370736666665538,0.868395269551456,0.690226078256772
2767,"Gaur","GAR",2,"ndvi_cv + elev + BB + DE",-0.369476339424023,0.827258867570301,0.691096152080303
2768,"Gaur","GAR",2,"ndvi_cv + elev + BB + DE",-0.375089550534575,0.806677492870452,0.687227751673934
2769,"Gaur","GAR",2,"ndvi_cv + elev + BB + DE",-0.385454263764857,0.796335596445829,0.680141603034874
2770,"Gaur","GAR",2,"ndvi_cv + elev + BB + DE",-0.375927361581423,0.779303405363925,0.686652210130324
2771,"Gaur","GAR",2,"ndvi_cv + elev + BB + DE",-0.409107505319576,0.759906638314537,0.664242819537527
2772,"Gaur","GAR",2,"ndvi_cv + elev + BB + DE",-0.370842707366099,0.755401475823372,0.690152522389244
2773,"Gaur","GAR",2,"ndvi_cv + elev + BB + DE",-0.411578700371001,0.748740120252277,0.662603373670157
2774,"Gaur","GAR",2,"ndvi_cv + elev + BB + DE",-0.388521877792468,0.731159720520421,0.678058560500681
2775,"Gaur","GAR",2,"ndvi_cv + elev + BB + DE",-0.410987077117354,0.723117939791726,0.662995500246427
2776,"Gaur","GAR",2,"ndvi_cv + elev + BB + DE",-0.431264803421075,0.717633884740625,0.649686849506912
2777,"Gaur","GAR",2,"ndvi_cv + elev + BB + DE",-0.444830969378454,0.716328027269929,0.640932617681425
2778,"Gaur","GAR",2,"ndvi_cv + elev + BB + DE",-0.409760309751215,0.719111488565001,0.663809340236471
2779,"Gaur","GAR",2,"ndvi_cv + elev + BB + DE",-0.406068653539107,0.715970965805805,0.666264425518496
2780,"Gaur","GAR",2,"ndvi_cv + elev + BB + DE",-0.397080840232257,0.728221702697978,0.672279676351904
2781,"Gaur","GAR",2,"ndvi_cv + elev + BB + DE",-0.412543512339199,0.720105778752796,0.661964392459762
2782,"Gaur","GAR",2,"ndvi_cv + elev + BB + DE",-0.402239070879752,0.719158221203118,0.668820831660086
2783,"Gaur","GAR",2,"ndvi_cv + elev + BB + DE",-0.417862573382999,0.712343987581343,0.658452716070899
2784,"Gaur","GAR",2,"ndvi_cv + elev + BB + DE",-0.406074780645376,0.716130066238598,0.666260348972441
2785,"Gaur","GAR",2,"ndvi_cv + elev + BB + DE",-0.401443231787657,0.715449767601183,0.669353373514988
2786,"Gaur","GAR",2,"ndvi_cv + elev + BB + DE",-0.414100378371044,0.732358413784575,0.660934638124578
2787,"Gaur","GAR",2,"ndvi_cv + elev + BB + DE",-0.419942006696519,0.731394156606515,0.657084925237786
2788,"Gaur","GAR",2,"ndvi_cv + elev + BB + DE",-0.417599996131305,0.755858930015903,0.658625628777615
2789,"Gaur","GAR",2,"ndvi_cv + elev + BB + DE",-0.397353380093344,0.751914816718455,0.67209648697533
2790,"Gaur","GAR",2,"ndvi_cv + elev + BB + DE",-0.404592716843211,0.750914696354701,0.667248514626475
2791,"Gaur","GAR",2,"ndvi_cv + elev + BB + DE",-0.400904159811477,0.781129590179045,0.66971424949424
2792,"Gaur","GAR",2,"ndvi_cv + elev + BB + DE",-0.407470878254336,0.800315991929008,0.665331018305484
2793,"Gaur","GAR",2,"ndvi_cv + elev + BB + DE",-0.422255174033804,0.832596816572018,0.655566734507399
2794,"Gaur","GAR",2,"ndvi_cv + elev + BB + DE",-0.416089947760695,0.879459099814457,0.65962093643708
2795,"Gaur","GAR",2,"ndvi_cv + elev + BB + DE",-0.401624677320148,0.947624101042028,0.669232259206675
2796,"Gaur","GAR",2,"ndvi_cv + elev + BB + DE",-0.407310677469261,1.03269387807798,0.665437421905895
2797,"Gaur","GAR",2,"ndvi_cv + elev + BB + DE",-0.363185147713062,0.895415560964483,0.695457666351318
2798,"Gaur","GAR",2,"ndvi_cv + elev + BB + DE",-0.365266265020468,0.838043793696789,0.694011835547986
2799,"Gaur","GAR",2,"ndvi_cv + elev + BB + DE",-0.369951850486147,0.812174690089436,0.690767608442459
2800,"Gaur","GAR",2,"ndvi_cv + elev + BB + DE",-0.36800560489262,0.801439909057565,0.692113304115571
2801,"Gaur","GAR",2,"ndvi_cv + elev + BB + DE",-0.376356695885239,0.783390999900353,0.68635748312545
2802,"Gaur","GAR",2,"ndvi_cv + elev + BB + DE",-0.381975890423679,0.771906212018527,0.682511541134555
2803,"Gaur","GAR",2,"ndvi_cv + elev + BB + DE",-0.373763495032531,0.75897704735638,0.688139645045135
2804,"Gaur","GAR",2,"ndvi_cv + elev + BB + DE",-0.400387803464027,0.752828908129377,0.670060147767587
2805,"Gaur","GAR",2,"ndvi_cv + elev + BB + DE",-0.388176496492158,0.738210879157372,0.678292632601141
2806,"Gaur","GAR",2,"ndvi_cv + elev + BB + DE",-0.407027244718112,0.725249912156199,0.665626059543284
2807,"Gaur","GAR",2,"ndvi_cv + elev + BB + DE",-0.396833461870261,0.724576685632746,0.672446006645735
2808,"Gaur","GAR",2,"ndvi_cv + elev + BB + DE",-0.401456721762177,0.726443871916157,0.669344301338976
2809,"Gaur","GAR",2,"ndvi_cv + elev + BB + DE",-0.404406654141945,0.729391653935989,0.667372676732251
2810,"Gaur","GAR",2,"ndvi_cv + elev + BB + DE",-0.392588727638787,0.727980564016352,0.675306431746442
2811,"Gaur","GAR",2,"ndvi_cv + elev + BB + DE",-0.413209277504822,0.733086366380836,0.6615239264524
2812,"Gaur","GAR",2,"ndvi_cv + elev + BB + DE",-0.405059156921568,0.72516935535771,0.666937355760932
2813,"Gaur","GAR",2,"ndvi_cv + elev + BB + DE",-0.406104235761116,0.734522405803818,0.666240724066953
2814,"Gaur","GAR",2,"ndvi_cv + elev + BB + DE",-0.417042021390146,0.728916093111797,0.658993227575643
2815,"Gaur","GAR",2,"ndvi_cv + elev + BB + DE",-0.408132400221345,0.749609300853212,0.664890846857327
2816,"Gaur","GAR",2,"ndvi_cv + elev + BB + DE",-0.406588586401623,0.739624951617454,0.665918123956953
2817,"Gaur","GAR",2,"ndvi_cv + elev + BB + DE",-0.414118562240128,0.735074132574424,0.660922603311036
2818,"Gaur","GAR",2,"ndvi_cv + elev + BB + DE",-0.396474811174356,0.753639413837679,0.672687221286543
2819,"Gaur","GAR",2,"ndvi_cv + elev + BB + DE",-0.405093891121742,0.75656361054048,0.666914190739011
2820,"Gaur","GAR",2,"ndvi_cv + elev + BB + DE",-0.404599182379965,0.785352849818543,0.667244203509293
2821,"Gaur","GAR",2,"ndvi_cv + elev + BB + DE",-0.413439100281721,0.796808556500597,0.661371813108605
2822,"Gaur","GAR",2,"ndvi_cv + elev + BB + DE",-0.425295898335187,0.822827049997256,0.653576364465999
2823,"Gaur","GAR",2,"ndvi_cv + elev + BB + DE",-0.416743734169646,0.90178620008909,0.659189826132881
2824,"Gaur","GAR",2,"ndvi_cv + elev + BB + DE",-0.408798617504816,0.959316005883854,0.664448033414523
2825,"Gaur","GAR",2,"ndvi_cv + elev + BB + DE",-0.375040783744951,0.944609949699385,0.687261249134214
2826,"Gaur","GAR",2,"ndvi_cv + elev + BB + DE",-0.360692549615477,0.850029895646932,0.697193322635591
2827,"Gaur","GAR",2,"ndvi_cv + elev + BB + DE",-0.360028421100802,0.832908932209273,0.697656501522357
2828,"Gaur","GAR",2,"ndvi_cv + elev + BB + DE",-0.358654804489422,0.812173938805623,0.698615474361656
2829,"Gaur","GAR",2,"ndvi_cv + elev + BB + DE",-0.357661456908881,0.805738877694691,0.699309781466241
2830,"Gaur","GAR",2,"ndvi_cv + elev + BB + DE",-0.369931009335012,0.793161639253904,0.690781987001883
2831,"Gaur","GAR",2,"ndvi_cv + elev + BB + DE",-0.372395815617017,0.773872003637178,0.68908146278178
2832,"Gaur","GAR",2,"ndvi_cv + elev + BB + DE",-0.38178612663974,0.757943281060728,0.682641036343123
2833,"Gaur","GAR",2,"ndvi_cv + elev + BB + DE",-0.406511514426633,0.760514970917567,0.665969428407417
2834,"Gaur","GAR",2,"ndvi_cv + elev + BB + DE",-0.398258055903454,0.737852999932956,0.671488798748252
2835,"Gaur","GAR",2,"ndvi_cv + elev + BB + DE",-0.425160447119798,0.732006818156317,0.653664898119628
2836,"Gaur","GAR",2,"ndvi_cv + elev + BB + DE",-0.425422946983734,0.741054283716005,0.65349333484834
2837,"Gaur","GAR",2,"ndvi_cv + elev + BB + DE",-0.404585445795295,0.739354680282795,0.667253366552969
2838,"Gaur","GAR",2,"ndvi_cv + elev + BB + DE",-0.408385229074918,0.733685146631026,0.66472275896336
2839,"Gaur","GAR",2,"ndvi_cv + elev + BB + DE",-0.415669744129794,0.747078955127095,0.659898186539084
2840,"Gaur","GAR",2,"ndvi_cv + elev + BB + DE",-0.4092094792348,0.746445456608152,0.664175089172586
2841,"Gaur","GAR",2,"ndvi_cv + elev + BB + DE",-0.404225906311521,0.738454456014,0.66749331882869
2842,"Gaur","GAR",2,"ndvi_cv + elev + BB + DE",-0.404971697930375,0.746205193401474,0.66699569292169
2843,"Gaur","GAR",2,"ndvi_cv + elev + BB + DE",-0.389465285036218,0.739344718390402,0.677419004176701
2844,"Gaur","GAR",2,"ndvi_cv + elev + BB + DE",-0.390748606762558,0.748666784158747,0.676550223774808
2845,"Gaur","GAR",2,"ndvi_cv + elev + BB + DE",-0.394767417136699,0.77051818275388,0.673836817330959
2846,"Gaur","GAR",2,"ndvi_cv + elev + BB + DE",-0.405671112976439,0.775617603939966,0.666529344527447
2847,"Gaur","GAR",2,"ndvi_cv + elev + BB + DE",-0.403918480936317,0.797054966754404,0.667698559711147
2848,"Gaur","GAR",2,"ndvi_cv + elev + BB + DE",-0.401066758242255,0.822454210635645,0.66960535905994
2849,"Gaur","GAR",2,"ndvi_cv + elev + BB + DE",-0.41178571748259,0.883717526442609,0.66246621641475
2850,"Gaur","GAR",2,"ndvi_cv + elev + BB + DE",-0.354616359271902,0.966851023702035,0.70144250069892
2851,"Gaur","GAR",2,"ndvi_cv + elev + BB + DE",-0.377793394355595,0.87809151193856,0.685372120248127
2852,"Gaur","GAR",2,"ndvi_cv + elev + BB + DE",-0.385133189911619,0.84720439315836,0.680360015102098
2853,"Gaur","GAR",2,"ndvi_cv + elev + BB + DE",-0.376839012276604,0.826503784494856,0.686026506852734
2854,"Gaur","GAR",2,"ndvi_cv + elev + BB + DE",-0.36297145451052,0.814276752473877,0.695606297983678
2855,"Gaur","GAR",2,"ndvi_cv + elev + BB + DE",-0.375771818882713,0.809234516958222,0.686759032489199
2856,"Gaur","GAR",2,"ndvi_cv + elev + BB + DE",-0.380553645858822,0.797823353077928,0.683482901300644
2857,"Gaur","GAR",2,"ndvi_cv + elev + BB + DE",-0.381160494641555,0.788183817936653,0.6830682531505
2858,"Gaur","GAR",2,"ndvi_cv + elev + BB + DE",-0.393955708093248,0.777106413834027,0.674383925334594
2859,"Gaur","GAR",2,"ndvi_cv + elev + BB + DE",-0.39628448298198,0.767571791698194,0.672815270157885
2860,"Gaur","GAR",2,"ndvi_cv + elev + BB + DE",-0.393119106493904,0.760926283780288,0.674948352206144
2861,"Gaur","GAR",2,"ndvi_cv + elev + BB + DE",-0.398607729145368,0.746285998592471,0.671253966272706
2862,"Gaur","GAR",2,"ndvi_cv + elev + BB + DE",-0.403768958201594,0.745173026993037,0.667798411570203
2863,"Gaur","GAR",2,"ndvi_cv + elev + BB + DE",-0.400651798835646,0.756351591154094,0.669883283479894
2864,"Gaur","GAR",2,"ndvi_cv + elev + BB + DE",-0.416311516688083,0.740931643263495,0.659474801345654
2865,"Gaur","GAR",2,"ndvi_cv + elev + BB + DE",-0.401787091855281,0.757350372816208,0.669123192661129
2866,"Gaur","GAR",2,"ndvi_cv + elev + BB + DE",-0.407687877364575,0.75922715925852,0.665186512743387
2867,"Gaur","GAR",2,"ndvi_cv + elev + BB + DE",-0.419007206523815,0.760889962346235,0.657699505151659
2868,"Gaur","GAR",2,"ndvi_cv + elev + BB + DE",-0.397814411244865,0.763397795800991,0.671786698487461
2869,"Gaur","GAR",2,"ndvi_cv + elev + BB + DE",-0.421517990248528,0.769595406301085,0.656050189702157
2870,"Gaur","GAR",2,"ndvi_cv + elev + BB + DE",-0.416070246706213,0.800247432378859,0.65963393616231
2871,"Gaur","GAR",2,"ndvi_cv + elev + BB + DE",-0.411290162968578,0.831962197656919,0.662794585899399
2872,"Gaur","GAR",2,"ndvi_cv + elev + BB + DE",-0.412004778818736,0.893421182765199,0.662321111400424
2873,"Gaur","GAR",2,"ndvi_cv + elev + BB + DE",-0.425502511378239,0.959738031210694,0.653441342133787
2874,"Gaur","GAR",2,"ndvi_cv + elev + BB + DE",-0.356904513555627,0.997203456671699,0.699839321876306
2875,"Gaur","GAR",2,"ndvi_cv + elev + BB + DE",-0.363141037380652,0.895878017819263,0.695488336865512
2876,"Gaur","GAR",2,"ndvi_cv + elev + BB + DE",-0.35099459770818,0.871809065988119,0.703987583317562
2877,"Gaur","GAR",2,"ndvi_cv + elev + BB + DE",-0.355118738009107,0.849950675732765,0.701090287891657
2878,"Gaur","GAR",2,"ndvi_cv + elev + BB + DE",-0.375550483028714,0.818598394081993,0.686911048264753
2879,"Gaur","GAR",2,"ndvi_cv + elev + BB + DE",-0.368711307550109,0.817497419114407,0.691625069018114
2880,"Gaur","GAR",2,"ndvi_cv + elev + BB + DE",-0.361991216914224,0.813332226244545,0.696288490292734
2881,"Gaur","GAR",2,"ndvi_cv + elev + BB + DE",-0.380191765908568,0.797702023529425,0.683730286023035
2882,"Gaur","GAR",2,"ndvi_cv + elev + BB + DE",-0.401125193114552,0.775260447949711,0.669566278974158
2883,"Gaur","GAR",2,"ndvi_cv + elev + BB + DE",-0.390479352041123,0.782407995966376,0.67673240451587
2884,"Gaur","GAR",2,"ndvi_cv + elev + BB + DE",-0.394099157423284,0.776670375354654,0.674287223355724
2885,"Gaur","GAR",2,"ndvi_cv + elev + BB + DE",-0.378116768715073,0.766431266556073,0.685150491879171
2886,"Gaur","GAR",2,"ndvi_cv + elev + BB + DE",-0.388354842335543,0.782767489616612,0.678171659428188
2887,"Gaur","GAR",2,"ndvi_cv + elev + BB + DE",-0.39721081184852,0.765118848760529,0.672192308298248
2888,"Gaur","GAR",2,"ndvi_cv + elev + BB + DE",-0.386979358525879,0.757080396931679,0.679105113194488
2889,"Gaur","GAR",2,"ndvi_cv + elev + BB + DE",-0.401567841305953,0.765936044231696,0.669269915725696
2890,"Gaur","GAR",2,"ndvi_cv + elev + BB + DE",-0.404254430850882,0.770757748983108,0.667474290469572
2891,"Gaur","GAR",2,"ndvi_cv + elev + BB + DE",-0.41270968930928,0.774099521978286,0.661854404924782
2892,"Gaur","GAR",2,"ndvi_cv + elev + BB + DE",-0.413333536487368,0.779882488916462,0.661441632998815
2893,"Gaur","GAR",2,"ndvi_cv + elev + BB + DE",-0.400601014043809,0.822818517472464,0.669917302251925
2894,"Gaur","GAR",2,"ndvi_cv + elev + BB + DE",-0.408489967553667,0.879781049673488,0.664653146093823
2895,"Gaur","GAR",2,"ndvi_cv + elev + BB + DE",-0.35393536967965,1.0141334555716,0.701920454186075
2896,"Gaur","GAR",2,"ndvi_cv + elev + BB + DE",-0.36606035602244,0.938906385404139,0.693460947563573
2897,"Gaur","GAR",2,"ndvi_cv + elev + BB + DE",-0.37025703386844,0.896306252834593,0.690556811479765
2898,"Gaur","GAR",2,"ndvi_cv + elev + BB + DE",-0.36103182176762,0.865506120685845,0.696956821406978
2899,"Gaur","GAR",2,"ndvi_cv + elev + BB + DE",-0.368383427305293,0.842165840501176,0.69185185707307
2900,"Gaur","GAR",2,"ndvi_cv + elev + BB + DE",-0.374704547298358,0.824513816937658,0.687492569924509
2901,"Gaur","GAR",2,"ndvi_cv + elev + BB + DE",-0.385846799319752,0.820515399407993,0.679874695287892
2902,"Gaur","GAR",2,"ndvi_cv + elev + BB + DE",-0.391685662784315,0.828547662964213,0.675916584990355
2903,"Gaur","GAR",2,"ndvi_cv + elev + BB + DE",-0.390604148442665,0.8097164365461,0.676647959403002
2904,"Gaur","GAR",2,"ndvi_cv + elev + BB + DE",-0.400827612652015,0.788023034580134,0.669765517754933
2905,"Gaur","GAR",2,"ndvi_cv + elev + BB + DE",-0.404603676201986,0.788688240350007,0.667241202710384
2906,"Gaur","GAR",2,"ndvi_cv + elev + BB + DE",-0.399388562518707,0.784999867966657,0.670730088341551
2907,"Gaur","GAR",2,"ndvi_cv + elev + BB + DE",-0.392343406551886,0.781921659291012,0.675472113849379
2908,"Gaur","GAR",2,"ndvi_cv + elev + BB + DE",-0.393381399573871,0.787999953869388,0.674771540550956
2909,"Gaur","GAR",2,"ndvi_cv + elev + BB + DE",-0.40637120733062,0.785001876635014,0.666062912638984
2910,"Gaur","GAR",2,"ndvi_cv + elev + BB + DE",-0.415416793958223,0.781266432982301,0.660065115115239
2911,"Gaur","GAR",2,"ndvi_cv + elev + BB + DE",-0.399440995983615,0.790781532468672,0.670694863166899
2912,"Gaur","GAR",2,"ndvi_cv + elev + BB + DE",-0.40686273209669,0.798257301248503,0.66573556915303
2913,"Gaur","GAR",2,"ndvi_cv + elev + BB + DE",-0.400255778124494,0.817070619034879,0.670148622328788
2914,"Gaur","GAR",2,"ndvi_cv + elev + BB + DE",-0.413215474254455,0.868295701264672,0.661519732260544
2915,"Gaur","GAR",2,"ndvi_cv + elev + BB + DE",-0.334748929443642,1.16023523238146,0.715517710239574
2916,"Gaur","GAR",2,"ndvi_cv + elev + BB + DE",-0.350633636390669,1.03553126364699,0.704241876789127
2917,"Gaur","GAR",2,"ndvi_cv + elev + BB + DE",-0.352707482886003,0.968048418997338,0.702782756284742
2918,"Gaur","GAR",2,"ndvi_cv + elev + BB + DE",-0.336096898666153,0.929149542063187,0.714553867758694
2919,"Gaur","GAR",2,"ndvi_cv + elev + BB + DE",-0.380050689357917,0.885104549726331,0.683826748420845
2920,"Gaur","GAR",2,"ndvi_cv + elev + BB + DE",-0.379019229905365,0.860783942043544,0.684532552508414
2921,"Gaur","GAR",2,"ndvi_cv + elev + BB + DE",-0.381490826862328,0.831396387575873,0.682842665611515
2922,"Gaur","GAR",2,"ndvi_cv + elev + BB + DE",-0.400885112136877,0.835769943885142,0.669727002812668
2923,"Gaur","GAR",2,"ndvi_cv + elev + BB + DE",-0.390060435925383,0.828362916347579,0.677015957375471
2924,"Gaur","GAR",2,"ndvi_cv + elev + BB + DE",-0.391319469726905,0.815099178629551,0.676164109567678
2925,"Gaur","GAR",2,"ndvi_cv + elev + BB + DE",-0.408182441622376,0.803660586203838,0.664857580596068
2926,"Gaur","GAR",2,"ndvi_cv + elev + BB + DE",-0.406917156249093,0.799354263414542,0.66569933730159
2927,"Gaur","GAR",2,"ndvi_cv + elev + BB + DE",-0.394517546589387,0.794172414704048,0.674005138672576
2928,"Gaur","GAR",2,"ndvi_cv + elev + BB + DE",-0.393471332342152,0.795868313794663,0.674710659801623
2929,"Gaur","GAR",2,"ndvi_cv + elev + BB + DE",-0.409519561162095,0.790304418248677,0.663969242052251
2930,"Gaur","GAR",2,"ndvi_cv + elev + BB + DE",-0.404711126885884,0.807851615206342,0.667169510582881
2931,"Gaur","GAR",2,"ndvi_cv + elev + BB + DE",-0.386724565859319,0.805977736916569,0.679278175549552
2932,"Gaur","GAR",2,"ndvi_cv + elev + BB + DE",-0.390334652252099,0.798930675980037,0.676830372265596
2933,"Gaur","GAR",2,"ndvi_cv + elev + BB + DE",-0.390166497467105,0.82681878940732,0.676944156459568
2934,"Gaur","GAR",2,"ndvi_cv + elev + BB + DE",-0.401410947692479,0.874019284187205,0.669374926775934
2935,"Gaur","GAR",2,"ndvi_cv + elev + BB + DE",-0.413189766298249,0.988256473609074,0.661536759054013
2936,"Gaur","GAR",2,"ndvi_cv + elev + BB + DE",-0.3680110636104,1.16509784618298,0.692109673878925
2937,"Gaur","GAR",2,"ndvi_cv + elev + BB + DE",-0.352402608641763,1.0708486070318,0.702997032412795
2938,"Gaur","GAR",2,"ndvi_cv + elev + BB + DE",-0.3546948085195,0.9977824833344,0.701387480308048
2939,"Gaur","GAR",2,"ndvi_cv + elev + BB + DE",-0.363217332325606,0.944261838320802,0.695435277594081
2940,"Gaur","GAR",2,"ndvi_cv + elev + BB + DE",-0.373986645887001,0.907337522842548,0.687986100110959
2941,"Gaur","GAR",2,"ndvi_cv + elev + BB + DE",-0.37642591347723,0.867903823556626,0.686309963132366
2942,"Gaur","GAR",2,"ndvi_cv + elev + BB + DE",-0.395645626116004,0.874287406986983,0.673245234686808
2943,"Gaur","GAR",2,"ndvi_cv + elev + BB + DE",-0.380785799901232,0.84548757975376,0.683324245586998
2944,"Gaur","GAR",2,"ndvi_cv + elev + BB + DE",-0.401862055888202,0.843734639644744,0.669073037399909
2945,"Gaur","GAR",2,"ndvi_cv + elev + BB + DE",-0.406217581503211,0.823493072955412,0.666165466495577
2946,"Gaur","GAR",2,"ndvi_cv + elev + BB + DE",-0.403739192034627,0.810444239419574,0.667818311249701
2947,"Gaur","GAR",2,"ndvi_cv + elev + BB + DE",-0.391729507558678,0.813938924069493,0.675886919307597
2948,"Gaur","GAR",2,"ndvi_cv + elev + BB + DE",-0.398281619160608,0.827466140122719,0.671472916808472
2949,"Gaur","GAR",2,"ndvi_cv + elev + BB + DE",-0.397914629187561,0.811754500486293,0.671719370501694
2950,"Gaur","GAR",2,"ndvi_cv + elev + BB + DE",-0.401719343768293,0.816190636106915,0.669168553932265
2951,"Gaur","GAR",2,"ndvi_cv + elev + BB + DE",-0.405550818717185,0.824194859309094,0.666609528763812
2952,"Gaur","GAR",2,"ndvi_cv + elev + BB + DE",-0.411520320907784,0.829950812359766,0.662642057868126
2953,"Gaur","GAR",2,"ndvi_cv + elev + BB + DE",-0.380424460607437,0.837564323209694,0.683571200624663
2954,"Gaur","GAR",2,"ndvi_cv + elev + BB + DE",-0.403369202401407,0.86904118159685,0.668065405673649
2955,"Gaur","GAR",2,"ndvi_cv + elev + BB + DE",-0.396060490054179,0.9512004967431,0.672965990375176
2956,"Gaur","GAR",2,"ndvi_cv + elev + BB + DE",-0.366570838564054,1.15749481952181,0.693107036085943
2957,"Gaur","GAR",2,"ndvi_cv + elev + BB + DE",-0.363813082244356,1.08179164359428,0.695021098082176
2958,"Gaur","GAR",2,"ndvi_cv + elev + BB + DE",-0.359409388010327,1.02454684617075,0.698088509717537
2959,"Gaur","GAR",2,"ndvi_cv + elev + BB + DE",-0.368444264779666,0.942225682572264,0.69180980384201
2960,"Gaur","GAR",2,"ndvi_cv + elev + BB + DE",-0.376964526453128,0.912235113010285,0.685940407463719
2961,"Gaur","GAR",2,"ndvi_cv + elev + BB + DE",-0.380632509196147,0.881809152279459,0.683429005318594
2962,"Gaur","GAR",2,"ndvi_cv + elev + BB + DE",-0.391653330947067,0.873950388797662,0.675938402212752
2963,"Gaur","GAR",2,"ndvi_cv + elev + BB + DE",-0.400976802697753,0.851869142812784,0.669665601199274
2964,"Gaur","GAR",2,"ndvi_cv + elev + BB + DE",-0.402078329181384,0.844768826063073,0.668928347221212
2965,"Gaur","GAR",2,"ndvi_cv + elev + BB + DE",-0.37530170476155,0.839901885439408,0.687081958978383
2966,"Gaur","GAR",2,"ndvi_cv + elev + BB + DE",-0.385629947051861,0.83540990671299,0.680022142051908
2967,"Gaur","GAR",2,"ndvi_cv + elev + BB + DE",-0.397542456958042,0.835097224054011,0.671969412607938
2968,"Gaur","GAR",2,"ndvi_cv + elev + BB + DE",-0.41029478958598,0.839319328715172,0.663454643012969
2969,"Gaur","GAR",2,"ndvi_cv + elev + BB + DE",-0.409091511827299,0.838904422818362,0.664253445968769
2970,"Gaur","GAR",2,"ndvi_cv + elev + BB + DE",-0.403554706021975,0.848262577339857,0.667941485818004
2971,"Gaur","GAR",2,"ndvi_cv + elev + BB + DE",-0.400552691821268,0.846792623876174,0.669949669411527
2972,"Gaur","GAR",2,"ndvi_cv + elev + BB + DE",-0.406893111344106,0.88054013365291,0.665715346404954
2973,"Gaur","GAR",2,"ndvi_cv + elev + BB + DE",-0.417524983993459,0.949275834965117,0.658675042601119
2974,"Gaur","GAR",2,"ndvi_cv + elev + BB + DE",-0.37666035313878,0.944643556236938,0.686149083629703
2975,"Gaur","GAR",2,"ndvi_cv + elev + BB + DE",-0.376701533829274,0.902174612278771,0.686120856178591
2976,"Gaur","GAR",2,"ndvi_cv + elev + BB + DE",-0.377189113187332,0.881522173606904,0.685786371490668
2977,"Gaur","GAR",2,"ndvi_cv + elev + BB + DE",-0.372323088380094,0.872869236343148,0.689131556154816
2978,"Gaur","GAR",2,"ndvi_cv + elev + BB + DE",-0.394809818249169,0.869693527501941,0.673808174339836
2979,"Gaur","GAR",2,"ndvi_cv + elev + BB + DE",-0.382652398816615,0.859804555595903,0.682049941850394
2980,"Gaur","GAR",2,"ndvi_cv + elev + BB + DE",-0.380817670148567,0.863996493581091,0.683302495645159
2981,"Gaur","GAR",2,"ndvi_cv + elev + BB + DE",-0.382249503461646,0.857778125317665,0.682324789569011
2982,"Gaur","GAR",2,"ndvi_cv + elev + BB + DE",-0.403228118947927,0.861657873159083,0.668159765984908
2983,"Gaur","GAR",2,"ndvi_cv + elev + BB + DE",-0.400191186242646,0.870944456128627,0.670191903479236
2984,"Gaur","GAR",2,"ndvi_cv + elev + BB + DE",-0.382648981982362,0.908129438962531,0.682052275342043
2985,"Gaur","GAR",2,"ndvi_cv + elev + BB + DE",-0.395999548897619,0.916115248634484,0.673007018220074
2986,"Gaur","GAR",2,"ndvi_cv + elev + BB + DE",-0.411885872957324,1.01038848674115,0.662399874387636
2987,"Gaur","GAR",2,"ndvi_cv + elev + BB + DE",-0.381097261193806,1.01106830794798,0.683111448117632
2988,"Gaur","GAR",2,"ndvi_cv + elev + BB + DE",-0.377474638643779,0.925696694620411,0.685590589143092
2989,"Gaur","GAR",2,"ndvi_cv + elev + BB + DE",-0.373872439930977,0.901389405509054,0.688064677995739
2990,"Gaur","GAR",2,"ndvi_cv + elev + BB + DE",-0.366113529664206,0.894675401895981,0.693424173050489
2991,"Gaur","GAR",2,"ndvi_cv + elev + BB + DE",-0.373996031832966,0.887291974019199,0.687979659418991
2992,"Gaur","GAR",2,"ndvi_cv + elev + BB + DE",-0.395355255158818,0.882160385594799,0.673440754492593
2993,"Gaur","GAR",2,"ndvi_cv + elev + BB + DE",-0.397146149895427,0.878279796081516,0.67223577147955
2994,"Gaur","GAR",2,"ndvi_cv + elev + BB + DE",-0.398099559842896,0.900323957982217,0.671595427827855
2995,"Gaur","GAR",2,"ndvi_cv + elev + BB + DE",-0.405392824659976,0.933191480801967,0.66671488068707
2996,"Gaur","GAR",2,"ndvi_cv + elev + BB + DE",-0.368649738628237,0.967813216015371,0.691667632504149
2997,"Gaur","GAR",2,"ndvi_cv + elev + BB + DE",-0.380510783471032,1.00919000344432,0.68351219330659
2998,"Gaur","GAR",2,"ndvi_cv + elev + BB + DE",-0.391254952488438,1.09180416710841,0.676207741072684
2999,"Gaur","GAR",2,"ndvi_cv + elev + BB + DE",-0.371870390510253,0.997919934722284,0.689443601360446
3000,"Gaur","GAR",2,"ndvi_cv + elev + BB + DE",-0.372060666462926,0.955118312895765,0.689312437587595
3001,"Gaur","GAR",2,"ndvi_cv + elev + BB + DE",-0.377385327007284,0.936889187255841,0.685651827320383
3002,"Gaur","GAR",2,"ndvi_cv + elev + BB + DE",-0.386708471507032,0.921148990799511,0.67928909986464
3003,"Gaur","GAR",2,"ndvi_cv + elev + BB + DE",-0.382248810295005,0.933473620639582,0.682325265857061
3004,"Gaur","GAR",2,"ndvi_cv + elev + BB + DE",-0.39749144107895,0.949154232388888,0.672003694260433
3005,"Gaur","GAR",2,"ndvi_cv + elev + BB + DE",-0.365894608566508,1.0160865887267,0.693575908464184
3006,"Gaur","GAR",2,"ndvi_cv + elev + BB + DE",-0.384981606402479,1.05523989121969,0.680463520171673
3007,"Gaur","GAR",2,"ndvi_cv + elev + BB + DE",-0.372634282368598,0.997578845891308,0.688917164628489
3008,"Gaur","GAR",2,"ndvi_cv + elev + BB + DE",-0.355167574717937,1.00637047905707,0.701056065712942
3009,"Gaur","GAR",2,"ndvi_cv + elev + BB + DE",-0.366392574039167,0.987792682994518,0.693230603469101
3010,"Gaur","GAR",2,"ndvi_cv + elev + BB + DE",-0.390237484529881,1.05996581663792,0.676896117680452
3011,"Gaur","GAR",2,"ndvi_cv + elev + BB + DE",-0.381459402964017,1.2176695203252,0.682864117038652
3012,"Gaur","GAR",2,"ndvi_cv + elev + BB + DE",-0.371508395430956,1.10641328904529,0.689693216763444
3013,"Gaur","GAR",2,"ndvi_cv + elev + BB + DE",-0.369778374510292,1.11361510369817,0.690887469556102
