"grid_id","Species","Species_Code","Rank","Covariates","CAR_Median","CAR_SD","CAR_RelativeRisk"
1,"Banteng","BTG",2,"dist_str + ndvi_cv + elev + BB + DE",-0.905707426753609,1.39533655012606,0.404255803123416
2,"Banteng","BTG",2,"dist_str + ndvi_cv + elev + BB + DE",-0.908831021302579,1.24799274174088,0.402995041647638
3,"Banteng","BTG",2,"dist_str + ndvi_cv + elev + BB + DE",-0.885813514915761,1.2391358315325,0.412378705418642
4,"Banteng","BTG",2,"dist_str + ndvi_cv + elev + BB + DE",-0.895790245617356,1.24670895134353,0.408284825891972
5,"Banteng","BTG",2,"dist_str + ndvi_cv + elev + BB + DE",-0.894243948222543,1.30169402671767,0.408916915693093
6,"Banteng","BTG",2,"dist_str + ndvi_cv + elev + BB + DE",-0.883731591056911,1.42136507791267,0.413238043912923
7,"Banteng","BTG",2,"dist_str + ndvi_cv + elev + BB + DE",-0.916197604955559,1.1789787119215,0.400037261287376
8,"Banteng","BTG",2,"dist_str + ndvi_cv + elev + BB + DE",-0.926318569732362,1.15919967620446,0.396008909505291
9,"Banteng","BTG",2,"dist_str + ndvi_cv + elev + BB + DE",-0.913218661689782,1.15661497793031,0.401230737912086
10,"Banteng","BTG",2,"dist_str + ndvi_cv + elev + BB + DE",-0.892773730121807,1.17212394261131,0.409518282897459
11,"Banteng","BTG",2,"dist_str + ndvi_cv + elev + BB + DE",-0.887443393552802,1.19634320442483,0.411706981328587
12,"Banteng","BTG",2,"dist_str + ndvi_cv + elev + BB + DE",-0.897738754578804,1.24190055455217,0.407490056955062
13,"Banteng","BTG",2,"dist_str + ndvi_cv + elev + BB + DE",-0.972180282250735,1.15256498438738,0.378257431337674
14,"Banteng","BTG",2,"dist_str + ndvi_cv + elev + BB + DE",-0.986933918002825,1.14848474900325,0.372717724962332
15,"Banteng","BTG",2,"dist_str + ndvi_cv + elev + BB + DE",-0.970890988545252,1.15184731185091,0.378745429982145
16,"Banteng","BTG",2,"dist_str + ndvi_cv + elev + BB + DE",-0.926541844071375,1.11277544356491,0.395920512274433
17,"Banteng","BTG",2,"dist_str + ndvi_cv + elev + BB + DE",-0.926327306557227,1.1053648992328,0.396005457606362
18,"Banteng","BTG",2,"dist_str + ndvi_cv + elev + BB + DE",-0.917234712322751,1.08965381591213,0.399622686889138
19,"Banteng","BTG",2,"dist_str + ndvi_cv + elev + BB + DE",-0.944230902541356,1.08910445746093,0.388978624554482
20,"Banteng","BTG",2,"dist_str + ndvi_cv + elev + BB + DE",-0.924714375868524,1.09829960883433,0.39664470180115
21,"Banteng","BTG",2,"dist_str + ndvi_cv + elev + BB + DE",-0.901381338941486,1.10666551595581,0.406008442501249
22,"Banteng","BTG",2,"dist_str + ndvi_cv + elev + BB + DE",-0.913472005693865,1.10915219656931,0.401129082751187
23,"Banteng","BTG",2,"dist_str + ndvi_cv + elev + BB + DE",-0.898347012539394,1.1469656033909,0.407242384318207
24,"Banteng","BTG",2,"dist_str + ndvi_cv + elev + BB + DE",-0.900096030744892,1.18247721714366,0.406530618814527
25,"Banteng","BTG",2,"dist_str + ndvi_cv + elev + BB + DE",-0.895075153839145,1.2280830845822,0.408576892282354
26,"Banteng","BTG",2,"dist_str + ndvi_cv + elev + BB + DE",-0.912590956131084,1.40163955356214,0.401482663281794
27,"Banteng","BTG",2,"dist_str + ndvi_cv + elev + BB + DE",-0.955015836922961,1.19738289394381,0.384806057751849
28,"Banteng","BTG",2,"dist_str + ndvi_cv + elev + BB + DE",-0.972600845154197,1.02176351024468,0.378098443424547
29,"Banteng","BTG",2,"dist_str + ndvi_cv + elev + BB + DE",-0.981425432287914,1.00962679902959,0.374776500238303
30,"Banteng","BTG",2,"dist_str + ndvi_cv + elev + BB + DE",-0.989817658070963,0.999793280010504,0.3716444545787
31,"Banteng","BTG",2,"dist_str + ndvi_cv + elev + BB + DE",-0.982046329549173,0.999904096360681,0.374543926217057
32,"Banteng","BTG",2,"dist_str + ndvi_cv + elev + BB + DE",-0.978244182908106,0.993889233263106,0.375970661590029
33,"Banteng","BTG",2,"dist_str + ndvi_cv + elev + BB + DE",-0.947926065556124,0.985038708878666,0.387543937921991
34,"Banteng","BTG",2,"dist_str + ndvi_cv + elev + BB + DE",-0.921975996602009,0.992509298532306,0.397732385654055
35,"Banteng","BTG",2,"dist_str + ndvi_cv + elev + BB + DE",-0.937705960604015,1.00838867847777,0.39152498139056
36,"Banteng","BTG",2,"dist_str + ndvi_cv + elev + BB + DE",-0.92132971338551,1.00007844397748,0.39798948311225
37,"Banteng","BTG",2,"dist_str + ndvi_cv + elev + BB + DE",-0.924294836221903,1.03163079827327,0.396811310574185
38,"Banteng","BTG",2,"dist_str + ndvi_cv + elev + BB + DE",-0.90563838840033,1.05341345932304,0.404283824023401
39,"Banteng","BTG",2,"dist_str + ndvi_cv + elev + BB + DE",-0.907884168099148,1.06515946292848,0.403376945460859
40,"Banteng","BTG",2,"dist_str + ndvi_cv + elev + BB + DE",-0.897813095652593,1.08123149095943,0.407459771817931
41,"Banteng","BTG",2,"dist_str + ndvi_cv + elev + BB + DE",-0.887231268419386,1.10297980415566,0.411794348990215
42,"Banteng","BTG",2,"dist_str + ndvi_cv + elev + BB + DE",-0.90241443200512,1.13023631484126,0.405589304157905
43,"Banteng","BTG",2,"dist_str + ndvi_cv + elev + BB + DE",-0.910086404238287,1.17780681164111,0.402489445743009
44,"Banteng","BTG",2,"dist_str + ndvi_cv + elev + BB + DE",-0.858879314361281,1.27568552917939,0.423636582011962
45,"Banteng","BTG",2,"dist_str + ndvi_cv + elev + BB + DE",-0.987385913887439,1.01106410344541,0.372549299735956
46,"Banteng","BTG",2,"dist_str + ndvi_cv + elev + BB + DE",-0.964839492077654,0.95367346430439,0.381044355469044
47,"Banteng","BTG",2,"dist_str + ndvi_cv + elev + BB + DE",-0.979774314578299,0.930723361322121,0.375395910126866
48,"Banteng","BTG",2,"dist_str + ndvi_cv + elev + BB + DE",-0.967130361394175,0.91617898364697,0.380172432685484
49,"Banteng","BTG",2,"dist_str + ndvi_cv + elev + BB + DE",-0.962661485251674,0.919159121883813,0.38187517960483
50,"Banteng","BTG",2,"dist_str + ndvi_cv + elev + BB + DE",-0.969416931292874,0.921766294916938,0.37930414656272
51,"Banteng","BTG",2,"dist_str + ndvi_cv + elev + BB + DE",-0.97292101791636,0.925057022425049,0.377977345418863
52,"Banteng","BTG",2,"dist_str + ndvi_cv + elev + BB + DE",-0.942402342214016,0.949539955463839,0.389690560962745
53,"Banteng","BTG",2,"dist_str + ndvi_cv + elev + BB + DE",-0.951857774564071,0.960473396046276,0.386023224163376
54,"Banteng","BTG",2,"dist_str + ndvi_cv + elev + BB + DE",-0.923560775869589,0.983436929080322,0.39710253522293
55,"Banteng","BTG",2,"dist_str + ndvi_cv + elev + BB + DE",-0.908112570020475,1.01098151086911,0.403284703060772
56,"Banteng","BTG",2,"dist_str + ndvi_cv + elev + BB + DE",-0.933174072604699,1.02291318942524,0.393303375043211
57,"Banteng","BTG",2,"dist_str + ndvi_cv + elev + BB + DE",-0.914440333574014,1.03332820278642,0.40074084804621
58,"Banteng","BTG",2,"dist_str + ndvi_cv + elev + BB + DE",-0.876402132689445,1.05644834546602,0.416277933443354
59,"Banteng","BTG",2,"dist_str + ndvi_cv + elev + BB + DE",-0.897845973079261,1.06883681406237,0.40744647677413
60,"Banteng","BTG",2,"dist_str + ndvi_cv + elev + BB + DE",-0.889519691957412,1.10625422403041,0.410853041975172
61,"Banteng","BTG",2,"dist_str + ndvi_cv + elev + BB + DE",-0.891488064087427,1.15328304109913,0.41004512730169
62,"Banteng","BTG",2,"dist_str + ndvi_cv + elev + BB + DE",-0.892137850252742,1.2240107453969,0.409778772607679
63,"Banteng","BTG",2,"dist_str + ndvi_cv + elev + BB + DE",-0.806385372268524,1.16740988357904,0.446468972190596
64,"Banteng","BTG",2,"dist_str + ndvi_cv + elev + BB + DE",-0.817968637913844,1.11449798464684,0.441327314224957
65,"Banteng","BTG",2,"dist_str + ndvi_cv + elev + BB + DE",-0.838758441983841,1.08533822075552,0.43224685215305
66,"Banteng","BTG",2,"dist_str + ndvi_cv + elev + BB + DE",-0.834940067377813,1.11088707006753,0.433900490594978
67,"Banteng","BTG",2,"dist_str + ndvi_cv + elev + BB + DE",-0.959105080149817,0.988451639397996,0.383235705903497
68,"Banteng","BTG",2,"dist_str + ndvi_cv + elev + BB + DE",-0.947887106894672,0.937513796234933,0.387559030097224
69,"Banteng","BTG",2,"dist_str + ndvi_cv + elev + BB + DE",-0.956915184354425,0.900328737639236,0.384075864100125
70,"Banteng","BTG",2,"dist_str + ndvi_cv + elev + BB + DE",-0.975899166089293,0.882807852775137,0.376853349538615
71,"Banteng","BTG",2,"dist_str + ndvi_cv + elev + BB + DE",-0.988705088539171,0.879607043985694,0.372058165901774
72,"Banteng","BTG",2,"dist_str + ndvi_cv + elev + BB + DE",-0.977640818361016,0.872937223382909,0.376197572635529
73,"Banteng","BTG",2,"dist_str + ndvi_cv + elev + BB + DE",-0.96256764462152,0.889362285886139,0.381911024659672
74,"Banteng","BTG",2,"dist_str + ndvi_cv + elev + BB + DE",-0.950363603814711,0.905036843446181,0.38660042891616
75,"Banteng","BTG",2,"dist_str + ndvi_cv + elev + BB + DE",-0.954600007358814,0.916074340308566,0.384966118167833
76,"Banteng","BTG",2,"dist_str + ndvi_cv + elev + BB + DE",-0.920286685198747,0.932369649242709,0.398404808863211
77,"Banteng","BTG",2,"dist_str + ndvi_cv + elev + BB + DE",-0.955857795006508,0.957172238822566,0.384482196153343
78,"Banteng","BTG",2,"dist_str + ndvi_cv + elev + BB + DE",-0.922436313937685,0.971312742049433,0.397549306023704
79,"Banteng","BTG",2,"dist_str + ndvi_cv + elev + BB + DE",-0.905412408132856,0.994107733087493,0.4043750991715
80,"Banteng","BTG",2,"dist_str + ndvi_cv + elev + BB + DE",-0.908607565723485,1.01517094508766,0.403085106533652
81,"Banteng","BTG",2,"dist_str + ndvi_cv + elev + BB + DE",-0.918767061041798,1.04184561191114,0.399010698724202
82,"Banteng","BTG",2,"dist_str + ndvi_cv + elev + BB + DE",-0.92388771737897,1.05722451192924,0.396972737650631
83,"Banteng","BTG",2,"dist_str + ndvi_cv + elev + BB + DE",-0.895122084809105,1.07938973925142,0.4085577169084
84,"Banteng","BTG",2,"dist_str + ndvi_cv + elev + BB + DE",-0.908533294674117,1.11199812793139,0.403115061887895
85,"Banteng","BTG",2,"dist_str + ndvi_cv + elev + BB + DE",-0.892267376498889,1.21080639324746,0.409725699628189
86,"Banteng","BTG",2,"dist_str + ndvi_cv + elev + BB + DE",-0.752555176018989,1.22983004646047,0.471161218514797
87,"Banteng","BTG",2,"dist_str + ndvi_cv + elev + BB + DE",-0.763332923622076,1.15685608315204,0.466110410778606
88,"Banteng","BTG",2,"dist_str + ndvi_cv + elev + BB + DE",-0.793104447165204,1.12410241193245,0.452438045208943
89,"Banteng","BTG",2,"dist_str + ndvi_cv + elev + BB + DE",-0.809420002406201,1.09696334508586,0.445116157670693
90,"Banteng","BTG",2,"dist_str + ndvi_cv + elev + BB + DE",-0.800632069012687,1.04732033449673,0.449045047334309
91,"Banteng","BTG",2,"dist_str + ndvi_cv + elev + BB + DE",-0.81954630449417,1.02175664738478,0.440631521707783
92,"Banteng","BTG",2,"dist_str + ndvi_cv + elev + BB + DE",-0.816109865658173,0.994706674838663,0.44214835114855
93,"Banteng","BTG",2,"dist_str + ndvi_cv + elev + BB + DE",-0.827086357835644,0.97880863237101,0.437321640123333
94,"Banteng","BTG",2,"dist_str + ndvi_cv + elev + BB + DE",-0.840318253094992,0.98435234507043,0.431573183169942
95,"Banteng","BTG",2,"dist_str + ndvi_cv + elev + BB + DE",-0.85476146612587,0.974296934306169,0.425384647788408
96,"Banteng","BTG",2,"dist_str + ndvi_cv + elev + BB + DE",-0.895255528892626,0.977905149465882,0.408503202643014
97,"Banteng","BTG",2,"dist_str + ndvi_cv + elev + BB + DE",-0.914213577699563,0.934262189690383,0.400831730578653
98,"Banteng","BTG",2,"dist_str + ndvi_cv + elev + BB + DE",-0.931792540570464,0.908277515187779,0.393847188938413
99,"Banteng","BTG",2,"dist_str + ndvi_cv + elev + BB + DE",-0.959470095681181,0.874581754112473,0.383095968147411
100,"Banteng","BTG",2,"dist_str + ndvi_cv + elev + BB + DE",-0.968042617744991,0.864655315468692,0.3798257756899
101,"Banteng","BTG",2,"dist_str + ndvi_cv + elev + BB + DE",-0.977530474475449,0.851461183181714,0.376239084811474
102,"Banteng","BTG",2,"dist_str + ndvi_cv + elev + BB + DE",-0.986218038810028,0.845602201616571,0.372984640695534
103,"Banteng","BTG",2,"dist_str + ndvi_cv + elev + BB + DE",-0.979228895397349,0.85261211906967,0.375600622841699
104,"Banteng","BTG",2,"dist_str + ndvi_cv + elev + BB + DE",-0.984518933000167,0.869110094935238,0.373618921027491
105,"Banteng","BTG",2,"dist_str + ndvi_cv + elev + BB + DE",-0.946166165655457,0.888016198356842,0.388226570336851
106,"Banteng","BTG",2,"dist_str + ndvi_cv + elev + BB + DE",-0.959301824300245,0.897125754120064,0.38316043922379
107,"Banteng","BTG",2,"dist_str + ndvi_cv + elev + BB + DE",-0.955707382587448,0.904890933754195,0.384540045535707
108,"Banteng","BTG",2,"dist_str + ndvi_cv + elev + BB + DE",-0.923448723240387,0.942003702900394,0.397147027983521
109,"Banteng","BTG",2,"dist_str + ndvi_cv + elev + BB + DE",-0.92659664442463,0.953045262168509,0.395898843620877
110,"Banteng","BTG",2,"dist_str + ndvi_cv + elev + BB + DE",-0.896175723218473,0.982528709035134,0.408127472917947
111,"Banteng","BTG",2,"dist_str + ndvi_cv + elev + BB + DE",-0.908570330149199,0.990940975706449,0.403100113025916
112,"Banteng","BTG",2,"dist_str + ndvi_cv + elev + BB + DE",-0.907156130130259,1.01393784660645,0.403670581979722
113,"Banteng","BTG",2,"dist_str + ndvi_cv + elev + BB + DE",-0.897633299523277,1.03360511352394,0.4075330641707
114,"Banteng","BTG",2,"dist_str + ndvi_cv + elev + BB + DE",-0.898066933366645,1.06852077837264,0.407356349285304
115,"Banteng","BTG",2,"dist_str + ndvi_cv + elev + BB + DE",-0.895201383496918,1.09511922732439,0.40852532102457
116,"Banteng","BTG",2,"dist_str + ndvi_cv + elev + BB + DE",-0.905985110003397,1.20362332313969,0.40414356888358
117,"Banteng","BTG",2,"dist_str + ndvi_cv + elev + BB + DE",-0.730854868199498,1.17667086124327,0.481497198747963
118,"Banteng","BTG",2,"dist_str + ndvi_cv + elev + BB + DE",-0.745134191667223,1.10179269870834,0.474670599045367
119,"Banteng","BTG",2,"dist_str + ndvi_cv + elev + BB + DE",-0.778135213829404,1.06198736013952,0.459261654705949
120,"Banteng","BTG",2,"dist_str + ndvi_cv + elev + BB + DE",-0.775748861934422,1.02536085783891,0.460358932327339
121,"Banteng","BTG",2,"dist_str + ndvi_cv + elev + BB + DE",-0.778567999538358,0.998561500983507,0.459062920741664
122,"Banteng","BTG",2,"dist_str + ndvi_cv + elev + BB + DE",-0.786120531503156,0.987201499864066,0.455609032972808
123,"Banteng","BTG",2,"dist_str + ndvi_cv + elev + BB + DE",-0.804985160140238,0.956940183205365,0.447094568171242
124,"Banteng","BTG",2,"dist_str + ndvi_cv + elev + BB + DE",-0.818835851408062,0.943160932452769,0.440944685486957
125,"Banteng","BTG",2,"dist_str + ndvi_cv + elev + BB + DE",-0.83056010460198,0.932420727410286,0.435805140349449
126,"Banteng","BTG",2,"dist_str + ndvi_cv + elev + BB + DE",-0.836012359531499,0.927617307872083,0.433435478236832
127,"Banteng","BTG",2,"dist_str + ndvi_cv + elev + BB + DE",-0.870257435819501,0.898425383333306,0.418843711876075
128,"Banteng","BTG",2,"dist_str + ndvi_cv + elev + BB + DE",-0.891986257004928,0.875356486267868,0.409840902125008
129,"Banteng","BTG",2,"dist_str + ndvi_cv + elev + BB + DE",-0.911491767726987,0.867444493124576,0.401924230153681
130,"Banteng","BTG",2,"dist_str + ndvi_cv + elev + BB + DE",-0.927468668543418,0.857675511799592,0.395553725536527
131,"Banteng","BTG",2,"dist_str + ndvi_cv + elev + BB + DE",-0.944327704265418,0.855244026749909,0.388940967109611
132,"Banteng","BTG",2,"dist_str + ndvi_cv + elev + BB + DE",-0.962976595506661,0.847240620047699,0.381754911466993
133,"Banteng","BTG",2,"dist_str + ndvi_cv + elev + BB + DE",-0.996438508355859,0.813816907662865,0.36919197663877
134,"Banteng","BTG",2,"dist_str + ndvi_cv + elev + BB + DE",-1.05071279786467,0.794347483504637,0.349688403663002
135,"Banteng","BTG",2,"dist_str + ndvi_cv + elev + BB + DE",-0.992279466239629,0.837812341439855,0.370730688844491
136,"Banteng","BTG",2,"dist_str + ndvi_cv + elev + BB + DE",-0.967196580609133,0.843062688531685,0.380147259509957
137,"Banteng","BTG",2,"dist_str + ndvi_cv + elev + BB + DE",-0.969804015300945,0.878642360267586,0.379157341723128
138,"Banteng","BTG",2,"dist_str + ndvi_cv + elev + BB + DE",-0.941827873719106,0.88308582521621,0.389914484454215
139,"Banteng","BTG",2,"dist_str + ndvi_cv + elev + BB + DE",-0.934702561991865,0.896844459590551,0.392702666955743
140,"Banteng","BTG",2,"dist_str + ndvi_cv + elev + BB + DE",-0.929350188178446,0.913822491037655,0.3948101818525
141,"Banteng","BTG",2,"dist_str + ndvi_cv + elev + BB + DE",-0.904637769842226,0.94479680247652,0.404688584274645
142,"Banteng","BTG",2,"dist_str + ndvi_cv + elev + BB + DE",-0.918545889344462,0.953564355039171,0.399098955966643
143,"Banteng","BTG",2,"dist_str + ndvi_cv + elev + BB + DE",-0.897987334075115,0.982458125706543,0.407388780276044
144,"Banteng","BTG",2,"dist_str + ndvi_cv + elev + BB + DE",-0.87903521846076,1.00926369959594,0.415183287375823
145,"Banteng","BTG",2,"dist_str + ndvi_cv + elev + BB + DE",-0.901105495086229,1.02351807936886,0.406120454110557
146,"Banteng","BTG",2,"dist_str + ndvi_cv + elev + BB + DE",-0.904989335544637,1.05992593628148,0.404546212986846
147,"Banteng","BTG",2,"dist_str + ndvi_cv + elev + BB + DE",-0.882287971752747,1.0946359015576,0.413835036345896
148,"Banteng","BTG",2,"dist_str + ndvi_cv + elev + BB + DE",-0.914943186297924,1.1623073948114,0.400539436050213
149,"Banteng","BTG",2,"dist_str + ndvi_cv + elev + BB + DE",-0.73319208148643,1.1923488782538,0.480373154584464
150,"Banteng","BTG",2,"dist_str + ndvi_cv + elev + BB + DE",-0.740972821130393,1.09356219384758,0.47664999471532
151,"Banteng","BTG",2,"dist_str + ndvi_cv + elev + BB + DE",-0.740034183846935,1.04330215048886,0.477097606552766
152,"Banteng","BTG",2,"dist_str + ndvi_cv + elev + BB + DE",-0.754977815075564,1.03155848281142,0.470021208857279
153,"Banteng","BTG",2,"dist_str + ndvi_cv + elev + BB + DE",-0.772756764270517,1.00009874125936,0.46173840828358
154,"Banteng","BTG",2,"dist_str + ndvi_cv + elev + BB + DE",-0.782028084549424,0.971887772656122,0.457477267336442
155,"Banteng","BTG",2,"dist_str + ndvi_cv + elev + BB + DE",-0.791077876905983,0.949078940889876,0.453355870451383
156,"Banteng","BTG",2,"dist_str + ndvi_cv + elev + BB + DE",-0.813521434023723,0.9345585407223,0.44329428456449
157,"Banteng","BTG",2,"dist_str + ndvi_cv + elev + BB + DE",-0.827402914830528,0.915217341660561,0.437183220310429
158,"Banteng","BTG",2,"dist_str + ndvi_cv + elev + BB + DE",-0.840104254580725,0.902913191688677,0.431665530553833
159,"Banteng","BTG",2,"dist_str + ndvi_cv + elev + BB + DE",-0.85564982180235,0.883352896790149,0.42500692721006
160,"Banteng","BTG",2,"dist_str + ndvi_cv + elev + BB + DE",-0.889958016205224,0.861337187518252,0.410672994193134
161,"Banteng","BTG",2,"dist_str + ndvi_cv + elev + BB + DE",-0.910627292656174,0.835918795988995,0.402271913408568
162,"Banteng","BTG",2,"dist_str + ndvi_cv + elev + BB + DE",-0.918902828208084,0.842544600279433,0.398956524910721
163,"Banteng","BTG",2,"dist_str + ndvi_cv + elev + BB + DE",-0.936544250449336,0.84135796838779,0.391980082749127
164,"Banteng","BTG",2,"dist_str + ndvi_cv + elev + BB + DE",-0.953542129498785,0.840299445913083,0.385373599106495
165,"Banteng","BTG",2,"dist_str + ndvi_cv + elev + BB + DE",-0.973711710790657,0.83297479738926,0.377678602158747
166,"Banteng","BTG",2,"dist_str + ndvi_cv + elev + BB + DE",-0.999551550572304,0.815023676825995,0.368044464603614
167,"Banteng","BTG",2,"dist_str + ndvi_cv + elev + BB + DE",-1.03012273242714,0.796459403025447,0.356963172284202
168,"Banteng","BTG",2,"dist_str + ndvi_cv + elev + BB + DE",-0.995916687360124,0.82312550012472,0.36938470349148
169,"Banteng","BTG",2,"dist_str + ndvi_cv + elev + BB + DE",-0.995296800967348,0.830360940638536,0.369613738924941
170,"Banteng","BTG",2,"dist_str + ndvi_cv + elev + BB + DE",-0.951887903782681,0.861210519070001,0.386011585366663
171,"Banteng","BTG",2,"dist_str + ndvi_cv + elev + BB + DE",-0.955842148443743,0.871886374123466,0.384488225991438
172,"Banteng","BTG",2,"dist_str + ndvi_cv + elev + BB + DE",-0.933509806378181,0.887855588798156,0.393171339876897
173,"Banteng","BTG",2,"dist_str + ndvi_cv + elev + BB + DE",-0.909129028873572,0.893989242146966,0.402874977312439
174,"Banteng","BTG",2,"dist_str + ndvi_cv + elev + BB + DE",-0.895320777017001,0.930473165098131,0.408476551010974
175,"Banteng","BTG",2,"dist_str + ndvi_cv + elev + BB + DE",-0.907495233139103,0.942629003378354,0.40353371855897
176,"Banteng","BTG",2,"dist_str + ndvi_cv + elev + BB + DE",-0.893699800120291,0.97376636575791,0.409139249563225
177,"Banteng","BTG",2,"dist_str + ndvi_cv + elev + BB + DE",-0.901111624060275,0.992664961133839,0.406117958828009
178,"Banteng","BTG",2,"dist_str + ndvi_cv + elev + BB + DE",-0.907076165475039,1.02322811140977,0.403702864523761
179,"Banteng","BTG",2,"dist_str + ndvi_cv + elev + BB + DE",-0.909048965244142,1.05637828544852,0.402907225444479
180,"Banteng","BTG",2,"dist_str + ndvi_cv + elev + BB + DE",-0.891573827914518,1.08349670413249,0.410009964494124
181,"Banteng","BTG",2,"dist_str + ndvi_cv + elev + BB + DE",-0.907804272888233,1.15730384157904,0.403409033863207
182,"Banteng","BTG",2,"dist_str + ndvi_cv + elev + BB + DE",-0.9073210174563,1.27297821852199,0.403604027756748
183,"Banteng","BTG",2,"dist_str + ndvi_cv + elev + BB + DE",-0.719770789612455,1.31951971676255,0.486863837491573
184,"Banteng","BTG",2,"dist_str + ndvi_cv + elev + BB + DE",-0.759905513165406,1.14484107121828,0.467710687395967
185,"Banteng","BTG",2,"dist_str + ndvi_cv + elev + BB + DE",-0.740604625429526,1.05919092525126,0.476825530339038
186,"Banteng","BTG",2,"dist_str + ndvi_cv + elev + BB + DE",-0.742136311936907,1.02093791059674,0.476095761143201
187,"Banteng","BTG",2,"dist_str + ndvi_cv + elev + BB + DE",-0.735092800565514,0.995181256215808,0.47946096391575
188,"Banteng","BTG",2,"dist_str + ndvi_cv + elev + BB + DE",-0.747468205725825,0.968487476576067,0.473564004160786
189,"Banteng","BTG",2,"dist_str + ndvi_cv + elev + BB + DE",-0.792120018604036,0.946844670838782,0.452883661096372
190,"Banteng","BTG",2,"dist_str + ndvi_cv + elev + BB + DE",-0.779459785952069,0.923928013911461,0.458653716127958
191,"Banteng","BTG",2,"dist_str + ndvi_cv + elev + BB + DE",-0.816838628081885,0.920393237062067,0.441826226035687
192,"Banteng","BTG",2,"dist_str + ndvi_cv + elev + BB + DE",-0.817428633375406,0.895539208270266,0.441565716248912
193,"Banteng","BTG",2,"dist_str + ndvi_cv + elev + BB + DE",-0.848440064105902,0.875676549420469,0.428082192680921
194,"Banteng","BTG",2,"dist_str + ndvi_cv + elev + BB + DE",-0.858943121504287,0.860382401520963,0.423609552795794
195,"Banteng","BTG",2,"dist_str + ndvi_cv + elev + BB + DE",-0.878326890059823,0.832279926335391,0.415477509217451
196,"Banteng","BTG",2,"dist_str + ndvi_cv + elev + BB + DE",-0.892077901815213,0.829699425344748,0.409803403638963
197,"Banteng","BTG",2,"dist_str + ndvi_cv + elev + BB + DE",-0.925299917534871,0.822495799339927,0.396412527606966
198,"Banteng","BTG",2,"dist_str + ndvi_cv + elev + BB + DE",-0.951587177253324,0.827558696975149,0.386127704512781
199,"Banteng","BTG",2,"dist_str + ndvi_cv + elev + BB + DE",-0.933969561440025,0.815048961294058,0.392990711276936
200,"Banteng","BTG",2,"dist_str + ndvi_cv + elev + BB + DE",-0.98343736471708,0.81795516185534,0.374023233280144
201,"Banteng","BTG",2,"dist_str + ndvi_cv + elev + BB + DE",-0.991643088370309,0.800546164803707,0.370966664848018
202,"Banteng","BTG",2,"dist_str + ndvi_cv + elev + BB + DE",-0.996894263396897,0.803200814090733,0.369023754589903
203,"Banteng","BTG",2,"dist_str + ndvi_cv + elev + BB + DE",-0.980368223798742,0.809098019319022,0.375172926441361
204,"Banteng","BTG",2,"dist_str + ndvi_cv + elev + BB + DE",-0.958261056192796,0.827798543518314,0.383559317355717
205,"Banteng","BTG",2,"dist_str + ndvi_cv + elev + BB + DE",-0.952114397589715,0.846246159982588,0.385924163732767
206,"Banteng","BTG",2,"dist_str + ndvi_cv + elev + BB + DE",-0.920704936196021,0.844761001536529,0.398238219249375
207,"Banteng","BTG",2,"dist_str + ndvi_cv + elev + BB + DE",-0.931315220532935,0.865520099305275,0.39403514725386
208,"Banteng","BTG",2,"dist_str + ndvi_cv + elev + BB + DE",-0.912694795612514,0.885763374732523,0.40144099695503
209,"Banteng","BTG",2,"dist_str + ndvi_cv + elev + BB + DE",-0.906126715591178,0.911508400364762,0.404086345405771
210,"Banteng","BTG",2,"dist_str + ndvi_cv + elev + BB + DE",-0.893483049238113,0.93596294904206,0.409227908288495
211,"Banteng","BTG",2,"dist_str + ndvi_cv + elev + BB + DE",-0.912166800672833,0.962523305821271,0.401652979593418
212,"Banteng","BTG",2,"dist_str + ndvi_cv + elev + BB + DE",-0.876000310486836,0.991490285753973,0.416445352274835
213,"Banteng","BTG",2,"dist_str + ndvi_cv + elev + BB + DE",-0.912046884764905,1.02497124607269,0.401701147255092
214,"Banteng","BTG",2,"dist_str + ndvi_cv + elev + BB + DE",-0.895665651941212,1.05845248944322,0.408335730753426
215,"Banteng","BTG",2,"dist_str + ndvi_cv + elev + BB + DE",-0.877818783736415,1.10739080252001,0.415688646820014
216,"Banteng","BTG",2,"dist_str + ndvi_cv + elev + BB + DE",-0.898750332914987,1.15031838221949,0.40707805685765
217,"Banteng","BTG",2,"dist_str + ndvi_cv + elev + BB + DE",-0.900181959315979,1.25141830975716,0.406495873635489
218,"Banteng","BTG",2,"dist_str + ndvi_cv + elev + BB + DE",-0.852774397551765,1.36554030691504,0.426230766415136
219,"Banteng","BTG",2,"dist_str + ndvi_cv + elev + BB + DE",-0.74707666651303,1.10090804559113,0.473749458859605
220,"Banteng","BTG",2,"dist_str + ndvi_cv + elev + BB + DE",-0.726950447750931,1.02063538039699,0.483380845614486
221,"Banteng","BTG",2,"dist_str + ndvi_cv + elev + BB + DE",-0.730817784493472,0.995370863935813,0.481515053784655
222,"Banteng","BTG",2,"dist_str + ndvi_cv + elev + BB + DE",-0.753476457452198,0.96445462021299,0.470727241831384
223,"Banteng","BTG",2,"dist_str + ndvi_cv + elev + BB + DE",-0.760504240100998,0.940435970927303,0.467430711090162
224,"Banteng","BTG",2,"dist_str + ndvi_cv + elev + BB + DE",-0.77190844574696,0.919285871208132,0.462130275812336
225,"Banteng","BTG",2,"dist_str + ndvi_cv + elev + BB + DE",-0.766376337378757,0.909651498406965,0.464693915049942
226,"Banteng","BTG",2,"dist_str + ndvi_cv + elev + BB + DE",-0.795982974435296,0.89551355594903,0.451137561468258
227,"Banteng","BTG",2,"dist_str + ndvi_cv + elev + BB + DE",-0.817858958568488,0.872378338574456,0.44137564713072
228,"Banteng","BTG",2,"dist_str + ndvi_cv + elev + BB + DE",-0.833030804758637,0.859772299136042,0.434729723277429
229,"Banteng","BTG",2,"dist_str + ndvi_cv + elev + BB + DE",-0.848543548400514,0.843115422555482,0.42803789465749
230,"Banteng","BTG",2,"dist_str + ndvi_cv + elev + BB + DE",-0.875651018678205,0.827896865423193,0.416590723104691
231,"Banteng","BTG",2,"dist_str + ndvi_cv + elev + BB + DE",-0.905509531825661,0.820563433553157,0.404335811219796
232,"Banteng","BTG",2,"dist_str + ndvi_cv + elev + BB + DE",-0.929021889631739,0.803653542674005,0.394939826995626
233,"Banteng","BTG",2,"dist_str + ndvi_cv + elev + BB + DE",-0.961787756556788,0.80097286639637,0.382209008955978
234,"Banteng","BTG",2,"dist_str + ndvi_cv + elev + BB + DE",-0.960872768472509,0.81152607674782,0.382558884053361
235,"Banteng","BTG",2,"dist_str + ndvi_cv + elev + BB + DE",-0.989127043804319,0.798637466037837,0.371901206560614
236,"Banteng","BTG",2,"dist_str + ndvi_cv + elev + BB + DE",-0.984418588186398,0.800302733990438,0.373656417274809
237,"Banteng","BTG",2,"dist_str + ndvi_cv + elev + BB + DE",-0.994686053342826,0.795859470866419,0.369839597534652
238,"Banteng","BTG",2,"dist_str + ndvi_cv + elev + BB + DE",-0.951381337685712,0.814053521904657,0.386207172580061
239,"Banteng","BTG",2,"dist_str + ndvi_cv + elev + BB + DE",-0.945630588071716,0.804925586368782,0.388434551653576
240,"Banteng","BTG",2,"dist_str + ndvi_cv + elev + BB + DE",-0.947565775415241,0.817236659348988,0.387683597814536
241,"Banteng","BTG",2,"dist_str + ndvi_cv + elev + BB + DE",-0.949822850552664,0.835129149683772,0.386809540682546
242,"Banteng","BTG",2,"dist_str + ndvi_cv + elev + BB + DE",-0.928078441966523,0.850244474834232,0.395312605268165
243,"Banteng","BTG",2,"dist_str + ndvi_cv + elev + BB + DE",-0.934381943223132,0.873957335386646,0.392828589162791
244,"Banteng","BTG",2,"dist_str + ndvi_cv + elev + BB + DE",-0.905325792644461,0.888718317125303,0.404410177643664
245,"Banteng","BTG",2,"dist_str + ndvi_cv + elev + BB + DE",-0.884338016712355,0.919766082870522,0.412987477958092
246,"Banteng","BTG",2,"dist_str + ndvi_cv + elev + BB + DE",-0.893484680812736,0.941602233140924,0.409227253800664
247,"Banteng","BTG",2,"dist_str + ndvi_cv + elev + BB + DE",-0.876774620952952,0.980164684894296,0.416122925461433
248,"Banteng","BTG",2,"dist_str + ndvi_cv + elev + BB + DE",-0.869223256716123,1.0246164385395,0.419277094173517
249,"Banteng","BTG",2,"dist_str + ndvi_cv + elev + BB + DE",-0.882753181516054,1.06494245991039,0.413642521484653
250,"Banteng","BTG",2,"dist_str + ndvi_cv + elev + BB + DE",-0.873452018191776,1.11358508821367,0.417507816010455
251,"Banteng","BTG",2,"dist_str + ndvi_cv + elev + BB + DE",-0.883431843796246,1.18821437016468,0.413361882803636
252,"Banteng","BTG",2,"dist_str + ndvi_cv + elev + BB + DE",-0.866962213705984,1.25661855758727,0.420226169574401
253,"Banteng","BTG",2,"dist_str + ndvi_cv + elev + BB + DE",-0.874607589698071,1.38311326636733,0.417025632732837
254,"Banteng","BTG",2,"dist_str + ndvi_cv + elev + BB + DE",-0.740813674529649,1.06017632736103,0.476725911299866
255,"Banteng","BTG",2,"dist_str + ndvi_cv + elev + BB + DE",-0.724356717384028,0.987145826381491,0.484636257667388
256,"Banteng","BTG",2,"dist_str + ndvi_cv + elev + BB + DE",-0.726913005453321,0.961790988340737,0.483398962499594
257,"Banteng","BTG",2,"dist_str + ndvi_cv + elev + BB + DE",-0.72124971720333,0.947890459836076,0.486144359591342
258,"Banteng","BTG",2,"dist_str + ndvi_cv + elev + BB + DE",-0.741961413015202,0.925378065460444,0.476179042812748
259,"Banteng","BTG",2,"dist_str + ndvi_cv + elev + BB + DE",-0.760682188820159,0.899948938812049,0.467347537669957
260,"Banteng","BTG",2,"dist_str + ndvi_cv + elev + BB + DE",-0.773782018052135,0.896218568600263,0.461265254437561
261,"Banteng","BTG",2,"dist_str + ndvi_cv + elev + BB + DE",-0.793914648209161,0.878985241475691,0.452071646612679
262,"Banteng","BTG",2,"dist_str + ndvi_cv + elev + BB + DE",-0.809643703022686,0.864487637004313,0.445016603122519
263,"Banteng","BTG",2,"dist_str + ndvi_cv + elev + BB + DE",-0.832556209009182,0.83964950073922,0.434936076619319
264,"Banteng","BTG",2,"dist_str + ndvi_cv + elev + BB + DE",-0.846420642071598,0.839253307788753,0.428947545990997
265,"Banteng","BTG",2,"dist_str + ndvi_cv + elev + BB + DE",-0.877626309389251,0.821119670230089,0.415768650823765
266,"Banteng","BTG",2,"dist_str + ndvi_cv + elev + BB + DE",-0.89637924278772,0.81754023999733,0.408044420698235
267,"Banteng","BTG",2,"dist_str + ndvi_cv + elev + BB + DE",-0.921358464888644,0.809748979831384,0.397978048165071
268,"Banteng","BTG",2,"dist_str + ndvi_cv + elev + BB + DE",-0.956655356157693,0.79937896573209,0.384175676513135
269,"Banteng","BTG",2,"dist_str + ndvi_cv + elev + BB + DE",-0.963756922392662,0.782147237706506,0.381457111520729
270,"Banteng","BTG",2,"dist_str + ndvi_cv + elev + BB + DE",-0.968122541997471,0.784582745439842,0.379795419126512
271,"Banteng","BTG",2,"dist_str + ndvi_cv + elev + BB + DE",-0.981611913215032,0.785843132637139,0.374706617262517
272,"Banteng","BTG",2,"dist_str + ndvi_cv + elev + BB + DE",-1.00133940765686,0.785128279880805,0.367387031302128
273,"Banteng","BTG",2,"dist_str + ndvi_cv + elev + BB + DE",-0.982854624872258,0.794027275445837,0.374241280461028
274,"Banteng","BTG",2,"dist_str + ndvi_cv + elev + BB + DE",-0.947360157399415,0.804221872017165,0.387763310374607
275,"Banteng","BTG",2,"dist_str + ndvi_cv + elev + BB + DE",-0.946666623153929,0.795665687966302,0.388032330881681
276,"Banteng","BTG",2,"dist_str + ndvi_cv + elev + BB + DE",-0.934319422955778,0.824092224413993,0.392853142042177
277,"Banteng","BTG",2,"dist_str + ndvi_cv + elev + BB + DE",-0.928006769914039,0.829345077624598,0.395340930999262
278,"Banteng","BTG",2,"dist_str + ndvi_cv + elev + BB + DE",-0.904676177179101,0.850648955719459,0.404672921446208
279,"Banteng","BTG",2,"dist_str + ndvi_cv + elev + BB + DE",-0.889684435060907,0.862815453377238,0.410785361840536
280,"Banteng","BTG",2,"dist_str + ndvi_cv + elev + BB + DE",-0.896859240520367,0.907992062100705,0.407848621432631
281,"Banteng","BTG",2,"dist_str + ndvi_cv + elev + BB + DE",-0.875656002964454,0.943152623917279,0.416588655656499
282,"Banteng","BTG",2,"dist_str + ndvi_cv + elev + BB + DE",-0.886545321965357,0.981348361945592,0.41207692186352
283,"Banteng","BTG",2,"dist_str + ndvi_cv + elev + BB + DE",-0.898362259493284,1.03824141710925,0.407236134552162
284,"Banteng","BTG",2,"dist_str + ndvi_cv + elev + BB + DE",-0.911338760920535,1.09684893067831,0.401985709681792
285,"Banteng","BTG",2,"dist_str + ndvi_cv + elev + BB + DE",-0.859260311684559,1.15669467208597,0.423475206824711
286,"Banteng","BTG",2,"dist_str + ndvi_cv + elev + BB + DE",-0.886482995737153,1.26485753662604,0.412102575497129
287,"Banteng","BTG",2,"dist_str + ndvi_cv + elev + BB + DE",-0.899369458061351,1.36581344573336,0.406826106399248
288,"Banteng","BTG",2,"dist_str + ndvi_cv + elev + BB + DE",-0.707315667381209,1.17392497387433,0.492965707054712
289,"Banteng","BTG",2,"dist_str + ndvi_cv + elev + BB + DE",-0.706781931794948,1.04810740558817,0.493228890957234
290,"Banteng","BTG",2,"dist_str + ndvi_cv + elev + BB + DE",-0.719515870794352,0.975551581472807,0.48698798162558
291,"Banteng","BTG",2,"dist_str + ndvi_cv + elev + BB + DE",-0.715107543956388,0.957715297333686,0.489139505656452
292,"Banteng","BTG",2,"dist_str + ndvi_cv + elev + BB + DE",-0.717530134302723,0.921750282397853,0.487955955427276
293,"Banteng","BTG",2,"dist_str + ndvi_cv + elev + BB + DE",-0.732984246585371,0.913217553393227,0.480473031672738
294,"Banteng","BTG",2,"dist_str + ndvi_cv + elev + BB + DE",-0.732406767946575,0.893567280215397,0.480750541667129
295,"Banteng","BTG",2,"dist_str + ndvi_cv + elev + BB + DE",-0.757120077241697,0.878116942727866,0.469015214112564
296,"Banteng","BTG",2,"dist_str + ndvi_cv + elev + BB + DE",-0.778310458904018,0.861751193766544,0.459181169120571
297,"Banteng","BTG",2,"dist_str + ndvi_cv + elev + BB + DE",-0.798861229922346,0.838763492236662,0.449840938004159
298,"Banteng","BTG",2,"dist_str + ndvi_cv + elev + BB + DE",-0.813814385046956,0.83001359866741,0.443164455629665
299,"Banteng","BTG",2,"dist_str + ndvi_cv + elev + BB + DE",-0.829685682558433,0.807481908269423,0.436186369868056
300,"Banteng","BTG",2,"dist_str + ndvi_cv + elev + BB + DE",-0.849823021636847,0.808525658755202,0.427490581924496
301,"Banteng","BTG",2,"dist_str + ndvi_cv + elev + BB + DE",-0.910255009080469,0.79921759748995,0.402421590732678
302,"Banteng","BTG",2,"dist_str + ndvi_cv + elev + BB + DE",-0.907911428829856,0.80269717882323,0.403365803896578
303,"Banteng","BTG",2,"dist_str + ndvi_cv + elev + BB + DE",-0.925486750493847,0.787294043901419,0.396338478150648
304,"Banteng","BTG",2,"dist_str + ndvi_cv + elev + BB + DE",-0.966753195051854,0.776979668888995,0.380315847129352
305,"Banteng","BTG",2,"dist_str + ndvi_cv + elev + BB + DE",-0.999335879579875,0.768421837891125,0.368123838972568
306,"Banteng","BTG",2,"dist_str + ndvi_cv + elev + BB + DE",-1.01440888661152,0.763863014952339,0.362616714098988
307,"Banteng","BTG",2,"dist_str + ndvi_cv + elev + BB + DE",-1.00143096849201,0.770940146264872,0.367353397570312
308,"Banteng","BTG",2,"dist_str + ndvi_cv + elev + BB + DE",-0.974450979745841,0.78294281867112,0.377399498181339
309,"Banteng","BTG",2,"dist_str + ndvi_cv + elev + BB + DE",-0.955334959651771,0.790082099766077,0.384683269662998
310,"Banteng","BTG",2,"dist_str + ndvi_cv + elev + BB + DE",-0.913885108293207,0.785806025202302,0.40096342557496
311,"Banteng","BTG",2,"dist_str + ndvi_cv + elev + BB + DE",-0.924286290922896,0.798259719571632,0.396814546389048
312,"Banteng","BTG",2,"dist_str + ndvi_cv + elev + BB + DE",-0.905037852456767,0.81412624593913,0.404526578490378
313,"Banteng","BTG",2,"dist_str + ndvi_cv + elev + BB + DE",-0.87897866279126,0.831048923540708,0.41520677673378
314,"Banteng","BTG",2,"dist_str + ndvi_cv + elev + BB + DE",-0.871633132846199,0.855394383033442,0.41826790422614
315,"Banteng","BTG",2,"dist_str + ndvi_cv + elev + BB + DE",-0.875310671107733,0.88200623851267,0.416732570251158
316,"Banteng","BTG",2,"dist_str + ndvi_cv + elev + BB + DE",-0.873237094154286,0.929658160711299,0.417597556506405
317,"Banteng","BTG",2,"dist_str + ndvi_cv + elev + BB + DE",-0.884653940216416,1.02009836500906,0.412857032546603
318,"Banteng","BTG",2,"dist_str + ndvi_cv + elev + BB + DE",-0.886053400482004,1.1369122464825,0.412279653818106
319,"Banteng","BTG",2,"dist_str + ndvi_cv + elev + BB + DE",-0.904506124136479,1.20502043475176,0.404741731701596
320,"Banteng","BTG",2,"dist_str + ndvi_cv + elev + BB + DE",-0.688087957626276,1.11637575283788,0.50253603256559
321,"Banteng","BTG",2,"dist_str + ndvi_cv + elev + BB + DE",-0.709964595102472,1.01128887603377,0.491661604889649
322,"Banteng","BTG",2,"dist_str + ndvi_cv + elev + BB + DE",-0.697782380342681,0.963753240941395,0.497687771499608
323,"Banteng","BTG",2,"dist_str + ndvi_cv + elev + BB + DE",-0.715538434350618,0.930458693370369,0.488928795653718
324,"Banteng","BTG",2,"dist_str + ndvi_cv + elev + BB + DE",-0.719769047874307,0.911774112075913,0.486864687833148
325,"Banteng","BTG",2,"dist_str + ndvi_cv + elev + BB + DE",-0.735484121391787,0.897312946064752,0.479273386408825
326,"Banteng","BTG",2,"dist_str + ndvi_cv + elev + BB + DE",-0.725745771602758,0.870665680519109,0.483963509229102
327,"Banteng","BTG",2,"dist_str + ndvi_cv + elev + BB + DE",-0.754855299835266,0.857939767563833,0.470078637734073
328,"Banteng","BTG",2,"dist_str + ndvi_cv + elev + BB + DE",-0.784587284983279,0.84345925787831,0.456307992228096
329,"Banteng","BTG",2,"dist_str + ndvi_cv + elev + BB + DE",-0.763787948610411,0.837001202443578,0.465898295318735
330,"Banteng","BTG",2,"dist_str + ndvi_cv + elev + BB + DE",-0.818993882146195,0.828499595644772,0.440875004069218
331,"Banteng","BTG",2,"dist_str + ndvi_cv + elev + BB + DE",-0.824825885719656,0.81198067313336,0.438311302195189
332,"Banteng","BTG",2,"dist_str + ndvi_cv + elev + BB + DE",-0.854067301797019,0.813144094883076,0.425680037029779
333,"Banteng","BTG",2,"dist_str + ndvi_cv + elev + BB + DE",-0.892100377553574,0.791507784023952,0.409794127757849
334,"Banteng","BTG",2,"dist_str + ndvi_cv + elev + BB + DE",-0.905640300616528,0.794207701333127,0.404282951859205
335,"Banteng","BTG",2,"dist_str + ndvi_cv + elev + BB + DE",-0.929821760267608,0.780786577588954,0.394624042013656
336,"Banteng","BTG",2,"dist_str + ndvi_cv + elev + BB + DE",-0.958626112636503,0.760975639521264,0.383419317003606
337,"Banteng","BTG",2,"dist_str + ndvi_cv + elev + BB + DE",-1.02335386767888,0.738105375829823,0.359387578277284
338,"Banteng","BTG",2,"dist_str + ndvi_cv + elev + BB + DE",-1.12284174781882,0.70360977116117,0.325353905927436
339,"Banteng","BTG",2,"dist_str + ndvi_cv + elev + BB + DE",-0.996248018525405,0.760083606898225,0.369262312156714
340,"Banteng","BTG",2,"dist_str + ndvi_cv + elev + BB + DE",-0.960141667428299,0.772249591676512,0.382838653542508
341,"Banteng","BTG",2,"dist_str + ndvi_cv + elev + BB + DE",-0.942588739257359,0.768661358723476,0.389617912335108
342,"Banteng","BTG",2,"dist_str + ndvi_cv + elev + BB + DE",-0.918222985920323,0.776084776439218,0.399227844783028
343,"Banteng","BTG",2,"dist_str + ndvi_cv + elev + BB + DE",-0.903470754770468,0.77737761367671,0.40516100268699
344,"Banteng","BTG",2,"dist_str + ndvi_cv + elev + BB + DE",-0.889346832849407,0.786450882297832,0.410924067240687
345,"Banteng","BTG",2,"dist_str + ndvi_cv + elev + BB + DE",-0.865630248415367,0.808696049266869,0.420786288872996
346,"Banteng","BTG",2,"dist_str + ndvi_cv + elev + BB + DE",-0.858781415113124,0.843567244222693,0.423678078817417
347,"Banteng","BTG",2,"dist_str + ndvi_cv + elev + BB + DE",-0.853804659386988,0.859132385370822,0.425791868834383
348,"Banteng","BTG",2,"dist_str + ndvi_cv + elev + BB + DE",-0.847855478987416,0.944216018991239,0.42833252797377
349,"Banteng","BTG",2,"dist_str + ndvi_cv + elev + BB + DE",-0.671983092280902,1.10177608555953,0.510694831813263
350,"Banteng","BTG",2,"dist_str + ndvi_cv + elev + BB + DE",-0.668985234638664,0.99333812420799,0.51222811079293
351,"Banteng","BTG",2,"dist_str + ndvi_cv + elev + BB + DE",-0.689783442414769,0.956990818585947,0.501684700947917
352,"Banteng","BTG",2,"dist_str + ndvi_cv + elev + BB + DE",-0.703281825838582,0.922227308349671,0.4949582706886
353,"Banteng","BTG",2,"dist_str + ndvi_cv + elev + BB + DE",-0.710958425362154,0.908033978868178,0.491173234641692
354,"Banteng","BTG",2,"dist_str + ndvi_cv + elev + BB + DE",-0.704510990873507,0.884414269999743,0.494350259203773
355,"Banteng","BTG",2,"dist_str + ndvi_cv + elev + BB + DE",-0.712603156577445,0.857657179329616,0.49036605349031
356,"Banteng","BTG",2,"dist_str + ndvi_cv + elev + BB + DE",-0.757250273966466,0.840117013812326,0.468954163469759
357,"Banteng","BTG",2,"dist_str + ndvi_cv + elev + BB + DE",-0.757318929575978,0.828128904397741,0.468921957823133
358,"Banteng","BTG",2,"dist_str + ndvi_cv + elev + BB + DE",-0.785028349695631,0.824457696475254,0.456106771122327
359,"Banteng","BTG",2,"dist_str + ndvi_cv + elev + BB + DE",-0.796609063319992,0.807890577756927,0.450855198206886
360,"Banteng","BTG",2,"dist_str + ndvi_cv + elev + BB + DE",-0.812924290676398,0.816094283389009,0.443559073847028
361,"Banteng","BTG",2,"dist_str + ndvi_cv + elev + BB + DE",-0.847103564430252,0.799349245763321,0.428654718776332
362,"Banteng","BTG",2,"dist_str + ndvi_cv + elev + BB + DE",-0.882965844481352,0.789807815852421,0.413554552609019
363,"Banteng","BTG",2,"dist_str + ndvi_cv + elev + BB + DE",-0.904517507373363,0.7887356657114,0.404737121343178
364,"Banteng","BTG",2,"dist_str + ndvi_cv + elev + BB + DE",-0.932635593959377,0.77090270284078,0.393515196823413
365,"Banteng","BTG",2,"dist_str + ndvi_cv + elev + BB + DE",-0.958897716606083,0.760619487975221,0.383315205304234
366,"Banteng","BTG",2,"dist_str + ndvi_cv + elev + BB + DE",-0.995488134287477,0.753103110392889,0.369543014039651
367,"Banteng","BTG",2,"dist_str + ndvi_cv + elev + BB + DE",-1.00925112061547,0.74800413188518,0.364491837866831
368,"Banteng","BTG",2,"dist_str + ndvi_cv + elev + BB + DE",-0.982177123982325,0.748585668579022,0.374494889347876
369,"Banteng","BTG",2,"dist_str + ndvi_cv + elev + BB + DE",-0.938566550167908,0.761595843121029,0.391188182286026
370,"Banteng","BTG",2,"dist_str + ndvi_cv + elev + BB + DE",-0.909799471899267,0.758091905437882,0.402604949548562
371,"Banteng","BTG",2,"dist_str + ndvi_cv + elev + BB + DE",-0.883419282883948,0.762374191819167,0.413367076995826
372,"Banteng","BTG",2,"dist_str + ndvi_cv + elev + BB + DE",-0.880484677029553,0.781843272103141,0.414581927873982
373,"Banteng","BTG",2,"dist_str + ndvi_cv + elev + BB + DE",-0.85190479725152,0.782700594962944,0.426601578564633
374,"Banteng","BTG",2,"dist_str + ndvi_cv + elev + BB + DE",-0.841603877770865,0.805777554442172,0.431018671546017
375,"Banteng","BTG",2,"dist_str + ndvi_cv + elev + BB + DE",-0.827416708255335,0.824458652608367,0.437177185444434
376,"Banteng","BTG",2,"dist_str + ndvi_cv + elev + BB + DE",-0.820038385022561,0.861622352236261,0.440414825887579
377,"Banteng","BTG",2,"dist_str + ndvi_cv + elev + BB + DE",-0.824254791601664,0.965578032391102,0.438561691115266
378,"Banteng","BTG",2,"dist_str + ndvi_cv + elev + BB + DE",-0.683061735994907,1.07919903983964,0.505068481134987
379,"Banteng","BTG",2,"dist_str + ndvi_cv + elev + BB + DE",-0.69050814570282,0.994789220442068,0.501321269022915
380,"Banteng","BTG",2,"dist_str + ndvi_cv + elev + BB + DE",-0.670483169362122,0.948207322023142,0.51146140120916
381,"Banteng","BTG",2,"dist_str + ndvi_cv + elev + BB + DE",-0.685392714548724,0.911046416097232,0.50389236994663
382,"Banteng","BTG",2,"dist_str + ndvi_cv + elev + BB + DE",-0.700088277547654,0.885118999164503,0.496541501440715
383,"Banteng","BTG",2,"dist_str + ndvi_cv + elev + BB + DE",-0.710588781037322,0.87589198599821,0.491354834210399
384,"Banteng","BTG",2,"dist_str + ndvi_cv + elev + BB + DE",-0.716572366716836,0.859051747809717,0.488423530276373
385,"Banteng","BTG",2,"dist_str + ndvi_cv + elev + BB + DE",-0.723995707784597,0.83373892499902,0.48481121712246
386,"Banteng","BTG",2,"dist_str + ndvi_cv + elev + BB + DE",-0.74804505457603,0.815933510156887,0.473290907061869
387,"Banteng","BTG",2,"dist_str + ndvi_cv + elev + BB + DE",-0.760143326558397,0.815025954786771,0.46759942302621
388,"Banteng","BTG",2,"dist_str + ndvi_cv + elev + BB + DE",-0.778746332713946,0.805392424183624,0.458981060412252
389,"Banteng","BTG",2,"dist_str + ndvi_cv + elev + BB + DE",-0.815452635461659,0.808944801621851,0.442439019829139
390,"Banteng","BTG",2,"dist_str + ndvi_cv + elev + BB + DE",-0.826081960241281,0.787258642049626,0.437761097142736
391,"Banteng","BTG",2,"dist_str + ndvi_cv + elev + BB + DE",-0.863602578494694,0.783895466998445,0.421640351551167
392,"Banteng","BTG",2,"dist_str + ndvi_cv + elev + BB + DE",-0.871674891931898,0.77174281379267,0.418250438055992
393,"Banteng","BTG",2,"dist_str + ndvi_cv + elev + BB + DE",-0.893377887230188,0.751156453519553,0.409270945489333
394,"Banteng","BTG",2,"dist_str + ndvi_cv + elev + BB + DE",-0.924001869920583,0.753730817383244,0.396927406766581
395,"Banteng","BTG",2,"dist_str + ndvi_cv + elev + BB + DE",-0.935737222952839,0.739938470487621,0.39229655097586
396,"Banteng","BTG",2,"dist_str + ndvi_cv + elev + BB + DE",-0.954517526386393,0.754153813697392,0.384997853057688
397,"Banteng","BTG",2,"dist_str + ndvi_cv + elev + BB + DE",-0.930747935727662,0.749494757272938,0.394258722394336
398,"Banteng","BTG",2,"dist_str + ndvi_cv + elev + BB + DE",-0.902296982112842,0.753271576815196,0.405636852215693
399,"Banteng","BTG",2,"dist_str + ndvi_cv + elev + BB + DE",-0.881580113757558,0.752761039475572,0.414128025248655
400,"Banteng","BTG",2,"dist_str + ndvi_cv + elev + BB + DE",-0.857485824782039,0.774178799949247,0.424227325895542
401,"Banteng","BTG",2,"dist_str + ndvi_cv + elev + BB + DE",-0.856480471740728,0.772754920648361,0.424654037270651
402,"Banteng","BTG",2,"dist_str + ndvi_cv + elev + BB + DE",-0.842151226730111,0.784770308027644,0.43078281941421
403,"Banteng","BTG",2,"dist_str + ndvi_cv + elev + BB + DE",-0.805981091271821,0.797744820182621,0.446649507610057
404,"Banteng","BTG",2,"dist_str + ndvi_cv + elev + BB + DE",-0.802464328582811,0.821345448313764,0.448223036163758
405,"Banteng","BTG",2,"dist_str + ndvi_cv + elev + BB + DE",-0.775309479568318,0.846012789736727,0.460561228433225
406,"Banteng","BTG",2,"dist_str + ndvi_cv + elev + BB + DE",-0.79160134416346,0.963307192030982,0.453118617572463
407,"Banteng","BTG",2,"dist_str + ndvi_cv + elev + BB + DE",-0.676354545684606,1.13199987294195,0.5084672170178
408,"Banteng","BTG",2,"dist_str + ndvi_cv + elev + BB + DE",-0.671056271707467,0.990776698973534,0.511168379068637
409,"Banteng","BTG",2,"dist_str + ndvi_cv + elev + BB + DE",-0.680109224936509,0.936804161457081,0.506561790496073
410,"Banteng","BTG",2,"dist_str + ndvi_cv + elev + BB + DE",-0.655686420000434,0.912112167693544,0.519085654794483
411,"Banteng","BTG",2,"dist_str + ndvi_cv + elev + BB + DE",-0.677873377500355,0.881689255335492,0.507695733328573
412,"Banteng","BTG",2,"dist_str + ndvi_cv + elev + BB + DE",-0.683297592477564,0.867492342738496,0.50494912753328
413,"Banteng","BTG",2,"dist_str + ndvi_cv + elev + BB + DE",-0.710523159662107,0.846032664182047,0.491387056317555
414,"Banteng","BTG",2,"dist_str + ndvi_cv + elev + BB + DE",-0.694058415435749,0.824601519119939,0.499544592851159
415,"Banteng","BTG",2,"dist_str + ndvi_cv + elev + BB + DE",-0.731139649021177,0.823017221442512,0.481360095952247
416,"Banteng","BTG",2,"dist_str + ndvi_cv + elev + BB + DE",-0.757400438703626,0.812167190161095,0.468883736585021
417,"Banteng","BTG",2,"dist_str + ndvi_cv + elev + BB + DE",-0.788851062151656,0.802270862386497,0.45436657209127
418,"Banteng","BTG",2,"dist_str + ndvi_cv + elev + BB + DE",-0.802615579035964,0.786988183846621,0.44815527619515
419,"Banteng","BTG",2,"dist_str + ndvi_cv + elev + BB + DE",-0.811109063573519,0.776854807226285,0.4443649675399
420,"Banteng","BTG",2,"dist_str + ndvi_cv + elev + BB + DE",-0.840460915195707,0.776873461365535,0.4315115930591
421,"Banteng","BTG",2,"dist_str + ndvi_cv + elev + BB + DE",-0.879698204073286,0.76140694892105,0.414908112429261
422,"Banteng","BTG",2,"dist_str + ndvi_cv + elev + BB + DE",-0.875137408334987,0.760597439194005,0.416804746580869
423,"Banteng","BTG",2,"dist_str + ndvi_cv + elev + BB + DE",-0.913478385035877,0.740555496814342,0.401126522892889
424,"Banteng","BTG",2,"dist_str + ndvi_cv + elev + BB + DE",-0.92989782320034,0.737928899514544,0.394594027046604
425,"Banteng","BTG",2,"dist_str + ndvi_cv + elev + BB + DE",-0.920581746177982,0.743776635268068,0.398287297815365
426,"Banteng","BTG",2,"dist_str + ndvi_cv + elev + BB + DE",-0.914648691494424,0.75353716997452,0.400657357642724
427,"Banteng","BTG",2,"dist_str + ndvi_cv + elev + BB + DE",-0.892176518964495,0.741830868018452,0.409762963068199
428,"Banteng","BTG",2,"dist_str + ndvi_cv + elev + BB + DE",-0.864316436901808,0.757557972655325,0.421339470178414
429,"Banteng","BTG",2,"dist_str + ndvi_cv + elev + BB + DE",-0.846152123390147,0.744410501472843,0.429062740226263
430,"Banteng","BTG",2,"dist_str + ndvi_cv + elev + BB + DE",-0.820204120740312,0.765432166788603,0.440341762484926
431,"Banteng","BTG",2,"dist_str + ndvi_cv + elev + BB + DE",-0.801438321205493,0.772696223008239,0.448683169109514
432,"Banteng","BTG",2,"dist_str + ndvi_cv + elev + BB + DE",-0.788932112441723,0.78469828014407,0.454329737744861
433,"Banteng","BTG",2,"dist_str + ndvi_cv + elev + BB + DE",-0.764450300608837,0.809386036819679,0.46558980216639
434,"Banteng","BTG",2,"dist_str + ndvi_cv + elev + BB + DE",-0.755334790822428,0.854189611267229,0.469853292098733
435,"Banteng","BTG",2,"dist_str + ndvi_cv + elev + BB + DE",-0.742488358654632,0.953796798483274,0.475928166583322
436,"Banteng","BTG",2,"dist_str + ndvi_cv + elev + BB + DE",-0.63217977626538,0.969185267187277,0.531432136783445
437,"Banteng","BTG",2,"dist_str + ndvi_cv + elev + BB + DE",-0.670301958554282,0.921111111893974,0.511554096780284
438,"Banteng","BTG",2,"dist_str + ndvi_cv + elev + BB + DE",-0.660960434660078,0.891562664804512,0.516355247654727
439,"Banteng","BTG",2,"dist_str + ndvi_cv + elev + BB + DE",-0.658912919360356,0.875096894702615,0.517413528433911
440,"Banteng","BTG",2,"dist_str + ndvi_cv + elev + BB + DE",-0.662862621352346,0.861971881883851,0.515373900937616
441,"Banteng","BTG",2,"dist_str + ndvi_cv + elev + BB + DE",-0.701103695891607,0.837115726781241,0.496037542929498
442,"Banteng","BTG",2,"dist_str + ndvi_cv + elev + BB + DE",-0.703879662168715,0.818915243900512,0.494662544266098
443,"Banteng","BTG",2,"dist_str + ndvi_cv + elev + BB + DE",-0.705434916481156,0.819987376858787,0.493893725115436
444,"Banteng","BTG",2,"dist_str + ndvi_cv + elev + BB + DE",-0.724822214054623,0.810470670718839,0.484410686904716
445,"Banteng","BTG",2,"dist_str + ndvi_cv + elev + BB + DE",-0.734273837985775,0.80703969998624,0.479853784630588
446,"Banteng","BTG",2,"dist_str + ndvi_cv + elev + BB + DE",-0.748405740304727,0.782906824641673,0.473120228695243
447,"Banteng","BTG",2,"dist_str + ndvi_cv + elev + BB + DE",-0.797614730162639,0.77359333970998,0.450402014244645
448,"Banteng","BTG",2,"dist_str + ndvi_cv + elev + BB + DE",-0.819514148013433,0.760036486685857,0.440645692976323
449,"Banteng","BTG",2,"dist_str + ndvi_cv + elev + BB + DE",-0.856926103554301,0.764142876093852,0.424464840009283
450,"Banteng","BTG",2,"dist_str + ndvi_cv + elev + BB + DE",-0.862718930927992,0.746266251760421,0.422013096877474
451,"Banteng","BTG",2,"dist_str + ndvi_cv + elev + BB + DE",-0.909095072550963,0.730481293637205,0.402888645481043
452,"Banteng","BTG",2,"dist_str + ndvi_cv + elev + BB + DE",-0.913843602018918,0.723312841386842,0.400980052324473
453,"Banteng","BTG",2,"dist_str + ndvi_cv + elev + BB + DE",-0.916188342714973,0.724767999417419,0.400040991325775
454,"Banteng","BTG",2,"dist_str + ndvi_cv + elev + BB + DE",-0.882029925828179,0.72466231861555,0.413941794838114
455,"Banteng","BTG",2,"dist_str + ndvi_cv + elev + BB + DE",-0.86551653615354,0.753063980820251,0.420834121991075
456,"Banteng","BTG",2,"dist_str + ndvi_cv + elev + BB + DE",-0.832102238121093,0.749610412096756,0.435133578405323
457,"Banteng","BTG",2,"dist_str + ndvi_cv + elev + BB + DE",-0.807867963002416,0.743389230363481,0.445807531873211
458,"Banteng","BTG",2,"dist_str + ndvi_cv + elev + BB + DE",-0.777999989844356,0.741406247556818,0.459323747616291
459,"Banteng","BTG",2,"dist_str + ndvi_cv + elev + BB + DE",-0.77239790713372,0.752127522269882,0.461904141054035
460,"Banteng","BTG",2,"dist_str + ndvi_cv + elev + BB + DE",-0.743547638563679,0.773219259874181,0.475424286666916
461,"Banteng","BTG",2,"dist_str + ndvi_cv + elev + BB + DE",-0.739912572017986,0.797763445430551,0.477155630458586
462,"Banteng","BTG",2,"dist_str + ndvi_cv + elev + BB + DE",-0.717357366543546,0.838776974423863,0.48804026902103
463,"Banteng","BTG",2,"dist_str + ndvi_cv + elev + BB + DE",-0.724709490741211,0.955257215360759,0.484465316886428
464,"Banteng","BTG",2,"dist_str + ndvi_cv + elev + BB + DE",-0.59461144615434,1.05746813732281,0.551776968113688
465,"Banteng","BTG",2,"dist_str + ndvi_cv + elev + BB + DE",-0.644064811863103,0.963218819498833,0.525153430365487
466,"Banteng","BTG",2,"dist_str + ndvi_cv + elev + BB + DE",-0.637673687872897,0.913579784646256,0.528520498979754
467,"Banteng","BTG",2,"dist_str + ndvi_cv + elev + BB + DE",-0.649897929370188,0.891053768526964,0.522099067751773
468,"Banteng","BTG",2,"dist_str + ndvi_cv + elev + BB + DE",-0.643674659942038,0.881647887179188,0.525358360274684
469,"Banteng","BTG",2,"dist_str + ndvi_cv + elev + BB + DE",-0.667157564317435,0.852739347285044,0.513165145783169
470,"Banteng","BTG",2,"dist_str + ndvi_cv + elev + BB + DE",-0.65651089126005,0.830055807586743,0.518657845088966
471,"Banteng","BTG",2,"dist_str + ndvi_cv + elev + BB + DE",-0.672346376440742,0.811117128410501,0.510509326166901
472,"Banteng","BTG",2,"dist_str + ndvi_cv + elev + BB + DE",-0.708753977174491,0.815025025357251,0.492257182399333
473,"Banteng","BTG",2,"dist_str + ndvi_cv + elev + BB + DE",-0.691335073611596,0.804916286857543,0.5009068772461
474,"Banteng","BTG",2,"dist_str + ndvi_cv + elev + BB + DE",-0.726885320153057,0.783915372466496,0.483412330683848
475,"Banteng","BTG",2,"dist_str + ndvi_cv + elev + BB + DE",-0.74228628331569,0.782979019618927,0.476024343964885
476,"Banteng","BTG",2,"dist_str + ndvi_cv + elev + BB + DE",-0.782659253720539,0.770981975440078,0.457188612919991
477,"Banteng","BTG",2,"dist_str + ndvi_cv + elev + BB + DE",-0.797027426467655,0.764216041743351,0.450666616110713
478,"Banteng","BTG",2,"dist_str + ndvi_cv + elev + BB + DE",-0.828498812653571,0.75972796636013,0.436704382351105
479,"Banteng","BTG",2,"dist_str + ndvi_cv + elev + BB + DE",-0.850947083704478,0.738530483142924,0.427010325901264
480,"Banteng","BTG",2,"dist_str + ndvi_cv + elev + BB + DE",-0.90237160932642,0.723701613221271,0.405606584607411
481,"Banteng","BTG",2,"dist_str + ndvi_cv + elev + BB + DE",-0.952942332676031,0.701567783430885,0.385604775188259
482,"Banteng","BTG",2,"dist_str + ndvi_cv + elev + BB + DE",-0.930598241422343,0.708462383430119,0.394317764681677
483,"Banteng","BTG",2,"dist_str + ndvi_cv + elev + BB + DE",-0.86644752188107,0.720457013343112,0.420442512280915
484,"Banteng","BTG",2,"dist_str + ndvi_cv + elev + BB + DE",-0.807514441425794,0.733701760636752,0.445965164887441
485,"Banteng","BTG",2,"dist_str + ndvi_cv + elev + BB + DE",-0.779157349435007,0.738522715841793,0.458792450466401
486,"Banteng","BTG",2,"dist_str + ndvi_cv + elev + BB + DE",-0.762863409038149,0.742822215414799,0.466329223901732
487,"Banteng","BTG",2,"dist_str + ndvi_cv + elev + BB + DE",-0.733932203335544,0.738804550451776,0.480017746848641
488,"Banteng","BTG",2,"dist_str + ndvi_cv + elev + BB + DE",-0.746703152300916,0.732091408607023,0.473926445241301
489,"Banteng","BTG",2,"dist_str + ndvi_cv + elev + BB + DE",-0.733955944859747,0.754490646233097,0.480006350798221
490,"Banteng","BTG",2,"dist_str + ndvi_cv + elev + BB + DE",-0.679247048058928,0.776911771243567,0.506998595693501
491,"Banteng","BTG",2,"dist_str + ndvi_cv + elev + BB + DE",-0.66880945060003,0.828904913460469,0.512318164727336
492,"Banteng","BTG",2,"dist_str + ndvi_cv + elev + BB + DE",-0.660257638235388,0.94659533056711,0.516718195406113
493,"Banteng","BTG",2,"dist_str + ndvi_cv + elev + BB + DE",-0.620081484662828,1.1539787089535,0.537900619912334
494,"Banteng","BTG",2,"dist_str + ndvi_cv + elev + BB + DE",-0.610971655270119,1.01944158645716,0.542823193201792
495,"Banteng","BTG",2,"dist_str + ndvi_cv + elev + BB + DE",-0.614213486030069,0.945038627427479,0.541066288150155
496,"Banteng","BTG",2,"dist_str + ndvi_cv + elev + BB + DE",-0.635648969251554,0.910013478429917,0.529591691260091
497,"Banteng","BTG",2,"dist_str + ndvi_cv + elev + BB + DE",-0.601777730178199,0.894718445615577,0.547836866094885
498,"Banteng","BTG",2,"dist_str + ndvi_cv + elev + BB + DE",-0.631780699958349,0.870142893818063,0.531644294181931
499,"Banteng","BTG",2,"dist_str + ndvi_cv + elev + BB + DE",-0.634204514909397,0.84871726687627,0.530357220491276
500,"Banteng","BTG",2,"dist_str + ndvi_cv + elev + BB + DE",-0.639870719028679,0.837741634424009,0.527360599009826
501,"Banteng","BTG",2,"dist_str + ndvi_cv + elev + BB + DE",-0.663063739226042,0.830861018163457,0.515270260041087
502,"Banteng","BTG",2,"dist_str + ndvi_cv + elev + BB + DE",-0.671241745276394,0.796581760852199,0.511073560585713
503,"Banteng","BTG",2,"dist_str + ndvi_cv + elev + BB + DE",-0.677068788869778,0.790447654214613,0.508104172560339
504,"Banteng","BTG",2,"dist_str + ndvi_cv + elev + BB + DE",-0.682507872399222,0.770522160710726,0.505348054494572
505,"Banteng","BTG",2,"dist_str + ndvi_cv + elev + BB + DE",-0.733617076429061,0.779601208924039,0.480169041761559
506,"Banteng","BTG",2,"dist_str + ndvi_cv + elev + BB + DE",-0.744162059677854,0.754450416881163,0.47513226808575
507,"Banteng","BTG",2,"dist_str + ndvi_cv + elev + BB + DE",-0.774339390839915,0.761260826477918,0.461008226923086
508,"Banteng","BTG",2,"dist_str + ndvi_cv + elev + BB + DE",-0.79209864549228,0.736984728289816,0.452893349723607
509,"Banteng","BTG",2,"dist_str + ndvi_cv + elev + BB + DE",-0.826904603600216,0.735452688044733,0.437401123723613
510,"Banteng","BTG",2,"dist_str + ndvi_cv + elev + BB + DE",-0.882316978248414,0.718763682850347,0.413823002994673
511,"Banteng","BTG",2,"dist_str + ndvi_cv + elev + BB + DE",-1.04867439628129,0.663048227227709,0.350401936091858
512,"Banteng","BTG",2,"dist_str + ndvi_cv + elev + BB + DE",-0.915424055144585,0.703419601365012,0.400346829799047
513,"Banteng","BTG",2,"dist_str + ndvi_cv + elev + BB + DE",-0.824592612787975,0.734477301964696,0.438413615737822
514,"Banteng","BTG",2,"dist_str + ndvi_cv + elev + BB + DE",-0.790494548619182,0.725870623094276,0.453620410453783
515,"Banteng","BTG",2,"dist_str + ndvi_cv + elev + BB + DE",-0.722929018682744,0.728720464081518,0.485328635434166
516,"Banteng","BTG",2,"dist_str + ndvi_cv + elev + BB + DE",-0.721122169565636,0.729134671099952,0.486206394451181
517,"Banteng","BTG",2,"dist_str + ndvi_cv + elev + BB + DE",-0.703258031751827,0.733531258799341,0.494970046350044
518,"Banteng","BTG",2,"dist_str + ndvi_cv + elev + BB + DE",-0.722253870763169,0.723789962668062,0.485656414752569
519,"Banteng","BTG",2,"dist_str + ndvi_cv + elev + BB + DE",-0.684121031082681,0.733426888656499,0.504533504016022
520,"Banteng","BTG",2,"dist_str + ndvi_cv + elev + BB + DE",-0.639094588240796,0.77572873933006,0.527770067622209
521,"Banteng","BTG",2,"dist_str + ndvi_cv + elev + BB + DE",-0.611674532791572,0.823458892513119,0.542441799832327
522,"Banteng","BTG",2,"dist_str + ndvi_cv + elev + BB + DE",-0.600402885559045,0.941367817147957,0.548590572573456
523,"Banteng","BTG",2,"dist_str + ndvi_cv + elev + BB + DE",-0.62795379235018,1.12359745673904,0.533682710167269
524,"Banteng","BTG",2,"dist_str + ndvi_cv + elev + BB + DE",-0.613031953416438,0.999938471581678,0.541706007366065
525,"Banteng","BTG",2,"dist_str + ndvi_cv + elev + BB + DE",-0.601910869557825,0.950529076621932,0.547763944025364
526,"Banteng","BTG",2,"dist_str + ndvi_cv + elev + BB + DE",-0.627477658915981,0.913179705072032,0.533936878414761
527,"Banteng","BTG",2,"dist_str + ndvi_cv + elev + BB + DE",-0.614293728621802,0.888577393193333,0.541022901969881
528,"Banteng","BTG",2,"dist_str + ndvi_cv + elev + BB + DE",-0.61922843599251,0.866180650143121,0.538359656959934
529,"Banteng","BTG",2,"dist_str + ndvi_cv + elev + BB + DE",-0.627010994041913,0.841208631305108,0.534186102871925
530,"Banteng","BTG",2,"dist_str + ndvi_cv + elev + BB + DE",-0.617179881865144,0.832900573699816,0.539463743162915
531,"Banteng","BTG",2,"dist_str + ndvi_cv + elev + BB + DE",-0.636612215174473,0.823634599704478,0.529081826216595
532,"Banteng","BTG",2,"dist_str + ndvi_cv + elev + BB + DE",-0.639538859128464,0.808974660661328,0.52753563908944
533,"Banteng","BTG",2,"dist_str + ndvi_cv + elev + BB + DE",-0.650038320477921,0.785104859086195,0.522025781668344
534,"Banteng","BTG",2,"dist_str + ndvi_cv + elev + BB + DE",-0.675377465975256,0.777712029497448,0.508964269370116
535,"Banteng","BTG",2,"dist_str + ndvi_cv + elev + BB + DE",-0.684860058570427,0.768427395671238,0.504160779451384
536,"Banteng","BTG",2,"dist_str + ndvi_cv + elev + BB + DE",-0.707137904991173,0.749362275993069,0.493053351493582
537,"Banteng","BTG",2,"dist_str + ndvi_cv + elev + BB + DE",-0.725577525247226,0.746102476233676,0.484044967883192
538,"Banteng","BTG",2,"dist_str + ndvi_cv + elev + BB + DE",-0.722788986539616,0.74023252548262,0.485396602213176
539,"Banteng","BTG",2,"dist_str + ndvi_cv + elev + BB + DE",-0.780184339907238,0.726760166134816,0.458321516646134
540,"Banteng","BTG",2,"dist_str + ndvi_cv + elev + BB + DE",-0.830205718137346,0.724477467261137,0.435959593047414
541,"Banteng","BTG",2,"dist_str + ndvi_cv + elev + BB + DE",-0.841230394507439,0.726236368532668,0.43117967739911
542,"Banteng","BTG",2,"dist_str + ndvi_cv + elev + BB + DE",-0.835140221754147,0.718023320236183,0.433813647123443
543,"Banteng","BTG",2,"dist_str + ndvi_cv + elev + BB + DE",-0.753110324341804,0.734534066414698,0.470899622409314
544,"Banteng","BTG",2,"dist_str + ndvi_cv + elev + BB + DE",-0.715460397820189,0.730745297795002,0.48896694100704
545,"Banteng","BTG",2,"dist_str + ndvi_cv + elev + BB + DE",-0.691198911906412,0.727310992403243,0.500975083914046
546,"Banteng","BTG",2,"dist_str + ndvi_cv + elev + BB + DE",-0.646577147666561,0.729570291361758,0.523835723988968
547,"Banteng","BTG",2,"dist_str + ndvi_cv + elev + BB + DE",-0.624479788486041,0.731807624506307,0.535539971848644
548,"Banteng","BTG",2,"dist_str + ndvi_cv + elev + BB + DE",-0.631288501813303,0.740999727994912,0.531906006108747
549,"Banteng","BTG",2,"dist_str + ndvi_cv + elev + BB + DE",-0.595917572349168,0.743640904467904,0.551056700375459
550,"Banteng","BTG",2,"dist_str + ndvi_cv + elev + BB + DE",-0.571358746238098,0.766694380261052,0.564757567630674
551,"Banteng","BTG",2,"dist_str + ndvi_cv + elev + BB + DE",-0.557848184039355,0.792702567035661,0.572439524841033
552,"Banteng","BTG",2,"dist_str + ndvi_cv + elev + BB + DE",-0.526852139174748,0.921334967988483,0.590460759091313
553,"Banteng","BTG",2,"dist_str + ndvi_cv + elev + BB + DE",-0.592292501325805,1.1570128249025,0.553057967601144
554,"Banteng","BTG",2,"dist_str + ndvi_cv + elev + BB + DE",-0.584364106685799,1.01511163409524,0.557460240797627
555,"Banteng","BTG",2,"dist_str + ndvi_cv + elev + BB + DE",-0.609234700933757,0.951847492348675,0.543766858685084
556,"Banteng","BTG",2,"dist_str + ndvi_cv + elev + BB + DE",-0.5892870591041,0.906201324875991,0.554722655182679
557,"Banteng","BTG",2,"dist_str + ndvi_cv + elev + BB + DE",-0.611782688630891,0.874629411501595,0.542383115684485
558,"Banteng","BTG",2,"dist_str + ndvi_cv + elev + BB + DE",-0.623085140117201,0.863402438879723,0.536287361110773
559,"Banteng","BTG",2,"dist_str + ndvi_cv + elev + BB + DE",-0.606583512349295,0.841687990252137,0.545210395587158
560,"Banteng","BTG",2,"dist_str + ndvi_cv + elev + BB + DE",-0.617274340259747,0.831409285387925,0.539412691821952
561,"Banteng","BTG",2,"dist_str + ndvi_cv + elev + BB + DE",-0.606780949780929,0.816495585715738,0.545102831351212
562,"Banteng","BTG",2,"dist_str + ndvi_cv + elev + BB + DE",-0.6144417573297,0.797754443889558,0.540942792218906
563,"Banteng","BTG",2,"dist_str + ndvi_cv + elev + BB + DE",-0.624896158370434,0.786655025914485,0.535317013949915
564,"Banteng","BTG",2,"dist_str + ndvi_cv + elev + BB + DE",-0.632895263265663,0.783584183881583,0.531052042508304
565,"Banteng","BTG",2,"dist_str + ndvi_cv + elev + BB + DE",-0.639656793095899,0.764032940735281,0.527473425554278
566,"Banteng","BTG",2,"dist_str + ndvi_cv + elev + BB + DE",-0.672992021238446,0.759403332639303,0.510179837109318
567,"Banteng","BTG",2,"dist_str + ndvi_cv + elev + BB + DE",-0.684726994127175,0.748000305501133,0.504227878233355
568,"Banteng","BTG",2,"dist_str + ndvi_cv + elev + BB + DE",-0.693349282379385,0.736442563171786,0.499898978830591
569,"Banteng","BTG",2,"dist_str + ndvi_cv + elev + BB + DE",-0.739941921030945,0.72816214213471,0.477141667017992
570,"Banteng","BTG",2,"dist_str + ndvi_cv + elev + BB + DE",-0.733179446667309,0.725613479959412,0.480379240939907
571,"Banteng","BTG",2,"dist_str + ndvi_cv + elev + BB + DE",-0.75092971852272,0.71931031063958,0.471927611985473
572,"Banteng","BTG",2,"dist_str + ndvi_cv + elev + BB + DE",-0.714455070370206,0.717259736629645,0.48945876298937
573,"Banteng","BTG",2,"dist_str + ndvi_cv + elev + BB + DE",-0.701849820693706,0.71805184567912,0.495667573543628
574,"Banteng","BTG",2,"dist_str + ndvi_cv + elev + BB + DE",-0.641067882896203,0.72533705794973,0.526729641879728
575,"Banteng","BTG",2,"dist_str + ndvi_cv + elev + BB + DE",-0.603125735437375,0.716455539649836,0.547098874346906
576,"Banteng","BTG",2,"dist_str + ndvi_cv + elev + BB + DE",-0.558103113000947,0.73201459218853,0.57229362919566
577,"Banteng","BTG",2,"dist_str + ndvi_cv + elev + BB + DE",-0.546094438946408,0.719823984372728,0.579207538206412
578,"Banteng","BTG",2,"dist_str + ndvi_cv + elev + BB + DE",-0.532051891430472,0.735045564330794,0.587398454993294
579,"Banteng","BTG",2,"dist_str + ndvi_cv + elev + BB + DE",-0.515632564874952,0.745516095540939,0.59712276478594
580,"Banteng","BTG",2,"dist_str + ndvi_cv + elev + BB + DE",-0.497742632501284,0.764145726443972,0.607901369532971
581,"Banteng","BTG",2,"dist_str + ndvi_cv + elev + BB + DE",-0.450542505261538,0.781156736250732,0.63728237358127
582,"Banteng","BTG",2,"dist_str + ndvi_cv + elev + BB + DE",-0.435544418128385,0.827140808994603,0.646912390206886
583,"Banteng","BTG",2,"dist_str + ndvi_cv + elev + BB + DE",-0.612763391825487,1.07231578037265,0.541851451546501
584,"Banteng","BTG",2,"dist_str + ndvi_cv + elev + BB + DE",-0.610047086793699,0.964738844226152,0.543325289877035
585,"Banteng","BTG",2,"dist_str + ndvi_cv + elev + BB + DE",-0.578992572849069,0.913401729012506,0.560462707884273
586,"Banteng","BTG",2,"dist_str + ndvi_cv + elev + BB + DE",-0.584593099044535,0.885066125974542,0.557332597086499
587,"Banteng","BTG",2,"dist_str + ndvi_cv + elev + BB + DE",-0.595615230059819,0.856348554988421,0.551223340445611
588,"Banteng","BTG",2,"dist_str + ndvi_cv + elev + BB + DE",-0.568572200434402,0.83727839689911,0.566333487802886
589,"Banteng","BTG",2,"dist_str + ndvi_cv + elev + BB + DE",-0.578355420862379,0.829418146121546,0.560819928225555
590,"Banteng","BTG",2,"dist_str + ndvi_cv + elev + BB + DE",-0.58951323599274,0.805884525734434,0.554597177871438
591,"Banteng","BTG",2,"dist_str + ndvi_cv + elev + BB + DE",-0.587927623756301,0.800728899325683,0.555477250963838
592,"Banteng","BTG",2,"dist_str + ndvi_cv + elev + BB + DE",-0.603953300768504,0.792243317866942,0.546646306827169
593,"Banteng","BTG",2,"dist_str + ndvi_cv + elev + BB + DE",-0.591909516485639,0.781676410400398,0.553269819331048
594,"Banteng","BTG",2,"dist_str + ndvi_cv + elev + BB + DE",-0.594525945907408,0.764982299332625,0.551824131074396
595,"Banteng","BTG",2,"dist_str + ndvi_cv + elev + BB + DE",-0.635720349499325,0.753366358345288,0.529553887015854
596,"Banteng","BTG",2,"dist_str + ndvi_cv + elev + BB + DE",-0.637176088539086,0.743893977740369,0.52878356806669
597,"Banteng","BTG",2,"dist_str + ndvi_cv + elev + BB + DE",-0.649033086237482,0.739120894441289,0.522550799405434
598,"Banteng","BTG",2,"dist_str + ndvi_cv + elev + BB + DE",-0.674010732931657,0.722576507001426,0.509660362857843
599,"Banteng","BTG",2,"dist_str + ndvi_cv + elev + BB + DE",-0.665643061233505,0.720152631371652,0.513942927911544
600,"Banteng","BTG",2,"dist_str + ndvi_cv + elev + BB + DE",-0.665962731754606,0.72159080080621,0.513778658546196
601,"Banteng","BTG",2,"dist_str + ndvi_cv + elev + BB + DE",-0.654406863541392,0.722954439141755,0.519750277671282
602,"Banteng","BTG",2,"dist_str + ndvi_cv + elev + BB + DE",-0.601412264892205,0.729788609333097,0.548037294701023
603,"Banteng","BTG",2,"dist_str + ndvi_cv + elev + BB + DE",-0.564738613709498,0.719367569393544,0.568508728042332
604,"Banteng","BTG",2,"dist_str + ndvi_cv + elev + BB + DE",-0.54480924414118,0.717846904828323,0.57995240250984
605,"Banteng","BTG",2,"dist_str + ndvi_cv + elev + BB + DE",-0.492435126848096,0.720060657799085,0.611136388601642
606,"Banteng","BTG",2,"dist_str + ndvi_cv + elev + BB + DE",-0.466930830563639,0.714775781344584,0.626923948199133
607,"Banteng","BTG",2,"dist_str + ndvi_cv + elev + BB + DE",-0.43876642238226,0.72688849164691,0.644831384457344
608,"Banteng","BTG",2,"dist_str + ndvi_cv + elev + BB + DE",-0.41304779545801,0.745158062051975,0.661630666970987
609,"Banteng","BTG",2,"dist_str + ndvi_cv + elev + BB + DE",-0.41337872708386,0.749372618594888,0.661411740864305
610,"Banteng","BTG",2,"dist_str + ndvi_cv + elev + BB + DE",-0.389375971650228,0.746463339717775,0.67747953086296
611,"Banteng","BTG",2,"dist_str + ndvi_cv + elev + BB + DE",-0.336308699120693,0.792732962851025,0.714402647770944
612,"Banteng","BTG",2,"dist_str + ndvi_cv + elev + BB + DE",-0.285186704925403,0.854402972498885,0.751873868259945
613,"Banteng","BTG",2,"dist_str + ndvi_cv + elev + BB + DE",-0.21442914843071,0.940429555528701,0.807001987216819
614,"Banteng","BTG",2,"dist_str + ndvi_cv + elev + BB + DE",-0.158372487315169,0.972689666446748,0.853531796445581
615,"Banteng","BTG",2,"dist_str + ndvi_cv + elev + BB + DE",-0.135036176457688,0.990806112579004,0.873684474998271
616,"Banteng","BTG",2,"dist_str + ndvi_cv + elev + BB + DE",-0.120820070244517,1.08433117603627,0.886193400717075
617,"Banteng","BTG",2,"dist_str + ndvi_cv + elev + BB + DE",-0.557668148640958,0.974719468317554,0.572542600278605
618,"Banteng","BTG",2,"dist_str + ndvi_cv + elev + BB + DE",-0.567817280330897,0.905518647735106,0.566761171427384
619,"Banteng","BTG",2,"dist_str + ndvi_cv + elev + BB + DE",-0.56888336508475,0.876881389534843,0.566157361205513
620,"Banteng","BTG",2,"dist_str + ndvi_cv + elev + BB + DE",-0.56379081863244,0.853130007938863,0.569047813222149
621,"Banteng","BTG",2,"dist_str + ndvi_cv + elev + BB + DE",-0.573062840748702,0.835918627783397,0.563795974235028
622,"Banteng","BTG",2,"dist_str + ndvi_cv + elev + BB + DE",-0.55352593713609,0.813412433195541,0.574919105522592
623,"Banteng","BTG",2,"dist_str + ndvi_cv + elev + BB + DE",-0.558650070858884,0.809121182797013,0.571980677738474
624,"Banteng","BTG",2,"dist_str + ndvi_cv + elev + BB + DE",-0.579590659947799,0.78718633567393,0.560127603972813
625,"Banteng","BTG",2,"dist_str + ndvi_cv + elev + BB + DE",-0.567607651341652,0.782085239924423,0.566880023709803
626,"Banteng","BTG",2,"dist_str + ndvi_cv + elev + BB + DE",-0.567468944466782,0.767678170676777,0.566958634009397
627,"Banteng","BTG",2,"dist_str + ndvi_cv + elev + BB + DE",-0.567107555215974,0.757233106362716,0.567163564508307
628,"Banteng","BTG",2,"dist_str + ndvi_cv + elev + BB + DE",-0.577605584694563,0.759030995936531,0.561240602088952
629,"Banteng","BTG",2,"dist_str + ndvi_cv + elev + BB + DE",-0.580235613833445,0.731344680046119,0.559766464278222
630,"Banteng","BTG",2,"dist_str + ndvi_cv + elev + BB + DE",-0.60771975479685,0.719174038796407,0.544591258910453
631,"Banteng","BTG",2,"dist_str + ndvi_cv + elev + BB + DE",-0.619892748438525,0.726678588828651,0.538002148360671
632,"Banteng","BTG",2,"dist_str + ndvi_cv + elev + BB + DE",-0.617572419401876,0.710052595216149,0.539251927636728
633,"Banteng","BTG",2,"dist_str + ndvi_cv + elev + BB + DE",-0.629861236393147,0.706500696129046,0.532665713699131
634,"Banteng","BTG",2,"dist_str + ndvi_cv + elev + BB + DE",-0.609856551123614,0.710819303836963,0.543428818484278
635,"Banteng","BTG",2,"dist_str + ndvi_cv + elev + BB + DE",-0.55871445495724,0.72407208226254,0.571943891884742
636,"Banteng","BTG",2,"dist_str + ndvi_cv + elev + BB + DE",-0.51111802176653,0.72051019611508,0.5998245873133
637,"Banteng","BTG",2,"dist_str + ndvi_cv + elev + BB + DE",-0.458364421204975,0.702253668274944,0.632317009684465
638,"Banteng","BTG",2,"dist_str + ndvi_cv + elev + BB + DE",-0.401937442422007,0.701530324160126,0.669022630244676
639,"Banteng","BTG",2,"dist_str + ndvi_cv + elev + BB + DE",-0.364746647539541,0.692125741564587,0.694372549594887
640,"Banteng","BTG",2,"dist_str + ndvi_cv + elev + BB + DE",-0.359265780524233,0.708913362967973,0.698188764371641
641,"Banteng","BTG",2,"dist_str + ndvi_cv + elev + BB + DE",-0.341086993373741,0.71675979749131,0.710997062258007
642,"Banteng","BTG",2,"dist_str + ndvi_cv + elev + BB + DE",-0.328642788939227,0.736285143640166,0.7199001648911
643,"Banteng","BTG",2,"dist_str + ndvi_cv + elev + BB + DE",-0.306432892681527,0.752479985924722,0.736067912242603
644,"Banteng","BTG",2,"dist_str + ndvi_cv + elev + BB + DE",-0.278438014429557,0.770081421273951,0.756965187542207
645,"Banteng","BTG",2,"dist_str + ndvi_cv + elev + BB + DE",-0.248740266227886,0.786008423821488,0.779782487165952
646,"Banteng","BTG",2,"dist_str + ndvi_cv + elev + BB + DE",-0.204032369160898,0.824714460108564,0.815435987391859
647,"Banteng","BTG",2,"dist_str + ndvi_cv + elev + BB + DE",-0.160558259242124,0.85826339970304,0.85166820493501
648,"Banteng","BTG",2,"dist_str + ndvi_cv + elev + BB + DE",-0.151891550767117,0.881118846643809,0.859081442444128
649,"Banteng","BTG",2,"dist_str + ndvi_cv + elev + BB + DE",-0.121802028797685,0.944422503416546,0.885323620845152
650,"Banteng","BTG",2,"dist_str + ndvi_cv + elev + BB + DE",-0.0855734179728671,0.958299636712168,0.917985747627105
651,"Banteng","BTG",2,"dist_str + ndvi_cv + elev + BB + DE",-0.0655198463562096,1.0278788477149,0.936580463327944
652,"Banteng","BTG",2,"dist_str + ndvi_cv + elev + BB + DE",-0.0477611583981537,1.0624494939513,0.953361463266944
653,"Banteng","BTG",2,"dist_str + ndvi_cv + elev + BB + DE",-0.0378918496830771,1.11893477630565,0.962817105164803
654,"Banteng","BTG",2,"dist_str + ndvi_cv + elev + BB + DE",-0.00746270943199632,1.25027085433361,0.992565085895546
655,"Banteng","BTG",2,"dist_str + ndvi_cv + elev + BB + DE",-0.544457870900215,1.02061182712366,0.580156226951767
656,"Banteng","BTG",2,"dist_str + ndvi_cv + elev + BB + DE",-0.530901885064739,0.899356352949216,0.588074357945448
657,"Banteng","BTG",2,"dist_str + ndvi_cv + elev + BB + DE",-0.538348073896036,0.882792700002394,0.583711707750047
658,"Banteng","BTG",2,"dist_str + ndvi_cv + elev + BB + DE",-0.548767863225553,0.853816791109423,0.577661130107297
659,"Banteng","BTG",2,"dist_str + ndvi_cv + elev + BB + DE",-0.550479225705727,0.831944564572686,0.57667338893565
660,"Banteng","BTG",2,"dist_str + ndvi_cv + elev + BB + DE",-0.535993658300506,0.815589655418211,0.585087625508555
661,"Banteng","BTG",2,"dist_str + ndvi_cv + elev + BB + DE",-0.53639325527844,0.793520956718202,0.584853881301746
662,"Banteng","BTG",2,"dist_str + ndvi_cv + elev + BB + DE",-0.536659171270426,0.772656011836122,0.584698371755812
663,"Banteng","BTG",2,"dist_str + ndvi_cv + elev + BB + DE",-0.526909086755312,0.783619268129322,0.590427114278771
664,"Banteng","BTG",2,"dist_str + ndvi_cv + elev + BB + DE",-0.53160371097406,0.775354691143103,0.587661812541878
665,"Banteng","BTG",2,"dist_str + ndvi_cv + elev + BB + DE",-0.538670009501801,0.750981137900974,0.583523817665836
666,"Banteng","BTG",2,"dist_str + ndvi_cv + elev + BB + DE",-0.531149292467854,0.745220784399452,0.587928879488363
667,"Banteng","BTG",2,"dist_str + ndvi_cv + elev + BB + DE",-0.532598820897043,0.735363892470813,0.587077295607608
668,"Banteng","BTG",2,"dist_str + ndvi_cv + elev + BB + DE",-0.554892135640375,0.727811132376224,0.574134209446268
669,"Banteng","BTG",2,"dist_str + ndvi_cv + elev + BB + DE",-0.555903814622261,0.729304511501131,0.573553641505573
670,"Banteng","BTG",2,"dist_str + ndvi_cv + elev + BB + DE",-0.567432913489105,0.70268193402049,0.566979057265195
671,"Banteng","BTG",2,"dist_str + ndvi_cv + elev + BB + DE",-0.596332868767449,0.69032589834718,0.550827977267538
672,"Banteng","BTG",2,"dist_str + ndvi_cv + elev + BB + DE",-0.564959006719936,0.707608201718362,0.568383446717965
673,"Banteng","BTG",2,"dist_str + ndvi_cv + elev + BB + DE",-0.48774439128562,0.711823409189193,0.614009813894651
674,"Banteng","BTG",2,"dist_str + ndvi_cv + elev + BB + DE",-0.458385586405648,0.715068004323519,0.632303623564511
675,"Banteng","BTG",2,"dist_str + ndvi_cv + elev + BB + DE",-0.376103921017164,0.70440815081926,0.686530984493771
676,"Banteng","BTG",2,"dist_str + ndvi_cv + elev + BB + DE",-0.335583495322857,0.690679735356678,0.714920820025169
677,"Banteng","BTG",2,"dist_str + ndvi_cv + elev + BB + DE",-0.257155209211846,0.675972037086993,0.773248202154657
678,"Banteng","BTG",2,"dist_str + ndvi_cv + elev + BB + DE",-0.252358790090542,0.675812786481012,0.77696592057349
679,"Banteng","BTG",2,"dist_str + ndvi_cv + elev + BB + DE",-0.276998441815789,0.711194396051145,0.758055679582186
680,"Banteng","BTG",2,"dist_str + ndvi_cv + elev + BB + DE",-0.282799182372716,0.724084624714698,0.753671126493539
681,"Banteng","BTG",2,"dist_str + ndvi_cv + elev + BB + DE",-0.285249349127501,0.740026710890111,0.75182676386676
682,"Banteng","BTG",2,"dist_str + ndvi_cv + elev + BB + DE",-0.245095537212476,0.761657272743938,0.782629782989109
683,"Banteng","BTG",2,"dist_str + ndvi_cv + elev + BB + DE",-0.220508602580584,0.778759724910863,0.80211073864218
684,"Banteng","BTG",2,"dist_str + ndvi_cv + elev + BB + DE",-0.196747693885403,0.803470747031456,0.82139818493505
685,"Banteng","BTG",2,"dist_str + ndvi_cv + elev + BB + DE",-0.166333296406164,0.834855395805217,0.846763967650364
686,"Banteng","BTG",2,"dist_str + ndvi_cv + elev + BB + DE",-0.132063410637649,0.859217913083866,0.876285430496865
687,"Banteng","BTG",2,"dist_str + ndvi_cv + elev + BB + DE",-0.124388296612762,0.862875288272872,0.883036913502402
688,"Banteng","BTG",2,"dist_str + ndvi_cv + elev + BB + DE",-0.0878630310767987,0.890440359470936,0.915886368775411
689,"Banteng","BTG",2,"dist_str + ndvi_cv + elev + BB + DE",-0.0664418617317427,0.911331877146069,0.93571733579632
690,"Banteng","BTG",2,"dist_str + ndvi_cv + elev + BB + DE",-0.0409523273019815,0.942724385978065,0.959874892076534
691,"Banteng","BTG",2,"dist_str + ndvi_cv + elev + BB + DE",-0.0350665947682829,1.00066473265169,0.965541161054651
692,"Banteng","BTG",2,"dist_str + ndvi_cv + elev + BB + DE",-0.0182004619767281,1.09368091763177,0.981964171179477
693,"Banteng","BTG",2,"dist_str + ndvi_cv + elev + BB + DE",-0.504625753744206,1.0191985402073,0.603731479977218
694,"Banteng","BTG",2,"dist_str + ndvi_cv + elev + BB + DE",-0.514909112037983,0.912947988144904,0.597554920186093
695,"Banteng","BTG",2,"dist_str + ndvi_cv + elev + BB + DE",-0.514095031353507,0.877195471982604,0.59804155878274
696,"Banteng","BTG",2,"dist_str + ndvi_cv + elev + BB + DE",-0.508954903987044,0.84872306741969,0.601123483877705
697,"Banteng","BTG",2,"dist_str + ndvi_cv + elev + BB + DE",-0.511363586431776,0.83451843803617,0.599677309206131
698,"Banteng","BTG",2,"dist_str + ndvi_cv + elev + BB + DE",-0.507831483530313,0.811358577988856,0.601799249747666
699,"Banteng","BTG",2,"dist_str + ndvi_cv + elev + BB + DE",-0.509449917180461,0.802250366477538,0.600825992823443
700,"Banteng","BTG",2,"dist_str + ndvi_cv + elev + BB + DE",-0.489353143918173,0.776684686769789,0.613022804054319
701,"Banteng","BTG",2,"dist_str + ndvi_cv + elev + BB + DE",-0.475878214629178,0.781417369059932,0.621339148335644
702,"Banteng","BTG",2,"dist_str + ndvi_cv + elev + BB + DE",-0.478716390108174,0.760192509694771,0.619578178515686
703,"Banteng","BTG",2,"dist_str + ndvi_cv + elev + BB + DE",-0.494260436330212,0.757318676429312,0.610021890665209
704,"Banteng","BTG",2,"dist_str + ndvi_cv + elev + BB + DE",-0.486781860707011,0.731875653065943,0.614601087596003
705,"Banteng","BTG",2,"dist_str + ndvi_cv + elev + BB + DE",-0.471112417088333,0.730659382667557,0.624307392060872
706,"Banteng","BTG",2,"dist_str + ndvi_cv + elev + BB + DE",-0.466458895477589,0.727604030660543,0.627219402956588
707,"Banteng","BTG",2,"dist_str + ndvi_cv + elev + BB + DE",-0.48434279425075,0.720183469968059,0.616101969546047
708,"Banteng","BTG",2,"dist_str + ndvi_cv + elev + BB + DE",-0.499163705300035,0.703922728582289,0.607038119507484
709,"Banteng","BTG",2,"dist_str + ndvi_cv + elev + BB + DE",-0.539710337041662,0.67744522592929,0.582917077763045
710,"Banteng","BTG",2,"dist_str + ndvi_cv + elev + BB + DE",-0.489639513171811,0.705431340120801,0.612847288115953
711,"Banteng","BTG",2,"dist_str + ndvi_cv + elev + BB + DE",-0.425267234631356,0.70508717614568,0.65359510276197
712,"Banteng","BTG",2,"dist_str + ndvi_cv + elev + BB + DE",-0.353029656899001,0.704206817578266,0.702556362034999
713,"Banteng","BTG",2,"dist_str + ndvi_cv + elev + BB + DE",-0.310209417114462,0.70079122014517,0.733293376446955
714,"Banteng","BTG",2,"dist_str + ndvi_cv + elev + BB + DE",-0.271068971665529,0.686378497518832,0.76256392705768
715,"Banteng","BTG",2,"dist_str + ndvi_cv + elev + BB + DE",-0.17662134931009,0.650570648020721,0.838097072051298
716,"Banteng","BTG",2,"dist_str + ndvi_cv + elev + BB + DE",-0.205258710263298,0.659542269038478,0.814436587137926
717,"Banteng","BTG",2,"dist_str + ndvi_cv + elev + BB + DE",-0.226839283245983,0.703088369710721,0.797048871162115
718,"Banteng","BTG",2,"dist_str + ndvi_cv + elev + BB + DE",-0.233053739576183,0.712568931008877,0.792111005428162
719,"Banteng","BTG",2,"dist_str + ndvi_cv + elev + BB + DE",-0.233633356302804,0.736150225350864,0.791652063500939
720,"Banteng","BTG",2,"dist_str + ndvi_cv + elev + BB + DE",-0.208965942635512,0.751485270296945,0.81142292026338
721,"Banteng","BTG",2,"dist_str + ndvi_cv + elev + BB + DE",-0.18270228427247,0.772647791379022,0.83301612679694
722,"Banteng","BTG",2,"dist_str + ndvi_cv + elev + BB + DE",-0.158544249682717,0.784001909791928,0.853385201715573
723,"Banteng","BTG",2,"dist_str + ndvi_cv + elev + BB + DE",-0.133517829076952,0.821906864362484,0.875011890197841
724,"Banteng","BTG",2,"dist_str + ndvi_cv + elev + BB + DE",-0.103854235823672,0.831855215488719,0.901356679675199
725,"Banteng","BTG",2,"dist_str + ndvi_cv + elev + BB + DE",-0.0813197292101104,0.838063796534593,0.921898918993712
726,"Banteng","BTG",2,"dist_str + ndvi_cv + elev + BB + DE",-0.0788171777595868,0.862126308566815,0.92420889497607
727,"Banteng","BTG",2,"dist_str + ndvi_cv + elev + BB + DE",-0.0468442573547495,0.873739668408291,0.954236004603537
728,"Banteng","BTG",2,"dist_str + ndvi_cv + elev + BB + DE",-0.0211524489941524,0.895732197858904,0.979069698842462
729,"Banteng","BTG",2,"dist_str + ndvi_cv + elev + BB + DE",-0.0424211290846724,0.939168852474731,0.958466064484523
730,"Banteng","BTG",2,"dist_str + ndvi_cv + elev + BB + DE",-0.00564424449768981,0.994471510478878,0.994371655345093
731,"Banteng","BTG",2,"dist_str + ndvi_cv + elev + BB + DE",-0.52070874036403,1.02886908834595,0.594099336620916
732,"Banteng","BTG",2,"dist_str + ndvi_cv + elev + BB + DE",-0.502131779003271,0.901174416450452,0.605239114535096
733,"Banteng","BTG",2,"dist_str + ndvi_cv + elev + BB + DE",-0.494367004999674,0.869087340885139,0.609956888106653
734,"Banteng","BTG",2,"dist_str + ndvi_cv + elev + BB + DE",-0.50297226045149,0.839379661511103,0.604730569140002
735,"Banteng","BTG",2,"dist_str + ndvi_cv + elev + BB + DE",-0.501187921512795,0.826245296341011,0.605810688874144
736,"Banteng","BTG",2,"dist_str + ndvi_cv + elev + BB + DE",-0.483711722233504,0.799987053300383,0.616490897182237
737,"Banteng","BTG",2,"dist_str + ndvi_cv + elev + BB + DE",-0.473817765688838,0.797029007698202,0.622620716752907
738,"Banteng","BTG",2,"dist_str + ndvi_cv + elev + BB + DE",-0.45089124543457,0.775814851751198,0.637060269786796
739,"Banteng","BTG",2,"dist_str + ndvi_cv + elev + BB + DE",-0.456841675047268,0.764564535385071,0.633280597277166
740,"Banteng","BTG",2,"dist_str + ndvi_cv + elev + BB + DE",-0.465101756060002,0.758376466315504,0.628071193145131
741,"Banteng","BTG",2,"dist_str + ndvi_cv + elev + BB + DE",-0.440794837617403,0.73955909587677,0.643524749959212
742,"Banteng","BTG",2,"dist_str + ndvi_cv + elev + BB + DE",-0.424876073547745,0.741448011977027,0.653850810550058
743,"Banteng","BTG",2,"dist_str + ndvi_cv + elev + BB + DE",-0.41322093902872,0.731669186633187,0.661516144964926
744,"Banteng","BTG",2,"dist_str + ndvi_cv + elev + BB + DE",-0.422131555215755,0.729897997325963,0.655647780589739
745,"Banteng","BTG",2,"dist_str + ndvi_cv + elev + BB + DE",-0.383569093844423,0.718529920662925,0.68142499855368
746,"Banteng","BTG",2,"dist_str + ndvi_cv + elev + BB + DE",-0.393106921761424,0.715087876858098,0.674956615729728
747,"Banteng","BTG",2,"dist_str + ndvi_cv + elev + BB + DE",-0.375605454349181,0.707191464284435,0.686873287704916
748,"Banteng","BTG",2,"dist_str + ndvi_cv + elev + BB + DE",-0.366817680646859,0.700165619836134,0.692936011856156
749,"Banteng","BTG",2,"dist_str + ndvi_cv + elev + BB + DE",-0.319719652754462,0.701291618932471,0.726352639753949
750,"Banteng","BTG",2,"dist_str + ndvi_cv + elev + BB + DE",-0.295130033742471,0.701503930677238,0.74443477953464
751,"Banteng","BTG",2,"dist_str + ndvi_cv + elev + BB + DE",-0.267923122363746,0.695497427826955,0.764966587912214
752,"Banteng","BTG",2,"dist_str + ndvi_cv + elev + BB + DE",-0.223465232282667,0.693004325075469,0.79974270424738
753,"Banteng","BTG",2,"dist_str + ndvi_cv + elev + BB + DE",-0.224538694801627,0.684703195299406,0.798884684010694
754,"Banteng","BTG",2,"dist_str + ndvi_cv + elev + BB + DE",-0.195673015389382,0.687330449016691,0.822281100190925
755,"Banteng","BTG",2,"dist_str + ndvi_cv + elev + BB + DE",-0.202133179443628,0.707553671013543,0.816986134414039
756,"Banteng","BTG",2,"dist_str + ndvi_cv + elev + BB + DE",-0.213820766939976,0.72813117481891,0.80749310342675
757,"Banteng","BTG",2,"dist_str + ndvi_cv + elev + BB + DE",-0.199969703768473,0.736761567748367,0.818755558342659
758,"Banteng","BTG",2,"dist_str + ndvi_cv + elev + BB + DE",-0.187589622101325,0.761870419263717,0.828954874393175
759,"Banteng","BTG",2,"dist_str + ndvi_cv + elev + BB + DE",-0.143267312384429,0.752415438114074,0.866522406054983
760,"Banteng","BTG",2,"dist_str + ndvi_cv + elev + BB + DE",-0.133090883128047,0.78902660160546,0.875385531073913
761,"Banteng","BTG",2,"dist_str + ndvi_cv + elev + BB + DE",-0.138447793723004,0.795511076939871,0.8707087077008
762,"Banteng","BTG",2,"dist_str + ndvi_cv + elev + BB + DE",-0.091101842643442,0.800304589893144,0.912924739935385
763,"Banteng","BTG",2,"dist_str + ndvi_cv + elev + BB + DE",-0.0729388310135771,0.83782839680741,0.92965770671267
764,"Banteng","BTG",2,"dist_str + ndvi_cv + elev + BB + DE",-0.0465533153389572,0.846124102226578,0.954513732587133
765,"Banteng","BTG",2,"dist_str + ndvi_cv + elev + BB + DE",-0.0357676825670292,0.854740435120965,0.964864429182347
766,"Banteng","BTG",2,"dist_str + ndvi_cv + elev + BB + DE",-0.000303272019843078,0.879917783658068,0.999697282521573
767,"Banteng","BTG",2,"dist_str + ndvi_cv + elev + BB + DE",0.00668896309305415,0.895580270615874,1.0067114042166
768,"Banteng","BTG",2,"dist_str + ndvi_cv + elev + BB + DE",0.0292526926674438,0.91728022996869,1.02968475661177
769,"Banteng","BTG",2,"dist_str + ndvi_cv + elev + BB + DE",0.0227219200339764,0.952346134224231,1.02298204547348
770,"Banteng","BTG",2,"dist_str + ndvi_cv + elev + BB + DE",0.0593224982109601,1.0260869671841,1.0611174547005
771,"Banteng","BTG",2,"dist_str + ndvi_cv + elev + BB + DE",0.112201393630308,1.05532877526444,1.1187382664533
772,"Banteng","BTG",2,"dist_str + ndvi_cv + elev + BB + DE",0.103906248986597,1.07848089741058,1.10949644421009
773,"Banteng","BTG",2,"dist_str + ndvi_cv + elev + BB + DE",0.125459055194203,1.12027538119199,1.13366882070669
774,"Banteng","BTG",2,"dist_str + ndvi_cv + elev + BB + DE",0.118970419423202,1.17699675357489,1.12633660011731
775,"Banteng","BTG",2,"dist_str + ndvi_cv + elev + BB + DE",0.134283349010139,1.33430852793038,1.1437168931515
776,"Banteng","BTG",2,"dist_str + ndvi_cv + elev + BB + DE",-0.476406787490173,1.01578823943775,0.621010812954207
777,"Banteng","BTG",2,"dist_str + ndvi_cv + elev + BB + DE",-0.481047254231895,0.911498818017073,0.61813571861803
778,"Banteng","BTG",2,"dist_str + ndvi_cv + elev + BB + DE",-0.476049424380193,0.88446955290621,0.621232778704832
779,"Banteng","BTG",2,"dist_str + ndvi_cv + elev + BB + DE",-0.469516500373729,0.845597540046888,0.625304558933211
780,"Banteng","BTG",2,"dist_str + ndvi_cv + elev + BB + DE",-0.460332219603999,0.818605264137264,0.631073962801314
781,"Banteng","BTG",2,"dist_str + ndvi_cv + elev + BB + DE",-0.448545279083691,0.815279919238489,0.638556449524031
782,"Banteng","BTG",2,"dist_str + ndvi_cv + elev + BB + DE",-0.433098634398121,0.791430479653655,0.648496524629581
783,"Banteng","BTG",2,"dist_str + ndvi_cv + elev + BB + DE",-0.430673550435315,0.774672920153778,0.650071092715109
784,"Banteng","BTG",2,"dist_str + ndvi_cv + elev + BB + DE",-0.40675272366155,0.768642013403867,0.665808813571018
785,"Banteng","BTG",2,"dist_str + ndvi_cv + elev + BB + DE",-0.40085700425828,0.763859289459739,0.669745831097879
786,"Banteng","BTG",2,"dist_str + ndvi_cv + elev + BB + DE",-0.406543501012447,0.751417806842233,0.665948231874173
787,"Banteng","BTG",2,"dist_str + ndvi_cv + elev + BB + DE",-0.389154088222259,0.731550101797069,0.677629878076795
788,"Banteng","BTG",2,"dist_str + ndvi_cv + elev + BB + DE",-0.369783867864461,0.720545154785196,0.690883638105456
789,"Banteng","BTG",2,"dist_str + ndvi_cv + elev + BB + DE",-0.339641464544194,0.722907439994051,0.712025565361666
790,"Banteng","BTG",2,"dist_str + ndvi_cv + elev + BB + DE",-0.317261914013137,0.714736527732067,0.72814002437213
791,"Banteng","BTG",2,"dist_str + ndvi_cv + elev + BB + DE",-0.26940494406432,0.711642362636222,0.763833895163604
792,"Banteng","BTG",2,"dist_str + ndvi_cv + elev + BB + DE",-0.263198843925187,0.703698923216764,0.768589052855635
793,"Banteng","BTG",2,"dist_str + ndvi_cv + elev + BB + DE",-0.227585405155896,0.700590041342522,0.7964544092436
794,"Banteng","BTG",2,"dist_str + ndvi_cv + elev + BB + DE",-0.218103306965981,0.700553732164259,0.804042377320378
795,"Banteng","BTG",2,"dist_str + ndvi_cv + elev + BB + DE",-0.21093088546323,0.696545084050103,0.809830038374551
796,"Banteng","BTG",2,"dist_str + ndvi_cv + elev + BB + DE",-0.195918775450677,0.699820983258083,0.822079004991115
797,"Banteng","BTG",2,"dist_str + ndvi_cv + elev + BB + DE",-0.193001457764431,0.699567050876274,0.824480773951959
798,"Banteng","BTG",2,"dist_str + ndvi_cv + elev + BB + DE",-0.20366840439486,0.695662666449476,0.815732841673712
799,"Banteng","BTG",2,"dist_str + ndvi_cv + elev + BB + DE",-0.187254155827405,0.691281222090631,0.829232959952216
800,"Banteng","BTG",2,"dist_str + ndvi_cv + elev + BB + DE",-0.180902934789808,0.706967440988121,0.834516367142705
801,"Banteng","BTG",2,"dist_str + ndvi_cv + elev + BB + DE",-0.170442633118811,0.725830434542588,0.843291466625768
802,"Banteng","BTG",2,"dist_str + ndvi_cv + elev + BB + DE",-0.18116300562253,0.734917773456904,0.834299352520638
803,"Banteng","BTG",2,"dist_str + ndvi_cv + elev + BB + DE",-0.152948141167328,0.760155776235521,0.858174230790295
804,"Banteng","BTG",2,"dist_str + ndvi_cv + elev + BB + DE",-0.14391012290988,0.762418925642407,0.865965575156978
805,"Banteng","BTG",2,"dist_str + ndvi_cv + elev + BB + DE",-0.121769866621511,0.771672393857533,0.885352102144282
806,"Banteng","BTG",2,"dist_str + ndvi_cv + elev + BB + DE",-0.105012066594223,0.789389531388677,0.900313659965577
807,"Banteng","BTG",2,"dist_str + ndvi_cv + elev + BB + DE",-0.0815563971812127,0.802834504143082,0.92168073787386
808,"Banteng","BTG",2,"dist_str + ndvi_cv + elev + BB + DE",-0.060232380519749,0.8032822768351,0.941545715547641
809,"Banteng","BTG",2,"dist_str + ndvi_cv + elev + BB + DE",-0.0341446700545286,0.827724120458342,0.966431681288199
810,"Banteng","BTG",2,"dist_str + ndvi_cv + elev + BB + DE",-0.0347213455466061,0.83920523428575,0.965874532357295
811,"Banteng","BTG",2,"dist_str + ndvi_cv + elev + BB + DE",-0.00759194506755383,0.861686207066548,0.992436826820181
812,"Banteng","BTG",2,"dist_str + ndvi_cv + elev + BB + DE",0.0186679122544759,0.873069795710029,1.01884325441479
813,"Banteng","BTG",2,"dist_str + ndvi_cv + elev + BB + DE",0.0273471838518261,0.879601258062563,1.02772455113798
814,"Banteng","BTG",2,"dist_str + ndvi_cv + elev + BB + DE",0.0370384034233168,0.88858480546727,1.03773288373404
815,"Banteng","BTG",2,"dist_str + ndvi_cv + elev + BB + DE",0.0602832605701117,0.912994019791389,1.06213736917575
816,"Banteng","BTG",2,"dist_str + ndvi_cv + elev + BB + DE",0.100173890421637,0.944518173991976,1.10536314906051
817,"Banteng","BTG",2,"dist_str + ndvi_cv + elev + BB + DE",0.129663797283913,0.979117938918251,1.13844559843032
818,"Banteng","BTG",2,"dist_str + ndvi_cv + elev + BB + DE",0.12401512070045,1.00874610874553,1.13203298805042
819,"Banteng","BTG",2,"dist_str + ndvi_cv + elev + BB + DE",0.123814990918667,1.09047275209837,1.13180645725365
820,"Banteng","BTG",2,"dist_str + ndvi_cv + elev + BB + DE",0.141980309953378,1.2379620105904,1.15255398069224
821,"Banteng","BTG",2,"dist_str + ndvi_cv + elev + BB + DE",-0.468276573570386,1.08801395475599,0.626080685464099
822,"Banteng","BTG",2,"dist_str + ndvi_cv + elev + BB + DE",-0.450716511333665,0.933214934772124,0.63717145018225
823,"Banteng","BTG",2,"dist_str + ndvi_cv + elev + BB + DE",-0.457162247654436,0.871591125817338,0.633077847538416
824,"Banteng","BTG",2,"dist_str + ndvi_cv + elev + BB + DE",-0.441586974132867,0.85317641670201,0.643015244986793
825,"Banteng","BTG",2,"dist_str + ndvi_cv + elev + BB + DE",-0.437321771911388,0.833872801053576,0.645763609386081
826,"Banteng","BTG",2,"dist_str + ndvi_cv + elev + BB + DE",-0.42300974561438,0.810029206855383,0.65507225442547
827,"Banteng","BTG",2,"dist_str + ndvi_cv + elev + BB + DE",-0.417662216562133,0.786274637297626,0.658584662145068
828,"Banteng","BTG",2,"dist_str + ndvi_cv + elev + BB + DE",-0.41843726774775,0.779145910518667,0.658074449323148
829,"Banteng","BTG",2,"dist_str + ndvi_cv + elev + BB + DE",-0.396870303535055,0.758830527980332,0.672421233261464
830,"Banteng","BTG",2,"dist_str + ndvi_cv + elev + BB + DE",-0.394939714832042,0.754015246534839,0.673720654184398
831,"Banteng","BTG",2,"dist_str + ndvi_cv + elev + BB + DE",-0.364974440775242,0.739308990377366,0.694214603557287
832,"Banteng","BTG",2,"dist_str + ndvi_cv + elev + BB + DE",-0.333526086454146,0.729949464576426,0.716393226709037
833,"Banteng","BTG",2,"dist_str + ndvi_cv + elev + BB + DE",-0.317735078170684,0.73454648444098,0.727795577065391
834,"Banteng","BTG",2,"dist_str + ndvi_cv + elev + BB + DE",-0.26544681107515,0.720123519342471,0.766863230596484
835,"Banteng","BTG",2,"dist_str + ndvi_cv + elev + BB + DE",-0.248258881015231,0.718590007246733,0.780157952879577
836,"Banteng","BTG",2,"dist_str + ndvi_cv + elev + BB + DE",-0.163496940069968,0.699761368987897,0.849169103923016
837,"Banteng","BTG",2,"dist_str + ndvi_cv + elev + BB + DE",-0.129038240072634,0.69132326425503,0.878940376350625
838,"Banteng","BTG",2,"dist_str + ndvi_cv + elev + BB + DE",-0.0992087572769515,0.683301863815723,0.905553701838801
839,"Banteng","BTG",2,"dist_str + ndvi_cv + elev + BB + DE",-0.115349567090919,0.688344198392528,0.891054607087757
840,"Banteng","BTG",2,"dist_str + ndvi_cv + elev + BB + DE",-0.144135287810137,0.687350619231031,0.865770612239627
841,"Banteng","BTG",2,"dist_str + ndvi_cv + elev + BB + DE",-0.164866420410394,0.688212423237674,0.848006973047684
842,"Banteng","BTG",2,"dist_str + ndvi_cv + elev + BB + DE",-0.167927033158202,0.693976881588276,0.845415521275712
843,"Banteng","BTG",2,"dist_str + ndvi_cv + elev + BB + DE",-0.185189641971916,0.695782159228151,0.830946703337291
844,"Banteng","BTG",2,"dist_str + ndvi_cv + elev + BB + DE",-0.180373930691186,0.697263844180538,0.834957937497464
845,"Banteng","BTG",2,"dist_str + ndvi_cv + elev + BB + DE",-0.184903617605278,0.695882530701622,0.831184407745317
846,"Banteng","BTG",2,"dist_str + ndvi_cv + elev + BB + DE",-0.163774036103657,0.711655865818461,0.848933830279266
847,"Banteng","BTG",2,"dist_str + ndvi_cv + elev + BB + DE",-0.166469925371135,0.718850911027627,0.84664828183431
848,"Banteng","BTG",2,"dist_str + ndvi_cv + elev + BB + DE",-0.150012073396064,0.736800697272086,0.860697589187467
849,"Banteng","BTG",2,"dist_str + ndvi_cv + elev + BB + DE",-0.121103221634209,0.754076346788034,0.885942506638333
850,"Banteng","BTG",2,"dist_str + ndvi_cv + elev + BB + DE",-0.118176308147989,0.780572380556045,0.888539508422914
851,"Banteng","BTG",2,"dist_str + ndvi_cv + elev + BB + DE",-0.0842994567196283,0.774554153028012,0.919155967452097
852,"Banteng","BTG",2,"dist_str + ndvi_cv + elev + BB + DE",-0.0702648744912335,0.782911580898366,0.932146892007488
853,"Banteng","BTG",2,"dist_str + ndvi_cv + elev + BB + DE",-0.038177780271245,0.793679916488543,0.962541804975643
854,"Banteng","BTG",2,"dist_str + ndvi_cv + elev + BB + DE",-0.0443864906055331,0.823204522044509,0.956584177714765
855,"Banteng","BTG",2,"dist_str + ndvi_cv + elev + BB + DE",-0.0193203777758416,0.832244425830026,0.980865067177193
856,"Banteng","BTG",2,"dist_str + ndvi_cv + elev + BB + DE",0.00348548845389237,0.834550252434094,1.00349157063962
857,"Banteng","BTG",2,"dist_str + ndvi_cv + elev + BB + DE",0.0142121693604333,0.844904536826275,1.01431364359201
858,"Banteng","BTG",2,"dist_str + ndvi_cv + elev + BB + DE",0.0460663382915873,0.861456706007193,1.04714438881696
859,"Banteng","BTG",2,"dist_str + ndvi_cv + elev + BB + DE",0.0568853394926661,0.858801630137729,1.05853453913737
860,"Banteng","BTG",2,"dist_str + ndvi_cv + elev + BB + DE",0.0764747861591951,0.892478939526333,1.07947497915492
861,"Banteng","BTG",2,"dist_str + ndvi_cv + elev + BB + DE",0.0821107702261781,0.915603498491744,1.08557608148128
862,"Banteng","BTG",2,"dist_str + ndvi_cv + elev + BB + DE",0.0992509518222541,0.949064733979578,1.1043434059312
863,"Banteng","BTG",2,"dist_str + ndvi_cv + elev + BB + DE",0.140312080535917,0.964560340009672,1.15063296863657
864,"Banteng","BTG",2,"dist_str + ndvi_cv + elev + BB + DE",0.111664804780574,1.00852638575097,1.11813801047404
865,"Banteng","BTG",2,"dist_str + ndvi_cv + elev + BB + DE",-0.419826493538965,0.964927006018218,0.657160865469703
866,"Banteng","BTG",2,"dist_str + ndvi_cv + elev + BB + DE",-0.432420367705112,0.883272780996811,0.648936529199688
867,"Banteng","BTG",2,"dist_str + ndvi_cv + elev + BB + DE",-0.416593490310589,0.846941977055587,0.659288875317838
868,"Banteng","BTG",2,"dist_str + ndvi_cv + elev + BB + DE",-0.409729924393708,0.820713704905657,0.663829519399583
869,"Banteng","BTG",2,"dist_str + ndvi_cv + elev + BB + DE",-0.395225179239781,0.802068110131751,0.673528453015581
870,"Banteng","BTG",2,"dist_str + ndvi_cv + elev + BB + DE",-0.396210205731239,0.797856860224494,0.67286525397231
871,"Banteng","BTG",2,"dist_str + ndvi_cv + elev + BB + DE",-0.382057305369999,0.783939190419713,0.682455949404486
872,"Banteng","BTG",2,"dist_str + ndvi_cv + elev + BB + DE",-0.365957423427079,0.774030127481439,0.69353233789843
873,"Banteng","BTG",2,"dist_str + ndvi_cv + elev + BB + DE",-0.357309179248783,0.749799919369802,0.699556195907577
874,"Banteng","BTG",2,"dist_str + ndvi_cv + elev + BB + DE",-0.349355355876084,0.735982338230729,0.70514250920972
875,"Banteng","BTG",2,"dist_str + ndvi_cv + elev + BB + DE",-0.308870507973329,0.738961336699063,0.734275870891279
876,"Banteng","BTG",2,"dist_str + ndvi_cv + elev + BB + DE",-0.282649904304359,0.731005503000629,0.753783642370364
877,"Banteng","BTG",2,"dist_str + ndvi_cv + elev + BB + DE",-0.22127072732847,0.72530628578352,0.801499700484786
878,"Banteng","BTG",2,"dist_str + ndvi_cv + elev + BB + DE",-0.147600257337705,0.701170794857515,0.862775956909311
879,"Banteng","BTG",2,"dist_str + ndvi_cv + elev + BB + DE",-0.0414548574164187,0.689422334110229,0.959392669826969
880,"Banteng","BTG",2,"dist_str + ndvi_cv + elev + BB + DE",0.0361411154695635,0.673819450611631,1.03680214634691
881,"Banteng","BTG",2,"dist_str + ndvi_cv + elev + BB + DE",0.0562740474019603,0.668882071960653,1.05788757082452
882,"Banteng","BTG",2,"dist_str + ndvi_cv + elev + BB + DE",-0.00722618454571232,0.681224439169845,0.992799876211461
883,"Banteng","BTG",2,"dist_str + ndvi_cv + elev + BB + DE",-0.0736407180287032,0.689681987744281,0.929005437597637
884,"Banteng","BTG",2,"dist_str + ndvi_cv + elev + BB + DE",-0.113702089643361,0.691383424618593,0.892523808484285
885,"Banteng","BTG",2,"dist_str + ndvi_cv + elev + BB + DE",-0.130834180012316,0.698021978654321,0.877363254793767
886,"Banteng","BTG",2,"dist_str + ndvi_cv + elev + BB + DE",-0.151780233951722,0.674654247655585,0.859177089637881
887,"Banteng","BTG",2,"dist_str + ndvi_cv + elev + BB + DE",-0.163601543716645,0.675175336482071,0.849080278031946
888,"Banteng","BTG",2,"dist_str + ndvi_cv + elev + BB + DE",-0.177333325809157,0.687949623297472,0.837500610417942
889,"Banteng","BTG",2,"dist_str + ndvi_cv + elev + BB + DE",-0.168285415317096,0.69665826252745,0.84511259329931
890,"Banteng","BTG",2,"dist_str + ndvi_cv + elev + BB + DE",-0.158891634652061,0.718436077340094,0.853088819076636
891,"Banteng","BTG",2,"dist_str + ndvi_cv + elev + BB + DE",-0.127537056252308,0.733969021305289,0.88026092238139
892,"Banteng","BTG",2,"dist_str + ndvi_cv + elev + BB + DE",-0.0967307645753294,0.746552900482465,0.90780038562428
893,"Banteng","BTG",2,"dist_str + ndvi_cv + elev + BB + DE",-0.104001004854108,0.759031648542454,0.901224443687701
894,"Banteng","BTG",2,"dist_str + ndvi_cv + elev + BB + DE",-0.0867177234938466,0.770565461487973,0.916935895881653
895,"Banteng","BTG",2,"dist_str + ndvi_cv + elev + BB + DE",-0.0674771714867426,0.782902776540432,0.934749073024606
896,"Banteng","BTG",2,"dist_str + ndvi_cv + elev + BB + DE",-0.0383539323554206,0.789733328034179,0.962372266570964
897,"Banteng","BTG",2,"dist_str + ndvi_cv + elev + BB + DE",-0.00315157239401325,0.815220813756575,0.996853407995255
898,"Banteng","BTG",2,"dist_str + ndvi_cv + elev + BB + DE",-0.00804426987065227,0.820530457017586,0.991988047081409
899,"Banteng","BTG",2,"dist_str + ndvi_cv + elev + BB + DE",0.028872963457671,0.824218431478675,1.02929383451738
900,"Banteng","BTG",2,"dist_str + ndvi_cv + elev + BB + DE",0.0450118414446123,0.825568120684755,1.04604026414898
901,"Banteng","BTG",2,"dist_str + ndvi_cv + elev + BB + DE",0.0527478179968189,0.840095996510542,1.05416377182298
902,"Banteng","BTG",2,"dist_str + ndvi_cv + elev + BB + DE",0.0568521231367535,0.862836404578181,1.05849927379499
903,"Banteng","BTG",2,"dist_str + ndvi_cv + elev + BB + DE",0.0898039057478241,0.873946635541489,1.09395975949679
904,"Banteng","BTG",2,"dist_str + ndvi_cv + elev + BB + DE",0.106080754733035,0.899484030991273,1.11191167227397
905,"Banteng","BTG",2,"dist_str + ndvi_cv + elev + BB + DE",0.108527432038755,0.912814640768032,1.11463560466446
906,"Banteng","BTG",2,"dist_str + ndvi_cv + elev + BB + DE",0.135122613049046,0.940603988243327,1.14467724063128
907,"Banteng","BTG",2,"dist_str + ndvi_cv + elev + BB + DE",0.140056891622118,0.985699999865975,1.15033924511527
908,"Banteng","BTG",2,"dist_str + ndvi_cv + elev + BB + DE",0.129768071386686,1.10157393921956,1.13856428782304
909,"Banteng","BTG",2,"dist_str + ndvi_cv + elev + BB + DE",-0.445949265315398,1.01891885294334,0.640216417714917
910,"Banteng","BTG",2,"dist_str + ndvi_cv + elev + BB + DE",-0.398257616062324,0.88663478824237,0.671489019204758
911,"Banteng","BTG",2,"dist_str + ndvi_cv + elev + BB + DE",-0.403339976746175,0.855006392347556,0.668084936965422
912,"Banteng","BTG",2,"dist_str + ndvi_cv + elev + BB + DE",-0.392009689035799,0.820516114118393,0.675697567077251
913,"Banteng","BTG",2,"dist_str + ndvi_cv + elev + BB + DE",-0.369608625090141,0.80003537585768,0.691004721061075
914,"Banteng","BTG",2,"dist_str + ndvi_cv + elev + BB + DE",-0.371045626064752,0.79406693291704,0.690012458339623
915,"Banteng","BTG",2,"dist_str + ndvi_cv + elev + BB + DE",-0.365926102834299,0.783543807030853,0.693554051192367
916,"Banteng","BTG",2,"dist_str + ndvi_cv + elev + BB + DE",-0.328170170793183,0.767049815496266,0.720240499515169
917,"Banteng","BTG",2,"dist_str + ndvi_cv + elev + BB + DE",-0.329073751303516,0.759099727766514,0.719589954708688
918,"Banteng","BTG",2,"dist_str + ndvi_cv + elev + BB + DE",-0.309330912889835,0.736429431439258,0.73393790476239
919,"Banteng","BTG",2,"dist_str + ndvi_cv + elev + BB + DE",-0.282304142675919,0.730181852855485,0.754044321082671
920,"Banteng","BTG",2,"dist_str + ndvi_cv + elev + BB + DE",-0.246786942604955,0.729586310893863,0.781307467849923
921,"Banteng","BTG",2,"dist_str + ndvi_cv + elev + BB + DE",-0.175445425610819,0.724147208692786,0.839083289530201
922,"Banteng","BTG",2,"dist_str + ndvi_cv + elev + BB + DE",-0.1064775963043,0.702414519807909,0.898995530931443
923,"Banteng","BTG",2,"dist_str + ndvi_cv + elev + BB + DE",0.042902352990766,0.678871012858034,1.04383596520778
924,"Banteng","BTG",2,"dist_str + ndvi_cv + elev + BB + DE",0.338822186899982,0.629976140420346,1.4032938083075
925,"Banteng","BTG",2,"dist_str + ndvi_cv + elev + BB + DE",0.321802976253446,0.639588239947791,1.37961293831403
926,"Banteng","BTG",2,"dist_str + ndvi_cv + elev + BB + DE",0.0553323257250395,0.667647602007176,1.05689178883117
927,"Banteng","BTG",2,"dist_str + ndvi_cv + elev + BB + DE",-0.0318975994046853,0.675987423149661,0.968605764608677
928,"Banteng","BTG",2,"dist_str + ndvi_cv + elev + BB + DE",-0.0952942934392214,0.688414600042778,0.909105352727318
929,"Banteng","BTG",2,"dist_str + ndvi_cv + elev + BB + DE",-0.124036866952651,0.688981577427945,0.883347302737621
930,"Banteng","BTG",2,"dist_str + ndvi_cv + elev + BB + DE",-0.140364399987454,0.687455206860111,0.86904150085198
931,"Banteng","BTG",2,"dist_str + ndvi_cv + elev + BB + DE",-0.158415917860727,0.65501002056626,0.853494730894896
932,"Banteng","BTG",2,"dist_str + ndvi_cv + elev + BB + DE",-0.181775236495722,0.575721758143665,0.833788815992927
933,"Banteng","BTG",2,"dist_str + ndvi_cv + elev + BB + DE",-0.146305859223105,0.690060451411316,0.863893449413971
934,"Banteng","BTG",2,"dist_str + ndvi_cv + elev + BB + DE",-0.122348212581155,0.713147992998916,0.8848402049579
935,"Banteng","BTG",2,"dist_str + ndvi_cv + elev + BB + DE",-0.118854332385436,0.742328667203993,0.887937142462356
936,"Banteng","BTG",2,"dist_str + ndvi_cv + elev + BB + DE",-0.0967553684529204,0.756614574197701,0.90777807610103
937,"Banteng","BTG",2,"dist_str + ndvi_cv + elev + BB + DE",-0.110198634495717,0.764372893228437,0.895656210124032
938,"Banteng","BTG",2,"dist_str + ndvi_cv + elev + BB + DE",-0.0870245611437226,0.772844103617021,0.916654581666643
939,"Banteng","BTG",2,"dist_str + ndvi_cv + elev + BB + DE",-0.0484905812732506,0.776986955528713,0.952666345563076
940,"Banteng","BTG",2,"dist_str + ndvi_cv + elev + BB + DE",-0.0261408984247343,0.791354604016714,0.974197821197045
941,"Banteng","BTG",2,"dist_str + ndvi_cv + elev + BB + DE",0.00545614715329733,0.798402478817146,1.00547105918947
942,"Banteng","BTG",2,"dist_str + ndvi_cv + elev + BB + DE",0.000998591272224704,0.816781454285885,1.0009991638154
943,"Banteng","BTG",2,"dist_str + ndvi_cv + elev + BB + DE",0.0342853698837085,0.811037313720592,1.03487995528479
944,"Banteng","BTG",2,"dist_str + ndvi_cv + elev + BB + DE",0.0593351578262474,0.836252183760124,1.06113082874576
945,"Banteng","BTG",2,"dist_str + ndvi_cv + elev + BB + DE",0.0569045599620276,0.83699877771922,1.05855477716885
946,"Banteng","BTG",2,"dist_str + ndvi_cv + elev + BB + DE",0.095462119805432,0.857221448821796,1.10016714752248
947,"Banteng","BTG",2,"dist_str + ndvi_cv + elev + BB + DE",0.1100008938069,0.862346992114102,1.11627907119924
948,"Banteng","BTG",2,"dist_str + ndvi_cv + elev + BB + DE",0.112872168858247,0.881261622486858,1.11948891957851
949,"Banteng","BTG",2,"dist_str + ndvi_cv + elev + BB + DE",0.136623744613836,0.901509421769584,1.14639672982871
950,"Banteng","BTG",2,"dist_str + ndvi_cv + elev + BB + DE",0.144575559125982,0.917485884722846,1.15554900518414
951,"Banteng","BTG",2,"dist_str + ndvi_cv + elev + BB + DE",0.140948339453275,0.949914179774014,1.15136516697613
952,"Banteng","BTG",2,"dist_str + ndvi_cv + elev + BB + DE",0.165853684967877,1.0014670434232,1.18040042970619
953,"Banteng","BTG",2,"dist_str + ndvi_cv + elev + BB + DE",0.232205757884754,1.265235324653,1.26137924155543
954,"Banteng","BTG",2,"dist_str + ndvi_cv + elev + BB + DE",0.225102151764256,1.29857579446788,1.25245066391197
955,"Banteng","BTG",2,"dist_str + ndvi_cv + elev + BB + DE",-0.402535211250645,1.07400619436144,0.668622797552671
956,"Banteng","BTG",2,"dist_str + ndvi_cv + elev + BB + DE",-0.373551382849919,0.918369197072607,0.68828633340321
957,"Banteng","BTG",2,"dist_str + ndvi_cv + elev + BB + DE",-0.363018560533716,0.85247586758045,0.695573523490447
958,"Banteng","BTG",2,"dist_str + ndvi_cv + elev + BB + DE",-0.370062112835479,0.831377921866814,0.690691429269907
959,"Banteng","BTG",2,"dist_str + ndvi_cv + elev + BB + DE",-0.374226029649564,0.807979733899535,0.687821437512011
960,"Banteng","BTG",2,"dist_str + ndvi_cv + elev + BB + DE",-0.356178604511787,0.783284376816163,0.700347524166422
961,"Banteng","BTG",2,"dist_str + ndvi_cv + elev + BB + DE",-0.332062222684599,0.779196607515125,0.717442689927531
962,"Banteng","BTG",2,"dist_str + ndvi_cv + elev + BB + DE",-0.322496892343481,0.758807347209309,0.724338182866612
963,"Banteng","BTG",2,"dist_str + ndvi_cv + elev + BB + DE",-0.332504318989148,0.759107813510078,0.717125677014438
964,"Banteng","BTG",2,"dist_str + ndvi_cv + elev + BB + DE",-0.280928796935509,0.731112387049687,0.755082215969416
965,"Banteng","BTG",2,"dist_str + ndvi_cv + elev + BB + DE",-0.265228261991133,0.737821302513513,0.7670308462688
966,"Banteng","BTG",2,"dist_str + ndvi_cv + elev + BB + DE",-0.226982010028214,0.720257228452467,0.796935119583299
967,"Banteng","BTG",2,"dist_str + ndvi_cv + elev + BB + DE",-0.174330712966488,0.709162897028825,0.840019046754335
968,"Banteng","BTG",2,"dist_str + ndvi_cv + elev + BB + DE",-0.101746957418912,0.700473243629379,0.903258128129778
969,"Banteng","BTG",2,"dist_str + ndvi_cv + elev + BB + DE",0.0292065651778209,0.684220157999219,1.02963730218794
970,"Banteng","BTG",2,"dist_str + ndvi_cv + elev + BB + DE",0.204735395213608,0.659552556333148,1.2272003602676
971,"Banteng","BTG",2,"dist_str + ndvi_cv + elev + BB + DE",0.282812215863244,0.648489422334564,1.32685613141566
972,"Banteng","BTG",2,"dist_str + ndvi_cv + elev + BB + DE",0.078089261999605,0.668733361193599,1.08121916751431
973,"Banteng","BTG",2,"dist_str + ndvi_cv + elev + BB + DE",-0.0218157686690582,0.684004545674528,0.978420474632594
974,"Banteng","BTG",2,"dist_str + ndvi_cv + elev + BB + DE",-0.081888449916371,0.692427394692931,0.921374739911208
975,"Banteng","BTG",2,"dist_str + ndvi_cv + elev + BB + DE",-0.121732897663632,0.695079982950834,0.885384828200644
976,"Banteng","BTG",2,"dist_str + ndvi_cv + elev + BB + DE",-0.132373826855745,0.690275134540361,0.876013461271312
977,"Banteng","BTG",2,"dist_str + ndvi_cv + elev + BB + DE",-0.151854004944358,0.677946956509368,0.859113703977389
978,"Banteng","BTG",2,"dist_str + ndvi_cv + elev + BB + DE",-0.150614375569369,0.673835753567649,0.860179375331294
979,"Banteng","BTG",2,"dist_str + ndvi_cv + elev + BB + DE",-0.127610700395071,0.690874208653382,0.880195977741003
980,"Banteng","BTG",2,"dist_str + ndvi_cv + elev + BB + DE",-0.145472853083683,0.723255251838062,0.86461336189757
981,"Banteng","BTG",2,"dist_str + ndvi_cv + elev + BB + DE",-0.131650539758834,0.730464981165622,0.876647298737286
982,"Banteng","BTG",2,"dist_str + ndvi_cv + elev + BB + DE",-0.103066566316111,0.75001533440943,0.902066925062785
983,"Banteng","BTG",2,"dist_str + ndvi_cv + elev + BB + DE",-0.0919950524307437,0.771519291033129,0.912109662266585
984,"Banteng","BTG",2,"dist_str + ndvi_cv + elev + BB + DE",-0.0662923118159562,0.772296715071289,0.935857286118512
985,"Banteng","BTG",2,"dist_str + ndvi_cv + elev + BB + DE",-0.0272097720714103,0.776984753302777,0.973157082642977
986,"Banteng","BTG",2,"dist_str + ndvi_cv + elev + BB + DE",-0.020922971616099,0.785359639908507,0.979294404502693
987,"Banteng","BTG",2,"dist_str + ndvi_cv + elev + BB + DE",0.0172811928642365,0.805130413704394,1.01743139324069
988,"Banteng","BTG",2,"dist_str + ndvi_cv + elev + BB + DE",0.013845297837175,0.806192261504421,1.01394160881421
989,"Banteng","BTG",2,"dist_str + ndvi_cv + elev + BB + DE",0.0458656786568842,0.812773138966795,1.04693377796157
990,"Banteng","BTG",2,"dist_str + ndvi_cv + elev + BB + DE",0.0417121668805959,0.827965713646201,1.04259434420089
991,"Banteng","BTG",2,"dist_str + ndvi_cv + elev + BB + DE",0.0698573863907457,0.833020280288018,1.07235525096759
992,"Banteng","BTG",2,"dist_str + ndvi_cv + elev + BB + DE",0.0979416769968026,0.856343016386902,1.10289847099465
993,"Banteng","BTG",2,"dist_str + ndvi_cv + elev + BB + DE",0.117088243490775,0.868586379932043,1.12421863196286
994,"Banteng","BTG",2,"dist_str + ndvi_cv + elev + BB + DE",0.130767617436334,0.879496949988681,1.1397029303218
995,"Banteng","BTG",2,"dist_str + ndvi_cv + elev + BB + DE",0.13461871962654,0.887190102963253,1.14410048118272
996,"Banteng","BTG",2,"dist_str + ndvi_cv + elev + BB + DE",0.151712791397322,0.897040351503099,1.16382608514993
997,"Banteng","BTG",2,"dist_str + ndvi_cv + elev + BB + DE",0.175196775953307,0.925973297786252,1.19148065322428
998,"Banteng","BTG",2,"dist_str + ndvi_cv + elev + BB + DE",0.165433194313608,0.962070548802383,1.17990413675575
999,"Banteng","BTG",2,"dist_str + ndvi_cv + elev + BB + DE",0.18097742280826,1.02031681450744,1.19838842844394
1000,"Banteng","BTG",2,"dist_str + ndvi_cv + elev + BB + DE",0.182843528779268,1.10149924814385,1.20062653170852
1001,"Banteng","BTG",2,"dist_str + ndvi_cv + elev + BB + DE",0.229844873302782,1.14998332091203,1.25840478332321
1002,"Banteng","BTG",2,"dist_str + ndvi_cv + elev + BB + DE",0.22115349584213,1.1796098510602,1.24751501817157
1003,"Banteng","BTG",2,"dist_str + ndvi_cv + elev + BB + DE",0.187634190964458,1.29503819061327,1.20639233783852
1004,"Banteng","BTG",2,"dist_str + ndvi_cv + elev + BB + DE",-0.356368726227833,0.984460540807812,0.700214386185068
1005,"Banteng","BTG",2,"dist_str + ndvi_cv + elev + BB + DE",-0.353573147647949,0.885355715726803,0.702174644026166
1006,"Banteng","BTG",2,"dist_str + ndvi_cv + elev + BB + DE",-0.365886917425957,0.825789487178383,0.693581235033159
1007,"Banteng","BTG",2,"dist_str + ndvi_cv + elev + BB + DE",-0.339272263559373,0.810865368172248,0.712288542058127
1008,"Banteng","BTG",2,"dist_str + ndvi_cv + elev + BB + DE",-0.330893710859536,0.797774921762117,0.718281510612055
1009,"Banteng","BTG",2,"dist_str + ndvi_cv + elev + BB + DE",-0.325064128281547,0.774269869317151,0.722481021192139
1010,"Banteng","BTG",2,"dist_str + ndvi_cv + elev + BB + DE",-0.311206314551774,0.757809653684035,0.732562721957857
1011,"Banteng","BTG",2,"dist_str + ndvi_cv + elev + BB + DE",-0.297865189492886,0.748089458941303,0.742401436904772
1012,"Banteng","BTG",2,"dist_str + ndvi_cv + elev + BB + DE",-0.290419411631767,0.740614318099938,0.747949858619334
1013,"Banteng","BTG",2,"dist_str + ndvi_cv + elev + BB + DE",-0.249601412178928,0.724520704087405,0.779111296950904
1014,"Banteng","BTG",2,"dist_str + ndvi_cv + elev + BB + DE",-0.235334902054569,0.723064496385477,0.790306136731668
1015,"Banteng","BTG",2,"dist_str + ndvi_cv + elev + BB + DE",-0.181640747212331,0.714151917053988,0.833900869181649
1016,"Banteng","BTG",2,"dist_str + ndvi_cv + elev + BB + DE",-0.113437870253132,0.701158379079881,0.892759665614239
1017,"Banteng","BTG",2,"dist_str + ndvi_cv + elev + BB + DE",-0.0155600330368669,0.694271319371915,0.984560409436855
1018,"Banteng","BTG",2,"dist_str + ndvi_cv + elev + BB + DE",0.0354738238955455,0.687548856075494,1.0361105675105
1019,"Banteng","BTG",2,"dist_str + ndvi_cv + elev + BB + DE",0.0395091028033541,0.667723971227252,1.04029998275806
1020,"Banteng","BTG",2,"dist_str + ndvi_cv + elev + BB + DE",0.0176317169211878,0.673024257154707,1.01778810066826
1021,"Banteng","BTG",2,"dist_str + ndvi_cv + elev + BB + DE",-0.0559292853722545,0.696006385914958,0.945606123383276
1022,"Banteng","BTG",2,"dist_str + ndvi_cv + elev + BB + DE",-0.113790846044229,0.701615764629082,0.892444610626459
1023,"Banteng","BTG",2,"dist_str + ndvi_cv + elev + BB + DE",-0.143953444805968,0.703962913191148,0.865928061604613
1024,"Banteng","BTG",2,"dist_str + ndvi_cv + elev + BB + DE",-0.14478007732076,0.702123781110055,0.865212566198521
1025,"Banteng","BTG",2,"dist_str + ndvi_cv + elev + BB + DE",-0.162680781625115,0.693710988112802,0.84986243893795
1026,"Banteng","BTG",2,"dist_str + ndvi_cv + elev + BB + DE",-0.143553376365855,0.692333343875942,0.866274568291905
1027,"Banteng","BTG",2,"dist_str + ndvi_cv + elev + BB + DE",-0.123530557910316,0.708748056641554,0.883794646088572
1028,"Banteng","BTG",2,"dist_str + ndvi_cv + elev + BB + DE",-0.133958574824878,0.723076620373007,0.874626295773944
1029,"Banteng","BTG",2,"dist_str + ndvi_cv + elev + BB + DE",-0.132044127880814,0.745320928508415,0.876302325112962
1030,"Banteng","BTG",2,"dist_str + ndvi_cv + elev + BB + DE",-0.0930280711781401,0.750312741473286,0.911167929911539
1031,"Banteng","BTG",2,"dist_str + ndvi_cv + elev + BB + DE",-0.098771611410672,0.766537584194573,0.905949595716085
1032,"Banteng","BTG",2,"dist_str + ndvi_cv + elev + BB + DE",-0.0604183657445557,0.773387873746288,0.941370613980243
1033,"Banteng","BTG",2,"dist_str + ndvi_cv + elev + BB + DE",-0.042546352542308,0.770172576451535,0.95834605070949
1034,"Banteng","BTG",2,"dist_str + ndvi_cv + elev + BB + DE",-0.0126142668760404,0.772063904407004,0.987464960080735
1035,"Banteng","BTG",2,"dist_str + ndvi_cv + elev + BB + DE",0.0167641878825713,0.784382906169644,1.01690549788095
1036,"Banteng","BTG",2,"dist_str + ndvi_cv + elev + BB + DE",0.0216896896008455,0.801230543503038,1.02192662104655
1037,"Banteng","BTG",2,"dist_str + ndvi_cv + elev + BB + DE",0.0574744105461087,0.816528052388333,1.05915818787576
1038,"Banteng","BTG",2,"dist_str + ndvi_cv + elev + BB + DE",0.0628811828838629,0.80423676483344,1.0649005059383
1039,"Banteng","BTG",2,"dist_str + ndvi_cv + elev + BB + DE",0.0743883557228798,0.833667121142448,1.07722529812379
1040,"Banteng","BTG",2,"dist_str + ndvi_cv + elev + BB + DE",0.0952037869623351,0.84274488100341,1.09988297423535
1041,"Banteng","BTG",2,"dist_str + ndvi_cv + elev + BB + DE",0.124799388704322,0.870118108424465,1.1329211976585
1042,"Banteng","BTG",2,"dist_str + ndvi_cv + elev + BB + DE",0.138611605750178,0.860616288533855,1.14867787529684
1043,"Banteng","BTG",2,"dist_str + ndvi_cv + elev + BB + DE",0.145920822483432,0.88051181602184,1.15710458389618
1044,"Banteng","BTG",2,"dist_str + ndvi_cv + elev + BB + DE",0.160504022164522,0.88504962492639,1.17410249638655
1045,"Banteng","BTG",2,"dist_str + ndvi_cv + elev + BB + DE",0.187764289783862,0.920360325291202,1.2065490937948
1046,"Banteng","BTG",2,"dist_str + ndvi_cv + elev + BB + DE",0.198524544756881,0.945349565263751,1.21960196271649
1047,"Banteng","BTG",2,"dist_str + ndvi_cv + elev + BB + DE",0.208903776152351,0.978883064305321,1.23232641889693
1048,"Banteng","BTG",2,"dist_str + ndvi_cv + elev + BB + DE",0.218428572826896,1.02262619804738,1.24412015115958
1049,"Banteng","BTG",2,"dist_str + ndvi_cv + elev + BB + DE",0.207860864600838,1.07892916880539,1.23104210583011
1050,"Banteng","BTG",2,"dist_str + ndvi_cv + elev + BB + DE",0.214685581739729,1.13948641957103,1.23947214779342
1051,"Banteng","BTG",2,"dist_str + ndvi_cv + elev + BB + DE",0.229768578403653,1.24539614997402,1.25830877714295
1052,"Banteng","BTG",2,"dist_str + ndvi_cv + elev + BB + DE",-0.360548057041808,0.89358247750467,0.697294067195699
1053,"Banteng","BTG",2,"dist_str + ndvi_cv + elev + BB + DE",-0.327718325389356,0.832910295994223,0.720565957537834
1054,"Banteng","BTG",2,"dist_str + ndvi_cv + elev + BB + DE",-0.317722914097033,0.819969595693301,0.72780442500854
1055,"Banteng","BTG",2,"dist_str + ndvi_cv + elev + BB + DE",-0.2981432773417,0.788692488938997,0.742194996262648
1056,"Banteng","BTG",2,"dist_str + ndvi_cv + elev + BB + DE",-0.33076565250479,0.774867484819111,0.718373525861462
1057,"Banteng","BTG",2,"dist_str + ndvi_cv + elev + BB + DE",-0.314295406327415,0.75790583727558,0.730303261076581
1058,"Banteng","BTG",2,"dist_str + ndvi_cv + elev + BB + DE",-0.29487302137709,0.749804748592805,0.744626133779632
1059,"Banteng","BTG",2,"dist_str + ndvi_cv + elev + BB + DE",-0.278903149030907,0.744865481651005,0.756613212018521
1060,"Banteng","BTG",2,"dist_str + ndvi_cv + elev + BB + DE",-0.258643271128036,0.729915032858905,0.772098473710462
1061,"Banteng","BTG",2,"dist_str + ndvi_cv + elev + BB + DE",-0.246621609719556,0.710241002706801,0.781436337103892
1062,"Banteng","BTG",2,"dist_str + ndvi_cv + elev + BB + DE",-0.191425774981034,0.704571708125707,0.825781032185272
1063,"Banteng","BTG",2,"dist_str + ndvi_cv + elev + BB + DE",-0.15693805850274,0.705697188166081,0.854757061838223
1064,"Banteng","BTG",2,"dist_str + ndvi_cv + elev + BB + DE",-0.116120259342147,0.707434724230945,0.890368145282448
1065,"Banteng","BTG",2,"dist_str + ndvi_cv + elev + BB + DE",-0.0595634830908482,0.697126995305148,0.942175752678917
1066,"Banteng","BTG",2,"dist_str + ndvi_cv + elev + BB + DE",-0.081875715017059,0.695856810303361,0.921386474938919
1067,"Banteng","BTG",2,"dist_str + ndvi_cv + elev + BB + DE",-0.0764549011842626,0.69212480857625,0.926394692725379
1068,"Banteng","BTG",2,"dist_str + ndvi_cv + elev + BB + DE",-0.105960504450566,0.6907359976921,0.899460174117787
1069,"Banteng","BTG",2,"dist_str + ndvi_cv + elev + BB + DE",-0.128220259043709,0.693163485699469,0.879659604829808
1070,"Banteng","BTG",2,"dist_str + ndvi_cv + elev + BB + DE",-0.147089888504884,0.692541927115677,0.86321639494464
1071,"Banteng","BTG",2,"dist_str + ndvi_cv + elev + BB + DE",-0.160166664285689,0.704380561128302,0.852001781273832
1072,"Banteng","BTG",2,"dist_str + ndvi_cv + elev + BB + DE",-0.161991534963627,0.701537927451233,0.850448408084264
1073,"Banteng","BTG",2,"dist_str + ndvi_cv + elev + BB + DE",-0.145944824146324,0.712535525397431,0.864205390160624
1074,"Banteng","BTG",2,"dist_str + ndvi_cv + elev + BB + DE",-0.143093820268458,0.712285589594822,0.866672766582334
1075,"Banteng","BTG",2,"dist_str + ndvi_cv + elev + BB + DE",-0.136931721716696,0.739546200616332,0.872029773699458
1076,"Banteng","BTG",2,"dist_str + ndvi_cv + elev + BB + DE",-0.109076489947101,0.750649822959281,0.896661832076795
1077,"Banteng","BTG",2,"dist_str + ndvi_cv + elev + BB + DE",-0.082298670294375,0.749650756638046,0.920996844338839
1078,"Banteng","BTG",2,"dist_str + ndvi_cv + elev + BB + DE",-0.0577005424335683,0.769845273639676,0.943932618684251
1079,"Banteng","BTG",2,"dist_str + ndvi_cv + elev + BB + DE",-0.0396480320248549,0.762360014289749,0.961127666017651
1080,"Banteng","BTG",2,"dist_str + ndvi_cv + elev + BB + DE",-0.0248018949985466,0.782746520101677,0.975503145608938
1081,"Banteng","BTG",2,"dist_str + ndvi_cv + elev + BB + DE",-0.00726498858269266,0.772966234136452,0.992761377244432
1082,"Banteng","BTG",2,"dist_str + ndvi_cv + elev + BB + DE",0.017318501553441,0.789102569260577,1.01746936533931
1083,"Banteng","BTG",2,"dist_str + ndvi_cv + elev + BB + DE",0.0288120729166672,0.801560934743644,1.02923118113074
1084,"Banteng","BTG",2,"dist_str + ndvi_cv + elev + BB + DE",0.0466745544326132,0.804296870351888,1.04778095799191
1085,"Banteng","BTG",2,"dist_str + ndvi_cv + elev + BB + DE",0.0743299346248942,0.824963558986984,1.07716214075064
1086,"Banteng","BTG",2,"dist_str + ndvi_cv + elev + BB + DE",0.0826135168354163,0.815064878805153,1.08612201555844
1087,"Banteng","BTG",2,"dist_str + ndvi_cv + elev + BB + DE",0.111021336473474,0.843024126320683,1.11741879173663
1088,"Banteng","BTG",2,"dist_str + ndvi_cv + elev + BB + DE",0.131415476923654,0.85415367915305,1.1404415506973
1089,"Banteng","BTG",2,"dist_str + ndvi_cv + elev + BB + DE",0.161797079492598,0.863276869186761,1.17562167412768
1090,"Banteng","BTG",2,"dist_str + ndvi_cv + elev + BB + DE",0.146592408199258,0.875690118594043,1.15788199620333
1091,"Banteng","BTG",2,"dist_str + ndvi_cv + elev + BB + DE",0.167545312449725,0.879699620529173,1.18239886808492
1092,"Banteng","BTG",2,"dist_str + ndvi_cv + elev + BB + DE",0.164649646449259,0.912246535924573,1.17897998717916
1093,"Banteng","BTG",2,"dist_str + ndvi_cv + elev + BB + DE",0.205730666299224,0.937600432679523,1.22842230651522
1094,"Banteng","BTG",2,"dist_str + ndvi_cv + elev + BB + DE",0.204213214710808,0.965747694825925,1.22655965565637
1095,"Banteng","BTG",2,"dist_str + ndvi_cv + elev + BB + DE",0.223668885363018,0.99949068760967,1.25065684221007
1096,"Banteng","BTG",2,"dist_str + ndvi_cv + elev + BB + DE",0.232147872250033,1.05682150440635,1.26130622920729
1097,"Banteng","BTG",2,"dist_str + ndvi_cv + elev + BB + DE",0.220830685693915,1.12549931782402,1.24711227958499
1098,"Banteng","BTG",2,"dist_str + ndvi_cv + elev + BB + DE",0.226357364907055,1.24756595301527,1.25402402128814
1099,"Banteng","BTG",2,"dist_str + ndvi_cv + elev + BB + DE",-0.309444216363312,0.924200188749426,0.733854710364779
1100,"Banteng","BTG",2,"dist_str + ndvi_cv + elev + BB + DE",-0.319948683438314,0.83877865742978,0.726186301533901
1101,"Banteng","BTG",2,"dist_str + ndvi_cv + elev + BB + DE",-0.319469547502731,0.815224019416932,0.726534327078705
1102,"Banteng","BTG",2,"dist_str + ndvi_cv + elev + BB + DE",-0.295584160090816,0.796442098895816,0.744096811830206
1103,"Banteng","BTG",2,"dist_str + ndvi_cv + elev + BB + DE",-0.306310132842586,0.768882507935861,0.736158279693475
1104,"Banteng","BTG",2,"dist_str + ndvi_cv + elev + BB + DE",-0.297751533443873,0.761732790077362,0.742485800502091
1105,"Banteng","BTG",2,"dist_str + ndvi_cv + elev + BB + DE",-0.28394000283056,0.754784998359759,0.752811834624247
1106,"Banteng","BTG",2,"dist_str + ndvi_cv + elev + BB + DE",-0.274264742760355,0.744117637839306,0.760130829575475
1107,"Banteng","BTG",2,"dist_str + ndvi_cv + elev + BB + DE",-0.260771926559749,0.730131334854534,0.770456621015105
1108,"Banteng","BTG",2,"dist_str + ndvi_cv + elev + BB + DE",-0.26460829226912,0.721865170453675,0.767506588354808
1109,"Banteng","BTG",2,"dist_str + ndvi_cv + elev + BB + DE",-0.221048905487223,0.706821542580197,0.801677486819488
1110,"Banteng","BTG",2,"dist_str + ndvi_cv + elev + BB + DE",-0.209226356806105,0.697901247077532,0.811211592757266
1111,"Banteng","BTG",2,"dist_str + ndvi_cv + elev + BB + DE",-0.184333096698464,0.71026772569077,0.831658741731647
1112,"Banteng","BTG",2,"dist_str + ndvi_cv + elev + BB + DE",-0.141110390223571,0.708785313375957,0.868393460080225
1113,"Banteng","BTG",2,"dist_str + ndvi_cv + elev + BB + DE",-0.125531530017241,0.714252996467467,0.882027959026073
1114,"Banteng","BTG",2,"dist_str + ndvi_cv + elev + BB + DE",-0.15635884957604,0.690798373194822,0.855252281615789
1115,"Banteng","BTG",2,"dist_str + ndvi_cv + elev + BB + DE",-0.15664749584773,0.701896167724187,0.855005424587769
1116,"Banteng","BTG",2,"dist_str + ndvi_cv + elev + BB + DE",-0.175216124985769,0.702722921171868,0.839275619508027
1117,"Banteng","BTG",2,"dist_str + ndvi_cv + elev + BB + DE",-0.186598165275113,0.707681055460085,0.829777106266081
1118,"Banteng","BTG",2,"dist_str + ndvi_cv + elev + BB + DE",-0.196641374903378,0.707192007433045,0.82148518810966
1119,"Banteng","BTG",2,"dist_str + ndvi_cv + elev + BB + DE",-0.182033909125157,0.710491893180973,0.833573074209008
1120,"Banteng","BTG",2,"dist_str + ndvi_cv + elev + BB + DE",-0.164475960431866,0.70534775382065,0.848338150984367
1121,"Banteng","BTG",2,"dist_str + ndvi_cv + elev + BB + DE",-0.155827619096717,0.725129561863096,0.855706689938071
1122,"Banteng","BTG",2,"dist_str + ndvi_cv + elev + BB + DE",-0.135119819662522,0.727893528820923,0.873611230515458
1123,"Banteng","BTG",2,"dist_str + ndvi_cv + elev + BB + DE",-0.0813523899742673,0.737415485682798,0.92186877926877
1124,"Banteng","BTG",2,"dist_str + ndvi_cv + elev + BB + DE",-0.0814785896370654,0.751916264368703,0.921752444698486
1125,"Banteng","BTG",2,"dist_str + ndvi_cv + elev + BB + DE",-0.065419878515341,0.757348958523614,0.93667409862079
1126,"Banteng","BTG",2,"dist_str + ndvi_cv + elev + BB + DE",-0.0396365826751453,0.767006571107772,0.961138670147124
1127,"Banteng","BTG",2,"dist_str + ndvi_cv + elev + BB + DE",-0.00610164208128278,0.775222427139849,0.993916935225602
1128,"Banteng","BTG",2,"dist_str + ndvi_cv + elev + BB + DE",0.00796525801288728,0.779683873973377,1.00799718747912
1129,"Banteng","BTG",2,"dist_str + ndvi_cv + elev + BB + DE",0.0457682671313354,0.78835904156109,1.04683180160809
1130,"Banteng","BTG",2,"dist_str + ndvi_cv + elev + BB + DE",0.0541371926825632,0.801712736357138,1.05562941928073
1131,"Banteng","BTG",2,"dist_str + ndvi_cv + elev + BB + DE",0.0617410732812358,0.808824387310841,1.06368693174211
1132,"Banteng","BTG",2,"dist_str + ndvi_cv + elev + BB + DE",0.0667462905656547,0.803909675660881,1.06902422226422
1133,"Banteng","BTG",2,"dist_str + ndvi_cv + elev + BB + DE",0.0974307460980658,0.824449819862349,1.10233518474159
1134,"Banteng","BTG",2,"dist_str + ndvi_cv + elev + BB + DE",0.110991875613006,0.817564888731074,1.11738585187074
1135,"Banteng","BTG",2,"dist_str + ndvi_cv + elev + BB + DE",0.134540256458493,0.844055805394206,1.14401071197437
1136,"Banteng","BTG",2,"dist_str + ndvi_cv + elev + BB + DE",0.130743384630396,0.85602656825807,1.13967528633409
1137,"Banteng","BTG",2,"dist_str + ndvi_cv + elev + BB + DE",0.155743441163394,0.866478634289236,1.16852637406209
1138,"Banteng","BTG",2,"dist_str + ndvi_cv + elev + BB + DE",0.188404515916268,0.895225879935235,1.20732180153198
1139,"Banteng","BTG",2,"dist_str + ndvi_cv + elev + BB + DE",0.185402008229099,0.903235935513178,1.20370264046846
1140,"Banteng","BTG",2,"dist_str + ndvi_cv + elev + BB + DE",0.194594223139233,0.924147895432243,1.21481795441584
1141,"Banteng","BTG",2,"dist_str + ndvi_cv + elev + BB + DE",0.223538849198868,0.961128907364053,1.25049422153333
1142,"Banteng","BTG",2,"dist_str + ndvi_cv + elev + BB + DE",0.214789503879071,0.986479746047721,1.23960106672628
1143,"Banteng","BTG",2,"dist_str + ndvi_cv + elev + BB + DE",0.225510914446883,1.04200226006758,1.25296270950583
1144,"Banteng","BTG",2,"dist_str + ndvi_cv + elev + BB + DE",0.229376359874098,1.15002370591045,1.2578153412945
1145,"Banteng","BTG",2,"dist_str + ndvi_cv + elev + BB + DE",0.199173777223498,1.36656822180282,1.22039414214994
1146,"Banteng","BTG",2,"dist_str + ndvi_cv + elev + BB + DE",-0.313318178965267,1.14299175496862,0.731017281241109
1147,"Banteng","BTG",2,"dist_str + ndvi_cv + elev + BB + DE",-0.299237499430085,0.936044372064105,0.741383313213677
1148,"Banteng","BTG",2,"dist_str + ndvi_cv + elev + BB + DE",-0.301943074531401,0.846248994846267,0.739380154698621
1149,"Banteng","BTG",2,"dist_str + ndvi_cv + elev + BB + DE",-0.289854665092596,0.828829723386444,0.748372328378864
1150,"Banteng","BTG",2,"dist_str + ndvi_cv + elev + BB + DE",-0.298974550886035,0.795159783712652,0.741578311887729
1151,"Banteng","BTG",2,"dist_str + ndvi_cv + elev + BB + DE",-0.288182083330097,0.780785760132558,0.749625164961469
1152,"Banteng","BTG",2,"dist_str + ndvi_cv + elev + BB + DE",-0.27598142291852,0.7630626194445,0.758827033814722
1153,"Banteng","BTG",2,"dist_str + ndvi_cv + elev + BB + DE",-0.278971281056605,0.747230832612717,0.756561637114207
1154,"Banteng","BTG",2,"dist_str + ndvi_cv + elev + BB + DE",-0.284271122950793,0.738895813570459,0.752562643445945
1155,"Banteng","BTG",2,"dist_str + ndvi_cv + elev + BB + DE",-0.27686303686053,0.73420960313853,0.758158330308714
1156,"Banteng","BTG",2,"dist_str + ndvi_cv + elev + BB + DE",-0.26233791955487,0.720219448266174,0.769251034826293
1157,"Banteng","BTG",2,"dist_str + ndvi_cv + elev + BB + DE",-0.294778876690631,0.708575161729816,0.744696239102126
1158,"Banteng","BTG",2,"dist_str + ndvi_cv + elev + BB + DE",-0.268993150259585,0.704019893355275,0.764148489849493
1159,"Banteng","BTG",2,"dist_str + ndvi_cv + elev + BB + DE",-0.255788626376362,0.695790542677381,0.77430561948368
1160,"Banteng","BTG",2,"dist_str + ndvi_cv + elev + BB + DE",-0.222549296962814,0.697584137567028,0.800475544785099
1161,"Banteng","BTG",2,"dist_str + ndvi_cv + elev + BB + DE",-0.186182129038985,0.70091596093697,0.830122392264188
1162,"Banteng","BTG",2,"dist_str + ndvi_cv + elev + BB + DE",-0.196792725062873,0.689087217233388,0.821360869434998
1163,"Banteng","BTG",2,"dist_str + ndvi_cv + elev + BB + DE",-0.194296698662294,0.694798624751359,0.823413563375923
1164,"Banteng","BTG",2,"dist_str + ndvi_cv + elev + BB + DE",-0.255096997558038,0.692759874942998,0.774841336708595
1165,"Banteng","BTG",2,"dist_str + ndvi_cv + elev + BB + DE",-0.273468784802009,0.68553289401551,0.760736084423891
1166,"Banteng","BTG",2,"dist_str + ndvi_cv + elev + BB + DE",-0.217217495134539,0.708403232357939,0.804754946015853
1167,"Banteng","BTG",2,"dist_str + ndvi_cv + elev + BB + DE",-0.200235273457274,0.7031398695718,0.818538152026366
1168,"Banteng","BTG",2,"dist_str + ndvi_cv + elev + BB + DE",-0.165090111212369,0.714690034372703,0.847817311560479
1169,"Banteng","BTG",2,"dist_str + ndvi_cv + elev + BB + DE",-0.138471724979165,0.7184783702713,0.870687872025647
1170,"Banteng","BTG",2,"dist_str + ndvi_cv + elev + BB + DE",-0.127821757030311,0.727236704348674,0.880010227387507
1171,"Banteng","BTG",2,"dist_str + ndvi_cv + elev + BB + DE",-0.104202190153486,0.728174199477729,0.901043098468613
1172,"Banteng","BTG",2,"dist_str + ndvi_cv + elev + BB + DE",-0.0918497209003455,0.741299333282715,0.912242273260059
1173,"Banteng","BTG",2,"dist_str + ndvi_cv + elev + BB + DE",-0.0487779799628606,0.752071343840285,0.952392655705079
1174,"Banteng","BTG",2,"dist_str + ndvi_cv + elev + BB + DE",-0.0242920569058508,0.764303994777218,0.97600062108747
1175,"Banteng","BTG",2,"dist_str + ndvi_cv + elev + BB + DE",-0.0159213840039272,0.777176840013151,0.984204691429552
1176,"Banteng","BTG",2,"dist_str + ndvi_cv + elev + BB + DE",0.0206812285824173,0.781011930473599,1.02089668625493
1177,"Banteng","BTG",2,"dist_str + ndvi_cv + elev + BB + DE",0.0422041322646752,0.79110468176231,1.04310738951474
1178,"Banteng","BTG",2,"dist_str + ndvi_cv + elev + BB + DE",0.0727435433339799,0.790092324853463,1.07545469454876
1179,"Banteng","BTG",2,"dist_str + ndvi_cv + elev + BB + DE",0.0862918027232411,0.795048649345252,1.09012444905182
1180,"Banteng","BTG",2,"dist_str + ndvi_cv + elev + BB + DE",0.106278359404769,0.817931752842251,1.11213140765966
1181,"Banteng","BTG",2,"dist_str + ndvi_cv + elev + BB + DE",0.116689796938814,0.827358384487185,1.12377089487528
1182,"Banteng","BTG",2,"dist_str + ndvi_cv + elev + BB + DE",0.145775251612014,0.816727064586904,1.15693614065659
1183,"Banteng","BTG",2,"dist_str + ndvi_cv + elev + BB + DE",0.150071435327025,0.820925557173923,1.16191761117346
1184,"Banteng","BTG",2,"dist_str + ndvi_cv + elev + BB + DE",0.171755576221433,0.846682023125395,1.18738759524969
1185,"Banteng","BTG",2,"dist_str + ndvi_cv + elev + BB + DE",0.180346041279656,0.862278561581915,1.19763173566179
1186,"Banteng","BTG",2,"dist_str + ndvi_cv + elev + BB + DE",0.203116563907519,0.888202186812668,1.22521530983532
1187,"Banteng","BTG",2,"dist_str + ndvi_cv + elev + BB + DE",0.223403545923356,0.904126578630205,1.25032507071455
1188,"Banteng","BTG",2,"dist_str + ndvi_cv + elev + BB + DE",0.210059654572502,0.920226275385436,1.23375165997304
1189,"Banteng","BTG",2,"dist_str + ndvi_cv + elev + BB + DE",0.215161534065977,0.955145327994542,1.2400621957654
1190,"Banteng","BTG",2,"dist_str + ndvi_cv + elev + BB + DE",0.248233645929041,0.97630148117941,1.28175939556442
1191,"Banteng","BTG",2,"dist_str + ndvi_cv + elev + BB + DE",0.256218696756069,1.02755065350659,1.29203538048204
1192,"Banteng","BTG",2,"dist_str + ndvi_cv + elev + BB + DE",-0.281588166708201,0.915498399214958,0.754584399309484
1193,"Banteng","BTG",2,"dist_str + ndvi_cv + elev + BB + DE",-0.26456754979596,0.854123294734605,0.767537801615067
1194,"Banteng","BTG",2,"dist_str + ndvi_cv + elev + BB + DE",-0.26537745067302,0.825538535466276,0.766916424368663
1195,"Banteng","BTG",2,"dist_str + ndvi_cv + elev + BB + DE",-0.26968870759348,0.802921644812501,0.763617210074224
1196,"Banteng","BTG",2,"dist_str + ndvi_cv + elev + BB + DE",-0.288122200889302,0.782719314416253,0.749669991256985
1197,"Banteng","BTG",2,"dist_str + ndvi_cv + elev + BB + DE",-0.269393999653076,0.778712940431322,0.763842245729142
1198,"Banteng","BTG",2,"dist_str + ndvi_cv + elev + BB + DE",-0.261593225480429,0.756852045961166,0.769824104930528
1199,"Banteng","BTG",2,"dist_str + ndvi_cv + elev + BB + DE",-0.264915614492981,0.738300079615567,0.767270807573464
1200,"Banteng","BTG",2,"dist_str + ndvi_cv + elev + BB + DE",-0.280958643348929,0.726099679555028,0.755059561580997
1201,"Banteng","BTG",2,"dist_str + ndvi_cv + elev + BB + DE",-0.283525580413027,0.72490585084363,0.753123856864524
1202,"Banteng","BTG",2,"dist_str + ndvi_cv + elev + BB + DE",-0.316452066111128,0.711281028737654,0.728730011211542
1203,"Banteng","BTG",2,"dist_str + ndvi_cv + elev + BB + DE",-0.449169532114917,0.640817121487556,0.638157949927289
1204,"Banteng","BTG",2,"dist_str + ndvi_cv + elev + BB + DE",-0.289955580780492,0.697386055557097,0.74829680718439
1205,"Banteng","BTG",2,"dist_str + ndvi_cv + elev + BB + DE",-0.254226686983405,0.70144899964005,0.775516002976702
1206,"Banteng","BTG",2,"dist_str + ndvi_cv + elev + BB + DE",-0.241441266454937,0.708714502467563,0.785494997254781
1207,"Banteng","BTG",2,"dist_str + ndvi_cv + elev + BB + DE",-0.242703171429319,0.697109583362414,0.784504344434801
1208,"Banteng","BTG",2,"dist_str + ndvi_cv + elev + BB + DE",-0.247975945158858,0.686898660703912,0.780378727825258
1209,"Banteng","BTG",2,"dist_str + ndvi_cv + elev + BB + DE",-0.27907150867148,0.668087352207434,0.756485811473376
1210,"Banteng","BTG",2,"dist_str + ndvi_cv + elev + BB + DE",-0.29648975277678,0.679013260927064,0.743423246645982
1211,"Banteng","BTG",2,"dist_str + ndvi_cv + elev + BB + DE",-0.232614563044891,0.697680365470826,0.792458978735911
1212,"Banteng","BTG",2,"dist_str + ndvi_cv + elev + BB + DE",-0.191538069147876,0.711389777045127,0.825688194155083
1213,"Banteng","BTG",2,"dist_str + ndvi_cv + elev + BB + DE",-0.188115217870494,0.715812951785388,0.828519260281628
1214,"Banteng","BTG",2,"dist_str + ndvi_cv + elev + BB + DE",-0.153658347641502,0.717312453820552,0.85756496014125
1215,"Banteng","BTG",2,"dist_str + ndvi_cv + elev + BB + DE",-0.0930735518019418,0.727405445349785,0.911126482873865
1216,"Banteng","BTG",2,"dist_str + ndvi_cv + elev + BB + DE",-0.0836135187126033,0.731361209096298,0.91978667186314
1217,"Banteng","BTG",2,"dist_str + ndvi_cv + elev + BB + DE",-0.0672550302793938,0.747655857471128,0.934956774525739
1218,"Banteng","BTG",2,"dist_str + ndvi_cv + elev + BB + DE",-0.0371794314341424,0.74527591868784,0.963503242411102
1219,"Banteng","BTG",2,"dist_str + ndvi_cv + elev + BB + DE",-0.0172271093766322,0.765524378928263,0.982920444919897
1220,"Banteng","BTG",2,"dist_str + ndvi_cv + elev + BB + DE",0.00833137350555401,0.759707438528829,1.00836617731697
1221,"Banteng","BTG",2,"dist_str + ndvi_cv + elev + BB + DE",0.0378845958824041,0.772024628760622,1.03861137897569
1222,"Banteng","BTG",2,"dist_str + ndvi_cv + elev + BB + DE",0.0659324323427015,0.788203741540532,1.06815454260815
1223,"Banteng","BTG",2,"dist_str + ndvi_cv + elev + BB + DE",0.0809117217696873,0.787688459741466,1.08427523254174
1224,"Banteng","BTG",2,"dist_str + ndvi_cv + elev + BB + DE",0.0785243797561852,0.791015036917038,1.08168973022339
1225,"Banteng","BTG",2,"dist_str + ndvi_cv + elev + BB + DE",0.095003759475457,0.812744002138783,1.09966298928277
1226,"Banteng","BTG",2,"dist_str + ndvi_cv + elev + BB + DE",0.127506192177016,0.816227735135866,1.13599190309599
1227,"Banteng","BTG",2,"dist_str + ndvi_cv + elev + BB + DE",0.152900568469961,0.821521734243685,1.1652091146628
1228,"Banteng","BTG",2,"dist_str + ndvi_cv + elev + BB + DE",0.161650959782124,0.838179072685682,1.17545024331855
1229,"Banteng","BTG",2,"dist_str + ndvi_cv + elev + BB + DE",0.189628841355941,0.844829462652546,1.20880085755813
1230,"Banteng","BTG",2,"dist_str + ndvi_cv + elev + BB + DE",0.194950975546131,0.865914961605718,1.21525141331388
1231,"Banteng","BTG",2,"dist_str + ndvi_cv + elev + BB + DE",0.206745086568871,0.890919214219448,1.22966912001227
1232,"Banteng","BTG",2,"dist_str + ndvi_cv + elev + BB + DE",0.201984618677175,0.89491802350044,1.22382918510629
1233,"Banteng","BTG",2,"dist_str + ndvi_cv + elev + BB + DE",0.222403211487167,0.929542008016557,1.24907492183415
1234,"Banteng","BTG",2,"dist_str + ndvi_cv + elev + BB + DE",0.227748622279777,0.946030457684743,1.25576961338616
1235,"Banteng","BTG",2,"dist_str + ndvi_cv + elev + BB + DE",0.230896329017617,0.970445572198339,1.25972863561814
1236,"Banteng","BTG",2,"dist_str + ndvi_cv + elev + BB + DE",0.225626484244599,1.01724360249558,1.2531076082591
1237,"Banteng","BTG",2,"dist_str + ndvi_cv + elev + BB + DE",0.229750163910669,1.15408112975028,1.25828568294149
1238,"Banteng","BTG",2,"dist_str + ndvi_cv + elev + BB + DE",-0.316781607165174,1.08427868221919,0.728489862947607
1239,"Banteng","BTG",2,"dist_str + ndvi_cv + elev + BB + DE",-0.303513501722369,0.927686597515611,0.738219922109098
1240,"Banteng","BTG",2,"dist_str + ndvi_cv + elev + BB + DE",-0.27537902300513,0.864573366808429,0.759284393509423
1241,"Banteng","BTG",2,"dist_str + ndvi_cv + elev + BB + DE",-0.259909236774848,0.840933616353153,0.771121587364911
1242,"Banteng","BTG",2,"dist_str + ndvi_cv + elev + BB + DE",-0.26161608181888,0.806126086669915,0.769806512955781
1243,"Banteng","BTG",2,"dist_str + ndvi_cv + elev + BB + DE",-0.261722515684424,0.793871535875579,0.769724591494979
1244,"Banteng","BTG",2,"dist_str + ndvi_cv + elev + BB + DE",-0.248556658056295,0.77203899992425,0.779925684173018
1245,"Banteng","BTG",2,"dist_str + ndvi_cv + elev + BB + DE",-0.261340582831276,0.760795072503109,0.770018620289644
1246,"Banteng","BTG",2,"dist_str + ndvi_cv + elev + BB + DE",-0.265842814248739,0.750579146808699,0.766559613162678
1247,"Banteng","BTG",2,"dist_str + ndvi_cv + elev + BB + DE",-0.287019309208894,0.74547037231025,0.750497238287129
1248,"Banteng","BTG",2,"dist_str + ndvi_cv + elev + BB + DE",-0.281566450218572,0.733031812372482,0.754600772202941
1249,"Banteng","BTG",2,"dist_str + ndvi_cv + elev + BB + DE",-0.310269886608998,0.712888477782272,0.733249038168487
1250,"Banteng","BTG",2,"dist_str + ndvi_cv + elev + BB + DE",-0.319290265348804,0.704257679260362,0.726664593237111
1251,"Banteng","BTG",2,"dist_str + ndvi_cv + elev + BB + DE",-0.305236507827459,0.692852010222296,0.736949060252063
1252,"Banteng","BTG",2,"dist_str + ndvi_cv + elev + BB + DE",-0.272616959284545,0.692158154983439,0.761384388654307
1253,"Banteng","BTG",2,"dist_str + ndvi_cv + elev + BB + DE",-0.249202032835181,0.70100425018504,0.779422488661959
1254,"Banteng","BTG",2,"dist_str + ndvi_cv + elev + BB + DE",-0.246614353961157,0.697065765559455,0.781441998066668
1255,"Banteng","BTG",2,"dist_str + ndvi_cv + elev + BB + DE",-0.243262648809851,0.697282030838263,0.784065552844071
1256,"Banteng","BTG",2,"dist_str + ndvi_cv + elev + BB + DE",-0.260034892823411,0.698255383241643,0.771024689644929
1257,"Banteng","BTG",2,"dist_str + ndvi_cv + elev + BB + DE",-0.2569097441623,0.690124156482806,0.77343801794108
1258,"Banteng","BTG",2,"dist_str + ndvi_cv + elev + BB + DE",-0.235727575060453,0.710636507589157,0.789995860993473
1259,"Banteng","BTG",2,"dist_str + ndvi_cv + elev + BB + DE",-0.210939073351762,0.706523547401438,0.80982343412296
1260,"Banteng","BTG",2,"dist_str + ndvi_cv + elev + BB + DE",-0.182988409366335,0.721970678571004,0.832777808120196
1261,"Banteng","BTG",2,"dist_str + ndvi_cv + elev + BB + DE",-0.155806998201424,0.721404287928485,0.855724331999165
1262,"Banteng","BTG",2,"dist_str + ndvi_cv + elev + BB + DE",-0.105702420274736,0.72543440962101,0.899692354186841
1263,"Banteng","BTG",2,"dist_str + ndvi_cv + elev + BB + DE",-0.0848094945129452,0.730326115877557,0.918687285127562
1264,"Banteng","BTG",2,"dist_str + ndvi_cv + elev + BB + DE",-0.0529671918308195,0.745004602886749,0.948411127763789
1265,"Banteng","BTG",2,"dist_str + ndvi_cv + elev + BB + DE",-0.0280086587793433,0.757753826294424,0.97237994730404
1266,"Banteng","BTG",2,"dist_str + ndvi_cv + elev + BB + DE",-0.0198478155308638,0.759958718247025,0.980347855691031
1267,"Banteng","BTG",2,"dist_str + ndvi_cv + elev + BB + DE",0.0334452444961417,0.771250535440417,1.03401082596997
1268,"Banteng","BTG",2,"dist_str + ndvi_cv + elev + BB + DE",0.0479415404023522,0.77697767164098,1.04910932613056
1269,"Banteng","BTG",2,"dist_str + ndvi_cv + elev + BB + DE",0.0800884605599267,0.79209896026074,1.08338290401599
1270,"Banteng","BTG",2,"dist_str + ndvi_cv + elev + BB + DE",0.0822726678600514,0.791960806309048,1.08575182969193
1271,"Banteng","BTG",2,"dist_str + ndvi_cv + elev + BB + DE",0.0949320911639401,0.787193499602936,1.09958447238682
1272,"Banteng","BTG",2,"dist_str + ndvi_cv + elev + BB + DE",0.115709577138476,0.805702842428924,1.1226698546618
1273,"Banteng","BTG",2,"dist_str + ndvi_cv + elev + BB + DE",0.147206988472398,0.818447037560404,1.15859378809568
1274,"Banteng","BTG",2,"dist_str + ndvi_cv + elev + BB + DE",0.171940047614322,0.826039465285102,1.18760663414547
1275,"Banteng","BTG",2,"dist_str + ndvi_cv + elev + BB + DE",0.183008669607812,0.83495133134948,1.20082483884636
1276,"Banteng","BTG",2,"dist_str + ndvi_cv + elev + BB + DE",0.184774614856526,0.853542971209909,1.20294729963892
1277,"Banteng","BTG",2,"dist_str + ndvi_cv + elev + BB + DE",0.21489901849131,0.864958305346023,1.23973681309207
1278,"Banteng","BTG",2,"dist_str + ndvi_cv + elev + BB + DE",0.196227220405953,0.887995305212274,1.21680336105212
1279,"Banteng","BTG",2,"dist_str + ndvi_cv + elev + BB + DE",0.208085580623518,0.901886152181982,1.23131854443981
1280,"Banteng","BTG",2,"dist_str + ndvi_cv + elev + BB + DE",0.231453974876914,0.912755535445419,1.26043131705712
1281,"Banteng","BTG",2,"dist_str + ndvi_cv + elev + BB + DE",0.23007526586292,0.935469636282103,1.25869478328866
1282,"Banteng","BTG",2,"dist_str + ndvi_cv + elev + BB + DE",0.244933451265737,0.964818946417509,1.27753630301563
1283,"Banteng","BTG",2,"dist_str + ndvi_cv + elev + BB + DE",0.257768628152774,1.01204893376705,1.29403938803693
1284,"Banteng","BTG",2,"dist_str + ndvi_cv + elev + BB + DE",0.262175432138071,1.13231424106876,1.29975454219762
1285,"Banteng","BTG",2,"dist_str + ndvi_cv + elev + BB + DE",-0.283598714379695,1.11177454759671,0.753068784784556
1286,"Banteng","BTG",2,"dist_str + ndvi_cv + elev + BB + DE",-0.296126129588061,0.944103160401744,0.743693625333917
1287,"Banteng","BTG",2,"dist_str + ndvi_cv + elev + BB + DE",-0.27271925964517,0.882275752105382,0.761306534641891
1288,"Banteng","BTG",2,"dist_str + ndvi_cv + elev + BB + DE",-0.248762183979115,0.83069702372013,0.779765395029852
1289,"Banteng","BTG",2,"dist_str + ndvi_cv + elev + BB + DE",-0.26212061537407,0.807152823098751,0.769418242362265
1290,"Banteng","BTG",2,"dist_str + ndvi_cv + elev + BB + DE",-0.256486489096809,0.79622260233086,0.773765448861603
1291,"Banteng","BTG",2,"dist_str + ndvi_cv + elev + BB + DE",-0.240723856154449,0.77209551149399,0.786058698908851
1292,"Banteng","BTG",2,"dist_str + ndvi_cv + elev + BB + DE",-0.261989872146431,0.761589650538104,0.769518818949327
1293,"Banteng","BTG",2,"dist_str + ndvi_cv + elev + BB + DE",-0.242820638771049,0.742660715115343,0.784412199182479
1294,"Banteng","BTG",2,"dist_str + ndvi_cv + elev + BB + DE",-0.274824115272259,0.73770258348244,0.759705756624886
1295,"Banteng","BTG",2,"dist_str + ndvi_cv + elev + BB + DE",-0.286437618863846,0.731968124921271,0.750933921809197
1296,"Banteng","BTG",2,"dist_str + ndvi_cv + elev + BB + DE",-0.30689577600343,0.739111650863426,0.735727280612128
1297,"Banteng","BTG",2,"dist_str + ndvi_cv + elev + BB + DE",-0.270627292242385,0.714667142530604,0.762900785625976
1298,"Banteng","BTG",2,"dist_str + ndvi_cv + elev + BB + DE",-0.278445628085572,0.716735396921489,0.756959424474794
1299,"Banteng","BTG",2,"dist_str + ndvi_cv + elev + BB + DE",-0.258722162752655,0.704149073589728,0.772037558652334
1300,"Banteng","BTG",2,"dist_str + ndvi_cv + elev + BB + DE",-0.277492237836189,0.700385840502639,0.757681471572303
1301,"Banteng","BTG",2,"dist_str + ndvi_cv + elev + BB + DE",-0.266233527401532,0.704106014507128,0.766260163872105
1302,"Banteng","BTG",2,"dist_str + ndvi_cv + elev + BB + DE",-0.250571951053978,0.693097915725498,0.778355474859007
1303,"Banteng","BTG",2,"dist_str + ndvi_cv + elev + BB + DE",-0.260013866857982,0.691635272731194,0.771040902896688
1304,"Banteng","BTG",2,"dist_str + ndvi_cv + elev + BB + DE",-0.265951564552805,0.702526954658675,0.766476253619616
1305,"Banteng","BTG",2,"dist_str + ndvi_cv + elev + BB + DE",-0.245905241451075,0.71184225349082,0.78199632260402
1306,"Banteng","BTG",2,"dist_str + ndvi_cv + elev + BB + DE",-0.233505041625848,0.709760846609886,0.791753609574696
1307,"Banteng","BTG",2,"dist_str + ndvi_cv + elev + BB + DE",-0.190579935613649,0.717313074719191,0.826479689927438
1308,"Banteng","BTG",2,"dist_str + ndvi_cv + elev + BB + DE",-0.148902822805718,0.712019810582682,0.861652858553673
1309,"Banteng","BTG",2,"dist_str + ndvi_cv + elev + BB + DE",-0.106608889117753,0.732711173065742,0.898877172297242
1310,"Banteng","BTG",2,"dist_str + ndvi_cv + elev + BB + DE",-0.0661613421431105,0.740242419853551,0.935979845193363
1311,"Banteng","BTG",2,"dist_str + ndvi_cv + elev + BB + DE",-0.0647169702292834,0.745774359245889,0.937332735044858
1312,"Banteng","BTG",2,"dist_str + ndvi_cv + elev + BB + DE",-0.0258081830298819,0.74597655824134,0.974522002661168
1313,"Banteng","BTG",2,"dist_str + ndvi_cv + elev + BB + DE",-0.00499442308325786,0.758515458672065,0.995018113351532
1314,"Banteng","BTG",2,"dist_str + ndvi_cv + elev + BB + DE",0.0458956549390279,0.753512076353048,1.04696520336667
1315,"Banteng","BTG",2,"dist_str + ndvi_cv + elev + BB + DE",0.0568755968252079,0.778827722694112,1.05852413601369
1316,"Banteng","BTG",2,"dist_str + ndvi_cv + elev + BB + DE",0.0922934101088154,0.787654295089863,1.096686564604
1317,"Banteng","BTG",2,"dist_str + ndvi_cv + elev + BB + DE",0.100408832331897,0.780834055734527,1.10562286626161
1318,"Banteng","BTG",2,"dist_str + ndvi_cv + elev + BB + DE",0.113088334918058,0.786544299855629,1.11973094093981
1319,"Banteng","BTG",2,"dist_str + ndvi_cv + elev + BB + DE",0.139014975190774,0.794368001350017,1.14914130937583
1320,"Banteng","BTG",2,"dist_str + ndvi_cv + elev + BB + DE",0.158889977918786,0.810795419894653,1.17220897190682
1321,"Banteng","BTG",2,"dist_str + ndvi_cv + elev + BB + DE",0.175119766878044,0.817351484272687,1.19138889879374
1322,"Banteng","BTG",2,"dist_str + ndvi_cv + elev + BB + DE",0.212484088521912,0.835783537631946,1.23674643649001
1323,"Banteng","BTG",2,"dist_str + ndvi_cv + elev + BB + DE",0.222999211794778,0.852310806010343,1.24981963667461
1324,"Banteng","BTG",2,"dist_str + ndvi_cv + elev + BB + DE",0.20577065514457,0.867981521308466,1.2284714428039
1325,"Banteng","BTG",2,"dist_str + ndvi_cv + elev + BB + DE",0.22951934183949,0.885848411640426,1.25799540198692
1326,"Banteng","BTG",2,"dist_str + ndvi_cv + elev + BB + DE",0.249755484339417,0.907091691007959,1.28371149078138
1327,"Banteng","BTG",2,"dist_str + ndvi_cv + elev + BB + DE",0.243851184633912,0.921438349346265,1.27615440717922
1328,"Banteng","BTG",2,"dist_str + ndvi_cv + elev + BB + DE",0.245398668673144,0.945208365506639,1.27813082898335
1329,"Banteng","BTG",2,"dist_str + ndvi_cv + elev + BB + DE",0.256712729191839,0.967189081280351,1.29267372798223
1330,"Banteng","BTG",2,"dist_str + ndvi_cv + elev + BB + DE",0.25171861350061,1.01852787503597,1.2862340820211
1331,"Banteng","BTG",2,"dist_str + ndvi_cv + elev + BB + DE",0.264024695281917,1.12317059713997,1.30216036119439
1332,"Banteng","BTG",2,"dist_str + ndvi_cv + elev + BB + DE",-0.242890069296888,1.00478663881082,0.784357780581689
1333,"Banteng","BTG",2,"dist_str + ndvi_cv + elev + BB + DE",-0.277954732262185,0.901613481929373,0.757331112128142
1334,"Banteng","BTG",2,"dist_str + ndvi_cv + elev + BB + DE",-0.237163631609099,0.835570542860483,0.788862227481914
1335,"Banteng","BTG",2,"dist_str + ndvi_cv + elev + BB + DE",-0.253193795997241,0.814632852915982,0.776317483670617
1336,"Banteng","BTG",2,"dist_str + ndvi_cv + elev + BB + DE",-0.250620814705912,0.779894068033183,0.778317454296205
1337,"Banteng","BTG",2,"dist_str + ndvi_cv + elev + BB + DE",-0.23439514861186,0.774926186354482,0.791049180163276
1338,"Banteng","BTG",2,"dist_str + ndvi_cv + elev + BB + DE",-0.226777907568646,0.771292024101405,0.797097801357668
1339,"Banteng","BTG",2,"dist_str + ndvi_cv + elev + BB + DE",-0.243458766170449,0.754149966765053,0.783911815388646
1340,"Banteng","BTG",2,"dist_str + ndvi_cv + elev + BB + DE",-0.2547559855118,0.740461169558898,0.775105647872797
1341,"Banteng","BTG",2,"dist_str + ndvi_cv + elev + BB + DE",-0.252158451193224,0.731675748877955,0.777121592959735
1342,"Banteng","BTG",2,"dist_str + ndvi_cv + elev + BB + DE",-0.26750536207928,0.732062286312584,0.765286250133062
1343,"Banteng","BTG",2,"dist_str + ndvi_cv + elev + BB + DE",-0.268530850519474,0.728604140383477,0.764501838184889
1344,"Banteng","BTG",2,"dist_str + ndvi_cv + elev + BB + DE",-0.254135988616834,0.727586440293105,0.775586390033409
1345,"Banteng","BTG",2,"dist_str + ndvi_cv + elev + BB + DE",-0.259742623538469,0.710661205570703,0.771250126156214
1346,"Banteng","BTG",2,"dist_str + ndvi_cv + elev + BB + DE",-0.255796365593321,0.714326927773691,0.774299628173089
1347,"Banteng","BTG",2,"dist_str + ndvi_cv + elev + BB + DE",-0.263213773448741,0.703691916833705,0.768577592477826
1348,"Banteng","BTG",2,"dist_str + ndvi_cv + elev + BB + DE",-0.252452256398417,0.711559907583357,0.77689332350281
1349,"Banteng","BTG",2,"dist_str + ndvi_cv + elev + BB + DE",-0.268503873106407,0.700788327919403,0.764522584330529
1350,"Banteng","BTG",2,"dist_str + ndvi_cv + elev + BB + DE",-0.283879840300335,0.70198189345381,0.752857103002438
1351,"Banteng","BTG",2,"dist_str + ndvi_cv + elev + BB + DE",-0.266775020239258,0.702237363631485,0.765845352119519
1352,"Banteng","BTG",2,"dist_str + ndvi_cv + elev + BB + DE",-0.228281999922114,0.702486692935234,0.7958997904705
1353,"Banteng","BTG",2,"dist_str + ndvi_cv + elev + BB + DE",-0.189483295181662,0.707436160039442,0.827386541214892
1354,"Banteng","BTG",2,"dist_str + ndvi_cv + elev + BB + DE",-0.164469934484428,0.708916673778622,0.8483433550652
1355,"Banteng","BTG",2,"dist_str + ndvi_cv + elev + BB + DE",-0.111548321278453,0.732475895958163,0.894448171119603
1356,"Banteng","BTG",2,"dist_str + ndvi_cv + elev + BB + DE",-0.0693074254735165,0.738491739011122,0.933039795837444
1357,"Banteng","BTG",2,"dist_str + ndvi_cv + elev + BB + DE",-0.026789602487717,0.743687439268784,0.973566061355523
1358,"Banteng","BTG",2,"dist_str + ndvi_cv + elev + BB + DE",-0.023268315540865,0.740962719353145,0.977000307379902
1359,"Banteng","BTG",2,"dist_str + ndvi_cv + elev + BB + DE",0.0288248986170046,0.753547806284826,1.02924436588677
1360,"Banteng","BTG",2,"dist_str + ndvi_cv + elev + BB + DE",0.0544092633404215,0.76354160671968,1.05591666981502
1361,"Banteng","BTG",2,"dist_str + ndvi_cv + elev + BB + DE",0.0731719323869519,0.755940434154573,1.07591554251331
1362,"Banteng","BTG",2,"dist_str + ndvi_cv + elev + BB + DE",0.102406607163151,0.790351253400927,1.10783392160101
1363,"Banteng","BTG",2,"dist_str + ndvi_cv + elev + BB + DE",0.121848483329872,0.778649605350904,1.12958294366508
1364,"Banteng","BTG",2,"dist_str + ndvi_cv + elev + BB + DE",0.146493732706641,0.784710080544006,1.15776767475306
1365,"Banteng","BTG",2,"dist_str + ndvi_cv + elev + BB + DE",0.172567482192488,0.796227733775071,1.18835201555085
1366,"Banteng","BTG",2,"dist_str + ndvi_cv + elev + BB + DE",0.184519042047997,0.811019900598228,1.20263989781919
1367,"Banteng","BTG",2,"dist_str + ndvi_cv + elev + BB + DE",0.206761772386348,0.818763642947457,1.22968964268792
1368,"Banteng","BTG",2,"dist_str + ndvi_cv + elev + BB + DE",0.241805326048805,0.829318335662614,1.27354626227646
1369,"Banteng","BTG",2,"dist_str + ndvi_cv + elev + BB + DE",0.240058719945032,0.827960351845906,1.27132385052489
1370,"Banteng","BTG",2,"dist_str + ndvi_cv + elev + BB + DE",0.23855973493359,0.860357475442355,1.26941953336538
1371,"Banteng","BTG",2,"dist_str + ndvi_cv + elev + BB + DE",0.234845966520753,0.880595548599077,1.26471394694897
1372,"Banteng","BTG",2,"dist_str + ndvi_cv + elev + BB + DE",0.257973077302189,0.90672166469004,1.29430397250875
1373,"Banteng","BTG",2,"dist_str + ndvi_cv + elev + BB + DE",0.277645158468705,0.925640150606749,1.32001772757654
1374,"Banteng","BTG",2,"dist_str + ndvi_cv + elev + BB + DE",0.272188010360742,0.940499741097448,1.3128338046038
1375,"Banteng","BTG",2,"dist_str + ndvi_cv + elev + BB + DE",0.251051246952685,0.968472637813625,1.2853759564065
1376,"Banteng","BTG",2,"dist_str + ndvi_cv + elev + BB + DE",0.254821008239944,1.02089518098616,1.29023067741764
1377,"Banteng","BTG",2,"dist_str + ndvi_cv + elev + BB + DE",0.259149917888408,1.13013100400076,1.29582805807471
1378,"Banteng","BTG",2,"dist_str + ndvi_cv + elev + BB + DE",-0.25057425730788,0.928786297279521,0.7783536797283
1379,"Banteng","BTG",2,"dist_str + ndvi_cv + elev + BB + DE",-0.233947388113556,0.841703074556215,0.791403459300771
1380,"Banteng","BTG",2,"dist_str + ndvi_cv + elev + BB + DE",-0.243368338466488,0.811281538351575,0.783982693671884
1381,"Banteng","BTG",2,"dist_str + ndvi_cv + elev + BB + DE",-0.213158248795803,0.800977427993625,0.80802825773969
1382,"Banteng","BTG",2,"dist_str + ndvi_cv + elev + BB + DE",-0.240107484621938,0.788385427790507,0.786543335495629
1383,"Banteng","BTG",2,"dist_str + ndvi_cv + elev + BB + DE",-0.227714449677688,0.771767455737765,0.796351625837022
1384,"Banteng","BTG",2,"dist_str + ndvi_cv + elev + BB + DE",-0.233408840122189,0.761449373319247,0.791829796581293
1385,"Banteng","BTG",2,"dist_str + ndvi_cv + elev + BB + DE",-0.241852851210147,0.749306459278397,0.785171706732376
1386,"Banteng","BTG",2,"dist_str + ndvi_cv + elev + BB + DE",-0.238440559762031,0.740017506801811,0.78785551847401
1387,"Banteng","BTG",2,"dist_str + ndvi_cv + elev + BB + DE",-0.256579558412545,0.722259646132193,0.77369344584903
1388,"Banteng","BTG",2,"dist_str + ndvi_cv + elev + BB + DE",-0.291091299489068,0.717589634328017,0.747447444051322
1389,"Banteng","BTG",2,"dist_str + ndvi_cv + elev + BB + DE",-0.252938281439206,0.717328187358188,0.776515805816654
1390,"Banteng","BTG",2,"dist_str + ndvi_cv + elev + BB + DE",-0.267495130227792,0.721314359422827,0.765294063277212
1391,"Banteng","BTG",2,"dist_str + ndvi_cv + elev + BB + DE",-0.259155636989123,0.707747485074226,0.771703096083482
1392,"Banteng","BTG",2,"dist_str + ndvi_cv + elev + BB + DE",-0.26938008639773,0.696192190968075,0.763852871504153
1393,"Banteng","BTG",2,"dist_str + ndvi_cv + elev + BB + DE",-0.271346016399836,0.708017748950973,0.762352664264519
1394,"Banteng","BTG",2,"dist_str + ndvi_cv + elev + BB + DE",-0.287734576670134,0.691940021002591,0.74996062586312
1395,"Banteng","BTG",2,"dist_str + ndvi_cv + elev + BB + DE",-0.299758091668621,0.69007017075253,0.740997452730246
1396,"Banteng","BTG",2,"dist_str + ndvi_cv + elev + BB + DE",-0.275722007358188,0.700432029430962,0.759023904534674
1397,"Banteng","BTG",2,"dist_str + ndvi_cv + elev + BB + DE",-0.270946293583078,0.691729223339942,0.762657467937868
1398,"Banteng","BTG",2,"dist_str + ndvi_cv + elev + BB + DE",-0.214820737875757,0.705290603317753,0.806686037443132
1399,"Banteng","BTG",2,"dist_str + ndvi_cv + elev + BB + DE",-0.154222977115334,0.710227531916795,0.857080906765045
1400,"Banteng","BTG",2,"dist_str + ndvi_cv + elev + BB + DE",-0.0981379481922864,0.718316791569522,0.906523846156609
1401,"Banteng","BTG",2,"dist_str + ndvi_cv + elev + BB + DE",-0.06413842867364,0.733696028493008,0.93787516176183
1402,"Banteng","BTG",2,"dist_str + ndvi_cv + elev + BB + DE",-0.0214663662810368,0.732888031966243,0.978762396656851
1403,"Banteng","BTG",2,"dist_str + ndvi_cv + elev + BB + DE",0.0114168471438786,0.735040180995982,1.01148229363917
1404,"Banteng","BTG",2,"dist_str + ndvi_cv + elev + BB + DE",0.0462791131698166,0.752793055358137,1.04736670686856
1405,"Banteng","BTG",2,"dist_str + ndvi_cv + elev + BB + DE",0.0583259832413742,0.760151066103984,1.06006050215128
1406,"Banteng","BTG",2,"dist_str + ndvi_cv + elev + BB + DE",0.104301468138054,0.773609348279658,1.10993501541592
1407,"Banteng","BTG",2,"dist_str + ndvi_cv + elev + BB + DE",0.128672250997128,0.776797019461065,1.13731730846984
1408,"Banteng","BTG",2,"dist_str + ndvi_cv + elev + BB + DE",0.128985002527802,0.787530790691204,1.13767306241702
1409,"Banteng","BTG",2,"dist_str + ndvi_cv + elev + BB + DE",0.181736051428419,0.789557691429241,1.19929779193159
1410,"Banteng","BTG",2,"dist_str + ndvi_cv + elev + BB + DE",0.200746096685268,0.794159574125939,1.22231439267649
1411,"Banteng","BTG",2,"dist_str + ndvi_cv + elev + BB + DE",0.2245398454277,0.788859313620431,1.25174659161779
1412,"Banteng","BTG",2,"dist_str + ndvi_cv + elev + BB + DE",0.227032635992082,0.81365411688213,1.25487087376746
1413,"Banteng","BTG",2,"dist_str + ndvi_cv + elev + BB + DE",0.264257691209034,0.829508060712923,1.30246379675761
1414,"Banteng","BTG",2,"dist_str + ndvi_cv + elev + BB + DE",0.255738276111654,0.845741361539692,1.29141471824172
1415,"Banteng","BTG",2,"dist_str + ndvi_cv + elev + BB + DE",0.277287233433882,0.858769042530067,1.31954533854856
1416,"Banteng","BTG",2,"dist_str + ndvi_cv + elev + BB + DE",0.268458896229449,0.87593282644936,1.30794723452867
1417,"Banteng","BTG",2,"dist_str + ndvi_cv + elev + BB + DE",0.259363020878283,0.898797600708428,1.29610437311987
1418,"Banteng","BTG",2,"dist_str + ndvi_cv + elev + BB + DE",0.279830111066172,0.923705171534936,1.32290513647654
1419,"Banteng","BTG",2,"dist_str + ndvi_cv + elev + BB + DE",0.276209666775346,0.954736044168834,1.31812426981411
1420,"Banteng","BTG",2,"dist_str + ndvi_cv + elev + BB + DE",0.262282015072357,0.988204797426563,1.29989313478
1421,"Banteng","BTG",2,"dist_str + ndvi_cv + elev + BB + DE",0.282108895816658,1.03360782772098,1.3259231146468
1422,"Banteng","BTG",2,"dist_str + ndvi_cv + elev + BB + DE",0.257043290229829,1.19343937796202,1.29310110445504
1423,"Banteng","BTG",2,"dist_str + ndvi_cv + elev + BB + DE",-0.217292525877473,0.974237195193889,0.804694552860595
1424,"Banteng","BTG",2,"dist_str + ndvi_cv + elev + BB + DE",-0.218873966411544,0.857219398555271,0.803422970750063
1425,"Banteng","BTG",2,"dist_str + ndvi_cv + elev + BB + DE",-0.227731482011348,0.816474935993501,0.796338081102556
1426,"Banteng","BTG",2,"dist_str + ndvi_cv + elev + BB + DE",-0.20930034977068,0.787152532089475,0.811151569871693
1427,"Banteng","BTG",2,"dist_str + ndvi_cv + elev + BB + DE",-0.219964037061489,0.783837847732506,0.802547671662589
1428,"Banteng","BTG",2,"dist_str + ndvi_cv + elev + BB + DE",-0.202411113421957,0.768177047161767,0.816759079992887
1429,"Banteng","BTG",2,"dist_str + ndvi_cv + elev + BB + DE",-0.218781120784858,0.761070907900271,0.803497578169956
1430,"Banteng","BTG",2,"dist_str + ndvi_cv + elev + BB + DE",-0.226426886336982,0.762474182671088,0.79737770304299
1431,"Banteng","BTG",2,"dist_str + ndvi_cv + elev + BB + DE",-0.238261083725422,0.729863073419188,0.787997071054472
1432,"Banteng","BTG",2,"dist_str + ndvi_cv + elev + BB + DE",-0.245131530858022,0.720052821969204,0.78260159536299
1433,"Banteng","BTG",2,"dist_str + ndvi_cv + elev + BB + DE",-0.238598295210994,0.722740600634233,0.787731254312596
1434,"Banteng","BTG",2,"dist_str + ndvi_cv + elev + BB + DE",-0.245793167965613,0.72012091685696,0.782083973661915
1435,"Banteng","BTG",2,"dist_str + ndvi_cv + elev + BB + DE",-0.234564211517681,0.72075320342081,0.790915454990906
1436,"Banteng","BTG",2,"dist_str + ndvi_cv + elev + BB + DE",-0.240097234412398,0.701286548585329,0.786551379003311
1437,"Banteng","BTG",2,"dist_str + ndvi_cv + elev + BB + DE",-0.267688267244721,0.702432709294126,0.765146269453006
1438,"Banteng","BTG",2,"dist_str + ndvi_cv + elev + BB + DE",-0.272273851304566,0.692242041741437,0.761645655404604
1439,"Banteng","BTG",2,"dist_str + ndvi_cv + elev + BB + DE",-0.297744454205222,0.695449687225763,0.74249105644979
1440,"Banteng","BTG",2,"dist_str + ndvi_cv + elev + BB + DE",-0.332082019405302,0.675289086588021,0.717428537452365
1441,"Banteng","BTG",2,"dist_str + ndvi_cv + elev + BB + DE",-0.337978891001216,0.684648948145779,0.71321034337682
1442,"Banteng","BTG",2,"dist_str + ndvi_cv + elev + BB + DE",-0.316406688911298,0.672922127354624,0.728763015503925
1443,"Banteng","BTG",2,"dist_str + ndvi_cv + elev + BB + DE",-0.240818419802468,0.693244547520739,0.785984333192189
1444,"Banteng","BTG",2,"dist_str + ndvi_cv + elev + BB + DE",-0.162098832421054,0.715726306118406,0.850357159539684
1445,"Banteng","BTG",2,"dist_str + ndvi_cv + elev + BB + DE",-0.121226984483329,0.72084213826448,0.885832867415159
1446,"Banteng","BTG",2,"dist_str + ndvi_cv + elev + BB + DE",-0.0681000210246969,0.733494972932667,0.93416705340487
1447,"Banteng","BTG",2,"dist_str + ndvi_cv + elev + BB + DE",-0.00673087003509145,0.732920999484232,0.993291734505339
1448,"Banteng","BTG",2,"dist_str + ndvi_cv + elev + BB + DE",0.0237600259418206,0.746917839174202,1.02404454441325
1449,"Banteng","BTG",2,"dist_str + ndvi_cv + elev + BB + DE",0.0643969108015992,0.747991460265664,1.06651563346641
1450,"Banteng","BTG",2,"dist_str + ndvi_cv + elev + BB + DE",0.0777190248430386,0.752326842369248,1.08081897071873
1451,"Banteng","BTG",2,"dist_str + ndvi_cv + elev + BB + DE",0.108885216731326,0.752367492702263,1.11503435695276
1452,"Banteng","BTG",2,"dist_str + ndvi_cv + elev + BB + DE",0.140609850141172,0.7750916627942,1.15097551262456
1453,"Banteng","BTG",2,"dist_str + ndvi_cv + elev + BB + DE",0.176666986761278,0.78960063090481,1.19323370077871
1454,"Banteng","BTG",2,"dist_str + ndvi_cv + elev + BB + DE",0.220471018397418,0.790334895722488,1.2466638186262
1455,"Banteng","BTG",2,"dist_str + ndvi_cv + elev + BB + DE",0.205857348721472,0.790541929966871,1.22857793477605
1456,"Banteng","BTG",2,"dist_str + ndvi_cv + elev + BB + DE",0.260611441475619,0.81215521051917,1.29772332726447
1457,"Banteng","BTG",2,"dist_str + ndvi_cv + elev + BB + DE",0.263639106852473,0.816881200627839,1.30165835483293
1458,"Banteng","BTG",2,"dist_str + ndvi_cv + elev + BB + DE",0.257977173852682,0.819725640476641,1.2943092779145
1459,"Banteng","BTG",2,"dist_str + ndvi_cv + elev + BB + DE",0.282870938982222,0.848184069029383,1.32693390252034
1460,"Banteng","BTG",2,"dist_str + ndvi_cv + elev + BB + DE",0.296492152744616,0.850303084146549,1.34513217227411
1461,"Banteng","BTG",2,"dist_str + ndvi_cv + elev + BB + DE",0.297909448082229,0.861210921422079,1.34703981333518
1462,"Banteng","BTG",2,"dist_str + ndvi_cv + elev + BB + DE",0.286795254437437,0.900222967859594,1.33215143422043
1463,"Banteng","BTG",2,"dist_str + ndvi_cv + elev + BB + DE",0.292479779059974,0.917230493491242,1.33974566625864
1464,"Banteng","BTG",2,"dist_str + ndvi_cv + elev + BB + DE",0.291066058411863,0.952959576322982,1.33785298296916
1465,"Banteng","BTG",2,"dist_str + ndvi_cv + elev + BB + DE",0.287149257869775,0.990009047888534,1.33262326215297
1466,"Banteng","BTG",2,"dist_str + ndvi_cv + elev + BB + DE",0.277530292494698,1.07504457163454,1.31986612195029
1467,"Banteng","BTG",2,"dist_str + ndvi_cv + elev + BB + DE",-0.214540322887306,0.984621047063532,0.806912290406493
1468,"Banteng","BTG",2,"dist_str + ndvi_cv + elev + BB + DE",-0.242810418118289,0.882068825608447,0.784420270212044
1469,"Banteng","BTG",2,"dist_str + ndvi_cv + elev + BB + DE",-0.209689355931,0.823261835987688,0.810836100046598
1470,"Banteng","BTG",2,"dist_str + ndvi_cv + elev + BB + DE",-0.201015594381442,0.792606300338265,0.817899677857067
1471,"Banteng","BTG",2,"dist_str + ndvi_cv + elev + BB + DE",-0.219158580816694,0.790173155110593,0.803194345510728
1472,"Banteng","BTG",2,"dist_str + ndvi_cv + elev + BB + DE",-0.196196816198764,0.778935169376107,0.821850465666876
1473,"Banteng","BTG",2,"dist_str + ndvi_cv + elev + BB + DE",-0.196889280304113,0.765965909733448,0.821281560585172
1474,"Banteng","BTG",2,"dist_str + ndvi_cv + elev + BB + DE",-0.216248426778954,0.750380638393888,0.805535170511221
1475,"Banteng","BTG",2,"dist_str + ndvi_cv + elev + BB + DE",-0.219163563717279,0.735188211108183,0.803190341386741
1476,"Banteng","BTG",2,"dist_str + ndvi_cv + elev + BB + DE",-0.235687773533792,0.731888497283099,0.790027344742765
1477,"Banteng","BTG",2,"dist_str + ndvi_cv + elev + BB + DE",-0.226300240323277,0.725635061201966,0.797478678959675
1478,"Banteng","BTG",2,"dist_str + ndvi_cv + elev + BB + DE",-0.226591002195125,0.721125316410205,0.797246791992423
1479,"Banteng","BTG",2,"dist_str + ndvi_cv + elev + BB + DE",-0.233892071630432,0.713205435085061,0.791447239543939
1480,"Banteng","BTG",2,"dist_str + ndvi_cv + elev + BB + DE",-0.255149287720993,0.721108381948024,0.774800864240646
1481,"Banteng","BTG",2,"dist_str + ndvi_cv + elev + BB + DE",-0.263912783351036,0.716068963694834,0.76804056583645
1482,"Banteng","BTG",2,"dist_str + ndvi_cv + elev + BB + DE",-0.263116108675251,0.691824852456142,0.768652648025389
1483,"Banteng","BTG",2,"dist_str + ndvi_cv + elev + BB + DE",-0.30315077581553,0.69780047176126,0.738487772304465
1484,"Banteng","BTG",2,"dist_str + ndvi_cv + elev + BB + DE",-0.354272197527571,0.672788370165958,0.701683950916276
1485,"Banteng","BTG",2,"dist_str + ndvi_cv + elev + BB + DE",-0.523141484098222,0.60708695244707,0.592655806018313
1486,"Banteng","BTG",2,"dist_str + ndvi_cv + elev + BB + DE",-0.361203069055921,0.658383191366622,0.696837481952836
1487,"Banteng","BTG",2,"dist_str + ndvi_cv + elev + BB + DE",-0.232146435461591,0.692245688009955,0.79283001686471
1488,"Banteng","BTG",2,"dist_str + ndvi_cv + elev + BB + DE",-0.159521103599051,0.706134629941655,0.852551978245071
1489,"Banteng","BTG",2,"dist_str + ndvi_cv + elev + BB + DE",-0.105960444820285,0.709520023329731,0.899460269230231
1490,"Banteng","BTG",2,"dist_str + ndvi_cv + elev + BB + DE",-0.0568563403495983,0.72182563180379,0.944729820775214
1491,"Banteng","BTG",2,"dist_str + ndvi_cv + elev + BB + DE",-0.01198311569363,0.725923604841996,0.988088399034827
1492,"Banteng","BTG",2,"dist_str + ndvi_cv + elev + BB + DE",0.024654815378054,0.742392311954653,1.02496127724342
1493,"Banteng","BTG",2,"dist_str + ndvi_cv + elev + BB + DE",0.0672731352672045,0.740735037258783,1.06958758155771
1494,"Banteng","BTG",2,"dist_str + ndvi_cv + elev + BB + DE",0.095541441126691,0.743734386938872,1.10025441773085
1495,"Banteng","BTG",2,"dist_str + ndvi_cv + elev + BB + DE",0.130355659213288,0.756105321537636,1.13923351191685
1496,"Banteng","BTG",2,"dist_str + ndvi_cv + elev + BB + DE",0.147597637453114,0.772214372495625,1.15904644996055
1497,"Banteng","BTG",2,"dist_str + ndvi_cv + elev + BB + DE",0.2049786159667,0.791039684158284,1.22749883203019
1498,"Banteng","BTG",2,"dist_str + ndvi_cv + elev + BB + DE",0.239240585262271,0.786123800666544,1.27028411154388
1499,"Banteng","BTG",2,"dist_str + ndvi_cv + elev + BB + DE",0.262264648151604,0.788317261532895,1.29987074739685
1500,"Banteng","BTG",2,"dist_str + ndvi_cv + elev + BB + DE",0.2740618266264,0.792277823813556,1.31529612156932
1501,"Banteng","BTG",2,"dist_str + ndvi_cv + elev + BB + DE",0.292846622420602,0.80541720041695,1.34023742270805
1502,"Banteng","BTG",2,"dist_str + ndvi_cv + elev + BB + DE",0.296848523381477,0.827395770789988,1.34561148525239
1503,"Banteng","BTG",2,"dist_str + ndvi_cv + elev + BB + DE",0.31199341673707,0.841045395523175,1.36614570022642
1504,"Banteng","BTG",2,"dist_str + ndvi_cv + elev + BB + DE",0.326868516990366,0.854681005838301,1.38661915042971
1505,"Banteng","BTG",2,"dist_str + ndvi_cv + elev + BB + DE",0.301461612064464,0.877621554960908,1.35183327708269
1506,"Banteng","BTG",2,"dist_str + ndvi_cv + elev + BB + DE",0.314999430260161,0.905839046924721,1.37025858492926
1507,"Banteng","BTG",2,"dist_str + ndvi_cv + elev + BB + DE",0.296457486748842,0.916669238465812,1.34508542429686
1508,"Banteng","BTG",2,"dist_str + ndvi_cv + elev + BB + DE",0.315541436593963,0.956334815921118,1.3710014203984
1509,"Banteng","BTG",2,"dist_str + ndvi_cv + elev + BB + DE",0.298505898036894,1.00053041025155,1.34784348830021
1510,"Banteng","BTG",2,"dist_str + ndvi_cv + elev + BB + DE",0.293703629768844,1.09186912328106,1.34138629808339
1511,"Banteng","BTG",2,"dist_str + ndvi_cv + elev + BB + DE",-0.194556979349044,1.05517785107146,0.823199272050855
1512,"Banteng","BTG",2,"dist_str + ndvi_cv + elev + BB + DE",-0.187536405750549,0.901370884022779,0.828998964167819
1513,"Banteng","BTG",2,"dist_str + ndvi_cv + elev + BB + DE",-0.211906845372622,0.841679178680355,0.809040059903656
1514,"Banteng","BTG",2,"dist_str + ndvi_cv + elev + BB + DE",-0.187861704969041,0.812066589267651,0.828729313479174
1515,"Banteng","BTG",2,"dist_str + ndvi_cv + elev + BB + DE",-0.187484677174072,0.782676373309962,0.829041824459828
1516,"Banteng","BTG",2,"dist_str + ndvi_cv + elev + BB + DE",-0.179101569430914,0.779926371371777,0.83602098491881
1517,"Banteng","BTG",2,"dist_str + ndvi_cv + elev + BB + DE",-0.171516452739575,0.766819745393152,0.842386408369404
1518,"Banteng","BTG",2,"dist_str + ndvi_cv + elev + BB + DE",-0.197103303818612,0.754840554697302,0.821105855529292
1519,"Banteng","BTG",2,"dist_str + ndvi_cv + elev + BB + DE",-0.21093211664792,0.735237349730768,0.809829062302861
1520,"Banteng","BTG",2,"dist_str + ndvi_cv + elev + BB + DE",-0.213374072794718,0.738144153985509,0.807853897531406
1521,"Banteng","BTG",2,"dist_str + ndvi_cv + elev + BB + DE",-0.22975916543312,0.726243260204152,0.794724983582756
1522,"Banteng","BTG",2,"dist_str + ndvi_cv + elev + BB + DE",-0.214026195372998,0.728240521300646,0.807327236518614
1523,"Banteng","BTG",2,"dist_str + ndvi_cv + elev + BB + DE",-0.234681384949416,0.713170468315894,0.790822793551133
1524,"Banteng","BTG",2,"dist_str + ndvi_cv + elev + BB + DE",-0.256937291306579,0.72863062278483,0.773416719016266
1525,"Banteng","BTG",2,"dist_str + ndvi_cv + elev + BB + DE",-0.261456719989938,0.700656586031166,0.769929220201768
1526,"Banteng","BTG",2,"dist_str + ndvi_cv + elev + BB + DE",-0.25513222646672,0.700240109701338,0.774814050642261
1527,"Banteng","BTG",2,"dist_str + ndvi_cv + elev + BB + DE",-0.276084405334383,0.693286861105267,0.758748917034606
1528,"Banteng","BTG",2,"dist_str + ndvi_cv + elev + BB + DE",-0.307936082818976,0.692306895943994,0.734962293239648
1529,"Banteng","BTG",2,"dist_str + ndvi_cv + elev + BB + DE",-0.30683487674074,0.670875845790444,0.735772177056638
1530,"Banteng","BTG",2,"dist_str + ndvi_cv + elev + BB + DE",-0.282835891969636,0.679928962900525,0.753643483586047
1531,"Banteng","BTG",2,"dist_str + ndvi_cv + elev + BB + DE",-0.220011888652579,0.700229894775349,0.802509257403689
1532,"Banteng","BTG",2,"dist_str + ndvi_cv + elev + BB + DE",-0.155130805889777,0.704361013180535,0.856303160734823
1533,"Banteng","BTG",2,"dist_str + ndvi_cv + elev + BB + DE",-0.0885983059060691,0.717409069673488,0.915213135523164
1534,"Banteng","BTG",2,"dist_str + ndvi_cv + elev + BB + DE",-0.0427000024939163,0.720048043528044,0.958198805857904
1535,"Banteng","BTG",2,"dist_str + ndvi_cv + elev + BB + DE",0.00447868676378073,0.730495429019872,1.00448873125918
1536,"Banteng","BTG",2,"dist_str + ndvi_cv + elev + BB + DE",0.0410152514360395,0.739253051658721,1.0418680932978
1537,"Banteng","BTG",2,"dist_str + ndvi_cv + elev + BB + DE",0.0690610509115309,0.735799775643931,1.07150170392111
1538,"Banteng","BTG",2,"dist_str + ndvi_cv + elev + BB + DE",0.123927588048514,0.751625299335901,1.13193391408281
1539,"Banteng","BTG",2,"dist_str + ndvi_cv + elev + BB + DE",0.154638948023628,0.743128810596803,1.1672364676197
1540,"Banteng","BTG",2,"dist_str + ndvi_cv + elev + BB + DE",0.183842863531396,0.76578768450604,1.20182695800568
1541,"Banteng","BTG",2,"dist_str + ndvi_cv + elev + BB + DE",0.229926430006677,0.778062617332776,1.25850746980859
1542,"Banteng","BTG",2,"dist_str + ndvi_cv + elev + BB + DE",0.263743556800576,0.772547668404321,1.301794374466
1543,"Banteng","BTG",2,"dist_str + ndvi_cv + elev + BB + DE",0.267205606898365,0.785922229288151,1.30630902126607
1544,"Banteng","BTG",2,"dist_str + ndvi_cv + elev + BB + DE",0.297600457939669,0.798898781541787,1.34662364928758
1545,"Banteng","BTG",2,"dist_str + ndvi_cv + elev + BB + DE",0.318255711160738,0.808678370516453,1.37472777091519
1546,"Banteng","BTG",2,"dist_str + ndvi_cv + elev + BB + DE",0.319108547967449,0.821640619019494,1.37590068959729
1547,"Banteng","BTG",2,"dist_str + ndvi_cv + elev + BB + DE",0.339571250757561,0.847035386980833,1.40434538951209
1548,"Banteng","BTG",2,"dist_str + ndvi_cv + elev + BB + DE",0.339712326953196,0.856144044619302,1.40454389242608
1549,"Banteng","BTG",2,"dist_str + ndvi_cv + elev + BB + DE",0.333322463804201,0.875611204134793,1.39559726189952
1550,"Banteng","BTG",2,"dist_str + ndvi_cv + elev + BB + DE",0.320720088593848,0.901883406008721,1.37811979262398
1551,"Banteng","BTG",2,"dist_str + ndvi_cv + elev + BB + DE",0.317831613368232,0.94535136275864,1.37414493182875
1552,"Banteng","BTG",2,"dist_str + ndvi_cv + elev + BB + DE",0.311114352001601,0.972171036183076,1.3649453254496
1553,"Banteng","BTG",2,"dist_str + ndvi_cv + elev + BB + DE",0.313064000804243,1.02120664671629,1.36760906252645
1554,"Banteng","BTG",2,"dist_str + ndvi_cv + elev + BB + DE",0.328115210298992,1.10849997252048,1.38834891827796
1555,"Banteng","BTG",2,"dist_str + ndvi_cv + elev + BB + DE",-0.195076973704629,0.969709012516619,0.822771339648583
1556,"Banteng","BTG",2,"dist_str + ndvi_cv + elev + BB + DE",-0.181665455524757,0.862576981939206,0.833880295469034
1557,"Banteng","BTG",2,"dist_str + ndvi_cv + elev + BB + DE",-0.181971514537206,0.828851372646211,0.833625138402279
1558,"Banteng","BTG",2,"dist_str + ndvi_cv + elev + BB + DE",-0.162607209300595,0.799511090679391,0.849925000573187
1559,"Banteng","BTG",2,"dist_str + ndvi_cv + elev + BB + DE",-0.166689632875138,0.771083936042918,0.846462285931777
1560,"Banteng","BTG",2,"dist_str + ndvi_cv + elev + BB + DE",-0.183106011636493,0.759195730306099,0.832679881022801
1561,"Banteng","BTG",2,"dist_str + ndvi_cv + elev + BB + DE",-0.189713551052184,0.75880797229197,0.82719605104033
1562,"Banteng","BTG",2,"dist_str + ndvi_cv + elev + BB + DE",-0.212482481635896,0.735999851013081,0.808574490793965
1563,"Banteng","BTG",2,"dist_str + ndvi_cv + elev + BB + DE",-0.223545435427882,0.731588489192556,0.799678557817935
1564,"Banteng","BTG",2,"dist_str + ndvi_cv + elev + BB + DE",-0.193478095669556,0.725269810718396,0.824087906923402
1565,"Banteng","BTG",2,"dist_str + ndvi_cv + elev + BB + DE",-0.218260728514707,0.722168482904394,0.803915826581958
1566,"Banteng","BTG",2,"dist_str + ndvi_cv + elev + BB + DE",-0.221116172396558,0.718432031786303,0.801623570079148
1567,"Banteng","BTG",2,"dist_str + ndvi_cv + elev + BB + DE",-0.220840251277073,0.707402647219446,0.801844771163764
1568,"Banteng","BTG",2,"dist_str + ndvi_cv + elev + BB + DE",-0.255839838620435,0.703747776732464,0.774265973870171
1569,"Banteng","BTG",2,"dist_str + ndvi_cv + elev + BB + DE",-0.233736393658611,0.700261365159609,0.791570455579298
1570,"Banteng","BTG",2,"dist_str + ndvi_cv + elev + BB + DE",-0.230569898201686,0.697365416736924,0.794080929853026
1571,"Banteng","BTG",2,"dist_str + ndvi_cv + elev + BB + DE",-0.231332637757277,0.685367650433179,0.793475483981546
1572,"Banteng","BTG",2,"dist_str + ndvi_cv + elev + BB + DE",-0.239261263336808,0.682008485858325,0.787209186605712
1573,"Banteng","BTG",2,"dist_str + ndvi_cv + elev + BB + DE",-0.206781627382636,0.685378458703626,0.813197215174523
1574,"Banteng","BTG",2,"dist_str + ndvi_cv + elev + BB + DE",-0.159316562586953,0.699285961265835,0.852726396860415
1575,"Banteng","BTG",2,"dist_str + ndvi_cv + elev + BB + DE",-0.117375393711657,0.701012528693285,0.889251332397519
1576,"Banteng","BTG",2,"dist_str + ndvi_cv + elev + BB + DE",-0.0674252987748678,0.715399786054717,0.934797561191133
1577,"Banteng","BTG",2,"dist_str + ndvi_cv + elev + BB + DE",-0.0252303490540293,0.710601698998821,0.97508527879925
1578,"Banteng","BTG",2,"dist_str + ndvi_cv + elev + BB + DE",0.0150880946035854,0.722831275015617,1.01520249496758
1579,"Banteng","BTG",2,"dist_str + ndvi_cv + elev + BB + DE",0.065782387124977,0.729986209424426,1.06799428288042
1580,"Banteng","BTG",2,"dist_str + ndvi_cv + elev + BB + DE",0.108074341602358,0.734422933918804,1.11413057155113
1581,"Banteng","BTG",2,"dist_str + ndvi_cv + elev + BB + DE",0.165042354861147,0.754388278436264,1.17944309269964
1582,"Banteng","BTG",2,"dist_str + ndvi_cv + elev + BB + DE",0.193366183026135,0.754159429430257,1.21332702053825
1583,"Banteng","BTG",2,"dist_str + ndvi_cv + elev + BB + DE",0.237524136827266,0.760545173789164,1.2681056071216
1584,"Banteng","BTG",2,"dist_str + ndvi_cv + elev + BB + DE",0.270256679663134,0.762047442341593,1.31030074209426
1585,"Banteng","BTG",2,"dist_str + ndvi_cv + elev + BB + DE",0.310351560382811,0.784426664008995,1.36390452489175
1586,"Banteng","BTG",2,"dist_str + ndvi_cv + elev + BB + DE",0.316949238748749,0.778958793882468,1.37293301176355
1587,"Banteng","BTG",2,"dist_str + ndvi_cv + elev + BB + DE",0.345794840567536,0.79901209501534,1.41311267968106
1588,"Banteng","BTG",2,"dist_str + ndvi_cv + elev + BB + DE",0.355912592421126,0.814119819506466,1.42748279806859
1589,"Banteng","BTG",2,"dist_str + ndvi_cv + elev + BB + DE",0.349672636784079,0.823508357203067,1.41860307475647
1590,"Banteng","BTG",2,"dist_str + ndvi_cv + elev + BB + DE",0.372075372120049,0.839047780949523,1.45074232287809
1591,"Banteng","BTG",2,"dist_str + ndvi_cv + elev + BB + DE",0.343045798816151,0.860046643464004,1.40923330359442
1592,"Banteng","BTG",2,"dist_str + ndvi_cv + elev + BB + DE",0.364901926530749,0.88336213110145,1.44037275067261
1593,"Banteng","BTG",2,"dist_str + ndvi_cv + elev + BB + DE",0.351585882197657,0.911093970928477,1.42131980818008
1594,"Banteng","BTG",2,"dist_str + ndvi_cv + elev + BB + DE",0.330501404183562,0.952287231217961,1.39166575289735
1595,"Banteng","BTG",2,"dist_str + ndvi_cv + elev + BB + DE",0.324852701283951,0.992686061216702,1.38382680440587
1596,"Banteng","BTG",2,"dist_str + ndvi_cv + elev + BB + DE",0.329138680684087,1.06159397566763,1.38977057673376
1597,"Banteng","BTG",2,"dist_str + ndvi_cv + elev + BB + DE",0.299055233216362,1.15710251762809,1.34858412791372
1598,"Banteng","BTG",2,"dist_str + ndvi_cv + elev + BB + DE",0.338406946444301,1.29680346320595,1.40271126832467
1599,"Banteng","BTG",2,"dist_str + ndvi_cv + elev + BB + DE",-0.180311530540655,0.90401187570509,0.835010047784501
1600,"Banteng","BTG",2,"dist_str + ndvi_cv + elev + BB + DE",-0.169003561929614,0.822857468101551,0.844505895632828
1601,"Banteng","BTG",2,"dist_str + ndvi_cv + elev + BB + DE",-0.164958390006964,0.792701437025756,0.847929002658783
1602,"Banteng","BTG",2,"dist_str + ndvi_cv + elev + BB + DE",-0.17912875181799,0.764985990835427,0.835998259872605
1603,"Banteng","BTG",2,"dist_str + ndvi_cv + elev + BB + DE",-0.175949040419762,0.77031696520765,0.838660749241145
1604,"Banteng","BTG",2,"dist_str + ndvi_cv + elev + BB + DE",-0.167006746384544,0.756541563643263,0.846193903411521
1605,"Banteng","BTG",2,"dist_str + ndvi_cv + elev + BB + DE",-0.178772558521359,0.746280726452891,0.836296086771291
1606,"Banteng","BTG",2,"dist_str + ndvi_cv + elev + BB + DE",-0.179576484245836,0.7267582648754,0.835624070014158
1607,"Banteng","BTG",2,"dist_str + ndvi_cv + elev + BB + DE",-0.20109270751322,0.714388721106252,0.817836613722382
1608,"Banteng","BTG",2,"dist_str + ndvi_cv + elev + BB + DE",-0.214573209318873,0.70654536997221,0.806885839709443
1609,"Banteng","BTG",2,"dist_str + ndvi_cv + elev + BB + DE",-0.231655850599784,0.703350630695684,0.7932194309912
1610,"Banteng","BTG",2,"dist_str + ndvi_cv + elev + BB + DE",-0.231527922384619,0.705011987239309,0.793320545592424
1611,"Banteng","BTG",2,"dist_str + ndvi_cv + elev + BB + DE",-0.228570733303162,0.689354096633063,0.795670015786972
1612,"Banteng","BTG",2,"dist_str + ndvi_cv + elev + BB + DE",-0.224455826728802,0.694719947809071,0.798950869009032
1613,"Banteng","BTG",2,"dist_str + ndvi_cv + elev + BB + DE",-0.209877800853609,0.696700471045121,0.810683314245682
1614,"Banteng","BTG",2,"dist_str + ndvi_cv + elev + BB + DE",-0.196246494620464,0.692762931122392,0.821809966621289
1615,"Banteng","BTG",2,"dist_str + ndvi_cv + elev + BB + DE",-0.18732004335775,0.686338328259188,0.829178326635524
1616,"Banteng","BTG",2,"dist_str + ndvi_cv + elev + BB + DE",-0.146719007298454,0.68554364967189,0.863536592034974
1617,"Banteng","BTG",2,"dist_str + ndvi_cv + elev + BB + DE",-0.124417007446618,0.69266252700787,0.883011542995243
1618,"Banteng","BTG",2,"dist_str + ndvi_cv + elev + BB + DE",-0.0887443869572401,0.704726501746264,0.915079460988542
1619,"Banteng","BTG",2,"dist_str + ndvi_cv + elev + BB + DE",-0.0345570033933324,0.719172684735516,0.96603327408155
1620,"Banteng","BTG",2,"dist_str + ndvi_cv + elev + BB + DE",-0.00323668733127244,0.717419006510551,0.996768562521809
1621,"Banteng","BTG",2,"dist_str + ndvi_cv + elev + BB + DE",0.0398878984828316,0.720782746304395,1.04069411701041
1622,"Banteng","BTG",2,"dist_str + ndvi_cv + elev + BB + DE",0.0987924842827599,0.729184499681636,1.10383721226273
1623,"Banteng","BTG",2,"dist_str + ndvi_cv + elev + BB + DE",0.144221364358788,0.730199557127293,1.15513993543135
1624,"Banteng","BTG",2,"dist_str + ndvi_cv + elev + BB + DE",0.201023075132566,0.738292942301479,1.22265299008406
1625,"Banteng","BTG",2,"dist_str + ndvi_cv + elev + BB + DE",0.227994434908767,0.747787424425053,1.25607833745282
1626,"Banteng","BTG",2,"dist_str + ndvi_cv + elev + BB + DE",0.274232193064793,0.748951859238776,1.31552032473285
1627,"Banteng","BTG",2,"dist_str + ndvi_cv + elev + BB + DE",0.307950360964463,0.757353128002663,1.36063344876197
1628,"Banteng","BTG",2,"dist_str + ndvi_cv + elev + BB + DE",0.331738386600898,0.773540889724054,1.39338827178952
1629,"Banteng","BTG",2,"dist_str + ndvi_cv + elev + BB + DE",0.363779093600271,0.789938637765306,1.43875641129044
1630,"Banteng","BTG",2,"dist_str + ndvi_cv + elev + BB + DE",0.378683495089356,0.799791194382516,1.46036075202303
1631,"Banteng","BTG",2,"dist_str + ndvi_cv + elev + BB + DE",0.364201922450206,0.806341929104426,1.43936482553466
1632,"Banteng","BTG",2,"dist_str + ndvi_cv + elev + BB + DE",0.383953881761009,0.816719867870056,1.46807786911352
1633,"Banteng","BTG",2,"dist_str + ndvi_cv + elev + BB + DE",0.398455501315208,0.835615888058615,1.48952236228231
1634,"Banteng","BTG",2,"dist_str + ndvi_cv + elev + BB + DE",0.415562625321148,0.857688931917943,1.51522317989675
1635,"Banteng","BTG",2,"dist_str + ndvi_cv + elev + BB + DE",0.362230070259207,0.886850705822574,1.43652942304652
1636,"Banteng","BTG",2,"dist_str + ndvi_cv + elev + BB + DE",0.393438560529266,0.929778201895108,1.48206824589317
1637,"Banteng","BTG",2,"dist_str + ndvi_cv + elev + BB + DE",0.359996129089739,0.989352560795104,1.43332432696183
1638,"Banteng","BTG",2,"dist_str + ndvi_cv + elev + BB + DE",0.311215638275006,1.1072195524078,1.36508379961433
1639,"Banteng","BTG",2,"dist_str + ndvi_cv + elev + BB + DE",0.306274365870211,1.16080085715981,1.35835495826198
1640,"Banteng","BTG",2,"dist_str + ndvi_cv + elev + BB + DE",0.350361986551715,1.22363210722371,1.41958132494667
1641,"Banteng","BTG",2,"dist_str + ndvi_cv + elev + BB + DE",0.329572338073705,1.31470850725733,1.39037344311287
1642,"Banteng","BTG",2,"dist_str + ndvi_cv + elev + BB + DE",-0.161725114533777,0.956821925725269,0.850675019046705
1643,"Banteng","BTG",2,"dist_str + ndvi_cv + elev + BB + DE",-0.145729968300903,0.823457162178463,0.864391086777678
1644,"Banteng","BTG",2,"dist_str + ndvi_cv + elev + BB + DE",-0.146097582308122,0.79732196014707,0.864073391963837
1645,"Banteng","BTG",2,"dist_str + ndvi_cv + elev + BB + DE",-0.164637698177173,0.772656246606724,0.848200953719609
1646,"Banteng","BTG",2,"dist_str + ndvi_cv + elev + BB + DE",-0.158190417951275,0.771827395123459,0.853687215595462
1647,"Banteng","BTG",2,"dist_str + ndvi_cv + elev + BB + DE",-0.158814627461475,0.760380401737063,0.853154499427267
1648,"Banteng","BTG",2,"dist_str + ndvi_cv + elev + BB + DE",-0.180246179568203,0.743885711666689,0.835064615166347
1649,"Banteng","BTG",2,"dist_str + ndvi_cv + elev + BB + DE",-0.191474112338732,0.744751761745632,0.825741005238718
1650,"Banteng","BTG",2,"dist_str + ndvi_cv + elev + BB + DE",-0.206047463533738,0.715394656291787,0.813794457575216
1651,"Banteng","BTG",2,"dist_str + ndvi_cv + elev + BB + DE",-0.220347917861536,0.717732393368773,0.802239636591104
1652,"Banteng","BTG",2,"dist_str + ndvi_cv + elev + BB + DE",-0.230827814510726,0.693034112252337,0.793876471406323
1653,"Banteng","BTG",2,"dist_str + ndvi_cv + elev + BB + DE",-0.224387458032131,0.693582705488392,0.799005493794023
1654,"Banteng","BTG",2,"dist_str + ndvi_cv + elev + BB + DE",-0.219873729341118,0.6936456134051,0.802620147170388
1655,"Banteng","BTG",2,"dist_str + ndvi_cv + elev + BB + DE",-0.198681418704357,0.68864731973743,0.819811058045135
1656,"Banteng","BTG",2,"dist_str + ndvi_cv + elev + BB + DE",-0.162781387829607,0.699225222393038,0.849776952189948
1657,"Banteng","BTG",2,"dist_str + ndvi_cv + elev + BB + DE",-0.155839305980108,0.704961564243554,0.855696693552262
1658,"Banteng","BTG",2,"dist_str + ndvi_cv + elev + BB + DE",-0.14035009819096,0.695137121717327,0.869053930585184
1659,"Banteng","BTG",2,"dist_str + ndvi_cv + elev + BB + DE",-0.105817109870845,0.697793767810856,0.899589193471319
1660,"Banteng","BTG",2,"dist_str + ndvi_cv + elev + BB + DE",-0.0635304762860605,0.709404565378679,0.938445519639051
1661,"Banteng","BTG",2,"dist_str + ndvi_cv + elev + BB + DE",-0.0397565526300947,0.696434535143221,0.961023379841561
1662,"Banteng","BTG",2,"dist_str + ndvi_cv + elev + BB + DE",-0.00141661187656653,0.713467291718412,0.998584394709006
1663,"Banteng","BTG",2,"dist_str + ndvi_cv + elev + BB + DE",0.0246432050397046,0.716883740139738,1.02494940711902
1664,"Banteng","BTG",2,"dist_str + ndvi_cv + elev + BB + DE",0.0581667251673733,0.713685866395673,1.05989177166793
1665,"Banteng","BTG",2,"dist_str + ndvi_cv + elev + BB + DE",0.134374611813139,0.713689943583905,1.14382122901933
1666,"Banteng","BTG",2,"dist_str + ndvi_cv + elev + BB + DE",0.173360975264102,0.735800676383704,1.18929535474211
1667,"Banteng","BTG",2,"dist_str + ndvi_cv + elev + BB + DE",0.233496089155405,0.73627320722197,1.26300788945303
1668,"Banteng","BTG",2,"dist_str + ndvi_cv + elev + BB + DE",0.282945531272263,0.748708036808182,1.32703287909413
1669,"Banteng","BTG",2,"dist_str + ndvi_cv + elev + BB + DE",0.324284085191655,0.763642225500817,1.38304015944594
1670,"Banteng","BTG",2,"dist_str + ndvi_cv + elev + BB + DE",0.34056393592525,0.76098260134089,1.40574014084228
1671,"Banteng","BTG",2,"dist_str + ndvi_cv + elev + BB + DE",0.376899284849562,0.76912353807065,1.45775750004007
1672,"Banteng","BTG",2,"dist_str + ndvi_cv + elev + BB + DE",0.402865749336141,0.776221092352847,1.49610621028239
1673,"Banteng","BTG",2,"dist_str + ndvi_cv + elev + BB + DE",0.40857613909842,0.788133721168757,1.50467381550879
1674,"Banteng","BTG",2,"dist_str + ndvi_cv + elev + BB + DE",0.421805848984715,0.804680524720063,1.52471253539905
1675,"Banteng","BTG",2,"dist_str + ndvi_cv + elev + BB + DE",0.405036647856446,0.815794566071614,1.49935745377281
1676,"Banteng","BTG",2,"dist_str + ndvi_cv + elev + BB + DE",0.433748770713631,0.843192558430423,1.54303116618368
1677,"Banteng","BTG",2,"dist_str + ndvi_cv + elev + BB + DE",0.425655974269218,0.868119867455273,1.53059412236383
1678,"Banteng","BTG",2,"dist_str + ndvi_cv + elev + BB + DE",0.413180730589213,0.885013215915621,1.51161825012275
1679,"Banteng","BTG",2,"dist_str + ndvi_cv + elev + BB + DE",0.429577810886299,0.950696972217266,1.53660883795387
1680,"Banteng","BTG",2,"dist_str + ndvi_cv + elev + BB + DE",0.337029984227704,1.34329212130769,1.40078113445291
1681,"Banteng","BTG",2,"dist_str + ndvi_cv + elev + BB + DE",0.331174246879286,1.47319388171997,1.39260242780283
1682,"Banteng","BTG",2,"dist_str + ndvi_cv + elev + BB + DE",-0.136393172422521,0.959140596348305,0.872499535107708
1683,"Banteng","BTG",2,"dist_str + ndvi_cv + elev + BB + DE",-0.141571610799949,0.836300685515286,0.867993021261907
1684,"Banteng","BTG",2,"dist_str + ndvi_cv + elev + BB + DE",-0.136298996381385,0.799236983250263,0.872581707377197
1685,"Banteng","BTG",2,"dist_str + ndvi_cv + elev + BB + DE",-0.140678462749623,0.778559552533841,0.868768623648929
1686,"Banteng","BTG",2,"dist_str + ndvi_cv + elev + BB + DE",-0.13440540096988,0.768409591283271,0.874235579398657
1687,"Banteng","BTG",2,"dist_str + ndvi_cv + elev + BB + DE",-0.146633928914767,0.748143220361616,0.863610175116129
1688,"Banteng","BTG",2,"dist_str + ndvi_cv + elev + BB + DE",-0.167396272612923,0.741123334784044,0.845864363985667
1689,"Banteng","BTG",2,"dist_str + ndvi_cv + elev + BB + DE",-0.16704180296345,0.744372674905269,0.846164240655041
1690,"Banteng","BTG",2,"dist_str + ndvi_cv + elev + BB + DE",-0.178891347036898,0.732545838388259,0.836196757816515
1691,"Banteng","BTG",2,"dist_str + ndvi_cv + elev + BB + DE",-0.206174627280977,0.709027778601766,0.813690971445549
1692,"Banteng","BTG",2,"dist_str + ndvi_cv + elev + BB + DE",-0.219781851260043,0.702410871052742,0.802693891251831
1693,"Banteng","BTG",2,"dist_str + ndvi_cv + elev + BB + DE",-0.296269327088942,0.663556527309412,0.743587134070894
1694,"Banteng","BTG",2,"dist_str + ndvi_cv + elev + BB + DE",-0.212061969435295,0.684326237449548,0.808914568776658
1695,"Banteng","BTG",2,"dist_str + ndvi_cv + elev + BB + DE",-0.177534779331537,0.704535915674036,0.837331877692995
1696,"Banteng","BTG",2,"dist_str + ndvi_cv + elev + BB + DE",-0.13815007906962,0.689826812988786,0.870967969810979
1697,"Banteng","BTG",2,"dist_str + ndvi_cv + elev + BB + DE",-0.140501790984214,0.694598896100081,0.868922108842852
1698,"Banteng","BTG",2,"dist_str + ndvi_cv + elev + BB + DE",-0.096537538078964,0.692938498579977,0.907975817778469
1699,"Banteng","BTG",2,"dist_str + ndvi_cv + elev + BB + DE",-0.0675053687397158,0.696547921458041,0.93472270462019
1700,"Banteng","BTG",2,"dist_str + ndvi_cv + elev + BB + DE",-0.0250698460084749,0.694008825495495,0.975241793253065
1701,"Banteng","BTG",2,"dist_str + ndvi_cv + elev + BB + DE",0.0192947978060758,0.701286285106815,1.01948216612063
1702,"Banteng","BTG",2,"dist_str + ndvi_cv + elev + BB + DE",0.0469936383369337,0.71155694576198,1.04811536156987
1703,"Banteng","BTG",2,"dist_str + ndvi_cv + elev + BB + DE",0.0550832992060442,0.701075196833714,1.0566286415585
1704,"Banteng","BTG",2,"dist_str + ndvi_cv + elev + BB + DE",0.0741807922698647,0.691412267781538,1.07700150559075
1705,"Banteng","BTG",2,"dist_str + ndvi_cv + elev + BB + DE",0.132553931836804,0.703949830464763,1.14174059149611
1706,"Banteng","BTG",2,"dist_str + ndvi_cv + elev + BB + DE",0.228236735473272,0.720157671793186,1.25638274283557
1707,"Banteng","BTG",2,"dist_str + ndvi_cv + elev + BB + DE",0.267522673113619,0.725696309817343,1.30672326344087
1708,"Banteng","BTG",2,"dist_str + ndvi_cv + elev + BB + DE",0.298046037368412,0.740528919448082,1.34722382855436
1709,"Banteng","BTG",2,"dist_str + ndvi_cv + elev + BB + DE",0.361440705891499,0.743627582544708,1.43539591063557
1710,"Banteng","BTG",2,"dist_str + ndvi_cv + elev + BB + DE",0.384232383575114,0.764771455480547,1.46848666113238
1711,"Banteng","BTG",2,"dist_str + ndvi_cv + elev + BB + DE",0.417364469675923,0.760302874444039,1.51795566331115
1712,"Banteng","BTG",2,"dist_str + ndvi_cv + elev + BB + DE",0.425944028178578,0.771552468574886,1.53103520708167
1713,"Banteng","BTG",2,"dist_str + ndvi_cv + elev + BB + DE",0.426730336449997,0.785720545738015,1.53223942289385
1714,"Banteng","BTG",2,"dist_str + ndvi_cv + elev + BB + DE",0.457512503266786,0.793856693216206,1.58013868516465
1715,"Banteng","BTG",2,"dist_str + ndvi_cv + elev + BB + DE",0.461765755002711,0.821124177337313,1.58687354666766
1716,"Banteng","BTG",2,"dist_str + ndvi_cv + elev + BB + DE",0.448757655957966,0.845141297239276,1.56636501928434
1717,"Banteng","BTG",2,"dist_str + ndvi_cv + elev + BB + DE",0.460392958111763,0.874789052626908,1.58469664234429
1718,"Banteng","BTG",2,"dist_str + ndvi_cv + elev + BB + DE",0.45936765623865,0.892111588636223,1.58307262674485
1719,"Banteng","BTG",2,"dist_str + ndvi_cv + elev + BB + DE",0.446412970341565,0.992249127500693,1.56269670257722
1720,"Banteng","BTG",2,"dist_str + ndvi_cv + elev + BB + DE",-0.112541338009172,0.926626583399035,0.893560408341861
1721,"Banteng","BTG",2,"dist_str + ndvi_cv + elev + BB + DE",-0.113773395857969,0.849021227376987,0.892460168187056
1722,"Banteng","BTG",2,"dist_str + ndvi_cv + elev + BB + DE",-0.120273029471043,0.814414406534781,0.886678328239834
1723,"Banteng","BTG",2,"dist_str + ndvi_cv + elev + BB + DE",-0.121548325381609,0.789071172593063,0.885548260704148
1724,"Banteng","BTG",2,"dist_str + ndvi_cv + elev + BB + DE",-0.130220440516337,0.777571781269759,0.87790189985079
1725,"Banteng","BTG",2,"dist_str + ndvi_cv + elev + BB + DE",-0.118923049785457,0.761846294493348,0.887876122142721
1726,"Banteng","BTG",2,"dist_str + ndvi_cv + elev + BB + DE",-0.122592441533446,0.746122186382304,0.88462419180776
1727,"Banteng","BTG",2,"dist_str + ndvi_cv + elev + BB + DE",-0.149649589600183,0.742638331569522,0.861009686501654
1728,"Banteng","BTG",2,"dist_str + ndvi_cv + elev + BB + DE",-0.146928880053022,0.726548034181797,0.863355381033482
1729,"Banteng","BTG",2,"dist_str + ndvi_cv + elev + BB + DE",-0.160111853972364,0.713860851156175,0.852048486967152
1730,"Banteng","BTG",2,"dist_str + ndvi_cv + elev + BB + DE",-0.213563711948051,0.701560659356582,0.807700698456531
1731,"Banteng","BTG",2,"dist_str + ndvi_cv + elev + BB + DE",-0.281359305350256,0.665905499755398,0.75475709900512
1732,"Banteng","BTG",2,"dist_str + ndvi_cv + elev + BB + DE",-0.198330535383232,0.693421146092186,0.82009875336269
1733,"Banteng","BTG",2,"dist_str + ndvi_cv + elev + BB + DE",-0.144539794559057,0.698896246993975,0.865420475656387
1734,"Banteng","BTG",2,"dist_str + ndvi_cv + elev + BB + DE",-0.10512988071076,0.706160648887619,0.900207600953918
1735,"Banteng","BTG",2,"dist_str + ndvi_cv + elev + BB + DE",-0.0756662055619409,0.704389616278988,0.927125653940651
1736,"Banteng","BTG",2,"dist_str + ndvi_cv + elev + BB + DE",-0.0665870762768348,0.686590420662451,0.935581449010344
1737,"Banteng","BTG",2,"dist_str + ndvi_cv + elev + BB + DE",-0.0195687930290951,0.690671706711048,0.980621460470215
1738,"Banteng","BTG",2,"dist_str + ndvi_cv + elev + BB + DE",0.019885263398805,0.704850474000035,1.02008433319779
1739,"Banteng","BTG",2,"dist_str + ndvi_cv + elev + BB + DE",0.0811672592139755,0.697227476106047,1.08455230543641
1740,"Banteng","BTG",2,"dist_str + ndvi_cv + elev + BB + DE",0.100792400239381,0.70391626991376,1.10604700486608
1741,"Banteng","BTG",2,"dist_str + ndvi_cv + elev + BB + DE",0.118399939134286,0.694987428306168,1.12569423098389
1742,"Banteng","BTG",2,"dist_str + ndvi_cv + elev + BB + DE",0.101846524584408,0.669564155789706,1.10721352863967
1743,"Banteng","BTG",2,"dist_str + ndvi_cv + elev + BB + DE",0.180466127706323,0.696389562595465,1.19777555563934
1744,"Banteng","BTG",2,"dist_str + ndvi_cv + elev + BB + DE",0.258669070329114,0.714102277194017,1.2952051264229
1745,"Banteng","BTG",2,"dist_str + ndvi_cv + elev + BB + DE",0.318064924984473,0.729925367694892,1.37446549706249
1746,"Banteng","BTG",2,"dist_str + ndvi_cv + elev + BB + DE",0.38176618747153,0.737404617363131,1.46486954977455
1747,"Banteng","BTG",2,"dist_str + ndvi_cv + elev + BB + DE",0.408402390061933,0.737371399359067,1.50441240043723
1748,"Banteng","BTG",2,"dist_str + ndvi_cv + elev + BB + DE",0.441544702007537,0.747984155457252,1.55510758382162
1749,"Banteng","BTG",2,"dist_str + ndvi_cv + elev + BB + DE",0.461460231224593,0.764149100318998,1.58638879457978
1750,"Banteng","BTG",2,"dist_str + ndvi_cv + elev + BB + DE",0.489372670964332,0.76091057896629,1.6312925437188
1751,"Banteng","BTG",2,"dist_str + ndvi_cv + elev + BB + DE",0.479317406203345,0.774443358920446,1.61497165926313
1752,"Banteng","BTG",2,"dist_str + ndvi_cv + elev + BB + DE",0.483989446461142,0.794278396781307,1.62253469760417
1753,"Banteng","BTG",2,"dist_str + ndvi_cv + elev + BB + DE",0.491210610506399,0.819263066550374,1.63429351577766
1754,"Banteng","BTG",2,"dist_str + ndvi_cv + elev + BB + DE",0.50664514225542,0.857931070855738,1.65971404181632
1755,"Banteng","BTG",2,"dist_str + ndvi_cv + elev + BB + DE",0.488438404825449,0.869878930861325,1.62976939591808
1756,"Banteng","BTG",2,"dist_str + ndvi_cv + elev + BB + DE",0.490277752213102,0.900943290151091,1.63276974138142
1757,"Banteng","BTG",2,"dist_str + ndvi_cv + elev + BB + DE",0.488069548661174,0.984026954694164,1.62916815274377
1758,"Banteng","BTG",2,"dist_str + ndvi_cv + elev + BB + DE",-0.0954352213024049,1.07598169873562,0.90897727387608
1759,"Banteng","BTG",2,"dist_str + ndvi_cv + elev + BB + DE",-0.11430462887548,0.918223641052822,0.891986190009356
1760,"Banteng","BTG",2,"dist_str + ndvi_cv + elev + BB + DE",-0.105371517670973,0.844683687300633,0.899990102280775
1761,"Banteng","BTG",2,"dist_str + ndvi_cv + elev + BB + DE",-0.105921488934172,0.820817264900836,0.899495267423255
1762,"Banteng","BTG",2,"dist_str + ndvi_cv + elev + BB + DE",-0.0930507796623996,0.807412581809409,0.911147232694048
1763,"Banteng","BTG",2,"dist_str + ndvi_cv + elev + BB + DE",-0.100546082761337,0.761356623991211,0.904343456013789
1764,"Banteng","BTG",2,"dist_str + ndvi_cv + elev + BB + DE",-0.102328974738475,0.76216850090613,0.902732526753068
1765,"Banteng","BTG",2,"dist_str + ndvi_cv + elev + BB + DE",-0.101126341455954,0.745316713197885,0.903818837709376
1766,"Banteng","BTG",2,"dist_str + ndvi_cv + elev + BB + DE",-0.121406138443296,0.738250629665553,0.885674187691453
1767,"Banteng","BTG",2,"dist_str + ndvi_cv + elev + BB + DE",-0.136631991362664,0.71583979372515,0.872291177759725
1768,"Banteng","BTG",2,"dist_str + ndvi_cv + elev + BB + DE",-0.167022881119923,0.720183740874916,0.846180251957542
1769,"Banteng","BTG",2,"dist_str + ndvi_cv + elev + BB + DE",-0.151661939192742,0.711576760168336,0.859278722921643
1770,"Banteng","BTG",2,"dist_str + ndvi_cv + elev + BB + DE",-0.169783752769083,0.696216574288137,0.843847307082581
1771,"Banteng","BTG",2,"dist_str + ndvi_cv + elev + BB + DE",-0.149665564681958,0.703304860025631,0.860995914294363
1772,"Banteng","BTG",2,"dist_str + ndvi_cv + elev + BB + DE",-0.0994132924572093,0.703540392568139,0.905368450895151
1773,"Banteng","BTG",2,"dist_str + ndvi_cv + elev + BB + DE",-0.0573332338148774,0.703185504238725,0.944279352596165
1774,"Banteng","BTG",2,"dist_str + ndvi_cv + elev + BB + DE",-0.0455549722206485,0.707165210606701,0.955467090735979
1775,"Banteng","BTG",2,"dist_str + ndvi_cv + elev + BB + DE",-0.00326769823057245,0.70190907042461,0.996737639449085
1776,"Banteng","BTG",2,"dist_str + ndvi_cv + elev + BB + DE",0.0565087317658146,0.695654011786528,1.05813585496726
1777,"Banteng","BTG",2,"dist_str + ndvi_cv + elev + BB + DE",0.0729223012741564,0.703650158733247,1.07564696241252
1778,"Banteng","BTG",2,"dist_str + ndvi_cv + elev + BB + DE",0.137350690891204,0.706089792346962,1.14723040123494
1779,"Banteng","BTG",2,"dist_str + ndvi_cv + elev + BB + DE",0.163133629253629,0.69969496074899,1.17719402489634
1780,"Banteng","BTG",2,"dist_str + ndvi_cv + elev + BB + DE",0.178114284169202,0.699105753809391,1.19496189396838
1781,"Banteng","BTG",2,"dist_str + ndvi_cv + elev + BB + DE",0.224062600265481,0.696541234702551,1.25114934847486
1782,"Banteng","BTG",2,"dist_str + ndvi_cv + elev + BB + DE",0.263566619920879,0.708204391530327,1.30156400442832
1783,"Banteng","BTG",2,"dist_str + ndvi_cv + elev + BB + DE",0.316538977400539,0.712497489537288,1.37236976254179
1784,"Banteng","BTG",2,"dist_str + ndvi_cv + elev + BB + DE",0.387465179642218,0.718835982084525,1.47324181099514
1785,"Banteng","BTG",2,"dist_str + ndvi_cv + elev + BB + DE",0.435662981049249,0.733253761392953,1.54598767990143
1786,"Banteng","BTG",2,"dist_str + ndvi_cv + elev + BB + DE",0.487914317933861,0.729365435990659,1.62891547411097
1787,"Banteng","BTG",2,"dist_str + ndvi_cv + elev + BB + DE",0.501080786540407,0.73954018461976,1.65050416124469
1788,"Banteng","BTG",2,"dist_str + ndvi_cv + elev + BB + DE",0.520011910173371,0.747905491666672,1.68204768403922
1789,"Banteng","BTG",2,"dist_str + ndvi_cv + elev + BB + DE",0.534585804204427,0.760626016576626,1.70674117534392
1790,"Banteng","BTG",2,"dist_str + ndvi_cv + elev + BB + DE",0.562496820040449,0.778436790328796,1.75504953617736
1791,"Banteng","BTG",2,"dist_str + ndvi_cv + elev + BB + DE",0.549033213772212,0.800005766787648,1.73157814324176
1792,"Banteng","BTG",2,"dist_str + ndvi_cv + elev + BB + DE",0.565592135794225,0.811795063195052,1.7604899232524
1793,"Banteng","BTG",2,"dist_str + ndvi_cv + elev + BB + DE",0.529546597285095,0.826866506957351,1.6981629399884
1794,"Banteng","BTG",2,"dist_str + ndvi_cv + elev + BB + DE",0.540540534467419,0.860774759130023,1.71693467388881
1795,"Banteng","BTG",2,"dist_str + ndvi_cv + elev + BB + DE",0.52818884068256,0.899598894972987,1.69585807460734
1796,"Banteng","BTG",2,"dist_str + ndvi_cv + elev + BB + DE",0.558589517319201,0.977804354752004,1.74820495180964
1797,"Banteng","BTG",2,"dist_str + ndvi_cv + elev + BB + DE",-0.0919499746941607,1.02101602135495,0.912150789526466
1798,"Banteng","BTG",2,"dist_str + ndvi_cv + elev + BB + DE",-0.088879864072569,0.89496491137407,0.914955486310629
1799,"Banteng","BTG",2,"dist_str + ndvi_cv + elev + BB + DE",-0.0943705397616178,0.856969268172272,0.90994553124091
1800,"Banteng","BTG",2,"dist_str + ndvi_cv + elev + BB + DE",-0.095677166735585,0.828284026890813,0.908757347707493
1801,"Banteng","BTG",2,"dist_str + ndvi_cv + elev + BB + DE",-0.0841072018496578,0.801762695093833,0.919332726007186
1802,"Banteng","BTG",2,"dist_str + ndvi_cv + elev + BB + DE",-0.0770071156001876,0.772076361722093,0.925883265565497
1803,"Banteng","BTG",2,"dist_str + ndvi_cv + elev + BB + DE",-0.0791524061058074,0.758093877225574,0.923899169695154
1804,"Banteng","BTG",2,"dist_str + ndvi_cv + elev + BB + DE",-0.0978309030902159,0.744795518779471,0.906802259045546
1805,"Banteng","BTG",2,"dist_str + ndvi_cv + elev + BB + DE",-0.0905838457027719,0.7328335938181,0.913397750596847
1806,"Banteng","BTG",2,"dist_str + ndvi_cv + elev + BB + DE",-0.121059615081531,0.723653421186767,0.885981150873264
1807,"Banteng","BTG",2,"dist_str + ndvi_cv + elev + BB + DE",-0.134719573908165,0.715142809668432,0.873960964015238
1808,"Banteng","BTG",2,"dist_str + ndvi_cv + elev + BB + DE",-0.114164360997115,0.722144910902619,0.89211132937954
1809,"Banteng","BTG",2,"dist_str + ndvi_cv + elev + BB + DE",-0.105849777971264,0.701025284422576,0.899559772713024
1810,"Banteng","BTG",2,"dist_str + ndvi_cv + elev + BB + DE",-0.0960094321667441,0.703003675356298,0.908455447325661
1811,"Banteng","BTG",2,"dist_str + ndvi_cv + elev + BB + DE",-0.0606427277351246,0.706936428656322,0.941159430013797
1812,"Banteng","BTG",2,"dist_str + ndvi_cv + elev + BB + DE",-0.0242849288559294,0.710805789814608,0.976007577424789
1813,"Banteng","BTG",2,"dist_str + ndvi_cv + elev + BB + DE",0.0120764719257302,0.695128059255185,1.01214968778871
1814,"Banteng","BTG",2,"dist_str + ndvi_cv + elev + BB + DE",0.0580293361367213,0.703515444021314,1.05974608450776
1815,"Banteng","BTG",2,"dist_str + ndvi_cv + elev + BB + DE",0.100126697165443,0.705114553911422,1.10531097531768
1816,"Banteng","BTG",2,"dist_str + ndvi_cv + elev + BB + DE",0.152835419800374,0.697432616923851,1.16513323774656
1817,"Banteng","BTG",2,"dist_str + ndvi_cv + elev + BB + DE",0.207097262654408,0.705170630316788,1.23010226457669
1818,"Banteng","BTG",2,"dist_str + ndvi_cv + elev + BB + DE",0.229607696006849,0.698235390669986,1.25810636375251
1819,"Banteng","BTG",2,"dist_str + ndvi_cv + elev + BB + DE",0.273553200482636,0.701153174853613,1.31462730006931
1820,"Banteng","BTG",2,"dist_str + ndvi_cv + elev + BB + DE",0.311776444363919,0.695891807153697,1.36584931585354
1821,"Banteng","BTG",2,"dist_str + ndvi_cv + elev + BB + DE",0.364656029925163,0.709834379641087,1.4400186038603
1822,"Banteng","BTG",2,"dist_str + ndvi_cv + elev + BB + DE",0.423479411048293,0.709963611353345,1.52726654686441
1823,"Banteng","BTG",2,"dist_str + ndvi_cv + elev + BB + DE",0.455103444250215,0.716228148451532,1.57633644000054
1824,"Banteng","BTG",2,"dist_str + ndvi_cv + elev + BB + DE",0.524335441797232,0.726578473677327,1.68933581550173
1825,"Banteng","BTG",2,"dist_str + ndvi_cv + elev + BB + DE",0.547066900719069,0.734008685335818,1.72817667410762
1826,"Banteng","BTG",2,"dist_str + ndvi_cv + elev + BB + DE",0.579191441606095,0.736308484266123,1.78459490292834
1827,"Banteng","BTG",2,"dist_str + ndvi_cv + elev + BB + DE",0.588693070528124,0.740229587855999,1.80163267555541
1828,"Banteng","BTG",2,"dist_str + ndvi_cv + elev + BB + DE",0.599850150716901,0.739712454501406,1.82184579368533
1829,"Banteng","BTG",2,"dist_str + ndvi_cv + elev + BB + DE",0.620186038728955,0.757974060471481,1.85927392430423
1830,"Banteng","BTG",2,"dist_str + ndvi_cv + elev + BB + DE",0.615415590395089,0.78671489940661,1.85042548635962
1831,"Banteng","BTG",2,"dist_str + ndvi_cv + elev + BB + DE",0.604733620514271,0.809738882543742,1.83076479060513
1832,"Banteng","BTG",2,"dist_str + ndvi_cv + elev + BB + DE",0.603481177565125,0.825696778405025,1.82847297413674
1833,"Banteng","BTG",2,"dist_str + ndvi_cv + elev + BB + DE",0.594660056864927,0.853279725284815,1.81241479987796
1834,"Banteng","BTG",2,"dist_str + ndvi_cv + elev + BB + DE",0.585938522228261,0.914448427415987,1.7966764420581
1835,"Banteng","BTG",2,"dist_str + ndvi_cv + elev + BB + DE",0.571954315099038,1.03031493103857,1.77172619395176
1836,"Banteng","BTG",2,"dist_str + ndvi_cv + elev + BB + DE",0.581551734056078,1.14663197466879,1.78881217781079
1837,"Banteng","BTG",2,"dist_str + ndvi_cv + elev + BB + DE",-0.0871468883486463,1.03043872504154,0.916542456471698
1838,"Banteng","BTG",2,"dist_str + ndvi_cv + elev + BB + DE",-0.0683199943875499,0.899735144891495,0.933961578930256
1839,"Banteng","BTG",2,"dist_str + ndvi_cv + elev + BB + DE",-0.0577146091648961,0.850679085034149,0.943919294934634
1840,"Banteng","BTG",2,"dist_str + ndvi_cv + elev + BB + DE",-0.0619865319126516,0.821569006633343,0.939895545308009
1841,"Banteng","BTG",2,"dist_str + ndvi_cv + elev + BB + DE",-0.0518312133587539,0.799125668388844,0.949489115599256
1842,"Banteng","BTG",2,"dist_str + ndvi_cv + elev + BB + DE",-0.0780865789168833,0.784158809519563,0.924884362225648
1843,"Banteng","BTG",2,"dist_str + ndvi_cv + elev + BB + DE",-0.0723428273731994,0.749098332969644,0.930211984151432
1844,"Banteng","BTG",2,"dist_str + ndvi_cv + elev + BB + DE",-0.0705961371061063,0.753217996691617,0.931838151350662
1845,"Banteng","BTG",2,"dist_str + ndvi_cv + elev + BB + DE",-0.0874041706144205,0.745988951993356,0.916306676629701
1846,"Banteng","BTG",2,"dist_str + ndvi_cv + elev + BB + DE",-0.0897329273273147,0.729562326918809,0.914175401005018
1847,"Banteng","BTG",2,"dist_str + ndvi_cv + elev + BB + DE",-0.0974171167095287,0.710916504018125,0.907177528440639
1848,"Banteng","BTG",2,"dist_str + ndvi_cv + elev + BB + DE",-0.119373875840947,0.704714969019091,0.887475933522843
1849,"Banteng","BTG",2,"dist_str + ndvi_cv + elev + BB + DE",-0.0791364518327556,0.695994558116551,0.923913848492477
1850,"Banteng","BTG",2,"dist_str + ndvi_cv + elev + BB + DE",-0.0762339873628025,0.696727449803318,0.926599370322021
1851,"Banteng","BTG",2,"dist_str + ndvi_cv + elev + BB + DE",-0.0415132762145378,0.702182048812629,0.959336602094719
1852,"Banteng","BTG",2,"dist_str + ndvi_cv + elev + BB + DE",0.0133259596245893,0.6947615142337,1.01341514602402
1853,"Banteng","BTG",2,"dist_str + ndvi_cv + elev + BB + DE",0.069950051037116,0.702207466810527,1.07245461686362
1854,"Banteng","BTG",2,"dist_str + ndvi_cv + elev + BB + DE",0.113737418864342,0.69979264187334,1.12045808055981
1855,"Banteng","BTG",2,"dist_str + ndvi_cv + elev + BB + DE",0.168541854821183,0.707151809841633,1.18357794628004
1856,"Banteng","BTG",2,"dist_str + ndvi_cv + elev + BB + DE",0.22107433607241,0.708733630619829,1.24741617527466
1857,"Banteng","BTG",2,"dist_str + ndvi_cv + elev + BB + DE",0.265650991699097,0.707350532976997,1.30427979325288
1858,"Banteng","BTG",2,"dist_str + ndvi_cv + elev + BB + DE",0.301968226981717,0.708052844964629,1.35251827795516
1859,"Banteng","BTG",2,"dist_str + ndvi_cv + elev + BB + DE",0.355814646057794,0.700919325967273,1.42734296531032
1860,"Banteng","BTG",2,"dist_str + ndvi_cv + elev + BB + DE",0.41203379264574,0.695751983071767,1.50988547235211
1861,"Banteng","BTG",2,"dist_str + ndvi_cv + elev + BB + DE",0.444945435912964,0.706965290153103,1.56040505144427
1862,"Banteng","BTG",2,"dist_str + ndvi_cv + elev + BB + DE",0.50296794445757,0.706914845979447,1.65362192169647
1863,"Banteng","BTG",2,"dist_str + ndvi_cv + elev + BB + DE",0.538534004691114,0.719642893043099,1.71349305145914
1864,"Banteng","BTG",2,"dist_str + ndvi_cv + elev + BB + DE",0.596635196777598,0.727929399948243,1.81599803882486
1865,"Banteng","BTG",2,"dist_str + ndvi_cv + elev + BB + DE",0.616369588770591,0.727314735275533,1.85219160406362
1866,"Banteng","BTG",2,"dist_str + ndvi_cv + elev + BB + DE",0.639387889854381,0.737992755430985,1.89532039215532
1867,"Banteng","BTG",2,"dist_str + ndvi_cv + elev + BB + DE",0.681465253129185,0.74405098469123,1.97677209127717
1868,"Banteng","BTG",2,"dist_str + ndvi_cv + elev + BB + DE",0.671362042685927,0.744757100288629,1.95690092463524
1869,"Banteng","BTG",2,"dist_str + ndvi_cv + elev + BB + DE",0.684837433867528,0.771973524197317,1.98344936845729
1870,"Banteng","BTG",2,"dist_str + ndvi_cv + elev + BB + DE",0.678214973909842,0.784336701327505,1.97035757226668
1871,"Banteng","BTG",2,"dist_str + ndvi_cv + elev + BB + DE",0.662927755563687,0.799737529026188,1.94046536807975
1872,"Banteng","BTG",2,"dist_str + ndvi_cv + elev + BB + DE",0.644760153431175,0.823610445850059,1.90552996301005
1873,"Banteng","BTG",2,"dist_str + ndvi_cv + elev + BB + DE",0.629709628576993,0.877843519294617,1.87706546391965
1874,"Banteng","BTG",2,"dist_str + ndvi_cv + elev + BB + DE",0.610458974446932,0.953405023797787,1.84127635389706
1875,"Banteng","BTG",2,"dist_str + ndvi_cv + elev + BB + DE",0.585965511393847,1.07883615987506,1.79672494644851
1876,"Banteng","BTG",2,"dist_str + ndvi_cv + elev + BB + DE",0.585226603736974,1.16601267057338,1.79539782881711
1877,"Banteng","BTG",2,"dist_str + ndvi_cv + elev + BB + DE",0.604422308204284,1.35739193743521,1.83019463705547
1878,"Banteng","BTG",2,"dist_str + ndvi_cv + elev + BB + DE",-0.057934630578982,1.06889897041488,0.943711644642185
1879,"Banteng","BTG",2,"dist_str + ndvi_cv + elev + BB + DE",-0.065213659840746,0.914262814624329,0.936867378083766
1880,"Banteng","BTG",2,"dist_str + ndvi_cv + elev + BB + DE",-0.0487530039857852,0.843496746549745,0.952416490665221
1881,"Banteng","BTG",2,"dist_str + ndvi_cv + elev + BB + DE",-0.0439540750411911,0.818288629079302,0.956997907295123
1882,"Banteng","BTG",2,"dist_str + ndvi_cv + elev + BB + DE",-0.0340743689082555,0.798120674837682,0.966499648359907
1883,"Banteng","BTG",2,"dist_str + ndvi_cv + elev + BB + DE",-0.0512565368659037,0.773182002316576,0.950034920412526
1884,"Banteng","BTG",2,"dist_str + ndvi_cv + elev + BB + DE",-0.0578657163859115,0.755431692300572,0.943776679477865
1885,"Banteng","BTG",2,"dist_str + ndvi_cv + elev + BB + DE",-0.0581826177953838,0.740316603491334,0.943477650510096
1886,"Banteng","BTG",2,"dist_str + ndvi_cv + elev + BB + DE",-0.0695528696371503,0.736277322084455,0.932810912212898
1887,"Banteng","BTG",2,"dist_str + ndvi_cv + elev + BB + DE",-0.0699987200558217,0.722757459585813,0.932395021873007
1888,"Banteng","BTG",2,"dist_str + ndvi_cv + elev + BB + DE",-0.0675145546785898,0.709413905522615,0.934714116059071
1889,"Banteng","BTG",2,"dist_str + ndvi_cv + elev + BB + DE",-0.0797329072635731,0.693186995831779,0.923362937011777
1890,"Banteng","BTG",2,"dist_str + ndvi_cv + elev + BB + DE",-0.0750140996065772,0.68897225549349,0.927730406751011
1891,"Banteng","BTG",2,"dist_str + ndvi_cv + elev + BB + DE",-0.0333399717822097,0.686597124064701,0.967209679691295
1892,"Banteng","BTG",2,"dist_str + ndvi_cv + elev + BB + DE",-0.000301035789220219,0.682622381585425,0.999699009875213
1893,"Banteng","BTG",2,"dist_str + ndvi_cv + elev + BB + DE",0.0562698762995123,0.6921942705255,1.05788315294081
1894,"Banteng","BTG",2,"dist_str + ndvi_cv + elev + BB + DE",0.0834838661780332,0.70109546310259,1.08706767853839
1895,"Banteng","BTG",2,"dist_str + ndvi_cv + elev + BB + DE",0.162930427390485,0.701557134751913,1.17695487978864
1896,"Banteng","BTG",2,"dist_str + ndvi_cv + elev + BB + DE",0.201607638942941,0.710839247398196,1.2233679202734
1897,"Banteng","BTG",2,"dist_str + ndvi_cv + elev + BB + DE",0.273108918227504,0.703964114936623,1.314043370717
1898,"Banteng","BTG",2,"dist_str + ndvi_cv + elev + BB + DE",0.318687316962396,0.698246259258556,1.3753212185325
1899,"Banteng","BTG",2,"dist_str + ndvi_cv + elev + BB + DE",0.383583449024241,0.69941043800471,1.46753401209343
1900,"Banteng","BTG",2,"dist_str + ndvi_cv + elev + BB + DE",0.451374302412565,0.710062364058088,1.5704690128871
1901,"Banteng","BTG",2,"dist_str + ndvi_cv + elev + BB + DE",0.479516158104423,0.681401608468491,1.61529266829524
1902,"Banteng","BTG",2,"dist_str + ndvi_cv + elev + BB + DE",0.537607653762963,0.700840028702237,1.71190654078363
1903,"Banteng","BTG",2,"dist_str + ndvi_cv + elev + BB + DE",0.57467395455598,0.707576247577443,1.77655119833102
1904,"Banteng","BTG",2,"dist_str + ndvi_cv + elev + BB + DE",0.645173477293009,0.710382813257679,1.90631770407487
1905,"Banteng","BTG",2,"dist_str + ndvi_cv + elev + BB + DE",0.660732101426159,0.715381095945134,1.93620931915759
1906,"Banteng","BTG",2,"dist_str + ndvi_cv + elev + BB + DE",0.713578412799166,0.724114104934377,2.04128295149869
1907,"Banteng","BTG",2,"dist_str + ndvi_cv + elev + BB + DE",0.728506464895785,0.719439612773053,2.07198371669087
1908,"Banteng","BTG",2,"dist_str + ndvi_cv + elev + BB + DE",0.737264458000528,0.747716610777332,2.09020990155332
1909,"Banteng","BTG",2,"dist_str + ndvi_cv + elev + BB + DE",0.725227546635986,0.752540703816508,2.06520097611725
1910,"Banteng","BTG",2,"dist_str + ndvi_cv + elev + BB + DE",0.742968633290964,0.753814605970547,2.10216682316602
1911,"Banteng","BTG",2,"dist_str + ndvi_cv + elev + BB + DE",0.745240744037073,0.77614174125544,2.10694862814137
1912,"Banteng","BTG",2,"dist_str + ndvi_cv + elev + BB + DE",0.719719912152603,0.800784455248325,2.05385788980702
1913,"Banteng","BTG",2,"dist_str + ndvi_cv + elev + BB + DE",0.711343390617754,0.827445880577361,2.03672553961479
1914,"Banteng","BTG",2,"dist_str + ndvi_cv + elev + BB + DE",0.690341357303547,0.903002843291166,1.99439633957633
1915,"Banteng","BTG",2,"dist_str + ndvi_cv + elev + BB + DE",0.601098541225954,1.22295850827415,1.82412157764752
1916,"Banteng","BTG",2,"dist_str + ndvi_cv + elev + BB + DE",0.553532345218774,1.27400425133309,1.73938661031098
1917,"Banteng","BTG",2,"dist_str + ndvi_cv + elev + BB + DE",-0.0301139977360272,0.935341666039153,0.970335153168929
1918,"Banteng","BTG",2,"dist_str + ndvi_cv + elev + BB + DE",-0.0480143931472626,0.852296556267447,0.953120072628755
1919,"Banteng","BTG",2,"dist_str + ndvi_cv + elev + BB + DE",-0.0494515712385276,0.818477268974632,0.951751283269932
1920,"Banteng","BTG",2,"dist_str + ndvi_cv + elev + BB + DE",-0.0114423318581947,0.801521506848564,0.988622909158292
1921,"Banteng","BTG",2,"dist_str + ndvi_cv + elev + BB + DE",-0.0228804355829613,0.771523386429736,0.97737933661804
1922,"Banteng","BTG",2,"dist_str + ndvi_cv + elev + BB + DE",-0.0236972767665223,0.762847798409607,0.976581602595768
1923,"Banteng","BTG",2,"dist_str + ndvi_cv + elev + BB + DE",-0.0317480009897669,0.729969103218563,0.968750695828254
1924,"Banteng","BTG",2,"dist_str + ndvi_cv + elev + BB + DE",-0.0382194812141757,0.735840311663052,0.962501667329877
1925,"Banteng","BTG",2,"dist_str + ndvi_cv + elev + BB + DE",-0.0445172725328568,0.718437134826904,0.956459079802588
1926,"Banteng","BTG",2,"dist_str + ndvi_cv + elev + BB + DE",-0.0503877146597654,0.697443369453822,0.950860713887658
1927,"Banteng","BTG",2,"dist_str + ndvi_cv + elev + BB + DE",-0.0733382955564481,0.673433971552786,0.929286423086163
1928,"Banteng","BTG",2,"dist_str + ndvi_cv + elev + BB + DE",-0.0953416179980186,0.627427177405334,0.909062329364561
1929,"Banteng","BTG",2,"dist_str + ndvi_cv + elev + BB + DE",-0.00335776024565321,0.667567250123719,0.996647918224875
1930,"Banteng","BTG",2,"dist_str + ndvi_cv + elev + BB + DE",0.0702387946764584,0.691703877951175,1.07276432481909
1931,"Banteng","BTG",2,"dist_str + ndvi_cv + elev + BB + DE",0.0982619734469,0.692423857373009,1.10325177036084
1932,"Banteng","BTG",2,"dist_str + ndvi_cv + elev + BB + DE",0.149902800589548,0.690323552253205,1.16172133758037
1933,"Banteng","BTG",2,"dist_str + ndvi_cv + elev + BB + DE",0.152250552472025,0.682701523727321,1.16445195774369
1934,"Banteng","BTG",2,"dist_str + ndvi_cv + elev + BB + DE",0.270459336151454,0.698398833338596,1.31056630307277
1935,"Banteng","BTG",2,"dist_str + ndvi_cv + elev + BB + DE",0.334425084651668,0.710595955779563,1.39713692048337
1936,"Banteng","BTG",2,"dist_str + ndvi_cv + elev + BB + DE",0.404806500081749,0.716081157663227,1.49901263654876
1937,"Banteng","BTG",2,"dist_str + ndvi_cv + elev + BB + DE",0.474621237335415,0.70031963180894,1.60740525713597
1938,"Banteng","BTG",2,"dist_str + ndvi_cv + elev + BB + DE",0.550030706169873,0.694529937270507,1.73330624031468
1939,"Banteng","BTG",2,"dist_str + ndvi_cv + elev + BB + DE",0.577064633651108,0.68765674875778,1.78080347050107
1940,"Banteng","BTG",2,"dist_str + ndvi_cv + elev + BB + DE",0.634153510890169,0.688075556167341,1.88542547409087
1941,"Banteng","BTG",2,"dist_str + ndvi_cv + elev + BB + DE",0.698869434817242,0.707412568093941,2.01147732351153
1942,"Banteng","BTG",2,"dist_str + ndvi_cv + elev + BB + DE",0.715844266350304,0.709542393487016,2.04591334452538
1943,"Banteng","BTG",2,"dist_str + ndvi_cv + elev + BB + DE",0.758821576040061,0.7038375042837,2.1357579117134
1944,"Banteng","BTG",2,"dist_str + ndvi_cv + elev + BB + DE",0.80257712942751,0.713274255123695,2.23128388455072
1945,"Banteng","BTG",2,"dist_str + ndvi_cv + elev + BB + DE",0.816396147590496,0.716336334939097,2.26233202800521
1946,"Banteng","BTG",2,"dist_str + ndvi_cv + elev + BB + DE",0.796877917969051,0.725453050602562,2.21860344975106
1947,"Banteng","BTG",2,"dist_str + ndvi_cv + elev + BB + DE",0.811250459554843,0.744266059005797,2.2507206965162
1948,"Banteng","BTG",2,"dist_str + ndvi_cv + elev + BB + DE",0.80349488895449,0.772284613302527,2.23333267949638
1949,"Banteng","BTG",2,"dist_str + ndvi_cv + elev + BB + DE",0.802973561772719,0.777323004997981,2.23216858597275
1950,"Banteng","BTG",2,"dist_str + ndvi_cv + elev + BB + DE",0.796127853057515,0.800979769254582,2.21693999699613
1951,"Banteng","BTG",2,"dist_str + ndvi_cv + elev + BB + DE",0.779790397374802,0.809441902107649,2.18101507300982
1952,"Banteng","BTG",2,"dist_str + ndvi_cv + elev + BB + DE",0.774698428773626,0.931695084174708,2.16993772111342
1953,"Banteng","BTG",2,"dist_str + ndvi_cv + elev + BB + DE",-0.0376867755682745,1.01587467096383,0.963014540038724
1954,"Banteng","BTG",2,"dist_str + ndvi_cv + elev + BB + DE",-0.0310065628261185,0.880752678781655,0.969469215096245
1955,"Banteng","BTG",2,"dist_str + ndvi_cv + elev + BB + DE",-0.0098756178973229,0.803314919197138,0.990173024973317
1956,"Banteng","BTG",2,"dist_str + ndvi_cv + elev + BB + DE",-0.0155582179139772,0.797815202930091,0.984562188399304
1957,"Banteng","BTG",2,"dist_str + ndvi_cv + elev + BB + DE",-0.0110372181347542,0.77387911782072,0.989023517978732
1958,"Banteng","BTG",2,"dist_str + ndvi_cv + elev + BB + DE",-0.00670328490067077,0.7573388819164,0.993319133483335
1959,"Banteng","BTG",2,"dist_str + ndvi_cv + elev + BB + DE",-0.0208451254748727,0.737220367992876,0.979370642605504
1960,"Banteng","BTG",2,"dist_str + ndvi_cv + elev + BB + DE",0.000439899619448834,0.731678125300227,1.00044000470497
1961,"Banteng","BTG",2,"dist_str + ndvi_cv + elev + BB + DE",-0.0222781583370664,0.71697598630213,0.977968253347022
1962,"Banteng","BTG",2,"dist_str + ndvi_cv + elev + BB + DE",-0.0150257045222862,0.701781384730285,0.985086618348284
1963,"Banteng","BTG",2,"dist_str + ndvi_cv + elev + BB + DE",-0.0286749972776693,0.681539800770444,0.971732229268743
1964,"Banteng","BTG",2,"dist_str + ndvi_cv + elev + BB + DE",-0.0215144703336684,0.646056456633497,0.978715338514648
1965,"Banteng","BTG",2,"dist_str + ndvi_cv + elev + BB + DE",0.0188276869404063,0.683535567469097,1.01900604774753
1966,"Banteng","BTG",2,"dist_str + ndvi_cv + elev + BB + DE",0.0734297980565983,0.695400446590958,1.07619298979785
1967,"Banteng","BTG",2,"dist_str + ndvi_cv + elev + BB + DE",0.153835133408682,0.691280570621337,1.1662985912297
1968,"Banteng","BTG",2,"dist_str + ndvi_cv + elev + BB + DE",0.201135092428584,0.698451307422387,1.22278995154319
1969,"Banteng","BTG",2,"dist_str + ndvi_cv + elev + BB + DE",0.259444728434028,0.693199707743148,1.29621014757391
1970,"Banteng","BTG",2,"dist_str + ndvi_cv + elev + BB + DE",0.345612712564712,0.696737648138292,1.41285533353612
1971,"Banteng","BTG",2,"dist_str + ndvi_cv + elev + BB + DE",0.436331141175814,0.70592290914386,1.54702099229097
1972,"Banteng","BTG",2,"dist_str + ndvi_cv + elev + BB + DE",0.516417935415794,0.708678746067576,1.67601335244759
1973,"Banteng","BTG",2,"dist_str + ndvi_cv + elev + BB + DE",0.58762062628048,0.705627354856372,1.79970156109916
1974,"Banteng","BTG",2,"dist_str + ndvi_cv + elev + BB + DE",0.662351058372527,0.696861604486863,1.93934649699837
1975,"Banteng","BTG",2,"dist_str + ndvi_cv + elev + BB + DE",0.680777427664101,0.683474134332834,1.97541288309837
1976,"Banteng","BTG",2,"dist_str + ndvi_cv + elev + BB + DE",0.757041406833459,0.693217161197629,2.13195942066886
1977,"Banteng","BTG",2,"dist_str + ndvi_cv + elev + BB + DE",0.816505970428596,0.699642632217187,2.26258051087112
1978,"Banteng","BTG",2,"dist_str + ndvi_cv + elev + BB + DE",0.844170936951903,0.69921889843615,2.32604858515488
1979,"Banteng","BTG",2,"dist_str + ndvi_cv + elev + BB + DE",0.853128006458048,0.705480143719867,2.34697687450164
1980,"Banteng","BTG",2,"dist_str + ndvi_cv + elev + BB + DE",0.876618922835595,0.708772067154345,2.40276206473639
1981,"Banteng","BTG",2,"dist_str + ndvi_cv + elev + BB + DE",0.896825167063229,0.716483667144409,2.45180682869784
1982,"Banteng","BTG",2,"dist_str + ndvi_cv + elev + BB + DE",0.855824631279195,0.721690897155435,2.3533142101241
1983,"Banteng","BTG",2,"dist_str + ndvi_cv + elev + BB + DE",0.882725149684847,0.744613097332827,2.41747872983004
1984,"Banteng","BTG",2,"dist_str + ndvi_cv + elev + BB + DE",0.869690142880984,0.760642607855376,2.38617138188843
1985,"Banteng","BTG",2,"dist_str + ndvi_cv + elev + BB + DE",0.887717791450007,0.77066566541172,2.42957852775679
1986,"Banteng","BTG",2,"dist_str + ndvi_cv + elev + BB + DE",0.861579145578404,0.790005334148531,2.36689553708275
1987,"Banteng","BTG",2,"dist_str + ndvi_cv + elev + BB + DE",0.861941314547908,0.82038631390373,2.36775280701966
1988,"Banteng","BTG",2,"dist_str + ndvi_cv + elev + BB + DE",0.882288272618538,0.904716118915175,2.41642292648546
1989,"Banteng","BTG",2,"dist_str + ndvi_cv + elev + BB + DE",-0.00156792361321687,0.895077752616689,0.998433346870725
1990,"Banteng","BTG",2,"dist_str + ndvi_cv + elev + BB + DE",0.0136224227248785,0.80601554452173,1.01371577319447
1991,"Banteng","BTG",2,"dist_str + ndvi_cv + elev + BB + DE",0.00884099459618525,0.789635240074988,1.00888019168453
1992,"Banteng","BTG",2,"dist_str + ndvi_cv + elev + BB + DE",0.0123984826296306,0.77976911324447,1.01247566580209
1993,"Banteng","BTG",2,"dist_str + ndvi_cv + elev + BB + DE",0.008342771592363,0.760193130836132,1.00837766975073
1994,"Banteng","BTG",2,"dist_str + ndvi_cv + elev + BB + DE",0.0155796707170834,0.751944678381319,1.01570166791975
1995,"Banteng","BTG",2,"dist_str + ndvi_cv + elev + BB + DE",0.000812925262273695,0.725057294730932,1.00081325660439
1996,"Banteng","BTG",2,"dist_str + ndvi_cv + elev + BB + DE",0.00671844502062468,0.717595671356852,1.00674106501268
1997,"Banteng","BTG",2,"dist_str + ndvi_cv + elev + BB + DE",0.0172579825024975,0.708010585066859,1.01740776188378
1998,"Banteng","BTG",2,"dist_str + ndvi_cv + elev + BB + DE",0.00722574188677156,0.699198089787538,1.00725191914485
1999,"Banteng","BTG",2,"dist_str + ndvi_cv + elev + BB + DE",0.0570581812044833,0.689479869067868,1.05871740632818
2000,"Banteng","BTG",2,"dist_str + ndvi_cv + elev + BB + DE",0.0731178820284059,0.687631743192816,1.07585740268111
2001,"Banteng","BTG",2,"dist_str + ndvi_cv + elev + BB + DE",0.131352111930994,0.684282032756024,1.14036925178065
2002,"Banteng","BTG",2,"dist_str + ndvi_cv + elev + BB + DE",0.190473649449815,0.695736190650812,1.20982249387974
2003,"Banteng","BTG",2,"dist_str + ndvi_cv + elev + BB + DE",0.248135417771513,0.696185808233813,1.28163347841303
2004,"Banteng","BTG",2,"dist_str + ndvi_cv + elev + BB + DE",0.346461527166308,0.703437235506482,1.41405511693496
2005,"Banteng","BTG",2,"dist_str + ndvi_cv + elev + BB + DE",0.408314262966641,0.702548100684906,1.50427985227805
2006,"Banteng","BTG",2,"dist_str + ndvi_cv + elev + BB + DE",0.522704753139959,0.702192446964233,1.68658327803118
2007,"Banteng","BTG",2,"dist_str + ndvi_cv + elev + BB + DE",0.611935204728225,0.712350665743335,1.84399650509983
2008,"Banteng","BTG",2,"dist_str + ndvi_cv + elev + BB + DE",0.707171471512423,0.716832588843864,2.02824625900747
2009,"Banteng","BTG",2,"dist_str + ndvi_cv + elev + BB + DE",0.785826897534226,0.704581983191275,2.19422059191788
2010,"Banteng","BTG",2,"dist_str + ndvi_cv + elev + BB + DE",0.825072488781074,0.691214957507089,2.28204618510126
2011,"Banteng","BTG",2,"dist_str + ndvi_cv + elev + BB + DE",0.888148746277178,0.696016240139991,2.43062578079229
2012,"Banteng","BTG",2,"dist_str + ndvi_cv + elev + BB + DE",0.942323936304701,0.709800290749667,2.56593757766685
2013,"Banteng","BTG",2,"dist_str + ndvi_cv + elev + BB + DE",0.973882440316846,0.705330326276462,2.64820603843849
2014,"Banteng","BTG",2,"dist_str + ndvi_cv + elev + BB + DE",0.96324486105139,0.706578938576104,2.62018495296768
2015,"Banteng","BTG",2,"dist_str + ndvi_cv + elev + BB + DE",0.96457890445952,0.708452807843871,2.62368281175579
2016,"Banteng","BTG",2,"dist_str + ndvi_cv + elev + BB + DE",0.975202673410974,0.714106079258301,2.65170482718479
2017,"Banteng","BTG",2,"dist_str + ndvi_cv + elev + BB + DE",0.960191880662324,0.727827620215933,2.61219768770079
2018,"Banteng","BTG",2,"dist_str + ndvi_cv + elev + BB + DE",0.945715444199751,0.736879889506516,2.57465481510979
2019,"Banteng","BTG",2,"dist_str + ndvi_cv + elev + BB + DE",0.932932156344916,0.753345967700969,2.54195167464485
2020,"Banteng","BTG",2,"dist_str + ndvi_cv + elev + BB + DE",0.937683867708188,0.762156028480229,2.55405902524642
2021,"Banteng","BTG",2,"dist_str + ndvi_cv + elev + BB + DE",0.919129380885934,0.793040027308095,2.50710672676811
2022,"Banteng","BTG",2,"dist_str + ndvi_cv + elev + BB + DE",0.924592110410346,0.817576909111692,2.52083982924376
2023,"Banteng","BTG",2,"dist_str + ndvi_cv + elev + BB + DE",0.940204675575309,0.903752015270836,2.56050552319448
2024,"Banteng","BTG",2,"dist_str + ndvi_cv + elev + BB + DE",0.966845240210507,1.05318488042938,2.62963549927396
2025,"Banteng","BTG",2,"dist_str + ndvi_cv + elev + BB + DE",0.0237012902683113,0.918230658215167,1.02398443803846
2026,"Banteng","BTG",2,"dist_str + ndvi_cv + elev + BB + DE",0.0333264144497519,0.812324240807043,1.03388799240396
2027,"Banteng","BTG",2,"dist_str + ndvi_cv + elev + BB + DE",0.0315206810426263,0.795458778626196,1.03202280241662
2028,"Banteng","BTG",2,"dist_str + ndvi_cv + elev + BB + DE",0.0480938471461787,0.778167637300045,1.04926912841758
2029,"Banteng","BTG",2,"dist_str + ndvi_cv + elev + BB + DE",0.0263879832154873,0.758667318477751,1.02673923003169
2030,"Banteng","BTG",2,"dist_str + ndvi_cv + elev + BB + DE",0.024147141879161,0.741752565801892,1.02444104834914
2031,"Banteng","BTG",2,"dist_str + ndvi_cv + elev + BB + DE",0.0165730400124526,0.734861699823877,1.01671114127691
2032,"Banteng","BTG",2,"dist_str + ndvi_cv + elev + BB + DE",0.0283815381427219,0.717322439654276,1.02878813711771
2033,"Banteng","BTG",2,"dist_str + ndvi_cv + elev + BB + DE",0.0492307717747341,0.718483481765095,1.05046292825033
2034,"Banteng","BTG",2,"dist_str + ndvi_cv + elev + BB + DE",0.0567935195144734,0.701709404552753,1.05843749598187
2035,"Banteng","BTG",2,"dist_str + ndvi_cv + elev + BB + DE",0.0828165045840276,0.707043177088052,1.08634248807262
2036,"Banteng","BTG",2,"dist_str + ndvi_cv + elev + BB + DE",0.125040232759796,0.696262808180901,1.13319404802805
2037,"Banteng","BTG",2,"dist_str + ndvi_cv + elev + BB + DE",0.17198379778516,0.685920774494169,1.18765859318594
2038,"Banteng","BTG",2,"dist_str + ndvi_cv + elev + BB + DE",0.219167081339419,0.703841237239152,1.24503928216739
2039,"Banteng","BTG",2,"dist_str + ndvi_cv + elev + BB + DE",0.312247764598328,0.706174590769524,1.36649322449909
2040,"Banteng","BTG",2,"dist_str + ndvi_cv + elev + BB + DE",0.392433656301898,0.694706391578507,1.48057965151535
2041,"Banteng","BTG",2,"dist_str + ndvi_cv + elev + BB + DE",0.480125031114264,0.704612241244724,1.61627647519083
2042,"Banteng","BTG",2,"dist_str + ndvi_cv + elev + BB + DE",0.586498647813613,0.698079000550404,1.79768306193695
2043,"Banteng","BTG",2,"dist_str + ndvi_cv + elev + BB + DE",0.716114914301767,0.697695794783479,2.04646705078933
2044,"Banteng","BTG",2,"dist_str + ndvi_cv + elev + BB + DE",0.822459163988753,0.696738666209496,2.27609025679602
2045,"Banteng","BTG",2,"dist_str + ndvi_cv + elev + BB + DE",0.918691164052322,0.692935561062872,2.50600838166004
2046,"Banteng","BTG",2,"dist_str + ndvi_cv + elev + BB + DE",0.989616433285051,0.694480133010404,2.69020263579239
2047,"Banteng","BTG",2,"dist_str + ndvi_cv + elev + BB + DE",1.07370973188384,0.689145923215716,2.92621486809104
2048,"Banteng","BTG",2,"dist_str + ndvi_cv + elev + BB + DE",1.08877909429052,0.680230791452994,2.97064514840607
2049,"Banteng","BTG",2,"dist_str + ndvi_cv + elev + BB + DE",1.07797748110292,0.690662045275327,2.93872990801007
2050,"Banteng","BTG",2,"dist_str + ndvi_cv + elev + BB + DE",1.06836527389249,0.706917804071401,2.91061771786653
2051,"Banteng","BTG",2,"dist_str + ndvi_cv + elev + BB + DE",1.04357189421497,0.703297052681905,2.83934075119342
2052,"Banteng","BTG",2,"dist_str + ndvi_cv + elev + BB + DE",1.0397363250611,0.710779328520805,2.82847112245252
2053,"Banteng","BTG",2,"dist_str + ndvi_cv + elev + BB + DE",1.02024768006413,0.713715604334492,2.77388171563091
2054,"Banteng","BTG",2,"dist_str + ndvi_cv + elev + BB + DE",1.03449046727307,0.729330426426473,2.81367224024334
2055,"Banteng","BTG",2,"dist_str + ndvi_cv + elev + BB + DE",1.01096941069668,0.741854554988963,2.74826393551736
2056,"Banteng","BTG",2,"dist_str + ndvi_cv + elev + BB + DE",1.01839174608099,0.767527156142171,2.76873862110242
2057,"Banteng","BTG",2,"dist_str + ndvi_cv + elev + BB + DE",1.00114730071429,0.782407286582878,2.72140231789661
2058,"Banteng","BTG",2,"dist_str + ndvi_cv + elev + BB + DE",1.00661566707847,0.822086294416215,2.73632482481075
2059,"Banteng","BTG",2,"dist_str + ndvi_cv + elev + BB + DE",1.00408731816583,0.906276441368502,2.72941505677245
2060,"Banteng","BTG",2,"dist_str + ndvi_cv + elev + BB + DE",0.949976229049784,1.06092753695414,2.58564820560635
2061,"Banteng","BTG",2,"dist_str + ndvi_cv + elev + BB + DE",0.0432512296462927,0.907024306825183,1.04420036905577
2062,"Banteng","BTG",2,"dist_str + ndvi_cv + elev + BB + DE",0.0389817412247254,0.811320084973629,1.03975150111651
2063,"Banteng","BTG",2,"dist_str + ndvi_cv + elev + BB + DE",0.0588975686324346,0.798427088402289,1.06066659498182
2064,"Banteng","BTG",2,"dist_str + ndvi_cv + elev + BB + DE",0.0443516557505734,0.773177508717683,1.04534989396037
2065,"Banteng","BTG",2,"dist_str + ndvi_cv + elev + BB + DE",0.0508402890438888,0.762550254754064,1.05215497633271
2066,"Banteng","BTG",2,"dist_str + ndvi_cv + elev + BB + DE",0.0337421681772928,0.752221041804305,1.03431789270327
2067,"Banteng","BTG",2,"dist_str + ndvi_cv + elev + BB + DE",0.0361670679084743,0.736177915711824,1.03682906813026
2068,"Banteng","BTG",2,"dist_str + ndvi_cv + elev + BB + DE",0.0500465213870454,0.716964067480956,1.05132002712806
2069,"Banteng","BTG",2,"dist_str + ndvi_cv + elev + BB + DE",0.0556335648698564,0.720591521102162,1.05721025038661
2070,"Banteng","BTG",2,"dist_str + ndvi_cv + elev + BB + DE",0.0793651688887065,0.700419640732716,1.08259958545001
2071,"Banteng","BTG",2,"dist_str + ndvi_cv + elev + BB + DE",0.107867820274228,0.704932962604776,1.11390050625333
2072,"Banteng","BTG",2,"dist_str + ndvi_cv + elev + BB + DE",0.156488093795123,0.700338445754204,1.1693968502985
2073,"Banteng","BTG",2,"dist_str + ndvi_cv + elev + BB + DE",0.197023561184842,0.702388574027423,1.21777276720013
2074,"Banteng","BTG",2,"dist_str + ndvi_cv + elev + BB + DE",0.280891272166535,0.6958777290782,1.32430965852019
2075,"Banteng","BTG",2,"dist_str + ndvi_cv + elev + BB + DE",0.337489117996608,0.699923372263846,1.40142435856805
2076,"Banteng","BTG",2,"dist_str + ndvi_cv + elev + BB + DE",0.440680116701984,0.687965817514839,1.55376360302932
2077,"Banteng","BTG",2,"dist_str + ndvi_cv + elev + BB + DE",0.537661213600552,0.699765323279689,1.71199824041444
2078,"Banteng","BTG",2,"dist_str + ndvi_cv + elev + BB + DE",0.66946108729971,0.705539280377977,1.95318444594381
2079,"Banteng","BTG",2,"dist_str + ndvi_cv + elev + BB + DE",0.810155242441191,0.692799980927184,2.24825698595761
2080,"Banteng","BTG",2,"dist_str + ndvi_cv + elev + BB + DE",0.968823621605485,0.692489655190693,2.63484307005915
2081,"Banteng","BTG",2,"dist_str + ndvi_cv + elev + BB + DE",1.0910356558712,0.69479965369765,2.97735599352896
2082,"Banteng","BTG",2,"dist_str + ndvi_cv + elev + BB + DE",1.18428817716465,0.677934600308795,3.26835956232736
2083,"Banteng","BTG",2,"dist_str + ndvi_cv + elev + BB + DE",1.24955416415384,0.686648552477588,3.4887872017734
2084,"Banteng","BTG",2,"dist_str + ndvi_cv + elev + BB + DE",1.25882293767308,0.687675238016718,3.52127429948411
2085,"Banteng","BTG",2,"dist_str + ndvi_cv + elev + BB + DE",1.21862156537817,0.694970088157147,3.38252193415184
2086,"Banteng","BTG",2,"dist_str + ndvi_cv + elev + BB + DE",1.1726286400472,0.686185023570584,3.23047325280771
2087,"Banteng","BTG",2,"dist_str + ndvi_cv + elev + BB + DE",1.13949422712687,0.695830218261733,3.12518740162359
2088,"Banteng","BTG",2,"dist_str + ndvi_cv + elev + BB + DE",1.10935390437145,0.698979004385069,3.03239854202301
2089,"Banteng","BTG",2,"dist_str + ndvi_cv + elev + BB + DE",1.08473897256568,0.703278677817073,2.95866745812786
2090,"Banteng","BTG",2,"dist_str + ndvi_cv + elev + BB + DE",1.06861450814009,0.719248880601264,2.91134310551391
2091,"Banteng","BTG",2,"dist_str + ndvi_cv + elev + BB + DE",1.07726127918826,0.741198669577355,2.93662606539277
2092,"Banteng","BTG",2,"dist_str + ndvi_cv + elev + BB + DE",1.07296033146776,0.760698201686504,2.92402305159731
2093,"Banteng","BTG",2,"dist_str + ndvi_cv + elev + BB + DE",1.04314853713623,0.797370828068688,2.83813894746339
2094,"Banteng","BTG",2,"dist_str + ndvi_cv + elev + BB + DE",1.05116847592502,0.823373269503959,2.86099217335543
2095,"Banteng","BTG",2,"dist_str + ndvi_cv + elev + BB + DE",1.0209371594135,0.917635834015927,2.77579492927444
2096,"Banteng","BTG",2,"dist_str + ndvi_cv + elev + BB + DE",0.104877862785937,1.20984746009736,1.11057504514339
2097,"Banteng","BTG",2,"dist_str + ndvi_cv + elev + BB + DE",0.0644211583950415,0.978233711390577,1.06654152098126
2098,"Banteng","BTG",2,"dist_str + ndvi_cv + elev + BB + DE",0.0703183262045465,0.882577403754752,1.0728496594495
2099,"Banteng","BTG",2,"dist_str + ndvi_cv + elev + BB + DE",0.0606199476525989,0.817007792074055,1.06249503413933
2100,"Banteng","BTG",2,"dist_str + ndvi_cv + elev + BB + DE",0.0771018874069482,0.79505312782067,1.0801521246916
2101,"Banteng","BTG",2,"dist_str + ndvi_cv + elev + BB + DE",0.0856063948578127,0.786921031681152,1.08937746074252
2102,"Banteng","BTG",2,"dist_str + ndvi_cv + elev + BB + DE",0.0958715545778057,0.775016353000341,1.10061768880041
2103,"Banteng","BTG",2,"dist_str + ndvi_cv + elev + BB + DE",0.0771805379334332,0.754274829974484,1.08023726369192
2104,"Banteng","BTG",2,"dist_str + ndvi_cv + elev + BB + DE",0.0671540257229245,0.738636884330991,1.06946021872963
2105,"Banteng","BTG",2,"dist_str + ndvi_cv + elev + BB + DE",0.0791776303758538,0.728351987567142,1.08239657161773
2106,"Banteng","BTG",2,"dist_str + ndvi_cv + elev + BB + DE",0.0631127461626136,0.726660537864253,1.06514692705815
2107,"Banteng","BTG",2,"dist_str + ndvi_cv + elev + BB + DE",0.0811322873208523,0.71321460598481,1.08451439259929
2108,"Banteng","BTG",2,"dist_str + ndvi_cv + elev + BB + DE",0.123014951900683,0.710904099023947,1.13090132996776
2109,"Banteng","BTG",2,"dist_str + ndvi_cv + elev + BB + DE",0.181416053722369,0.706750775942999,1.19891389524624
2110,"Banteng","BTG",2,"dist_str + ndvi_cv + elev + BB + DE",0.232851141640222,0.697061638141149,1.26219357826817
2111,"Banteng","BTG",2,"dist_str + ndvi_cv + elev + BB + DE",0.285868084055968,0.698872971396679,1.33091689525227
2112,"Banteng","BTG",2,"dist_str + ndvi_cv + elev + BB + DE",0.352623539123368,0.691295558673942,1.42279583737501
2113,"Banteng","BTG",2,"dist_str + ndvi_cv + elev + BB + DE",0.436812518123187,0.683372179108552,1.54776587200953
2114,"Banteng","BTG",2,"dist_str + ndvi_cv + elev + BB + DE",0.565488916999742,0.693323997403265,1.7603082284937
2115,"Banteng","BTG",2,"dist_str + ndvi_cv + elev + BB + DE",0.70354523195598,0.692098700668273,2.02090460153115
2116,"Banteng","BTG",2,"dist_str + ndvi_cv + elev + BB + DE",0.896657536148447,0.696302404386488,2.45139573458699
2117,"Banteng","BTG",2,"dist_str + ndvi_cv + elev + BB + DE",1.09079693527214,0.6841498528331,2.9766453891395
2118,"Banteng","BTG",2,"dist_str + ndvi_cv + elev + BB + DE",1.31963628120264,0.667021202787793,3.74206033065967
2119,"Banteng","BTG",2,"dist_str + ndvi_cv + elev + BB + DE",1.46499526992949,0.659392630913286,4.3275228789617
2120,"Banteng","BTG",2,"dist_str + ndvi_cv + elev + BB + DE",1.50571687421526,0.658953606060504,4.50738370022353
2121,"Banteng","BTG",2,"dist_str + ndvi_cv + elev + BB + DE",1.44250856696542,0.678885039934596,4.2312970485882
2122,"Banteng","BTG",2,"dist_str + ndvi_cv + elev + BB + DE",1.33846335666984,0.673474689344747,3.81317955073474
2123,"Banteng","BTG",2,"dist_str + ndvi_cv + elev + BB + DE",1.27400808614549,0.67343087483708,3.57515344735201
2124,"Banteng","BTG",2,"dist_str + ndvi_cv + elev + BB + DE",1.22516264784676,0.66741929704952,3.4047198085768
2125,"Banteng","BTG",2,"dist_str + ndvi_cv + elev + BB + DE",1.19164910764299,0.657161630702828,3.29250643829659
2126,"Banteng","BTG",2,"dist_str + ndvi_cv + elev + BB + DE",1.15541016326703,0.68396006684448,3.17532556013182
2127,"Banteng","BTG",2,"dist_str + ndvi_cv + elev + BB + DE",1.15705456306311,0.708066296216443,3.18055205111208
2128,"Banteng","BTG",2,"dist_str + ndvi_cv + elev + BB + DE",1.14622545304127,0.729745103693568,3.14629465932604
2129,"Banteng","BTG",2,"dist_str + ndvi_cv + elev + BB + DE",1.13892003683466,0.762668072634264,3.12339347434455
2130,"Banteng","BTG",2,"dist_str + ndvi_cv + elev + BB + DE",1.13119959400054,0.791332858957655,3.09937227185376
2131,"Banteng","BTG",2,"dist_str + ndvi_cv + elev + BB + DE",1.09320561497294,0.860064951888661,2.98382375575187
2132,"Banteng","BTG",2,"dist_str + ndvi_cv + elev + BB + DE",1.08466393881455,1.00307062573157,2.95844543301425
2133,"Banteng","BTG",2,"dist_str + ndvi_cv + elev + BB + DE",0.0772533310878437,1.04231200138009,1.08031572284331
2134,"Banteng","BTG",2,"dist_str + ndvi_cv + elev + BB + DE",0.106388802606755,0.915550218235399,1.1122542462857
2135,"Banteng","BTG",2,"dist_str + ndvi_cv + elev + BB + DE",0.112386440392473,0.864135624938525,1.11894524004772
2136,"Banteng","BTG",2,"dist_str + ndvi_cv + elev + BB + DE",0.0712773648941553,0.832258549017443,1.07387904758995
2137,"Banteng","BTG",2,"dist_str + ndvi_cv + elev + BB + DE",0.0916669232390229,0.804713666562247,1.09599971009962
2138,"Banteng","BTG",2,"dist_str + ndvi_cv + elev + BB + DE",0.0906040192365031,0.787053463623218,1.09483538571417
2139,"Banteng","BTG",2,"dist_str + ndvi_cv + elev + BB + DE",0.0986944246187362,0.764115011324351,1.103729067456
2140,"Banteng","BTG",2,"dist_str + ndvi_cv + elev + BB + DE",0.0808270326147864,0.750460643738939,1.08418335208678
2141,"Banteng","BTG",2,"dist_str + ndvi_cv + elev + BB + DE",0.0907298082246573,0.736080685736783,1.09497327113823
2142,"Banteng","BTG",2,"dist_str + ndvi_cv + elev + BB + DE",0.0820602313217104,0.746039057406087,1.08552123329788
2143,"Banteng","BTG",2,"dist_str + ndvi_cv + elev + BB + DE",0.0910893099811063,0.729539237766198,1.09536682952462
2144,"Banteng","BTG",2,"dist_str + ndvi_cv + elev + BB + DE",0.0785806599263715,0.700161906394323,1.08175063422471
2145,"Banteng","BTG",2,"dist_str + ndvi_cv + elev + BB + DE",0.0904544832097846,0.695555336360944,1.0946716936933
2146,"Banteng","BTG",2,"dist_str + ndvi_cv + elev + BB + DE",0.178000652392958,0.70680360823885,1.19482611656105
2147,"Banteng","BTG",2,"dist_str + ndvi_cv + elev + BB + DE",0.229000813554788,0.694419075263805,1.25734307982002
2148,"Banteng","BTG",2,"dist_str + ndvi_cv + elev + BB + DE",0.304927562868844,0.684940495468655,1.35652675639965
2149,"Banteng","BTG",2,"dist_str + ndvi_cv + elev + BB + DE",0.386482009700841,0.68209319285564,1.47179393209414
2150,"Banteng","BTG",2,"dist_str + ndvi_cv + elev + BB + DE",0.401953975195089,0.661254773137288,1.4947425360233
2151,"Banteng","BTG",2,"dist_str + ndvi_cv + elev + BB + DE",0.572576968683253,0.672651806285241,1.77282969975359
2152,"Banteng","BTG",2,"dist_str + ndvi_cv + elev + BB + DE",0.769415820559725,0.692449712633352,2.15850493555754
2153,"Banteng","BTG",2,"dist_str + ndvi_cv + elev + BB + DE",0.970249383336222,0.686904790577135,2.63860240180795
2154,"Banteng","BTG",2,"dist_str + ndvi_cv + elev + BB + DE",1.18662024981413,0.67313341126523,3.27599050400941
2155,"Banteng","BTG",2,"dist_str + ndvi_cv + elev + BB + DE",1.49965818341743,0.645239394585388,4.48015742728553
2156,"Banteng","BTG",2,"dist_str + ndvi_cv + elev + BB + DE",2.01504748837841,0.618833747615395,7.50108359791282
2157,"Banteng","BTG",2,"dist_str + ndvi_cv + elev + BB + DE",1.88234900498215,0.648748926189079,6.56891744539545
2158,"Banteng","BTG",2,"dist_str + ndvi_cv + elev + BB + DE",1.59298243996741,0.666591574624138,4.91839598207891
2159,"Banteng","BTG",2,"dist_str + ndvi_cv + elev + BB + DE",1.46351000753299,0.670004546290548,4.32110004807281
2160,"Banteng","BTG",2,"dist_str + ndvi_cv + elev + BB + DE",1.38889833773554,0.669857280608558,4.01042958346292
2161,"Banteng","BTG",2,"dist_str + ndvi_cv + elev + BB + DE",1.30251563610109,0.642388361126419,3.67853890718709
2162,"Banteng","BTG",2,"dist_str + ndvi_cv + elev + BB + DE",1.25092286856207,0.55759707028961,3.49356558027923
2163,"Banteng","BTG",2,"dist_str + ndvi_cv + elev + BB + DE",1.22964202664955,0.671047156606945,3.42000506510049
2164,"Banteng","BTG",2,"dist_str + ndvi_cv + elev + BB + DE",1.21473174194419,0.70585592577091,3.36939010707742
2165,"Banteng","BTG",2,"dist_str + ndvi_cv + elev + BB + DE",1.20888081402087,0.734591890111202,3.34973363260949
2166,"Banteng","BTG",2,"dist_str + ndvi_cv + elev + BB + DE",1.20791990322161,0.75688080365759,3.34651641718135
2167,"Banteng","BTG",2,"dist_str + ndvi_cv + elev + BB + DE",1.19593765911673,0.801433835239131,3.30665689349392
2168,"Banteng","BTG",2,"dist_str + ndvi_cv + elev + BB + DE",1.17261571243628,0.87591363307709,3.23043147678158
2169,"Banteng","BTG",2,"dist_str + ndvi_cv + elev + BB + DE",0.115634217373621,1.01969448716103,1.12258517844574
2170,"Banteng","BTG",2,"dist_str + ndvi_cv + elev + BB + DE",0.0920898258698573,0.903165084457545,1.09646331610434
2171,"Banteng","BTG",2,"dist_str + ndvi_cv + elev + BB + DE",0.0921437797498423,0.857746390439786,1.09652248554166
2172,"Banteng","BTG",2,"dist_str + ndvi_cv + elev + BB + DE",0.0926156494419832,0.834301033268857,1.09704008975929
2173,"Banteng","BTG",2,"dist_str + ndvi_cv + elev + BB + DE",0.100292123903607,0.801196970772155,1.10549381207887
2174,"Banteng","BTG",2,"dist_str + ndvi_cv + elev + BB + DE",0.0925791777512369,0.783279635891865,1.09700002766712
2175,"Banteng","BTG",2,"dist_str + ndvi_cv + elev + BB + DE",0.0955298776700155,0.769034609726845,1.10024173643857
2176,"Banteng","BTG",2,"dist_str + ndvi_cv + elev + BB + DE",0.109110576138273,0.756628598381518,1.11528566758466
2177,"Banteng","BTG",2,"dist_str + ndvi_cv + elev + BB + DE",0.11429126062262,0.75296927768101,1.12107860399694
2178,"Banteng","BTG",2,"dist_str + ndvi_cv + elev + BB + DE",0.121136391825336,0.737546875333904,1.12877886101043
2179,"Banteng","BTG",2,"dist_str + ndvi_cv + elev + BB + DE",0.107856307356173,0.731731487949106,1.1138876900555
2180,"Banteng","BTG",2,"dist_str + ndvi_cv + elev + BB + DE",0.117306974095695,0.709731551020931,1.12446455894464
2181,"Banteng","BTG",2,"dist_str + ndvi_cv + elev + BB + DE",0.145214189219814,0.705070366066431,1.15628733125695
2182,"Banteng","BTG",2,"dist_str + ndvi_cv + elev + BB + DE",0.184680538192793,0.713250685298676,1.20283411918159
2183,"Banteng","BTG",2,"dist_str + ndvi_cv + elev + BB + DE",0.254581278781023,0.699079219261454,1.2899213917149
2184,"Banteng","BTG",2,"dist_str + ndvi_cv + elev + BB + DE",0.343811419135439,0.686585869637841,1.41031333495329
2185,"Banteng","BTG",2,"dist_str + ndvi_cv + elev + BB + DE",0.388170108426882,0.687581485609292,1.47428055139447
2186,"Banteng","BTG",2,"dist_str + ndvi_cv + elev + BB + DE",0.453870176320562,0.659710061872683,1.57439359191189
2187,"Banteng","BTG",2,"dist_str + ndvi_cv + elev + BB + DE",0.619922228418243,0.669349362424677,1.85878350423767
2188,"Banteng","BTG",2,"dist_str + ndvi_cv + elev + BB + DE",0.809271279113039,0.686491478400598,2.2462704859512
2189,"Banteng","BTG",2,"dist_str + ndvi_cv + elev + BB + DE",1.00532426807801,0.692193584941226,2.73279328945685
2190,"Banteng","BTG",2,"dist_str + ndvi_cv + elev + BB + DE",1.25282450907564,0.664931032975029,3.50021559356406
2191,"Banteng","BTG",2,"dist_str + ndvi_cv + elev + BB + DE",1.54482828059472,0.640956118208537,4.68716668216161
2192,"Banteng","BTG",2,"dist_str + ndvi_cv + elev + BB + DE",2.11880310602797,0.578167318581118,8.32117360673045
2193,"Banteng","BTG",2,"dist_str + ndvi_cv + elev + BB + DE",1.96686053854774,0.631770390534857,7.14819976758096
2194,"Banteng","BTG",2,"dist_str + ndvi_cv + elev + BB + DE",1.67134497104105,0.664699637164543,5.31931737965603
2195,"Banteng","BTG",2,"dist_str + ndvi_cv + elev + BB + DE",1.5362267192061,0.678476114450379,4.64702265960391
2196,"Banteng","BTG",2,"dist_str + ndvi_cv + elev + BB + DE",1.45048063337675,0.669605725918484,4.26516400289589
2197,"Banteng","BTG",2,"dist_str + ndvi_cv + elev + BB + DE",1.38424900445013,0.64697605076022,3.99182694311596
2198,"Banteng","BTG",2,"dist_str + ndvi_cv + elev + BB + DE",1.28594549358721,0.53415839020945,3.61808739880111
2199,"Banteng","BTG",2,"dist_str + ndvi_cv + elev + BB + DE",1.30602898347509,0.663540398058861,3.69148568973531
2200,"Banteng","BTG",2,"dist_str + ndvi_cv + elev + BB + DE",1.29424204206198,0.704959362851011,3.64822984777509
2201,"Banteng","BTG",2,"dist_str + ndvi_cv + elev + BB + DE",1.2788064830401,0.739870741104506,3.5923496369961
2202,"Banteng","BTG",2,"dist_str + ndvi_cv + elev + BB + DE",1.28327153835372,0.762548729386566,3.60842561379523
2203,"Banteng","BTG",2,"dist_str + ndvi_cv + elev + BB + DE",1.26012685831674,0.806882080806482,3.52586897603499
2204,"Banteng","BTG",2,"dist_str + ndvi_cv + elev + BB + DE",1.25543474120308,0.922065087806257,3.509363711694
2205,"Banteng","BTG",2,"dist_str + ndvi_cv + elev + BB + DE",0.128195458507283,0.960498228101266,1.13677517339399
2206,"Banteng","BTG",2,"dist_str + ndvi_cv + elev + BB + DE",0.124412312357265,0.886004260202795,1.1324827123906
2207,"Banteng","BTG",2,"dist_str + ndvi_cv + elev + BB + DE",0.112230166406755,0.849406905202749,1.1187703502876
2208,"Banteng","BTG",2,"dist_str + ndvi_cv + elev + BB + DE",0.117149946189954,0.824914998218169,1.12428800115105
2209,"Banteng","BTG",2,"dist_str + ndvi_cv + elev + BB + DE",0.102312710307643,0.800742845144229,1.10772981777961
2210,"Banteng","BTG",2,"dist_str + ndvi_cv + elev + BB + DE",0.12643083018876,0.779570705923967,1.13477098861191
2211,"Banteng","BTG",2,"dist_str + ndvi_cv + elev + BB + DE",0.114142417251784,0.777496919532565,1.12091176688391
2212,"Banteng","BTG",2,"dist_str + ndvi_cv + elev + BB + DE",0.12852625898922,0.768104827270142,1.13715128222471
2213,"Banteng","BTG",2,"dist_str + ndvi_cv + elev + BB + DE",0.136788125852501,0.752446223149802,1.14658519103233
2214,"Banteng","BTG",2,"dist_str + ndvi_cv + elev + BB + DE",0.134514301767357,0.743505895012345,1.14398103907874
2215,"Banteng","BTG",2,"dist_str + ndvi_cv + elev + BB + DE",0.14522185876905,0.733608960565118,1.15629607644989
2216,"Banteng","BTG",2,"dist_str + ndvi_cv + elev + BB + DE",0.139726390729157,0.727150588418351,1.14995911928075
2217,"Banteng","BTG",2,"dist_str + ndvi_cv + elev + BB + DE",0.173086645506527,0.714398400936772,1.1889691200001
2218,"Banteng","BTG",2,"dist_str + ndvi_cv + elev + BB + DE",0.242946830988551,0.703956134119549,1.27500084072136
2219,"Banteng","BTG",2,"dist_str + ndvi_cv + elev + BB + DE",0.289127868162147,0.699421236210566,1.33526245630098
2220,"Banteng","BTG",2,"dist_str + ndvi_cv + elev + BB + DE",0.345743833972369,0.704409580920685,1.41304059703639
2221,"Banteng","BTG",2,"dist_str + ndvi_cv + elev + BB + DE",0.426904241582649,0.692020669327762,1.53250592699795
2222,"Banteng","BTG",2,"dist_str + ndvi_cv + elev + BB + DE",0.533384054615639,0.68311268923495,1.70469132968888
2223,"Banteng","BTG",2,"dist_str + ndvi_cv + elev + BB + DE",0.662227148385319,0.688182847621261,1.93910621206249
2224,"Banteng","BTG",2,"dist_str + ndvi_cv + elev + BB + DE",0.814092725985046,0.685742189104393,2.25712693254199
2225,"Banteng","BTG",2,"dist_str + ndvi_cv + elev + BB + DE",1.01656482930294,0.694968885123041,2.76368471470744
2226,"Banteng","BTG",2,"dist_str + ndvi_cv + elev + BB + DE",1.21523250330706,0.69177766169337,3.37107910100137
2227,"Banteng","BTG",2,"dist_str + ndvi_cv + elev + BB + DE",1.48941779103198,0.667685490006241,4.43451297425688
2228,"Banteng","BTG",2,"dist_str + ndvi_cv + elev + BB + DE",1.65124063262457,0.649208042215963,5.21344378612987
2229,"Banteng","BTG",2,"dist_str + ndvi_cv + elev + BB + DE",1.71739620122066,0.666009877242802,5.57000640089658
2230,"Banteng","BTG",2,"dist_str + ndvi_cv + elev + BB + DE",1.64341445213787,0.671396260616251,5.17280170232213
2231,"Banteng","BTG",2,"dist_str + ndvi_cv + elev + BB + DE",1.57348861593824,0.686625053302741,4.82344603714475
2232,"Banteng","BTG",2,"dist_str + ndvi_cv + elev + BB + DE",1.49628624947713,0.675343725667957,4.4650760630904
2233,"Banteng","BTG",2,"dist_str + ndvi_cv + elev + BB + DE",1.45293047649634,0.654565764283401,4.27562644028767
2234,"Banteng","BTG",2,"dist_str + ndvi_cv + elev + BB + DE",1.41032076480218,0.662372678175882,4.09726951421342
2235,"Banteng","BTG",2,"dist_str + ndvi_cv + elev + BB + DE",1.39756081579142,0.682552706103839,4.04532076381858
2236,"Banteng","BTG",2,"dist_str + ndvi_cv + elev + BB + DE",1.37513480159376,0.703816838831886,3.95560999215396
2237,"Banteng","BTG",2,"dist_str + ndvi_cv + elev + BB + DE",1.36560349663016,0.737970949551977,3.9180869220322
2238,"Banteng","BTG",2,"dist_str + ndvi_cv + elev + BB + DE",1.32943767968622,0.763929727412457,3.77891785276133
2239,"Banteng","BTG",2,"dist_str + ndvi_cv + elev + BB + DE",1.31279628740246,0.818847773826606,3.71655174244249
2240,"Banteng","BTG",2,"dist_str + ndvi_cv + elev + BB + DE",1.33125274272579,0.948551821923177,3.78578304422479
2241,"Banteng","BTG",2,"dist_str + ndvi_cv + elev + BB + DE",0.109861045222369,1.10907179655463,1.11612317612378
2242,"Banteng","BTG",2,"dist_str + ndvi_cv + elev + BB + DE",0.11884888375508,0.95849726870937,1.1261997428531
2243,"Banteng","BTG",2,"dist_str + ndvi_cv + elev + BB + DE",0.108262963011343,0.878043764254216,1.11434073953642
2244,"Banteng","BTG",2,"dist_str + ndvi_cv + elev + BB + DE",0.14246895052384,0.841021207517278,1.1531172784123
2245,"Banteng","BTG",2,"dist_str + ndvi_cv + elev + BB + DE",0.127156964552607,0.813510096172688,1.1355952767664
2246,"Banteng","BTG",2,"dist_str + ndvi_cv + elev + BB + DE",0.149042013588114,0.792198190764024,1.16072180041232
2247,"Banteng","BTG",2,"dist_str + ndvi_cv + elev + BB + DE",0.121768001444631,0.775622669435379,1.12949208737796
2248,"Banteng","BTG",2,"dist_str + ndvi_cv + elev + BB + DE",0.153258534391414,0.774335131393345,1.16562630388471
2249,"Banteng","BTG",2,"dist_str + ndvi_cv + elev + BB + DE",0.149271529187805,0.762138443259995,1.16098819672527
2250,"Banteng","BTG",2,"dist_str + ndvi_cv + elev + BB + DE",0.15292197795328,0.752888672617444,1.1652340961874
2251,"Banteng","BTG",2,"dist_str + ndvi_cv + elev + BB + DE",0.145735264506181,0.749520117714387,1.15688994542568
2252,"Banteng","BTG",2,"dist_str + ndvi_cv + elev + BB + DE",0.157170385738835,0.739984995157439,1.17019499134951
2253,"Banteng","BTG",2,"dist_str + ndvi_cv + elev + BB + DE",0.184711961343379,0.731028864781858,1.20287194594166
2254,"Banteng","BTG",2,"dist_str + ndvi_cv + elev + BB + DE",0.220007226474473,0.723475891482415,1.24608575233161
2255,"Banteng","BTG",2,"dist_str + ndvi_cv + elev + BB + DE",0.242926694504197,0.703845439743413,1.27497518286359
2256,"Banteng","BTG",2,"dist_str + ndvi_cv + elev + BB + DE",0.3013052915364,0.706341899383048,1.35162193768517
2257,"Banteng","BTG",2,"dist_str + ndvi_cv + elev + BB + DE",0.367064571427949,0.696797933773195,1.44349114678336
2258,"Banteng","BTG",2,"dist_str + ndvi_cv + elev + BB + DE",0.439034158911664,0.698087366249181,1.55120827767963
2259,"Banteng","BTG",2,"dist_str + ndvi_cv + elev + BB + DE",0.535901349431351,0.685532264491228,1.70898821331545
2260,"Banteng","BTG",2,"dist_str + ndvi_cv + elev + BB + DE",0.674829120507813,0.686402380909578,1.96369742547361
2261,"Banteng","BTG",2,"dist_str + ndvi_cv + elev + BB + DE",0.820065559765697,0.699862351944467,2.27064870021431
2262,"Banteng","BTG",2,"dist_str + ndvi_cv + elev + BB + DE",0.981355383040776,0.6942575893432,2.66807004924438
2263,"Banteng","BTG",2,"dist_str + ndvi_cv + elev + BB + DE",1.18417424534419,0.689460460598656,3.26798756959022
2264,"Banteng","BTG",2,"dist_str + ndvi_cv + elev + BB + DE",1.35819181828816,0.688040686996976,3.88915471457789
2265,"Banteng","BTG",2,"dist_str + ndvi_cv + elev + BB + DE",1.50143501875385,0.681530173718991,4.48812563312424
2266,"Banteng","BTG",2,"dist_str + ndvi_cv + elev + BB + DE",1.5661978263796,0.676358505477623,4.78840743461768
2267,"Banteng","BTG",2,"dist_str + ndvi_cv + elev + BB + DE",1.58088878216247,0.686923669272986,4.85927304905969
2268,"Banteng","BTG",2,"dist_str + ndvi_cv + elev + BB + DE",1.57845486800786,0.683309688300018,4.84746074783728
2269,"Banteng","BTG",2,"dist_str + ndvi_cv + elev + BB + DE",1.55627773726182,0.674817327003071,4.74114059308507
2270,"Banteng","BTG",2,"dist_str + ndvi_cv + elev + BB + DE",1.55024133489884,0.684896973783222,4.71260741547565
2271,"Banteng","BTG",2,"dist_str + ndvi_cv + elev + BB + DE",1.53681543954405,0.684044928233277,4.64975923725107
2272,"Banteng","BTG",2,"dist_str + ndvi_cv + elev + BB + DE",1.50568104521647,0.696760424853807,4.50722255571261
2273,"Banteng","BTG",2,"dist_str + ndvi_cv + elev + BB + DE",1.44019036849504,0.715811712444588,4.22149941414298
2274,"Banteng","BTG",2,"dist_str + ndvi_cv + elev + BB + DE",1.41947224855652,0.741652100800596,4.13493765506349
2275,"Banteng","BTG",2,"dist_str + ndvi_cv + elev + BB + DE",1.39720224919439,0.771719690608997,4.04387040293072
2276,"Banteng","BTG",2,"dist_str + ndvi_cv + elev + BB + DE",1.37222682140581,0.850764437223576,3.94412395455247
2277,"Banteng","BTG",2,"dist_str + ndvi_cv + elev + BB + DE",1.34933332959756,1.01093543514992,3.85485476457373
2278,"Banteng","BTG",2,"dist_str + ndvi_cv + elev + BB + DE",0.141542018211999,1.0874529473667,1.15204897610343
2279,"Banteng","BTG",2,"dist_str + ndvi_cv + elev + BB + DE",0.124940904655893,0.955615585725053,1.13308152675471
2280,"Banteng","BTG",2,"dist_str + ndvi_cv + elev + BB + DE",0.123622569091951,0.883852378226528,1.13158869449123
2281,"Banteng","BTG",2,"dist_str + ndvi_cv + elev + BB + DE",0.152485282208283,0.845413173438654,1.1647253481542
2282,"Banteng","BTG",2,"dist_str + ndvi_cv + elev + BB + DE",0.158097801355182,0.819575348215772,1.17128074195026
2283,"Banteng","BTG",2,"dist_str + ndvi_cv + elev + BB + DE",0.136390107062271,0.798042449500133,1.14612891966712
2284,"Banteng","BTG",2,"dist_str + ndvi_cv + elev + BB + DE",0.168210200811695,0.784502668325276,1.18318529131479
2285,"Banteng","BTG",2,"dist_str + ndvi_cv + elev + BB + DE",0.167581599022908,0.779986148900373,1.18244180845053
2286,"Banteng","BTG",2,"dist_str + ndvi_cv + elev + BB + DE",0.146386187536933,0.780979084021259,1.1576431816611
2287,"Banteng","BTG",2,"dist_str + ndvi_cv + elev + BB + DE",0.171641299546525,0.764376212975445,1.18725189563863
2288,"Banteng","BTG",2,"dist_str + ndvi_cv + elev + BB + DE",0.184266049997391,0.757845076744959,1.20233566260339
2289,"Banteng","BTG",2,"dist_str + ndvi_cv + elev + BB + DE",0.170054403888145,0.750091537338769,1.18536934171753
2290,"Banteng","BTG",2,"dist_str + ndvi_cv + elev + BB + DE",0.176429311342288,0.748941812402062,1.19295016850147
2291,"Banteng","BTG",2,"dist_str + ndvi_cv + elev + BB + DE",0.232794769116092,0.724774521449814,1.26212242648913
2292,"Banteng","BTG",2,"dist_str + ndvi_cv + elev + BB + DE",0.277385386509212,0.732287609208144,1.31967486897075
2293,"Banteng","BTG",2,"dist_str + ndvi_cv + elev + BB + DE",0.318836796941078,0.698012389215842,1.3755268253994
2294,"Banteng","BTG",2,"dist_str + ndvi_cv + elev + BB + DE",0.357607781502332,0.704641791782933,1.42990467555748
2295,"Banteng","BTG",2,"dist_str + ndvi_cv + elev + BB + DE",0.416954326068336,0.691787700725391,1.51733322396007
2296,"Banteng","BTG",2,"dist_str + ndvi_cv + elev + BB + DE",0.491699919270227,0.698500313011149,1.63509345494344
2297,"Banteng","BTG",2,"dist_str + ndvi_cv + elev + BB + DE",0.631652278314482,0.691392035004,1.88071547942212
2298,"Banteng","BTG",2,"dist_str + ndvi_cv + elev + BB + DE",0.787526123054044,0.701564442110825,2.19795223185564
2299,"Banteng","BTG",2,"dist_str + ndvi_cv + elev + BB + DE",0.957476248986531,0.704434629243865,2.60511353748365
2300,"Banteng","BTG",2,"dist_str + ndvi_cv + elev + BB + DE",1.12597996856933,0.704863649303289,3.08323684412887
2301,"Banteng","BTG",2,"dist_str + ndvi_cv + elev + BB + DE",1.27999366475522,0.687023608180279,3.59661694006077
2302,"Banteng","BTG",2,"dist_str + ndvi_cv + elev + BB + DE",1.41785101912203,0.686917370112491,4.12823943975652
2303,"Banteng","BTG",2,"dist_str + ndvi_cv + elev + BB + DE",1.52343966352927,0.687353286422402,4.58797919343195
2304,"Banteng","BTG",2,"dist_str + ndvi_cv + elev + BB + DE",1.54917628628454,0.694125493538362,4.70759088112014
2305,"Banteng","BTG",2,"dist_str + ndvi_cv + elev + BB + DE",1.58651990980386,0.683442131304117,4.88671310034822
2306,"Banteng","BTG",2,"dist_str + ndvi_cv + elev + BB + DE",1.6141524276111,0.690900357861355,5.02362828116757
2307,"Banteng","BTG",2,"dist_str + ndvi_cv + elev + BB + DE",1.6311433999301,0.673157897761246,5.10971383110787
2308,"Banteng","BTG",2,"dist_str + ndvi_cv + elev + BB + DE",1.64220584823114,0.696985551983148,5.16655450455031
2309,"Banteng","BTG",2,"dist_str + ndvi_cv + elev + BB + DE",1.6037890236513,0.696712484126107,4.97183519032945
2310,"Banteng","BTG",2,"dist_str + ndvi_cv + elev + BB + DE",1.53783847694166,0.711957176825168,4.65451856020147
2311,"Banteng","BTG",2,"dist_str + ndvi_cv + elev + BB + DE",1.48645047819227,0.75487744132806,4.42137388448526
2312,"Banteng","BTG",2,"dist_str + ndvi_cv + elev + BB + DE",1.42886047846911,0.779798120893349,4.17394024995673
2313,"Banteng","BTG",2,"dist_str + ndvi_cv + elev + BB + DE",1.39915612931748,0.856831748907641,4.05177951896199
2314,"Banteng","BTG",2,"dist_str + ndvi_cv + elev + BB + DE",0.130770541279417,0.972579723347761,1.13970627410997
2315,"Banteng","BTG",2,"dist_str + ndvi_cv + elev + BB + DE",0.137494598177254,0.875432467022986,1.14739552282673
2316,"Banteng","BTG",2,"dist_str + ndvi_cv + elev + BB + DE",0.158414031520847,0.844975876882019,1.17165119600903
2317,"Banteng","BTG",2,"dist_str + ndvi_cv + elev + BB + DE",0.166364543802832,0.826188250014262,1.1810035628116
2318,"Banteng","BTG",2,"dist_str + ndvi_cv + elev + BB + DE",0.161596252425062,0.79622765110529,1.17538558864216
2319,"Banteng","BTG",2,"dist_str + ndvi_cv + elev + BB + DE",0.162095225072845,0.791717255280612,1.17597222915641
2320,"Banteng","BTG",2,"dist_str + ndvi_cv + elev + BB + DE",0.167715205030251,0.775554001554015,1.18259980806584
2321,"Banteng","BTG",2,"dist_str + ndvi_cv + elev + BB + DE",0.176209373278717,0.789883057494481,1.19268774951162
2322,"Banteng","BTG",2,"dist_str + ndvi_cv + elev + BB + DE",0.169106493098591,0.766444259571424,1.18424633605442
2323,"Banteng","BTG",2,"dist_str + ndvi_cv + elev + BB + DE",0.167704981508992,0.766176136611892,1.18258770470193
2324,"Banteng","BTG",2,"dist_str + ndvi_cv + elev + BB + DE",0.188819314754969,0.749368754749716,1.20782269707648
2325,"Banteng","BTG",2,"dist_str + ndvi_cv + elev + BB + DE",0.181349112827542,0.744820730465562,1.19883364004921
2326,"Banteng","BTG",2,"dist_str + ndvi_cv + elev + BB + DE",0.222599824915812,0.728141764242068,1.24932055512315
2327,"Banteng","BTG",2,"dist_str + ndvi_cv + elev + BB + DE",0.256856896415521,0.72646547439601,1.2928601101789
2328,"Banteng","BTG",2,"dist_str + ndvi_cv + elev + BB + DE",0.299463795808029,0.720371651067297,1.34913520352597
2329,"Banteng","BTG",2,"dist_str + ndvi_cv + elev + BB + DE",0.351841058934735,0.712890988602912,1.42168254565063
2330,"Banteng","BTG",2,"dist_str + ndvi_cv + elev + BB + DE",0.39628422481663,0.7052770621938,1.48629169853245
2331,"Banteng","BTG",2,"dist_str + ndvi_cv + elev + BB + DE",0.473983663227161,0.692292643082956,1.60638075536906
2332,"Banteng","BTG",2,"dist_str + ndvi_cv + elev + BB + DE",0.58496112581992,0.694281177287048,1.79492122441041
2333,"Banteng","BTG",2,"dist_str + ndvi_cv + elev + BB + DE",0.747361578647063,0.702876157398563,2.11142184457335
2334,"Banteng","BTG",2,"dist_str + ndvi_cv + elev + BB + DE",0.907657878477342,0.699021631276014,2.47851075684479
2335,"Banteng","BTG",2,"dist_str + ndvi_cv + elev + BB + DE",1.09798674936949,0.704855963420542,2.99812396896702
2336,"Banteng","BTG",2,"dist_str + ndvi_cv + elev + BB + DE",1.24913004509867,0.699634663684361,3.48730785678591
2337,"Banteng","BTG",2,"dist_str + ndvi_cv + elev + BB + DE",1.40801407131288,0.696238852766663,4.08782920397499
2338,"Banteng","BTG",2,"dist_str + ndvi_cv + elev + BB + DE",1.50588422623534,0.696232741007344,4.50813811490628
2339,"Banteng","BTG",2,"dist_str + ndvi_cv + elev + BB + DE",1.54477682730031,0.69704198114674,4.68692552860605
2340,"Banteng","BTG",2,"dist_str + ndvi_cv + elev + BB + DE",1.55656233869959,0.687173090590487,4.74249017235916
2341,"Banteng","BTG",2,"dist_str + ndvi_cv + elev + BB + DE",1.62956124724202,0.684253249652544,5.10163587205516
2342,"Banteng","BTG",2,"dist_str + ndvi_cv + elev + BB + DE",1.76928306825097,0.666283251916628,5.86664586887122
2343,"Banteng","BTG",2,"dist_str + ndvi_cv + elev + BB + DE",1.80033549145752,0.678104833925272,6.05167741001955
2344,"Banteng","BTG",2,"dist_str + ndvi_cv + elev + BB + DE",1.73995321742228,0.697389764011339,5.69707689608065
2345,"Banteng","BTG",2,"dist_str + ndvi_cv + elev + BB + DE",1.59823790007613,0.725942764320829,4.94431237221305
2346,"Banteng","BTG",2,"dist_str + ndvi_cv + elev + BB + DE",1.50052000502551,0.763859210087899,4.48402018019856
2347,"Banteng","BTG",2,"dist_str + ndvi_cv + elev + BB + DE",1.45420467020871,0.798539120728531,4.28107724823586
2348,"Banteng","BTG",2,"dist_str + ndvi_cv + elev + BB + DE",1.44670106082032,0.878711336065912,4.24907394224515
2349,"Banteng","BTG",2,"dist_str + ndvi_cv + elev + BB + DE",0.172946889723198,0.985985745775211,1.18880298239465
2350,"Banteng","BTG",2,"dist_str + ndvi_cv + elev + BB + DE",0.179161455619702,0.884266254483408,1.19621389520891
2351,"Banteng","BTG",2,"dist_str + ndvi_cv + elev + BB + DE",0.157536321319219,0.843005347710342,1.1706232866231
2352,"Banteng","BTG",2,"dist_str + ndvi_cv + elev + BB + DE",0.169154300941244,0.828261406460816,1.18430291854261
2353,"Banteng","BTG",2,"dist_str + ndvi_cv + elev + BB + DE",0.159727661445435,0.81073295697494,1.17319132229507
2354,"Banteng","BTG",2,"dist_str + ndvi_cv + elev + BB + DE",0.160766465534916,0.780874172178225,1.17441068598753
2355,"Banteng","BTG",2,"dist_str + ndvi_cv + elev + BB + DE",0.181059758083255,0.789460864085192,1.19848680826988
2356,"Banteng","BTG",2,"dist_str + ndvi_cv + elev + BB + DE",0.169808413018227,0.762437126500053,1.18507780716191
2357,"Banteng","BTG",2,"dist_str + ndvi_cv + elev + BB + DE",0.175004288332744,0.765561373711606,1.19125132610745
2358,"Banteng","BTG",2,"dist_str + ndvi_cv + elev + BB + DE",0.183288894156542,0.760002281594165,1.20116136646185
2359,"Banteng","BTG",2,"dist_str + ndvi_cv + elev + BB + DE",0.180829189054424,0.763760918757999,1.19821050017271
2360,"Banteng","BTG",2,"dist_str + ndvi_cv + elev + BB + DE",0.190724222719089,0.739789127123562,1.21012569017159
2361,"Banteng","BTG",2,"dist_str + ndvi_cv + elev + BB + DE",0.195231605264629,0.72726118922553,1.21559284521194
2362,"Banteng","BTG",2,"dist_str + ndvi_cv + elev + BB + DE",0.27235830991116,0.731409522890377,1.31305745864544
2363,"Banteng","BTG",2,"dist_str + ndvi_cv + elev + BB + DE",0.297372013328887,0.709093778958826,1.3463165033088
2364,"Banteng","BTG",2,"dist_str + ndvi_cv + elev + BB + DE",0.336472071623218,0.726060422605772,1.39999985764818
2365,"Banteng","BTG",2,"dist_str + ndvi_cv + elev + BB + DE",0.358605295518284,0.702947803972056,1.43133180265627
2366,"Banteng","BTG",2,"dist_str + ndvi_cv + elev + BB + DE",0.297752266249732,0.652103266606879,1.34682812649694
2367,"Banteng","BTG",2,"dist_str + ndvi_cv + elev + BB + DE",0.515835813497855,0.692061510323289,1.67503793984664
2368,"Banteng","BTG",2,"dist_str + ndvi_cv + elev + BB + DE",0.665884636145456,0.698249906697296,1.94621150469509
2369,"Banteng","BTG",2,"dist_str + ndvi_cv + elev + BB + DE",0.849774138405239,0.707725945312946,2.33911857732494
2370,"Banteng","BTG",2,"dist_str + ndvi_cv + elev + BB + DE",1.01552673457825,0.712044813817136,2.76081729296877
2371,"Banteng","BTG",2,"dist_str + ndvi_cv + elev + BB + DE",1.19927271694245,0.708157957139865,3.31770316532887
2372,"Banteng","BTG",2,"dist_str + ndvi_cv + elev + BB + DE",1.49898916222228,0.690476689781319,4.47716112356121
2373,"Banteng","BTG",2,"dist_str + ndvi_cv + elev + BB + DE",1.61280004842709,0.737721758346634,5.0168389811798
2374,"Banteng","BTG",2,"dist_str + ndvi_cv + elev + BB + DE",1.47396166572951,0.704063902221963,4.36649976274861
2375,"Banteng","BTG",2,"dist_str + ndvi_cv + elev + BB + DE",1.50868777414947,0.699682488108487,4.52079461605091
2376,"Banteng","BTG",2,"dist_str + ndvi_cv + elev + BB + DE",1.60169631528996,0.690583152852087,4.96144146118786
2377,"Banteng","BTG",2,"dist_str + ndvi_cv + elev + BB + DE",1.76958134741685,0.660386378855541,5.86839603929375
2378,"Banteng","BTG",2,"dist_str + ndvi_cv + elev + BB + DE",2.43837311900686,0.547972705387025,11.4543909064723
2379,"Banteng","BTG",2,"dist_str + ndvi_cv + elev + BB + DE",1.76518549848211,0.68920608820367,5.84265606222651
2380,"Banteng","BTG",2,"dist_str + ndvi_cv + elev + BB + DE",1.61216804677643,0.728785119912726,5.01366932957369
2381,"Banteng","BTG",2,"dist_str + ndvi_cv + elev + BB + DE",1.51406675341462,0.760722894008689,4.54517816964156
2382,"Banteng","BTG",2,"dist_str + ndvi_cv + elev + BB + DE",1.48795601488815,0.816087637942598,4.42803552646496
2383,"Banteng","BTG",2,"dist_str + ndvi_cv + elev + BB + DE",1.45575043832183,0.901788227033064,4.28770001691778
2384,"Banteng","BTG",2,"dist_str + ndvi_cv + elev + BB + DE",1.45754275396301,1.05645897929049,4.29539172106714
2385,"Banteng","BTG",2,"dist_str + ndvi_cv + elev + BB + DE",0.18970520917119,0.964331500194452,1.20889318263659
2386,"Banteng","BTG",2,"dist_str + ndvi_cv + elev + BB + DE",0.180169853119312,0.888128021972545,1.19742076825823
2387,"Banteng","BTG",2,"dist_str + ndvi_cv + elev + BB + DE",0.173234405071079,0.852441348478824,1.18914481409978
2388,"Banteng","BTG",2,"dist_str + ndvi_cv + elev + BB + DE",0.178793261040065,0.827349244487474,1.19577351915963
2389,"Banteng","BTG",2,"dist_str + ndvi_cv + elev + BB + DE",0.195014076992538,0.814552254878411,1.21532811113039
2390,"Banteng","BTG",2,"dist_str + ndvi_cv + elev + BB + DE",0.182971431002954,0.789902486048062,1.20078024427369
2391,"Banteng","BTG",2,"dist_str + ndvi_cv + elev + BB + DE",0.176148757748434,0.78809100560894,1.19261545732138
2392,"Banteng","BTG",2,"dist_str + ndvi_cv + elev + BB + DE",0.195971441082305,0.777911385939728,1.21649230554872
2393,"Banteng","BTG",2,"dist_str + ndvi_cv + elev + BB + DE",0.185855531007419,0.757905072127231,1.20424828011494
2394,"Banteng","BTG",2,"dist_str + ndvi_cv + elev + BB + DE",0.18720149693363,0.758332241895536,1.20587024909523
2395,"Banteng","BTG",2,"dist_str + ndvi_cv + elev + BB + DE",0.198710221193887,0.754382744190026,1.21982856022408
2396,"Banteng","BTG",2,"dist_str + ndvi_cv + elev + BB + DE",0.205856226740104,0.745235850857003,1.22857656049701
2397,"Banteng","BTG",2,"dist_str + ndvi_cv + elev + BB + DE",0.202670077332478,0.732473800840473,1.22466835638729
2398,"Banteng","BTG",2,"dist_str + ndvi_cv + elev + BB + DE",0.255806058455301,0.746929624379592,1.2915022278838
2399,"Banteng","BTG",2,"dist_str + ndvi_cv + elev + BB + DE",0.281818076672548,0.724326586712286,1.32553757472281
2400,"Banteng","BTG",2,"dist_str + ndvi_cv + elev + BB + DE",0.344293380466222,0.717260441684008,1.41099253667843
2401,"Banteng","BTG",2,"dist_str + ndvi_cv + elev + BB + DE",0.364969719572735,0.70723296496632,1.44047039687074
2402,"Banteng","BTG",2,"dist_str + ndvi_cv + elev + BB + DE",0.388910077108069,0.692976878621949,1.47537188891933
2403,"Banteng","BTG",2,"dist_str + ndvi_cv + elev + BB + DE",0.515670922361757,0.705653218192458,1.67476218311317
2404,"Banteng","BTG",2,"dist_str + ndvi_cv + elev + BB + DE",0.649172021331895,0.708102794287183,1.91395545877762
2405,"Banteng","BTG",2,"dist_str + ndvi_cv + elev + BB + DE",0.773157972201351,0.717937327726231,2.1665975308292
2406,"Banteng","BTG",2,"dist_str + ndvi_cv + elev + BB + DE",0.915537377637975,0.718697925332451,2.49811732704491
2407,"Banteng","BTG",2,"dist_str + ndvi_cv + elev + BB + DE",1.09897720272656,0.713001135474249,3.0010949692915
2408,"Banteng","BTG",2,"dist_str + ndvi_cv + elev + BB + DE",1.29732511464602,0.709363397918322,3.65949485463984
2409,"Banteng","BTG",2,"dist_str + ndvi_cv + elev + BB + DE",1.328035129137,0.716355982811878,3.77362163927576
2410,"Banteng","BTG",2,"dist_str + ndvi_cv + elev + BB + DE",1.36397374176471,0.710108013105748,3.91170789844712
2411,"Banteng","BTG",2,"dist_str + ndvi_cv + elev + BB + DE",1.3986657123204,0.707414435764916,4.0497927886754
2412,"Banteng","BTG",2,"dist_str + ndvi_cv + elev + BB + DE",1.4847666725696,0.682068236716987,4.41393552730545
2413,"Banteng","BTG",2,"dist_str + ndvi_cv + elev + BB + DE",1.66688799370389,0.671144896744805,5.29566214436999
2414,"Banteng","BTG",2,"dist_str + ndvi_cv + elev + BB + DE",1.84737833632237,0.694857917930215,6.34316809737559
2415,"Banteng","BTG",2,"dist_str + ndvi_cv + elev + BB + DE",1.69117426473142,0.698623598499711,5.42584836276669
2416,"Banteng","BTG",2,"dist_str + ndvi_cv + elev + BB + DE",1.55276533046306,0.73579740189897,4.7245169915166
2417,"Banteng","BTG",2,"dist_str + ndvi_cv + elev + BB + DE",1.47305208498736,0.777568675246789,4.36252985081025
2418,"Banteng","BTG",2,"dist_str + ndvi_cv + elev + BB + DE",1.44517450056284,0.819959880191527,4.24259275680838
2419,"Banteng","BTG",2,"dist_str + ndvi_cv + elev + BB + DE",1.44958634570339,0.918739520620651,4.26135154128251
2420,"Banteng","BTG",2,"dist_str + ndvi_cv + elev + BB + DE",1.44790703914943,1.05953767609959,4.25420132828851
2421,"Banteng","BTG",2,"dist_str + ndvi_cv + elev + BB + DE",0.163464937618926,1.10494348577095,1.17758420825634
2422,"Banteng","BTG",2,"dist_str + ndvi_cv + elev + BB + DE",0.189339212214553,0.96091494773707,1.20845095989306
2423,"Banteng","BTG",2,"dist_str + ndvi_cv + elev + BB + DE",0.197345792373041,0.88841371428237,1.21816556947795
2424,"Banteng","BTG",2,"dist_str + ndvi_cv + elev + BB + DE",0.17667191267689,0.854330696710452,1.19323955376841
2425,"Banteng","BTG",2,"dist_str + ndvi_cv + elev + BB + DE",0.188212910065799,0.834178908877344,1.20709055003737
2426,"Banteng","BTG",2,"dist_str + ndvi_cv + elev + BB + DE",0.176346458526627,0.82309687162082,1.19285128700941
2427,"Banteng","BTG",2,"dist_str + ndvi_cv + elev + BB + DE",0.206360927815748,0.801247673642495,1.22919679243029
2428,"Banteng","BTG",2,"dist_str + ndvi_cv + elev + BB + DE",0.197915195913223,0.785331419713279,1.21885903181782
2429,"Banteng","BTG",2,"dist_str + ndvi_cv + elev + BB + DE",0.208658069485721,0.7824574884297,1.23202368547501
2430,"Banteng","BTG",2,"dist_str + ndvi_cv + elev + BB + DE",0.210932346604111,0.772999469156572,1.23482881425976
2431,"Banteng","BTG",2,"dist_str + ndvi_cv + elev + BB + DE",0.209508854111845,0.76538267216002,1.23307318096316
2432,"Banteng","BTG",2,"dist_str + ndvi_cv + elev + BB + DE",0.215209147871686,0.761485451751491,1.24012129023993
2433,"Banteng","BTG",2,"dist_str + ndvi_cv + elev + BB + DE",0.222076766430016,0.747222110728933,1.24866723122682
2434,"Banteng","BTG",2,"dist_str + ndvi_cv + elev + BB + DE",0.256322461946663,0.743452188974812,1.29216937290323
2435,"Banteng","BTG",2,"dist_str + ndvi_cv + elev + BB + DE",0.284345491710933,0.733016077442697,1.3288921263335
2436,"Banteng","BTG",2,"dist_str + ndvi_cv + elev + BB + DE",0.321576237503472,0.72546141068649,1.37930017799991
2437,"Banteng","BTG",2,"dist_str + ndvi_cv + elev + BB + DE",0.339773300913806,0.725520232696746,1.40462921946671
2438,"Banteng","BTG",2,"dist_str + ndvi_cv + elev + BB + DE",0.365679245152532,0.729893723016739,1.44149288097
2439,"Banteng","BTG",2,"dist_str + ndvi_cv + elev + BB + DE",0.425605168718827,0.717956430070639,1.53051638001614
2440,"Banteng","BTG",2,"dist_str + ndvi_cv + elev + BB + DE",0.49362944306019,0.712051192748283,1.63825138331981
2441,"Banteng","BTG",2,"dist_str + ndvi_cv + elev + BB + DE",0.60187478721863,0.71503273714184,1.82553809237743
2442,"Banteng","BTG",2,"dist_str + ndvi_cv + elev + BB + DE",0.709091371794388,0.720435643731588,2.03214396250768
2443,"Banteng","BTG",2,"dist_str + ndvi_cv + elev + BB + DE",0.817996998484022,0.726748899246796,2.26595661849623
2444,"Banteng","BTG",2,"dist_str + ndvi_cv + elev + BB + DE",0.934383678174404,0.723266270731484,2.54564404249292
2445,"Banteng","BTG",2,"dist_str + ndvi_cv + elev + BB + DE",1.02818542277768,0.715620055165374,2.79598775498727
2446,"Banteng","BTG",2,"dist_str + ndvi_cv + elev + BB + DE",1.1146480440105,0.728173257846481,3.04849506792574
2447,"Banteng","BTG",2,"dist_str + ndvi_cv + elev + BB + DE",1.18095546779641,0.716807911023486,3.25748513992309
2448,"Banteng","BTG",2,"dist_str + ndvi_cv + elev + BB + DE",1.20862013238798,0.711392444015407,3.34886049109407
2449,"Banteng","BTG",2,"dist_str + ndvi_cv + elev + BB + DE",1.29692822433148,0.706088590953574,3.65804300907081
2450,"Banteng","BTG",2,"dist_str + ndvi_cv + elev + BB + DE",1.40684141144221,0.699623168798577,4.08303838108096
2451,"Banteng","BTG",2,"dist_str + ndvi_cv + elev + BB + DE",1.47417036140771,0.700143690811118,4.36741148926845
2452,"Banteng","BTG",2,"dist_str + ndvi_cv + elev + BB + DE",1.46447110450423,0.721582674831198,4.3252550901906
2453,"Banteng","BTG",2,"dist_str + ndvi_cv + elev + BB + DE",1.43045228538512,0.754213036659528,4.18059026367481
2454,"Banteng","BTG",2,"dist_str + ndvi_cv + elev + BB + DE",1.40277927414263,0.786753637284027,4.06648616457755
2455,"Banteng","BTG",2,"dist_str + ndvi_cv + elev + BB + DE",1.40487570986064,0.855161480146218,4.07502022513921
2456,"Banteng","BTG",2,"dist_str + ndvi_cv + elev + BB + DE",1.41315666257759,0.973083771550488,4.10890747125813
2457,"Banteng","BTG",2,"dist_str + ndvi_cv + elev + BB + DE",0.200816075658666,1.0699335809248,1.2223999267504
2458,"Banteng","BTG",2,"dist_str + ndvi_cv + elev + BB + DE",0.197335250600602,0.952053201953245,1.21815237945069
2459,"Banteng","BTG",2,"dist_str + ndvi_cv + elev + BB + DE",0.204087576185346,0.896564035446881,1.22640560214298
2460,"Banteng","BTG",2,"dist_str + ndvi_cv + elev + BB + DE",0.200688077422241,0.863469213469358,1.22224349197421
2461,"Banteng","BTG",2,"dist_str + ndvi_cv + elev + BB + DE",0.200659805501796,0.838729705680573,1.22220894107958
2462,"Banteng","BTG",2,"dist_str + ndvi_cv + elev + BB + DE",0.19195430108428,0.824970817157637,1.21161515311078
2463,"Banteng","BTG",2,"dist_str + ndvi_cv + elev + BB + DE",0.205526884083684,0.808431665476882,1.22817206431411
2464,"Banteng","BTG",2,"dist_str + ndvi_cv + elev + BB + DE",0.20378113417794,0.796513349933271,1.22602979074095
2465,"Banteng","BTG",2,"dist_str + ndvi_cv + elev + BB + DE",0.184880698341789,0.78606886277541,1.20307490576532
2466,"Banteng","BTG",2,"dist_str + ndvi_cv + elev + BB + DE",0.210231294166936,0.775368276877605,1.23396345811576
2467,"Banteng","BTG",2,"dist_str + ndvi_cv + elev + BB + DE",0.212148085139108,0.766113843951552,1.23633095513058
2468,"Banteng","BTG",2,"dist_str + ndvi_cv + elev + BB + DE",0.225100093651815,0.765819904048533,1.25244807475946
2469,"Banteng","BTG",2,"dist_str + ndvi_cv + elev + BB + DE",0.234399425160608,0.750627974742348,1.26414932627479
2470,"Banteng","BTG",2,"dist_str + ndvi_cv + elev + BB + DE",0.265373199501369,0.749837287765539,1.30391754403514
2471,"Banteng","BTG",2,"dist_str + ndvi_cv + elev + BB + DE",0.2854058726572,0.744414969950845,1.33030185431896
2472,"Banteng","BTG",2,"dist_str + ndvi_cv + elev + BB + DE",0.316059756748813,0.726313640114734,1.37171222225762
2473,"Banteng","BTG",2,"dist_str + ndvi_cv + elev + BB + DE",0.339793653434209,0.730924314492072,1.40465771882635
2474,"Banteng","BTG",2,"dist_str + ndvi_cv + elev + BB + DE",0.382823130690234,0.726456206721163,1.46641864584263
2475,"Banteng","BTG",2,"dist_str + ndvi_cv + elev + BB + DE",0.430704175291993,0.730087015142036,1.53834045775962
2476,"Banteng","BTG",2,"dist_str + ndvi_cv + elev + BB + DE",0.510936865169322,0.714480715376672,1.66685208819565
2477,"Banteng","BTG",2,"dist_str + ndvi_cv + elev + BB + DE",0.546718904101917,0.724845094754659,1.72757537054658
2478,"Banteng","BTG",2,"dist_str + ndvi_cv + elev + BB + DE",0.63397013555145,0.722786726946468,1.88507982367056
2479,"Banteng","BTG",2,"dist_str + ndvi_cv + elev + BB + DE",0.698750026972381,0.724725165289608,2.01123714764627
2480,"Banteng","BTG",2,"dist_str + ndvi_cv + elev + BB + DE",0.781299805100697,0.721645840149914,2.1843096423347
2481,"Banteng","BTG",2,"dist_str + ndvi_cv + elev + BB + DE",0.843080101384138,0.715505362836541,2.32351263835867
2482,"Banteng","BTG",2,"dist_str + ndvi_cv + elev + BB + DE",0.900627474106723,0.721273420608051,2.46114693454389
2483,"Banteng","BTG",2,"dist_str + ndvi_cv + elev + BB + DE",0.96765503350619,0.732142363718897,2.63176631402549
2484,"Banteng","BTG",2,"dist_str + ndvi_cv + elev + BB + DE",1.0232934916708,0.707478088306192,2.78234331644715
2485,"Banteng","BTG",2,"dist_str + ndvi_cv + elev + BB + DE",1.08857496213432,0.708994735230061,2.97003863807023
2486,"Banteng","BTG",2,"dist_str + ndvi_cv + elev + BB + DE",1.14554160507176,0.70769610622267,3.14414387095225
2487,"Banteng","BTG",2,"dist_str + ndvi_cv + elev + BB + DE",1.20981999631434,0.706500848835502,3.35288106731891
2488,"Banteng","BTG",2,"dist_str + ndvi_cv + elev + BB + DE",1.26876446542797,0.739195250186454,3.55645576013978
2489,"Banteng","BTG",2,"dist_str + ndvi_cv + elev + BB + DE",1.31736540660803,0.771436461877639,3.73357196549111
2490,"Banteng","BTG",2,"dist_str + ndvi_cv + elev + BB + DE",1.31519253428314,0.822840498283792,3.72546819689068
2491,"Banteng","BTG",2,"dist_str + ndvi_cv + elev + BB + DE",1.35864540515712,0.922016173328921,3.89091915108827
2492,"Banteng","BTG",2,"dist_str + ndvi_cv + elev + BB + DE",0.20639245992167,1.10766746470288,1.2292356224962
2493,"Banteng","BTG",2,"dist_str + ndvi_cv + elev + BB + DE",0.217529812116137,0.961306992072787,1.24300249887918
2494,"Banteng","BTG",2,"dist_str + ndvi_cv + elev + BB + DE",0.221180025452351,0.899846653959479,1.24754802496171
2495,"Banteng","BTG",2,"dist_str + ndvi_cv + elev + BB + DE",0.20256522900157,0.875458263654383,1.22453996382383
2496,"Banteng","BTG",2,"dist_str + ndvi_cv + elev + BB + DE",0.221934760735001,0.848262819576698,1.2484900047023
2497,"Banteng","BTG",2,"dist_str + ndvi_cv + elev + BB + DE",0.230380994384015,0.839070568587748,1.25907962190678
2498,"Banteng","BTG",2,"dist_str + ndvi_cv + elev + BB + DE",0.220571387762078,0.825001608081561,1.24678895199259
2499,"Banteng","BTG",2,"dist_str + ndvi_cv + elev + BB + DE",0.203717313907526,0.800330916648927,1.2259516225458
2500,"Banteng","BTG",2,"dist_str + ndvi_cv + elev + BB + DE",0.197659074264534,0.805500917002067,1.2185468916015
2501,"Banteng","BTG",2,"dist_str + ndvi_cv + elev + BB + DE",0.206699155185329,0.790718033573968,1.22961260101163
2502,"Banteng","BTG",2,"dist_str + ndvi_cv + elev + BB + DE",0.203221514944845,0.781601942756584,1.22534389387478
2503,"Banteng","BTG",2,"dist_str + ndvi_cv + elev + BB + DE",0.229269131472867,0.769478972369222,1.25768047515196
2504,"Banteng","BTG",2,"dist_str + ndvi_cv + elev + BB + DE",0.24557463571336,0.767922587537341,1.27835569103572
2505,"Banteng","BTG",2,"dist_str + ndvi_cv + elev + BB + DE",0.26074229488242,0.760689119160266,1.2978931501543
2506,"Banteng","BTG",2,"dist_str + ndvi_cv + elev + BB + DE",0.269836978965553,0.738394848657464,1.30975093989276
2507,"Banteng","BTG",2,"dist_str + ndvi_cv + elev + BB + DE",0.329349524136967,0.755810523187907,1.39006363149463
2508,"Banteng","BTG",2,"dist_str + ndvi_cv + elev + BB + DE",0.333013483491706,0.735706921257559,1.39516617308548
2509,"Banteng","BTG",2,"dist_str + ndvi_cv + elev + BB + DE",0.355417977306988,0.742802465040536,1.42677689169949
2510,"Banteng","BTG",2,"dist_str + ndvi_cv + elev + BB + DE",0.404174597719778,0.733425242377925,1.49806548917481
2511,"Banteng","BTG",2,"dist_str + ndvi_cv + elev + BB + DE",0.449967016844995,0.729694542769471,1.56826046261613
2512,"Banteng","BTG",2,"dist_str + ndvi_cv + elev + BB + DE",0.518355968313374,0.726336006506137,1.67926461509567
2513,"Banteng","BTG",2,"dist_str + ndvi_cv + elev + BB + DE",0.562307921682598,0.72903794989669,1.75471770118249
2514,"Banteng","BTG",2,"dist_str + ndvi_cv + elev + BB + DE",0.596236074579846,0.733719097594659,1.81527339477896
2515,"Banteng","BTG",2,"dist_str + ndvi_cv + elev + BB + DE",0.618871015141062,0.73579416304704,1.8568306381237
2516,"Banteng","BTG",2,"dist_str + ndvi_cv + elev + BB + DE",0.656903361503115,0.716149962842402,1.92881024893458
2517,"Banteng","BTG",2,"dist_str + ndvi_cv + elev + BB + DE",0.714874014717703,0.726187818118073,2.04392920319413
2518,"Banteng","BTG",2,"dist_str + ndvi_cv + elev + BB + DE",0.760717060912504,0.720255132563393,2.13981004465267
2519,"Banteng","BTG",2,"dist_str + ndvi_cv + elev + BB + DE",0.820525368922863,0.699321918006098,2.27169301956544
2520,"Banteng","BTG",2,"dist_str + ndvi_cv + elev + BB + DE",0.85069435377862,0.702489574964704,2.34127211224776
2521,"Banteng","BTG",2,"dist_str + ndvi_cv + elev + BB + DE",0.908752324592827,0.708882762085879,2.48122484126644
2522,"Banteng","BTG",2,"dist_str + ndvi_cv + elev + BB + DE",0.998896913519332,0.725197971285654,2.71528550306909
2523,"Banteng","BTG",2,"dist_str + ndvi_cv + elev + BB + DE",1.09280952271622,0.747240746001203,2.98264211330141
2524,"Banteng","BTG",2,"dist_str + ndvi_cv + elev + BB + DE",1.13367550399773,0.785939497972049,3.1070557045802
2525,"Banteng","BTG",2,"dist_str + ndvi_cv + elev + BB + DE",1.19810591988897,0.870265832207468,3.31383431735907
2526,"Banteng","BTG",2,"dist_str + ndvi_cv + elev + BB + DE",0.203473870685563,0.956059722528096,1.22565313345709
2527,"Banteng","BTG",2,"dist_str + ndvi_cv + elev + BB + DE",0.218607346991753,0.896169692204466,1.24434272161037
2528,"Banteng","BTG",2,"dist_str + ndvi_cv + elev + BB + DE",0.20555338547148,0.871895080466373,1.22820455531755
2529,"Banteng","BTG",2,"dist_str + ndvi_cv + elev + BB + DE",0.206021288233242,0.848373538884427,1.2287793650208
2530,"Banteng","BTG",2,"dist_str + ndvi_cv + elev + BB + DE",0.23772681928084,0.839403131550342,1.26836267594231
2531,"Banteng","BTG",2,"dist_str + ndvi_cv + elev + BB + DE",0.211136197189038,0.826586496344925,1.23508055829408
2532,"Banteng","BTG",2,"dist_str + ndvi_cv + elev + BB + DE",0.217511249414783,0.805696508235365,1.24297941337677
2533,"Banteng","BTG",2,"dist_str + ndvi_cv + elev + BB + DE",0.218456966882757,0.80150731300854,1.24415548329551
2534,"Banteng","BTG",2,"dist_str + ndvi_cv + elev + BB + DE",0.219589540812971,0.802433578366689,1.24556540051492
2535,"Banteng","BTG",2,"dist_str + ndvi_cv + elev + BB + DE",0.222985604365792,0.781154906383779,1.24980258536917
2536,"Banteng","BTG",2,"dist_str + ndvi_cv + elev + BB + DE",0.214491536389243,0.770652208382417,1.23923165801244
2537,"Banteng","BTG",2,"dist_str + ndvi_cv + elev + BB + DE",0.242643428022731,0.77870865282789,1.27461405438929
2538,"Banteng","BTG",2,"dist_str + ndvi_cv + elev + BB + DE",0.235373956100606,0.77330477669305,1.26538199551354
2539,"Banteng","BTG",2,"dist_str + ndvi_cv + elev + BB + DE",0.266731898588616,0.762143727839628,1.30569034575073
2540,"Banteng","BTG",2,"dist_str + ndvi_cv + elev + BB + DE",0.289268670627648,0.767742410034464,1.33545047894817
2541,"Banteng","BTG",2,"dist_str + ndvi_cv + elev + BB + DE",0.32987725496631,0.752311258855018,1.39079742115979
2542,"Banteng","BTG",2,"dist_str + ndvi_cv + elev + BB + DE",0.343217309714969,0.747081132631258,1.40947502273911
2543,"Banteng","BTG",2,"dist_str + ndvi_cv + elev + BB + DE",0.382195690496001,0.73285160227231,1.46549884134398
2544,"Banteng","BTG",2,"dist_str + ndvi_cv + elev + BB + DE",0.403861066938706,0.740587010104411,1.49759588637159
2545,"Banteng","BTG",2,"dist_str + ndvi_cv + elev + BB + DE",0.452880907301782,0.750209439287693,1.57283686237881
2546,"Banteng","BTG",2,"dist_str + ndvi_cv + elev + BB + DE",0.485702276608571,0.736648615919481,1.62531603223797
2547,"Banteng","BTG",2,"dist_str + ndvi_cv + elev + BB + DE",0.487042257390585,0.73859201362132,1.62749539247721
2548,"Banteng","BTG",2,"dist_str + ndvi_cv + elev + BB + DE",0.473823416673366,0.724091247087109,1.60612334739125
2549,"Banteng","BTG",2,"dist_str + ndvi_cv + elev + BB + DE",0.477061527745536,0.724799535511396,1.61133258444689
2550,"Banteng","BTG",2,"dist_str + ndvi_cv + elev + BB + DE",0.527091603316199,0.72281482447119,1.69399832384843
2551,"Banteng","BTG",2,"dist_str + ndvi_cv + elev + BB + DE",0.606994836468739,0.723673060310705,1.83490890472331
2552,"Banteng","BTG",2,"dist_str + ndvi_cv + elev + BB + DE",0.648544072903275,0.712329902762713,1.91275398434932
2553,"Banteng","BTG",2,"dist_str + ndvi_cv + elev + BB + DE",0.610979316641542,0.648199061315091,1.84223464681439
2554,"Banteng","BTG",2,"dist_str + ndvi_cv + elev + BB + DE",0.587693650867591,0.63387312278601,1.799832606433
2555,"Banteng","BTG",2,"dist_str + ndvi_cv + elev + BB + DE",0.807224061270202,0.727170784250497,2.24167660776862
2556,"Banteng","BTG",2,"dist_str + ndvi_cv + elev + BB + DE",0.914048576123855,0.759920382466035,2.49440089245175
2557,"Banteng","BTG",2,"dist_str + ndvi_cv + elev + BB + DE",1.01179018170143,0.821984069569273,2.75052068957437
2558,"Banteng","BTG",2,"dist_str + ndvi_cv + elev + BB + DE",1.05143532948904,0.99318472247456,2.86175582326988
2559,"Banteng","BTG",2,"dist_str + ndvi_cv + elev + BB + DE",0.225134151696243,1.11061375963487,1.25249076948289
2560,"Banteng","BTG",2,"dist_str + ndvi_cv + elev + BB + DE",0.230635859659047,0.972808944234081,1.25940055861957
2561,"Banteng","BTG",2,"dist_str + ndvi_cv + elev + BB + DE",0.236468959797882,0.916776309601391,1.26676838659723
2562,"Banteng","BTG",2,"dist_str + ndvi_cv + elev + BB + DE",0.227055947805803,0.886487933513191,1.25490008483353
2563,"Banteng","BTG",2,"dist_str + ndvi_cv + elev + BB + DE",0.209827017029203,0.857820346707038,1.23346468422005
2564,"Banteng","BTG",2,"dist_str + ndvi_cv + elev + BB + DE",0.218704738417573,0.843384089301648,1.24446385072924
2565,"Banteng","BTG",2,"dist_str + ndvi_cv + elev + BB + DE",0.217019509538732,0.832598049345833,1.24236839724389
2566,"Banteng","BTG",2,"dist_str + ndvi_cv + elev + BB + DE",0.212913996831287,0.818442494851383,1.23727824490078
2567,"Banteng","BTG",2,"dist_str + ndvi_cv + elev + BB + DE",0.226825820968168,0.806621162187418,1.25461132999592
2568,"Banteng","BTG",2,"dist_str + ndvi_cv + elev + BB + DE",0.224321174442743,0.808787033721997,1.25147289979459
2569,"Banteng","BTG",2,"dist_str + ndvi_cv + elev + BB + DE",0.214755876001258,0.802189015818365,1.23955925861866
2570,"Banteng","BTG",2,"dist_str + ndvi_cv + elev + BB + DE",0.229759413902877,0.786039467813841,1.25829724471344
2571,"Banteng","BTG",2,"dist_str + ndvi_cv + elev + BB + DE",0.249680011706534,0.77343525245982,1.28361465480504
2572,"Banteng","BTG",2,"dist_str + ndvi_cv + elev + BB + DE",0.203824438751062,0.756033842198086,1.2260828846801
2573,"Banteng","BTG",2,"dist_str + ndvi_cv + elev + BB + DE",0.22939078175166,0.763278170078898,1.25783349549322
2574,"Banteng","BTG",2,"dist_str + ndvi_cv + elev + BB + DE",0.279881134001809,0.752768798464356,1.32297254866836
2575,"Banteng","BTG",2,"dist_str + ndvi_cv + elev + BB + DE",0.302189672809475,0.759794230731012,1.35281791373857
2576,"Banteng","BTG",2,"dist_str + ndvi_cv + elev + BB + DE",0.336460794373449,0.75942897535599,1.39998399575682
2577,"Banteng","BTG",2,"dist_str + ndvi_cv + elev + BB + DE",0.334812671007104,0.741731845114741,1.39767863865455
2578,"Banteng","BTG",2,"dist_str + ndvi_cv + elev + BB + DE",0.367080597832926,0.750256313210679,1.44351426641375
2579,"Banteng","BTG",2,"dist_str + ndvi_cv + elev + BB + DE",0.413037035831995,0.743828127177641,1.5114010050644
2580,"Banteng","BTG",2,"dist_str + ndvi_cv + elev + BB + DE",0.435029968711705,0.756246440622012,1.54500937001053
2581,"Banteng","BTG",2,"dist_str + ndvi_cv + elev + BB + DE",0.407635454714659,0.734024450710912,1.50325919136442
2582,"Banteng","BTG",2,"dist_str + ndvi_cv + elev + BB + DE",0.361418684175471,0.733464792309207,1.43536433291737
2583,"Banteng","BTG",2,"dist_str + ndvi_cv + elev + BB + DE",0.0747432834158777,0.673128785293196,1.07760747660131
2584,"Banteng","BTG",2,"dist_str + ndvi_cv + elev + BB + DE",0.337579196895388,0.711371748480176,1.40155061455884
2585,"Banteng","BTG",2,"dist_str + ndvi_cv + elev + BB + DE",0.483293909772129,0.728282498414722,1.62140640732372
2586,"Banteng","BTG",2,"dist_str + ndvi_cv + elev + BB + DE",0.547735669124762,0.726788448448397,1.72933280130028
2587,"Banteng","BTG",2,"dist_str + ndvi_cv + elev + BB + DE",0.522220544277459,0.67987563536346,1.68576681785997
2588,"Banteng","BTG",2,"dist_str + ndvi_cv + elev + BB + DE",0.533812401176934,0.674642523901484,1.70542169462977
2589,"Banteng","BTG",2,"dist_str + ndvi_cv + elev + BB + DE",0.69457151627299,0.740504776947643,2.00285072094599
2590,"Banteng","BTG",2,"dist_str + ndvi_cv + elev + BB + DE",0.799337516288155,0.78002464231337,2.22406708756457
2591,"Banteng","BTG",2,"dist_str + ndvi_cv + elev + BB + DE",0.86079633241289,0.871596505039552,2.36504330560072
2592,"Banteng","BTG",2,"dist_str + ndvi_cv + elev + BB + DE",0.244821158290137,1.0508671391284,1.27739301611796
2593,"Banteng","BTG",2,"dist_str + ndvi_cv + elev + BB + DE",0.222767409593675,0.962800600325094,1.24952998540504
2594,"Banteng","BTG",2,"dist_str + ndvi_cv + elev + BB + DE",0.220582412394941,0.918058209063089,1.24680267705909
2595,"Banteng","BTG",2,"dist_str + ndvi_cv + elev + BB + DE",0.224772235807888,0.898849696890988,1.25203751932976
2596,"Banteng","BTG",2,"dist_str + ndvi_cv + elev + BB + DE",0.245371316636393,0.870257574517304,1.27809590986983
2597,"Banteng","BTG",2,"dist_str + ndvi_cv + elev + BB + DE",0.213439415294634,0.861895072845795,1.23792849687686
2598,"Banteng","BTG",2,"dist_str + ndvi_cv + elev + BB + DE",0.206444940308527,0.844555482932333,1.22930004752766
2599,"Banteng","BTG",2,"dist_str + ndvi_cv + elev + BB + DE",0.212307896919008,0.834544380374396,1.23652855232144
2600,"Banteng","BTG",2,"dist_str + ndvi_cv + elev + BB + DE",0.234785643048386,0.820788293236685,1.26463793833648
2601,"Banteng","BTG",2,"dist_str + ndvi_cv + elev + BB + DE",0.223995496826101,0.815122360131315,1.25106539168286
2602,"Banteng","BTG",2,"dist_str + ndvi_cv + elev + BB + DE",0.241650461912484,0.811255301280721,1.273349032922
2603,"Banteng","BTG",2,"dist_str + ndvi_cv + elev + BB + DE",0.242777561739343,0.794402637035174,1.27478504972422
2604,"Banteng","BTG",2,"dist_str + ndvi_cv + elev + BB + DE",0.226106060847333,0.775672389874061,1.2537086768361
2605,"Banteng","BTG",2,"dist_str + ndvi_cv + elev + BB + DE",0.230154640959344,0.772615618616127,1.25879466382039
2606,"Banteng","BTG",2,"dist_str + ndvi_cv + elev + BB + DE",0.242833637623425,0.775135052267256,1.2748565327669
2607,"Banteng","BTG",2,"dist_str + ndvi_cv + elev + BB + DE",0.271171803098118,0.771089621857014,1.31150037154446
2608,"Banteng","BTG",2,"dist_str + ndvi_cv + elev + BB + DE",0.29628880210896,0.764652256740605,1.34485855152663
2609,"Banteng","BTG",2,"dist_str + ndvi_cv + elev + BB + DE",0.319153333287564,0.764256435649577,1.37596231925327
2610,"Banteng","BTG",2,"dist_str + ndvi_cv + elev + BB + DE",0.354450359029901,0.753928806631001,1.42539698236085
2611,"Banteng","BTG",2,"dist_str + ndvi_cv + elev + BB + DE",0.372998354355967,0.763619050381487,1.45208195087805
2612,"Banteng","BTG",2,"dist_str + ndvi_cv + elev + BB + DE",0.390827378771035,0.765933857342083,1.47820334042253
2613,"Banteng","BTG",2,"dist_str + ndvi_cv + elev + BB + DE",0.386781120192017,0.763781663803043,1.47223421455477
2614,"Banteng","BTG",2,"dist_str + ndvi_cv + elev + BB + DE",0.354656286882267,0.764758799950118,1.42569054392068
2615,"Banteng","BTG",2,"dist_str + ndvi_cv + elev + BB + DE",0.337207610298791,0.745958711052705,1.40102990707558
2616,"Banteng","BTG",2,"dist_str + ndvi_cv + elev + BB + DE",0.33457659254257,0.736707997890963,1.39734861263156
2617,"Banteng","BTG",2,"dist_str + ndvi_cv + elev + BB + DE",0.35859719034598,0.741935261311321,1.43132014019761
2618,"Banteng","BTG",2,"dist_str + ndvi_cv + elev + BB + DE",0.448471198995293,0.750530584064306,1.56591638127116
2619,"Banteng","BTG",2,"dist_str + ndvi_cv + elev + BB + DE",0.50531636982263,0.734825597363382,1.65750989109762
2620,"Banteng","BTG",2,"dist_str + ndvi_cv + elev + BB + DE",0.541169849619892,0.74326940145682,1.71801551097003
2621,"Banteng","BTG",2,"dist_str + ndvi_cv + elev + BB + DE",0.576650746246475,0.743004972905382,1.78006654119632
2622,"Banteng","BTG",2,"dist_str + ndvi_cv + elev + BB + DE",0.649130075073874,0.775984508472661,1.91387518070105
2623,"Banteng","BTG",2,"dist_str + ndvi_cv + elev + BB + DE",0.695457664148808,0.80927900898529,2.00462630967705
2624,"Banteng","BTG",2,"dist_str + ndvi_cv + elev + BB + DE",0.719402835963742,0.916607371699326,2.05320743681717
2625,"Banteng","BTG",2,"dist_str + ndvi_cv + elev + BB + DE",0.246622880938145,1.16028041109252,1.27969642430382
2626,"Banteng","BTG",2,"dist_str + ndvi_cv + elev + BB + DE",0.253629413092477,1.02744020829438,1.28869415732899
2627,"Banteng","BTG",2,"dist_str + ndvi_cv + elev + BB + DE",0.238467781160079,0.976486983824651,1.26930280993481
2628,"Banteng","BTG",2,"dist_str + ndvi_cv + elev + BB + DE",0.246050571383247,0.947985017598397,1.27896446003583
2629,"Banteng","BTG",2,"dist_str + ndvi_cv + elev + BB + DE",0.220487386390925,0.908724116535858,1.24668446295066
2630,"Banteng","BTG",2,"dist_str + ndvi_cv + elev + BB + DE",0.23479883584816,0.879900145921421,1.26465434020694
2631,"Banteng","BTG",2,"dist_str + ndvi_cv + elev + BB + DE",0.233471494108938,0.858497126687724,1.26297703911351
2632,"Banteng","BTG",2,"dist_str + ndvi_cv + elev + BB + DE",0.235017039991754,0.846344938742409,1.26493047937148
2633,"Banteng","BTG",2,"dist_str + ndvi_cv + elev + BB + DE",0.236248748234023,0.844230624832103,1.26648931993331
2634,"Banteng","BTG",2,"dist_str + ndvi_cv + elev + BB + DE",0.237548884039033,0.82857566420615,1.26813698699912
2635,"Banteng","BTG",2,"dist_str + ndvi_cv + elev + BB + DE",0.251706365948597,0.830674011119945,1.28621832287342
2636,"Banteng","BTG",2,"dist_str + ndvi_cv + elev + BB + DE",0.236920333081831,0.814768447129931,1.2673401491593
2637,"Banteng","BTG",2,"dist_str + ndvi_cv + elev + BB + DE",0.248580592730314,0.809476779216255,1.28220431532941
2638,"Banteng","BTG",2,"dist_str + ndvi_cv + elev + BB + DE",0.242299124830774,0.783405117589647,1.27417542861607
2639,"Banteng","BTG",2,"dist_str + ndvi_cv + elev + BB + DE",0.248303651098463,0.798488158471863,1.28184913144299
2640,"Banteng","BTG",2,"dist_str + ndvi_cv + elev + BB + DE",0.258012720016522,0.779824835040507,1.29435528556158
2641,"Banteng","BTG",2,"dist_str + ndvi_cv + elev + BB + DE",0.281538862071482,0.786773287078369,1.32516749453032
2642,"Banteng","BTG",2,"dist_str + ndvi_cv + elev + BB + DE",0.303152975899269,0.777913768029499,1.3541216003856
2643,"Banteng","BTG",2,"dist_str + ndvi_cv + elev + BB + DE",0.320298668760883,0.771062870268434,1.37753914109742
2644,"Banteng","BTG",2,"dist_str + ndvi_cv + elev + BB + DE",0.33152462452602,0.773895861500136,1.39309045357585
2645,"Banteng","BTG",2,"dist_str + ndvi_cv + elev + BB + DE",0.35883460323364,0.766367350182591,1.43165999085521
2646,"Banteng","BTG",2,"dist_str + ndvi_cv + elev + BB + DE",0.382717721228193,0.769623450501101,1.46626409573634
2647,"Banteng","BTG",2,"dist_str + ndvi_cv + elev + BB + DE",0.388239228663826,0.756629268637025,1.47438254140886
2648,"Banteng","BTG",2,"dist_str + ndvi_cv + elev + BB + DE",0.363855311171597,0.775476067482129,1.43886602052961
2649,"Banteng","BTG",2,"dist_str + ndvi_cv + elev + BB + DE",0.362479641965968,0.766056759875034,1.43688797406998
2650,"Banteng","BTG",2,"dist_str + ndvi_cv + elev + BB + DE",0.368779023443579,0.761293416931983,1.44596817429859
2651,"Banteng","BTG",2,"dist_str + ndvi_cv + elev + BB + DE",0.398309988998831,0.759770894052612,1.48930564463603
2652,"Banteng","BTG",2,"dist_str + ndvi_cv + elev + BB + DE",0.445944072809532,0.761770181292914,1.56196411768969
2653,"Banteng","BTG",2,"dist_str + ndvi_cv + elev + BB + DE",0.487304210176446,0.763941145109466,1.62792177819141
2654,"Banteng","BTG",2,"dist_str + ndvi_cv + elev + BB + DE",0.54344402421347,0.766253158970236,1.7219270285603
2655,"Banteng","BTG",2,"dist_str + ndvi_cv + elev + BB + DE",0.562825249470993,0.780874146065601,1.75562560766544
2656,"Banteng","BTG",2,"dist_str + ndvi_cv + elev + BB + DE",0.595783902697084,0.807079663750265,1.81445274531822
2657,"Banteng","BTG",2,"dist_str + ndvi_cv + elev + BB + DE",0.619694356109499,0.836871189601494,1.85836007393604
2658,"Banteng","BTG",2,"dist_str + ndvi_cv + elev + BB + DE",0.620206833263008,0.929871068783209,1.85931264303664
2659,"Banteng","BTG",2,"dist_str + ndvi_cv + elev + BB + DE",0.240502872775439,1.1306357732317,1.27188858943458
2660,"Banteng","BTG",2,"dist_str + ndvi_cv + elev + BB + DE",0.252220534434495,1.02612569279976,1.28687982107427
2661,"Banteng","BTG",2,"dist_str + ndvi_cv + elev + BB + DE",0.258576165180492,0.97810418822932,1.29508508224962
2662,"Banteng","BTG",2,"dist_str + ndvi_cv + elev + BB + DE",0.251598428515607,0.943963445031497,1.28607949228509
2663,"Banteng","BTG",2,"dist_str + ndvi_cv + elev + BB + DE",0.255694841650049,0.922532489107979,1.2913586050674
2664,"Banteng","BTG",2,"dist_str + ndvi_cv + elev + BB + DE",0.235274720454671,0.903615699735329,1.26525631280113
2665,"Banteng","BTG",2,"dist_str + ndvi_cv + elev + BB + DE",0.249785355327766,0.884759074423363,1.28374984555432
2666,"Banteng","BTG",2,"dist_str + ndvi_cv + elev + BB + DE",0.250309801623186,0.874624637053654,1.28442329992262
2667,"Banteng","BTG",2,"dist_str + ndvi_cv + elev + BB + DE",0.241287843343094,0.854054535337003,1.27288745502076
2668,"Banteng","BTG",2,"dist_str + ndvi_cv + elev + BB + DE",0.229859793287518,0.843666015559876,1.25842355838458
2669,"Banteng","BTG",2,"dist_str + ndvi_cv + elev + BB + DE",0.242475596650682,0.843457279142782,1.27440016357407
2670,"Banteng","BTG",2,"dist_str + ndvi_cv + elev + BB + DE",0.239691311935429,0.830269627603812,1.27085680040936
2671,"Banteng","BTG",2,"dist_str + ndvi_cv + elev + BB + DE",0.248756233739209,0.812352004058291,1.28242939454427
2672,"Banteng","BTG",2,"dist_str + ndvi_cv + elev + BB + DE",0.252344677481813,0.808263674521997,1.2870397472339
2673,"Banteng","BTG",2,"dist_str + ndvi_cv + elev + BB + DE",0.278675643289318,0.802239273609434,1.32137869338884
2674,"Banteng","BTG",2,"dist_str + ndvi_cv + elev + BB + DE",0.263646524318056,0.794346780649176,1.30166800705606
2675,"Banteng","BTG",2,"dist_str + ndvi_cv + elev + BB + DE",0.299792419089298,0.792716475328068,1.34957865602478
2676,"Banteng","BTG",2,"dist_str + ndvi_cv + elev + BB + DE",0.297899026087602,0.791150887824345,1.34702577691905
2677,"Banteng","BTG",2,"dist_str + ndvi_cv + elev + BB + DE",0.3116592857395,0.79544696630858,1.36568931168583
2678,"Banteng","BTG",2,"dist_str + ndvi_cv + elev + BB + DE",0.318375738955251,0.789024602280247,1.37489276637287
2679,"Banteng","BTG",2,"dist_str + ndvi_cv + elev + BB + DE",0.342757784002709,0.778238346713776,1.40882755007498
2680,"Banteng","BTG",2,"dist_str + ndvi_cv + elev + BB + DE",0.35593965752334,0.797927549048901,1.42752140552058
2681,"Banteng","BTG",2,"dist_str + ndvi_cv + elev + BB + DE",0.379019189906162,0.784018720400262,1.46085106908247
2682,"Banteng","BTG",2,"dist_str + ndvi_cv + elev + BB + DE",0.363242173037538,0.780695680355052,1.43798407017293
2683,"Banteng","BTG",2,"dist_str + ndvi_cv + elev + BB + DE",0.37161352017828,0.792804375943796,1.45007245824823
2684,"Banteng","BTG",2,"dist_str + ndvi_cv + elev + BB + DE",0.410477493814043,0.786314167914639,1.50753745425413
2685,"Banteng","BTG",2,"dist_str + ndvi_cv + elev + BB + DE",0.418345704239353,0.78866826527569,1.51944589790374
2686,"Banteng","BTG",2,"dist_str + ndvi_cv + elev + BB + DE",0.446214325047714,0.775485649896396,1.56238628959824
2687,"Banteng","BTG",2,"dist_str + ndvi_cv + elev + BB + DE",0.494509961289339,0.790642082527296,1.63969453287457
2688,"Banteng","BTG",2,"dist_str + ndvi_cv + elev + BB + DE",0.514647204466331,0.791729590986929,1.67304819336884
2689,"Banteng","BTG",2,"dist_str + ndvi_cv + elev + BB + DE",0.535810629092631,0.807829442890406,1.70883292724091
2690,"Banteng","BTG",2,"dist_str + ndvi_cv + elev + BB + DE",0.561729115694384,0.834121004162007,1.75370227621872
2691,"Banteng","BTG",2,"dist_str + ndvi_cv + elev + BB + DE",0.59536783392076,0.866238107734286,1.81369797268241
2692,"Banteng","BTG",2,"dist_str + ndvi_cv + elev + BB + DE",0.588328983704225,0.932353575842687,1.80097668249225
2693,"Banteng","BTG",2,"dist_str + ndvi_cv + elev + BB + DE",0.593203273929262,1.0955958998143,1.80977638873514
2694,"Banteng","BTG",2,"dist_str + ndvi_cv + elev + BB + DE",0.269343519981541,1.13546351685338,1.30910476746425
2695,"Banteng","BTG",2,"dist_str + ndvi_cv + elev + BB + DE",0.263689343063133,1.03850920522894,1.30172379287356
2696,"Banteng","BTG",2,"dist_str + ndvi_cv + elev + BB + DE",0.253941467609953,0.989160708634105,1.28909634846001
2697,"Banteng","BTG",2,"dist_str + ndvi_cv + elev + BB + DE",0.245458928439957,0.966563131972022,1.27820778454122
2698,"Banteng","BTG",2,"dist_str + ndvi_cv + elev + BB + DE",0.257096745373933,0.926988520150924,1.29317023377257
2699,"Banteng","BTG",2,"dist_str + ndvi_cv + elev + BB + DE",0.246202581958986,0.915777809888901,1.27915869057016
2700,"Banteng","BTG",2,"dist_str + ndvi_cv + elev + BB + DE",0.258031939167866,0.897292328864099,1.2943801598336
2701,"Banteng","BTG",2,"dist_str + ndvi_cv + elev + BB + DE",0.258128452536367,0.888643880462866,1.29450520256386
2702,"Banteng","BTG",2,"dist_str + ndvi_cv + elev + BB + DE",0.252144080249792,0.866751297481319,1.2867814242416
2703,"Banteng","BTG",2,"dist_str + ndvi_cv + elev + BB + DE",0.250592770892155,0.851928916388101,1.284786777692
2704,"Banteng","BTG",2,"dist_str + ndvi_cv + elev + BB + DE",0.241081306642676,0.851325081207123,1.27262450444493
2705,"Banteng","BTG",2,"dist_str + ndvi_cv + elev + BB + DE",0.251160822074666,0.83868161254945,1.28551680892052
2706,"Banteng","BTG",2,"dist_str + ndvi_cv + elev + BB + DE",0.23392068733827,0.830627314376604,1.26354427551916
2707,"Banteng","BTG",2,"dist_str + ndvi_cv + elev + BB + DE",0.23847089637887,0.810834972924099,1.26930677357319
2708,"Banteng","BTG",2,"dist_str + ndvi_cv + elev + BB + DE",0.277465094052585,0.822146281754814,1.31978005865226
2709,"Banteng","BTG",2,"dist_str + ndvi_cv + elev + BB + DE",0.255986009392535,0.802346625250265,1.29173469020436
2710,"Banteng","BTG",2,"dist_str + ndvi_cv + elev + BB + DE",0.261631755207345,0.802141469622428,1.29904808773084
2711,"Banteng","BTG",2,"dist_str + ndvi_cv + elev + BB + DE",0.302308015460213,0.810329566994463,1.3529779047373
2712,"Banteng","BTG",2,"dist_str + ndvi_cv + elev + BB + DE",0.313136675045398,0.805247760365,1.36770846742645
2713,"Banteng","BTG",2,"dist_str + ndvi_cv + elev + BB + DE",0.320114003681835,0.801374590173367,1.37728479911189
2714,"Banteng","BTG",2,"dist_str + ndvi_cv + elev + BB + DE",0.334458634944171,0.798497827561086,1.39718383858819
2715,"Banteng","BTG",2,"dist_str + ndvi_cv + elev + BB + DE",0.347974814170169,0.798899981813618,1.41619658909718
2716,"Banteng","BTG",2,"dist_str + ndvi_cv + elev + BB + DE",0.376009060507978,0.790706511907248,1.45646032999088
2717,"Banteng","BTG",2,"dist_str + ndvi_cv + elev + BB + DE",0.369309250288929,0.794928304358909,1.44673496808479
2718,"Banteng","BTG",2,"dist_str + ndvi_cv + elev + BB + DE",0.392658917420822,0.807483333573148,1.48091319372302
2719,"Banteng","BTG",2,"dist_str + ndvi_cv + elev + BB + DE",0.395496361274679,0.802218150689315,1.48512119179419
2720,"Banteng","BTG",2,"dist_str + ndvi_cv + elev + BB + DE",0.419774288560206,0.801410128141157,1.52161808907497
2721,"Banteng","BTG",2,"dist_str + ndvi_cv + elev + BB + DE",0.429615881903221,0.803149020177382,1.53666715891383
2722,"Banteng","BTG",2,"dist_str + ndvi_cv + elev + BB + DE",0.477692674827521,0.800789975274014,1.61234991644707
2723,"Banteng","BTG",2,"dist_str + ndvi_cv + elev + BB + DE",0.500936553274,0.817560120014852,1.65026610939816
2724,"Banteng","BTG",2,"dist_str + ndvi_cv + elev + BB + DE",0.505430536334878,0.838557677278911,1.65769906967296
2725,"Banteng","BTG",2,"dist_str + ndvi_cv + elev + BB + DE",0.537604019072976,0.871677358878773,1.7119004823965
2726,"Banteng","BTG",2,"dist_str + ndvi_cv + elev + BB + DE",0.555601649456863,0.898642168625773,1.74298940867466
2727,"Banteng","BTG",2,"dist_str + ndvi_cv + elev + BB + DE",0.567379652047669,0.950464844142419,1.76363976797506
2728,"Banteng","BTG",2,"dist_str + ndvi_cv + elev + BB + DE",0.588263529144679,1.07957858166869,1.80085856176597
2729,"Banteng","BTG",2,"dist_str + ndvi_cv + elev + BB + DE",0.22159564038941,1.21477416091346,1.24806673883013
2730,"Banteng","BTG",2,"dist_str + ndvi_cv + elev + BB + DE",0.261637625987155,1.06106513115606,1.29905571541377
2731,"Banteng","BTG",2,"dist_str + ndvi_cv + elev + BB + DE",0.257141236762838,1.01401070383607,1.2932279197926
2732,"Banteng","BTG",2,"dist_str + ndvi_cv + elev + BB + DE",0.280485017127945,0.976364341597596,1.32377179883041
2733,"Banteng","BTG",2,"dist_str + ndvi_cv + elev + BB + DE",0.268253546066,0.944698072230499,1.30767876957711
2734,"Banteng","BTG",2,"dist_str + ndvi_cv + elev + BB + DE",0.24643860140267,0.915329036236614,1.27946063553895
2735,"Banteng","BTG",2,"dist_str + ndvi_cv + elev + BB + DE",0.259937793674475,0.910613745331069,1.29685017960781
2736,"Banteng","BTG",2,"dist_str + ndvi_cv + elev + BB + DE",0.267740476921416,0.893081856191534,1.30700794657691
2737,"Banteng","BTG",2,"dist_str + ndvi_cv + elev + BB + DE",0.234204835432112,0.88979889562326,1.2639033693543
2738,"Banteng","BTG",2,"dist_str + ndvi_cv + elev + BB + DE",0.256335934300355,0.866474263010604,1.29218674601306
2739,"Banteng","BTG",2,"dist_str + ndvi_cv + elev + BB + DE",0.267375040599069,0.854716677997515,1.30653037805299
2740,"Banteng","BTG",2,"dist_str + ndvi_cv + elev + BB + DE",0.260397491476612,0.847546670201182,1.29744570911263
2741,"Banteng","BTG",2,"dist_str + ndvi_cv + elev + BB + DE",0.255272013296931,0.845685031906378,1.29081269808303
2742,"Banteng","BTG",2,"dist_str + ndvi_cv + elev + BB + DE",0.22278978950636,0.821173147747664,1.24955796017011
2743,"Banteng","BTG",2,"dist_str + ndvi_cv + elev + BB + DE",0.2420687975928,0.822923770545317,1.27388184513922
2744,"Banteng","BTG",2,"dist_str + ndvi_cv + elev + BB + DE",0.265950364464687,0.81467495062065,1.30467031506887
2745,"Banteng","BTG",2,"dist_str + ndvi_cv + elev + BB + DE",0.261735887761984,0.815913647061461,1.29918336694777
2746,"Banteng","BTG",2,"dist_str + ndvi_cv + elev + BB + DE",0.292161116561194,0.818896423770269,1.33931883531247
2747,"Banteng","BTG",2,"dist_str + ndvi_cv + elev + BB + DE",0.281494658001935,0.815549078287754,1.32510892009595
2748,"Banteng","BTG",2,"dist_str + ndvi_cv + elev + BB + DE",0.323697571343302,0.812987270882285,1.38222922479962
2749,"Banteng","BTG",2,"dist_str + ndvi_cv + elev + BB + DE",0.33993432582961,0.814478940825896,1.40485533404569
2750,"Banteng","BTG",2,"dist_str + ndvi_cv + elev + BB + DE",0.36216353871266,0.81265333351989,1.43643383601665
2751,"Banteng","BTG",2,"dist_str + ndvi_cv + elev + BB + DE",0.336520367565469,0.802391520933558,1.40006747649498
2752,"Banteng","BTG",2,"dist_str + ndvi_cv + elev + BB + DE",0.364913995354871,0.8167260291769,1.4403901721284
2753,"Banteng","BTG",2,"dist_str + ndvi_cv + elev + BB + DE",0.393666714973518,0.801719209636565,1.48240640285843
2754,"Banteng","BTG",2,"dist_str + ndvi_cv + elev + BB + DE",0.404794653740424,0.819364329069277,1.49899465949351
2755,"Banteng","BTG",2,"dist_str + ndvi_cv + elev + BB + DE",0.41616897877511,0.826466404876148,1.51614217917237
2756,"Banteng","BTG",2,"dist_str + ndvi_cv + elev + BB + DE",0.438860290847619,0.827811386689221,1.55093863809782
2757,"Banteng","BTG",2,"dist_str + ndvi_cv + elev + BB + DE",0.455054609626279,0.834523648153039,1.57625947113198
2758,"Banteng","BTG",2,"dist_str + ndvi_cv + elev + BB + DE",0.479907702186959,0.848287060746846,1.61592524895099
2759,"Banteng","BTG",2,"dist_str + ndvi_cv + elev + BB + DE",0.486064162378363,0.864168590745153,1.62590439418514
2760,"Banteng","BTG",2,"dist_str + ndvi_cv + elev + BB + DE",0.511983492714569,0.904089300376836,1.66859756632209
2761,"Banteng","BTG",2,"dist_str + ndvi_cv + elev + BB + DE",0.54870960432296,0.93871456583666,1.7310178822818
2762,"Banteng","BTG",2,"dist_str + ndvi_cv + elev + BB + DE",0.565949779629678,1.01112918053994,1.76111967113622
2763,"Banteng","BTG",2,"dist_str + ndvi_cv + elev + BB + DE",0.549838802846529,1.14145969450991,1.73297365373248
2764,"Banteng","BTG",2,"dist_str + ndvi_cv + elev + BB + DE",0.264538786206558,1.19063444174375,1.30282995531954
2765,"Banteng","BTG",2,"dist_str + ndvi_cv + elev + BB + DE",0.26652082765631,1.06299438204394,1.30541479659183
2766,"Banteng","BTG",2,"dist_str + ndvi_cv + elev + BB + DE",0.267681526472961,0.987503838146541,1.3069309823673
2767,"Banteng","BTG",2,"dist_str + ndvi_cv + elev + BB + DE",0.284449509467432,0.956541870290754,1.32903024419044
2768,"Banteng","BTG",2,"dist_str + ndvi_cv + elev + BB + DE",0.257653668639834,0.923157621656382,1.29389063045054
2769,"Banteng","BTG",2,"dist_str + ndvi_cv + elev + BB + DE",0.260965648299194,0.900120900797568,1.29818324755273
2770,"Banteng","BTG",2,"dist_str + ndvi_cv + elev + BB + DE",0.268220206295507,0.909092279267868,1.30763510321512
2771,"Banteng","BTG",2,"dist_str + ndvi_cv + elev + BB + DE",0.24566504081697,0.890569722804348,1.27847129314939
2772,"Banteng","BTG",2,"dist_str + ndvi_cv + elev + BB + DE",0.260872580011725,0.869385308532178,1.29806226252124
2773,"Banteng","BTG",2,"dist_str + ndvi_cv + elev + BB + DE",0.26020805348967,0.871868157035053,1.29719995271861
2774,"Banteng","BTG",2,"dist_str + ndvi_cv + elev + BB + DE",0.250583367009992,0.860568096434803,1.28477469328702
2775,"Banteng","BTG",2,"dist_str + ndvi_cv + elev + BB + DE",0.263077460773437,0.851651912990232,1.30092748611666
2776,"Banteng","BTG",2,"dist_str + ndvi_cv + elev + BB + DE",0.246650422887727,0.854342201852146,1.27973167632505
2777,"Banteng","BTG",2,"dist_str + ndvi_cv + elev + BB + DE",0.236549942459558,0.829346014845385,1.26687082532257
2778,"Banteng","BTG",2,"dist_str + ndvi_cv + elev + BB + DE",0.289275352120756,0.832354840506264,1.33545948582285
2779,"Banteng","BTG",2,"dist_str + ndvi_cv + elev + BB + DE",0.282514032364019,0.834123589194224,1.3264605130927
2780,"Banteng","BTG",2,"dist_str + ndvi_cv + elev + BB + DE",0.297607635058505,0.830532386763597,1.34663331339747
2781,"Banteng","BTG",2,"dist_str + ndvi_cv + elev + BB + DE",0.29326600247547,0.826801526900367,1.34079947774628
2782,"Banteng","BTG",2,"dist_str + ndvi_cv + elev + BB + DE",0.320194147881643,0.828126128611369,1.37739517666764
2783,"Banteng","BTG",2,"dist_str + ndvi_cv + elev + BB + DE",0.325245443284379,0.828112016837737,1.38437040071643
2784,"Banteng","BTG",2,"dist_str + ndvi_cv + elev + BB + DE",0.335973364877269,0.833519771542726,1.39930175404167
2785,"Banteng","BTG",2,"dist_str + ndvi_cv + elev + BB + DE",0.369610692915712,0.824107110995895,1.44717125273789
2786,"Banteng","BTG",2,"dist_str + ndvi_cv + elev + BB + DE",0.366460032602739,0.82792950178314,1.44261923698033
2787,"Banteng","BTG",2,"dist_str + ndvi_cv + elev + BB + DE",0.381641375857961,0.826110807125841,1.46468672281883
2788,"Banteng","BTG",2,"dist_str + ndvi_cv + elev + BB + DE",0.393744936828888,0.840365477171281,1.48252239017578
2789,"Banteng","BTG",2,"dist_str + ndvi_cv + elev + BB + DE",0.447605396106368,0.831013256259357,1.56456123899885
2790,"Banteng","BTG",2,"dist_str + ndvi_cv + elev + BB + DE",0.435766793017129,0.847269995008986,1.54614818145299
2791,"Banteng","BTG",2,"dist_str + ndvi_cv + elev + BB + DE",0.458058384854729,0.86867578524128,1.58100154925484
2792,"Banteng","BTG",2,"dist_str + ndvi_cv + elev + BB + DE",0.487312612325966,0.903465569731474,1.62793544839567
2793,"Banteng","BTG",2,"dist_str + ndvi_cv + elev + BB + DE",0.492241171578243,0.930465537260488,1.63597881126666
2794,"Banteng","BTG",2,"dist_str + ndvi_cv + elev + BB + DE",0.525859630274514,0.970421989034435,1.69191265314601
2795,"Banteng","BTG",2,"dist_str + ndvi_cv + elev + BB + DE",0.567307452869724,1.05341680702798,1.76351249559191
2796,"Banteng","BTG",2,"dist_str + ndvi_cv + elev + BB + DE",0.53361473311698,1.14554809952867,1.70508464704534
2797,"Banteng","BTG",2,"dist_str + ndvi_cv + elev + BB + DE",0.296826063402947,1.01583030493161,1.34558124654762
2798,"Banteng","BTG",2,"dist_str + ndvi_cv + elev + BB + DE",0.280324460618832,0.970779183090265,1.32355922125757
2799,"Banteng","BTG",2,"dist_str + ndvi_cv + elev + BB + DE",0.266639132282911,0.947099380125092,1.30556931884078
2800,"Banteng","BTG",2,"dist_str + ndvi_cv + elev + BB + DE",0.294353270924615,0.939254969603904,1.34225800594497
2801,"Banteng","BTG",2,"dist_str + ndvi_cv + elev + BB + DE",0.278075600596183,0.910024893699914,1.32058603052905
2802,"Banteng","BTG",2,"dist_str + ndvi_cv + elev + BB + DE",0.275407073736025,0.904525407793399,1.31706671921407
2803,"Banteng","BTG",2,"dist_str + ndvi_cv + elev + BB + DE",0.2688849621603,0.885843923227297,1.30850469156166
2804,"Banteng","BTG",2,"dist_str + ndvi_cv + elev + BB + DE",0.282136895406332,0.885199805876458,1.32596022555431
2805,"Banteng","BTG",2,"dist_str + ndvi_cv + elev + BB + DE",0.273876444127975,0.870143603413176,1.31505230976623
2806,"Banteng","BTG",2,"dist_str + ndvi_cv + elev + BB + DE",0.261927733736649,0.868730350836566,1.29943263434287
2807,"Banteng","BTG",2,"dist_str + ndvi_cv + elev + BB + DE",0.258950341733927,0.86558554165627,1.29556947039147
2808,"Banteng","BTG",2,"dist_str + ndvi_cv + elev + BB + DE",0.299150149183761,0.860770103533447,1.34871244661673
2809,"Banteng","BTG",2,"dist_str + ndvi_cv + elev + BB + DE",0.28579195382822,0.839579344709742,1.33081556058494
2810,"Banteng","BTG",2,"dist_str + ndvi_cv + elev + BB + DE",0.282002057966336,0.849944345213112,1.32578144938323
2811,"Banteng","BTG",2,"dist_str + ndvi_cv + elev + BB + DE",0.307594180310845,0.849241907114488,1.36014890216243
2812,"Banteng","BTG",2,"dist_str + ndvi_cv + elev + BB + DE",0.306910116186604,0.842382560988504,1.35921879394403
2813,"Banteng","BTG",2,"dist_str + ndvi_cv + elev + BB + DE",0.329739735036708,0.847103220778875,1.39060615722389
2814,"Banteng","BTG",2,"dist_str + ndvi_cv + elev + BB + DE",0.341333819112938,0.851825962633508,1.40682285804989
2815,"Banteng","BTG",2,"dist_str + ndvi_cv + elev + BB + DE",0.350378044952846,0.84738766886813,1.41960427392442
2816,"Banteng","BTG",2,"dist_str + ndvi_cv + elev + BB + DE",0.337956569720915,0.845187597406437,1.40207961168094
2817,"Banteng","BTG",2,"dist_str + ndvi_cv + elev + BB + DE",0.358880371824852,0.852231748432717,1.43172555580475
2818,"Banteng","BTG",2,"dist_str + ndvi_cv + elev + BB + DE",0.389402949951991,0.854971370991439,1.47609923091733
2819,"Banteng","BTG",2,"dist_str + ndvi_cv + elev + BB + DE",0.396191953391485,0.858570544571807,1.48615456347885
2820,"Banteng","BTG",2,"dist_str + ndvi_cv + elev + BB + DE",0.434563485501311,0.875619199261986,1.54428888431442
2821,"Banteng","BTG",2,"dist_str + ndvi_cv + elev + BB + DE",0.435585861075923,0.911804124908642,1.54586851000741
2822,"Banteng","BTG",2,"dist_str + ndvi_cv + elev + BB + DE",0.458669603976501,0.938161620205774,1.58196800222447
2823,"Banteng","BTG",2,"dist_str + ndvi_cv + elev + BB + DE",0.490818275463335,1.01040709356067,1.63365245789329
2824,"Banteng","BTG",2,"dist_str + ndvi_cv + elev + BB + DE",0.517090701967364,1.0737231118377,1.67714156814532
2825,"Banteng","BTG",2,"dist_str + ndvi_cv + elev + BB + DE",0.281704517841644,1.06883725642223,1.32538703392943
2826,"Banteng","BTG",2,"dist_str + ndvi_cv + elev + BB + DE",0.286078622999762,0.96856939683513,1.33119711847538
2827,"Banteng","BTG",2,"dist_str + ndvi_cv + elev + BB + DE",0.273890085792707,0.958520875312742,1.31507028187576
2828,"Banteng","BTG",2,"dist_str + ndvi_cv + elev + BB + DE",0.279272690639843,0.952338647996894,1.32216785963498
2829,"Banteng","BTG",2,"dist_str + ndvi_cv + elev + BB + DE",0.291217361201202,0.939521371124345,1.33805540138573
2830,"Banteng","BTG",2,"dist_str + ndvi_cv + elev + BB + DE",0.299065020749875,0.907795894037795,1.34859736299599
2831,"Banteng","BTG",2,"dist_str + ndvi_cv + elev + BB + DE",0.278485570125895,0.905875505635936,1.32112755184952
2832,"Banteng","BTG",2,"dist_str + ndvi_cv + elev + BB + DE",0.266155476228221,0.905609869212171,1.3049379301235
2833,"Banteng","BTG",2,"dist_str + ndvi_cv + elev + BB + DE",0.277313582220514,0.887977514809541,1.319580103076
2834,"Banteng","BTG",2,"dist_str + ndvi_cv + elev + BB + DE",0.289112547180325,0.894931732509907,1.33524206821043
2835,"Banteng","BTG",2,"dist_str + ndvi_cv + elev + BB + DE",0.287683388129961,0.883794578863579,1.33333508825451
2836,"Banteng","BTG",2,"dist_str + ndvi_cv + elev + BB + DE",0.289272058437638,0.878106966914749,1.33545500173524
2837,"Banteng","BTG",2,"dist_str + ndvi_cv + elev + BB + DE",0.293529557975114,0.87175694818513,1.34115282828021
2838,"Banteng","BTG",2,"dist_str + ndvi_cv + elev + BB + DE",0.299061705153434,0.874693726690899,1.34859285537023
2839,"Banteng","BTG",2,"dist_str + ndvi_cv + elev + BB + DE",0.301515216788599,0.8692750455193,1.35190571345057
2840,"Banteng","BTG",2,"dist_str + ndvi_cv + elev + BB + DE",0.313137261953351,0.873705873813063,1.36770975204911
2841,"Banteng","BTG",2,"dist_str + ndvi_cv + elev + BB + DE",0.320430659720662,0.853813713589589,1.37772102193198
2842,"Banteng","BTG",2,"dist_str + ndvi_cv + elev + BB + DE",0.354065710387141,0.867690544146448,1.42484884884148
2843,"Banteng","BTG",2,"dist_str + ndvi_cv + elev + BB + DE",0.347275006396618,0.866338750023302,1.41520586719184
2844,"Banteng","BTG",2,"dist_str + ndvi_cv + elev + BB + DE",0.358785569082319,0.867485615327479,1.43158979164816
2845,"Banteng","BTG",2,"dist_str + ndvi_cv + elev + BB + DE",0.379973974533685,0.871242510996415,1.46224656832415
2846,"Banteng","BTG",2,"dist_str + ndvi_cv + elev + BB + DE",0.361977758696808,0.880328069055785,1.43616706235723
2847,"Banteng","BTG",2,"dist_str + ndvi_cv + elev + BB + DE",0.380232087466727,0.907346676220323,1.46262401046448
2848,"Banteng","BTG",2,"dist_str + ndvi_cv + elev + BB + DE",0.384844945787609,0.945170554340009,1.4693865916573
2849,"Banteng","BTG",2,"dist_str + ndvi_cv + elev + BB + DE",0.437393043427464,1.01067022080362,1.54866472488228
2850,"Banteng","BTG",2,"dist_str + ndvi_cv + elev + BB + DE",0.284028360451053,1.10025598347251,1.32847060643954
2851,"Banteng","BTG",2,"dist_str + ndvi_cv + elev + BB + DE",0.277042751440465,1.00056076154658,1.31922278485722
2852,"Banteng","BTG",2,"dist_str + ndvi_cv + elev + BB + DE",0.269734467146313,0.983518143228681,1.30961665878446
2853,"Banteng","BTG",2,"dist_str + ndvi_cv + elev + BB + DE",0.310754154110077,0.963882182960034,1.36445373761634
2854,"Banteng","BTG",2,"dist_str + ndvi_cv + elev + BB + DE",0.280766835018427,0.959125793674382,1.3241448575857
2855,"Banteng","BTG",2,"dist_str + ndvi_cv + elev + BB + DE",0.311864679870976,0.931786904843098,1.3659698905248
2856,"Banteng","BTG",2,"dist_str + ndvi_cv + elev + BB + DE",0.302195319029719,0.91726269545463,1.35282543600879
2857,"Banteng","BTG",2,"dist_str + ndvi_cv + elev + BB + DE",0.29795901695402,0.907461284987296,1.34710657892819
2858,"Banteng","BTG",2,"dist_str + ndvi_cv + elev + BB + DE",0.309140263939801,0.91569979694939,1.36225343231683
2859,"Banteng","BTG",2,"dist_str + ndvi_cv + elev + BB + DE",0.276797196856522,0.903596720831776,1.31889887847181
2860,"Banteng","BTG",2,"dist_str + ndvi_cv + elev + BB + DE",0.298662660857178,0.898544441781981,1.3480548390795
2861,"Banteng","BTG",2,"dist_str + ndvi_cv + elev + BB + DE",0.289503695839134,0.888336630150123,1.33576459638491
2862,"Banteng","BTG",2,"dist_str + ndvi_cv + elev + BB + DE",0.312868780687661,0.909138544522994,1.36734210725949
2863,"Banteng","BTG",2,"dist_str + ndvi_cv + elev + BB + DE",0.316235115816536,0.892240071816629,1.37195278574241
2864,"Banteng","BTG",2,"dist_str + ndvi_cv + elev + BB + DE",0.315773236465247,0.884421482486423,1.3713193484876
2865,"Banteng","BTG",2,"dist_str + ndvi_cv + elev + BB + DE",0.336281597620119,0.880784617869097,1.39973315712042
2866,"Banteng","BTG",2,"dist_str + ndvi_cv + elev + BB + DE",0.332655702695299,0.897156015623337,1.39466706891243
2867,"Banteng","BTG",2,"dist_str + ndvi_cv + elev + BB + DE",0.314857974238512,0.893440447896622,1.37006471266549
2868,"Banteng","BTG",2,"dist_str + ndvi_cv + elev + BB + DE",0.325239065213327,0.890681870647795,1.38436166052103
2869,"Banteng","BTG",2,"dist_str + ndvi_cv + elev + BB + DE",0.351319725171076,0.888145270261917,1.42094163777786
2870,"Banteng","BTG",2,"dist_str + ndvi_cv + elev + BB + DE",0.352043981590721,0.915248115813687,1.42197120692702
2871,"Banteng","BTG",2,"dist_str + ndvi_cv + elev + BB + DE",0.392821517808684,0.953494932171562,1.48115402412705
2872,"Banteng","BTG",2,"dist_str + ndvi_cv + elev + BB + DE",0.405899610465404,1.00769365102817,1.50065189681197
2873,"Banteng","BTG",2,"dist_str + ndvi_cv + elev + BB + DE",0.373698906693476,1.08542060814268,1.45309964283817
2874,"Banteng","BTG",2,"dist_str + ndvi_cv + elev + BB + DE",0.273035885715786,1.11752416583534,1.31394746081741
2875,"Banteng","BTG",2,"dist_str + ndvi_cv + elev + BB + DE",0.286447614608878,1.02749661087994,1.33168843190919
2876,"Banteng","BTG",2,"dist_str + ndvi_cv + elev + BB + DE",0.270097134554975,0.99453026960795,1.31009170188928
2877,"Banteng","BTG",2,"dist_str + ndvi_cv + elev + BB + DE",0.290081323249363,0.983263882793453,1.33653632122359
2878,"Banteng","BTG",2,"dist_str + ndvi_cv + elev + BB + DE",0.311719300966259,0.960878512918423,1.3657712741984
2879,"Banteng","BTG",2,"dist_str + ndvi_cv + elev + BB + DE",0.287262327180442,0.95842570712795,1.3327738049958
2880,"Banteng","BTG",2,"dist_str + ndvi_cv + elev + BB + DE",0.295749895874392,0.935833636613765,1.34413394191268
2881,"Banteng","BTG",2,"dist_str + ndvi_cv + elev + BB + DE",0.293466396586411,0.939396088196151,1.34106811453222
2882,"Banteng","BTG",2,"dist_str + ndvi_cv + elev + BB + DE",0.312979465906321,0.925894993271252,1.36749345306251
2883,"Banteng","BTG",2,"dist_str + ndvi_cv + elev + BB + DE",0.292340192745021,0.936912936830838,1.33955864833063
2884,"Banteng","BTG",2,"dist_str + ndvi_cv + elev + BB + DE",0.299577474571073,0.922773922700048,1.34928864498951
2885,"Banteng","BTG",2,"dist_str + ndvi_cv + elev + BB + DE",0.299738358002727,0.916886390945256,1.3495056741607
2886,"Banteng","BTG",2,"dist_str + ndvi_cv + elev + BB + DE",0.305418460593737,0.909592009882184,1.35719281833026
2887,"Banteng","BTG",2,"dist_str + ndvi_cv + elev + BB + DE",0.327607265831578,0.902316083747793,1.38764390281202
2888,"Banteng","BTG",2,"dist_str + ndvi_cv + elev + BB + DE",0.333220099574811,0.903332563298544,1.39545440525767
2889,"Banteng","BTG",2,"dist_str + ndvi_cv + elev + BB + DE",0.351253450644822,0.903154010656352,1.42084755736832
2890,"Banteng","BTG",2,"dist_str + ndvi_cv + elev + BB + DE",0.323445153540538,0.898839919360142,1.38188046599678
2891,"Banteng","BTG",2,"dist_str + ndvi_cv + elev + BB + DE",0.328313854836006,0.911935890460113,1.3886248697165
2892,"Banteng","BTG",2,"dist_str + ndvi_cv + elev + BB + DE",0.319179297731758,0.91801138276368,1.37599808251366
2893,"Banteng","BTG",2,"dist_str + ndvi_cv + elev + BB + DE",0.345755667483482,0.944354944717814,1.41305731792969
2894,"Banteng","BTG",2,"dist_str + ndvi_cv + elev + BB + DE",0.354747757796391,1.01983495099505,1.42582102170115
2895,"Banteng","BTG",2,"dist_str + ndvi_cv + elev + BB + DE",0.289102448588881,1.12678295619894,1.33522851598386
2896,"Banteng","BTG",2,"dist_str + ndvi_cv + elev + BB + DE",0.299852590212195,1.0479256818914,1.34965983993761
2897,"Banteng","BTG",2,"dist_str + ndvi_cv + elev + BB + DE",0.279676262370936,1.02616125211516,1.322701543423
2898,"Banteng","BTG",2,"dist_str + ndvi_cv + elev + BB + DE",0.270947540008427,0.99508615406515,1.31120631054705
2899,"Banteng","BTG",2,"dist_str + ndvi_cv + elev + BB + DE",0.276701609454636,0.995304503650675,1.3187728613238
2900,"Banteng","BTG",2,"dist_str + ndvi_cv + elev + BB + DE",0.304843025940791,0.982963465797499,1.3564120649116
2901,"Banteng","BTG",2,"dist_str + ndvi_cv + elev + BB + DE",0.291212068027317,0.957783063538478,1.33804831554582
2902,"Banteng","BTG",2,"dist_str + ndvi_cv + elev + BB + DE",0.285910944956893,0.944082920387465,1.33097393669798
2903,"Banteng","BTG",2,"dist_str + ndvi_cv + elev + BB + DE",0.317282421689531,0.943388422138335,1.37339052287939
2904,"Banteng","BTG",2,"dist_str + ndvi_cv + elev + BB + DE",0.305604338027781,0.944407152500338,1.35744512732407
2905,"Banteng","BTG",2,"dist_str + ndvi_cv + elev + BB + DE",0.299568672868605,0.945754786222033,1.34927675017731
2906,"Banteng","BTG",2,"dist_str + ndvi_cv + elev + BB + DE",0.311802512514247,0.942955293936427,1.36588502724111
2907,"Banteng","BTG",2,"dist_str + ndvi_cv + elev + BB + DE",0.315151043150437,0.931010547631999,1.37046630839608
2908,"Banteng","BTG",2,"dist_str + ndvi_cv + elev + BB + DE",0.314049132051293,0.925466801108096,1.36895700354252
2909,"Banteng","BTG",2,"dist_str + ndvi_cv + elev + BB + DE",0.320615865355176,0.921686569557485,1.37797615865663
2910,"Banteng","BTG",2,"dist_str + ndvi_cv + elev + BB + DE",0.31287642330094,0.92129473967785,1.36735255655767
2911,"Banteng","BTG",2,"dist_str + ndvi_cv + elev + BB + DE",0.328838269069216,0.924204379859456,1.38935314084939
2912,"Banteng","BTG",2,"dist_str + ndvi_cv + elev + BB + DE",0.343110741348112,0.933523509775688,1.40932482566742
2913,"Banteng","BTG",2,"dist_str + ndvi_cv + elev + BB + DE",0.337802917697311,0.95236935015677,1.40186419413837
2914,"Banteng","BTG",2,"dist_str + ndvi_cv + elev + BB + DE",0.353982523740187,1.01186684745546,1.42473038043965
2915,"Banteng","BTG",2,"dist_str + ndvi_cv + elev + BB + DE",0.270005132007596,1.30393571114701,1.30997140602584
2916,"Banteng","BTG",2,"dist_str + ndvi_cv + elev + BB + DE",0.286363757591869,1.16567709963846,1.33157674405813
2917,"Banteng","BTG",2,"dist_str + ndvi_cv + elev + BB + DE",0.28886659261151,1.08858340458216,1.33491391618466
2918,"Banteng","BTG",2,"dist_str + ndvi_cv + elev + BB + DE",0.288711299542081,1.04582714898993,1.33470635801632
2919,"Banteng","BTG",2,"dist_str + ndvi_cv + elev + BB + DE",0.275334837461861,1.01474772870253,1.31697157592483
2920,"Banteng","BTG",2,"dist_str + ndvi_cv + elev + BB + DE",0.287567350469095,1.00279371028305,1.33318039397883
2921,"Banteng","BTG",2,"dist_str + ndvi_cv + elev + BB + DE",0.276794135332036,0.989194898501718,1.31889486927217
2922,"Banteng","BTG",2,"dist_str + ndvi_cv + elev + BB + DE",0.295039851326977,0.982396480619421,1.34317988512717
2923,"Banteng","BTG",2,"dist_str + ndvi_cv + elev + BB + DE",0.290901852213686,0.969567819301207,1.33763330313738
2924,"Banteng","BTG",2,"dist_str + ndvi_cv + elev + BB + DE",0.306946454810612,0.965277536960674,1.35926818388056
2925,"Banteng","BTG",2,"dist_str + ndvi_cv + elev + BB + DE",0.29459291764053,0.965453691234186,1.34257970772873
2926,"Banteng","BTG",2,"dist_str + ndvi_cv + elev + BB + DE",0.297618073706965,0.973858762156857,1.34664736961654
2927,"Banteng","BTG",2,"dist_str + ndvi_cv + elev + BB + DE",0.303783089137175,0.960865393872671,1.35497511923852
2928,"Banteng","BTG",2,"dist_str + ndvi_cv + elev + BB + DE",0.309290599306106,0.945142292270594,1.36245825112882
2929,"Banteng","BTG",2,"dist_str + ndvi_cv + elev + BB + DE",0.303487836413607,0.951864164220159,1.35457512313925
2930,"Banteng","BTG",2,"dist_str + ndvi_cv + elev + BB + DE",0.328516062816608,0.940842866244676,1.38890555853214
2931,"Banteng","BTG",2,"dist_str + ndvi_cv + elev + BB + DE",0.326716779979683,0.951465404500055,1.38640881715059
2932,"Banteng","BTG",2,"dist_str + ndvi_cv + elev + BB + DE",0.333718015284198,0.962872214331962,1.39614939587246
2933,"Banteng","BTG",2,"dist_str + ndvi_cv + elev + BB + DE",0.327949852093686,0.972027878280509,1.38811935932714
2934,"Banteng","BTG",2,"dist_str + ndvi_cv + elev + BB + DE",0.329946145441156,0.992136065063437,1.3908932239171
2935,"Banteng","BTG",2,"dist_str + ndvi_cv + elev + BB + DE",0.33647625261965,1.13411690961131,1.40000567576223
2936,"Banteng","BTG",2,"dist_str + ndvi_cv + elev + BB + DE",0.273510374049207,1.31340929748474,1.31457119397672
2937,"Banteng","BTG",2,"dist_str + ndvi_cv + elev + BB + DE",0.279736111898039,1.19751573753941,1.32278070426526
2938,"Banteng","BTG",2,"dist_str + ndvi_cv + elev + BB + DE",0.29284981192524,1.12174774558772,1.34024148776939
2939,"Banteng","BTG",2,"dist_str + ndvi_cv + elev + BB + DE",0.28302781083384,1.07835462450285,1.32714207357461
2940,"Banteng","BTG",2,"dist_str + ndvi_cv + elev + BB + DE",0.279063157534299,1.04384368154885,1.32189082862117
2941,"Banteng","BTG",2,"dist_str + ndvi_cv + elev + BB + DE",0.271611071284766,1.01337162277984,1.31207659938991
2942,"Banteng","BTG",2,"dist_str + ndvi_cv + elev + BB + DE",0.28615970937899,1.0012750406273,1.33130513693873
2943,"Banteng","BTG",2,"dist_str + ndvi_cv + elev + BB + DE",0.284015478258606,0.989305224724223,1.32845349515247
2944,"Banteng","BTG",2,"dist_str + ndvi_cv + elev + BB + DE",0.309620485093987,0.991500565561687,1.36290787643558
2945,"Banteng","BTG",2,"dist_str + ndvi_cv + elev + BB + DE",0.302914173940137,0.993689121378645,1.35379827320916
2946,"Banteng","BTG",2,"dist_str + ndvi_cv + elev + BB + DE",0.327680412451144,0.991627895713694,1.38774539677648
2947,"Banteng","BTG",2,"dist_str + ndvi_cv + elev + BB + DE",0.297962012909455,0.989079365306075,1.34711071359919
2948,"Banteng","BTG",2,"dist_str + ndvi_cv + elev + BB + DE",0.312408210337611,0.970005021013063,1.36671372901535
2949,"Banteng","BTG",2,"dist_str + ndvi_cv + elev + BB + DE",0.306871905086739,0.971530221949119,1.35916685529163
2950,"Banteng","BTG",2,"dist_str + ndvi_cv + elev + BB + DE",0.327810994362854,0.968869874827683,1.38792662981489
2951,"Banteng","BTG",2,"dist_str + ndvi_cv + elev + BB + DE",0.319944606573212,0.982942969589911,1.37705148524691
2952,"Banteng","BTG",2,"dist_str + ndvi_cv + elev + BB + DE",0.308607309502295,0.989682393129111,1.36152765222068
2953,"Banteng","BTG",2,"dist_str + ndvi_cv + elev + BB + DE",0.325374416498075,0.995898773610014,1.38454894755857
2954,"Banteng","BTG",2,"dist_str + ndvi_cv + elev + BB + DE",0.332870549174738,1.02273304708975,1.39496671758
2955,"Banteng","BTG",2,"dist_str + ndvi_cv + elev + BB + DE",0.350587118803615,1.09665448857677,1.41990095535851
2956,"Banteng","BTG",2,"dist_str + ndvi_cv + elev + BB + DE",0.279925277109479,1.30066560450073,1.32303094922538
2957,"Banteng","BTG",2,"dist_str + ndvi_cv + elev + BB + DE",0.255292084844103,1.22764855262933,1.29083860229949
2958,"Banteng","BTG",2,"dist_str + ndvi_cv + elev + BB + DE",0.293626143851144,1.1623938835571,1.34128236421691
2959,"Banteng","BTG",2,"dist_str + ndvi_cv + elev + BB + DE",0.284292757626337,1.09519945799877,1.32882189772519
2960,"Banteng","BTG",2,"dist_str + ndvi_cv + elev + BB + DE",0.280322075191466,1.05290607952299,1.3235560406674
2961,"Banteng","BTG",2,"dist_str + ndvi_cv + elev + BB + DE",0.27085876138587,1.02476380965289,1.3110898882226
2962,"Banteng","BTG",2,"dist_str + ndvi_cv + elev + BB + DE",0.297653593626305,1.02818274864222,1.34669527281198
2963,"Banteng","BTG",2,"dist_str + ndvi_cv + elev + BB + DE",0.299302331353126,1.02246904459664,1.34891746478499
2964,"Banteng","BTG",2,"dist_str + ndvi_cv + elev + BB + DE",0.313329946115969,1.01472651208618,1.36797288335939
2965,"Banteng","BTG",2,"dist_str + ndvi_cv + elev + BB + DE",0.309767998122292,0.999669928205576,1.36310885477523
2966,"Banteng","BTG",2,"dist_str + ndvi_cv + elev + BB + DE",0.297973180977774,1.00586956868849,1.34712568191394
2967,"Banteng","BTG",2,"dist_str + ndvi_cv + elev + BB + DE",0.291458434193495,0.994765446726216,1.3383780497392
2968,"Banteng","BTG",2,"dist_str + ndvi_cv + elev + BB + DE",0.30126641829014,0.998778743770379,1.35156945674949
2969,"Banteng","BTG",2,"dist_str + ndvi_cv + elev + BB + DE",0.320306823648928,0.990419021417033,1.37755038164281
2970,"Banteng","BTG",2,"dist_str + ndvi_cv + elev + BB + DE",0.324019479623063,1.00712334279447,1.38267430058987
2971,"Banteng","BTG",2,"dist_str + ndvi_cv + elev + BB + DE",0.317911454195917,1.03144404930025,1.37425458031237
2972,"Banteng","BTG",2,"dist_str + ndvi_cv + elev + BB + DE",0.331781971046824,1.04554588216297,1.39344904852593
2973,"Banteng","BTG",2,"dist_str + ndvi_cv + elev + BB + DE",0.334437795815372,1.10816427474123,1.39715468560368
2974,"Banteng","BTG",2,"dist_str + ndvi_cv + elev + BB + DE",0.278002917578806,1.10772896147894,1.32049057825339
2975,"Banteng","BTG",2,"dist_str + ndvi_cv + elev + BB + DE",0.266413397439655,1.07852447052343,1.30527454492987
2976,"Banteng","BTG",2,"dist_str + ndvi_cv + elev + BB + DE",0.281614870382876,1.05506455378905,1.32526827580567
2977,"Banteng","BTG",2,"dist_str + ndvi_cv + elev + BB + DE",0.290177137479565,1.04372745871885,1.33666433837963
2978,"Banteng","BTG",2,"dist_str + ndvi_cv + elev + BB + DE",0.286124731528917,1.0463389111561,1.33125866525724
2979,"Banteng","BTG",2,"dist_str + ndvi_cv + elev + BB + DE",0.286560534287195,1.04773520079122,1.33183880473297
2980,"Banteng","BTG",2,"dist_str + ndvi_cv + elev + BB + DE",0.307741850795774,1.02329801150696,1.36035005907609
2981,"Banteng","BTG",2,"dist_str + ndvi_cv + elev + BB + DE",0.308110560476775,1.02581071482182,1.36085144550873
2982,"Banteng","BTG",2,"dist_str + ndvi_cv + elev + BB + DE",0.308933289002217,1.02311188206738,1.36197156901326
2983,"Banteng","BTG",2,"dist_str + ndvi_cv + elev + BB + DE",0.320785429074197,1.04055653064308,1.37820982879012
2984,"Banteng","BTG",2,"dist_str + ndvi_cv + elev + BB + DE",0.283090200765818,1.06202107698448,1.32722493567433
2985,"Banteng","BTG",2,"dist_str + ndvi_cv + elev + BB + DE",0.310369374429565,1.09594455336228,1.36392896554346
2986,"Banteng","BTG",2,"dist_str + ndvi_cv + elev + BB + DE",0.335079345542677,1.17602916365202,1.39805224253518
2987,"Banteng","BTG",2,"dist_str + ndvi_cv + elev + BB + DE",0.265961708651722,1.20036797445011,1.30468530020284
2988,"Banteng","BTG",2,"dist_str + ndvi_cv + elev + BB + DE",0.263126057053219,1.10877882103165,1.30099093891149
2989,"Banteng","BTG",2,"dist_str + ndvi_cv + elev + BB + DE",0.286021471529094,1.08159712653583,1.33112104018971
2990,"Banteng","BTG",2,"dist_str + ndvi_cv + elev + BB + DE",0.269640520766146,1.07565845313723,1.30949363293037
2991,"Banteng","BTG",2,"dist_str + ndvi_cv + elev + BB + DE",0.249225872020583,1.07449654192955,1.28303187328537
2992,"Banteng","BTG",2,"dist_str + ndvi_cv + elev + BB + DE",0.273992232196845,1.06257257512381,1.31520467463674
2993,"Banteng","BTG",2,"dist_str + ndvi_cv + elev + BB + DE",0.295074318024187,1.05859582510997,1.34322619877182
2994,"Banteng","BTG",2,"dist_str + ndvi_cv + elev + BB + DE",0.283157354366288,1.07222729519899,1.32731401505641
2995,"Banteng","BTG",2,"dist_str + ndvi_cv + elev + BB + DE",0.331456614819665,1.08966546004048,1.39299573392904
2996,"Banteng","BTG",2,"dist_str + ndvi_cv + elev + BB + DE",0.30853244266298,1.12686637409625,1.36142607690694
2997,"Banteng","BTG",2,"dist_str + ndvi_cv + elev + BB + DE",0.284327844623478,1.18583029541382,1.32886891797274
2998,"Banteng","BTG",2,"dist_str + ndvi_cv + elev + BB + DE",0.284501431894722,1.27829352170342,1.3290992236774
2999,"Banteng","BTG",2,"dist_str + ndvi_cv + elev + BB + DE",0.252543254741045,1.15190780533463,1.28729528086824
3000,"Banteng","BTG",2,"dist_str + ndvi_cv + elev + BB + DE",0.276120576129625,1.13283102842635,1.31800678604025
3001,"Banteng","BTG",2,"dist_str + ndvi_cv + elev + BB + DE",0.25815317286702,1.1042478995702,1.29453712029471
3002,"Banteng","BTG",2,"dist_str + ndvi_cv + elev + BB + DE",0.250991933026927,1.1030145992143,1.28529972310895
3003,"Banteng","BTG",2,"dist_str + ndvi_cv + elev + BB + DE",0.259027147157172,1.10680251934662,1.29566906454413
3004,"Banteng","BTG",2,"dist_str + ndvi_cv + elev + BB + DE",0.293452892781245,1.12678298052289,1.3410500174364
3005,"Banteng","BTG",2,"dist_str + ndvi_cv + elev + BB + DE",0.286359271748615,1.18950957167259,1.33157133599864
3006,"Banteng","BTG",2,"dist_str + ndvi_cv + elev + BB + DE",0.283985430079615,1.23333328598883,1.32841360235284
3007,"Banteng","BTG",2,"dist_str + ndvi_cv + elev + BB + DE",0.268464784792728,1.17753329584923,1.30795498443107
3008,"Banteng","BTG",2,"dist_str + ndvi_cv + elev + BB + DE",0.24915273571618,1.16511408608302,1.28293797272631
3009,"Banteng","BTG",2,"dist_str + ndvi_cv + elev + BB + DE",0.272020214677541,1.16774135628577,1.31261386730732
3010,"Banteng","BTG",2,"dist_str + ndvi_cv + elev + BB + DE",0.279206741068791,1.24403246171485,1.32208064828198
3011,"Banteng","BTG",2,"dist_str + ndvi_cv + elev + BB + DE",0.274698196850703,1.40903442479425,1.31613341149876
3012,"Banteng","BTG",2,"dist_str + ndvi_cv + elev + BB + DE",0.284013888797919,1.30314596086021,1.3284513824244
3013,"Banteng","BTG",2,"dist_str + ndvi_cv + elev + BB + DE",0.278337783105334,1.31640258253225,1.32093231061584
