"grid_id","Species","Species_Code","Rank","Covariates","CAR_Median","CAR_SD","CAR_RelativeRisk"
1,"Banteng","BTG",1,"dist_str + ndvi_cv + slope + BB",-0.895385842847154,1.26761219795749,0.408449972401281
2,"Banteng","BTG",1,"dist_str + ndvi_cv + slope + BB",-0.909951501563883,1.1258206068644,0.402543771624795
3,"Banteng","BTG",1,"dist_str + ndvi_cv + slope + BB",-0.904745510355201,1.06821233497315,0.404644852733285
4,"Banteng","BTG",1,"dist_str + ndvi_cv + slope + BB",-0.917460453667954,1.0623558219233,0.399532384854643
5,"Banteng","BTG",1,"dist_str + ndvi_cv + slope + BB",-0.885700860991504,1.11246145993333,0.412425020062325
6,"Banteng","BTG",1,"dist_str + ndvi_cv + slope + BB",-0.858392377719628,1.23522394992345,0.423842914224818
7,"Banteng","BTG",1,"dist_str + ndvi_cv + slope + BB",-0.894039480742624,1.0659493657561,0.409000263235975
8,"Banteng","BTG",1,"dist_str + ndvi_cv + slope + BB",-0.883269880789497,1.01073831045429,0.413428838157283
9,"Banteng","BTG",1,"dist_str + ndvi_cv + slope + BB",-0.899032077067267,0.997754514569314,0.40696337839788
10,"Banteng","BTG",1,"dist_str + ndvi_cv + slope + BB",-0.876541651345302,0.999339098029971,0.41621985895794
11,"Banteng","BTG",1,"dist_str + ndvi_cv + slope + BB",-0.874824288911575,1.00310381699323,0.416935273395732
12,"Banteng","BTG",1,"dist_str + ndvi_cv + slope + BB",-0.865447760973091,1.05302253986774,0.420863064491055
13,"Banteng","BTG",1,"dist_str + ndvi_cv + slope + BB",-0.820935298034373,1.06512099701402,0.440019918746445
14,"Banteng","BTG",1,"dist_str + ndvi_cv + slope + BB",-0.828876599472459,1.04700769497994,0.436539424968996
15,"Banteng","BTG",1,"dist_str + ndvi_cv + slope + BB",-0.84467521340141,1.07250976713618,0.42969689534274
16,"Banteng","BTG",1,"dist_str + ndvi_cv + slope + BB",-0.823599198205784,1.03344059379797,0.438849304677714
17,"Banteng","BTG",1,"dist_str + ndvi_cv + slope + BB",-0.838858859968582,1.01365421539323,0.432203448526132
18,"Banteng","BTG",1,"dist_str + ndvi_cv + slope + BB",-0.899270908944995,0.991900147599926,0.406866194219515
19,"Banteng","BTG",1,"dist_str + ndvi_cv + slope + BB",-0.89657587021852,0.975864174263607,0.407964198429258
20,"Banteng","BTG",1,"dist_str + ndvi_cv + slope + BB",-0.892521521018029,0.962562570682048,0.40962158023922
21,"Banteng","BTG",1,"dist_str + ndvi_cv + slope + BB",-0.858173671917635,0.958978408067205,0.423935622175152
22,"Banteng","BTG",1,"dist_str + ndvi_cv + slope + BB",-0.887522058429702,0.946335310246027,0.411674596005848
23,"Banteng","BTG",1,"dist_str + ndvi_cv + slope + BB",-0.868542825339709,0.969553596635247,0.419562489689739
24,"Banteng","BTG",1,"dist_str + ndvi_cv + slope + BB",-0.876250083602558,1.00671224048739,0.41634123289125
25,"Banteng","BTG",1,"dist_str + ndvi_cv + slope + BB",-0.815864919284684,1.08231684917162,0.442256646867112
26,"Banteng","BTG",1,"dist_str + ndvi_cv + slope + BB",-0.836851434779042,1.27162032786724,0.433071934295724
27,"Banteng","BTG",1,"dist_str + ndvi_cv + slope + BB",-0.845474285195642,1.1361944339598,0.429353696642187
28,"Banteng","BTG",1,"dist_str + ndvi_cv + slope + BB",-0.835412823327934,0.937014518514959,0.433695436559101
29,"Banteng","BTG",1,"dist_str + ndvi_cv + slope + BB",-0.861499456602129,0.890762921755155,0.422528044645528
30,"Banteng","BTG",1,"dist_str + ndvi_cv + slope + BB",-0.818246628879772,0.883657483824871,0.441204573307558
31,"Banteng","BTG",1,"dist_str + ndvi_cv + slope + BB",-0.83890343490841,0.887868392181532,0.432184181775459
32,"Banteng","BTG",1,"dist_str + ndvi_cv + slope + BB",-0.855815104368455,0.899015042242353,0.424936682199395
33,"Banteng","BTG",1,"dist_str + ndvi_cv + slope + BB",-0.876702197068487,0.912486476163517,0.416153042005014
34,"Banteng","BTG",1,"dist_str + ndvi_cv + slope + BB",-0.814277495524531,0.913393940083474,0.442959251855239
35,"Banteng","BTG",1,"dist_str + ndvi_cv + slope + BB",-0.856074355828904,0.914418289035472,0.424826531743665
36,"Banteng","BTG",1,"dist_str + ndvi_cv + slope + BB",-0.869951350150543,0.911254342456225,0.418971931676061
37,"Banteng","BTG",1,"dist_str + ndvi_cv + slope + BB",-0.87882256739895,0.915043811697956,0.415271578910261
38,"Banteng","BTG",1,"dist_str + ndvi_cv + slope + BB",-0.894446977601146,0.911539016992574,0.408833630294622
39,"Banteng","BTG",1,"dist_str + ndvi_cv + slope + BB",-0.84920135574958,0.910498104977681,0.427756423182081
40,"Banteng","BTG",1,"dist_str + ndvi_cv + slope + BB",-0.81757829928233,0.925314491950013,0.441499541594329
41,"Banteng","BTG",1,"dist_str + ndvi_cv + slope + BB",-0.820784283514057,0.9508804136115,0.4400863698285
42,"Banteng","BTG",1,"dist_str + ndvi_cv + slope + BB",-0.824939510994463,0.971446362042604,0.438261524732542
43,"Banteng","BTG",1,"dist_str + ndvi_cv + slope + BB",-0.845502898325827,1.02580699617595,0.42934140017874
44,"Banteng","BTG",1,"dist_str + ndvi_cv + slope + BB",-0.78808284638342,1.13875545156625,0.454715722371916
45,"Banteng","BTG",1,"dist_str + ndvi_cv + slope + BB",-0.868651368248632,0.889353278526026,0.419516941874552
46,"Banteng","BTG",1,"dist_str + ndvi_cv + slope + BB",-0.859890952750087,0.84935975874742,0.423208229812
47,"Banteng","BTG",1,"dist_str + ndvi_cv + slope + BB",-0.889664292797958,0.819260087914828,0.41079363681072
48,"Banteng","BTG",1,"dist_str + ndvi_cv + slope + BB",-0.855964589956754,0.812462148553498,0.424873166969585
49,"Banteng","BTG",1,"dist_str + ndvi_cv + slope + BB",-0.858266780043542,0.808252402047133,0.423896151558126
50,"Banteng","BTG",1,"dist_str + ndvi_cv + slope + BB",-0.838853152598868,0.838768561069732,0.432205915040463
51,"Banteng","BTG",1,"dist_str + ndvi_cv + slope + BB",-0.828449816975402,0.849212009315878,0.436725766731763
52,"Banteng","BTG",1,"dist_str + ndvi_cv + slope + BB",-0.833507411086628,0.866229979576369,0.434522577812698
53,"Banteng","BTG",1,"dist_str + ndvi_cv + slope + BB",-0.83747624063793,0.858664780218707,0.432801454388629
54,"Banteng","BTG",1,"dist_str + ndvi_cv + slope + BB",-0.878347643773049,0.882274984192066,0.415468847480425
55,"Banteng","BTG",1,"dist_str + ndvi_cv + slope + BB",-0.88348116878565,0.886168267026104,0.413341495270642
56,"Banteng","BTG",1,"dist_str + ndvi_cv + slope + BB",-0.880278343320421,0.891832816178613,0.414667495387912
57,"Banteng","BTG",1,"dist_str + ndvi_cv + slope + BB",-0.859046348799813,0.895339092767419,0.423565824410828
58,"Banteng","BTG",1,"dist_str + ndvi_cv + slope + BB",-0.828250448005715,0.914290152583678,0.436812844996566
59,"Banteng","BTG",1,"dist_str + ndvi_cv + slope + BB",-0.79621016240406,0.911774091969419,0.451035079677773
60,"Banteng","BTG",1,"dist_str + ndvi_cv + slope + BB",-0.79795732922031,0.959948637716643,0.450247747142634
61,"Banteng","BTG",1,"dist_str + ndvi_cv + slope + BB",-0.812405275645549,1.00024716227225,0.443789407424076
62,"Banteng","BTG",1,"dist_str + ndvi_cv + slope + BB",-0.801040999477483,1.11143093880508,0.448861456712037
63,"Banteng","BTG",1,"dist_str + ndvi_cv + slope + BB",-0.599248705683605,1.02122376093455,0.549224110632913
64,"Banteng","BTG",1,"dist_str + ndvi_cv + slope + BB",-0.685757059158777,0.966154549655656,0.503708774539664
65,"Banteng","BTG",1,"dist_str + ndvi_cv + slope + BB",-0.718729540410469,0.935719202756141,0.487371048384691
66,"Banteng","BTG",1,"dist_str + ndvi_cv + slope + BB",-0.694374477840033,0.997501047240271,0.499386729315859
67,"Banteng","BTG",1,"dist_str + ndvi_cv + slope + BB",-0.808317296068344,0.856849338908465,0.445607263696041
68,"Banteng","BTG",1,"dist_str + ndvi_cv + slope + BB",-0.86858370872833,0.815366344843299,0.419545327053759
69,"Banteng","BTG",1,"dist_str + ndvi_cv + slope + BB",-0.882292695016663,0.781778281713552,0.413833030390879
70,"Banteng","BTG",1,"dist_str + ndvi_cv + slope + BB",-0.891087429006092,0.77291501122434,0.410209436493731
71,"Banteng","BTG",1,"dist_str + ndvi_cv + slope + BB",-0.908627302279631,0.769656232613353,0.403077147548873
72,"Banteng","BTG",1,"dist_str + ndvi_cv + slope + BB",-0.883631530760924,0.783164689277788,0.413279347702317
73,"Banteng","BTG",1,"dist_str + ndvi_cv + slope + BB",-0.844949354516705,0.788407415198427,0.42957911563493
74,"Banteng","BTG",1,"dist_str + ndvi_cv + slope + BB",-0.842693490219735,0.806869926791683,0.430549290753419
75,"Banteng","BTG",1,"dist_str + ndvi_cv + slope + BB",-0.831191380327771,0.822653881488191,0.43553009534126
76,"Banteng","BTG",1,"dist_str + ndvi_cv + slope + BB",-0.820105358217821,0.83518017316366,0.440385267924447
77,"Banteng","BTG",1,"dist_str + ndvi_cv + slope + BB",-0.858098908815474,0.845174993352751,0.423967317751488
78,"Banteng","BTG",1,"dist_str + ndvi_cv + slope + BB",-0.869958694073887,0.865315510498507,0.418968855201146
79,"Banteng","BTG",1,"dist_str + ndvi_cv + slope + BB",-0.86145186069676,0.86906809428462,0.422548160132782
80,"Banteng","BTG",1,"dist_str + ndvi_cv + slope + BB",-0.886939767098733,0.865938979593184,0.411914379925416
81,"Banteng","BTG",1,"dist_str + ndvi_cv + slope + BB",-0.84697678029368,0.87646027532866,0.42870905764867
82,"Banteng","BTG",1,"dist_str + ndvi_cv + slope + BB",-0.802242567871633,0.898609462733691,0.44832244295407
83,"Banteng","BTG",1,"dist_str + ndvi_cv + slope + BB",-0.790615217311217,0.942427287470845,0.45356567163854
84,"Banteng","BTG",1,"dist_str + ndvi_cv + slope + BB",-0.78250089189758,0.993576831949351,0.457261022552342
85,"Banteng","BTG",1,"dist_str + ndvi_cv + slope + BB",-0.787598450074597,1.08244792065548,0.454936068714684
86,"Banteng","BTG",1,"dist_str + ndvi_cv + slope + BB",-0.418001504707008,1.04684329396629,0.658361237884233
87,"Banteng","BTG",1,"dist_str + ndvi_cv + slope + BB",-0.412222306257359,0.962088343786097,0.662177053894085
88,"Banteng","BTG",1,"dist_str + ndvi_cv + slope + BB",-0.446220956153778,0.944278173676798,0.640042335175751
89,"Banteng","BTG",1,"dist_str + ndvi_cv + slope + BB",-0.506766314485049,0.892907777921103,0.602440557218214
90,"Banteng","BTG",1,"dist_str + ndvi_cv + slope + BB",-0.549482929948095,0.850583122582893,0.577248211079064
91,"Banteng","BTG",1,"dist_str + ndvi_cv + slope + BB",-0.58387391887692,0.858762392530414,0.557733562102533
92,"Banteng","BTG",1,"dist_str + ndvi_cv + slope + BB",-0.641016944432339,0.835060656575931,0.526756470210991
93,"Banteng","BTG",1,"dist_str + ndvi_cv + slope + BB",-0.655106906967885,0.831771582634713,0.519386533640302
94,"Banteng","BTG",1,"dist_str + ndvi_cv + slope + BB",-0.692800146359572,0.83261993332545,0.500173548087383
95,"Banteng","BTG",1,"dist_str + ndvi_cv + slope + BB",-0.704956274662673,0.80753366558923,0.494130187970308
96,"Banteng","BTG",1,"dist_str + ndvi_cv + slope + BB",-0.750052407481629,0.849499871156715,0.472341798596039
97,"Banteng","BTG",1,"dist_str + ndvi_cv + slope + BB",-0.806074912225112,0.785475645433431,0.44660760504046
98,"Banteng","BTG",1,"dist_str + ndvi_cv + slope + BB",-0.837558632519203,0.750858920102575,0.432765775113828
99,"Banteng","BTG",1,"dist_str + ndvi_cv + slope + BB",-0.850037879254594,0.749668754082167,0.427398755745209
100,"Banteng","BTG",1,"dist_str + ndvi_cv + slope + BB",-0.87615660073145,0.750803429852191,0.416380157274129
101,"Banteng","BTG",1,"dist_str + ndvi_cv + slope + BB",-0.922609956729006,0.742066981839557,0.397480295244359
102,"Banteng","BTG",1,"dist_str + ndvi_cv + slope + BB",-0.938824177174683,0.75312438989131,0.39108741624047
103,"Banteng","BTG",1,"dist_str + ndvi_cv + slope + BB",-0.889089641100825,0.751324784253411,0.411029773636755
104,"Banteng","BTG",1,"dist_str + ndvi_cv + slope + BB",-0.844472418886883,0.762669362982567,0.429784044594456
105,"Banteng","BTG",1,"dist_str + ndvi_cv + slope + BB",-0.850371168695894,0.765856848218062,0.427256318638496
106,"Banteng","BTG",1,"dist_str + ndvi_cv + slope + BB",-0.823555387280525,0.805775279507756,0.438868533455934
107,"Banteng","BTG",1,"dist_str + ndvi_cv + slope + BB",-0.805212464754066,0.799404902565678,0.446992946912265
108,"Banteng","BTG",1,"dist_str + ndvi_cv + slope + BB",-0.84145970273277,0.833932193928214,0.43108081581757
109,"Banteng","BTG",1,"dist_str + ndvi_cv + slope + BB",-0.883923626092222,0.862153729234266,0.413158657983161
110,"Banteng","BTG",1,"dist_str + ndvi_cv + slope + BB",-0.859242180240461,0.846442476424465,0.423482885758557
111,"Banteng","BTG",1,"dist_str + ndvi_cv + slope + BB",-0.887786936428294,0.863417817857153,0.411565567426953
112,"Banteng","BTG",1,"dist_str + ndvi_cv + slope + BB",-0.833135649602968,0.872239102626839,0.434684131595715
113,"Banteng","BTG",1,"dist_str + ndvi_cv + slope + BB",-0.824771858710665,0.863955238347685,0.438334984297322
114,"Banteng","BTG",1,"dist_str + ndvi_cv + slope + BB",-0.806826460018953,0.92551901602379,0.446272087457041
115,"Banteng","BTG",1,"dist_str + ndvi_cv + slope + BB",-0.777580570601637,0.956747457020729,0.459516435920398
116,"Banteng","BTG",1,"dist_str + ndvi_cv + slope + BB",-0.786450018417687,1.06968400969187,0.455458810506003
117,"Banteng","BTG",1,"dist_str + ndvi_cv + slope + BB",-0.414137340043653,1.01193652329106,0.66091017631248
118,"Banteng","BTG",1,"dist_str + ndvi_cv + slope + BB",-0.43750479793036,0.904620356764537,0.645645435127642
119,"Banteng","BTG",1,"dist_str + ndvi_cv + slope + BB",-0.430471177599191,0.854699833155606,0.650202667576438
120,"Banteng","BTG",1,"dist_str + ndvi_cv + slope + BB",-0.484148612950437,0.818239587051902,0.61622161675948
121,"Banteng","BTG",1,"dist_str + ndvi_cv + slope + BB",-0.503559643093984,0.789681735077347,0.604375465476296
122,"Banteng","BTG",1,"dist_str + ndvi_cv + slope + BB",-0.544664009359576,0.772997034098861,0.580036637484852
123,"Banteng","BTG",1,"dist_str + ndvi_cv + slope + BB",-0.582432761752426,0.77629411339937,0.558537923512481
124,"Banteng","BTG",1,"dist_str + ndvi_cv + slope + BB",-0.624933828734728,0.796030934321049,0.535296852621608
125,"Banteng","BTG",1,"dist_str + ndvi_cv + slope + BB",-0.670745422016233,0.799710210701187,0.511327281112764
126,"Banteng","BTG",1,"dist_str + ndvi_cv + slope + BB",-0.695791635613189,0.762823857339544,0.498679520276626
127,"Banteng","BTG",1,"dist_str + ndvi_cv + slope + BB",-0.719344389601,0.724030083852274,0.487071480492809
128,"Banteng","BTG",1,"dist_str + ndvi_cv + slope + BB",-0.755832134171161,0.734318733974274,0.469619668216791
129,"Banteng","BTG",1,"dist_str + ndvi_cv + slope + BB",-0.758947549857593,0.704323174404368,0.468158883483053
130,"Banteng","BTG",1,"dist_str + ndvi_cv + slope + BB",-0.811025164753515,0.707760102725746,0.44440224773215
131,"Banteng","BTG",1,"dist_str + ndvi_cv + slope + BB",-0.845839155488344,0.691425204891497,0.429197044819368
132,"Banteng","BTG",1,"dist_str + ndvi_cv + slope + BB",-0.881356311276225,0.719619889856046,0.414220718324822
133,"Banteng","BTG",1,"dist_str + ndvi_cv + slope + BB",-0.944621423801745,0.716895533571438,0.388826743658438
134,"Banteng","BTG",1,"dist_str + ndvi_cv + slope + BB",-0.98792151467024,0.704747199652318,0.372349810945645
135,"Banteng","BTG",1,"dist_str + ndvi_cv + slope + BB",-0.917639761742667,0.740372485490041,0.399460753021721
136,"Banteng","BTG",1,"dist_str + ndvi_cv + slope + BB",-0.854812543946113,0.75235926957103,0.425362921939953
137,"Banteng","BTG",1,"dist_str + ndvi_cv + slope + BB",-0.831998597130033,0.75435579226035,0.435178669767029
138,"Banteng","BTG",1,"dist_str + ndvi_cv + slope + BB",-0.82657951839732,0.769144102666645,0.437543339144437
139,"Banteng","BTG",1,"dist_str + ndvi_cv + slope + BB",-0.82931394034392,0.810572397671131,0.436348545347906
140,"Banteng","BTG",1,"dist_str + ndvi_cv + slope + BB",-0.833790456368343,0.814676889190893,0.434399597049551
141,"Banteng","BTG",1,"dist_str + ndvi_cv + slope + BB",-0.866883641100083,0.842973587511915,0.420259190963049
142,"Banteng","BTG",1,"dist_str + ndvi_cv + slope + BB",-0.89371254764273,0.849564172191185,0.409134000841509
143,"Banteng","BTG",1,"dist_str + ndvi_cv + slope + BB",-0.851362820798408,0.843315958787075,0.426832840638302
144,"Banteng","BTG",1,"dist_str + ndvi_cv + slope + BB",-0.837356508109327,0.848672512500747,0.432853262958993
145,"Banteng","BTG",1,"dist_str + ndvi_cv + slope + BB",-0.826189689923613,0.859130198154811,0.437713938783285
146,"Banteng","BTG",1,"dist_str + ndvi_cv + slope + BB",-0.813043197130515,0.888125313567068,0.443506334298053
147,"Banteng","BTG",1,"dist_str + ndvi_cv + slope + BB",-0.812866869806451,0.94200356776123,0.443584544085904
148,"Banteng","BTG",1,"dist_str + ndvi_cv + slope + BB",-0.810635692143782,1.02189871763253,0.444575363315076
149,"Banteng","BTG",1,"dist_str + ndvi_cv + slope + BB",-0.416105351581795,1.05652102221566,0.659610775880066
150,"Banteng","BTG",1,"dist_str + ndvi_cv + slope + BB",-0.399523808672308,0.945160609219028,0.670639322866393
151,"Banteng","BTG",1,"dist_str + ndvi_cv + slope + BB",-0.413354470287429,0.873295065964356,0.661427784774124
152,"Banteng","BTG",1,"dist_str + ndvi_cv + slope + BB",-0.445967985368999,0.824596384575012,0.64020426856861
153,"Banteng","BTG",1,"dist_str + ndvi_cv + slope + BB",-0.457494815596301,0.794497206871679,0.632867112087329
154,"Banteng","BTG",1,"dist_str + ndvi_cv + slope + BB",-0.513348997296987,0.779794204509467,0.598487885988328
155,"Banteng","BTG",1,"dist_str + ndvi_cv + slope + BB",-0.540944740705555,0.74598764711392,0.582197972937537
156,"Banteng","BTG",1,"dist_str + ndvi_cv + slope + BB",-0.564361400380643,0.748122224104915,0.568723219279676
157,"Banteng","BTG",1,"dist_str + ndvi_cv + slope + BB",-0.618294684981542,0.754241190444426,0.538862584999365
158,"Banteng","BTG",1,"dist_str + ndvi_cv + slope + BB",-0.675144856226478,0.75222920130726,0.509082672743987
159,"Banteng","BTG",1,"dist_str + ndvi_cv + slope + BB",-0.685733900591159,0.738050366460326,0.503720413523181
160,"Banteng","BTG",1,"dist_str + ndvi_cv + slope + BB",-0.716539560960161,0.710203662417303,0.488439551980542
161,"Banteng","BTG",1,"dist_str + ndvi_cv + slope + BB",-0.729438342611799,0.700459164058623,0.482179735681758
162,"Banteng","BTG",1,"dist_str + ndvi_cv + slope + BB",-0.733777070774629,0.690281085193637,0.48009221995183
163,"Banteng","BTG",1,"dist_str + ndvi_cv + slope + BB",-0.779208948651974,0.685988576311007,0.45876878327069
164,"Banteng","BTG",1,"dist_str + ndvi_cv + slope + BB",-0.839066173901901,0.701463699959362,0.432113854290155
165,"Banteng","BTG",1,"dist_str + ndvi_cv + slope + BB",-0.906581335815286,0.698535865800899,0.403902674220037
166,"Banteng","BTG",1,"dist_str + ndvi_cv + slope + BB",-0.955960895674243,0.702211495700716,0.384442557921354
167,"Banteng","BTG",1,"dist_str + ndvi_cv + slope + BB",-0.960400639351936,0.708406372628951,0.382739522125782
168,"Banteng","BTG",1,"dist_str + ndvi_cv + slope + BB",-0.906373033250763,0.731113366580945,0.403986816802953
169,"Banteng","BTG",1,"dist_str + ndvi_cv + slope + BB",-0.878435046606914,0.743909236928776,0.415432535793233
170,"Banteng","BTG",1,"dist_str + ndvi_cv + slope + BB",-0.854898259136044,0.733782658009006,0.425326462070382
171,"Banteng","BTG",1,"dist_str + ndvi_cv + slope + BB",-0.854587257635653,0.763066919939159,0.425458786769708
172,"Banteng","BTG",1,"dist_str + ndvi_cv + slope + BB",-0.859904242396693,0.768201674499753,0.423202606717329
173,"Banteng","BTG",1,"dist_str + ndvi_cv + slope + BB",-0.879254933115498,0.812074336356278,0.41509206786266
174,"Banteng","BTG",1,"dist_str + ndvi_cv + slope + BB",-0.864584638809452,0.813307351780035,0.421226477747507
175,"Banteng","BTG",1,"dist_str + ndvi_cv + slope + BB",-0.899746166039906,0.814837492485284,0.406672874027911
176,"Banteng","BTG",1,"dist_str + ndvi_cv + slope + BB",-0.880400379587513,0.84044172687567,0.41461687504478
177,"Banteng","BTG",1,"dist_str + ndvi_cv + slope + BB",-0.85436676069836,0.839652415893191,0.425552582474783
178,"Banteng","BTG",1,"dist_str + ndvi_cv + slope + BB",-0.821282295413777,0.871179712429375,0.439867253933014
179,"Banteng","BTG",1,"dist_str + ndvi_cv + slope + BB",-0.832428536330994,0.89359748401233,0.434991613481752
180,"Banteng","BTG",1,"dist_str + ndvi_cv + slope + BB",-0.794965052499016,0.953258581347038,0.451597018249459
181,"Banteng","BTG",1,"dist_str + ndvi_cv + slope + BB",-0.821515155319926,1.01348474032141,0.439764837504611
182,"Banteng","BTG",1,"dist_str + ndvi_cv + slope + BB",-0.832763508685173,1.1467556196631,0.434845926424545
183,"Banteng","BTG",1,"dist_str + ndvi_cv + slope + BB",-0.342553434298846,1.21526464452217,0.709955186027736
184,"Banteng","BTG",1,"dist_str + ndvi_cv + slope + BB",-0.39751760291671,1.01285473382977,0.671986218577439
185,"Banteng","BTG",1,"dist_str + ndvi_cv + slope + BB",-0.397153345009603,0.893997078444749,0.672230934531073
186,"Banteng","BTG",1,"dist_str + ndvi_cv + slope + BB",-0.418267411183642,0.85358527946501,0.658186199540948
187,"Banteng","BTG",1,"dist_str + ndvi_cv + slope + BB",-0.426607030886079,0.796152435941242,0.652720000996771
188,"Banteng","BTG",1,"dist_str + ndvi_cv + slope + BB",-0.446118264745471,0.773971038262977,0.640108066568637
189,"Banteng","BTG",1,"dist_str + ndvi_cv + slope + BB",-0.497126619974937,0.756581917046932,0.608275976336388
190,"Banteng","BTG",1,"dist_str + ndvi_cv + slope + BB",-0.555470094547415,0.753440272536692,0.573802457077092
191,"Banteng","BTG",1,"dist_str + ndvi_cv + slope + BB",-0.591239109329301,0.73012123130491,0.553640839944437
192,"Banteng","BTG",1,"dist_str + ndvi_cv + slope + BB",-0.649158583060934,0.731913842527446,0.52248522266105
193,"Banteng","BTG",1,"dist_str + ndvi_cv + slope + BB",-0.639573329334634,0.729087539804014,0.527517452686998
194,"Banteng","BTG",1,"dist_str + ndvi_cv + slope + BB",-0.675436581541008,0.725674704283398,0.508934180944534
195,"Banteng","BTG",1,"dist_str + ndvi_cv + slope + BB",-0.715642358863668,0.708247151561423,0.488877975850975
196,"Banteng","BTG",1,"dist_str + ndvi_cv + slope + BB",-0.739689165285664,0.690043595357114,0.477262242462964
197,"Banteng","BTG",1,"dist_str + ndvi_cv + slope + BB",-0.747625345941499,0.699232264505062,0.473489592780695
198,"Banteng","BTG",1,"dist_str + ndvi_cv + slope + BB",-0.779036683250333,0.694754756488858,0.458847818831252
199,"Banteng","BTG",1,"dist_str + ndvi_cv + slope + BB",-0.820020985017955,0.70502662155234,0.440422417391608
200,"Banteng","BTG",1,"dist_str + ndvi_cv + slope + BB",-0.898728937791667,0.696557935490265,0.40708676581324
201,"Banteng","BTG",1,"dist_str + ndvi_cv + slope + BB",-0.95268944002505,0.715006512480503,0.385702304332414
202,"Banteng","BTG",1,"dist_str + ndvi_cv + slope + BB",-0.947840621448999,0.70883141560259,0.387577048573068
203,"Banteng","BTG",1,"dist_str + ndvi_cv + slope + BB",-0.905459280556296,0.722434771504302,0.404356130550778
204,"Banteng","BTG",1,"dist_str + ndvi_cv + slope + BB",-0.913993413881217,0.735879431728813,0.400920030057548
205,"Banteng","BTG",1,"dist_str + ndvi_cv + slope + BB",-0.892606587908317,0.72531652631401,0.409586736973099
206,"Banteng","BTG",1,"dist_str + ndvi_cv + slope + BB",-0.865112698387337,0.743803025665798,0.421004103493854
207,"Banteng","BTG",1,"dist_str + ndvi_cv + slope + BB",-0.841164997792959,0.777343666464314,0.431207874509649
208,"Banteng","BTG",1,"dist_str + ndvi_cv + slope + BB",-0.900795726274613,0.795361099914283,0.406246271648899
209,"Banteng","BTG",1,"dist_str + ndvi_cv + slope + BB",-0.874485583706184,0.799345028542378,0.417076519302656
210,"Banteng","BTG",1,"dist_str + ndvi_cv + slope + BB",-0.876325569572449,0.826250774512587,0.416309806672837
211,"Banteng","BTG",1,"dist_str + ndvi_cv + slope + BB",-0.880189877509289,0.836371598819825,0.414704161214958
212,"Banteng","BTG",1,"dist_str + ndvi_cv + slope + BB",-0.878433688451477,0.832357699476909,0.415433107949878
213,"Banteng","BTG",1,"dist_str + ndvi_cv + slope + BB",-0.849099243938788,0.877083085082912,0.427800112852119
214,"Banteng","BTG",1,"dist_str + ndvi_cv + slope + BB",-0.867761440500616,0.917660612840778,0.419890455722068
215,"Banteng","BTG",1,"dist_str + ndvi_cv + slope + BB",-0.849354346795739,0.964954731170332,0.427690984909711
216,"Banteng","BTG",1,"dist_str + ndvi_cv + slope + BB",-0.815597241225557,1.01570340951193,0.442375049814539
217,"Banteng","BTG",1,"dist_str + ndvi_cv + slope + BB",-0.832492935913553,1.10324230553343,0.434963597526849
218,"Banteng","BTG",1,"dist_str + ndvi_cv + slope + BB",-0.801970134883727,1.24967014422095,0.448444597151915
219,"Banteng","BTG",1,"dist_str + ndvi_cv + slope + BB",-0.361592021183763,0.978718015561903,0.696566497529454
220,"Banteng","BTG",1,"dist_str + ndvi_cv + slope + BB",-0.414990541833458,0.882755021365087,0.660346528106857
221,"Banteng","BTG",1,"dist_str + ndvi_cv + slope + BB",-0.392590529600898,0.839281174533978,0.675305223787666
222,"Banteng","BTG",1,"dist_str + ndvi_cv + slope + BB",-0.40804100810107,0.807984283624607,0.664951609863435
223,"Banteng","BTG",1,"dist_str + ndvi_cv + slope + BB",-0.463105263053789,0.789563701230529,0.629326384691578
224,"Banteng","BTG",1,"dist_str + ndvi_cv + slope + BB",-0.485992117534892,0.748395061676642,0.615086656468253
225,"Banteng","BTG",1,"dist_str + ndvi_cv + slope + BB",-0.523318444586701,0.73346956195606,0.59255093498824
226,"Banteng","BTG",1,"dist_str + ndvi_cv + slope + BB",-0.587945931542095,0.73158504139793,0.555467081156652
227,"Banteng","BTG",1,"dist_str + ndvi_cv + slope + BB",-0.603632782793456,0.726405341459718,0.546821551187078
228,"Banteng","BTG",1,"dist_str + ndvi_cv + slope + BB",-0.625633567302828,0.723692799999027,0.534922413134619
229,"Banteng","BTG",1,"dist_str + ndvi_cv + slope + BB",-0.674743498057062,0.716306113798711,0.509287040027559
230,"Banteng","BTG",1,"dist_str + ndvi_cv + slope + BB",-0.695214711733419,0.713845016102612,0.498967307752309
231,"Banteng","BTG",1,"dist_str + ndvi_cv + slope + BB",-0.723358766038183,0.713721727367161,0.485120111798276
232,"Banteng","BTG",1,"dist_str + ndvi_cv + slope + BB",-0.765657552775826,0.701587310466291,0.465028051054272
233,"Banteng","BTG",1,"dist_str + ndvi_cv + slope + BB",-0.777033159921647,0.687346570547196,0.459768055801116
234,"Banteng","BTG",1,"dist_str + ndvi_cv + slope + BB",-0.842766752295035,0.69704327982891,0.430517738782961
235,"Banteng","BTG",1,"dist_str + ndvi_cv + slope + BB",-0.898141714055647,0.704090320134394,0.407325888618616
236,"Banteng","BTG",1,"dist_str + ndvi_cv + slope + BB",-0.940457116846881,0.71524027524498,0.390449313607034
237,"Banteng","BTG",1,"dist_str + ndvi_cv + slope + BB",-0.903806394925828,0.714437563998161,0.405025045074068
238,"Banteng","BTG",1,"dist_str + ndvi_cv + slope + BB",-0.905758297030043,0.746273386560548,0.404235238719361
239,"Banteng","BTG",1,"dist_str + ndvi_cv + slope + BB",-0.924278294441898,0.740519843434458,0.39681770173173
240,"Banteng","BTG",1,"dist_str + ndvi_cv + slope + BB",-0.905710584277044,0.745041669900238,0.404254526113803
241,"Banteng","BTG",1,"dist_str + ndvi_cv + slope + BB",-0.894050077045207,0.742378464597922,0.40899592952202
242,"Banteng","BTG",1,"dist_str + ndvi_cv + slope + BB",-0.883094093199708,0.753092410756708,0.413501518146804
243,"Banteng","BTG",1,"dist_str + ndvi_cv + slope + BB",-0.896894879334193,0.765184174766844,0.407834069752307
244,"Banteng","BTG",1,"dist_str + ndvi_cv + slope + BB",-0.898947551821774,0.785178382331729,0.406997778558707
245,"Banteng","BTG",1,"dist_str + ndvi_cv + slope + BB",-0.876229281067747,0.804139087896662,0.416349893932723
246,"Banteng","BTG",1,"dist_str + ndvi_cv + slope + BB",-0.895115761678674,0.837625095367322,0.408560300314658
247,"Banteng","BTG",1,"dist_str + ndvi_cv + slope + BB",-0.886510877052231,0.847870398132825,0.412091086340723
248,"Banteng","BTG",1,"dist_str + ndvi_cv + slope + BB",-0.841306113748316,0.895145439990521,0.431147028615035
249,"Banteng","BTG",1,"dist_str + ndvi_cv + slope + BB",-0.858321097581443,0.929874870867085,0.423873126938245
250,"Banteng","BTG",1,"dist_str + ndvi_cv + slope + BB",-0.863180743700144,0.992264627996248,0.421818250697541
251,"Banteng","BTG",1,"dist_str + ndvi_cv + slope + BB",-0.853529379846124,1.05589837812246,0.425909083852624
252,"Banteng","BTG",1,"dist_str + ndvi_cv + slope + BB",-0.832545763356402,1.11768535771521,0.434940619966623
253,"Banteng","BTG",1,"dist_str + ndvi_cv + slope + BB",-0.846343018658067,1.23963041302118,0.428980860762673
254,"Banteng","BTG",1,"dist_str + ndvi_cv + slope + BB",-0.388011150740936,0.947483011685002,0.678404781791326
255,"Banteng","BTG",1,"dist_str + ndvi_cv + slope + BB",-0.412383729608405,0.874882200864606,0.662070173868095
256,"Banteng","BTG",1,"dist_str + ndvi_cv + slope + BB",-0.438788356135261,0.82872626103616,0.644817237106081
257,"Banteng","BTG",1,"dist_str + ndvi_cv + slope + BB",-0.409297011285477,0.824109632481724,0.664117011144816
258,"Banteng","BTG",1,"dist_str + ndvi_cv + slope + BB",-0.452738361823529,0.776663164017026,0.635884483543352
259,"Banteng","BTG",1,"dist_str + ndvi_cv + slope + BB",-0.503154383922385,0.749702028872951,0.604620453338748
260,"Banteng","BTG",1,"dist_str + ndvi_cv + slope + BB",-0.57174009000577,0.7314735043268,0.564542230220032
261,"Banteng","BTG",1,"dist_str + ndvi_cv + slope + BB",-0.559593801553301,0.727349012655653,0.571441136455716
262,"Banteng","BTG",1,"dist_str + ndvi_cv + slope + BB",-0.609082636461162,0.71450179111185,0.543849548058726
263,"Banteng","BTG",1,"dist_str + ndvi_cv + slope + BB",-0.646391021373993,0.725520337464244,0.523933233154639
264,"Banteng","BTG",1,"dist_str + ndvi_cv + slope + BB",-0.683205585134418,0.714768813080745,0.504995602766834
265,"Banteng","BTG",1,"dist_str + ndvi_cv + slope + BB",-0.709912480619063,0.708401467754726,0.491687228186598
266,"Banteng","BTG",1,"dist_str + ndvi_cv + slope + BB",-0.733234426021186,0.698493179430645,0.480352809334191
267,"Banteng","BTG",1,"dist_str + ndvi_cv + slope + BB",-0.771073160048379,0.701893787029384,0.462516447708975
268,"Banteng","BTG",1,"dist_str + ndvi_cv + slope + BB",-0.777200884981583,0.68734329564776,0.459690940967967
269,"Banteng","BTG",1,"dist_str + ndvi_cv + slope + BB",-0.849422165593552,0.694475940101929,0.427661978438459
270,"Banteng","BTG",1,"dist_str + ndvi_cv + slope + BB",-0.939132497130278,0.697734688226146,0.390966868518179
271,"Banteng","BTG",1,"dist_str + ndvi_cv + slope + BB",-0.95706023291014,0.685709293504444,0.384020159055279
272,"Banteng","BTG",1,"dist_str + ndvi_cv + slope + BB",-0.961679356569421,0.698218797616902,0.382250415385867
273,"Banteng","BTG",1,"dist_str + ndvi_cv + slope + BB",-0.926990237370237,0.723300283349135,0.39574301228147
274,"Banteng","BTG",1,"dist_str + ndvi_cv + slope + BB",-0.930040420905357,0.72728227419904,0.394537762849455
275,"Banteng","BTG",1,"dist_str + ndvi_cv + slope + BB",-0.932371397452568,0.73896564042147,0.393619175931237
276,"Banteng","BTG",1,"dist_str + ndvi_cv + slope + BB",-0.916058853682821,0.730792061143425,0.400092763250772
277,"Banteng","BTG",1,"dist_str + ndvi_cv + slope + BB",-0.89092915809444,0.741113526594006,0.410274365890337
278,"Banteng","BTG",1,"dist_str + ndvi_cv + slope + BB",-0.867927526007256,0.756043291017078,0.419820715806891
279,"Banteng","BTG",1,"dist_str + ndvi_cv + slope + BB",-0.864459764359145,0.787121283589023,0.421279085877334
280,"Banteng","BTG",1,"dist_str + ndvi_cv + slope + BB",-0.880774844754966,0.812933000610251,0.414461664237826
281,"Banteng","BTG",1,"dist_str + ndvi_cv + slope + BB",-0.886898994551174,0.830094454656657,0.411931176700311
282,"Banteng","BTG",1,"dist_str + ndvi_cv + slope + BB",-0.87427227728597,0.882413278917254,0.417165490811821
283,"Banteng","BTG",1,"dist_str + ndvi_cv + slope + BB",-0.897752635770635,0.912823977404674,0.407484397571714
284,"Banteng","BTG",1,"dist_str + ndvi_cv + slope + BB",-0.873502550337013,0.969903771391668,0.417486735193948
285,"Banteng","BTG",1,"dist_str + ndvi_cv + slope + BB",-0.902915432821643,1.03524441416221,0.405386060232192
286,"Banteng","BTG",1,"dist_str + ndvi_cv + slope + BB",-0.879971630304449,1.12911272596381,0.414794679123008
287,"Banteng","BTG",1,"dist_str + ndvi_cv + slope + BB",-0.888280562594695,1.21462262511746,0.411362474525084
288,"Banteng","BTG",1,"dist_str + ndvi_cv + slope + BB",-0.432018697632699,1.07199678062521,0.649197239566412
289,"Banteng","BTG",1,"dist_str + ndvi_cv + slope + BB",-0.436132273764702,0.926234028621258,0.646532210066277
290,"Banteng","BTG",1,"dist_str + ndvi_cv + slope + BB",-0.464117041959509,0.865583572009127,0.62868996939986
291,"Banteng","BTG",1,"dist_str + ndvi_cv + slope + BB",-0.463218965162013,0.818767477318138,0.629254838043768
292,"Banteng","BTG",1,"dist_str + ndvi_cv + slope + BB",-0.456182499868313,0.804635454560173,0.633698178979893
293,"Banteng","BTG",1,"dist_str + ndvi_cv + slope + BB",-0.452373035456291,0.776943195328716,0.636116844458917
294,"Banteng","BTG",1,"dist_str + ndvi_cv + slope + BB",-0.539360805131034,0.752507284091662,0.583120876869283
295,"Banteng","BTG",1,"dist_str + ndvi_cv + slope + BB",-0.563656592895949,0.745899208635413,0.569124200294923
296,"Banteng","BTG",1,"dist_str + ndvi_cv + slope + BB",-0.578346909543284,0.7384744544593,0.560824698906274
297,"Banteng","BTG",1,"dist_str + ndvi_cv + slope + BB",-0.611306894868322,0.722083361677597,0.542641230448418
298,"Banteng","BTG",1,"dist_str + ndvi_cv + slope + BB",-0.653373634821879,0.712888016111827,0.520287553189476
299,"Banteng","BTG",1,"dist_str + ndvi_cv + slope + BB",-0.672733237677424,0.705490610841641,0.510311868820164
300,"Banteng","BTG",1,"dist_str + ndvi_cv + slope + BB",-0.699852279218689,0.702134925103136,0.496658668881363
301,"Banteng","BTG",1,"dist_str + ndvi_cv + slope + BB",-0.711405033459992,0.693183031837832,0.49095390628794
302,"Banteng","BTG",1,"dist_str + ndvi_cv + slope + BB",-0.755448425265504,0.6930135177852,0.469799897521628
303,"Banteng","BTG",1,"dist_str + ndvi_cv + slope + BB",-0.804370981679219,0.686852252655979,0.447369241793131
304,"Banteng","BTG",1,"dist_str + ndvi_cv + slope + BB",-0.846944024381345,0.680635823290103,0.428723100448527
305,"Banteng","BTG",1,"dist_str + ndvi_cv + slope + BB",-0.962990329839638,0.678077713159229,0.381749620190245
306,"Banteng","BTG",1,"dist_str + ndvi_cv + slope + BB",-0.977947509061577,0.70131171384257,0.376082212971688
307,"Banteng","BTG",1,"dist_str + ndvi_cv + slope + BB",-0.994126484701211,0.685715299227732,0.370046549406582
308,"Banteng","BTG",1,"dist_str + ndvi_cv + slope + BB",-0.973724397541947,0.711691666845649,0.377673808066067
309,"Banteng","BTG",1,"dist_str + ndvi_cv + slope + BB",-0.955853348849069,0.712506743659303,0.384483907088749
310,"Banteng","BTG",1,"dist_str + ndvi_cv + slope + BB",-0.939896783420888,0.732013619044185,0.390668159804787
311,"Banteng","BTG",1,"dist_str + ndvi_cv + slope + BB",-0.90711426452148,0.731412534120011,0.403687480085538
312,"Banteng","BTG",1,"dist_str + ndvi_cv + slope + BB",-0.878159855937391,0.727287400102148,0.415546874694315
313,"Banteng","BTG",1,"dist_str + ndvi_cv + slope + BB",-0.848725962896065,0.736566707592656,0.427959821654864
314,"Banteng","BTG",1,"dist_str + ndvi_cv + slope + BB",-0.863453928971903,0.762754124309843,0.421703031755275
315,"Banteng","BTG",1,"dist_str + ndvi_cv + slope + BB",-0.849338447259598,0.806193549496136,0.427697794797397
316,"Banteng","BTG",1,"dist_str + ndvi_cv + slope + BB",-0.879441906642909,0.84134298839587,0.415014464142882
317,"Banteng","BTG",1,"dist_str + ndvi_cv + slope + BB",-0.848765030840776,0.909588564339997,0.427943114125898
318,"Banteng","BTG",1,"dist_str + ndvi_cv + slope + BB",-0.882166364947044,1.01106363549349,0.413885313295435
319,"Banteng","BTG",1,"dist_str + ndvi_cv + slope + BB",-0.911220413191967,1.11546144653697,0.402033297372317
320,"Banteng","BTG",1,"dist_str + ndvi_cv + slope + BB",-0.461057293094879,1.00672218885402,0.630616546390811
321,"Banteng","BTG",1,"dist_str + ndvi_cv + slope + BB",-0.453948115231894,0.883818911444916,0.635115685546577
322,"Banteng","BTG",1,"dist_str + ndvi_cv + slope + BB",-0.502169003309054,0.837765123072525,0.605216518573979
323,"Banteng","BTG",1,"dist_str + ndvi_cv + slope + BB",-0.481696129738113,0.811935445497637,0.617734771501298
324,"Banteng","BTG",1,"dist_str + ndvi_cv + slope + BB",-0.449558055364136,0.77308506042389,0.637910021433756
325,"Banteng","BTG",1,"dist_str + ndvi_cv + slope + BB",-0.488711091766847,0.754632817835794,0.613416524687167
326,"Banteng","BTG",1,"dist_str + ndvi_cv + slope + BB",-0.554938434839638,0.735873108860264,0.574107605336819
327,"Banteng","BTG",1,"dist_str + ndvi_cv + slope + BB",-0.573173530975427,0.735914759765948,0.563733571939053
328,"Banteng","BTG",1,"dist_str + ndvi_cv + slope + BB",-0.591171062607535,0.734538382640837,0.553678512795602
329,"Banteng","BTG",1,"dist_str + ndvi_cv + slope + BB",-0.596735272783153,0.707425810838873,0.55060628622994
330,"Banteng","BTG",1,"dist_str + ndvi_cv + slope + BB",-0.633806439196404,0.713206906600095,0.530568378296952
331,"Banteng","BTG",1,"dist_str + ndvi_cv + slope + BB",-0.678725039672891,0.698147396558689,0.507263320889846
332,"Banteng","BTG",1,"dist_str + ndvi_cv + slope + BB",-0.699203352955229,0.712863856579078,0.496981067614381
333,"Banteng","BTG",1,"dist_str + ndvi_cv + slope + BB",-0.716979594680414,0.688207472794448,0.488224674717259
334,"Banteng","BTG",1,"dist_str + ndvi_cv + slope + BB",-0.730443902238815,0.70235777950127,0.481695118526882
335,"Banteng","BTG",1,"dist_str + ndvi_cv + slope + BB",-0.791647021219249,0.689278619208109,0.453097990432815
336,"Banteng","BTG",1,"dist_str + ndvi_cv + slope + BB",-0.862273352976013,0.676167460557007,0.422201181614933
337,"Banteng","BTG",1,"dist_str + ndvi_cv + slope + BB",-0.97002641948868,0.657078376696612,0.379073023175011
338,"Banteng","BTG",1,"dist_str + ndvi_cv + slope + BB",-1.10240594865513,0.638952714811405,0.332071176295438
339,"Banteng","BTG",1,"dist_str + ndvi_cv + slope + BB",-1.00070315070893,0.688888616860379,0.367620857959313
340,"Banteng","BTG",1,"dist_str + ndvi_cv + slope + BB",-0.966873964132966,0.700018046491755,0.380269921410191
341,"Banteng","BTG",1,"dist_str + ndvi_cv + slope + BB",-0.962572255738254,0.693869809704262,0.381909253625724
342,"Banteng","BTG",1,"dist_str + ndvi_cv + slope + BB",-0.924370761113854,0.71386497577441,0.396781010592533
343,"Banteng","BTG",1,"dist_str + ndvi_cv + slope + BB",-0.892795080363737,0.714414787781898,0.409509540854077
344,"Banteng","BTG",1,"dist_str + ndvi_cv + slope + BB",-0.89826612417049,0.71177556576464,0.407275217440504
345,"Banteng","BTG",1,"dist_str + ndvi_cv + slope + BB",-0.887763519988177,0.740916793554966,0.411575205007159
346,"Banteng","BTG",1,"dist_str + ndvi_cv + slope + BB",-0.862944834735577,0.770479532477273,0.421917772971314
347,"Banteng","BTG",1,"dist_str + ndvi_cv + slope + BB",-0.838060368289344,0.788839895155424,0.432548698700982
348,"Banteng","BTG",1,"dist_str + ndvi_cv + slope + BB",-0.853467661118735,0.865866622319932,0.425935370499189
349,"Banteng","BTG",1,"dist_str + ndvi_cv + slope + BB",-0.49807647562878,0.960708721207326,0.607698459194199
350,"Banteng","BTG",1,"dist_str + ndvi_cv + slope + BB",-0.488474439900892,0.858170047284866,0.613561706378668
351,"Banteng","BTG",1,"dist_str + ndvi_cv + slope + BB",-0.454278739742,0.806904786194414,0.634905735312837
352,"Banteng","BTG",1,"dist_str + ndvi_cv + slope + BB",-0.464521280719374,0.78255530658818,0.628435881321236
353,"Banteng","BTG",1,"dist_str + ndvi_cv + slope + BB",-0.484297754580431,0.777742107821812,0.616129731733298
354,"Banteng","BTG",1,"dist_str + ndvi_cv + slope + BB",-0.490599857179821,0.744227374551702,0.612259016110366
355,"Banteng","BTG",1,"dist_str + ndvi_cv + slope + BB",-0.563907154283252,0.725962192148367,0.568981616433465
356,"Banteng","BTG",1,"dist_str + ndvi_cv + slope + BB",-0.571286328307068,0.731847165160384,0.564798455368827
357,"Banteng","BTG",1,"dist_str + ndvi_cv + slope + BB",-0.578144611969394,0.718826337994655,0.560938161267588
358,"Banteng","BTG",1,"dist_str + ndvi_cv + slope + BB",-0.614682826003715,0.711163761520768,0.540812399776325
359,"Banteng","BTG",1,"dist_str + ndvi_cv + slope + BB",-0.643311121525662,0.707331122872465,0.525549382411206
360,"Banteng","BTG",1,"dist_str + ndvi_cv + slope + BB",-0.64029266449931,0.70830548884326,0.52713812698064
361,"Banteng","BTG",1,"dist_str + ndvi_cv + slope + BB",-0.668887696559925,0.702293066769793,0.512278070459393
362,"Banteng","BTG",1,"dist_str + ndvi_cv + slope + BB",-0.687207155842193,0.703080087687396,0.502978850871577
363,"Banteng","BTG",1,"dist_str + ndvi_cv + slope + BB",-0.758296791245719,0.697134749333578,0.46846363958607
364,"Banteng","BTG",1,"dist_str + ndvi_cv + slope + BB",-0.783874868114789,0.702722634178158,0.456633187245456
365,"Banteng","BTG",1,"dist_str + ndvi_cv + slope + BB",-0.835123893367699,0.686417276408474,0.433820734053021
366,"Banteng","BTG",1,"dist_str + ndvi_cv + slope + BB",-0.920590471862575,0.689501868589762,0.398283796620957
367,"Banteng","BTG",1,"dist_str + ndvi_cv + slope + BB",-0.961926202313857,0.686066799217222,0.382156070233875
368,"Banteng","BTG",1,"dist_str + ndvi_cv + slope + BB",-0.967538372042548,0.671257189912441,0.380017349093182
369,"Banteng","BTG",1,"dist_str + ndvi_cv + slope + BB",-0.959898171088047,0.699926589162162,0.382931878460095
370,"Banteng","BTG",1,"dist_str + ndvi_cv + slope + BB",-0.943922721508949,0.690427493059536,0.389098512667786
371,"Banteng","BTG",1,"dist_str + ndvi_cv + slope + BB",-0.924210113114374,0.689226468726341,0.396844757838968
372,"Banteng","BTG",1,"dist_str + ndvi_cv + slope + BB",-0.92649045918512,0.705595394028014,0.395940845430129
373,"Banteng","BTG",1,"dist_str + ndvi_cv + slope + BB",-0.914734220675287,0.723479927395846,0.400623089353952
374,"Banteng","BTG",1,"dist_str + ndvi_cv + slope + BB",-0.885183766428179,0.739608487737985,0.412638337242083
375,"Banteng","BTG",1,"dist_str + ndvi_cv + slope + BB",-0.860786045967697,0.761362305083777,0.422829588817653
376,"Banteng","BTG",1,"dist_str + ndvi_cv + slope + BB",-0.815687647042011,0.785623823758365,0.442335054410328
377,"Banteng","BTG",1,"dist_str + ndvi_cv + slope + BB",-0.834221954683606,0.920071804847173,0.434212201507789
378,"Banteng","BTG",1,"dist_str + ndvi_cv + slope + BB",-0.526751653272354,0.966137670322516,0.590520077181515
379,"Banteng","BTG",1,"dist_str + ndvi_cv + slope + BB",-0.476863989159637,0.831377867013719,0.620726949570379
380,"Banteng","BTG",1,"dist_str + ndvi_cv + slope + BB",-0.49676317702032,0.800742790038001,0.608497075057207
381,"Banteng","BTG",1,"dist_str + ndvi_cv + slope + BB",-0.462637578260519,0.768742531111193,0.62962077946926
382,"Banteng","BTG",1,"dist_str + ndvi_cv + slope + BB",-0.479547578615699,0.753554853699482,0.619063406584552
383,"Banteng","BTG",1,"dist_str + ndvi_cv + slope + BB",-0.518457677778857,0.757457753420535,0.595438197731778
384,"Banteng","BTG",1,"dist_str + ndvi_cv + slope + BB",-0.549492471750073,0.722753661198429,0.577242703887729
385,"Banteng","BTG",1,"dist_str + ndvi_cv + slope + BB",-0.579097497430395,0.727208151886871,0.560403904419177
386,"Banteng","BTG",1,"dist_str + ndvi_cv + slope + BB",-0.595772035221964,0.715581217788643,0.551136904769665
387,"Banteng","BTG",1,"dist_str + ndvi_cv + slope + BB",-0.602351261575553,0.711181935903736,0.547522752240867
388,"Banteng","BTG",1,"dist_str + ndvi_cv + slope + BB",-0.639094742298157,0.700235997211138,0.527769982103685
389,"Banteng","BTG",1,"dist_str + ndvi_cv + slope + BB",-0.647797576570402,0.702289826063061,0.523196809684662
390,"Banteng","BTG",1,"dist_str + ndvi_cv + slope + BB",-0.659539115764595,0.68864768595508,0.51708960117777
391,"Banteng","BTG",1,"dist_str + ndvi_cv + slope + BB",-0.689086447412305,0.701538740164722,0.502034504487365
392,"Banteng","BTG",1,"dist_str + ndvi_cv + slope + BB",-0.735590099685314,0.707922227169011,0.479222587576695
393,"Banteng","BTG",1,"dist_str + ndvi_cv + slope + BB",-0.785147838133223,0.686936086168634,0.456052274936453
394,"Banteng","BTG",1,"dist_str + ndvi_cv + slope + BB",-0.849590182500347,0.678004034438368,0.427590130025921
395,"Banteng","BTG",1,"dist_str + ndvi_cv + slope + BB",-0.887050608641411,0.69133867620005,0.411868731048022
396,"Banteng","BTG",1,"dist_str + ndvi_cv + slope + BB",-0.910659338926514,0.665162942372384,0.402258916227463
397,"Banteng","BTG",1,"dist_str + ndvi_cv + slope + BB",-0.929007917962776,0.67872123362896,0.39494533545736
398,"Banteng","BTG",1,"dist_str + ndvi_cv + slope + BB",-0.926402136293605,0.678293328896504,0.395975817679508
399,"Banteng","BTG",1,"dist_str + ndvi_cv + slope + BB",-0.93625968712134,0.686484248701259,0.392091643041362
400,"Banteng","BTG",1,"dist_str + ndvi_cv + slope + BB",-0.942538025220636,0.678540867815991,0.389637669877465
401,"Banteng","BTG",1,"dist_str + ndvi_cv + slope + BB",-0.90954960600548,0.671206305290161,0.402705559688992
402,"Banteng","BTG",1,"dist_str + ndvi_cv + slope + BB",-0.877187606229566,0.690400445446732,0.415951086581168
403,"Banteng","BTG",1,"dist_str + ndvi_cv + slope + BB",-0.849801708785652,0.715162879841505,0.42749970204178
404,"Banteng","BTG",1,"dist_str + ndvi_cv + slope + BB",-0.826736957804128,0.738232375615583,0.437474457574282
405,"Banteng","BTG",1,"dist_str + ndvi_cv + slope + BB",-0.813628551170623,0.797645312631811,0.443246801525724
406,"Banteng","BTG",1,"dist_str + ndvi_cv + slope + BB",-0.764849555999599,0.917880151796829,0.465403942943835
407,"Banteng","BTG",1,"dist_str + ndvi_cv + slope + BB",-0.515488367765066,1.02280739625402,0.597208881210143
408,"Banteng","BTG",1,"dist_str + ndvi_cv + slope + BB",-0.482901210924705,0.854102858858208,0.61699077240176
409,"Banteng","BTG",1,"dist_str + ndvi_cv + slope + BB",-0.485222906839386,0.802821672724675,0.615559975134031
410,"Banteng","BTG",1,"dist_str + ndvi_cv + slope + BB",-0.499131078770554,0.765392441068522,0.607057917649193
411,"Banteng","BTG",1,"dist_str + ndvi_cv + slope + BB",-0.508018957111753,0.756357770096451,0.60168636899459
412,"Banteng","BTG",1,"dist_str + ndvi_cv + slope + BB",-0.529943093391583,0.729373438742254,0.588638467766518
413,"Banteng","BTG",1,"dist_str + ndvi_cv + slope + BB",-0.555857247784553,0.731289236213835,0.573580350472874
414,"Banteng","BTG",1,"dist_str + ndvi_cv + slope + BB",-0.541189203093292,0.722654925254541,0.582055658316528
415,"Banteng","BTG",1,"dist_str + ndvi_cv + slope + BB",-0.581129393049147,0.700472602285465,0.559266379504552
416,"Banteng","BTG",1,"dist_str + ndvi_cv + slope + BB",-0.598718494318282,0.694349228483213,0.549515411122391
417,"Banteng","BTG",1,"dist_str + ndvi_cv + slope + BB",-0.607210736607457,0.699798793189505,0.544868541361652
418,"Banteng","BTG",1,"dist_str + ndvi_cv + slope + BB",-0.605795106980601,0.700126137967266,0.545640413170111
419,"Banteng","BTG",1,"dist_str + ndvi_cv + slope + BB",-0.640568923780041,0.706084461725692,0.526992520323821
420,"Banteng","BTG",1,"dist_str + ndvi_cv + slope + BB",-0.686835503439194,0.683915430496061,0.503165823185668
421,"Banteng","BTG",1,"dist_str + ndvi_cv + slope + BB",-0.726479122323406,0.693508888708627,0.483608727441586
422,"Banteng","BTG",1,"dist_str + ndvi_cv + slope + BB",-0.772246058167034,0.673575034334485,0.46197428122699
423,"Banteng","BTG",1,"dist_str + ndvi_cv + slope + BB",-0.819064343098699,0.681427113335671,0.440843941531161
424,"Banteng","BTG",1,"dist_str + ndvi_cv + slope + BB",-0.871704347635337,0.682487041020676,0.418238141381113
425,"Banteng","BTG",1,"dist_str + ndvi_cv + slope + BB",-0.925940761327817,0.66193495289514,0.396158553069984
426,"Banteng","BTG",1,"dist_str + ndvi_cv + slope + BB",-0.929317283004145,0.667851408949114,0.394823170941095
427,"Banteng","BTG",1,"dist_str + ndvi_cv + slope + BB",-0.91727950636107,0.665281250477484,0.399604686030154
428,"Banteng","BTG",1,"dist_str + ndvi_cv + slope + BB",-0.935765838098799,0.665615604937132,0.392285323954249
429,"Banteng","BTG",1,"dist_str + ndvi_cv + slope + BB",-0.934487935105202,0.655224892011647,0.392786946468718
430,"Banteng","BTG",1,"dist_str + ndvi_cv + slope + BB",-0.909805462428521,0.659566331029107,0.402602537783423
431,"Banteng","BTG",1,"dist_str + ndvi_cv + slope + BB",-0.873219088717855,0.679320864400953,0.417605076034659
432,"Banteng","BTG",1,"dist_str + ndvi_cv + slope + BB",-0.821820896207216,0.709409887712091,0.439630405523376
433,"Banteng","BTG",1,"dist_str + ndvi_cv + slope + BB",-0.800696574599974,0.731294004940786,0.449016086660989
434,"Banteng","BTG",1,"dist_str + ndvi_cv + slope + BB",-0.763995036459087,0.80439847150161,0.465801810350125
435,"Banteng","BTG",1,"dist_str + ndvi_cv + slope + BB",-0.727610798154014,0.911127665076925,0.483061746448666
436,"Banteng","BTG",1,"dist_str + ndvi_cv + slope + BB",-0.48982918382117,0.867555607261491,0.612731051494197
437,"Banteng","BTG",1,"dist_str + ndvi_cv + slope + BB",-0.513198034527889,0.807985946580881,0.59857824082653
438,"Banteng","BTG",1,"dist_str + ndvi_cv + slope + BB",-0.486767896545008,0.767225791150469,0.614609675286167
439,"Banteng","BTG",1,"dist_str + ndvi_cv + slope + BB",-0.518774251279379,0.741487413442942,0.595249729927079
440,"Banteng","BTG",1,"dist_str + ndvi_cv + slope + BB",-0.55861975836561,0.725505418036642,0.571998015737524
441,"Banteng","BTG",1,"dist_str + ndvi_cv + slope + BB",-0.51151672416093,0.70707493115618,0.599585483075552
442,"Banteng","BTG",1,"dist_str + ndvi_cv + slope + BB",-0.55766333415579,0.725194962069201,0.572545349234321
443,"Banteng","BTG",1,"dist_str + ndvi_cv + slope + BB",-0.563599463796863,0.71715794863894,0.569156715825996
444,"Banteng","BTG",1,"dist_str + ndvi_cv + slope + BB",-0.586652229248638,0.69319627856489,0.556186155801394
445,"Banteng","BTG",1,"dist_str + ndvi_cv + slope + BB",-0.579676176992529,0.686383354610975,0.560079703916793
446,"Banteng","BTG",1,"dist_str + ndvi_cv + slope + BB",-0.614628813763222,0.712032047397929,0.540841613768489
447,"Banteng","BTG",1,"dist_str + ndvi_cv + slope + BB",-0.641703985970181,0.684788757395063,0.52639469098418
448,"Banteng","BTG",1,"dist_str + ndvi_cv + slope + BB",-0.685131891776639,0.691459433989066,0.504023748721022
449,"Banteng","BTG",1,"dist_str + ndvi_cv + slope + BB",-0.729048043355045,0.683896672985159,0.482367964984558
450,"Banteng","BTG",1,"dist_str + ndvi_cv + slope + BB",-0.799824629741271,0.685348815310633,0.44940777020377
451,"Banteng","BTG",1,"dist_str + ndvi_cv + slope + BB",-0.857366356120361,0.660623775953149,0.424278009527041
452,"Banteng","BTG",1,"dist_str + ndvi_cv + slope + BB",-0.903185275779209,0.660408960415534,0.405276685111589
453,"Banteng","BTG",1,"dist_str + ndvi_cv + slope + BB",-0.921926282746683,0.672854780034129,0.397752120646945
454,"Banteng","BTG",1,"dist_str + ndvi_cv + slope + BB",-0.938818523597572,0.634892986463549,0.391089626698181
455,"Banteng","BTG",1,"dist_str + ndvi_cv + slope + BB",-0.899128853033144,0.651158574443793,0.406923997302402
456,"Banteng","BTG",1,"dist_str + ndvi_cv + slope + BB",-0.902470268887568,0.635653099646282,0.405566562835982
457,"Banteng","BTG",1,"dist_str + ndvi_cv + slope + BB",-0.884374850332774,0.655221782890711,0.412972267214557
458,"Banteng","BTG",1,"dist_str + ndvi_cv + slope + BB",-0.838769458634138,0.657327973848947,0.432242088095075
459,"Banteng","BTG",1,"dist_str + ndvi_cv + slope + BB",-0.836204516963617,0.672544158157635,0.433352187028934
460,"Banteng","BTG",1,"dist_str + ndvi_cv + slope + BB",-0.794869466063925,0.692109116586927,0.451640199037318
461,"Banteng","BTG",1,"dist_str + ndvi_cv + slope + BB",-0.750800939921039,0.747812608909913,0.471988368680573
462,"Banteng","BTG",1,"dist_str + ndvi_cv + slope + BB",-0.715549416773967,0.780321214259733,0.488923419925909
463,"Banteng","BTG",1,"dist_str + ndvi_cv + slope + BB",-0.710452099257372,0.922144702963048,0.491421976079001
464,"Banteng","BTG",1,"dist_str + ndvi_cv + slope + BB",-0.529796098642301,0.982170932947744,0.588725005447368
465,"Banteng","BTG",1,"dist_str + ndvi_cv + slope + BB",-0.518698071122459,0.888910462274536,0.595295076068368
466,"Banteng","BTG",1,"dist_str + ndvi_cv + slope + BB",-0.518312015900048,0.823442228066596,0.595524936673891
467,"Banteng","BTG",1,"dist_str + ndvi_cv + slope + BB",-0.460620167753284,0.779440391099568,0.630892265329897
468,"Banteng","BTG",1,"dist_str + ndvi_cv + slope + BB",-0.508148554530619,0.744927355168974,0.601608393871349
469,"Banteng","BTG",1,"dist_str + ndvi_cv + slope + BB",-0.523254699668004,0.731093893741726,0.592588708296899
470,"Banteng","BTG",1,"dist_str + ndvi_cv + slope + BB",-0.539826188968655,0.704015996062113,0.582849552307829
471,"Banteng","BTG",1,"dist_str + ndvi_cv + slope + BB",-0.538176692618689,0.701980311956212,0.583811756272685
472,"Banteng","BTG",1,"dist_str + ndvi_cv + slope + BB",-0.542303307380909,0.691756151030479,0.581407550000353
473,"Banteng","BTG",1,"dist_str + ndvi_cv + slope + BB",-0.56056798844784,0.692411071574881,0.570884716074471
474,"Banteng","BTG",1,"dist_str + ndvi_cv + slope + BB",-0.591436500124349,0.687039106753947,0.553531565183593
475,"Banteng","BTG",1,"dist_str + ndvi_cv + slope + BB",-0.630021667873164,0.704517027519796,0.532580261316079
476,"Banteng","BTG",1,"dist_str + ndvi_cv + slope + BB",-0.641288687140637,0.675640548687106,0.526613346771482
477,"Banteng","BTG",1,"dist_str + ndvi_cv + slope + BB",-0.683110165623069,0.681457514642219,0.505043777371148
478,"Banteng","BTG",1,"dist_str + ndvi_cv + slope + BB",-0.739067212761365,0.686242166260534,0.477559169127174
479,"Banteng","BTG",1,"dist_str + ndvi_cv + slope + BB",-0.802239000718586,0.665220298923009,0.448324041680824
480,"Banteng","BTG",1,"dist_str + ndvi_cv + slope + BB",-0.895029873087837,0.67060245294304,0.408595394285233
481,"Banteng","BTG",1,"dist_str + ndvi_cv + slope + BB",-0.942170420202834,0.631957739973449,0.389780928355107
482,"Banteng","BTG",1,"dist_str + ndvi_cv + slope + BB",-0.959100569207812,0.63653768610762,0.383237426586072
483,"Banteng","BTG",1,"dist_str + ndvi_cv + slope + BB",-0.905939795262582,0.638406050330165,0.404161877876407
484,"Banteng","BTG",1,"dist_str + ndvi_cv + slope + BB",-0.860450589236452,0.651777460017657,0.422971454355843
485,"Banteng","BTG",1,"dist_str + ndvi_cv + slope + BB",-0.85713792818155,0.632435957932056,0.424374937553823
486,"Banteng","BTG",1,"dist_str + ndvi_cv + slope + BB",-0.815781981814533,0.655799394728824,0.442293326766756
487,"Banteng","BTG",1,"dist_str + ndvi_cv + slope + BB",-0.815142868318269,0.655028609073455,0.442576094011186
488,"Banteng","BTG",1,"dist_str + ndvi_cv + slope + BB",-0.824221922577889,0.664812318782787,0.438576105913059
489,"Banteng","BTG",1,"dist_str + ndvi_cv + slope + BB",-0.762945850087238,0.680706630647235,0.466290779343203
490,"Banteng","BTG",1,"dist_str + ndvi_cv + slope + BB",-0.704785234494642,0.738799625599298,0.494214703288381
491,"Banteng","BTG",1,"dist_str + ndvi_cv + slope + BB",-0.674533834084289,0.786340928040762,0.509393828586791
492,"Banteng","BTG",1,"dist_str + ndvi_cv + slope + BB",-0.674888431626549,0.905177649022887,0.509213234869878
493,"Banteng","BTG",1,"dist_str + ndvi_cv + slope + BB",-0.560620467858357,1.11973196699413,0.570854760624288
494,"Banteng","BTG",1,"dist_str + ndvi_cv + slope + BB",-0.544324457713191,0.950780616963359,0.580233623728034
495,"Banteng","BTG",1,"dist_str + ndvi_cv + slope + BB",-0.529346181845081,0.885593689755454,0.588989936129997
496,"Banteng","BTG",1,"dist_str + ndvi_cv + slope + BB",-0.514395090473126,0.825881591874531,0.597862153251861
497,"Banteng","BTG",1,"dist_str + ndvi_cv + slope + BB",-0.488856727288097,0.774862641595579,0.613327195438571
498,"Banteng","BTG",1,"dist_str + ndvi_cv + slope + BB",-0.4852924637524,0.763746353422726,0.615517154149756
499,"Banteng","BTG",1,"dist_str + ndvi_cv + slope + BB",-0.482032788893914,0.734189546515414,0.617526814409129
500,"Banteng","BTG",1,"dist_str + ndvi_cv + slope + BB",-0.521470634580262,0.708078367385792,0.593646868332944
501,"Banteng","BTG",1,"dist_str + ndvi_cv + slope + BB",-0.527510490744581,0.697212262663358,0.590072133428004
502,"Banteng","BTG",1,"dist_str + ndvi_cv + slope + BB",-0.546752818035094,0.692796932409755,0.578826316954287
503,"Banteng","BTG",1,"dist_str + ndvi_cv + slope + BB",-0.561676268780355,0.689011813457927,0.570252366167821
504,"Banteng","BTG",1,"dist_str + ndvi_cv + slope + BB",-0.599122008012354,0.694498276637518,0.549293713648835
505,"Banteng","BTG",1,"dist_str + ndvi_cv + slope + BB",-0.615205829149159,0.678314210758343,0.540529627277458
506,"Banteng","BTG",1,"dist_str + ndvi_cv + slope + BB",-0.662505155433468,0.679574500743563,0.515558162726478
507,"Banteng","BTG",1,"dist_str + ndvi_cv + slope + BB",-0.684017535081367,0.681205987984752,0.504585725559664
508,"Banteng","BTG",1,"dist_str + ndvi_cv + slope + BB",-0.740975571367302,0.676858839924341,0.476648683904743
509,"Banteng","BTG",1,"dist_str + ndvi_cv + slope + BB",-0.814938096825763,0.658467539290014,0.44266673078759
510,"Banteng","BTG",1,"dist_str + ndvi_cv + slope + BB",-0.888420937511226,0.645082793438801,0.411304717622924
511,"Banteng","BTG",1,"dist_str + ndvi_cv + slope + BB",-1.03244465166716,0.594833600993559,0.356135269083266
512,"Banteng","BTG",1,"dist_str + ndvi_cv + slope + BB",-0.942841874522681,0.612519210452732,0.38951929707787
513,"Banteng","BTG",1,"dist_str + ndvi_cv + slope + BB",-0.884992146782948,0.633465854090862,0.412717414433881
514,"Banteng","BTG",1,"dist_str + ndvi_cv + slope + BB",-0.834326056117717,0.63606208806725,0.434166988093029
515,"Banteng","BTG",1,"dist_str + ndvi_cv + slope + BB",-0.798925145130832,0.62881884042466,0.449812192183041
516,"Banteng","BTG",1,"dist_str + ndvi_cv + slope + BB",-0.790880533045488,0.653109740936515,0.453445346093563
517,"Banteng","BTG",1,"dist_str + ndvi_cv + slope + BB",-0.790703449885764,0.661289126371329,0.453525650477566
518,"Banteng","BTG",1,"dist_str + ndvi_cv + slope + BB",-0.789775731460666,0.658675654234395,0.453946590904876
519,"Banteng","BTG",1,"dist_str + ndvi_cv + slope + BB",-0.739176198202904,0.686517369493728,0.477507124832158
520,"Banteng","BTG",1,"dist_str + ndvi_cv + slope + BB",-0.640910691674712,0.735915606466899,0.526812449218463
521,"Banteng","BTG",1,"dist_str + ndvi_cv + slope + BB",-0.605137497158867,0.792977708966601,0.545999358134571
522,"Banteng","BTG",1,"dist_str + ndvi_cv + slope + BB",-0.616650014495153,0.894309876961586,0.539749565721762
523,"Banteng","BTG",1,"dist_str + ndvi_cv + slope + BB",-0.510947581346158,1.05557410409161,0.599926831685413
524,"Banteng","BTG",1,"dist_str + ndvi_cv + slope + BB",-0.492888415313544,0.947431954324867,0.610859427971375
525,"Banteng","BTG",1,"dist_str + ndvi_cv + slope + BB",-0.512356033486463,0.877670410805165,0.599082558010225
526,"Banteng","BTG",1,"dist_str + ndvi_cv + slope + BB",-0.488340228554006,0.813057224974432,0.613644063137065
527,"Banteng","BTG",1,"dist_str + ndvi_cv + slope + BB",-0.509870163669446,0.777505527527097,0.600573556593627
528,"Banteng","BTG",1,"dist_str + ndvi_cv + slope + BB",-0.486439577619012,0.76860494291117,0.614811491405927
529,"Banteng","BTG",1,"dist_str + ndvi_cv + slope + BB",-0.500707274869571,0.73793075880663,0.60610182781076
530,"Banteng","BTG",1,"dist_str + ndvi_cv + slope + BB",-0.498940015623209,0.69637140411809,0.607173914121393
531,"Banteng","BTG",1,"dist_str + ndvi_cv + slope + BB",-0.535105685104115,0.690018145345527,0.58560739703845
532,"Banteng","BTG",1,"dist_str + ndvi_cv + slope + BB",-0.545804236212036,0.695787329169152,0.579375641141363
533,"Banteng","BTG",1,"dist_str + ndvi_cv + slope + BB",-0.558019745868452,0.691796407706367,0.572341324111671
534,"Banteng","BTG",1,"dist_str + ndvi_cv + slope + BB",-0.575711723225016,0.683428517211966,0.562304521185001
535,"Banteng","BTG",1,"dist_str + ndvi_cv + slope + BB",-0.590881273184958,0.6950375885526,0.553838986160779
536,"Banteng","BTG",1,"dist_str + ndvi_cv + slope + BB",-0.661748076801875,0.677323276936626,0.51594862909519
537,"Banteng","BTG",1,"dist_str + ndvi_cv + slope + BB",-0.678627444714369,0.658167069756948,0.507312829631008
538,"Banteng","BTG",1,"dist_str + ndvi_cv + slope + BB",-0.742506732443682,0.663054220108116,0.47591941650304
539,"Banteng","BTG",1,"dist_str + ndvi_cv + slope + BB",-0.779473174990782,0.660802371608,0.458647577898472
540,"Banteng","BTG",1,"dist_str + ndvi_cv + slope + BB",-0.833344836309455,0.65311603911226,0.434593210957779
541,"Banteng","BTG",1,"dist_str + ndvi_cv + slope + BB",-0.870823173747939,0.638541456254315,0.41860682692996
542,"Banteng","BTG",1,"dist_str + ndvi_cv + slope + BB",-0.844837675822465,0.623464237564085,0.429627092322765
543,"Banteng","BTG",1,"dist_str + ndvi_cv + slope + BB",-0.835918015815733,0.623061192251099,0.433476360593542
544,"Banteng","BTG",1,"dist_str + ndvi_cv + slope + BB",-0.803426068839927,0.634500928295798,0.447792167731843
545,"Banteng","BTG",1,"dist_str + ndvi_cv + slope + BB",-0.76702957344022,0.645865261060698,0.464390459367516
546,"Banteng","BTG",1,"dist_str + ndvi_cv + slope + BB",-0.73021973287214,0.656341347234277,0.48180311158413
547,"Banteng","BTG",1,"dist_str + ndvi_cv + slope + BB",-0.726316659226283,0.675021776912381,0.48368729846163
548,"Banteng","BTG",1,"dist_str + ndvi_cv + slope + BB",-0.687913949700225,0.681532768019514,0.502623474865628
549,"Banteng","BTG",1,"dist_str + ndvi_cv + slope + BB",-0.657160140374951,0.697608952706726,0.518321206099767
550,"Banteng","BTG",1,"dist_str + ndvi_cv + slope + BB",-0.572157140077344,0.717322822551675,0.564306836335644
551,"Banteng","BTG",1,"dist_str + ndvi_cv + slope + BB",-0.518388662528186,0.752428965902244,0.59547929357581
552,"Banteng","BTG",1,"dist_str + ndvi_cv + slope + BB",-0.520325617154697,0.892054307665753,0.594326993407669
553,"Banteng","BTG",1,"dist_str + ndvi_cv + slope + BB",-0.504218317877835,1.07578620542852,0.603977539237134
554,"Banteng","BTG",1,"dist_str + ndvi_cv + slope + BB",-0.487240689726173,0.93105614687993,0.614319154930668
555,"Banteng","BTG",1,"dist_str + ndvi_cv + slope + BB",-0.47561985325674,0.868775379143059,0.621499698634126
556,"Banteng","BTG",1,"dist_str + ndvi_cv + slope + BB",-0.467597157789254,0.80530601076989,0.626505859640525
557,"Banteng","BTG",1,"dist_str + ndvi_cv + slope + BB",-0.462063859633478,0.775060849599253,0.629982109619296
558,"Banteng","BTG",1,"dist_str + ndvi_cv + slope + BB",-0.457146235676611,0.771885813711515,0.633087756742207
559,"Banteng","BTG",1,"dist_str + ndvi_cv + slope + BB",-0.494055659281372,0.721791789021541,0.610146821816301
560,"Banteng","BTG",1,"dist_str + ndvi_cv + slope + BB",-0.505981152442993,0.704380534800452,0.602913734872342
561,"Banteng","BTG",1,"dist_str + ndvi_cv + slope + BB",-0.530373759592408,0.703414338491832,0.588385019269423
562,"Banteng","BTG",1,"dist_str + ndvi_cv + slope + BB",-0.52840584264811,0.698398010599175,0.589544048445475
563,"Banteng","BTG",1,"dist_str + ndvi_cv + slope + BB",-0.54199547357092,0.694180602161062,0.581586553278871
564,"Banteng","BTG",1,"dist_str + ndvi_cv + slope + BB",-0.541487238616156,0.65573199875011,0.581882211141568
565,"Banteng","BTG",1,"dist_str + ndvi_cv + slope + BB",-0.554919669104257,0.677161197920883,0.574118381576723
566,"Banteng","BTG",1,"dist_str + ndvi_cv + slope + BB",-0.629503350213953,0.661441644178959,0.532856378845543
567,"Banteng","BTG",1,"dist_str + ndvi_cv + slope + BB",-0.646886054929551,0.667800681383307,0.523673932313011
568,"Banteng","BTG",1,"dist_str + ndvi_cv + slope + BB",-0.683164318416669,0.664985595843629,0.505016432720079
569,"Banteng","BTG",1,"dist_str + ndvi_cv + slope + BB",-0.721360885151681,0.667536536500658,0.48609030300912
570,"Banteng","BTG",1,"dist_str + ndvi_cv + slope + BB",-0.770288819671222,0.656520766181355,0.462879361096756
571,"Banteng","BTG",1,"dist_str + ndvi_cv + slope + BB",-0.790881688757683,0.656362683944779,0.453444822011007
572,"Banteng","BTG",1,"dist_str + ndvi_cv + slope + BB",-0.776169578879782,0.645442496772808,0.460165274371386
573,"Banteng","BTG",1,"dist_str + ndvi_cv + slope + BB",-0.772072998677822,0.635065289971137,0.462054237433293
574,"Banteng","BTG",1,"dist_str + ndvi_cv + slope + BB",-0.738725316254053,0.645644158979686,0.477722473693146
575,"Banteng","BTG",1,"dist_str + ndvi_cv + slope + BB",-0.735524281925399,0.651213803760442,0.479254130397171
576,"Banteng","BTG",1,"dist_str + ndvi_cv + slope + BB",-0.666339662340045,0.655947287646819,0.51358503755705
577,"Banteng","BTG",1,"dist_str + ndvi_cv + slope + BB",-0.651147543611396,0.665976525566353,0.521447051892249
578,"Banteng","BTG",1,"dist_str + ndvi_cv + slope + BB",-0.594440310119548,0.692710763965744,0.551871356262902
579,"Banteng","BTG",1,"dist_str + ndvi_cv + slope + BB",-0.566918815887364,0.699726633663489,0.567270614022852
580,"Banteng","BTG",1,"dist_str + ndvi_cv + slope + BB",-0.537538736467789,0.715413170190924,0.584184316018186
581,"Banteng","BTG",1,"dist_str + ndvi_cv + slope + BB",-0.490028091679768,0.738068340193116,0.612609185386789
582,"Banteng","BTG",1,"dist_str + ndvi_cv + slope + BB",-0.468092047119178,0.823636342244615,0.626195881484125
583,"Banteng","BTG",1,"dist_str + ndvi_cv + slope + BB",-0.500524642398802,0.980756488230534,0.606212542299954
584,"Banteng","BTG",1,"dist_str + ndvi_cv + slope + BB",-0.469757570725284,0.906891184304632,0.625153838034161
585,"Banteng","BTG",1,"dist_str + ndvi_cv + slope + BB",-0.455409851588175,0.82746669721121,0.634187995445394
586,"Banteng","BTG",1,"dist_str + ndvi_cv + slope + BB",-0.455318187979003,0.793868195408332,0.634246130175497
587,"Banteng","BTG",1,"dist_str + ndvi_cv + slope + BB",-0.4757268434839,0.770637914544354,0.621433220017105
588,"Banteng","BTG",1,"dist_str + ndvi_cv + slope + BB",-0.448763054730966,0.743015575090724,0.638417352351701
589,"Banteng","BTG",1,"dist_str + ndvi_cv + slope + BB",-0.485681975149572,0.712012268454992,0.615277449746724
590,"Banteng","BTG",1,"dist_str + ndvi_cv + slope + BB",-0.488687535905503,0.70071119603818,0.613430972577391
591,"Banteng","BTG",1,"dist_str + ndvi_cv + slope + BB",-0.509391416679389,0.701763982379385,0.600861141700243
592,"Banteng","BTG",1,"dist_str + ndvi_cv + slope + BB",-0.499895809026599,0.702472552877303,0.606593858659257
593,"Banteng","BTG",1,"dist_str + ndvi_cv + slope + BB",-0.527790821300961,0.678018796094229,0.589906744054077
594,"Banteng","BTG",1,"dist_str + ndvi_cv + slope + BB",-0.556930701940047,0.674107115769582,0.572964971993577
595,"Banteng","BTG",1,"dist_str + ndvi_cv + slope + BB",-0.584742450273292,0.681049408132985,0.55724937251192
596,"Banteng","BTG",1,"dist_str + ndvi_cv + slope + BB",-0.622289770366586,0.667574199640424,0.536714079473868
597,"Banteng","BTG",1,"dist_str + ndvi_cv + slope + BB",-0.654020945652983,0.672146681394896,0.519950874032941
598,"Banteng","BTG",1,"dist_str + ndvi_cv + slope + BB",-0.663819044857371,0.665489841735354,0.51488122203118
599,"Banteng","BTG",1,"dist_str + ndvi_cv + slope + BB",-0.68794390735902,0.658757992568528,0.502608416997987
600,"Banteng","BTG",1,"dist_str + ndvi_cv + slope + BB",-0.727449607213756,0.664233685265033,0.48313963372575
601,"Banteng","BTG",1,"dist_str + ndvi_cv + slope + BB",-0.730220729512156,0.648070622303925,0.481802630304739
602,"Banteng","BTG",1,"dist_str + ndvi_cv + slope + BB",-0.69687230577187,0.641526340046434,0.498140904794065
603,"Banteng","BTG",1,"dist_str + ndvi_cv + slope + BB",-0.678522403522513,0.652220725465173,0.507366121208495
604,"Banteng","BTG",1,"dist_str + ndvi_cv + slope + BB",-0.660826709499178,0.66881755041261,0.516424227859594
605,"Banteng","BTG",1,"dist_str + ndvi_cv + slope + BB",-0.62371936980315,0.671162877254481,0.535947339573117
606,"Banteng","BTG",1,"dist_str + ndvi_cv + slope + BB",-0.591868324698951,0.670204831606861,0.553292593544669
607,"Banteng","BTG",1,"dist_str + ndvi_cv + slope + BB",-0.52578343932903,0.683418551080435,0.591092099470797
608,"Banteng","BTG",1,"dist_str + ndvi_cv + slope + BB",-0.526784071504969,0.706059616457578,0.590500931481092
609,"Banteng","BTG",1,"dist_str + ndvi_cv + slope + BB",-0.48277641887011,0.717516787907474,0.617067776886974
610,"Banteng","BTG",1,"dist_str + ndvi_cv + slope + BB",-0.441865738992487,0.74451461337753,0.64283593772517
611,"Banteng","BTG",1,"dist_str + ndvi_cv + slope + BB",-0.399719041874591,0.809397621189932,0.670508405433486
612,"Banteng","BTG",1,"dist_str + ndvi_cv + slope + BB",-0.334112206586682,0.878488868800658,0.715973442456845
613,"Banteng","BTG",1,"dist_str + ndvi_cv + slope + BB",-0.273853366074029,0.950642684998151,0.760443596352484
614,"Banteng","BTG",1,"dist_str + ndvi_cv + slope + BB",-0.192719058998462,0.949170477327231,0.824713638456494
615,"Banteng","BTG",1,"dist_str + ndvi_cv + slope + BB",-0.157165405664059,0.968611576673901,0.854562697726867
616,"Banteng","BTG",1,"dist_str + ndvi_cv + slope + BB",-0.194249324219367,1.04210190428692,0.823452576802955
617,"Banteng","BTG",1,"dist_str + ndvi_cv + slope + BB",-0.487225120043026,0.926888606761314,0.614328721657702
618,"Banteng","BTG",1,"dist_str + ndvi_cv + slope + BB",-0.497826476581642,0.850707877713734,0.607850402681708
619,"Banteng","BTG",1,"dist_str + ndvi_cv + slope + BB",-0.485177275959331,0.792400230591082,0.615588060752802
620,"Banteng","BTG",1,"dist_str + ndvi_cv + slope + BB",-0.460843492672036,0.765228199057281,0.630751388005352
621,"Banteng","BTG",1,"dist_str + ndvi_cv + slope + BB",-0.445515552019533,0.750163007762924,0.64049398317101
622,"Banteng","BTG",1,"dist_str + ndvi_cv + slope + BB",-0.424591222073674,0.723325868689556,0.654037090593607
623,"Banteng","BTG",1,"dist_str + ndvi_cv + slope + BB",-0.433404899453768,0.705361480834498,0.64829798767391
624,"Banteng","BTG",1,"dist_str + ndvi_cv + slope + BB",-0.450897898385747,0.703470205923243,0.637055883558898
625,"Banteng","BTG",1,"dist_str + ndvi_cv + slope + BB",-0.468217846147023,0.715007496774326,0.626117111930083
626,"Banteng","BTG",1,"dist_str + ndvi_cv + slope + BB",-0.476400276925886,0.705779267338565,0.621014854580665
627,"Banteng","BTG",1,"dist_str + ndvi_cv + slope + BB",-0.478156787019048,0.671946882249495,0.619924993238332
628,"Banteng","BTG",1,"dist_str + ndvi_cv + slope + BB",-0.500325769602577,0.659008058164692,0.606333102687388
629,"Banteng","BTG",1,"dist_str + ndvi_cv + slope + BB",-0.563397492864591,0.677058476081219,0.569271680295562
630,"Banteng","BTG",1,"dist_str + ndvi_cv + slope + BB",-0.604710901081754,0.670933440079059,0.546232319602254
631,"Banteng","BTG",1,"dist_str + ndvi_cv + slope + BB",-0.606122731984679,0.677051298490979,0.545461690147097
632,"Banteng","BTG",1,"dist_str + ndvi_cv + slope + BB",-0.636909987887543,0.665461438514025,0.52892428748678
633,"Banteng","BTG",1,"dist_str + ndvi_cv + slope + BB",-0.674370862693016,0.650612454870142,0.509476850765764
634,"Banteng","BTG",1,"dist_str + ndvi_cv + slope + BB",-0.650401008078176,0.657829143075043,0.521836488085194
635,"Banteng","BTG",1,"dist_str + ndvi_cv + slope + BB",-0.663440674729902,0.658130098429607,0.515076104995902
636,"Banteng","BTG",1,"dist_str + ndvi_cv + slope + BB",-0.630941154990286,0.679354151999107,0.53209078556941
637,"Banteng","BTG",1,"dist_str + ndvi_cv + slope + BB",-0.573752458303028,0.660265754289878,0.563407309948886
638,"Banteng","BTG",1,"dist_str + ndvi_cv + slope + BB",-0.539124615267253,0.672989925692916,0.583258605663475
639,"Banteng","BTG",1,"dist_str + ndvi_cv + slope + BB",-0.510105597411194,0.669630403504769,0.600432177403142
640,"Banteng","BTG",1,"dist_str + ndvi_cv + slope + BB",-0.470022490899925,0.67026808049013,0.624988216873831
641,"Banteng","BTG",1,"dist_str + ndvi_cv + slope + BB",-0.459214855231399,0.680074881940691,0.63177949950289
642,"Banteng","BTG",1,"dist_str + ndvi_cv + slope + BB",-0.450811616342977,0.721025097932801,0.637110853336096
643,"Banteng","BTG",1,"dist_str + ndvi_cv + slope + BB",-0.396633095557151,0.738406984428913,0.6725807532395
644,"Banteng","BTG",1,"dist_str + ndvi_cv + slope + BB",-0.324401328763532,0.774962495681983,0.722960046512241
645,"Banteng","BTG",1,"dist_str + ndvi_cv + slope + BB",-0.296604608072741,0.799642254241939,0.743337865756289
646,"Banteng","BTG",1,"dist_str + ndvi_cv + slope + BB",-0.215042158081935,0.841261154734058,0.806507439713783
647,"Banteng","BTG",1,"dist_str + ndvi_cv + slope + BB",-0.194357866739334,0.863625858773831,0.823363198111291
648,"Banteng","BTG",1,"dist_str + ndvi_cv + slope + BB",-0.179581745461483,0.868628416354354,0.835619644911784
649,"Banteng","BTG",1,"dist_str + ndvi_cv + slope + BB",-0.14647430041961,0.902346187895129,0.863747930009082
650,"Banteng","BTG",1,"dist_str + ndvi_cv + slope + BB",-0.153365368115531,0.942314428190206,0.857816246316512
651,"Banteng","BTG",1,"dist_str + ndvi_cv + slope + BB",-0.13131875006562,0.984815146840575,0.876938207235105
652,"Banteng","BTG",1,"dist_str + ndvi_cv + slope + BB",-0.148547251380855,0.980271446735888,0.861959350376162
653,"Banteng","BTG",1,"dist_str + ndvi_cv + slope + BB",-0.110714801156379,1.03988561192715,0.8951940263066
654,"Banteng","BTG",1,"dist_str + ndvi_cv + slope + BB",-0.109421556605414,1.17836147437115,0.896352474617467
655,"Banteng","BTG",1,"dist_str + ndvi_cv + slope + BB",-0.496733096051239,0.96841024505221,0.608515403384357
656,"Banteng","BTG",1,"dist_str + ndvi_cv + slope + BB",-0.458697855826931,0.86309598378161,0.632106204554059
657,"Banteng","BTG",1,"dist_str + ndvi_cv + slope + BB",-0.448589544466791,0.812786908018847,0.638528135143707
658,"Banteng","BTG",1,"dist_str + ndvi_cv + slope + BB",-0.431301630605932,0.789955770576107,0.649662924026953
659,"Banteng","BTG",1,"dist_str + ndvi_cv + slope + BB",-0.382265736731027,0.757155417648348,0.682313713777876
660,"Banteng","BTG",1,"dist_str + ndvi_cv + slope + BB",-0.389615240885887,0.739142561338161,0.67731742900765
661,"Banteng","BTG",1,"dist_str + ndvi_cv + slope + BB",-0.427167125834867,0.714065345893076,0.652354518143133
662,"Banteng","BTG",1,"dist_str + ndvi_cv + slope + BB",-0.421488041937784,0.712719089110453,0.656069834817461
663,"Banteng","BTG",1,"dist_str + ndvi_cv + slope + BB",-0.418235461450413,0.728501479523466,0.658207227753136
664,"Banteng","BTG",1,"dist_str + ndvi_cv + slope + BB",-0.414293461091459,0.69593080129659,0.66080700177692
665,"Banteng","BTG",1,"dist_str + ndvi_cv + slope + BB",-0.466149866053088,0.693378222047696,0.627413250998631
666,"Banteng","BTG",1,"dist_str + ndvi_cv + slope + BB",-0.4921662356126,0.700295470045809,0.611300751384366
667,"Banteng","BTG",1,"dist_str + ndvi_cv + slope + BB",-0.537442876403289,0.685313642747369,0.584240318617777
668,"Banteng","BTG",1,"dist_str + ndvi_cv + slope + BB",-0.552397853992063,0.691027679003722,0.575568026440963
669,"Banteng","BTG",1,"dist_str + ndvi_cv + slope + BB",-0.573221883092839,0.678503033994517,0.563706316720198
670,"Banteng","BTG",1,"dist_str + ndvi_cv + slope + BB",-0.600368461991807,0.667268426204887,0.548609457120529
671,"Banteng","BTG",1,"dist_str + ndvi_cv + slope + BB",-0.669521603224062,0.66001040167135,0.511953436115557
672,"Banteng","BTG",1,"dist_str + ndvi_cv + slope + BB",-0.634149654081057,0.673970477793787,0.530386308448651
673,"Banteng","BTG",1,"dist_str + ndvi_cv + slope + BB",-0.574927132933297,0.668519121334849,0.562745890730072
674,"Banteng","BTG",1,"dist_str + ndvi_cv + slope + BB",-0.558606600435229,0.669259061797367,0.572005541299734
675,"Banteng","BTG",1,"dist_str + ndvi_cv + slope + BB",-0.50915211187701,0.673336362727442,0.601004948641311
676,"Banteng","BTG",1,"dist_str + ndvi_cv + slope + BB",-0.459322956810094,0.667217380402365,0.631711196609996
677,"Banteng","BTG",1,"dist_str + ndvi_cv + slope + BB",-0.384632631918397,0.650530008559803,0.680700658143894
678,"Banteng","BTG",1,"dist_str + ndvi_cv + slope + BB",-0.400585431810574,0.641221269818373,0.669927736669473
679,"Banteng","BTG",1,"dist_str + ndvi_cv + slope + BB",-0.402639114162956,0.69472767426839,0.668553327618859
680,"Banteng","BTG",1,"dist_str + ndvi_cv + slope + BB",-0.365500916663255,0.706408020761027,0.693849019957304
681,"Banteng","BTG",1,"dist_str + ndvi_cv + slope + BB",-0.339239425810557,0.744628218257993,0.712311885682297
682,"Banteng","BTG",1,"dist_str + ndvi_cv + slope + BB",-0.282546078983906,0.753912793156572,0.753861903968686
683,"Banteng","BTG",1,"dist_str + ndvi_cv + slope + BB",-0.250744961564281,0.793413796011922,0.778220823000255
684,"Banteng","BTG",1,"dist_str + ndvi_cv + slope + BB",-0.227410795765018,0.808500965386472,0.796593490637712
685,"Banteng","BTG",1,"dist_str + ndvi_cv + slope + BB",-0.176003430556833,0.820392245239059,0.838615111733808
686,"Banteng","BTG",1,"dist_str + ndvi_cv + slope + BB",-0.140903114313044,0.829764261262735,0.868573460482508
687,"Banteng","BTG",1,"dist_str + ndvi_cv + slope + BB",-0.151292347569903,0.86185131007151,0.85959636641961
688,"Banteng","BTG",1,"dist_str + ndvi_cv + slope + BB",-0.140920421770029,0.849143237101904,0.868558441968483
689,"Banteng","BTG",1,"dist_str + ndvi_cv + slope + BB",-0.126810337825617,0.860471169893057,0.880900740302214
690,"Banteng","BTG",1,"dist_str + ndvi_cv + slope + BB",-0.139426646955417,0.871770482283684,0.869856827640132
691,"Banteng","BTG",1,"dist_str + ndvi_cv + slope + BB",-0.0891900028973907,0.899752007325627,0.914671839399237
692,"Banteng","BTG",1,"dist_str + ndvi_cv + slope + BB",-0.109407236598589,1.00079848231202,0.896365325059827
693,"Banteng","BTG",1,"dist_str + ndvi_cv + slope + BB",-0.480236246829447,0.990914791825151,0.618637252241343
694,"Banteng","BTG",1,"dist_str + ndvi_cv + slope + BB",-0.445468074231323,0.883540216367985,0.640524400981584
695,"Banteng","BTG",1,"dist_str + ndvi_cv + slope + BB",-0.43111822180791,0.832897369969443,0.649782089233321
696,"Banteng","BTG",1,"dist_str + ndvi_cv + slope + BB",-0.418165334181155,0.799631862341477,0.658253388671161
697,"Banteng","BTG",1,"dist_str + ndvi_cv + slope + BB",-0.397188011012399,0.792685492571402,0.672207632834533
698,"Banteng","BTG",1,"dist_str + ndvi_cv + slope + BB",-0.368202903899958,0.76123884992778,0.69197677108655
699,"Banteng","BTG",1,"dist_str + ndvi_cv + slope + BB",-0.356943888088907,0.72727533171526,0.699811764476897
700,"Banteng","BTG",1,"dist_str + ndvi_cv + slope + BB",-0.40757571456702,0.71744551629399,0.665261099086918
701,"Banteng","BTG",1,"dist_str + ndvi_cv + slope + BB",-0.3832366256174,0.723414047799569,0.681651584226144
702,"Banteng","BTG",1,"dist_str + ndvi_cv + slope + BB",-0.382591185752354,0.709940975821272,0.682091691135078
703,"Banteng","BTG",1,"dist_str + ndvi_cv + slope + BB",-0.426907249402229,0.707087411183081,0.65252407287784
704,"Banteng","BTG",1,"dist_str + ndvi_cv + slope + BB",-0.445811104898989,0.713766710370563,0.640304711998124
705,"Banteng","BTG",1,"dist_str + ndvi_cv + slope + BB",-0.489114754795257,0.710433342415138,0.613168958914669
706,"Banteng","BTG",1,"dist_str + ndvi_cv + slope + BB",-0.47372188505291,0.673764075401604,0.6226804385672
707,"Banteng","BTG",1,"dist_str + ndvi_cv + slope + BB",-0.5288257793299,0.689716446381314,0.58929652927433
708,"Banteng","BTG",1,"dist_str + ndvi_cv + slope + BB",-0.552472766726968,0.6868790508162,0.575524914828565
709,"Banteng","BTG",1,"dist_str + ndvi_cv + slope + BB",-0.633859895989449,0.662548690745766,0.530540017741231
710,"Banteng","BTG",1,"dist_str + ndvi_cv + slope + BB",-0.559775462385295,0.688608811199699,0.57133733683886
711,"Banteng","BTG",1,"dist_str + ndvi_cv + slope + BB",-0.509944078095562,0.679185406651072,0.600529162692061
712,"Banteng","BTG",1,"dist_str + ndvi_cv + slope + BB",-0.482646203617389,0.696358982448417,0.617148134151077
713,"Banteng","BTG",1,"dist_str + ndvi_cv + slope + BB",-0.46189789304432,0.689263863633571,0.630086674645196
714,"Banteng","BTG",1,"dist_str + ndvi_cv + slope + BB",-0.407832591412569,0.678658755410752,0.665090211338389
715,"Banteng","BTG",1,"dist_str + ndvi_cv + slope + BB",-0.345425749436435,0.638221867130705,0.707918894573035
716,"Banteng","BTG",1,"dist_str + ndvi_cv + slope + BB",-0.313598182524998,0.634679534661247,0.730812623923815
717,"Banteng","BTG",1,"dist_str + ndvi_cv + slope + BB",-0.346489808801737,0.67747450786794,0.707166030734061
718,"Banteng","BTG",1,"dist_str + ndvi_cv + slope + BB",-0.33220378153716,0.706230802013782,0.717341130391218
719,"Banteng","BTG",1,"dist_str + ndvi_cv + slope + BB",-0.288844191176125,0.737293168994873,0.749128917576637
720,"Banteng","BTG",1,"dist_str + ndvi_cv + slope + BB",-0.237108695726633,0.748336390502362,0.78890553276616
721,"Banteng","BTG",1,"dist_str + ndvi_cv + slope + BB",-0.221497790288396,0.759747968118637,0.801317692946313
722,"Banteng","BTG",1,"dist_str + ndvi_cv + slope + BB",-0.198612513125821,0.78696151115607,0.819867528858168
723,"Banteng","BTG",1,"dist_str + ndvi_cv + slope + BB",-0.172243370209706,0.815044334603887,0.841774300777727
724,"Banteng","BTG",1,"dist_str + ndvi_cv + slope + BB",-0.177551634379397,0.834392106855658,0.837317765877241
725,"Banteng","BTG",1,"dist_str + ndvi_cv + slope + BB",-0.175187054198293,0.816663027000977,0.839300027192566
726,"Banteng","BTG",1,"dist_str + ndvi_cv + slope + BB",-0.158847435219035,0.826800454953691,0.853126515833526
727,"Banteng","BTG",1,"dist_str + ndvi_cv + slope + BB",-0.140475775934548,0.815418041850322,0.868944790623055
728,"Banteng","BTG",1,"dist_str + ndvi_cv + slope + BB",-0.108866169870297,0.835315253622521,0.896850435137484
729,"Banteng","BTG",1,"dist_str + ndvi_cv + slope + BB",-0.103371337279649,0.850873733499714,0.901792045402636
730,"Banteng","BTG",1,"dist_str + ndvi_cv + slope + BB",-0.0925788048715557,0.892032093928745,0.911577371945605
731,"Banteng","BTG",1,"dist_str + ndvi_cv + slope + BB",-0.437468788149392,1.02300710626734,0.645668678741315
732,"Banteng","BTG",1,"dist_str + ndvi_cv + slope + BB",-0.453212639018582,0.897878340667725,0.635582972561806
733,"Banteng","BTG",1,"dist_str + ndvi_cv + slope + BB",-0.408490705669009,0.849302884928393,0.664652651191739
734,"Banteng","BTG",1,"dist_str + ndvi_cv + slope + BB",-0.343766740557363,0.829074978684609,0.709094312649279
735,"Banteng","BTG",1,"dist_str + ndvi_cv + slope + BB",-0.330552601493801,0.810366188543721,0.718526567443401
736,"Banteng","BTG",1,"dist_str + ndvi_cv + slope + BB",-0.310226661460228,0.781659136867491,0.733280736596415
737,"Banteng","BTG",1,"dist_str + ndvi_cv + slope + BB",-0.327054139195034,0.744201688494836,0.721044706785895
738,"Banteng","BTG",1,"dist_str + ndvi_cv + slope + BB",-0.348275672793999,0.730325689939661,0.70590425967889
739,"Banteng","BTG",1,"dist_str + ndvi_cv + slope + BB",-0.355388657297633,0.712450418791402,0.700900980078556
740,"Banteng","BTG",1,"dist_str + ndvi_cv + slope + BB",-0.386264028419967,0.729359820478021,0.679591071435377
741,"Banteng","BTG",1,"dist_str + ndvi_cv + slope + BB",-0.398096188441713,0.70082043842683,0.67159742482592
742,"Banteng","BTG",1,"dist_str + ndvi_cv + slope + BB",-0.423638429161652,0.692848483290354,0.654660550467612
743,"Banteng","BTG",1,"dist_str + ndvi_cv + slope + BB",-0.450909863911586,0.69034188325735,0.637048260659006
744,"Banteng","BTG",1,"dist_str + ndvi_cv + slope + BB",-0.443537615180239,0.674382515149594,0.641762096646387
745,"Banteng","BTG",1,"dist_str + ndvi_cv + slope + BB",-0.459226972158245,0.679841363147481,0.631771835299545
746,"Banteng","BTG",1,"dist_str + ndvi_cv + slope + BB",-0.448388514953685,0.682507391468225,0.638656511465344
747,"Banteng","BTG",1,"dist_str + ndvi_cv + slope + BB",-0.463457157510772,0.674592096534343,0.629104968179978
748,"Banteng","BTG",1,"dist_str + ndvi_cv + slope + BB",-0.447378931417766,0.688395521930058,0.639301619883934
749,"Banteng","BTG",1,"dist_str + ndvi_cv + slope + BB",-0.399664944972685,0.684715865249275,0.670544678473845
750,"Banteng","BTG",1,"dist_str + ndvi_cv + slope + BB",-0.405629863489473,0.692045198021578,0.666556843472383
751,"Banteng","BTG",1,"dist_str + ndvi_cv + slope + BB",-0.37272024006226,0.699387121198197,0.688857921232745
752,"Banteng","BTG",1,"dist_str + ndvi_cv + slope + BB",-0.348769652667353,0.693887564948298,0.705555645031314
753,"Banteng","BTG",1,"dist_str + ndvi_cv + slope + BB",-0.348592936791641,0.682807385381541,0.705680337554236
754,"Banteng","BTG",1,"dist_str + ndvi_cv + slope + BB",-0.333507655169129,0.677665141031703,0.716406414657157
755,"Banteng","BTG",1,"dist_str + ndvi_cv + slope + BB",-0.295622860740279,0.696099601870119,0.744067993245032
756,"Banteng","BTG",1,"dist_str + ndvi_cv + slope + BB",-0.283186847490359,0.702842692611879,0.753379007966015
757,"Banteng","BTG",1,"dist_str + ndvi_cv + slope + BB",-0.231342005123886,0.726108964886642,0.793468066850117
758,"Banteng","BTG",1,"dist_str + ndvi_cv + slope + BB",-0.202503350700912,0.754729152666603,0.816683760208478
759,"Banteng","BTG",1,"dist_str + ndvi_cv + slope + BB",-0.151269747690983,0.767296390127853,0.859615791657429
760,"Banteng","BTG",1,"dist_str + ndvi_cv + slope + BB",-0.157991147380902,0.777989874345985,0.853857355260016
761,"Banteng","BTG",1,"dist_str + ndvi_cv + slope + BB",-0.13822526633881,0.791740743042366,0.8709024861003
762,"Banteng","BTG",1,"dist_str + ndvi_cv + slope + BB",-0.160129744004495,0.801327390784504,0.852033248937036
763,"Banteng","BTG",1,"dist_str + ndvi_cv + slope + BB",-0.133425724627797,0.809920776207822,0.875092464923593
764,"Banteng","BTG",1,"dist_str + ndvi_cv + slope + BB",-0.130055132000746,0.798291319537985,0.878047021595826
765,"Banteng","BTG",1,"dist_str + ndvi_cv + slope + BB",-0.155828573437452,0.800037951874178,0.855705869571796
766,"Banteng","BTG",1,"dist_str + ndvi_cv + slope + BB",-0.118351865099874,0.811869493954118,0.888383407360081
767,"Banteng","BTG",1,"dist_str + ndvi_cv + slope + BB",-0.0708914280613025,0.812145119022512,0.931563030278877
768,"Banteng","BTG",1,"dist_str + ndvi_cv + slope + BB",-0.0228647825765482,0.841038797727846,0.977394641937732
769,"Banteng","BTG",1,"dist_str + ndvi_cv + slope + BB",0.00648251004322991,0.90829033177543,1.00650357131981
770,"Banteng","BTG",1,"dist_str + ndvi_cv + slope + BB",0.15344488748645,1.00812722239511,1.16584353314962
771,"Banteng","BTG",1,"dist_str + ndvi_cv + slope + BB",0.177400872774088,1.02833935520501,1.19410968652127
772,"Banteng","BTG",1,"dist_str + ndvi_cv + slope + BB",0.223598358953088,1.061458293135,1.25056864048035
773,"Banteng","BTG",1,"dist_str + ndvi_cv + slope + BB",0.219903714076436,1.12087328568938,1.24595678263543
774,"Banteng","BTG",1,"dist_str + ndvi_cv + slope + BB",0.241625376617239,1.17783476695467,1.27331709385285
775,"Banteng","BTG",1,"dist_str + ndvi_cv + slope + BB",0.21605610309604,1.33376298275679,1.24117201207015
776,"Banteng","BTG",1,"dist_str + ndvi_cv + slope + BB",-0.423959192745191,1.03803766701119,0.65445059002161
777,"Banteng","BTG",1,"dist_str + ndvi_cv + slope + BB",-0.416077359551849,0.922403438693343,0.659629241071069
778,"Banteng","BTG",1,"dist_str + ndvi_cv + slope + BB",-0.373081959906519,0.888300792730647,0.688608792725911
779,"Banteng","BTG",1,"dist_str + ndvi_cv + slope + BB",-0.360066082795365,0.851524519681921,0.697630223511384
780,"Banteng","BTG",1,"dist_str + ndvi_cv + slope + BB",-0.339376353044923,0.828612039900367,0.712214360862726
781,"Banteng","BTG",1,"dist_str + ndvi_cv + slope + BB",-0.295380654609665,0.80884649793223,0.744248254736895
782,"Banteng","BTG",1,"dist_str + ndvi_cv + slope + BB",-0.32915853847668,0.778754217420758,0.719528934689076
783,"Banteng","BTG",1,"dist_str + ndvi_cv + slope + BB",-0.330329945077282,0.739915660379497,0.718686567258756
784,"Banteng","BTG",1,"dist_str + ndvi_cv + slope + BB",-0.32761152281718,0.733121487869636,0.720642918925277
785,"Banteng","BTG",1,"dist_str + ndvi_cv + slope + BB",-0.326999976550108,0.715397127173528,0.721083762108668
786,"Banteng","BTG",1,"dist_str + ndvi_cv + slope + BB",-0.346560796311739,0.70696417998738,0.707115828608241
787,"Banteng","BTG",1,"dist_str + ndvi_cv + slope + BB",-0.379769363885045,0.693995631626981,0.684019151910554
788,"Banteng","BTG",1,"dist_str + ndvi_cv + slope + BB",-0.400291598645928,0.695188213443378,0.670124610285107
789,"Banteng","BTG",1,"dist_str + ndvi_cv + slope + BB",-0.38651408424515,0.682722118322958,0.679421158414001
790,"Banteng","BTG",1,"dist_str + ndvi_cv + slope + BB",-0.358069420165531,0.661234482513518,0.699024558126437
791,"Banteng","BTG",1,"dist_str + ndvi_cv + slope + BB",-0.345916125856191,0.666419761306915,0.707571831895841
792,"Banteng","BTG",1,"dist_str + ndvi_cv + slope + BB",-0.331395753720289,0.669122739907153,0.717920995979
793,"Banteng","BTG",1,"dist_str + ndvi_cv + slope + BB",-0.314988064888421,0.675830137454078,0.729797585597617
794,"Banteng","BTG",1,"dist_str + ndvi_cv + slope + BB",-0.28977695882264,0.707285932176518,0.74843048403519
795,"Banteng","BTG",1,"dist_str + ndvi_cv + slope + BB",-0.297080807920152,0.696947267472916,0.742983970953483
796,"Banteng","BTG",1,"dist_str + ndvi_cv + slope + BB",-0.302841904947283,0.720792607710361,0.73871587446724
797,"Banteng","BTG",1,"dist_str + ndvi_cv + slope + BB",-0.30323466575459,0.705879919528877,0.738425792850209
798,"Banteng","BTG",1,"dist_str + ndvi_cv + slope + BB",-0.286665484744103,0.720530848449022,0.750762829065114
799,"Banteng","BTG",1,"dist_str + ndvi_cv + slope + BB",-0.294145056246024,0.689354069435385,0.745168455202335
800,"Banteng","BTG",1,"dist_str + ndvi_cv + slope + BB",-0.276451201093783,0.701346864555639,0.758470630963043
801,"Banteng","BTG",1,"dist_str + ndvi_cv + slope + BB",-0.232946407986395,0.696263459023975,0.792196027894097
802,"Banteng","BTG",1,"dist_str + ndvi_cv + slope + BB",-0.189182001816388,0.728017111082927,0.827635902600172
803,"Banteng","BTG",1,"dist_str + ndvi_cv + slope + BB",-0.196613744963989,0.747136608060899,0.821507883777791
804,"Banteng","BTG",1,"dist_str + ndvi_cv + slope + BB",-0.177846681610346,0.758805729788574,0.837070753702051
805,"Banteng","BTG",1,"dist_str + ndvi_cv + slope + BB",-0.136132481410862,0.742038341011665,0.872727008325882
806,"Banteng","BTG",1,"dist_str + ndvi_cv + slope + BB",-0.148384413067705,0.769299791212314,0.862099650607059
807,"Banteng","BTG",1,"dist_str + ndvi_cv + slope + BB",-0.140533306908644,0.771775523927808,0.868894726068157
808,"Banteng","BTG",1,"dist_str + ndvi_cv + slope + BB",-0.129753910170738,0.774783234963053,0.878311550249627
809,"Banteng","BTG",1,"dist_str + ndvi_cv + slope + BB",-0.139624294356341,0.788526365306253,0.869684936029874
810,"Banteng","BTG",1,"dist_str + ndvi_cv + slope + BB",-0.11918921654891,0.791287267833512,0.887639864299868
811,"Banteng","BTG",1,"dist_str + ndvi_cv + slope + BB",-0.0948788435255686,0.783158165856064,0.909483117892448
812,"Banteng","BTG",1,"dist_str + ndvi_cv + slope + BB",-0.0651754490666375,0.795538587499803,0.93690308188075
813,"Banteng","BTG",1,"dist_str + ndvi_cv + slope + BB",0.0002511996164383,0.814856675469428,1.00025124278703
814,"Banteng","BTG",1,"dist_str + ndvi_cv + slope + BB",0.0556149147293719,0.861610782131757,1.05719049693842
815,"Banteng","BTG",1,"dist_str + ndvi_cv + slope + BB",0.0906057702269921,0.90538923129648,1.09483730276009
816,"Banteng","BTG",1,"dist_str + ndvi_cv + slope + BB",0.139050131310583,0.944742434452509,1.14918170877547
817,"Banteng","BTG",1,"dist_str + ndvi_cv + slope + BB",0.214772089223133,0.964876535293431,1.23957935128308
818,"Banteng","BTG",1,"dist_str + ndvi_cv + slope + BB",0.210641926437456,1.02143819230689,1.23447024576677
819,"Banteng","BTG",1,"dist_str + ndvi_cv + slope + BB",0.209322598130155,1.07755608044721,1.23284265814195
820,"Banteng","BTG",1,"dist_str + ndvi_cv + slope + BB",0.217521049599355,1.22897058777614,1.24299159406015
821,"Banteng","BTG",1,"dist_str + ndvi_cv + slope + BB",-0.423793440309663,1.09699679951586,0.654559074252489
822,"Banteng","BTG",1,"dist_str + ndvi_cv + slope + BB",-0.380325391858596,0.953682634017314,0.683638924520204
823,"Banteng","BTG",1,"dist_str + ndvi_cv + slope + BB",-0.330737326862101,0.900530781446262,0.718393847206368
824,"Banteng","BTG",1,"dist_str + ndvi_cv + slope + BB",-0.323274971172658,0.895543032017488,0.723774810664253
825,"Banteng","BTG",1,"dist_str + ndvi_cv + slope + BB",-0.315042362222199,0.853887559464134,0.729757967436978
826,"Banteng","BTG",1,"dist_str + ndvi_cv + slope + BB",-0.294259165503521,0.823117378353208,0.745083366725193
827,"Banteng","BTG",1,"dist_str + ndvi_cv + slope + BB",-0.303049067648385,0.797349309788229,0.738562855943961
828,"Banteng","BTG",1,"dist_str + ndvi_cv + slope + BB",-0.303214406707994,0.759090595042653,0.738440766194289
829,"Banteng","BTG",1,"dist_str + ndvi_cv + slope + BB",-0.326663043208924,0.735568465503531,0.721326758247304
830,"Banteng","BTG",1,"dist_str + ndvi_cv + slope + BB",-0.317658714114024,0.711363955725576,0.727851151365576
831,"Banteng","BTG",1,"dist_str + ndvi_cv + slope + BB",-0.333430050060673,0.706961080578172,0.716462016366308
832,"Banteng","BTG",1,"dist_str + ndvi_cv + slope + BB",-0.326275166667111,0.685580054865029,0.721606599282734
833,"Banteng","BTG",1,"dist_str + ndvi_cv + slope + BB",-0.346190141922022,0.686870092231487,0.707377972132208
834,"Banteng","BTG",1,"dist_str + ndvi_cv + slope + BB",-0.32863469748639,0.670956034555982,0.719905952197742
835,"Banteng","BTG",1,"dist_str + ndvi_cv + slope + BB",-0.284323994593567,0.674572956484914,0.75252279686449
836,"Banteng","BTG",1,"dist_str + ndvi_cv + slope + BB",-0.231820887681317,0.658014853504992,0.793088163487478
837,"Banteng","BTG",1,"dist_str + ndvi_cv + slope + BB",-0.190527417520835,0.672788729946111,0.826523096799922
838,"Banteng","BTG",1,"dist_str + ndvi_cv + slope + BB",-0.187999267367924,0.68955814799187,0.828615314342076
839,"Banteng","BTG",1,"dist_str + ndvi_cv + slope + BB",-0.190693374652325,0.706581315387469,0.826385940598259
840,"Banteng","BTG",1,"dist_str + ndvi_cv + slope + BB",-0.206598809222937,0.725651759256004,0.813345891448701
841,"Banteng","BTG",1,"dist_str + ndvi_cv + slope + BB",-0.21901185548801,0.722355626692955,0.80331220777499
842,"Banteng","BTG",1,"dist_str + ndvi_cv + slope + BB",-0.24119639121894,0.724372407531022,0.785687311027346
843,"Banteng","BTG",1,"dist_str + ndvi_cv + slope + BB",-0.275731742468815,0.722647230584741,0.759016522453322
844,"Banteng","BTG",1,"dist_str + ndvi_cv + slope + BB",-0.234978007425717,0.700423431516527,0.790588237241895
845,"Banteng","BTG",1,"dist_str + ndvi_cv + slope + BB",-0.195444279670584,0.699227072782627,0.822469170818207
846,"Banteng","BTG",1,"dist_str + ndvi_cv + slope + BB",-0.212703883098517,0.707610705497093,0.808395501250157
847,"Banteng","BTG",1,"dist_str + ndvi_cv + slope + BB",-0.190071110227674,0.725374984115437,0.82690033545308
848,"Banteng","BTG",1,"dist_str + ndvi_cv + slope + BB",-0.174717648457944,0.728088810841892,0.839694077092701
849,"Banteng","BTG",1,"dist_str + ndvi_cv + slope + BB",-0.173669931774428,0.740576050717988,0.840574304657987
850,"Banteng","BTG",1,"dist_str + ndvi_cv + slope + BB",-0.149930111199835,0.742934341554975,0.860768132400314
851,"Banteng","BTG",1,"dist_str + ndvi_cv + slope + BB",-0.131979415198656,0.734970743272547,0.876359037911559
852,"Banteng","BTG",1,"dist_str + ndvi_cv + slope + BB",-0.125677875356213,0.762129032974337,0.881898894197234
853,"Banteng","BTG",1,"dist_str + ndvi_cv + slope + BB",-0.121539956379067,0.766681293442721,0.885555687713191
854,"Banteng","BTG",1,"dist_str + ndvi_cv + slope + BB",-0.118901759933434,0.785814249232455,0.887895025687724
855,"Banteng","BTG",1,"dist_str + ndvi_cv + slope + BB",-0.0806994154769839,0.779276244086125,0.922470930307423
856,"Banteng","BTG",1,"dist_str + ndvi_cv + slope + BB",-0.0841722660647209,0.776846884018631,0.919272883475873
857,"Banteng","BTG",1,"dist_str + ndvi_cv + slope + BB",-0.0464524040816664,0.789451393679411,0.954609995302598
858,"Banteng","BTG",1,"dist_str + ndvi_cv + slope + BB",0.00129509025717122,0.808791292204129,1.00129593565306
859,"Banteng","BTG",1,"dist_str + ndvi_cv + slope + BB",0.0808772781483835,0.823992412453391,1.08423784107692
860,"Banteng","BTG",1,"dist_str + ndvi_cv + slope + BB",0.115449694754827,0.868359857020486,1.1223780518433
861,"Banteng","BTG",1,"dist_str + ndvi_cv + slope + BB",0.157798564739174,0.908601544722822,1.17093030487543
862,"Banteng","BTG",1,"dist_str + ndvi_cv + slope + BB",0.209728635426671,0.956433510723739,1.23334333948542
863,"Banteng","BTG",1,"dist_str + ndvi_cv + slope + BB",0.209284988330309,0.990133887704228,1.232796281835
864,"Banteng","BTG",1,"dist_str + ndvi_cv + slope + BB",0.219916339380199,1.02642065808575,1.24597253465148
865,"Banteng","BTG",1,"dist_str + ndvi_cv + slope + BB",-0.362727810424079,0.980461199535554,0.695775790667296
866,"Banteng","BTG",1,"dist_str + ndvi_cv + slope + BB",-0.322553089379834,0.923299175745493,0.724297478293346
867,"Banteng","BTG",1,"dist_str + ndvi_cv + slope + BB",-0.319871105409297,0.895699025324143,0.726242641254501
868,"Banteng","BTG",1,"dist_str + ndvi_cv + slope + BB",-0.286949985984615,0.852206099409934,0.750549266646333
869,"Banteng","BTG",1,"dist_str + ndvi_cv + slope + BB",-0.285023932117618,0.830277285624626,0.751996258410043
870,"Banteng","BTG",1,"dist_str + ndvi_cv + slope + BB",-0.27847175419576,0.785509941911861,0.756939673505886
871,"Banteng","BTG",1,"dist_str + ndvi_cv + slope + BB",-0.266257584612416,0.781395072701863,0.766241730050614
872,"Banteng","BTG",1,"dist_str + ndvi_cv + slope + BB",-0.283672995089268,0.74201497564304,0.753012844151957
873,"Banteng","BTG",1,"dist_str + ndvi_cv + slope + BB",-0.314344646036443,0.72417150922001,0.730267301312746
874,"Banteng","BTG",1,"dist_str + ndvi_cv + slope + BB",-0.299131911976577,0.7112739266898,0.741461595543349
875,"Banteng","BTG",1,"dist_str + ndvi_cv + slope + BB",-0.28866030595098,0.697027013386522,0.749266683611511
876,"Banteng","BTG",1,"dist_str + ndvi_cv + slope + BB",-0.29844361034427,0.685385599436511,0.741972124424825
877,"Banteng","BTG",1,"dist_str + ndvi_cv + slope + BB",-0.274275404552861,0.688251669605214,0.760122706094711
878,"Banteng","BTG",1,"dist_str + ndvi_cv + slope + BB",-0.232874661793726,0.676266031298573,0.792252869674112
879,"Banteng","BTG",1,"dist_str + ndvi_cv + slope + BB",-0.130240314989048,0.680763698389228,0.877884437025138
880,"Banteng","BTG",1,"dist_str + ndvi_cv + slope + BB",-0.0588450634896344,0.666166156408821,0.942852841494704
881,"Banteng","BTG",1,"dist_str + ndvi_cv + slope + BB",-0.0323541583976591,0.670762198121092,0.968163638709113
882,"Banteng","BTG",1,"dist_str + ndvi_cv + slope + BB",-0.0960419171180756,0.699657768154341,0.908425936751161
883,"Banteng","BTG",1,"dist_str + ndvi_cv + slope + BB",-0.14466391560758,0.724184182748687,0.865313062468552
884,"Banteng","BTG",1,"dist_str + ndvi_cv + slope + BB",-0.180590028506483,0.738068485473292,0.834777554417203
885,"Banteng","BTG",1,"dist_str + ndvi_cv + slope + BB",-0.213950146271104,0.724898446620392,0.807388636038817
886,"Banteng","BTG",1,"dist_str + ndvi_cv + slope + BB",-0.248426939565712,0.719334531084204,0.780026858618829
887,"Banteng","BTG",1,"dist_str + ndvi_cv + slope + BB",-0.227986682290332,0.694376813508539,0.796134869158827
888,"Banteng","BTG",1,"dist_str + ndvi_cv + slope + BB",-0.205555143665597,0.67810939044191,0.814195196376508
889,"Banteng","BTG",1,"dist_str + ndvi_cv + slope + BB",-0.204895584184819,0.705544834276675,0.814732382929531
890,"Banteng","BTG",1,"dist_str + ndvi_cv + slope + BB",-0.188486154663131,0.719587150714926,0.828211971934234
891,"Banteng","BTG",1,"dist_str + ndvi_cv + slope + BB",-0.195886579150815,0.7250855782994,0.822105473538011
892,"Banteng","BTG",1,"dist_str + ndvi_cv + slope + BB",-0.182805280258929,0.741985673144293,0.832930377174036
893,"Banteng","BTG",1,"dist_str + ndvi_cv + slope + BB",-0.14928555378453,0.744751626686369,0.861323126379723
894,"Banteng","BTG",1,"dist_str + ndvi_cv + slope + BB",-0.171448405050022,0.735591610604263,0.842443732741026
895,"Banteng","BTG",1,"dist_str + ndvi_cv + slope + BB",-0.139416054290532,0.764937332423507,0.869866041702567
896,"Banteng","BTG",1,"dist_str + ndvi_cv + slope + BB",-0.144520604056174,0.781065046302385,0.865437097985597
897,"Banteng","BTG",1,"dist_str + ndvi_cv + slope + BB",-0.128987712514123,0.773530378901738,0.87898476630861
898,"Banteng","BTG",1,"dist_str + ndvi_cv + slope + BB",-0.0800008016191491,0.77094378927691,0.923115607861672
899,"Banteng","BTG",1,"dist_str + ndvi_cv + slope + BB",-0.0557363914868147,0.768479653980627,0.945788423543057
900,"Banteng","BTG",1,"dist_str + ndvi_cv + slope + BB",-0.0541293999700866,0.782542136596107,0.94730953733541
901,"Banteng","BTG",1,"dist_str + ndvi_cv + slope + BB",0.0267354285859087,0.794021801064558,1.02709602775725
902,"Banteng","BTG",1,"dist_str + ndvi_cv + slope + BB",0.0575488340717913,0.806570641946561,1.05923699628492
903,"Banteng","BTG",1,"dist_str + ndvi_cv + slope + BB",0.133699205507948,0.872488036902301,1.14304894511136
904,"Banteng","BTG",1,"dist_str + ndvi_cv + slope + BB",0.179131472907909,0.903074661614485,1.19617803401273
905,"Banteng","BTG",1,"dist_str + ndvi_cv + slope + BB",0.183331302826048,0.9356384818684,1.20121230850229
906,"Banteng","BTG",1,"dist_str + ndvi_cv + slope + BB",0.193433337213663,0.959783824318393,1.21340849526037
907,"Banteng","BTG",1,"dist_str + ndvi_cv + slope + BB",0.219042117143564,1.0043579411572,1.24488381589173
908,"Banteng","BTG",1,"dist_str + ndvi_cv + slope + BB",0.197255591572562,1.13431646983967,1.21805532889126
909,"Banteng","BTG",1,"dist_str + ndvi_cv + slope + BB",-0.331943618914492,1.06261876121178,0.717527860539958
910,"Banteng","BTG",1,"dist_str + ndvi_cv + slope + BB",-0.313863832596714,0.945543144124518,0.730618509248362
911,"Banteng","BTG",1,"dist_str + ndvi_cv + slope + BB",-0.279434583349733,0.911629276068935,0.756211206869855
912,"Banteng","BTG",1,"dist_str + ndvi_cv + slope + BB",-0.261013544308152,0.869285932453376,0.77027051945171
913,"Banteng","BTG",1,"dist_str + ndvi_cv + slope + BB",-0.277308659586581,0.834644537748409,0.757820552709902
914,"Banteng","BTG",1,"dist_str + ndvi_cv + slope + BB",-0.237395589645142,0.806577341097699,0.78867923442252
915,"Banteng","BTG",1,"dist_str + ndvi_cv + slope + BB",-0.230480562803916,0.780639947237028,0.79415187109571
916,"Banteng","BTG",1,"dist_str + ndvi_cv + slope + BB",-0.250498577013405,0.761885239921477,0.778412587695971
917,"Banteng","BTG",1,"dist_str + ndvi_cv + slope + BB",-0.279621546644164,0.726757095115797,0.756069824786599
918,"Banteng","BTG",1,"dist_str + ndvi_cv + slope + BB",-0.242086551489328,0.717918733746461,0.784988330164827
919,"Banteng","BTG",1,"dist_str + ndvi_cv + slope + BB",-0.290677357027429,0.697411470175253,0.747756902926271
920,"Banteng","BTG",1,"dist_str + ndvi_cv + slope + BB",-0.29428746810806,0.696950929372826,0.745062279407882
921,"Banteng","BTG",1,"dist_str + ndvi_cv + slope + BB",-0.251538062991324,0.684324319543777,0.777603863254615
922,"Banteng","BTG",1,"dist_str + ndvi_cv + slope + BB",-0.207874924239007,0.709466414906289,0.812308630824602
923,"Banteng","BTG",1,"dist_str + ndvi_cv + slope + BB",-0.0419446796976876,0.677626126480366,0.958922827525932
924,"Banteng","BTG",1,"dist_str + ndvi_cv + slope + BB",0.248645745412271,0.632615204259542,1.28228769718101
925,"Banteng","BTG",1,"dist_str + ndvi_cv + slope + BB",0.22148285418158,0.634148783420211,1.24792585132985
926,"Banteng","BTG",1,"dist_str + ndvi_cv + slope + BB",-0.0434377093008023,0.686977381108423,0.95749219722543
927,"Banteng","BTG",1,"dist_str + ndvi_cv + slope + BB",-0.133584666641505,0.731680251416601,0.874953399284814
928,"Banteng","BTG",1,"dist_str + ndvi_cv + slope + BB",-0.198321832346526,0.724483511648999,0.820105875653655
929,"Banteng","BTG",1,"dist_str + ndvi_cv + slope + BB",-0.204930257816117,0.724597567223195,0.814704134398914
930,"Banteng","BTG",1,"dist_str + ndvi_cv + slope + BB",-0.209175904637135,0.71478244932273,0.81125252005327
931,"Banteng","BTG",1,"dist_str + ndvi_cv + slope + BB",-0.17944489340386,0.681878722171369,0.835734052090173
932,"Banteng","BTG",1,"dist_str + ndvi_cv + slope + BB",-0.20349130924422,0.592470294379409,0.815877294887312
933,"Banteng","BTG",1,"dist_str + ndvi_cv + slope + BB",-0.191185086314881,0.699908132403913,0.825979698158893
934,"Banteng","BTG",1,"dist_str + ndvi_cv + slope + BB",-0.164446964788785,0.732412620049752,0.848362750866686
935,"Banteng","BTG",1,"dist_str + ndvi_cv + slope + BB",-0.179874925103462,0.725787380884425,0.835374689406897
936,"Banteng","BTG",1,"dist_str + ndvi_cv + slope + BB",-0.164140957856766,0.740848766858208,0.848622398638663
937,"Banteng","BTG",1,"dist_str + ndvi_cv + slope + BB",-0.166882019773891,0.741463021449587,0.8462994523421
938,"Banteng","BTG",1,"dist_str + ndvi_cv + slope + BB",-0.151124630977149,0.752632148991225,0.859740541874203
939,"Banteng","BTG",1,"dist_str + ndvi_cv + slope + BB",-0.150261390895545,0.756307196643588,0.860483037094844
940,"Banteng","BTG",1,"dist_str + ndvi_cv + slope + BB",-0.13112198593001,0.743413977803589,0.877110774931677
941,"Banteng","BTG",1,"dist_str + ndvi_cv + slope + BB",-0.0905774495702696,0.774993252262399,0.913403595525377
942,"Banteng","BTG",1,"dist_str + ndvi_cv + slope + BB",-0.0611704156766204,0.786405387864803,0.940662926458355
943,"Banteng","BTG",1,"dist_str + ndvi_cv + slope + BB",-0.0488321878860828,0.787779398803336,0.952340930680071
944,"Banteng","BTG",1,"dist_str + ndvi_cv + slope + BB",-0.00741507729009458,0.802974300289916,0.99261234776394
945,"Banteng","BTG",1,"dist_str + ndvi_cv + slope + BB",0.0282089703774033,0.807019106045713,1.02861061256708
946,"Banteng","BTG",1,"dist_str + ndvi_cv + slope + BB",0.0758899268351681,0.816289009356431,1.07884382291105
947,"Banteng","BTG",1,"dist_str + ndvi_cv + slope + BB",0.107199548682924,0.864681907769341,1.1131563617023
948,"Banteng","BTG",1,"dist_str + ndvi_cv + slope + BB",0.170025327879732,0.889727837218994,1.18533490403773
949,"Banteng","BTG",1,"dist_str + ndvi_cv + slope + BB",0.16044614210366,0.917327774640928,1.17403454678297
950,"Banteng","BTG",1,"dist_str + ndvi_cv + slope + BB",0.190482147344732,0.946299734814374,1.20983279379764
951,"Banteng","BTG",1,"dist_str + ndvi_cv + slope + BB",0.196844599271056,0.983467053075354,1.21755481718507
952,"Banteng","BTG",1,"dist_str + ndvi_cv + slope + BB",0.212290342157205,1.04593440510846,1.23650684315303
953,"Banteng","BTG",1,"dist_str + ndvi_cv + slope + BB",0.190052918674749,1.27414843479396,1.20931369100193
954,"Banteng","BTG",1,"dist_str + ndvi_cv + slope + BB",0.234763261666043,1.32243571666829,1.26460935181154
955,"Banteng","BTG",1,"dist_str + ndvi_cv + slope + BB",-0.330481126828867,1.1208324884614,0.71857792318315
956,"Banteng","BTG",1,"dist_str + ndvi_cv + slope + BB",-0.316726163316629,0.982926528474759,0.728530227480397
957,"Banteng","BTG",1,"dist_str + ndvi_cv + slope + BB",-0.287741803360154,0.928347282919195,0.74995520316378
958,"Banteng","BTG",1,"dist_str + ndvi_cv + slope + BB",-0.287952919701819,0.882135193703016,0.749796892079722
959,"Banteng","BTG",1,"dist_str + ndvi_cv + slope + BB",-0.26027288006567,0.862706129037017,0.770841210616453
960,"Banteng","BTG",1,"dist_str + ndvi_cv + slope + BB",-0.2277825876593,0.814798020171933,0.796297366396714
961,"Banteng","BTG",1,"dist_str + ndvi_cv + slope + BB",-0.240009419489074,0.785684741372313,0.786620453093516
962,"Banteng","BTG",1,"dist_str + ndvi_cv + slope + BB",-0.249751351088684,0.753426953073697,0.778994459449591
963,"Banteng","BTG",1,"dist_str + ndvi_cv + slope + BB",-0.252815104621281,0.74109107931398,0.776611461658849
964,"Banteng","BTG",1,"dist_str + ndvi_cv + slope + BB",-0.267621019292643,0.719478011739207,0.765197726260288
965,"Banteng","BTG",1,"dist_str + ndvi_cv + slope + BB",-0.270830669766808,0.697027762335307,0.762745641426759
966,"Banteng","BTG",1,"dist_str + ndvi_cv + slope + BB",-0.256784914711607,0.682840802032078,0.773534573060803
967,"Banteng","BTG",1,"dist_str + ndvi_cv + slope + BB",-0.231157565436486,0.670635605522925,0.793614434306434
968,"Banteng","BTG",1,"dist_str + ndvi_cv + slope + BB",-0.20476389085577,0.685465930399616,0.814839684815203
969,"Banteng","BTG",1,"dist_str + ndvi_cv + slope + BB",-0.0602169715450363,0.683366717882123,0.941560226427484
970,"Banteng","BTG",1,"dist_str + ndvi_cv + slope + BB",0.0975228817197326,0.643778726488816,1.10243666693761
971,"Banteng","BTG",1,"dist_str + ndvi_cv + slope + BB",0.14358711975339,0.649699676198633,1.15440738029118
972,"Banteng","BTG",1,"dist_str + ndvi_cv + slope + BB",-0.0583840467415696,0.689747349716383,0.943287613179911
973,"Banteng","BTG",1,"dist_str + ndvi_cv + slope + BB",-0.120611009698293,0.722307838306329,0.886378686058884
974,"Banteng","BTG",1,"dist_str + ndvi_cv + slope + BB",-0.182599822986574,0.728565106597444,0.833101482699077
975,"Banteng","BTG",1,"dist_str + ndvi_cv + slope + BB",-0.170592209831886,0.722464795109394,0.843165338056168
976,"Banteng","BTG",1,"dist_str + ndvi_cv + slope + BB",-0.209969189172962,0.705031809523591,0.810609231094095
977,"Banteng","BTG",1,"dist_str + ndvi_cv + slope + BB",-0.221189877465749,0.692465303379108,0.801564472373433
978,"Banteng","BTG",1,"dist_str + ndvi_cv + slope + BB",-0.203766934232296,0.685814168604416,0.815652449878874
979,"Banteng","BTG",1,"dist_str + ndvi_cv + slope + BB",-0.177299582250169,0.718445048960224,0.837528845160859
980,"Banteng","BTG",1,"dist_str + ndvi_cv + slope + BB",-0.167295495196717,0.723055829954372,0.84594960184732
981,"Banteng","BTG",1,"dist_str + ndvi_cv + slope + BB",-0.166240787423092,0.74014135650113,0.84684230493313
982,"Banteng","BTG",1,"dist_str + ndvi_cv + slope + BB",-0.151710596290966,0.740436068446559,0.85923691112946
983,"Banteng","BTG",1,"dist_str + ndvi_cv + slope + BB",-0.125308358863554,0.765836149888138,0.882224821201717
984,"Banteng","BTG",1,"dist_str + ndvi_cv + slope + BB",-0.10386406565669,0.760895319692771,0.901347816394355
985,"Banteng","BTG",1,"dist_str + ndvi_cv + slope + BB",-0.125109010529783,0.755260844779356,0.882400707334471
986,"Banteng","BTG",1,"dist_str + ndvi_cv + slope + BB",-0.101928244960574,0.757075432840694,0.903094351558758
987,"Banteng","BTG",1,"dist_str + ndvi_cv + slope + BB",-0.0748285149992009,0.766464047443613,0.927902594406815
988,"Banteng","BTG",1,"dist_str + ndvi_cv + slope + BB",-0.0491072394853224,0.776114559238137,0.952079070016062
989,"Banteng","BTG",1,"dist_str + ndvi_cv + slope + BB",-0.0302483582976124,0.78329436041669,0.970204547556549
990,"Banteng","BTG",1,"dist_str + ndvi_cv + slope + BB",0.00828529328411674,0.806345543474944,1.00831971223556
991,"Banteng","BTG",1,"dist_str + ndvi_cv + slope + BB",0.0507169196356401,0.804865942480579,1.05202504398393
992,"Banteng","BTG",1,"dist_str + ndvi_cv + slope + BB",0.128382044426081,0.813115758031096,1.13698729939185
993,"Banteng","BTG",1,"dist_str + ndvi_cv + slope + BB",0.134790933656956,0.848217673361909,1.14429753977542
994,"Banteng","BTG",1,"dist_str + ndvi_cv + slope + BB",0.149168256814769,0.877539879038449,1.16086829710849
995,"Banteng","BTG",1,"dist_str + ndvi_cv + slope + BB",0.186708265916945,0.900971248944764,1.20527562770248
996,"Banteng","BTG",1,"dist_str + ndvi_cv + slope + BB",0.18602363103655,0.936188505849641,1.20445072272527
997,"Banteng","BTG",1,"dist_str + ndvi_cv + slope + BB",0.234239825223384,0.94145823964548,1.26394758247249
998,"Banteng","BTG",1,"dist_str + ndvi_cv + slope + BB",0.229300829998813,0.97539761414313,1.25772034266427
999,"Banteng","BTG",1,"dist_str + ndvi_cv + slope + BB",0.180822225904839,1.01686245364389,1.19820220050211
1000,"Banteng","BTG",1,"dist_str + ndvi_cv + slope + BB",0.211820864802799,1.08724607706308,1.2359264689948
1001,"Banteng","BTG",1,"dist_str + ndvi_cv + slope + BB",0.233396276284199,1.14465789874698,1.26288195646573
1002,"Banteng","BTG",1,"dist_str + ndvi_cv + slope + BB",0.184900589559381,1.20453183384306,1.2030988367862
1003,"Banteng","BTG",1,"dist_str + ndvi_cv + slope + BB",0.192311319953785,1.326099802863,1.21204779310881
1004,"Banteng","BTG",1,"dist_str + ndvi_cv + slope + BB",-0.302354509050174,1.06370801816603,0.739076013265599
1005,"Banteng","BTG",1,"dist_str + ndvi_cv + slope + BB",-0.33788792621225,0.945741494638526,0.713275239719518
1006,"Banteng","BTG",1,"dist_str + ndvi_cv + slope + BB",-0.294816814289583,0.901460384307019,0.74466798774598
1007,"Banteng","BTG",1,"dist_str + ndvi_cv + slope + BB",-0.269816736325083,0.863297931758865,0.76351940691961
1008,"Banteng","BTG",1,"dist_str + ndvi_cv + slope + BB",-0.240206992252245,0.831155522118652,0.786465052112151
1009,"Banteng","BTG",1,"dist_str + ndvi_cv + slope + BB",-0.263476206392117,0.781495673189469,0.768375905145759
1010,"Banteng","BTG",1,"dist_str + ndvi_cv + slope + BB",-0.261185346113479,0.757389953846053,0.77013816433349
1011,"Banteng","BTG",1,"dist_str + ndvi_cv + slope + BB",-0.256337914892352,0.744816021677504,0.773880419435156
1012,"Banteng","BTG",1,"dist_str + ndvi_cv + slope + BB",-0.294401715329276,0.736362656028465,0.744977163356036
1013,"Banteng","BTG",1,"dist_str + ndvi_cv + slope + BB",-0.266538256646346,0.718909015471771,0.766026698146567
1014,"Banteng","BTG",1,"dist_str + ndvi_cv + slope + BB",-0.282312818160171,0.682349901951426,0.754037770928183
1015,"Banteng","BTG",1,"dist_str + ndvi_cv + slope + BB",-0.237915152332805,0.675074272321164,0.788269572395147
1016,"Banteng","BTG",1,"dist_str + ndvi_cv + slope + BB",-0.220818839670905,0.669991706052757,0.801861934109394
1017,"Banteng","BTG",1,"dist_str + ndvi_cv + slope + BB",-0.14189036942594,0.670892309555072,0.867716379526568
1018,"Banteng","BTG",1,"dist_str + ndvi_cv + slope + BB",-0.0872316207273228,0.664937062816879,0.916464800423004
1019,"Banteng","BTG",1,"dist_str + ndvi_cv + slope + BB",-0.0560638206605573,0.668888782570621,0.945478875367965
1020,"Banteng","BTG",1,"dist_str + ndvi_cv + slope + BB",-0.11176379259755,0.695282936495968,0.894255464572323
1021,"Banteng","BTG",1,"dist_str + ndvi_cv + slope + BB",-0.125640195037677,0.710996185227666,0.881932113305348
1022,"Banteng","BTG",1,"dist_str + ndvi_cv + slope + BB",-0.205828873397318,0.699968398550986,0.813972364617334
1023,"Banteng","BTG",1,"dist_str + ndvi_cv + slope + BB",-0.222350342914045,0.70578588451421,0.800634818506531
1024,"Banteng","BTG",1,"dist_str + ndvi_cv + slope + BB",-0.228409829044968,0.705988140377476,0.795798054884544
1025,"Banteng","BTG",1,"dist_str + ndvi_cv + slope + BB",-0.231884854688612,0.691046916076903,0.793037432691833
1026,"Banteng","BTG",1,"dist_str + ndvi_cv + slope + BB",-0.190836975549773,0.697012192511407,0.826267281594378
1027,"Banteng","BTG",1,"dist_str + ndvi_cv + slope + BB",-0.205029087959753,0.693362890899343,0.81462362446405
1028,"Banteng","BTG",1,"dist_str + ndvi_cv + slope + BB",-0.162348309263644,0.706549129871684,0.850145046353993
1029,"Banteng","BTG",1,"dist_str + ndvi_cv + slope + BB",-0.144915295705184,0.73927570134937,0.86509556735558
1030,"Banteng","BTG",1,"dist_str + ndvi_cv + slope + BB",-0.12082910045867,0.751299658506411,0.886185395428249
1031,"Banteng","BTG",1,"dist_str + ndvi_cv + slope + BB",-0.114709278512745,0.761561324555092,0.891625325441594
1032,"Banteng","BTG",1,"dist_str + ndvi_cv + slope + BB",-0.120446265703845,0.759455695103188,0.886524723945953
1033,"Banteng","BTG",1,"dist_str + ndvi_cv + slope + BB",-0.132403197914643,0.736365913813902,0.875987729269828
1034,"Banteng","BTG",1,"dist_str + ndvi_cv + slope + BB",-0.093299808830559,0.737507486242843,0.910920358638344
1035,"Banteng","BTG",1,"dist_str + ndvi_cv + slope + BB",-0.0599031011214379,0.764761163000521,0.941855798067388
1036,"Banteng","BTG",1,"dist_str + ndvi_cv + slope + BB",-0.0520207969582406,0.77185558467605,0.949309130943832
1037,"Banteng","BTG",1,"dist_str + ndvi_cv + slope + BB",0.00389465861646343,0.786497000666497,1.0039022689887
1038,"Banteng","BTG",1,"dist_str + ndvi_cv + slope + BB",0.0357996592956544,0.789427968706998,1.03644818419447
1039,"Banteng","BTG",1,"dist_str + ndvi_cv + slope + BB",0.0733533397654562,0.811048826086747,1.07611070248474
1040,"Banteng","BTG",1,"dist_str + ndvi_cv + slope + BB",0.0967290427780528,0.818828655280345,1.10156185710355
1041,"Banteng","BTG",1,"dist_str + ndvi_cv + slope + BB",0.13338867217842,0.8322599786796,1.14269404931601
1042,"Banteng","BTG",1,"dist_str + ndvi_cv + slope + BB",0.171343824645656,0.892887246656836,1.18689876432127
1043,"Banteng","BTG",1,"dist_str + ndvi_cv + slope + BB",0.179666036876058,0.894576935460528,1.19681760405743
1044,"Banteng","BTG",1,"dist_str + ndvi_cv + slope + BB",0.181170333322204,0.898245518861048,1.19861933675584
1045,"Banteng","BTG",1,"dist_str + ndvi_cv + slope + BB",0.223904702354632,0.933335598858409,1.25095180318647
1046,"Banteng","BTG",1,"dist_str + ndvi_cv + slope + BB",0.209104182242981,0.940221400966671,1.23257342250342
1047,"Banteng","BTG",1,"dist_str + ndvi_cv + slope + BB",0.218925164638297,0.938227506872301,1.24473813006145
1048,"Banteng","BTG",1,"dist_str + ndvi_cv + slope + BB",0.175117957789799,1.01000271050605,1.19138691868327
1049,"Banteng","BTG",1,"dist_str + ndvi_cv + slope + BB",0.208726631136103,1.07404133725956,1.2321081350605
1050,"Banteng","BTG",1,"dist_str + ndvi_cv + slope + BB",0.229323410926929,1.1520801777023,1.2577487485282
1051,"Banteng","BTG",1,"dist_str + ndvi_cv + slope + BB",0.185054391125976,1.27232425585995,1.20328388773725
1052,"Banteng","BTG",1,"dist_str + ndvi_cv + slope + BB",-0.336901036140753,0.973827554144217,0.713979495605367
1053,"Banteng","BTG",1,"dist_str + ndvi_cv + slope + BB",-0.340039954181122,0.875783010464504,0.711741885245444
1054,"Banteng","BTG",1,"dist_str + ndvi_cv + slope + BB",-0.286720361202558,0.850073560647198,0.750721634211671
1055,"Banteng","BTG",1,"dist_str + ndvi_cv + slope + BB",-0.286786361456862,0.820122504506821,0.750672084510682
1056,"Banteng","BTG",1,"dist_str + ndvi_cv + slope + BB",-0.282715023599637,0.783655464792455,0.753734560677571
1057,"Banteng","BTG",1,"dist_str + ndvi_cv + slope + BB",-0.282279916627941,0.766811680381293,0.754062580777266
1058,"Banteng","BTG",1,"dist_str + ndvi_cv + slope + BB",-0.283763272815198,0.743492613735202,0.752944866890914
1059,"Banteng","BTG",1,"dist_str + ndvi_cv + slope + BB",-0.305717824297118,0.738002046090176,0.736594439281861
1060,"Banteng","BTG",1,"dist_str + ndvi_cv + slope + BB",-0.294632164973703,0.722716569835312,0.744805502707737
1061,"Banteng","BTG",1,"dist_str + ndvi_cv + slope + BB",-0.323986124060549,0.693698516656547,0.723260278420104
1062,"Banteng","BTG",1,"dist_str + ndvi_cv + slope + BB",-0.293531573245356,0.691853521285728,0.745625680802646
1063,"Banteng","BTG",1,"dist_str + ndvi_cv + slope + BB",-0.266661331397523,0.674182037708193,0.765932424822261
1064,"Banteng","BTG",1,"dist_str + ndvi_cv + slope + BB",-0.243192994756664,0.671039725682228,0.784120173505163
1065,"Banteng","BTG",1,"dist_str + ndvi_cv + slope + BB",-0.217565064741007,0.678395643247245,0.804475280144058
1066,"Banteng","BTG",1,"dist_str + ndvi_cv + slope + BB",-0.188888883696444,0.674365958333179,0.827878495069697
1067,"Banteng","BTG",1,"dist_str + ndvi_cv + slope + BB",-0.167814264303179,0.69871853694377,0.845510863175177
1068,"Banteng","BTG",1,"dist_str + ndvi_cv + slope + BB",-0.174085283346863,0.704054261594249,0.840225237391975
1069,"Banteng","BTG",1,"dist_str + ndvi_cv + slope + BB",-0.198510084911414,0.702535058061778,0.819951506384666
1070,"Banteng","BTG",1,"dist_str + ndvi_cv + slope + BB",-0.245120701582469,0.693742405245266,0.782610076431019
1071,"Banteng","BTG",1,"dist_str + ndvi_cv + slope + BB",-0.258462836956907,0.687171946431375,0.772237730086605
1072,"Banteng","BTG",1,"dist_str + ndvi_cv + slope + BB",-0.245048847731108,0.68384788989544,0.782666306336614
1073,"Banteng","BTG",1,"dist_str + ndvi_cv + slope + BB",-0.217899357279116,0.658581821188118,0.804206394216302
1074,"Banteng","BTG",1,"dist_str + ndvi_cv + slope + BB",-0.21674656448359,0.694662106061402,0.805133993255864
1075,"Banteng","BTG",1,"dist_str + ndvi_cv + slope + BB",-0.182523334448001,0.722247645251889,0.833165211207631
1076,"Banteng","BTG",1,"dist_str + ndvi_cv + slope + BB",-0.147855759139029,0.717419489390991,0.862555522469618
1077,"Banteng","BTG",1,"dist_str + ndvi_cv + slope + BB",-0.121442572810615,0.763855294272284,0.885641913059453
1078,"Banteng","BTG",1,"dist_str + ndvi_cv + slope + BB",-0.121668523267431,0.76925741332721,0.885441827288571
1079,"Banteng","BTG",1,"dist_str + ndvi_cv + slope + BB",-0.120989691329013,0.743002949552771,0.886043095411415
1080,"Banteng","BTG",1,"dist_str + ndvi_cv + slope + BB",-0.116180808184959,0.746431565193271,0.890314241398186
1081,"Banteng","BTG",1,"dist_str + ndvi_cv + slope + BB",-0.100570400644835,0.739697815026002,0.904321447344109
1082,"Banteng","BTG",1,"dist_str + ndvi_cv + slope + BB",-0.0576741881509131,0.742121801996355,0.943957450418269
1083,"Banteng","BTG",1,"dist_str + ndvi_cv + slope + BB",-0.0395001872399723,0.751768646408639,0.961269782332592
1084,"Banteng","BTG",1,"dist_str + ndvi_cv + slope + BB",0.0286533844887777,0.758660531875313,1.02906785595586
1085,"Banteng","BTG",1,"dist_str + ndvi_cv + slope + BB",0.0402698216618237,0.804734433634824,1.04109165929353
1086,"Banteng","BTG",1,"dist_str + ndvi_cv + slope + BB",0.0664544616157766,0.803709627884739,1.06871229559636
1087,"Banteng","BTG",1,"dist_str + ndvi_cv + slope + BB",0.0979889348905599,0.807325237568608,1.10295058164262
1088,"Banteng","BTG",1,"dist_str + ndvi_cv + slope + BB",0.154121376225685,0.854995200063544,1.16663247975656
1089,"Banteng","BTG",1,"dist_str + ndvi_cv + slope + BB",0.130791388036146,0.865922007786968,1.13973001585002
1090,"Banteng","BTG",1,"dist_str + ndvi_cv + slope + BB",0.172384241010174,0.879046857221995,1.18813427591654
1091,"Banteng","BTG",1,"dist_str + ndvi_cv + slope + BB",0.186616143075316,0.889249320434393,1.20516458548037
1092,"Banteng","BTG",1,"dist_str + ndvi_cv + slope + BB",0.200841643241258,0.893239600661478,1.22243117675087
1093,"Banteng","BTG",1,"dist_str + ndvi_cv + slope + BB",0.180661663232654,0.904381260079525,1.19800979024489
1094,"Banteng","BTG",1,"dist_str + ndvi_cv + slope + BB",0.202978353081394,0.943080037176893,1.22504594978933
1095,"Banteng","BTG",1,"dist_str + ndvi_cv + slope + BB",0.194746167762803,0.987422814682686,1.21500254645172
1096,"Banteng","BTG",1,"dist_str + ndvi_cv + slope + BB",0.202691594290833,1.06133217608298,1.22469475447294
1097,"Banteng","BTG",1,"dist_str + ndvi_cv + slope + BB",0.190910754712287,1.13137517990547,1.2103514398966
1098,"Banteng","BTG",1,"dist_str + ndvi_cv + slope + BB",0.160627505276318,1.28186611780288,1.17424748698453
1099,"Banteng","BTG",1,"dist_str + ndvi_cv + slope + BB",-0.334617376054213,0.963158089331793,0.71561184440502
1100,"Banteng","BTG",1,"dist_str + ndvi_cv + slope + BB",-0.337262220861459,0.876110351795103,0.713721692112924
1101,"Banteng","BTG",1,"dist_str + ndvi_cv + slope + BB",-0.309352569338734,0.828385169851489,0.733921967300593
1102,"Banteng","BTG",1,"dist_str + ndvi_cv + slope + BB",-0.282551047265131,0.796105423375635,0.753858158667495
1103,"Banteng","BTG",1,"dist_str + ndvi_cv + slope + BB",-0.279832358289351,0.766553183337416,0.755910460488745
1104,"Banteng","BTG",1,"dist_str + ndvi_cv + slope + BB",-0.303932923157455,0.758628341650669,0.737910368982171
1105,"Banteng","BTG",1,"dist_str + ndvi_cv + slope + BB",-0.30246329815375,0.743066118998176,0.738995610366225
1106,"Banteng","BTG",1,"dist_str + ndvi_cv + slope + BB",-0.320649284129389,0.742497654396856,0.725677713516853
1107,"Banteng","BTG",1,"dist_str + ndvi_cv + slope + BB",-0.310038671635095,0.701831735283398,0.733418593623068
1108,"Banteng","BTG",1,"dist_str + ndvi_cv + slope + BB",-0.367335750624231,0.707331568004278,0.692577075958347
1109,"Banteng","BTG",1,"dist_str + ndvi_cv + slope + BB",-0.356381867110276,0.696847483432048,0.700205184023699
1110,"Banteng","BTG",1,"dist_str + ndvi_cv + slope + BB",-0.336296350468158,0.683543040794517,0.714411364423539
1111,"Banteng","BTG",1,"dist_str + ndvi_cv + slope + BB",-0.308149933215409,0.667608498158121,0.734805138084117
1112,"Banteng","BTG",1,"dist_str + ndvi_cv + slope + BB",-0.295935935001753,0.698684808347153,0.743835080599
1113,"Banteng","BTG",1,"dist_str + ndvi_cv + slope + BB",-0.262945818317973,0.706739055666426,0.76878355119868
1114,"Banteng","BTG",1,"dist_str + ndvi_cv + slope + BB",-0.235568669884518,0.699429226729035,0.790121403884416
1115,"Banteng","BTG",1,"dist_str + ndvi_cv + slope + BB",-0.242208785568166,0.685962715825872,0.784892287907605
1116,"Banteng","BTG",1,"dist_str + ndvi_cv + slope + BB",-0.280245612028141,0.693519421131626,0.755598136753737
1117,"Banteng","BTG",1,"dist_str + ndvi_cv + slope + BB",-0.299827517499162,0.671157703047314,0.740946010175928
1118,"Banteng","BTG",1,"dist_str + ndvi_cv + slope + BB",-0.280991580397329,0.682518546931638,0.755034692639376
1119,"Banteng","BTG",1,"dist_str + ndvi_cv + slope + BB",-0.27220976254139,0.694103139397672,0.761694469709082
1120,"Banteng","BTG",1,"dist_str + ndvi_cv + slope + BB",-0.272376766817548,0.699361275546479,0.761567273764853
1121,"Banteng","BTG",1,"dist_str + ndvi_cv + slope + BB",-0.240471723179825,0.691322616321906,0.786256877979105
1122,"Banteng","BTG",1,"dist_str + ndvi_cv + slope + BB",-0.1746878134754,0.717930061036314,0.839719160483429
1123,"Banteng","BTG",1,"dist_str + ndvi_cv + slope + BB",-0.180843263665182,0.732722401399183,0.834566157438938
1124,"Banteng","BTG",1,"dist_str + ndvi_cv + slope + BB",-0.147803962117797,0.752295957040893,0.862600203868635
1125,"Banteng","BTG",1,"dist_str + ndvi_cv + slope + BB",-0.156610692543429,0.760638109596529,0.855036868048277
1126,"Banteng","BTG",1,"dist_str + ndvi_cv + slope + BB",-0.131443973074633,0.755704067265889,0.876828399795669
1127,"Banteng","BTG",1,"dist_str + ndvi_cv + slope + BB",-0.145088400393126,0.715946163698608,0.864945841146823
1128,"Banteng","BTG",1,"dist_str + ndvi_cv + slope + BB",-0.0889507741970602,0.739017594674345,0.914890609210305
1129,"Banteng","BTG",1,"dist_str + ndvi_cv + slope + BB",-0.0744117265760746,0.728778793074012,0.928289414144073
1130,"Banteng","BTG",1,"dist_str + ndvi_cv + slope + BB",-0.0345880694549576,0.728477469766806,0.966003265366704
1131,"Banteng","BTG",1,"dist_str + ndvi_cv + slope + BB",-0.0213872934236207,0.764526603882555,0.97883979313825
1132,"Banteng","BTG",1,"dist_str + ndvi_cv + slope + BB",0.0445025384019663,0.7759644130352,1.04550763075255
1133,"Banteng","BTG",1,"dist_str + ndvi_cv + slope + BB",0.0790236246547084,0.78616309505419,1.08222995422976
1134,"Banteng","BTG",1,"dist_str + ndvi_cv + slope + BB",0.126678520871188,0.811376947387342,1.13505206679736
1135,"Banteng","BTG",1,"dist_str + ndvi_cv + slope + BB",0.141379138338557,0.830185824799884,1.15186128973581
1136,"Banteng","BTG",1,"dist_str + ndvi_cv + slope + BB",0.151048077669266,0.837774749817228,1.16305259809551
1137,"Banteng","BTG",1,"dist_str + ndvi_cv + slope + BB",0.177739954006075,0.863594645679634,1.19451466893013
1138,"Banteng","BTG",1,"dist_str + ndvi_cv + slope + BB",0.176212104121291,0.855752981425424,1.19269101761904
1139,"Banteng","BTG",1,"dist_str + ndvi_cv + slope + BB",0.206371755010096,0.869776775063329,1.22921008950511
1140,"Banteng","BTG",1,"dist_str + ndvi_cv + slope + BB",0.167526289054745,0.896028874646615,1.18237637457874
1141,"Banteng","BTG",1,"dist_str + ndvi_cv + slope + BB",0.161626093007989,0.91848473020501,1.17542066355704
1142,"Banteng","BTG",1,"dist_str + ndvi_cv + slope + BB",0.208002699030323,0.964646669849987,1.23121649635786
1143,"Banteng","BTG",1,"dist_str + ndvi_cv + slope + BB",0.204498160622202,1.01265103173632,1.22690922208967
1144,"Banteng","BTG",1,"dist_str + ndvi_cv + slope + BB",0.198761400637367,1.15022970629802,1.21989086644909
1145,"Banteng","BTG",1,"dist_str + ndvi_cv + slope + BB",0.145973480262153,1.37739410255169,1.15716551830299
1146,"Banteng","BTG",1,"dist_str + ndvi_cv + slope + BB",-0.350526847650923,1.12885545623691,0.704316939554617
1147,"Banteng","BTG",1,"dist_str + ndvi_cv + slope + BB",-0.354740280390158,0.968086999251316,0.701355613561848
1148,"Banteng","BTG",1,"dist_str + ndvi_cv + slope + BB",-0.345627315458756,0.852514106058834,0.707776215936685
1149,"Banteng","BTG",1,"dist_str + ndvi_cv + slope + BB",-0.309980587684961,0.813669046178408,0.733461194774334
1150,"Banteng","BTG",1,"dist_str + ndvi_cv + slope + BB",-0.285973139577058,0.791141028504091,0.751282796853523
1151,"Banteng","BTG",1,"dist_str + ndvi_cv + slope + BB",-0.321568675794528,0.759008795446161,0.725010852125594
1152,"Banteng","BTG",1,"dist_str + ndvi_cv + slope + BB",-0.294001891176197,0.749726964952858,0.745275082028995
1153,"Banteng","BTG",1,"dist_str + ndvi_cv + slope + BB",-0.309995457978622,0.73976671198837,0.733450287923074
1154,"Banteng","BTG",1,"dist_str + ndvi_cv + slope + BB",-0.333474485497203,0.729282330364213,0.716430178275514
1155,"Banteng","BTG",1,"dist_str + ndvi_cv + slope + BB",-0.38500010860249,0.728347014766531,0.680450568505358
1156,"Banteng","BTG",1,"dist_str + ndvi_cv + slope + BB",-0.417591785220626,0.695972562086639,0.658631049717096
1157,"Banteng","BTG",1,"dist_str + ndvi_cv + slope + BB",-0.42744741055113,0.686587023636276,0.652171699562473
1158,"Banteng","BTG",1,"dist_str + ndvi_cv + slope + BB",-0.397584514670624,0.691264071768752,0.671941151884956
1159,"Banteng","BTG",1,"dist_str + ndvi_cv + slope + BB",-0.406377822758713,0.704568415775791,0.666058467832599
1160,"Banteng","BTG",1,"dist_str + ndvi_cv + slope + BB",-0.358440364410243,0.712939371218287,0.698765297827896
1161,"Banteng","BTG",1,"dist_str + ndvi_cv + slope + BB",-0.346638977983185,0.698372483440473,0.707060563386213
1162,"Banteng","BTG",1,"dist_str + ndvi_cv + slope + BB",-0.293859907906106,0.705929835512649,0.745380914449622
1163,"Banteng","BTG",1,"dist_str + ndvi_cv + slope + BB",-0.279945002149777,0.693233671421099,0.755825309597475
1164,"Banteng","BTG",1,"dist_str + ndvi_cv + slope + BB",-0.326188147261763,0.661371185140853,0.721669395212414
1165,"Banteng","BTG",1,"dist_str + ndvi_cv + slope + BB",-0.329917239207434,0.668623325028777,0.718983238937642
1166,"Banteng","BTG",1,"dist_str + ndvi_cv + slope + BB",-0.314940088387145,0.684389700544115,0.729832600074313
1167,"Banteng","BTG",1,"dist_str + ndvi_cv + slope + BB",-0.296520901037457,0.700715163080727,0.743400096979294
1168,"Banteng","BTG",1,"dist_str + ndvi_cv + slope + BB",-0.277965562283489,0.717228257937099,0.757322908937854
1169,"Banteng","BTG",1,"dist_str + ndvi_cv + slope + BB",-0.24730499182883,0.709989559352832,0.780902488825819
1170,"Banteng","BTG",1,"dist_str + ndvi_cv + slope + BB",-0.194839931428529,0.71092233072841,0.822966378900896
1171,"Banteng","BTG",1,"dist_str + ndvi_cv + slope + BB",-0.182969514500724,0.731940081145905,0.832793545946872
1172,"Banteng","BTG",1,"dist_str + ndvi_cv + slope + BB",-0.156106639084303,0.743106070081151,0.855467959198064
1173,"Banteng","BTG",1,"dist_str + ndvi_cv + slope + BB",-0.138041647882666,0.741660409363938,0.871062416102091
1174,"Banteng","BTG",1,"dist_str + ndvi_cv + slope + BB",-0.123538838773793,0.730726482912272,0.883787315826336
1175,"Banteng","BTG",1,"dist_str + ndvi_cv + slope + BB",-0.0884889084787086,0.725803203672354,0.915313264626529
1176,"Banteng","BTG",1,"dist_str + ndvi_cv + slope + BB",-0.0624177336529129,0.716296200136445,0.93949036244348
1177,"Banteng","BTG",1,"dist_str + ndvi_cv + slope + BB",-0.0484799366266377,0.732032796027479,0.952676458698372
1178,"Banteng","BTG",1,"dist_str + ndvi_cv + slope + BB",-0.0145230510368617,0.730864994953434,0.985581899810455
1179,"Banteng","BTG",1,"dist_str + ndvi_cv + slope + BB",0.0111541374981639,0.723501476756532,1.01121659003096
1180,"Banteng","BTG",1,"dist_str + ndvi_cv + slope + BB",0.0312159354998376,0.778229604737998,1.03170826334969
1181,"Banteng","BTG",1,"dist_str + ndvi_cv + slope + BB",0.0740136852215899,0.775717389257698,1.07682154458598
1182,"Banteng","BTG",1,"dist_str + ndvi_cv + slope + BB",0.105861865713531,0.807351125164542,1.11166830667231
1183,"Banteng","BTG",1,"dist_str + ndvi_cv + slope + BB",0.155621742684065,0.81508523737243,1.16838418374361
1184,"Banteng","BTG",1,"dist_str + ndvi_cv + slope + BB",0.178164840355023,0.815411578557464,1.19502229335614
1185,"Banteng","BTG",1,"dist_str + ndvi_cv + slope + BB",0.198831577778524,0.808529547159837,1.21997647751173
1186,"Banteng","BTG",1,"dist_str + ndvi_cv + slope + BB",0.178710525585089,0.810953949073586,1.19567457962297
1187,"Banteng","BTG",1,"dist_str + ndvi_cv + slope + BB",0.173314327149946,0.840313747777285,1.18923985713079
1188,"Banteng","BTG",1,"dist_str + ndvi_cv + slope + BB",0.161807376946361,0.864838862829356,1.17563377883931
1189,"Banteng","BTG",1,"dist_str + ndvi_cv + slope + BB",0.172344430030812,0.892071328285712,1.18808698000629
1190,"Banteng","BTG",1,"dist_str + ndvi_cv + slope + BB",0.178519382008423,0.914769011680075,1.19544605829935
1191,"Banteng","BTG",1,"dist_str + ndvi_cv + slope + BB",0.212965943832245,0.983531003623848,1.23734251340551
1192,"Banteng","BTG",1,"dist_str + ndvi_cv + slope + BB",-0.375183934467963,0.924784360391449,0.687162891684604
1193,"Banteng","BTG",1,"dist_str + ndvi_cv + slope + BB",-0.367055744103646,0.860679392327032,0.692771038407393
1194,"Banteng","BTG",1,"dist_str + ndvi_cv + slope + BB",-0.358987248836174,0.827876648109308,0.698383256677029
1195,"Banteng","BTG",1,"dist_str + ndvi_cv + slope + BB",-0.333845720887063,0.797214130486882,0.716164262938946
1196,"Banteng","BTG",1,"dist_str + ndvi_cv + slope + BB",-0.309995000069569,0.776404748105558,0.733450627413535
1197,"Banteng","BTG",1,"dist_str + ndvi_cv + slope + BB",-0.312161481229194,0.748762450354144,0.731863338798555
1198,"Banteng","BTG",1,"dist_str + ndvi_cv + slope + BB",-0.362349848682543,0.740048196001101,0.696038818469916
1199,"Banteng","BTG",1,"dist_str + ndvi_cv + slope + BB",-0.353899412685407,0.742622185774836,0.701945570624514
1200,"Banteng","BTG",1,"dist_str + ndvi_cv + slope + BB",-0.400748506319101,0.720949363796648,0.669818494987543
1201,"Banteng","BTG",1,"dist_str + ndvi_cv + slope + BB",-0.421361851894691,0.725256248373514,0.656152630756644
1202,"Banteng","BTG",1,"dist_str + ndvi_cv + slope + BB",-0.424265667746755,0.686869671703328,0.654250045905371
1203,"Banteng","BTG",1,"dist_str + ndvi_cv + slope + BB",-0.537704940632729,0.652062360028447,0.584087230222776
1204,"Banteng","BTG",1,"dist_str + ndvi_cv + slope + BB",-0.427059559883992,0.691856946746769,0.65242469283237
1205,"Banteng","BTG",1,"dist_str + ndvi_cv + slope + BB",-0.360253843880215,0.700375652351405,0.697499249830488
1206,"Banteng","BTG",1,"dist_str + ndvi_cv + slope + BB",-0.348850485784914,0.696287519536095,0.705498612321744
1207,"Banteng","BTG",1,"dist_str + ndvi_cv + slope + BB",-0.344163753417268,0.689895518626029,0.708812848155899
1208,"Banteng","BTG",1,"dist_str + ndvi_cv + slope + BB",-0.354643876316899,0.68613113264078,0.701423193427073
1209,"Banteng","BTG",1,"dist_str + ndvi_cv + slope + BB",-0.370607645152893,0.672006534006768,0.690314736770303
1210,"Banteng","BTG",1,"dist_str + ndvi_cv + slope + BB",-0.363392525706609,0.673590215955169,0.695313452050943
1211,"Banteng","BTG",1,"dist_str + ndvi_cv + slope + BB",-0.327114857663665,0.69103639797534,0.72100093537471
1212,"Banteng","BTG",1,"dist_str + ndvi_cv + slope + BB",-0.323314398780334,0.72066833271526,0.723746274980833
1213,"Banteng","BTG",1,"dist_str + ndvi_cv + slope + BB",-0.301432284200948,0.712441417738698,0.739757939089188
1214,"Banteng","BTG",1,"dist_str + ndvi_cv + slope + BB",-0.26359664035921,0.719739417123674,0.768283419626782
1215,"Banteng","BTG",1,"dist_str + ndvi_cv + slope + BB",-0.223481710511171,0.72657441819445,0.799729518650324
1216,"Banteng","BTG",1,"dist_str + ndvi_cv + slope + BB",-0.166348536892363,0.72933329694722,0.846751060733061
1217,"Banteng","BTG",1,"dist_str + ndvi_cv + slope + BB",-0.115038135294306,0.749569309107553,0.891332152772821
1218,"Banteng","BTG",1,"dist_str + ndvi_cv + slope + BB",-0.0846217009314063,0.742093936166349,0.918859845179887
1219,"Banteng","BTG",1,"dist_str + ndvi_cv + slope + BB",-0.0951050491699419,0.718705504652627,0.909277429577731
1220,"Banteng","BTG",1,"dist_str + ndvi_cv + slope + BB",-0.0497578171803064,0.71362268115798,0.951459864891766
1221,"Banteng","BTG",1,"dist_str + ndvi_cv + slope + BB",-0.039774929782078,0.716306665857457,0.96100571053621
1222,"Banteng","BTG",1,"dist_str + ndvi_cv + slope + BB",-0.00710185729637379,0.723459260894453,0.992923345850755
1223,"Banteng","BTG",1,"dist_str + ndvi_cv + slope + BB",-0.00667685967130499,0.742445460851863,0.993345385834733
1224,"Banteng","BTG",1,"dist_str + ndvi_cv + slope + BB",0.0327272720413283,0.736973226047606,1.03326870128147
1225,"Banteng","BTG",1,"dist_str + ndvi_cv + slope + BB",0.0507964083674083,0.757520848561792,1.05210867100862
1226,"Banteng","BTG",1,"dist_str + ndvi_cv + slope + BB",0.0752438159243039,0.776667572142526,1.07814698824709
1227,"Banteng","BTG",1,"dist_str + ndvi_cv + slope + BB",0.128669118319662,0.795262056667828,1.13731374585297
1228,"Banteng","BTG",1,"dist_str + ndvi_cv + slope + BB",0.145042463124423,0.792465789410964,1.15608874652788
1229,"Banteng","BTG",1,"dist_str + ndvi_cv + slope + BB",0.223318034369902,0.801288348234322,1.25021812913374
1230,"Banteng","BTG",1,"dist_str + ndvi_cv + slope + BB",0.225064390876064,0.79691005375985,1.25240337066118
1231,"Banteng","BTG",1,"dist_str + ndvi_cv + slope + BB",0.220511310370709,0.801034089585127,1.24671402624881
1232,"Banteng","BTG",1,"dist_str + ndvi_cv + slope + BB",0.191437949747664,0.818139762519686,1.21098971684096
1233,"Banteng","BTG",1,"dist_str + ndvi_cv + slope + BB",0.185108115097854,0.864165253609193,1.20334853589011
1234,"Banteng","BTG",1,"dist_str + ndvi_cv + slope + BB",0.172498040431843,0.876397428778556,1.1882694922548
1235,"Banteng","BTG",1,"dist_str + ndvi_cv + slope + BB",0.178782615247954,0.941856565371024,1.19576077611456
1236,"Banteng","BTG",1,"dist_str + ndvi_cv + slope + BB",0.203456821872467,0.990523255321701,1.22563223612155
1237,"Banteng","BTG",1,"dist_str + ndvi_cv + slope + BB",0.235695197142609,1.14915664758562,1.26578843723636
1238,"Banteng","BTG",1,"dist_str + ndvi_cv + slope + BB",-0.331803477765128,1.10738050637668,0.717628423175274
1239,"Banteng","BTG",1,"dist_str + ndvi_cv + slope + BB",-0.332732234146574,0.942260325303134,0.716962151718475
1240,"Banteng","BTG",1,"dist_str + ndvi_cv + slope + BB",-0.320353076362575,0.856119123069808,0.725892696665162
1241,"Banteng","BTG",1,"dist_str + ndvi_cv + slope + BB",-0.345336255338233,0.841841734744629,0.707982250745212
1242,"Banteng","BTG",1,"dist_str + ndvi_cv + slope + BB",-0.354902438207431,0.808835857677333,0.701241858001579
1243,"Banteng","BTG",1,"dist_str + ndvi_cv + slope + BB",-0.329029059546423,0.780266448774764,0.719622105306916
1244,"Banteng","BTG",1,"dist_str + ndvi_cv + slope + BB",-0.364315010251122,0.753400209197332,0.694672337521252
1245,"Banteng","BTG",1,"dist_str + ndvi_cv + slope + BB",-0.405026594640552,0.735210236825264,0.666959076405976
1246,"Banteng","BTG",1,"dist_str + ndvi_cv + slope + BB",-0.397650113258935,0.729338584153526,0.671897081137146
1247,"Banteng","BTG",1,"dist_str + ndvi_cv + slope + BB",-0.414949334091241,0.720844644232922,0.660373740054976
1248,"Banteng","BTG",1,"dist_str + ndvi_cv + slope + BB",-0.436124693638422,0.703297479415975,0.6465371127326
1249,"Banteng","BTG",1,"dist_str + ndvi_cv + slope + BB",-0.451853462582373,0.708944938053539,0.63644742776623
1250,"Banteng","BTG",1,"dist_str + ndvi_cv + slope + BB",-0.437439729183841,0.712982642072821,0.645687444531812
1251,"Banteng","BTG",1,"dist_str + ndvi_cv + slope + BB",-0.430606953252345,0.701507803073596,0.650114386751701
1252,"Banteng","BTG",1,"dist_str + ndvi_cv + slope + BB",-0.395828078584715,0.710970336490406,0.673122416925793
1253,"Banteng","BTG",1,"dist_str + ndvi_cv + slope + BB",-0.373735661120679,0.707552326462034,0.688158795705893
1254,"Banteng","BTG",1,"dist_str + ndvi_cv + slope + BB",-0.347144433824773,0.697068950993257,0.706703257863965
1255,"Banteng","BTG",1,"dist_str + ndvi_cv + slope + BB",-0.329466442424803,0.699849128461274,0.719307423142387
1256,"Banteng","BTG",1,"dist_str + ndvi_cv + slope + BB",-0.365212304325001,0.696676588112593,0.694049285677719
1257,"Banteng","BTG",1,"dist_str + ndvi_cv + slope + BB",-0.36312312232189,0.689514771572331,0.695500796557884
1258,"Banteng","BTG",1,"dist_str + ndvi_cv + slope + BB",-0.351167705802789,0.708639924932658,0.703865702130997
1259,"Banteng","BTG",1,"dist_str + ndvi_cv + slope + BB",-0.340186400996921,0.70085349432712,0.71163766132638
1260,"Banteng","BTG",1,"dist_str + ndvi_cv + slope + BB",-0.305347537752809,0.715951162131801,0.736867241028833
1261,"Banteng","BTG",1,"dist_str + ndvi_cv + slope + BB",-0.279770209351575,0.709043924992817,0.755957433891448
1262,"Banteng","BTG",1,"dist_str + ndvi_cv + slope + BB",-0.203827313619898,0.728637007087351,0.815603211931982
1263,"Banteng","BTG",1,"dist_str + ndvi_cv + slope + BB",-0.163808902152824,0.733623923962274,0.848904236116961
1264,"Banteng","BTG",1,"dist_str + ndvi_cv + slope + BB",-0.0993168469670071,0.73008512712217,0.905455771928068
1265,"Banteng","BTG",1,"dist_str + ndvi_cv + slope + BB",-0.0652599120770756,0.732816825516668,0.936823940039283
1266,"Banteng","BTG",1,"dist_str + ndvi_cv + slope + BB",-0.0476798096968983,0.723912291513921,0.953439021557776
1267,"Banteng","BTG",1,"dist_str + ndvi_cv + slope + BB",-0.0236086671651876,0.730666809666171,0.976667837470224
1268,"Banteng","BTG",1,"dist_str + ndvi_cv + slope + BB",0.00355175889342284,0.72334566775838,1.00355813599128
1269,"Banteng","BTG",1,"dist_str + ndvi_cv + slope + BB",-0.00407226602746696,0.731450093040061,0.995936015580958
1270,"Banteng","BTG",1,"dist_str + ndvi_cv + slope + BB",0.0210413166751623,0.733793809981578,1.02126424727988
1271,"Banteng","BTG",1,"dist_str + ndvi_cv + slope + BB",0.0599106704516274,0.751509676213966,1.06174169750693
1272,"Banteng","BTG",1,"dist_str + ndvi_cv + slope + BB",0.0907318521840155,0.765873823854971,1.09497535065082
1273,"Banteng","BTG",1,"dist_str + ndvi_cv + slope + BB",0.105934227122726,0.783052830931408,1.11174875124806
1274,"Banteng","BTG",1,"dist_str + ndvi_cv + slope + BB",0.138511706417708,0.793261734550104,1.14856314326966
1275,"Banteng","BTG",1,"dist_str + ndvi_cv + slope + BB",0.150181851719364,0.778624950661733,1.16204554468501
1276,"Banteng","BTG",1,"dist_str + ndvi_cv + slope + BB",0.179935442334657,0.790122982479939,1.19714007609151
1277,"Banteng","BTG",1,"dist_str + ndvi_cv + slope + BB",0.221261198148833,0.783122358157589,1.24764928683172
1278,"Banteng","BTG",1,"dist_str + ndvi_cv + slope + BB",0.233326853622177,0.800537475537179,1.26279418268837
1279,"Banteng","BTG",1,"dist_str + ndvi_cv + slope + BB",0.217242826912263,0.807557747689682,1.24264581510612
1280,"Banteng","BTG",1,"dist_str + ndvi_cv + slope + BB",0.226670800707547,0.853156253112643,1.25441686786413
1281,"Banteng","BTG",1,"dist_str + ndvi_cv + slope + BB",0.200231633800686,0.888085979252454,1.22168572064608
1282,"Banteng","BTG",1,"dist_str + ndvi_cv + slope + BB",0.224565542595241,0.941836969931293,1.25177875853498
1283,"Banteng","BTG",1,"dist_str + ndvi_cv + slope + BB",0.234180216232324,0.991287377450193,1.26387224767214
1284,"Banteng","BTG",1,"dist_str + ndvi_cv + slope + BB",0.223730015362659,1.0690898653603,1.25073332092531
1285,"Banteng","BTG",1,"dist_str + ndvi_cv + slope + BB",-0.336789495346698,1.11322172950616,0.714059171200113
1286,"Banteng","BTG",1,"dist_str + ndvi_cv + slope + BB",-0.353018205543365,0.957982232859779,0.702564402773786
1287,"Banteng","BTG",1,"dist_str + ndvi_cv + slope + BB",-0.313772346189438,0.872837072738759,0.730685352819489
1288,"Banteng","BTG",1,"dist_str + ndvi_cv + slope + BB",-0.360023882336293,0.825664979210417,0.697659665445432
1289,"Banteng","BTG",1,"dist_str + ndvi_cv + slope + BB",-0.349149518207687,0.8185372298548,0.705287674703968
1290,"Banteng","BTG",1,"dist_str + ndvi_cv + slope + BB",-0.334317315083084,0.775568291562676,0.715826608710559
1291,"Banteng","BTG",1,"dist_str + ndvi_cv + slope + BB",-0.377176762562231,0.765647477410747,0.685794841549585
1292,"Banteng","BTG",1,"dist_str + ndvi_cv + slope + BB",-0.406431061591752,0.749506130252778,0.666023008906088
1293,"Banteng","BTG",1,"dist_str + ndvi_cv + slope + BB",-0.404921997695589,0.745424172064832,0.667028838892782
1294,"Banteng","BTG",1,"dist_str + ndvi_cv + slope + BB",-0.401692568756045,0.73461098970729,0.66918645769598
1295,"Banteng","BTG",1,"dist_str + ndvi_cv + slope + BB",-0.409763043313761,0.715863416912647,0.663807531067044
1296,"Banteng","BTG",1,"dist_str + ndvi_cv + slope + BB",-0.410267597213227,0.70384249908996,0.663472684160585
1297,"Banteng","BTG",1,"dist_str + ndvi_cv + slope + BB",-0.389537346816038,0.702890130893558,0.677370192512412
1298,"Banteng","BTG",1,"dist_str + ndvi_cv + slope + BB",-0.395940701788992,0.716720403974364,0.673046605391073
1299,"Banteng","BTG",1,"dist_str + ndvi_cv + slope + BB",-0.374969613548685,0.696028877288653,0.687310164420107
1300,"Banteng","BTG",1,"dist_str + ndvi_cv + slope + BB",-0.34619975702596,0.697421841137239,0.70737117067694
1301,"Banteng","BTG",1,"dist_str + ndvi_cv + slope + BB",-0.362569837036755,0.694096099813356,0.695885714242407
1302,"Banteng","BTG",1,"dist_str + ndvi_cv + slope + BB",-0.337640304275826,0.714910601990065,0.713451867344496
1303,"Banteng","BTG",1,"dist_str + ndvi_cv + slope + BB",-0.361809134085053,0.704682841067129,0.696415279216995
1304,"Banteng","BTG",1,"dist_str + ndvi_cv + slope + BB",-0.349245292503296,0.682980978379555,0.705220126286685
1305,"Banteng","BTG",1,"dist_str + ndvi_cv + slope + BB",-0.345181611442746,0.68272673044953,0.708091747710652
1306,"Banteng","BTG",1,"dist_str + ndvi_cv + slope + BB",-0.331439749955635,0.701469570584675,0.717889410500277
1307,"Banteng","BTG",1,"dist_str + ndvi_cv + slope + BB",-0.290705676455925,0.711418379505307,0.747735721881016
1308,"Banteng","BTG",1,"dist_str + ndvi_cv + slope + BB",-0.255415045963361,0.712092793290761,0.774594938772239
1309,"Banteng","BTG",1,"dist_str + ndvi_cv + slope + BB",-0.223972298008051,0.71242735733035,0.799337277302157
1310,"Banteng","BTG",1,"dist_str + ndvi_cv + slope + BB",-0.136175576850385,0.713093121536243,0.872689407573086
1311,"Banteng","BTG",1,"dist_str + ndvi_cv + slope + BB",-0.13797446837569,0.727563267558043,0.871120932865527
1312,"Banteng","BTG",1,"dist_str + ndvi_cv + slope + BB",-0.0421989491271403,0.707509785146655,0.958679060344938
1313,"Banteng","BTG",1,"dist_str + ndvi_cv + slope + BB",-0.0251296831063813,0.721316829516915,0.975183447020198
1314,"Banteng","BTG",1,"dist_str + ndvi_cv + slope + BB",0.0176339930287915,0.724844349375661,1.01779039059598
1315,"Banteng","BTG",1,"dist_str + ndvi_cv + slope + BB",0.0127999966614883,0.729493593969052,1.01288226834781
1316,"Banteng","BTG",1,"dist_str + ndvi_cv + slope + BB",0.0328904877010444,0.731534142537077,1.03343736314029
1317,"Banteng","BTG",1,"dist_str + ndvi_cv + slope + BB",0.0555236918221848,0.733829221173482,1.05709406519107
1318,"Banteng","BTG",1,"dist_str + ndvi_cv + slope + BB",0.0965464841046891,0.7536320853417,1.10136077576629
1319,"Banteng","BTG",1,"dist_str + ndvi_cv + slope + BB",0.124892121162094,0.774284215725965,1.13302621817726
1320,"Banteng","BTG",1,"dist_str + ndvi_cv + slope + BB",0.143343745129736,0.794958502916731,1.15412647957622
1321,"Banteng","BTG",1,"dist_str + ndvi_cv + slope + BB",0.144021996036626,0.769902091097352,1.15490953912636
1322,"Banteng","BTG",1,"dist_str + ndvi_cv + slope + BB",0.166947972993958,0.777325767255664,1.18169278382685
1323,"Banteng","BTG",1,"dist_str + ndvi_cv + slope + BB",0.159320395204423,0.763381684669024,1.17271361881275
1324,"Banteng","BTG",1,"dist_str + ndvi_cv + slope + BB",0.203573806867313,0.779691949125981,1.22577564770951
1325,"Banteng","BTG",1,"dist_str + ndvi_cv + slope + BB",0.214351877487721,0.820600206880254,1.23905857507323
1326,"Banteng","BTG",1,"dist_str + ndvi_cv + slope + BB",0.242572846176626,0.83477197111815,1.27452410186314
1327,"Banteng","BTG",1,"dist_str + ndvi_cv + slope + BB",0.225271590439977,0.843925882104434,1.25266288672605
1328,"Banteng","BTG",1,"dist_str + ndvi_cv + slope + BB",0.200950629439465,0.898099069331617,1.22256442779143
1329,"Banteng","BTG",1,"dist_str + ndvi_cv + slope + BB",0.211608250416893,0.940895880312248,1.23566372057895
1330,"Banteng","BTG",1,"dist_str + ndvi_cv + slope + BB",0.202747103452754,0.991504061337493,1.22476269091602
1331,"Banteng","BTG",1,"dist_str + ndvi_cv + slope + BB",0.236078952018947,1.08126558905096,1.26627428432342
1332,"Banteng","BTG",1,"dist_str + ndvi_cv + slope + BB",-0.309202074021648,0.993371193781293,0.734032427303739
1333,"Banteng","BTG",1,"dist_str + ndvi_cv + slope + BB",-0.335456590039686,0.888453115665105,0.715011544978701
1334,"Banteng","BTG",1,"dist_str + ndvi_cv + slope + BB",-0.312583033870418,0.821223982674786,0.731554882608895
1335,"Banteng","BTG",1,"dist_str + ndvi_cv + slope + BB",-0.310182869712391,0.795532088782563,0.733312848022764
1336,"Banteng","BTG",1,"dist_str + ndvi_cv + slope + BB",-0.322492376269761,0.779524135114615,0.724341463190159
1337,"Banteng","BTG",1,"dist_str + ndvi_cv + slope + BB",-0.357817321874439,0.760826922170866,0.699200792068413
1338,"Banteng","BTG",1,"dist_str + ndvi_cv + slope + BB",-0.387944146066738,0.740960457434161,0.67845023833697
1339,"Banteng","BTG",1,"dist_str + ndvi_cv + slope + BB",-0.39663905220655,0.742868833867135,0.672576747019127
1340,"Banteng","BTG",1,"dist_str + ndvi_cv + slope + BB",-0.38330764517332,0.740016381018467,0.681603191977227
1341,"Banteng","BTG",1,"dist_str + ndvi_cv + slope + BB",-0.379996079913827,0.71616987397899,0.683864092311669
1342,"Banteng","BTG",1,"dist_str + ndvi_cv + slope + BB",-0.399538693744696,0.712321955767783,0.670629341738591
1343,"Banteng","BTG",1,"dist_str + ndvi_cv + slope + BB",-0.375713839524258,0.703829090470106,0.686798839618604
1344,"Banteng","BTG",1,"dist_str + ndvi_cv + slope + BB",-0.350091210261707,0.7139527825397,0.704623818363268
1345,"Banteng","BTG",1,"dist_str + ndvi_cv + slope + BB",-0.320299429705812,0.705276585043113,0.725931649185224
1346,"Banteng","BTG",1,"dist_str + ndvi_cv + slope + BB",-0.306965529598838,0.696727550815989,0.735675960324894
1347,"Banteng","BTG",1,"dist_str + ndvi_cv + slope + BB",-0.311582703057145,0.697715669457922,0.732287048545091
1348,"Banteng","BTG",1,"dist_str + ndvi_cv + slope + BB",-0.331732210860169,0.686659359584496,0.717679483977893
1349,"Banteng","BTG",1,"dist_str + ndvi_cv + slope + BB",-0.355665650523479,0.672418658123438,0.700706862049305
1350,"Banteng","BTG",1,"dist_str + ndvi_cv + slope + BB",-0.364557864387814,0.669955414146204,0.694503647802186
1351,"Banteng","BTG",1,"dist_str + ndvi_cv + slope + BB",-0.356399850831644,0.669502027325603,0.700192633864247
1352,"Banteng","BTG",1,"dist_str + ndvi_cv + slope + BB",-0.31022043516952,0.669585955108801,0.733285296544119
1353,"Banteng","BTG",1,"dist_str + ndvi_cv + slope + BB",-0.277360000090595,0.677403620114571,0.757781647285538
1354,"Banteng","BTG",1,"dist_str + ndvi_cv + slope + BB",-0.233615687754667,0.695555368907638,0.791666006843935
1355,"Banteng","BTG",1,"dist_str + ndvi_cv + slope + BB",-0.171323099146795,0.694139899075187,0.842549313826031
1356,"Banteng","BTG",1,"dist_str + ndvi_cv + slope + BB",-0.140434123408857,0.716841794318304,0.868980909459746
1357,"Banteng","BTG",1,"dist_str + ndvi_cv + slope + BB",-0.0775698126484041,0.718090876966526,0.925362420872449
1358,"Banteng","BTG",1,"dist_str + ndvi_cv + slope + BB",-0.0496059164266142,0.71991333613367,0.951604362293132
1359,"Banteng","BTG",1,"dist_str + ndvi_cv + slope + BB",-0.00677933252777866,0.722203855910667,0.993243601348699
1360,"Banteng","BTG",1,"dist_str + ndvi_cv + slope + BB",0.0311541586982915,0.732941356604879,1.03164452860994
1361,"Banteng","BTG",1,"dist_str + ndvi_cv + slope + BB",0.0753508531706099,0.730949508101345,1.07826240527755
1362,"Banteng","BTG",1,"dist_str + ndvi_cv + slope + BB",0.0826447919732047,0.738514624646655,1.08615593754146
1363,"Banteng","BTG",1,"dist_str + ndvi_cv + slope + BB",0.111979669370947,0.739291953616237,1.11849012402575
1364,"Banteng","BTG",1,"dist_str + ndvi_cv + slope + BB",0.125428805930402,0.765510460067027,1.13363445886939
1365,"Banteng","BTG",1,"dist_str + ndvi_cv + slope + BB",0.159621684851563,0.768384043115285,1.1730670004155
1366,"Banteng","BTG",1,"dist_str + ndvi_cv + slope + BB",0.169432481740958,0.783655804161275,1.18463236003218
1367,"Banteng","BTG",1,"dist_str + ndvi_cv + slope + BB",0.165556037063939,0.790907613726849,1.18004908745922
1368,"Banteng","BTG",1,"dist_str + ndvi_cv + slope + BB",0.189960129061296,0.778032658103447,1.20920138506962
1369,"Banteng","BTG",1,"dist_str + ndvi_cv + slope + BB",0.171849697415435,0.775494041749276,1.1874993483033
1370,"Banteng","BTG",1,"dist_str + ndvi_cv + slope + BB",0.199616452114556,0.795020366104926,1.22093438161013
1371,"Banteng","BTG",1,"dist_str + ndvi_cv + slope + BB",0.235687374465659,0.799792940877439,1.26577854223446
1372,"Banteng","BTG",1,"dist_str + ndvi_cv + slope + BB",0.255850670309148,0.846705524152172,1.29155985255608
1373,"Banteng","BTG",1,"dist_str + ndvi_cv + slope + BB",0.245935334486719,0.863860428834494,1.27881687677216
1374,"Banteng","BTG",1,"dist_str + ndvi_cv + slope + BB",0.208059511278399,0.907304429830078,1.2312864539891
1375,"Banteng","BTG",1,"dist_str + ndvi_cv + slope + BB",0.245461497990705,0.948737418745389,1.27821107251405
1376,"Banteng","BTG",1,"dist_str + ndvi_cv + slope + BB",0.224524782458869,0.996252762866262,1.25172774493002
1377,"Banteng","BTG",1,"dist_str + ndvi_cv + slope + BB",0.187391413463259,1.08402121157592,1.20609927656363
1378,"Banteng","BTG",1,"dist_str + ndvi_cv + slope + BB",-0.30614183523412,0.912075146732864,0.73628221010355
1379,"Banteng","BTG",1,"dist_str + ndvi_cv + slope + BB",-0.31905368945089,0.838632067511974,0.726836535638012
1380,"Banteng","BTG",1,"dist_str + ndvi_cv + slope + BB",-0.290867353522761,0.807635763144963,0.747614843290854
1381,"Banteng","BTG",1,"dist_str + ndvi_cv + slope + BB",-0.295070775379417,0.766978412185518,0.744478899991253
1382,"Banteng","BTG",1,"dist_str + ndvi_cv + slope + BB",-0.314504751572148,0.747017475935535,0.730150390576155
1383,"Banteng","BTG",1,"dist_str + ndvi_cv + slope + BB",-0.344418698877798,0.744301715801019,0.708632168611105
1384,"Banteng","BTG",1,"dist_str + ndvi_cv + slope + BB",-0.349323741139237,0.734852871694001,0.705164805781733
1385,"Banteng","BTG",1,"dist_str + ndvi_cv + slope + BB",-0.370253947266816,0.743352864460524,0.690558942857142
1386,"Banteng","BTG",1,"dist_str + ndvi_cv + slope + BB",-0.364824829644475,0.715302589749458,0.69431826604591
1387,"Banteng","BTG",1,"dist_str + ndvi_cv + slope + BB",-0.368212782835821,0.7283834325272,0.691969927059267
1388,"Banteng","BTG",1,"dist_str + ndvi_cv + slope + BB",-0.328058714676608,0.712337632648004,0.720320725165525
1389,"Banteng","BTG",1,"dist_str + ndvi_cv + slope + BB",-0.30520803972022,0.728725622253324,0.736970040304268
1390,"Banteng","BTG",1,"dist_str + ndvi_cv + slope + BB",-0.333965978374603,0.714534736073503,0.716078153081361
1391,"Banteng","BTG",1,"dist_str + ndvi_cv + slope + BB",-0.282954114910514,0.692740434154265,0.753554366699821
1392,"Banteng","BTG",1,"dist_str + ndvi_cv + slope + BB",-0.300046594850828,0.673017365233438,0.740783707822316
1393,"Banteng","BTG",1,"dist_str + ndvi_cv + slope + BB",-0.347403731804132,0.666503859444594,0.706520027040348
1394,"Banteng","BTG",1,"dist_str + ndvi_cv + slope + BB",-0.380036269981509,0.67129568568965,0.683836606296135
1395,"Banteng","BTG",1,"dist_str + ndvi_cv + slope + BB",-0.394775453763591,0.666488413001675,0.673831329341645
1396,"Banteng","BTG",1,"dist_str + ndvi_cv + slope + BB",-0.41109001877589,0.663546201447986,0.662927254099138
1397,"Banteng","BTG",1,"dist_str + ndvi_cv + slope + BB",-0.352236980214691,0.669532168142262,0.703113479772534
1398,"Banteng","BTG",1,"dist_str + ndvi_cv + slope + BB",-0.297162465819051,0.662981279546714,0.742923302938759
1399,"Banteng","BTG",1,"dist_str + ndvi_cv + slope + BB",-0.225119554797735,0.685799103051626,0.798420758030539
1400,"Banteng","BTG",1,"dist_str + ndvi_cv + slope + BB",-0.16180540265092,0.690514063845498,0.850606718087772
1401,"Banteng","BTG",1,"dist_str + ndvi_cv + slope + BB",-0.102239525110106,0.707068466420341,0.902813298172055
1402,"Banteng","BTG",1,"dist_str + ndvi_cv + slope + BB",-0.0730510692001205,0.702613204415432,0.929553358197289
1403,"Banteng","BTG",1,"dist_str + ndvi_cv + slope + BB",-0.0409070722082818,0.712800089816748,0.95991832914658
1404,"Banteng","BTG",1,"dist_str + ndvi_cv + slope + BB",0.0022528606379996,0.725317531301052,1.00225540180368
1405,"Banteng","BTG",1,"dist_str + ndvi_cv + slope + BB",0.0486562694348165,0.725103976908076,1.04985942075173
1406,"Banteng","BTG",1,"dist_str + ndvi_cv + slope + BB",0.100512159961724,0.740485788429494,1.10573709206027
1407,"Banteng","BTG",1,"dist_str + ndvi_cv + slope + BB",0.101985071240198,0.730924667311908,1.10736694389129
1408,"Banteng","BTG",1,"dist_str + ndvi_cv + slope + BB",0.15017191002769,0.736434373483512,1.16203399788459
1409,"Banteng","BTG",1,"dist_str + ndvi_cv + slope + BB",0.193902603811326,0.747233534346876,1.21397804036458
1410,"Banteng","BTG",1,"dist_str + ndvi_cv + slope + BB",0.207487084450417,0.758491333347427,1.23058182703166
1411,"Banteng","BTG",1,"dist_str + ndvi_cv + slope + BB",0.203829947359453,0.800503752857129,1.2260896420023
1412,"Banteng","BTG",1,"dist_str + ndvi_cv + slope + BB",0.218700862860141,0.77144420390407,1.24445899101368
1413,"Banteng","BTG",1,"dist_str + ndvi_cv + slope + BB",0.179226624926307,0.775937915561079,1.19629182303177
1414,"Banteng","BTG",1,"dist_str + ndvi_cv + slope + BB",0.231625869619425,0.773465722237671,1.26064800972541
1415,"Banteng","BTG",1,"dist_str + ndvi_cv + slope + BB",0.215374966068144,0.763934207264271,1.24032689105062
1416,"Banteng","BTG",1,"dist_str + ndvi_cv + slope + BB",0.240138562382429,0.799323105296704,1.27142530988969
1417,"Banteng","BTG",1,"dist_str + ndvi_cv + slope + BB",0.253365119294597,0.828542553004567,1.28835361597592
1418,"Banteng","BTG",1,"dist_str + ndvi_cv + slope + BB",0.243215632164091,0.8753563285119,1.275343612575
1419,"Banteng","BTG",1,"dist_str + ndvi_cv + slope + BB",0.236403154887104,0.90144974578998,1.26668487805508
1420,"Banteng","BTG",1,"dist_str + ndvi_cv + slope + BB",0.237399767271501,0.941026865341468,1.26794791406827
1421,"Banteng","BTG",1,"dist_str + ndvi_cv + slope + BB",0.18681359774864,0.991932871842536,1.20540261300602
1422,"Banteng","BTG",1,"dist_str + ndvi_cv + slope + BB",0.171783675951752,1.16110514202566,1.18742095913855
1423,"Banteng","BTG",1,"dist_str + ndvi_cv + slope + BB",-0.240226391169935,0.937358728513091,0.786449799261784
1424,"Banteng","BTG",1,"dist_str + ndvi_cv + slope + BB",-0.233354843933746,0.850125839708999,0.791872532804748
1425,"Banteng","BTG",1,"dist_str + ndvi_cv + slope + BB",-0.261752277265406,0.798402333713874,0.769701689511794
1426,"Banteng","BTG",1,"dist_str + ndvi_cv + slope + BB",-0.236698226060719,0.76395227291454,0.789229423703778
1427,"Banteng","BTG",1,"dist_str + ndvi_cv + slope + BB",-0.296502955637901,0.747865020992686,0.743413430196368
1428,"Banteng","BTG",1,"dist_str + ndvi_cv + slope + BB",-0.308195870719864,0.734079731487415,0.734771396089115
1429,"Banteng","BTG",1,"dist_str + ndvi_cv + slope + BB",-0.37198130871566,0.734783681679308,0.689367129569841
1430,"Banteng","BTG",1,"dist_str + ndvi_cv + slope + BB",-0.347893733508208,0.730346506399419,0.706173915176443
1431,"Banteng","BTG",1,"dist_str + ndvi_cv + slope + BB",-0.330400542678785,0.722758656856464,0.718635834222833
1432,"Banteng","BTG",1,"dist_str + ndvi_cv + slope + BB",-0.315315744747534,0.728549166434101,0.729558484955781
1433,"Banteng","BTG",1,"dist_str + ndvi_cv + slope + BB",-0.297153799404398,0.702758969897329,0.742929741440561
1434,"Banteng","BTG",1,"dist_str + ndvi_cv + slope + BB",-0.300084675989687,0.72297633914378,0.740755495145027
1435,"Banteng","BTG",1,"dist_str + ndvi_cv + slope + BB",-0.300495959243136,0.722375065929982,0.740450896142107
1436,"Banteng","BTG",1,"dist_str + ndvi_cv + slope + BB",-0.295198547807269,0.697514997067318,0.744383777457968
1437,"Banteng","BTG",1,"dist_str + ndvi_cv + slope + BB",-0.298778149486681,0.666112635215394,0.741723943079335
1438,"Banteng","BTG",1,"dist_str + ndvi_cv + slope + BB",-0.346951221522056,0.673212187856927,0.706839811256495
1439,"Banteng","BTG",1,"dist_str + ndvi_cv + slope + BB",-0.367933549305992,0.657684978264554,0.692163177599713
1440,"Banteng","BTG",1,"dist_str + ndvi_cv + slope + BB",-0.44279886616249,0.653778892249299,0.642236389003881
1441,"Banteng","BTG",1,"dist_str + ndvi_cv + slope + BB",-0.451077025318507,0.656552145421194,0.636941785542727
1442,"Banteng","BTG",1,"dist_str + ndvi_cv + slope + BB",-0.393152680244096,0.659498472298377,0.674925692301333
1443,"Banteng","BTG",1,"dist_str + ndvi_cv + slope + BB",-0.294714689978623,0.660860126648416,0.744744040359876
1444,"Banteng","BTG",1,"dist_str + ndvi_cv + slope + BB",-0.195346286250952,0.673807485431134,0.822549778758435
1445,"Banteng","BTG",1,"dist_str + ndvi_cv + slope + BB",-0.164937883695894,0.691978507416243,0.84794637381991
1446,"Banteng","BTG",1,"dist_str + ndvi_cv + slope + BB",-0.0809884894041421,0.680289538111643,0.922204307452788
1447,"Banteng","BTG",1,"dist_str + ndvi_cv + slope + BB",-0.0533155643758464,0.697060282283199,0.948080787957903
1448,"Banteng","BTG",1,"dist_str + ndvi_cv + slope + BB",-0.0282246837606846,0.718045889660267,0.972169941872747
1449,"Banteng","BTG",1,"dist_str + ndvi_cv + slope + BB",0.0166347795007008,0.709305080158934,1.01677391249539
1450,"Banteng","BTG",1,"dist_str + ndvi_cv + slope + BB",0.0692378532430211,0.706470392552081,1.07169108431122
1451,"Banteng","BTG",1,"dist_str + ndvi_cv + slope + BB",0.121415125821693,0.710065618228385,1.12909353108123
1452,"Banteng","BTG",1,"dist_str + ndvi_cv + slope + BB",0.171455195394617,0.71449672118421,1.18703095708883
1453,"Banteng","BTG",1,"dist_str + ndvi_cv + slope + BB",0.204092319002592,0.735895017990713,1.22641139796788
1454,"Banteng","BTG",1,"dist_str + ndvi_cv + slope + BB",0.215646642464042,0.746285534665735,1.24066390369716
1455,"Banteng","BTG",1,"dist_str + ndvi_cv + slope + BB",0.240835713005258,0.757755527044482,1.27231199883402
1456,"Banteng","BTG",1,"dist_str + ndvi_cv + slope + BB",0.22119007188087,0.745618930257775,1.247560555671
1457,"Banteng","BTG",1,"dist_str + ndvi_cv + slope + BB",0.206584349845743,0.765332828637199,1.22947143657445
1458,"Banteng","BTG",1,"dist_str + ndvi_cv + slope + BB",0.244119257424146,0.777366842432461,1.27649656978519
1459,"Banteng","BTG",1,"dist_str + ndvi_cv + slope + BB",0.257550599325835,0.765127769704151,1.2937572737556
1460,"Banteng","BTG",1,"dist_str + ndvi_cv + slope + BB",0.235540411873165,0.792583505448405,1.2655925251888
1461,"Banteng","BTG",1,"dist_str + ndvi_cv + slope + BB",0.293702038726038,0.810347595292368,1.34138416360472
1462,"Banteng","BTG",1,"dist_str + ndvi_cv + slope + BB",0.303662637821643,0.832865927268715,1.35481192482277
1463,"Banteng","BTG",1,"dist_str + ndvi_cv + slope + BB",0.283570957870476,0.863259988373323,1.32786312703057
1464,"Banteng","BTG",1,"dist_str + ndvi_cv + slope + BB",0.25049835786972,0.898893132574931,1.28466548349168
1465,"Banteng","BTG",1,"dist_str + ndvi_cv + slope + BB",0.217123624794641,0.940675597789428,1.24249770196853
1466,"Banteng","BTG",1,"dist_str + ndvi_cv + slope + BB",0.212386138566559,1.01405165153017,1.23662541981583
1467,"Banteng","BTG",1,"dist_str + ndvi_cv + slope + BB",-0.225541546310147,0.963278799022859,0.798083909033511
1468,"Banteng","BTG",1,"dist_str + ndvi_cv + slope + BB",-0.243319059170718,0.847085904157235,0.78402132576906
1469,"Banteng","BTG",1,"dist_str + ndvi_cv + slope + BB",-0.237531622271842,0.799393581337898,0.788571954499962
1470,"Banteng","BTG",1,"dist_str + ndvi_cv + slope + BB",-0.248135238436829,0.762061058526317,0.780254423691382
1471,"Banteng","BTG",1,"dist_str + ndvi_cv + slope + BB",-0.274332795057168,0.753193419286212,0.760079082604577
1472,"Banteng","BTG",1,"dist_str + ndvi_cv + slope + BB",-0.290148477586907,0.737782745677539,0.748152475499364
1473,"Banteng","BTG",1,"dist_str + ndvi_cv + slope + BB",-0.338371827029086,0.743574299015595,0.712930152022438
1474,"Banteng","BTG",1,"dist_str + ndvi_cv + slope + BB",-0.30757905385992,0.741744422904648,0.735224743520297
1475,"Banteng","BTG",1,"dist_str + ndvi_cv + slope + BB",-0.314311867700746,0.722770516734779,0.730291238925741
1476,"Banteng","BTG",1,"dist_str + ndvi_cv + slope + BB",-0.306243199665003,0.706705429496622,0.736207554573703
1477,"Banteng","BTG",1,"dist_str + ndvi_cv + slope + BB",-0.271172552914405,0.712178626668489,0.762484920078791
1478,"Banteng","BTG",1,"dist_str + ndvi_cv + slope + BB",-0.28664794263018,0.706913255774664,0.750775998567963
1479,"Banteng","BTG",1,"dist_str + ndvi_cv + slope + BB",-0.307934984532986,0.700839123644653,0.734963100472602
1480,"Banteng","BTG",1,"dist_str + ndvi_cv + slope + BB",-0.293373615644422,0.673993975407852,0.745743467697176
1481,"Banteng","BTG",1,"dist_str + ndvi_cv + slope + BB",-0.301733038659899,0.65810907584634,0.73953549741569
1482,"Banteng","BTG",1,"dist_str + ndvi_cv + slope + BB",-0.338545103226943,0.669458863300181,0.712806640659169
1483,"Banteng","BTG",1,"dist_str + ndvi_cv + slope + BB",-0.359258996570658,0.655281245159395,0.698193504153173
1484,"Banteng","BTG",1,"dist_str + ndvi_cv + slope + BB",-0.415789663273247,0.6399324647026,0.659819041912905
1485,"Banteng","BTG",1,"dist_str + ndvi_cv + slope + BB",-0.590124967416339,0.575194888045272,0.554258016222092
1486,"Banteng","BTG",1,"dist_str + ndvi_cv + slope + BB",-0.456178335475136,0.616515388638079,0.633700815691375
1487,"Banteng","BTG",1,"dist_str + ndvi_cv + slope + BB",-0.286958349161416,0.657606227896374,0.750542989096823
1488,"Banteng","BTG",1,"dist_str + ndvi_cv + slope + BB",-0.224150886815612,0.657434716586858,0.799194540005315
1489,"Banteng","BTG",1,"dist_str + ndvi_cv + slope + BB",-0.145008813210475,0.672251470807411,0.865014669539129
1490,"Banteng","BTG",1,"dist_str + ndvi_cv + slope + BB",-0.0884247027053566,0.679297603478401,0.915372033432195
1491,"Banteng","BTG",1,"dist_str + ndvi_cv + slope + BB",-0.0398228616534433,0.697771269051147,0.960959650858972
1492,"Banteng","BTG",1,"dist_str + ndvi_cv + slope + BB",0.0233164235643222,0.705307474338965,1.02359037858672
1493,"Banteng","BTG",1,"dist_str + ndvi_cv + slope + BB",0.0229189499480333,0.689968731428712,1.02318360897262
1494,"Banteng","BTG",1,"dist_str + ndvi_cv + slope + BB",0.109658172354839,0.692005005283753,1.11589656096817
1495,"Banteng","BTG",1,"dist_str + ndvi_cv + slope + BB",0.148653163405661,0.69997679309041,1.16027049568371
1496,"Banteng","BTG",1,"dist_str + ndvi_cv + slope + BB",0.200904529528156,0.700032117194503,1.2225080595526
1497,"Banteng","BTG",1,"dist_str + ndvi_cv + slope + BB",0.23687939660658,0.70564165492061,1.26728827159987
1498,"Banteng","BTG",1,"dist_str + ndvi_cv + slope + BB",0.253030442972637,0.731765756545031,1.28792248445277
1499,"Banteng","BTG",1,"dist_str + ndvi_cv + slope + BB",0.285082538302747,0.74202905381076,1.32987179400644
1500,"Banteng","BTG",1,"dist_str + ndvi_cv + slope + BB",0.275775900990308,0.752638894847797,1.31755257556746
1501,"Banteng","BTG",1,"dist_str + ndvi_cv + slope + BB",0.265501907499155,0.752737410652409,1.30408534405071
1502,"Banteng","BTG",1,"dist_str + ndvi_cv + slope + BB",0.285705963089576,0.769521878478551,1.33070113145659
1503,"Banteng","BTG",1,"dist_str + ndvi_cv + slope + BB",0.28517076329142,0.784282877202522,1.32998912471436
1504,"Banteng","BTG",1,"dist_str + ndvi_cv + slope + BB",0.306750201221745,0.790070669520988,1.35900156926644
1505,"Banteng","BTG",1,"dist_str + ndvi_cv + slope + BB",0.303314756634883,0.807082648274591,1.3543406866548
1506,"Banteng","BTG",1,"dist_str + ndvi_cv + slope + BB",0.311982666735371,0.820945631933207,1.36613101469163
1507,"Banteng","BTG",1,"dist_str + ndvi_cv + slope + BB",0.316094528311031,0.869539338571621,1.37175992573779
1508,"Banteng","BTG",1,"dist_str + ndvi_cv + slope + BB",0.264695335531884,0.897554303447114,1.30303392868733
1509,"Banteng","BTG",1,"dist_str + ndvi_cv + slope + BB",0.229274270455091,0.935020636108062,1.25768695048845
1510,"Banteng","BTG",1,"dist_str + ndvi_cv + slope + BB",0.217763237254945,1.05086071055379,1.24329271058125
1511,"Banteng","BTG",1,"dist_str + ndvi_cv + slope + BB",-0.251141490161549,1.02471399764406,0.777912313855344
1512,"Banteng","BTG",1,"dist_str + ndvi_cv + slope + BB",-0.245071304609858,0.877706346606131,0.782648730520935
1513,"Banteng","BTG",1,"dist_str + ndvi_cv + slope + BB",-0.250981787677406,0.809952591573098,0.778036630404197
1514,"Banteng","BTG",1,"dist_str + ndvi_cv + slope + BB",-0.252102885573527,0.781781021593127,0.777164781470936
1515,"Banteng","BTG",1,"dist_str + ndvi_cv + slope + BB",-0.256719600708732,0.740468951738622,0.773585097477252
1516,"Banteng","BTG",1,"dist_str + ndvi_cv + slope + BB",-0.274976365684251,0.745858493624946,0.759590076810123
1517,"Banteng","BTG",1,"dist_str + ndvi_cv + slope + BB",-0.276170362140822,0.720655486636977,0.758683670556885
1518,"Banteng","BTG",1,"dist_str + ndvi_cv + slope + BB",-0.280614078585607,0.718470925847153,0.75531977339434
1519,"Banteng","BTG",1,"dist_str + ndvi_cv + slope + BB",-0.286470737688783,0.707081693133901,0.75090905330331
1520,"Banteng","BTG",1,"dist_str + ndvi_cv + slope + BB",-0.291058252549263,0.719359300008098,0.74747214144833
1521,"Banteng","BTG",1,"dist_str + ndvi_cv + slope + BB",-0.307233193168956,0.718040983718877,0.735479074331686
1522,"Banteng","BTG",1,"dist_str + ndvi_cv + slope + BB",-0.281800640543733,0.716345155522026,0.754424071115451
1523,"Banteng","BTG",1,"dist_str + ndvi_cv + slope + BB",-0.301128481386129,0.677766628310073,0.739982692982762
1524,"Banteng","BTG",1,"dist_str + ndvi_cv + slope + BB",-0.272578915873909,0.664700364301027,0.761413340152453
1525,"Banteng","BTG",1,"dist_str + ndvi_cv + slope + BB",-0.298100572427072,0.653703964555553,0.7422266887008
1526,"Banteng","BTG",1,"dist_str + ndvi_cv + slope + BB",-0.320444993754459,0.655071858270579,0.725825987139617
1527,"Banteng","BTG",1,"dist_str + ndvi_cv + slope + BB",-0.315911227618044,0.654305718821823,0.729124181823295
1528,"Banteng","BTG",1,"dist_str + ndvi_cv + slope + BB",-0.371233437976622,0.63714027196235,0.689882877900387
1529,"Banteng","BTG",1,"dist_str + ndvi_cv + slope + BB",-0.366882965353548,0.647756968704269,0.692890732527156
1530,"Banteng","BTG",1,"dist_str + ndvi_cv + slope + BB",-0.341384840010958,0.630368055318816,0.710785317025473
1531,"Banteng","BTG",1,"dist_str + ndvi_cv + slope + BB",-0.245631450145541,0.660894154676218,0.782210464663426
1532,"Banteng","BTG",1,"dist_str + ndvi_cv + slope + BB",-0.184741634960628,0.668157168661012,0.831319049581347
1533,"Banteng","BTG",1,"dist_str + ndvi_cv + slope + BB",-0.135791404078515,0.668516962787184,0.87302474432392
1534,"Banteng","BTG",1,"dist_str + ndvi_cv + slope + BB",-0.0428511224543621,0.677464704438345,0.958054033745028
1535,"Banteng","BTG",1,"dist_str + ndvi_cv + slope + BB",0.0135003922357097,0.680370055011142,1.01359193406605
1536,"Banteng","BTG",1,"dist_str + ndvi_cv + slope + BB",0.0690287521614116,0.680296557436826,1.0714670232243
1537,"Banteng","BTG",1,"dist_str + ndvi_cv + slope + BB",0.0619526439297446,0.684844096886371,1.06391196428549
1538,"Banteng","BTG",1,"dist_str + ndvi_cv + slope + BB",0.115708627458806,0.703159014993194,1.12266871226919
1539,"Banteng","BTG",1,"dist_str + ndvi_cv + slope + BB",0.205930014871357,0.682910945754166,1.22866721316988
1540,"Banteng","BTG",1,"dist_str + ndvi_cv + slope + BB",0.236170658505057,0.696150641558383,1.2663904142798
1541,"Banteng","BTG",1,"dist_str + ndvi_cv + slope + BB",0.265470909816575,0.692988083433146,1.30404493493387
1542,"Banteng","BTG",1,"dist_str + ndvi_cv + slope + BB",0.282795442991009,0.714873480509644,1.32683372788755
1543,"Banteng","BTG",1,"dist_str + ndvi_cv + slope + BB",0.305988540067003,0.73475278392406,1.35796674692738
1544,"Banteng","BTG",1,"dist_str + ndvi_cv + slope + BB",0.313612384974464,0.759480605419386,1.36835924945527
1545,"Banteng","BTG",1,"dist_str + ndvi_cv + slope + BB",0.29874910841451,0.770223344050015,1.34817134829143
1546,"Banteng","BTG",1,"dist_str + ndvi_cv + slope + BB",0.326133305327109,0.776767173576487,1.38560006445055
1547,"Banteng","BTG",1,"dist_str + ndvi_cv + slope + BB",0.323337873650888,0.77098255649922,1.38173212303733
1548,"Banteng","BTG",1,"dist_str + ndvi_cv + slope + BB",0.353187994338666,0.784039284021142,1.42359874790529
1549,"Banteng","BTG",1,"dist_str + ndvi_cv + slope + BB",0.345151579365073,0.819754587736108,1.41220396451488
1550,"Banteng","BTG",1,"dist_str + ndvi_cv + slope + BB",0.305005893472299,0.844973858065463,1.35663300144477
1551,"Banteng","BTG",1,"dist_str + ndvi_cv + slope + BB",0.288480280066285,0.86491086334119,1.33439803732792
1552,"Banteng","BTG",1,"dist_str + ndvi_cv + slope + BB",0.275675961376934,0.920788593950963,1.31742089962031
1553,"Banteng","BTG",1,"dist_str + ndvi_cv + slope + BB",0.24061385129543,0.982190534784622,1.27202975051987
1554,"Banteng","BTG",1,"dist_str + ndvi_cv + slope + BB",0.223300041993074,1.06977038235954,1.25019563311927
1555,"Banteng","BTG",1,"dist_str + ndvi_cv + slope + BB",-0.232856698043754,0.939067694873679,0.792267139730207
1556,"Banteng","BTG",1,"dist_str + ndvi_cv + slope + BB",-0.237532808594922,0.813879312156111,0.788571018746453
1557,"Banteng","BTG",1,"dist_str + ndvi_cv + slope + BB",-0.26108669407037,0.750702997717689,0.770214144991639
1558,"Banteng","BTG",1,"dist_str + ndvi_cv + slope + BB",-0.266979318799186,0.740842991843006,0.765688907446788
1559,"Banteng","BTG",1,"dist_str + ndvi_cv + slope + BB",-0.291211281454485,0.728924184102397,0.747357779360374
1560,"Banteng","BTG",1,"dist_str + ndvi_cv + slope + BB",-0.290115827712339,0.712077178131116,0.748176903210671
1561,"Banteng","BTG",1,"dist_str + ndvi_cv + slope + BB",-0.305936030488788,0.70676432926414,0.736433729170479
1562,"Banteng","BTG",1,"dist_str + ndvi_cv + slope + BB",-0.313219497559266,0.726823725037596,0.731089430833249
1563,"Banteng","BTG",1,"dist_str + ndvi_cv + slope + BB",-0.291778755210046,0.717307360290102,0.746933773789615
1564,"Banteng","BTG",1,"dist_str + ndvi_cv + slope + BB",-0.304950536181989,0.716328622182526,0.73715983742641
1565,"Banteng","BTG",1,"dist_str + ndvi_cv + slope + BB",-0.324096676497845,0.70605650303722,0.723180324909456
1566,"Banteng","BTG",1,"dist_str + ndvi_cv + slope + BB",-0.320164491187989,0.695964513179542,0.726029601827186
1567,"Banteng","BTG",1,"dist_str + ndvi_cv + slope + BB",-0.292406282460107,0.661494718838689,0.746465198698886
1568,"Banteng","BTG",1,"dist_str + ndvi_cv + slope + BB",-0.307416842393944,0.663899373327447,0.735344017145255
1569,"Banteng","BTG",1,"dist_str + ndvi_cv + slope + BB",-0.309327237469953,0.666391162501425,0.733940561603456
1570,"Banteng","BTG",1,"dist_str + ndvi_cv + slope + BB",-0.305007590723458,0.668235063550641,0.737117784544053
1571,"Banteng","BTG",1,"dist_str + ndvi_cv + slope + BB",-0.313931511240139,0.648568600157267,0.730569063976823
1572,"Banteng","BTG",1,"dist_str + ndvi_cv + slope + BB",-0.302699074783642,0.654179682489852,0.738821413996285
1573,"Banteng","BTG",1,"dist_str + ndvi_cv + slope + BB",-0.259477992334507,0.662776830312381,0.771454186658423
1574,"Banteng","BTG",1,"dist_str + ndvi_cv + slope + BB",-0.179674128390099,0.669778179324365,0.835542446709169
1575,"Banteng","BTG",1,"dist_str + ndvi_cv + slope + BB",-0.160932805071507,0.685955965637551,0.851349277264954
1576,"Banteng","BTG",1,"dist_str + ndvi_cv + slope + BB",-0.0810542030484186,0.670414972976394,0.922143707933116
1577,"Banteng","BTG",1,"dist_str + ndvi_cv + slope + BB",-0.0225173653759922,0.695933317090369,0.977734258377912
1578,"Banteng","BTG",1,"dist_str + ndvi_cv + slope + BB",0.0535735474845574,0.681994162884987,1.05503458478995
1579,"Banteng","BTG",1,"dist_str + ndvi_cv + slope + BB",0.0763339895132705,0.67665264011491,1.07932299684121
1580,"Banteng","BTG",1,"dist_str + ndvi_cv + slope + BB",0.115579788101955,0.685173215830477,1.1225240754216
1581,"Banteng","BTG",1,"dist_str + ndvi_cv + slope + BB",0.184471139254584,0.683099152234831,1.2025822739051
1582,"Banteng","BTG",1,"dist_str + ndvi_cv + slope + BB",0.239754602864379,0.695064601651023,1.27093722787101
1583,"Banteng","BTG",1,"dist_str + ndvi_cv + slope + BB",0.27449239108749,0.691368989469949,1.31586256442255
1584,"Banteng","BTG",1,"dist_str + ndvi_cv + slope + BB",0.286992232934881,0.704255085848372,1.33241386482575
1585,"Banteng","BTG",1,"dist_str + ndvi_cv + slope + BB",0.305925447866122,0.700375812297512,1.35788106984952
1586,"Banteng","BTG",1,"dist_str + ndvi_cv + slope + BB",0.316194238686017,0.747820436894529,1.37189670572577
1587,"Banteng","BTG",1,"dist_str + ndvi_cv + slope + BB",0.333137639855231,0.740455449151035,1.39533933988516
1588,"Banteng","BTG",1,"dist_str + ndvi_cv + slope + BB",0.355116162977275,0.757963975563523,1.42634634768532
1589,"Banteng","BTG",1,"dist_str + ndvi_cv + slope + BB",0.365202026305633,0.766649233050961,1.44080506483289
1590,"Banteng","BTG",1,"dist_str + ndvi_cv + slope + BB",0.349810173595888,0.759929105808597,1.41879819779271
1591,"Banteng","BTG",1,"dist_str + ndvi_cv + slope + BB",0.384097610726674,0.775831550160613,1.46828877853616
1592,"Banteng","BTG",1,"dist_str + ndvi_cv + slope + BB",0.348152634029626,0.808880916509432,1.41644844091293
1593,"Banteng","BTG",1,"dist_str + ndvi_cv + slope + BB",0.319629114557846,0.843180701263878,1.37661710468989
1594,"Banteng","BTG",1,"dist_str + ndvi_cv + slope + BB",0.306801873092921,0.889307898557203,1.35907168490123
1595,"Banteng","BTG",1,"dist_str + ndvi_cv + slope + BB",0.267321806021582,0.932469403347804,1.30646080567879
1596,"Banteng","BTG",1,"dist_str + ndvi_cv + slope + BB",0.253677344315224,1.02801415834869,1.28875591288053
1597,"Banteng","BTG",1,"dist_str + ndvi_cv + slope + BB",0.26662202602685,1.10127864892041,1.30554689163326
1598,"Banteng","BTG",1,"dist_str + ndvi_cv + slope + BB",0.305789006242132,1.2079981135424,1.35769581101155
1599,"Banteng","BTG",1,"dist_str + ndvi_cv + slope + BB",-0.212975910033016,0.850236930456008,0.808175611090117
1600,"Banteng","BTG",1,"dist_str + ndvi_cv + slope + BB",-0.249530535650588,0.753358425325141,0.779166489019035
1601,"Banteng","BTG",1,"dist_str + ndvi_cv + slope + BB",-0.256806272011768,0.725909630739257,0.773518051463463
1602,"Banteng","BTG",1,"dist_str + ndvi_cv + slope + BB",-0.234902034310166,0.709119053962379,0.790648304255681
1603,"Banteng","BTG",1,"dist_str + ndvi_cv + slope + BB",-0.29865384909208,0.713138080560525,0.741816153501573
1604,"Banteng","BTG",1,"dist_str + ndvi_cv + slope + BB",-0.307224251967634,0.720412392845373,0.735485648977994
1605,"Banteng","BTG",1,"dist_str + ndvi_cv + slope + BB",-0.313945554828757,0.721335075496813,0.730558802723305
1606,"Banteng","BTG",1,"dist_str + ndvi_cv + slope + BB",-0.336872954115816,0.717258055506718,0.713999544846315
1607,"Banteng","BTG",1,"dist_str + ndvi_cv + slope + BB",-0.321439665512456,0.703693591274735,0.725104380635206
1608,"Banteng","BTG",1,"dist_str + ndvi_cv + slope + BB",-0.32435850715088,0.704424284999834,0.72299099870019
1609,"Banteng","BTG",1,"dist_str + ndvi_cv + slope + BB",-0.330084183485478,0.694719459851216,0.718863215631081
1610,"Banteng","BTG",1,"dist_str + ndvi_cv + slope + BB",-0.308963615154271,0.678926171651888,0.734207487266352
1611,"Banteng","BTG",1,"dist_str + ndvi_cv + slope + BB",-0.294712953906947,0.675490343009656,0.744745333288326
1612,"Banteng","BTG",1,"dist_str + ndvi_cv + slope + BB",-0.30676502120325,0.665604911407785,0.735823483544512
1613,"Banteng","BTG",1,"dist_str + ndvi_cv + slope + BB",-0.277201011440739,0.64685138521256,0.757902141275942
1614,"Banteng","BTG",1,"dist_str + ndvi_cv + slope + BB",-0.24670209742144,0.671449543344962,0.781373432109386
1615,"Banteng","BTG",1,"dist_str + ndvi_cv + slope + BB",-0.217641929010998,0.64380297721253,0.804413428034607
1616,"Banteng","BTG",1,"dist_str + ndvi_cv + slope + BB",-0.171439357727941,0.659910816661785,0.84245135894617
1617,"Banteng","BTG",1,"dist_str + ndvi_cv + slope + BB",-0.146701745140461,0.672685972389355,0.863551497538634
1618,"Banteng","BTG",1,"dist_str + ndvi_cv + slope + BB",-0.0817924877003384,0.678838835949936,0.921463160233778
1619,"Banteng","BTG",1,"dist_str + ndvi_cv + slope + BB",-0.0488315343331537,0.667063439984572,0.952341553403909
1620,"Banteng","BTG",1,"dist_str + ndvi_cv + slope + BB",0.0109289408809909,0.679537798449204,1.01098887992056
1621,"Banteng","BTG",1,"dist_str + ndvi_cv + slope + BB",0.103642186203091,0.698299843044882,1.10920349707793
1622,"Banteng","BTG",1,"dist_str + ndvi_cv + slope + BB",0.149421189685271,0.683827590208668,1.16116195651493
1623,"Banteng","BTG",1,"dist_str + ndvi_cv + slope + BB",0.185198043427918,0.672409677877947,1.20345677465874
1624,"Banteng","BTG",1,"dist_str + ndvi_cv + slope + BB",0.259706298812247,0.699676309561672,1.29654923274949
1625,"Banteng","BTG",1,"dist_str + ndvi_cv + slope + BB",0.298191634498291,0.690624283276643,1.34741997617735
1626,"Banteng","BTG",1,"dist_str + ndvi_cv + slope + BB",0.323387535311844,0.713031653665241,1.38180074691855
1627,"Banteng","BTG",1,"dist_str + ndvi_cv + slope + BB",0.317308260379249,0.716901789968763,1.37342587953052
1628,"Banteng","BTG",1,"dist_str + ndvi_cv + slope + BB",0.34021490548463,0.722642275728401,1.4052495559032
1629,"Banteng","BTG",1,"dist_str + ndvi_cv + slope + BB",0.359362179238381,0.715425893412433,1.43241549879058
1630,"Banteng","BTG",1,"dist_str + ndvi_cv + slope + BB",0.370164281824834,0.743813720638725,1.44797247261597
1631,"Banteng","BTG",1,"dist_str + ndvi_cv + slope + BB",0.393852354320344,0.758319016927403,1.48268162114257
1632,"Banteng","BTG",1,"dist_str + ndvi_cv + slope + BB",0.389259101088753,0.761516260235784,1.47588690672576
1633,"Banteng","BTG",1,"dist_str + ndvi_cv + slope + BB",0.398787964276146,0.761487858554831,1.49001764951109
1634,"Banteng","BTG",1,"dist_str + ndvi_cv + slope + BB",0.394923866073503,0.78404430616797,1.48427120818304
1635,"Banteng","BTG",1,"dist_str + ndvi_cv + slope + BB",0.397133998982936,0.802990002160464,1.48755524802886
1636,"Banteng","BTG",1,"dist_str + ndvi_cv + slope + BB",0.344901933904358,0.861068727122964,1.4118514657628
1637,"Banteng","BTG",1,"dist_str + ndvi_cv + slope + BB",0.310637198047339,0.919788330312817,1.36429420287406
1638,"Banteng","BTG",1,"dist_str + ndvi_cv + slope + BB",0.247407025724497,1.03282990293224,1.28070029959852
1639,"Banteng","BTG",1,"dist_str + ndvi_cv + slope + BB",0.260562038262444,1.09794440839817,1.29765921717221
1640,"Banteng","BTG",1,"dist_str + ndvi_cv + slope + BB",0.26459302666942,1.16191562317911,1.30290062208287
1641,"Banteng","BTG",1,"dist_str + ndvi_cv + slope + BB",0.262926465255121,1.25668832206397,1.30073110993492
1642,"Banteng","BTG",1,"dist_str + ndvi_cv + slope + BB",-0.223297433979619,0.889399531222716,0.799876907290452
1643,"Banteng","BTG",1,"dist_str + ndvi_cv + slope + BB",-0.200113547360304,0.75966666611599,0.818637797894127
1644,"Banteng","BTG",1,"dist_str + ndvi_cv + slope + BB",-0.229566925107734,0.723495932055784,0.794877770747057
1645,"Banteng","BTG",1,"dist_str + ndvi_cv + slope + BB",-0.245572190970686,0.719404685315957,0.782256811219427
1646,"Banteng","BTG",1,"dist_str + ndvi_cv + slope + BB",-0.242386681975775,0.720550642715168,0.784752669270663
1647,"Banteng","BTG",1,"dist_str + ndvi_cv + slope + BB",-0.261805572222778,0.726227723277876,0.769660662191146
1648,"Banteng","BTG",1,"dist_str + ndvi_cv + slope + BB",-0.286151342377711,0.731914563034771,0.751148934067612
1649,"Banteng","BTG",1,"dist_str + ndvi_cv + slope + BB",-0.322888279200118,0.721084782213819,0.724054741993183
1650,"Banteng","BTG",1,"dist_str + ndvi_cv + slope + BB",-0.354355333307476,0.724443461410572,0.701625612708917
1651,"Banteng","BTG",1,"dist_str + ndvi_cv + slope + BB",-0.340060799289897,0.707711793029798,0.711727049272216
1652,"Banteng","BTG",1,"dist_str + ndvi_cv + slope + BB",-0.316843615464939,0.683962185310534,0.728444676776613
1653,"Banteng","BTG",1,"dist_str + ndvi_cv + slope + BB",-0.292343956719363,0.691851756690056,0.746511724996068
1654,"Banteng","BTG",1,"dist_str + ndvi_cv + slope + BB",-0.272935855546078,0.673400671719966,0.761141615974094
1655,"Banteng","BTG",1,"dist_str + ndvi_cv + slope + BB",-0.262191842528699,0.666341173114841,0.769363417698452
1656,"Banteng","BTG",1,"dist_str + ndvi_cv + slope + BB",-0.227970412785072,0.669635792644556,0.79614782016909
1657,"Banteng","BTG",1,"dist_str + ndvi_cv + slope + BB",-0.173924246890146,0.653069920243145,0.840360556526191
1658,"Banteng","BTG",1,"dist_str + ndvi_cv + slope + BB",-0.14156767776816,0.650630575352229,0.867996429707683
1659,"Banteng","BTG",1,"dist_str + ndvi_cv + slope + BB",-0.129223976521999,0.666613182942297,0.878777118157182
1660,"Banteng","BTG",1,"dist_str + ndvi_cv + slope + BB",-0.0688775638764702,0.669248540400716,0.933440962293776
1661,"Banteng","BTG",1,"dist_str + ndvi_cv + slope + BB",-0.0512995678422021,0.668721300685717,0.949994040745906
1662,"Banteng","BTG",1,"dist_str + ndvi_cv + slope + BB",0.00430055063836869,0.688623420677325,1.00430981297611
1663,"Banteng","BTG",1,"dist_str + ndvi_cv + slope + BB",0.0720614094511653,0.680460643813923,1.07472134067305
1664,"Banteng","BTG",1,"dist_str + ndvi_cv + slope + BB",0.118008913313718,0.687074429302867,1.1252541546942
1665,"Banteng","BTG",1,"dist_str + ndvi_cv + slope + BB",0.185742413372497,0.6749110690505,1.20411205727564
1666,"Banteng","BTG",1,"dist_str + ndvi_cv + slope + BB",0.277026253174803,0.686344900860139,1.31920100505866
1667,"Banteng","BTG",1,"dist_str + ndvi_cv + slope + BB",0.306098312096486,0.70746014901867,1.35811582696538
1668,"Banteng","BTG",1,"dist_str + ndvi_cv + slope + BB",0.326646494716176,0.731851740526376,1.38631132604675
1669,"Banteng","BTG",1,"dist_str + ndvi_cv + slope + BB",0.350623931872573,0.713418798677772,1.4199533274979
1670,"Banteng","BTG",1,"dist_str + ndvi_cv + slope + BB",0.3747962677897,0.727433746625953,1.45469502741398
1671,"Banteng","BTG",1,"dist_str + ndvi_cv + slope + BB",0.434815605408829,0.720730231270041,1.54467820299066
1672,"Banteng","BTG",1,"dist_str + ndvi_cv + slope + BB",0.404708156297019,0.735600525503073,1.49886502938732
1673,"Banteng","BTG",1,"dist_str + ndvi_cv + slope + BB",0.404176008386921,0.740433736981845,1.49806760059412
1674,"Banteng","BTG",1,"dist_str + ndvi_cv + slope + BB",0.389289906308888,0.76624849297431,1.47593237146188
1675,"Banteng","BTG",1,"dist_str + ndvi_cv + slope + BB",0.403426752463148,0.759363656723833,1.49694558730792
1676,"Banteng","BTG",1,"dist_str + ndvi_cv + slope + BB",0.449871606715826,0.773380652130605,1.56811083784215
1677,"Banteng","BTG",1,"dist_str + ndvi_cv + slope + BB",0.441449469798919,0.803050028531559,1.55495945261027
1678,"Banteng","BTG",1,"dist_str + ndvi_cv + slope + BB",0.420155109391914,0.833500710925033,1.52219764469591
1679,"Banteng","BTG",1,"dist_str + ndvi_cv + slope + BB",0.403198269114985,0.905993201447877,1.4966035951978
1680,"Banteng","BTG",1,"dist_str + ndvi_cv + slope + BB",0.254726213614455,1.30101276933113,1.29010838768309
1681,"Banteng","BTG",1,"dist_str + ndvi_cv + slope + BB",0.234101198840434,1.39193612384002,1.26377238021905
1682,"Banteng","BTG",1,"dist_str + ndvi_cv + slope + BB",-0.173612620327858,0.885749002724992,0.840622475806341
1683,"Banteng","BTG",1,"dist_str + ndvi_cv + slope + BB",-0.197364390612914,0.750322342200231,0.820891454367637
1684,"Banteng","BTG",1,"dist_str + ndvi_cv + slope + BB",-0.240955725722756,0.734365799790903,0.785876419815601
1685,"Banteng","BTG",1,"dist_str + ndvi_cv + slope + BB",-0.237819470793374,0.722865825302379,0.788344997846334
1686,"Banteng","BTG",1,"dist_str + ndvi_cv + slope + BB",-0.232800900069034,0.726207162268693,0.792311328093643
1687,"Banteng","BTG",1,"dist_str + ndvi_cv + slope + BB",-0.239857132442812,0.721570405711862,0.786740261566306
1688,"Banteng","BTG",1,"dist_str + ndvi_cv + slope + BB",-0.271759071844321,0.728892983607688,0.762037835416801
1689,"Banteng","BTG",1,"dist_str + ndvi_cv + slope + BB",-0.288205861550764,0.724177395378736,0.749607262246942
1690,"Banteng","BTG",1,"dist_str + ndvi_cv + slope + BB",-0.298156886236024,0.71308955394741,0.742184892660548
1691,"Banteng","BTG",1,"dist_str + ndvi_cv + slope + BB",-0.314234421762067,0.70366510912329,0.730347799128357
1692,"Banteng","BTG",1,"dist_str + ndvi_cv + slope + BB",-0.329654551355386,0.68087495752054,0.719172127686423
1693,"Banteng","BTG",1,"dist_str + ndvi_cv + slope + BB",-0.372620069023659,0.63120518446651,0.688926928642057
1694,"Banteng","BTG",1,"dist_str + ndvi_cv + slope + BB",-0.276917658287721,0.675204245554306,0.758116920238066
1695,"Banteng","BTG",1,"dist_str + ndvi_cv + slope + BB",-0.226470307692613,0.682279213364888,0.797343020521841
1696,"Banteng","BTG",1,"dist_str + ndvi_cv + slope + BB",-0.172074142827618,0.671820863065487,0.841916749130922
1697,"Banteng","BTG",1,"dist_str + ndvi_cv + slope + BB",-0.12399284719126,0.663701163653903,0.883386159608638
1698,"Banteng","BTG",1,"dist_str + ndvi_cv + slope + BB",-0.0956857381795522,0.636875502385152,0.908749557915397
1699,"Banteng","BTG",1,"dist_str + ndvi_cv + slope + BB",-0.0504662003633603,0.660215343613808,0.950786066283993
1700,"Banteng","BTG",1,"dist_str + ndvi_cv + slope + BB",-0.0159144762047288,0.665158714907921,0.984211491747339
1701,"Banteng","BTG",1,"dist_str + ndvi_cv + slope + BB",0.0345764279645164,0.659175011797032,1.03518114484277
1702,"Banteng","BTG",1,"dist_str + ndvi_cv + slope + BB",0.0707178992676469,0.677804261301854,1.07327841077408
1703,"Banteng","BTG",1,"dist_str + ndvi_cv + slope + BB",0.112996323325157,0.663667583579959,1.11962782738434
1704,"Banteng","BTG",1,"dist_str + ndvi_cv + slope + BB",0.102121401214918,0.654872199579195,1.10751792072921
1705,"Banteng","BTG",1,"dist_str + ndvi_cv + slope + BB",0.202331802158519,0.674840753718577,1.22425415347633
1706,"Banteng","BTG",1,"dist_str + ndvi_cv + slope + BB",0.272846547944329,0.679241668093625,1.31369863974543
1707,"Banteng","BTG",1,"dist_str + ndvi_cv + slope + BB",0.341523743660876,0.696510903183687,1.40709000634184
1708,"Banteng","BTG",1,"dist_str + ndvi_cv + slope + BB",0.347195339088913,0.722859379877982,1.41509312545624
1709,"Banteng","BTG",1,"dist_str + ndvi_cv + slope + BB",0.401350243159212,0.737076087224924,1.4938404021188
1710,"Banteng","BTG",1,"dist_str + ndvi_cv + slope + BB",0.475657902813,0.737691637625381,1.60907246322463
1711,"Banteng","BTG",1,"dist_str + ndvi_cv + slope + BB",0.472431191527751,0.732637149156006,1.60388883200179
1712,"Banteng","BTG",1,"dist_str + ndvi_cv + slope + BB",0.458958032121079,0.741300543736399,1.58242429833009
1713,"Banteng","BTG",1,"dist_str + ndvi_cv + slope + BB",0.453517333830329,0.725166802014249,1.57383817646611
1714,"Banteng","BTG",1,"dist_str + ndvi_cv + slope + BB",0.458261059667732,0.753911524563231,1.58132176993636
1715,"Banteng","BTG",1,"dist_str + ndvi_cv + slope + BB",0.467804358784085,0.752937952787331,1.59648503429694
1716,"Banteng","BTG",1,"dist_str + ndvi_cv + slope + BB",0.427071331465305,0.784425823587658,1.53276200865518
1717,"Banteng","BTG",1,"dist_str + ndvi_cv + slope + BB",0.458168894810528,0.79456826714528,1.58117603410635
1718,"Banteng","BTG",1,"dist_str + ndvi_cv + slope + BB",0.470937836925579,0.854069439393172,1.60149545232349
1719,"Banteng","BTG",1,"dist_str + ndvi_cv + slope + BB",0.47386447294712,0.974490981844292,1.60618930766834
1720,"Banteng","BTG",1,"dist_str + ndvi_cv + slope + BB",-0.160267824000404,0.850712767723247,0.851915595471423
1721,"Banteng","BTG",1,"dist_str + ndvi_cv + slope + BB",-0.18697244558339,0.747793248308713,0.829466594215759
1722,"Banteng","BTG",1,"dist_str + ndvi_cv + slope + BB",-0.22107839375032,0.727220186205791,0.801653833194194
1723,"Banteng","BTG",1,"dist_str + ndvi_cv + slope + BB",-0.222120473814385,0.727086713509883,0.800818891188749
1724,"Banteng","BTG",1,"dist_str + ndvi_cv + slope + BB",-0.186221737677643,0.725207093808381,0.830089515553565
1725,"Banteng","BTG",1,"dist_str + ndvi_cv + slope + BB",-0.215836904529994,0.728198840613766,0.805866727669115
1726,"Banteng","BTG",1,"dist_str + ndvi_cv + slope + BB",-0.24703425242907,0.711048415289624,0.781113946759192
1727,"Banteng","BTG",1,"dist_str + ndvi_cv + slope + BB",-0.255759066120737,0.715043005322651,0.774328508305343
1728,"Banteng","BTG",1,"dist_str + ndvi_cv + slope + BB",-0.270871869407207,0.71477162652268,0.762714217352379
1729,"Banteng","BTG",1,"dist_str + ndvi_cv + slope + BB",-0.274088728656987,0.699251969629464,0.760264615012382
1730,"Banteng","BTG",1,"dist_str + ndvi_cv + slope + BB",-0.325440705394105,0.679193943232666,0.72220900230175
1731,"Banteng","BTG",1,"dist_str + ndvi_cv + slope + BB",-0.335275378704544,0.662647072280983,0.715141128191748
1732,"Banteng","BTG",1,"dist_str + ndvi_cv + slope + BB",-0.249884649781002,0.678849972438104,0.778890630853357
1733,"Banteng","BTG",1,"dist_str + ndvi_cv + slope + BB",-0.193092881767435,0.685975590512156,0.824405401801288
1734,"Banteng","BTG",1,"dist_str + ndvi_cv + slope + BB",-0.137787298674655,0.670976930782199,0.871283995343292
1735,"Banteng","BTG",1,"dist_str + ndvi_cv + slope + BB",-0.0519647720331971,0.67395270115403,0.949362310443723
1736,"Banteng","BTG",1,"dist_str + ndvi_cv + slope + BB",-0.0477816780944268,0.65159045358075,0.953341899783969
1737,"Banteng","BTG",1,"dist_str + ndvi_cv + slope + BB",-0.00786685771002633,0.651380348197826,0.992164005058872
1738,"Banteng","BTG",1,"dist_str + ndvi_cv + slope + BB",0.0709427046621293,0.673555949542744,1.07351971652496
1739,"Banteng","BTG",1,"dist_str + ndvi_cv + slope + BB",0.0979787899919567,0.676983095292525,1.10293939214711
1740,"Banteng","BTG",1,"dist_str + ndvi_cv + slope + BB",0.131960966121477,0.66084932744103,1.14106377970701
1741,"Banteng","BTG",1,"dist_str + ndvi_cv + slope + BB",0.154964711298596,0.669547469840921,1.16761676378486
1742,"Banteng","BTG",1,"dist_str + ndvi_cv + slope + BB",0.142456531607144,0.645439629927526,1.15310295637388
1743,"Banteng","BTG",1,"dist_str + ndvi_cv + slope + BB",0.255726048544057,0.683802867347198,1.2913989054946
1744,"Banteng","BTG",1,"dist_str + ndvi_cv + slope + BB",0.326636549786726,0.702755968286315,1.38629753722304
1745,"Banteng","BTG",1,"dist_str + ndvi_cv + slope + BB",0.370647931028101,0.69598295560226,1.44867295079683
1746,"Banteng","BTG",1,"dist_str + ndvi_cv + slope + BB",0.406857894624043,0.719808077233878,1.50209064201254
1747,"Banteng","BTG",1,"dist_str + ndvi_cv + slope + BB",0.454843409177201,0.724600246026366,1.57592660890649
1748,"Banteng","BTG",1,"dist_str + ndvi_cv + slope + BB",0.505316546470559,0.743903307175553,1.65751013193799
1749,"Banteng","BTG",1,"dist_str + ndvi_cv + slope + BB",0.496379107923585,0.74734167261319,1.64276223150838
1750,"Banteng","BTG",1,"dist_str + ndvi_cv + slope + BB",0.501454973322519,0.748892904852025,1.6511218744223
1751,"Banteng","BTG",1,"dist_str + ndvi_cv + slope + BB",0.496901591698702,0.739353470485233,1.64362085877553
1752,"Banteng","BTG",1,"dist_str + ndvi_cv + slope + BB",0.511358093661061,0.750019841860862,1.66755435531502
1753,"Banteng","BTG",1,"dist_str + ndvi_cv + slope + BB",0.502594976931336,0.767962661937702,1.65300522107211
1754,"Banteng","BTG",1,"dist_str + ndvi_cv + slope + BB",0.474072296640379,0.770633056848746,1.60652319658423
1755,"Banteng","BTG",1,"dist_str + ndvi_cv + slope + BB",0.514580549177502,0.813563818874721,1.67293664093195
1756,"Banteng","BTG",1,"dist_str + ndvi_cv + slope + BB",0.487110303842638,0.843712439114777,1.62760613362778
1757,"Banteng","BTG",1,"dist_str + ndvi_cv + slope + BB",0.502812260484426,0.991965876484855,1.65336443020647
1758,"Banteng","BTG",1,"dist_str + ndvi_cv + slope + BB",-0.110318248734775,0.993161357665574,0.895549082747272
1759,"Banteng","BTG",1,"dist_str + ndvi_cv + slope + BB",-0.146428191697127,0.825697180339532,0.863787794558149
1760,"Banteng","BTG",1,"dist_str + ndvi_cv + slope + BB",-0.176287000463723,0.755316531681169,0.838377334253445
1761,"Banteng","BTG",1,"dist_str + ndvi_cv + slope + BB",-0.189425007124239,0.730357459335588,0.827434767835204
1762,"Banteng","BTG",1,"dist_str + ndvi_cv + slope + BB",-0.186904828672707,0.739960822103858,0.829522681785025
1763,"Banteng","BTG",1,"dist_str + ndvi_cv + slope + BB",-0.185923599282118,0.723068506959542,0.830337031024237
1764,"Banteng","BTG",1,"dist_str + ndvi_cv + slope + BB",-0.208128783391885,0.719292359343771,0.812102446374613
1765,"Banteng","BTG",1,"dist_str + ndvi_cv + slope + BB",-0.221942611648533,0.726832264573888,0.800961337065937
1766,"Banteng","BTG",1,"dist_str + ndvi_cv + slope + BB",-0.230461057959855,0.703878869421748,0.794167376629511
1767,"Banteng","BTG",1,"dist_str + ndvi_cv + slope + BB",-0.228939257699871,0.711994985922047,0.795376847678967
1768,"Banteng","BTG",1,"dist_str + ndvi_cv + slope + BB",-0.237436680739219,0.688929544335485,0.788646827815867
1769,"Banteng","BTG",1,"dist_str + ndvi_cv + slope + BB",-0.246739726785141,0.692585651401801,0.781344030095471
1770,"Banteng","BTG",1,"dist_str + ndvi_cv + slope + BB",-0.2474057232165,0.693738639584183,0.78082384566589
1771,"Banteng","BTG",1,"dist_str + ndvi_cv + slope + BB",-0.185459113501694,0.707276791634263,0.830722802903716
1772,"Banteng","BTG",1,"dist_str + ndvi_cv + slope + BB",-0.130117471294954,0.688222000727626,0.87799228629096
1773,"Banteng","BTG",1,"dist_str + ndvi_cv + slope + BB",-0.071318168843408,0.67053237226345,0.931165580859165
1774,"Banteng","BTG",1,"dist_str + ndvi_cv + slope + BB",-0.00207796294491203,0.665615642028659,0.997924195179971
1775,"Banteng","BTG",1,"dist_str + ndvi_cv + slope + BB",0.0231902926067524,0.66595569953539,1.02346127967888
1776,"Banteng","BTG",1,"dist_str + ndvi_cv + slope + BB",0.0608220220250805,0.657628612774593,1.06270977912066
1777,"Banteng","BTG",1,"dist_str + ndvi_cv + slope + BB",0.125888254900783,0.65600806197378,1.13415542526949
1778,"Banteng","BTG",1,"dist_str + ndvi_cv + slope + BB",0.175235856078871,0.674343665779463,1.19152721255769
1779,"Banteng","BTG",1,"dist_str + ndvi_cv + slope + BB",0.198896702834768,0.680699391648169,1.22005593136423
1780,"Banteng","BTG",1,"dist_str + ndvi_cv + slope + BB",0.248665342946972,0.667951075229468,1.28231282676852
1781,"Banteng","BTG",1,"dist_str + ndvi_cv + slope + BB",0.259383932547407,0.694675906988266,1.29613133781898
1782,"Banteng","BTG",1,"dist_str + ndvi_cv + slope + BB",0.296907278877029,0.708664751988508,1.34569052655346
1783,"Banteng","BTG",1,"dist_str + ndvi_cv + slope + BB",0.372841117113167,0.710341425577837,1.4518537194403
1784,"Banteng","BTG",1,"dist_str + ndvi_cv + slope + BB",0.43520719068987,0.710787709713562,1.54528319476796
1785,"Banteng","BTG",1,"dist_str + ndvi_cv + slope + BB",0.490915932875426,0.701359633416929,1.63381199695544
1786,"Banteng","BTG",1,"dist_str + ndvi_cv + slope + BB",0.52590201518682,0.7048376881804,1.69198435596176
1787,"Banteng","BTG",1,"dist_str + ndvi_cv + slope + BB",0.559555870684295,0.743770792772635,1.74989514869019
1788,"Banteng","BTG",1,"dist_str + ndvi_cv + slope + BB",0.556271833431545,0.752806007471172,1.74415785422005
1789,"Banteng","BTG",1,"dist_str + ndvi_cv + slope + BB",0.563413624314086,0.725231416334115,1.75665885573435
1790,"Banteng","BTG",1,"dist_str + ndvi_cv + slope + BB",0.549501186801191,0.750298044500418,1.73238866886599
1791,"Banteng","BTG",1,"dist_str + ndvi_cv + slope + BB",0.572853589862563,0.757292508969942,1.77332017921582
1792,"Banteng","BTG",1,"dist_str + ndvi_cv + slope + BB",0.537145278754746,0.781836769300446,1.71111512925968
1793,"Banteng","BTG",1,"dist_str + ndvi_cv + slope + BB",0.529216558363357,0.787230071878947,1.69760181621122
1794,"Banteng","BTG",1,"dist_str + ndvi_cv + slope + BB",0.519460135734897,0.823740241311695,1.68111995624311
1795,"Banteng","BTG",1,"dist_str + ndvi_cv + slope + BB",0.517526222195118,0.880306907294459,1.67787182946003
1796,"Banteng","BTG",1,"dist_str + ndvi_cv + slope + BB",0.531118161755449,0.95581607092683,1.70083305922188
1797,"Banteng","BTG",1,"dist_str + ndvi_cv + slope + BB",-0.126273510882985,0.945197878619144,0.881373748502382
1798,"Banteng","BTG",1,"dist_str + ndvi_cv + slope + BB",-0.137170401686158,0.798949107039544,0.871821653607285
1799,"Banteng","BTG",1,"dist_str + ndvi_cv + slope + BB",-0.155554132560268,0.742129846087744,0.855940758107036
1800,"Banteng","BTG",1,"dist_str + ndvi_cv + slope + BB",-0.157808627930061,0.724198681640996,0.854013201616592
1801,"Banteng","BTG",1,"dist_str + ndvi_cv + slope + BB",-0.149164739024555,0.703390663165444,0.861427229449278
1802,"Banteng","BTG",1,"dist_str + ndvi_cv + slope + BB",-0.154173249630857,0.699819998935666,0.857123511944043
1803,"Banteng","BTG",1,"dist_str + ndvi_cv + slope + BB",-0.156433745095866,0.692605497162221,0.855188176278566
1804,"Banteng","BTG",1,"dist_str + ndvi_cv + slope + BB",-0.171131501363232,0.705978960403544,0.842710751121304
1805,"Banteng","BTG",1,"dist_str + ndvi_cv + slope + BB",-0.182851220954118,0.682336292589483,0.832892072402779
1806,"Banteng","BTG",1,"dist_str + ndvi_cv + slope + BB",-0.162426006078289,0.692971330946737,0.850078989173382
1807,"Banteng","BTG",1,"dist_str + ndvi_cv + slope + BB",-0.171178325752189,0.700458559393302,0.842671290495809
1808,"Banteng","BTG",1,"dist_str + ndvi_cv + slope + BB",-0.187373461794394,0.702081088325808,0.829134031998773
1809,"Banteng","BTG",1,"dist_str + ndvi_cv + slope + BB",-0.166157889200157,0.690762391642239,0.846912505896727
1810,"Banteng","BTG",1,"dist_str + ndvi_cv + slope + BB",-0.137711748662109,0.696840916228298,0.871349825341758
1811,"Banteng","BTG",1,"dist_str + ndvi_cv + slope + BB",-0.0873883584415556,0.680699088120141,0.916321165684179
1812,"Banteng","BTG",1,"dist_str + ndvi_cv + slope + BB",-0.00711287593406584,0.653001343758854,0.992912360728982
1813,"Banteng","BTG",1,"dist_str + ndvi_cv + slope + BB",0.0285815138776575,0.658968845921339,1.02899388668118
1814,"Banteng","BTG",1,"dist_str + ndvi_cv + slope + BB",0.0659858338074778,0.661274011886658,1.06821159432114
1815,"Banteng","BTG",1,"dist_str + ndvi_cv + slope + BB",0.134116812950401,0.654073441890413,1.14352639114884
1816,"Banteng","BTG",1,"dist_str + ndvi_cv + slope + BB",0.178465873630081,0.685766117284773,1.19538208926563
1817,"Banteng","BTG",1,"dist_str + ndvi_cv + slope + BB",0.237002113166576,0.682511198184222,1.26744379650898
1818,"Banteng","BTG",1,"dist_str + ndvi_cv + slope + BB",0.288674349247516,0.679831550548802,1.33465708162413
1819,"Banteng","BTG",1,"dist_str + ndvi_cv + slope + BB",0.320323328031397,0.694801005317429,1.37757311899529
1820,"Banteng","BTG",1,"dist_str + ndvi_cv + slope + BB",0.360020586478351,0.701307403607974,1.43335892244658
1821,"Banteng","BTG",1,"dist_str + ndvi_cv + slope + BB",0.361408725133265,0.711656796383497,1.43535000553255
1822,"Banteng","BTG",1,"dist_str + ndvi_cv + slope + BB",0.41897307758383,0.70608342230453,1.52039942156928
1823,"Banteng","BTG",1,"dist_str + ndvi_cv + slope + BB",0.502168730775125,0.709883196043338,1.65230078573072
1824,"Banteng","BTG",1,"dist_str + ndvi_cv + slope + BB",0.556911331595599,0.706512332488877,1.74527359727903
1825,"Banteng","BTG",1,"dist_str + ndvi_cv + slope + BB",0.588055829402968,0.711307651137549,1.80048456149255
1826,"Banteng","BTG",1,"dist_str + ndvi_cv + slope + BB",0.610625825494083,0.711785502382659,1.84158356930001
1827,"Banteng","BTG",1,"dist_str + ndvi_cv + slope + BB",0.6309519832042,0.740270020512279,1.87939892327478
1828,"Banteng","BTG",1,"dist_str + ndvi_cv + slope + BB",0.628796886071267,0.748845957668679,1.87535295857697
1829,"Banteng","BTG",1,"dist_str + ndvi_cv + slope + BB",0.604556895540074,0.750671376080354,1.83044095477814
1830,"Banteng","BTG",1,"dist_str + ndvi_cv + slope + BB",0.599177134073275,0.764231563396533,1.8206200847149
1831,"Banteng","BTG",1,"dist_str + ndvi_cv + slope + BB",0.582669027773387,0.771840392119551,1.79081191023801
1832,"Banteng","BTG",1,"dist_str + ndvi_cv + slope + BB",0.555710648708353,0.813801585165367,1.74317933305947
1833,"Banteng","BTG",1,"dist_str + ndvi_cv + slope + BB",0.578988848343511,0.844694710157684,1.78423338787088
1834,"Banteng","BTG",1,"dist_str + ndvi_cv + slope + BB",0.577311439969314,0.913105019319474,1.78124301245766
1835,"Banteng","BTG",1,"dist_str + ndvi_cv + slope + BB",0.567973941561387,0.999300039958763,1.76468816155668
1836,"Banteng","BTG",1,"dist_str + ndvi_cv + slope + BB",0.624960456495932,1.11819893052716,1.86817208299318
1837,"Banteng","BTG",1,"dist_str + ndvi_cv + slope + BB",-0.13067383154079,0.944599877348002,0.877503983020582
1838,"Banteng","BTG",1,"dist_str + ndvi_cv + slope + BB",-0.1607411570121,0.806379896376411,0.851512465158889
1839,"Banteng","BTG",1,"dist_str + ndvi_cv + slope + BB",-0.158601944287088,0.76205406492305,0.853335974713484
1840,"Banteng","BTG",1,"dist_str + ndvi_cv + slope + BB",-0.135693746105113,0.731625515675416,0.873109984881518
1841,"Banteng","BTG",1,"dist_str + ndvi_cv + slope + BB",-0.110419032734297,0.705893397540457,0.895458830120834
1842,"Banteng","BTG",1,"dist_str + ndvi_cv + slope + BB",-0.126161914680976,0.707796960101846,0.881472114335892
1843,"Banteng","BTG",1,"dist_str + ndvi_cv + slope + BB",-0.098660907663725,0.698432726559158,0.906049898755048
1844,"Banteng","BTG",1,"dist_str + ndvi_cv + slope + BB",-0.10804377086607,0.685857915152885,0.897588307716582
1845,"Banteng","BTG",1,"dist_str + ndvi_cv + slope + BB",-0.133903704128056,0.692647233447321,0.874674288163584
1846,"Banteng","BTG",1,"dist_str + ndvi_cv + slope + BB",-0.15972588538526,0.70616357014994,0.852377413679283
1847,"Banteng","BTG",1,"dist_str + ndvi_cv + slope + BB",-0.14300382100464,0.705362096270675,0.866750758809618
1848,"Banteng","BTG",1,"dist_str + ndvi_cv + slope + BB",-0.107116344288381,0.682801623376348,0.898421145679347
1849,"Banteng","BTG",1,"dist_str + ndvi_cv + slope + BB",-0.126881574224262,0.700255398874142,0.88083798745778
1850,"Banteng","BTG",1,"dist_str + ndvi_cv + slope + BB",-0.0690341523027689,0.696396911230118,0.933294805376863
1851,"Banteng","BTG",1,"dist_str + ndvi_cv + slope + BB",-0.0275968693102986,0.66276841253585,0.972780448232615
1852,"Banteng","BTG",1,"dist_str + ndvi_cv + slope + BB",0.0420248427779737,0.65627591453738,1.04292038836941
1853,"Banteng","BTG",1,"dist_str + ndvi_cv + slope + BB",0.0603888080225885,0.657459438555214,1.06224947897176
1854,"Banteng","BTG",1,"dist_str + ndvi_cv + slope + BB",0.141442220126571,0.662453584057093,1.15193394592182
1855,"Banteng","BTG",1,"dist_str + ndvi_cv + slope + BB",0.182508943311229,0.658747187027339,1.20022488497864
1856,"Banteng","BTG",1,"dist_str + ndvi_cv + slope + BB",0.239058659295691,0.683364865515399,1.27005303542387
1857,"Banteng","BTG",1,"dist_str + ndvi_cv + slope + BB",0.292946569958347,0.684957766765431,1.34037117390929
1858,"Banteng","BTG",1,"dist_str + ndvi_cv + slope + BB",0.358349920140874,0.681644067389526,1.43096625680187
1859,"Banteng","BTG",1,"dist_str + ndvi_cv + slope + BB",0.419489319527113,0.706672333659505,1.52118451802751
1860,"Banteng","BTG",1,"dist_str + ndvi_cv + slope + BB",0.447323163849376,0.70852292256021,1.56411968459598
1861,"Banteng","BTG",1,"dist_str + ndvi_cv + slope + BB",0.459313153998657,0.705982100559469,1.58298636052721
1862,"Banteng","BTG",1,"dist_str + ndvi_cv + slope + BB",0.511823141780836,0.709038226021386,1.66833002623569
1863,"Banteng","BTG",1,"dist_str + ndvi_cv + slope + BB",0.563425259853985,0.705847282384384,1.75667931914394
1864,"Banteng","BTG",1,"dist_str + ndvi_cv + slope + BB",0.637285542547628,0.69855904744059,1.89133994816314
1865,"Banteng","BTG",1,"dist_str + ndvi_cv + slope + BB",0.673052209615153,0.69934119237027,1.9602111751571
1866,"Banteng","BTG",1,"dist_str + ndvi_cv + slope + BB",0.693052249647807,0.711385784632359,1.99981015509079
1867,"Banteng","BTG",1,"dist_str + ndvi_cv + slope + BB",0.682932235200235,0.72307970907604,1.97967410014575
1868,"Banteng","BTG",1,"dist_str + ndvi_cv + slope + BB",0.682825401027578,0.741713197771173,1.97946261834879
1869,"Banteng","BTG",1,"dist_str + ndvi_cv + slope + BB",0.673889381115719,0.759917599815983,1.9618528947022
1870,"Banteng","BTG",1,"dist_str + ndvi_cv + slope + BB",0.649049726460945,0.757694191067831,1.91372145909844
1871,"Banteng","BTG",1,"dist_str + ndvi_cv + slope + BB",0.631114683433537,0.773125673835111,1.87970468784721
1872,"Banteng","BTG",1,"dist_str + ndvi_cv + slope + BB",0.63012590209855,0.797531953092589,1.87784699386842
1873,"Banteng","BTG",1,"dist_str + ndvi_cv + slope + BB",0.615701947268928,0.848534991649284,1.85095542804575
1874,"Banteng","BTG",1,"dist_str + ndvi_cv + slope + BB",0.60552233414025,0.92957864742879,1.83220899346289
1875,"Banteng","BTG",1,"dist_str + ndvi_cv + slope + BB",0.597171651415674,1.04653461080958,1.81697251160079
1876,"Banteng","BTG",1,"dist_str + ndvi_cv + slope + BB",0.612989494554636,1.1264570359601,1.84594159889983
1877,"Banteng","BTG",1,"dist_str + ndvi_cv + slope + BB",0.607582880772309,1.32363312514211,1.83598831804161
1878,"Banteng","BTG",1,"dist_str + ndvi_cv + slope + BB",-0.147463652680696,0.9905036440689,0.862893806098439
1879,"Banteng","BTG",1,"dist_str + ndvi_cv + slope + BB",-0.128279075007608,0.844414647651786,0.879607868552456
1880,"Banteng","BTG",1,"dist_str + ndvi_cv + slope + BB",-0.132644745671867,0.770018610074921,0.875776165927243
1881,"Banteng","BTG",1,"dist_str + ndvi_cv + slope + BB",-0.111220742803574,0.731503892104866,0.894741219460761
1882,"Banteng","BTG",1,"dist_str + ndvi_cv + slope + BB",-0.0946546205026229,0.704577557797028,0.909687068650033
1883,"Banteng","BTG",1,"dist_str + ndvi_cv + slope + BB",-0.0820607887701489,0.707614706485589,0.921215962582327
1884,"Banteng","BTG",1,"dist_str + ndvi_cv + slope + BB",-0.0753978455162862,0.707006865884681,0.927374462259065
1885,"Banteng","BTG",1,"dist_str + ndvi_cv + slope + BB",-0.0680590496391609,0.686281826361383,0.934205308426537
1886,"Banteng","BTG",1,"dist_str + ndvi_cv + slope + BB",-0.0881483716324577,0.708680527643528,0.915625013963444
1887,"Banteng","BTG",1,"dist_str + ndvi_cv + slope + BB",-0.110391596294145,0.69477466556626,0.895483444163593
1888,"Banteng","BTG",1,"dist_str + ndvi_cv + slope + BB",-0.119485216455705,0.697125646253134,0.887377126366941
1889,"Banteng","BTG",1,"dist_str + ndvi_cv + slope + BB",-0.10326487537871,0.676274656492822,0.901888053913092
1890,"Banteng","BTG",1,"dist_str + ndvi_cv + slope + BB",-0.0824885626636143,0.664745555055792,0.9208219695782
1891,"Banteng","BTG",1,"dist_str + ndvi_cv + slope + BB",-0.0122611477547946,0.65904818007638,0.987813719206038
1892,"Banteng","BTG",1,"dist_str + ndvi_cv + slope + BB",0.0492152538330789,0.677892656174816,1.05044648993292
1893,"Banteng","BTG",1,"dist_str + ndvi_cv + slope + BB",0.0887183851468877,0.669955246443722,1.09277287775414
1894,"Banteng","BTG",1,"dist_str + ndvi_cv + slope + BB",0.144362585003162,0.665481908215388,1.15530295136779
1895,"Banteng","BTG",1,"dist_str + ndvi_cv + slope + BB",0.191806628210857,0.661903337960378,1.21143623926219
1896,"Banteng","BTG",1,"dist_str + ndvi_cv + slope + BB",0.289137948572257,0.666001036452736,1.33527591809725
1897,"Banteng","BTG",1,"dist_str + ndvi_cv + slope + BB",0.32036987488058,0.665223864197468,1.37763723675359
1898,"Banteng","BTG",1,"dist_str + ndvi_cv + slope + BB",0.359688585418622,0.676524749124961,1.43288313063785
1899,"Banteng","BTG",1,"dist_str + ndvi_cv + slope + BB",0.444724399039095,0.672019107863717,1.56006018251887
1900,"Banteng","BTG",1,"dist_str + ndvi_cv + slope + BB",0.487450533217801,0.708670101132047,1.6281599890978
1901,"Banteng","BTG",1,"dist_str + ndvi_cv + slope + BB",0.537913343912685,0.726844479405007,1.71242997158058
1902,"Banteng","BTG",1,"dist_str + ndvi_cv + slope + BB",0.562928106962326,0.71568573757067,1.75580617475885
1903,"Banteng","BTG",1,"dist_str + ndvi_cv + slope + BB",0.601364379190939,0.693014691989378,1.82460655964607
1904,"Banteng","BTG",1,"dist_str + ndvi_cv + slope + BB",0.660995834664371,0.698938247684972,1.93672002961287
1905,"Banteng","BTG",1,"dist_str + ndvi_cv + slope + BB",0.701106480156069,0.69879146798241,2.01598212657226
1906,"Banteng","BTG",1,"dist_str + ndvi_cv + slope + BB",0.7388304061488,0.696938338886035,2.09348555421283
1907,"Banteng","BTG",1,"dist_str + ndvi_cv + slope + BB",0.763689920042519,0.694346230649284,2.14618086452221
1908,"Banteng","BTG",1,"dist_str + ndvi_cv + slope + BB",0.734705789533776,0.720442726273368,2.08486851986786
1909,"Banteng","BTG",1,"dist_str + ndvi_cv + slope + BB",0.754663945048416,0.744200718087289,2.12689665502126
1910,"Banteng","BTG",1,"dist_str + ndvi_cv + slope + BB",0.722848175312301,0.746442189620607,2.06029293761153
1911,"Banteng","BTG",1,"dist_str + ndvi_cv + slope + BB",0.715001103127113,0.746490032297237,2.04418894741902
1912,"Banteng","BTG",1,"dist_str + ndvi_cv + slope + BB",0.687131194820865,0.764500008394635,1.98800418800809
1913,"Banteng","BTG",1,"dist_str + ndvi_cv + slope + BB",0.666780245902338,0.795450689974408,1.94795527904633
1914,"Banteng","BTG",1,"dist_str + ndvi_cv + slope + BB",0.672156747460747,0.858445168652559,1.9584566744541
1915,"Banteng","BTG",1,"dist_str + ndvi_cv + slope + BB",0.612464665337309,1.17715295784098,1.84497306689691
1916,"Banteng","BTG",1,"dist_str + ndvi_cv + slope + BB",0.630846339971468,1.2336159356269,1.87920037139497
1917,"Banteng","BTG",1,"dist_str + ndvi_cv + slope + BB",-0.131217654207019,0.865218424989903,0.877026867417941
1918,"Banteng","BTG",1,"dist_str + ndvi_cv + slope + BB",-0.108783452213039,0.779318362013316,0.896924624234888
1919,"Banteng","BTG",1,"dist_str + ndvi_cv + slope + BB",-0.0967428786344503,0.746550150426899,0.907789388175355
1920,"Banteng","BTG",1,"dist_str + ndvi_cv + slope + BB",-0.059802715671697,0.737394014367518,0.941950347297551
1921,"Banteng","BTG",1,"dist_str + ndvi_cv + slope + BB",-0.0260224823917997,0.719628044385404,0.974313192718434
1922,"Banteng","BTG",1,"dist_str + ndvi_cv + slope + BB",-0.0448507198234259,0.727385944480331,0.956140204380914
1923,"Banteng","BTG",1,"dist_str + ndvi_cv + slope + BB",-0.0630355620709485,0.695966057083407,0.938910083510262
1924,"Banteng","BTG",1,"dist_str + ndvi_cv + slope + BB",-0.0626264704269054,0.695331636433951,0.939294262615295
1925,"Banteng","BTG",1,"dist_str + ndvi_cv + slope + BB",-0.0692273347113251,0.695275671067878,0.933114527295794
1926,"Banteng","BTG",1,"dist_str + ndvi_cv + slope + BB",-0.0737589583835049,0.684995236199025,0.928895569466685
1927,"Banteng","BTG",1,"dist_str + ndvi_cv + slope + BB",-0.107250011486305,0.64542492162766,0.898301059330503
1928,"Banteng","BTG",1,"dist_str + ndvi_cv + slope + BB",-0.126898027316261,0.596838643276185,0.880823488274354
1929,"Banteng","BTG",1,"dist_str + ndvi_cv + slope + BB",-0.0116748572856631,0.659292225757293,0.988393041699921
1930,"Banteng","BTG",1,"dist_str + ndvi_cv + slope + BB",0.0738442344320634,0.675440494417266,1.07663912328108
1931,"Banteng","BTG",1,"dist_str + ndvi_cv + slope + BB",0.142806687333077,0.687430183749682,1.1535068164667
1932,"Banteng","BTG",1,"dist_str + ndvi_cv + slope + BB",0.186013943628902,0.673565568556573,1.20443905470805
1933,"Banteng","BTG",1,"dist_str + ndvi_cv + slope + BB",0.229694673229767,0.657821634972632,1.25821579752448
1934,"Banteng","BTG",1,"dist_str + ndvi_cv + slope + BB",0.318193208809925,0.657898731109077,1.37464182854657
1935,"Banteng","BTG",1,"dist_str + ndvi_cv + slope + BB",0.385241613253076,0.673601738620089,1.46996944604524
1936,"Banteng","BTG",1,"dist_str + ndvi_cv + slope + BB",0.472782433488696,0.663309783026799,1.60445227500953
1937,"Banteng","BTG",1,"dist_str + ndvi_cv + slope + BB",0.517263950845626,0.690045525093513,1.67743183856544
1938,"Banteng","BTG",1,"dist_str + ndvi_cv + slope + BB",0.572474374923433,0.680134880107159,1.77264784180031
1939,"Banteng","BTG",1,"dist_str + ndvi_cv + slope + BB",0.594167517679698,0.690157596276678,1.81152225754877
1940,"Banteng","BTG",1,"dist_str + ndvi_cv + slope + BB",0.648049866975091,0.707473499968719,1.91180890974806
1941,"Banteng","BTG",1,"dist_str + ndvi_cv + slope + BB",0.712212084617633,0.690398800986704,2.03849559957783
1942,"Banteng","BTG",1,"dist_str + ndvi_cv + slope + BB",0.766021318708515,0.70692317475464,2.15119030556057
1943,"Banteng","BTG",1,"dist_str + ndvi_cv + slope + BB",0.800511910024679,0.702333822642622,2.22668049694612
1944,"Banteng","BTG",1,"dist_str + ndvi_cv + slope + BB",0.836184877321284,0.7065559685798,2.30754659038454
1945,"Banteng","BTG",1,"dist_str + ndvi_cv + slope + BB",0.811754233454363,0.721951959253062,2.25185480288866
1946,"Banteng","BTG",1,"dist_str + ndvi_cv + slope + BB",0.816258477874996,0.734940330507653,2.26202058577536
1947,"Banteng","BTG",1,"dist_str + ndvi_cv + slope + BB",0.82539386847106,0.738951754379655,2.28277970347279
1948,"Banteng","BTG",1,"dist_str + ndvi_cv + slope + BB",0.796567255464433,0.742462922589455,2.21791446432093
1949,"Banteng","BTG",1,"dist_str + ndvi_cv + slope + BB",0.773789622116616,0.736445638643275,2.16796648118338
1950,"Banteng","BTG",1,"dist_str + ndvi_cv + slope + BB",0.764510408084984,0.757359889930466,2.14794250259472
1951,"Banteng","BTG",1,"dist_str + ndvi_cv + slope + BB",0.784393153145994,0.781495847406148,2.19107689024366
1952,"Banteng","BTG",1,"dist_str + ndvi_cv + slope + BB",0.759087905787886,0.909541890750047,2.13632680143967
1953,"Banteng","BTG",1,"dist_str + ndvi_cv + slope + BB",-0.104021377044293,0.976438068086726,0.901206037049362
1954,"Banteng","BTG",1,"dist_str + ndvi_cv + slope + BB",-0.088664830270992,0.820793351766165,0.915152268036225
1955,"Banteng","BTG",1,"dist_str + ndvi_cv + slope + BB",-0.090506593668655,0.762722493596408,0.913468310835233
1956,"Banteng","BTG",1,"dist_str + ndvi_cv + slope + BB",-0.0559181501477497,0.740860846787257,0.945616531311763
1957,"Banteng","BTG",1,"dist_str + ndvi_cv + slope + BB",-0.010972725906927,0.714025486753934,0.989087272659786
1958,"Banteng","BTG",1,"dist_str + ndvi_cv + slope + BB",-0.0120160025991795,0.703374445626766,0.988055923017845
1959,"Banteng","BTG",1,"dist_str + ndvi_cv + slope + BB",0.00426013977915148,0.698057467331819,1.00426925363062
1960,"Banteng","BTG",1,"dist_str + ndvi_cv + slope + BB",-0.0323770803999062,0.691373645212533,0.968141449151204
1961,"Banteng","BTG",1,"dist_str + ndvi_cv + slope + BB",-0.0379281267132383,0.688404387287882,0.962782144217525
1962,"Banteng","BTG",1,"dist_str + ndvi_cv + slope + BB",-0.0409757424202907,0.681932035049976,0.959852413454528
1963,"Banteng","BTG",1,"dist_str + ndvi_cv + slope + BB",-0.0475991215274959,0.658620225664772,0.953515954960861
1964,"Banteng","BTG",1,"dist_str + ndvi_cv + slope + BB",-0.0868317238525108,0.619102124851352,0.916831368953067
1965,"Banteng","BTG",1,"dist_str + ndvi_cv + slope + BB",0.0318483571177938,0.680778282316508,1.03236094324983
1966,"Banteng","BTG",1,"dist_str + ndvi_cv + slope + BB",0.0966576577365912,0.678532068044087,1.10148322982948
1967,"Banteng","BTG",1,"dist_str + ndvi_cv + slope + BB",0.192908440698027,0.671139675276203,1.21277174792307
1968,"Banteng","BTG",1,"dist_str + ndvi_cv + slope + BB",0.266832849634584,0.678384783279366,1.30582216061206
1969,"Banteng","BTG",1,"dist_str + ndvi_cv + slope + BB",0.306894681700297,0.662253174100919,1.35919781691477
1970,"Banteng","BTG",1,"dist_str + ndvi_cv + slope + BB",0.364544294476987,0.67785618062308,1.43985770783909
1971,"Banteng","BTG",1,"dist_str + ndvi_cv + slope + BB",0.470657440517246,0.670144618163,1.60104644175256
1972,"Banteng","BTG",1,"dist_str + ndvi_cv + slope + BB",0.566261898288538,0.666243743198565,1.76166943000488
1973,"Banteng","BTG",1,"dist_str + ndvi_cv + slope + BB",0.609125808580061,0.67802592221836,1.83882321563309
1974,"Banteng","BTG",1,"dist_str + ndvi_cv + slope + BB",0.685024318453966,0.670496949557236,1.98382010539965
1975,"Banteng","BTG",1,"dist_str + ndvi_cv + slope + BB",0.735405655412344,0.677614850791962,2.08632815176907
1976,"Banteng","BTG",1,"dist_str + ndvi_cv + slope + BB",0.769827700958473,0.715465053548359,2.15939416040724
1977,"Banteng","BTG",1,"dist_str + ndvi_cv + slope + BB",0.824273242205747,0.701689954026096,2.2802230035442
1978,"Banteng","BTG",1,"dist_str + ndvi_cv + slope + BB",0.901079848253242,0.684725472417204,2.46226056272089
1979,"Banteng","BTG",1,"dist_str + ndvi_cv + slope + BB",0.904487041001899,0.706676950654261,2.47066430554859
1980,"Banteng","BTG",1,"dist_str + ndvi_cv + slope + BB",0.89538460055899,0.693751609358506,2.44827721817996
1981,"Banteng","BTG",1,"dist_str + ndvi_cv + slope + BB",0.886291474350028,0.712258678134212,2.42611564669313
1982,"Banteng","BTG",1,"dist_str + ndvi_cv + slope + BB",0.896270130546032,0.748933437463974,2.45044620306597
1983,"Banteng","BTG",1,"dist_str + ndvi_cv + slope + BB",0.90214942564905,0.741784438318721,2.46489553505312
1984,"Banteng","BTG",1,"dist_str + ndvi_cv + slope + BB",0.884529410802044,0.747206901814792,2.4218444350854
1985,"Banteng","BTG",1,"dist_str + ndvi_cv + slope + BB",0.842230993553366,0.738577152054429,2.32154054683909
1986,"Banteng","BTG",1,"dist_str + ndvi_cv + slope + BB",0.812452879403172,0.752571831712596,2.25342860186035
1987,"Banteng","BTG",1,"dist_str + ndvi_cv + slope + BB",0.814858364329333,0.780751384050635,2.25885571543948
1988,"Banteng","BTG",1,"dist_str + ndvi_cv + slope + BB",0.80806813738727,0.855214786647651,2.24356953026828
1989,"Banteng","BTG",1,"dist_str + ndvi_cv + slope + BB",-0.114302120287949,0.856090326710643,0.891988428647326
1990,"Banteng","BTG",1,"dist_str + ndvi_cv + slope + BB",-0.0678543843313826,0.784103601028118,0.934396537416782
1991,"Banteng","BTG",1,"dist_str + ndvi_cv + slope + BB",-0.0513571140461771,0.732174341511316,0.949939377597625
1992,"Banteng","BTG",1,"dist_str + ndvi_cv + slope + BB",-0.0231043595365876,0.720984656657268,0.977160502605061
1993,"Banteng","BTG",1,"dist_str + ndvi_cv + slope + BB",0.0106789974952082,0.698672334277907,1.0107362218208
1994,"Banteng","BTG",1,"dist_str + ndvi_cv + slope + BB",0.0186892165942911,0.68880044211667,1.01886495351638
1995,"Banteng","BTG",1,"dist_str + ndvi_cv + slope + BB",0.0093344931943036,0.699043935730893,1.00937819743611
1996,"Banteng","BTG",1,"dist_str + ndvi_cv + slope + BB",-0.011840867746392,0.692079604249683,0.988228960955863
1997,"Banteng","BTG",1,"dist_str + ndvi_cv + slope + BB",0.00249096221127509,0.682337136809546,1.00249406780695
1998,"Banteng","BTG",1,"dist_str + ndvi_cv + slope + BB",-0.0130871283913918,0.675522162581988,0.986998136066505
1999,"Banteng","BTG",1,"dist_str + ndvi_cv + slope + BB",0.0300806501033015,0.688443244038632,1.03053764613627
2000,"Banteng","BTG",1,"dist_str + ndvi_cv + slope + BB",0.0952132222200632,0.70481395520657,1.0998933577617
2001,"Banteng","BTG",1,"dist_str + ndvi_cv + slope + BB",0.202930791708018,0.696587970530774,1.22498769569458
2002,"Banteng","BTG",1,"dist_str + ndvi_cv + slope + BB",0.229068662876976,0.68895824687433,1.25742839004862
2003,"Banteng","BTG",1,"dist_str + ndvi_cv + slope + BB",0.289491137930164,0.681856483057472,1.3357476039784
2004,"Banteng","BTG",1,"dist_str + ndvi_cv + slope + BB",0.386654644781318,0.669318238680371,1.47204802762519
2005,"Banteng","BTG",1,"dist_str + ndvi_cv + slope + BB",0.469967072535947,0.670815618969494,1.5999415214279
2006,"Banteng","BTG",1,"dist_str + ndvi_cv + slope + BB",0.559593078765102,0.668215121831492,1.74996026853983
2007,"Banteng","BTG",1,"dist_str + ndvi_cv + slope + BB",0.681295048314805,0.658956833418425,1.97643567488311
2008,"Banteng","BTG",1,"dist_str + ndvi_cv + slope + BB",0.764339716663003,0.656555936083811,2.14757590515142
2009,"Banteng","BTG",1,"dist_str + ndvi_cv + slope + BB",0.837285089585906,0.675840302936569,2.31008678400799
2010,"Banteng","BTG",1,"dist_str + ndvi_cv + slope + BB",0.920598663074001,0.678143356639451,2.51079306417073
2011,"Banteng","BTG",1,"dist_str + ndvi_cv + slope + BB",0.945964298129128,0.70143269824779,2.5752955374099
2012,"Banteng","BTG",1,"dist_str + ndvi_cv + slope + BB",0.995081079181379,0.706097473555003,2.70494365026556
2013,"Banteng","BTG",1,"dist_str + ndvi_cv + slope + BB",1.015332023187,0.70109166364887,2.76027972213173
2014,"Banteng","BTG",1,"dist_str + ndvi_cv + slope + BB",1.01329657419796,0.703692254058741,2.75466706397671
2015,"Banteng","BTG",1,"dist_str + ndvi_cv + slope + BB",1.02150488767017,0.71038947277319,2.77737125343278
2016,"Banteng","BTG",1,"dist_str + ndvi_cv + slope + BB",0.987479266372557,0.710766380441971,2.68445913098247
2017,"Banteng","BTG",1,"dist_str + ndvi_cv + slope + BB",0.978590282377153,0.727777400171296,2.66070277641562
2018,"Banteng","BTG",1,"dist_str + ndvi_cv + slope + BB",0.937104703165758,0.734351057806753,2.55258023275054
2019,"Banteng","BTG",1,"dist_str + ndvi_cv + slope + BB",0.940356331980679,0.734260952607104,2.56089379225715
2020,"Banteng","BTG",1,"dist_str + ndvi_cv + slope + BB",0.893494479753812,0.74258120335455,2.44365404831669
2021,"Banteng","BTG",1,"dist_str + ndvi_cv + slope + BB",0.902027476827938,0.731054728596897,2.46459497597814
2022,"Banteng","BTG",1,"dist_str + ndvi_cv + slope + BB",0.85456090210108,0.769402553506847,2.35034212386875
2023,"Banteng","BTG",1,"dist_str + ndvi_cv + slope + BB",0.836692769032407,0.845825185799131,2.30871888313845
2024,"Banteng","BTG",1,"dist_str + ndvi_cv + slope + BB",0.833544923759253,0.991883127390111,2.30146285863577
2025,"Banteng","BTG",1,"dist_str + ndvi_cv + slope + BB",-0.0682801356066316,0.905924747584724,0.933998790610713
2026,"Banteng","BTG",1,"dist_str + ndvi_cv + slope + BB",-0.0422082061765639,0.779248032737208,0.958670158921586
2027,"Banteng","BTG",1,"dist_str + ndvi_cv + slope + BB",-0.022096102916073,0.738204388408629,0.978146238301526
2028,"Banteng","BTG",1,"dist_str + ndvi_cv + slope + BB",-0.016712827163702,0.726252537368175,0.983426057360219
2029,"Banteng","BTG",1,"dist_str + ndvi_cv + slope + BB",0.0107144647570699,0.716925468457139,1.01077207918289
2030,"Banteng","BTG",1,"dist_str + ndvi_cv + slope + BB",0.0269124180610173,0.714165941986048,1.02727782784803
2031,"Banteng","BTG",1,"dist_str + ndvi_cv + slope + BB",0.0552789008303265,0.69522801371698,1.05683532648566
2032,"Banteng","BTG",1,"dist_str + ndvi_cv + slope + BB",0.0621330299319962,0.698283557163508,1.0641038989441
2033,"Banteng","BTG",1,"dist_str + ndvi_cv + slope + BB",0.041733164616931,0.710894573530756,1.042616234728
2034,"Banteng","BTG",1,"dist_str + ndvi_cv + slope + BB",0.0774463986988204,0.701946418906938,1.08052432103099
2035,"Banteng","BTG",1,"dist_str + ndvi_cv + slope + BB",0.0995682238864113,0.700772824444778,1.10469383498005
2036,"Banteng","BTG",1,"dist_str + ndvi_cv + slope + BB",0.163566473808361,0.705436898690861,1.1777036395767
2037,"Banteng","BTG",1,"dist_str + ndvi_cv + slope + BB",0.197045998993345,0.715450709935845,1.2178000570053
2038,"Banteng","BTG",1,"dist_str + ndvi_cv + slope + BB",0.294061863745512,0.694240669907005,1.3418669677117
2039,"Banteng","BTG",1,"dist_str + ndvi_cv + slope + BB",0.355308382486111,0.678959851765761,1.42662053135997
2040,"Banteng","BTG",1,"dist_str + ndvi_cv + slope + BB",0.421366569883096,0.67525786053182,1.52404284938546
2041,"Banteng","BTG",1,"dist_str + ndvi_cv + slope + BB",0.525606766919309,0.675939335370873,1.69148487498483
2042,"Banteng","BTG",1,"dist_str + ndvi_cv + slope + BB",0.662703216688905,0.675602011893917,1.94002958773432
2043,"Banteng","BTG",1,"dist_str + ndvi_cv + slope + BB",0.764022528191127,0.67267244332805,2.1468948213447
2044,"Banteng","BTG",1,"dist_str + ndvi_cv + slope + BB",0.890790611571094,0.661116513028823,2.4370556542429
2045,"Banteng","BTG",1,"dist_str + ndvi_cv + slope + BB",0.983515153957492,0.663423267168457,2.6738386967858
2046,"Banteng","BTG",1,"dist_str + ndvi_cv + slope + BB",1.07643482430371,0.653504732838963,2.93419995141518
2047,"Banteng","BTG",1,"dist_str + ndvi_cv + slope + BB",1.14303979392021,0.686718343284356,3.13628755841216
2048,"Banteng","BTG",1,"dist_str + ndvi_cv + slope + BB",1.15940489795048,0.698606406473243,3.18803567194335
2049,"Banteng","BTG",1,"dist_str + ndvi_cv + slope + BB",1.15380156780972,0.688849772720479,3.17022185078818
2050,"Banteng","BTG",1,"dist_str + ndvi_cv + slope + BB",1.14551592895862,0.698999445309923,3.14406308142421
2051,"Banteng","BTG",1,"dist_str + ndvi_cv + slope + BB",1.11321821763272,0.703532161516592,3.04413935104756
2052,"Banteng","BTG",1,"dist_str + ndvi_cv + slope + BB",1.07813699549706,0.701632018447444,2.93919871005155
2053,"Banteng","BTG",1,"dist_str + ndvi_cv + slope + BB",1.06576383845832,0.723452953622809,2.90305564366836
2054,"Banteng","BTG",1,"dist_str + ndvi_cv + slope + BB",1.02293051063029,0.71806324659943,2.78133358871115
2055,"Banteng","BTG",1,"dist_str + ndvi_cv + slope + BB",0.972369129665769,0.72339848765711,2.64420150234652
2056,"Banteng","BTG",1,"dist_str + ndvi_cv + slope + BB",0.968227823319194,0.736909547514574,2.63327370204388
2057,"Banteng","BTG",1,"dist_str + ndvi_cv + slope + BB",0.913697870283333,0.759193112707117,2.49352625552339
2058,"Banteng","BTG",1,"dist_str + ndvi_cv + slope + BB",0.906782967086344,0.763606438981508,2.4763432279463
2059,"Banteng","BTG",1,"dist_str + ndvi_cv + slope + BB",0.893155632784086,0.834973666542519,2.4428261916042
2060,"Banteng","BTG",1,"dist_str + ndvi_cv + slope + BB",0.88446087015935,1.01443278698764,2.42167844064635
2061,"Banteng","BTG",1,"dist_str + ndvi_cv + slope + BB",-0.0427840803773607,0.86443332115806,0.958118244484644
2062,"Banteng","BTG",1,"dist_str + ndvi_cv + slope + BB",-0.0115022809852297,0.782738680940621,0.988563618012962
2063,"Banteng","BTG",1,"dist_str + ndvi_cv + slope + BB",-0.0169727924168215,0.755320705432233,0.983170436140912
2064,"Banteng","BTG",1,"dist_str + ndvi_cv + slope + BB",-0.0059681974736129,0.759347625164098,0.994049578048562
2065,"Banteng","BTG",1,"dist_str + ndvi_cv + slope + BB",0.0194516905765862,0.7307294326032,1.01964211449707
2066,"Banteng","BTG",1,"dist_str + ndvi_cv + slope + BB",0.0490827392551723,0.712002769443102,1.05030724944032
2067,"Banteng","BTG",1,"dist_str + ndvi_cv + slope + BB",0.0912678203137213,0.711151248125832,1.0955623803857
2068,"Banteng","BTG",1,"dist_str + ndvi_cv + slope + BB",0.0804705292178948,0.699795656138305,1.08379690607964
2069,"Banteng","BTG",1,"dist_str + ndvi_cv + slope + BB",0.123854713706167,0.684599866195362,1.13185141809419
2070,"Banteng","BTG",1,"dist_str + ndvi_cv + slope + BB",0.137202385072686,0.710322547321157,1.14706027344053
2071,"Banteng","BTG",1,"dist_str + ndvi_cv + slope + BB",0.154087036755385,0.722560531896462,1.16659242112534
2072,"Banteng","BTG",1,"dist_str + ndvi_cv + slope + BB",0.231814560510784,0.695924338916727,1.26088588982814
2073,"Banteng","BTG",1,"dist_str + ndvi_cv + slope + BB",0.285287449643219,0.731150226767514,1.33014432325475
2074,"Banteng","BTG",1,"dist_str + ndvi_cv + slope + BB",0.307506278933357,0.694963136858336,1.36002934924148
2075,"Banteng","BTG",1,"dist_str + ndvi_cv + slope + BB",0.396743849628635,0.69525829467578,1.48697501072127
2076,"Banteng","BTG",1,"dist_str + ndvi_cv + slope + BB",0.469973116335506,0.672909220798036,1.59995118242478
2077,"Banteng","BTG",1,"dist_str + ndvi_cv + slope + BB",0.596917121576344,0.684908002141769,1.81651007964793
2078,"Banteng","BTG",1,"dist_str + ndvi_cv + slope + BB",0.724795437564708,0.679364075527839,2.06430877750529
2079,"Banteng","BTG",1,"dist_str + ndvi_cv + slope + BB",0.919842829376912,0.678590967431869,2.50889604419265
2080,"Banteng","BTG",1,"dist_str + ndvi_cv + slope + BB",1.05433931773009,0.665712118115715,2.87007832494205
2081,"Banteng","BTG",1,"dist_str + ndvi_cv + slope + BB",1.1677434167749,0.638493510321196,3.21473014852373
2082,"Banteng","BTG",1,"dist_str + ndvi_cv + slope + BB",1.27712364559805,0.642069423758644,3.58630938912941
2083,"Banteng","BTG",1,"dist_str + ndvi_cv + slope + BB",1.3391665778537,0.677528548983065,3.81586203282172
2084,"Banteng","BTG",1,"dist_str + ndvi_cv + slope + BB",1.35382585182899,0.699351535531042,3.87221173612988
2085,"Banteng","BTG",1,"dist_str + ndvi_cv + slope + BB",1.28277271041507,0.684489258801678,3.60662600603776
2086,"Banteng","BTG",1,"dist_str + ndvi_cv + slope + BB",1.25414239376109,0.69102330365282,3.50483132072911
2087,"Banteng","BTG",1,"dist_str + ndvi_cv + slope + BB",1.21155024464325,0.698850519774613,3.35868741044404
2088,"Banteng","BTG",1,"dist_str + ndvi_cv + slope + BB",1.14380035309344,0.69303692799091,3.13867383128564
2089,"Banteng","BTG",1,"dist_str + ndvi_cv + slope + BB",1.11577377072904,0.710575284180594,3.05192876485239
2090,"Banteng","BTG",1,"dist_str + ndvi_cv + slope + BB",1.07769038097493,0.718618238670558,2.93788631189098
2091,"Banteng","BTG",1,"dist_str + ndvi_cv + slope + BB",1.05724487895026,0.739991188803363,2.8784296403315
2092,"Banteng","BTG",1,"dist_str + ndvi_cv + slope + BB",1.01761289317822,0.754691268867166,2.76658274824742
2093,"Banteng","BTG",1,"dist_str + ndvi_cv + slope + BB",1.01286138429112,0.759268916325935,2.75346852050113
2094,"Banteng","BTG",1,"dist_str + ndvi_cv + slope + BB",0.98904339344489,0.779487633396827,2.68866127205389
2095,"Banteng","BTG",1,"dist_str + ndvi_cv + slope + BB",0.962708799448365,0.851324639989325,2.61878065981916
2096,"Banteng","BTG",1,"dist_str + ndvi_cv + slope + BB",0.0636453380294935,1.1347384255483,1.06571436381117
2097,"Banteng","BTG",1,"dist_str + ndvi_cv + slope + BB",0.07044478920175,0.932946723254966,1.07298532741921
2098,"Banteng","BTG",1,"dist_str + ndvi_cv + slope + BB",0.0319123833538246,0.841449166941694,1.03242704478047
2099,"Banteng","BTG",1,"dist_str + ndvi_cv + slope + BB",0.0229051041381111,0.778892688473588,1.02316944237573
2100,"Banteng","BTG",1,"dist_str + ndvi_cv + slope + BB",0.0369356462662998,0.750090319696938,1.0376262469713
2101,"Banteng","BTG",1,"dist_str + ndvi_cv + slope + BB",0.0467099974508604,0.742226805095511,1.047818096679
2102,"Banteng","BTG",1,"dist_str + ndvi_cv + slope + BB",0.0439995141593721,0.738289762148615,1.04498184803242
2103,"Banteng","BTG",1,"dist_str + ndvi_cv + slope + BB",0.0587387893019211,0.720673360707454,1.06049822620301
2104,"Banteng","BTG",1,"dist_str + ndvi_cv + slope + BB",0.0958069483022958,0.714873340693621,1.10054658148803
2105,"Banteng","BTG",1,"dist_str + ndvi_cv + slope + BB",0.137525287797882,0.713214184337944,1.14743074631229
2106,"Banteng","BTG",1,"dist_str + ndvi_cv + slope + BB",0.121213265030092,0.693314943688061,1.12886563474643
2107,"Banteng","BTG",1,"dist_str + ndvi_cv + slope + BB",0.154003774552872,0.701647770961448,1.16649529276589
2108,"Banteng","BTG",1,"dist_str + ndvi_cv + slope + BB",0.207247471869953,0.710763147617737,1.23028699557481
2109,"Banteng","BTG",1,"dist_str + ndvi_cv + slope + BB",0.23019243672686,0.713885733567472,1.25884223615626
2110,"Banteng","BTG",1,"dist_str + ndvi_cv + slope + BB",0.274711981060109,0.70835977236338,1.31615154375084
2111,"Banteng","BTG",1,"dist_str + ndvi_cv + slope + BB",0.318494853850093,0.697303136164144,1.37505654878366
2112,"Banteng","BTG",1,"dist_str + ndvi_cv + slope + BB",0.414240306030393,0.691322937850346,1.51322071936558
2113,"Banteng","BTG",1,"dist_str + ndvi_cv + slope + BB",0.488344623543231,0.683977421286942,1.62961637091082
2114,"Banteng","BTG",1,"dist_str + ndvi_cv + slope + BB",0.613696920468404,0.693252508459679,1.84724792009471
2115,"Banteng","BTG",1,"dist_str + ndvi_cv + slope + BB",0.794695648135156,0.700893893019282,2.21376713199119
2116,"Banteng","BTG",1,"dist_str + ndvi_cv + slope + BB",0.991117738424514,0.686320402345629,2.69424425043342
2117,"Banteng","BTG",1,"dist_str + ndvi_cv + slope + BB",1.20062532926298,0.670187150717447,3.32219373828905
2118,"Banteng","BTG",1,"dist_str + ndvi_cv + slope + BB",1.4208571621594,0.630733195470758,4.14066818690438
2119,"Banteng","BTG",1,"dist_str + ndvi_cv + slope + BB",1.54270320076451,0.632759188288846,4.6772166535776
2120,"Banteng","BTG",1,"dist_str + ndvi_cv + slope + BB",1.61996673962831,0.64896902378582,5.05292225169698
2121,"Banteng","BTG",1,"dist_str + ndvi_cv + slope + BB",1.50484849477662,0.68595282640683,4.50347128371576
2122,"Banteng","BTG",1,"dist_str + ndvi_cv + slope + BB",1.42776576982763,0.684416872647596,4.1693734484819
2123,"Banteng","BTG",1,"dist_str + ndvi_cv + slope + BB",1.36108121862853,0.69852128098311,3.90040822121247
2124,"Banteng","BTG",1,"dist_str + ndvi_cv + slope + BB",1.30138770653125,0.68299747703033,3.67439213355966
2125,"Banteng","BTG",1,"dist_str + ndvi_cv + slope + BB",1.21199617639915,0.658504164415549,3.36018548693018
2126,"Banteng","BTG",1,"dist_str + ndvi_cv + slope + BB",1.19152406977316,0.666253344223746,3.29209476812919
2127,"Banteng","BTG",1,"dist_str + ndvi_cv + slope + BB",1.14290867544289,0.713566289361183,3.13587643262765
2128,"Banteng","BTG",1,"dist_str + ndvi_cv + slope + BB",1.13745845648617,0.736860864755173,3.11883175617749
2129,"Banteng","BTG",1,"dist_str + ndvi_cv + slope + BB",1.08033904569699,0.756405557043054,2.94567817389106
2130,"Banteng","BTG",1,"dist_str + ndvi_cv + slope + BB",1.06488938667518,0.778958263205943,2.90051813273676
2131,"Banteng","BTG",1,"dist_str + ndvi_cv + slope + BB",1.039019057675,0.834333634142322,2.82644307640241
2132,"Banteng","BTG",1,"dist_str + ndvi_cv + slope + BB",1.03370444759999,0.972006858253364,2.81146154112628
2133,"Banteng","BTG",1,"dist_str + ndvi_cv + slope + BB",0.0932678112598067,0.974803069138899,1.09775568889416
2134,"Banteng","BTG",1,"dist_str + ndvi_cv + slope + BB",0.107398703622976,0.859283380377196,1.11337807473791
2135,"Banteng","BTG",1,"dist_str + ndvi_cv + slope + BB",0.116444644142833,0.803864556130508,1.12349531698086
2136,"Banteng","BTG",1,"dist_str + ndvi_cv + slope + BB",0.0951123204473501,0.777980482235795,1.09978239189167
2137,"Banteng","BTG",1,"dist_str + ndvi_cv + slope + BB",0.0765154583767854,0.761758870050811,1.07951887965675
2138,"Banteng","BTG",1,"dist_str + ndvi_cv + slope + BB",0.0908443785996464,0.753644797403568,1.09509857336461
2139,"Banteng","BTG",1,"dist_str + ndvi_cv + slope + BB",0.113734632420816,0.735225645658438,1.12045475395597
2140,"Banteng","BTG",1,"dist_str + ndvi_cv + slope + BB",0.0961197630994237,0.713889485337493,1.10089090260447
2141,"Banteng","BTG",1,"dist_str + ndvi_cv + slope + BB",0.151009574266517,0.700879319639016,1.16300781624952
2142,"Banteng","BTG",1,"dist_str + ndvi_cv + slope + BB",0.18259969964692,0.707254876392772,1.20033382891797
2143,"Banteng","BTG",1,"dist_str + ndvi_cv + slope + BB",0.165541433482147,0.704542862357944,1.18003185775225
2144,"Banteng","BTG",1,"dist_str + ndvi_cv + slope + BB",0.122496872319858,0.695494935072255,1.13031558861287
2145,"Banteng","BTG",1,"dist_str + ndvi_cv + slope + BB",0.176776274473745,0.682954473393854,1.19336408656023
2146,"Banteng","BTG",1,"dist_str + ndvi_cv + slope + BB",0.240129760101908,0.705694385982305,1.27141412033471
2147,"Banteng","BTG",1,"dist_str + ndvi_cv + slope + BB",0.299897902455242,0.712570602445703,1.34972099786777
2148,"Banteng","BTG",1,"dist_str + ndvi_cv + slope + BB",0.341251877829952,0.716185161346061,1.40670751562249
2149,"Banteng","BTG",1,"dist_str + ndvi_cv + slope + BB",0.393241042239252,0.695019086191262,1.48177552692933
2150,"Banteng","BTG",1,"dist_str + ndvi_cv + slope + BB",0.459704403296816,0.654266085807666,1.5836058071745
2151,"Banteng","BTG",1,"dist_str + ndvi_cv + slope + BB",0.625653492036812,0.676016533993876,1.86946724076946
2152,"Banteng","BTG",1,"dist_str + ndvi_cv + slope + BB",0.824917519390814,0.67348708515747,2.28169257304763
2153,"Banteng","BTG",1,"dist_str + ndvi_cv + slope + BB",1.02253443405772,0.685528496547695,2.78023216451175
2154,"Banteng","BTG",1,"dist_str + ndvi_cv + slope + BB",1.27563351743608,0.663541920284167,3.58096929965697
2155,"Banteng","BTG",1,"dist_str + ndvi_cv + slope + BB",1.5869853936389,0.638163123868479,4.88898844976587
2156,"Banteng","BTG",1,"dist_str + ndvi_cv + slope + BB",2.11115685184916,0.583901715874277,8.25778884654878
2157,"Banteng","BTG",1,"dist_str + ndvi_cv + slope + BB",2.06372773250975,0.658540900915662,7.87527206914122
2158,"Banteng","BTG",1,"dist_str + ndvi_cv + slope + BB",1.67213640449963,0.674474446254954,5.32352888854903
2159,"Banteng","BTG",1,"dist_str + ndvi_cv + slope + BB",1.52102677141291,0.679201574273276,4.57692223702324
2160,"Banteng","BTG",1,"dist_str + ndvi_cv + slope + BB",1.42197917522123,0.673813616308086,4.1453166348046
2161,"Banteng","BTG",1,"dist_str + ndvi_cv + slope + BB",1.32797744068711,0.683659176376807,3.77340373337578
2162,"Banteng","BTG",1,"dist_str + ndvi_cv + slope + BB",1.25802042479343,0.587812059470361,3.51844955632958
2163,"Banteng","BTG",1,"dist_str + ndvi_cv + slope + BB",1.24784624601806,0.66642710808455,3.48283371809565
2164,"Banteng","BTG",1,"dist_str + ndvi_cv + slope + BB",1.23198051019521,0.695951041200716,3.42801207964011
2165,"Banteng","BTG",1,"dist_str + ndvi_cv + slope + BB",1.18412626277381,0.737353790285807,3.26783034956711
2166,"Banteng","BTG",1,"dist_str + ndvi_cv + slope + BB",1.1448171031365,0.768628914527549,3.14186668410371
2167,"Banteng","BTG",1,"dist_str + ndvi_cv + slope + BB",1.15038254806715,0.793147950954098,3.15940133022251
2168,"Banteng","BTG",1,"dist_str + ndvi_cv + slope + BB",1.10332574043259,0.858681134913814,3.01417373649425
2169,"Banteng","BTG",1,"dist_str + ndvi_cv + slope + BB",0.108198885600897,0.936459269429557,1.11426933589285
2170,"Banteng","BTG",1,"dist_str + ndvi_cv + slope + BB",0.097306044366428,0.829831156784332,1.10219765837139
2171,"Banteng","BTG",1,"dist_str + ndvi_cv + slope + BB",0.110577199020297,0.812088722515952,1.11692257592028
2172,"Banteng","BTG",1,"dist_str + ndvi_cv + slope + BB",0.0960482047638495,0.762049861733589,1.10081213992856
2173,"Banteng","BTG",1,"dist_str + ndvi_cv + slope + BB",0.134557955533359,0.743173098700027,1.14403096527959
2174,"Banteng","BTG",1,"dist_str + ndvi_cv + slope + BB",0.121077067499333,0.755107503819237,1.12871189663709
2175,"Banteng","BTG",1,"dist_str + ndvi_cv + slope + BB",0.147210280315256,0.728220229713869,1.15859757858009
2176,"Banteng","BTG",1,"dist_str + ndvi_cv + slope + BB",0.142927335531443,0.720408786997402,1.15364597352096
2177,"Banteng","BTG",1,"dist_str + ndvi_cv + slope + BB",0.170076145576792,0.702910756496964,1.18539511567168
2178,"Banteng","BTG",1,"dist_str + ndvi_cv + slope + BB",0.182411278302514,0.692952766267991,1.20010773568252
2179,"Banteng","BTG",1,"dist_str + ndvi_cv + slope + BB",0.189220415979256,0.697570136427381,1.20830729315856
2180,"Banteng","BTG",1,"dist_str + ndvi_cv + slope + BB",0.18316068207359,0.686019402018328,1.20100737684144
2181,"Banteng","BTG",1,"dist_str + ndvi_cv + slope + BB",0.199411695152324,0.69084837453419,1.22068441690194
2182,"Banteng","BTG",1,"dist_str + ndvi_cv + slope + BB",0.23972713838033,0.722326352783042,1.27090232255578
2183,"Banteng","BTG",1,"dist_str + ndvi_cv + slope + BB",0.313348092013061,0.705711434095308,1.36799764060266
2184,"Banteng","BTG",1,"dist_str + ndvi_cv + slope + BB",0.340905241966176,0.70830678935669,1.40621999116207
2185,"Banteng","BTG",1,"dist_str + ndvi_cv + slope + BB",0.408496041005078,0.692975647501358,1.50455329677648
2186,"Banteng","BTG",1,"dist_str + ndvi_cv + slope + BB",0.513190388917931,0.672908461263313,1.67061260587525
2187,"Banteng","BTG",1,"dist_str + ndvi_cv + slope + BB",0.66154555484135,0.668906837451956,1.93778497453366
2188,"Banteng","BTG",1,"dist_str + ndvi_cv + slope + BB",0.882062498738546,0.682553572106312,2.41587731579853
2189,"Banteng","BTG",1,"dist_str + ndvi_cv + slope + BB",1.07626893235144,0.6733032571134,2.93371323070727
2190,"Banteng","BTG",1,"dist_str + ndvi_cv + slope + BB",1.32217772637848,0.658490042523258,3.75158241848313
2191,"Banteng","BTG",1,"dist_str + ndvi_cv + slope + BB",1.60636958575846,0.643193600920853,4.98468189272953
2192,"Banteng","BTG",1,"dist_str + ndvi_cv + slope + BB",2.07325280782345,0.603437881454044,7.95064301540036
2193,"Banteng","BTG",1,"dist_str + ndvi_cv + slope + BB",1.98873197628163,0.643626673880384,7.30626337084182
2194,"Banteng","BTG",1,"dist_str + ndvi_cv + slope + BB",1.71988097168921,0.656733412715304,5.58386379404984
2195,"Banteng","BTG",1,"dist_str + ndvi_cv + slope + BB",1.57147384193712,0.67339000983594,4.8137376566605
2196,"Banteng","BTG",1,"dist_str + ndvi_cv + slope + BB",1.47043216010514,0.662030238342392,4.35111511430299
2197,"Banteng","BTG",1,"dist_str + ndvi_cv + slope + BB",1.38746703735687,0.64707307296172,4.00469345961061
2198,"Banteng","BTG",1,"dist_str + ndvi_cv + slope + BB",1.28645437616753,0.514304561729579,3.61992887322347
2199,"Banteng","BTG",1,"dist_str + ndvi_cv + slope + BB",1.29966557327951,0.650385372133253,3.66806977148965
2200,"Banteng","BTG",1,"dist_str + ndvi_cv + slope + BB",1.27758525812325,0.669684734668711,3.58796524708805
2201,"Banteng","BTG",1,"dist_str + ndvi_cv + slope + BB",1.26194493941064,0.730173434882093,3.53228491224065
2202,"Banteng","BTG",1,"dist_str + ndvi_cv + slope + BB",1.22352376371517,0.780951613119135,3.39914449579706
2203,"Banteng","BTG",1,"dist_str + ndvi_cv + slope + BB",1.20112330468155,0.802151003880281,3.32384858302421
2204,"Banteng","BTG",1,"dist_str + ndvi_cv + slope + BB",1.20078278844604,0.899810742965563,3.32271689196586
2205,"Banteng","BTG",1,"dist_str + ndvi_cv + slope + BB",0.140648487745555,0.930974873469223,1.15101998500349
2206,"Banteng","BTG",1,"dist_str + ndvi_cv + slope + BB",0.153864304471682,0.825377415293905,1.16633261246493
2207,"Banteng","BTG",1,"dist_str + ndvi_cv + slope + BB",0.111413735762211,0.790016271606824,1.11785731311836
2208,"Banteng","BTG",1,"dist_str + ndvi_cv + slope + BB",0.132786198472159,0.783878380146261,1.1420058135253
2209,"Banteng","BTG",1,"dist_str + ndvi_cv + slope + BB",0.16736692875564,0.732436646803477,1.18218796629642
2210,"Banteng","BTG",1,"dist_str + ndvi_cv + slope + BB",0.169855229831362,0.720863060930244,1.18513326695764
2211,"Banteng","BTG",1,"dist_str + ndvi_cv + slope + BB",0.166994656401979,0.73046157454197,1.18174795050555
2212,"Banteng","BTG",1,"dist_str + ndvi_cv + slope + BB",0.195776145621874,0.712458683008508,1.21625464657502
2213,"Banteng","BTG",1,"dist_str + ndvi_cv + slope + BB",0.179331050832226,0.707481292875572,1.19641675418972
2214,"Banteng","BTG",1,"dist_str + ndvi_cv + slope + BB",0.203997195856259,0.688606871799265,1.22629471496203
2215,"Banteng","BTG",1,"dist_str + ndvi_cv + slope + BB",0.215629611356416,0.687652707031552,1.24064277991009
2216,"Banteng","BTG",1,"dist_str + ndvi_cv + slope + BB",0.217116490638433,0.690853126013867,1.24248885312971
2217,"Banteng","BTG",1,"dist_str + ndvi_cv + slope + BB",0.269692189335417,0.715631674714391,1.3095612991422
2218,"Banteng","BTG",1,"dist_str + ndvi_cv + slope + BB",0.301108550434778,0.721238997057034,1.35135602551514
2219,"Banteng","BTG",1,"dist_str + ndvi_cv + slope + BB",0.346039415159293,0.711435990232845,1.41345832665677
2220,"Banteng","BTG",1,"dist_str + ndvi_cv + slope + BB",0.399214593358016,0.692524499242432,1.49065347371305
2221,"Banteng","BTG",1,"dist_str + ndvi_cv + slope + BB",0.477217439258409,0.701235680112325,1.61158382843163
2222,"Banteng","BTG",1,"dist_str + ndvi_cv + slope + BB",0.571744239641826,0.68987511067948,1.77135402561116
2223,"Banteng","BTG",1,"dist_str + ndvi_cv + slope + BB",0.722091333627345,0.688108178699294,2.05873421213688
2224,"Banteng","BTG",1,"dist_str + ndvi_cv + slope + BB",0.876928558804999,0.679562132890898,2.4035061300875
2225,"Banteng","BTG",1,"dist_str + ndvi_cv + slope + BB",1.04281412608167,0.653849062299875,2.83719000104822
2226,"Banteng","BTG",1,"dist_str + ndvi_cv + slope + BB",1.25449879605513,0.67652176560568,3.50608069216564
2227,"Banteng","BTG",1,"dist_str + ndvi_cv + slope + BB",1.49859757042211,0.67265012534252,4.4754083357689
2228,"Banteng","BTG",1,"dist_str + ndvi_cv + slope + BB",1.67508754268722,0.659486386128836,5.3392625460163
2229,"Banteng","BTG",1,"dist_str + ndvi_cv + slope + BB",1.7157354882966,0.675459027590109,5.56076388733518
2230,"Banteng","BTG",1,"dist_str + ndvi_cv + slope + BB",1.66467069331324,0.675440015156257,5.28393293358032
2231,"Banteng","BTG",1,"dist_str + ndvi_cv + slope + BB",1.58190837534226,0.67468434079736,4.86422973545145
2232,"Banteng","BTG",1,"dist_str + ndvi_cv + slope + BB",1.5168678743073,0.674394446621599,4.5579268257525
2233,"Banteng","BTG",1,"dist_str + ndvi_cv + slope + BB",1.45947654310755,0.64715871605109,4.30370622736109
2234,"Banteng","BTG",1,"dist_str + ndvi_cv + slope + BB",1.39823213031096,0.629236826382476,4.04803723881319
2235,"Banteng","BTG",1,"dist_str + ndvi_cv + slope + BB",1.35276747530865,0.648074245749203,3.86811564708853
2236,"Banteng","BTG",1,"dist_str + ndvi_cv + slope + BB",1.34260564278844,0.687411866959494,3.829007562871
2237,"Banteng","BTG",1,"dist_str + ndvi_cv + slope + BB",1.31756877177158,0.738606795822777,3.73433132567739
2238,"Banteng","BTG",1,"dist_str + ndvi_cv + slope + BB",1.27289338412507,0.793671650377499,3.57117051162089
2239,"Banteng","BTG",1,"dist_str + ndvi_cv + slope + BB",1.26630701620887,0.821274806547895,3.54772682544107
2240,"Banteng","BTG",1,"dist_str + ndvi_cv + slope + BB",1.25276506072303,0.930836890053714,3.50000734502635
2241,"Banteng","BTG",1,"dist_str + ndvi_cv + slope + BB",0.126206889834722,1.06483954415808,1.13451687368105
2242,"Banteng","BTG",1,"dist_str + ndvi_cv + slope + BB",0.141874846251878,0.909689515151596,1.15243240828685
2243,"Banteng","BTG",1,"dist_str + ndvi_cv + slope + BB",0.147486331022061,0.826885443750862,1.15891744355983
2244,"Banteng","BTG",1,"dist_str + ndvi_cv + slope + BB",0.159251673623209,0.781967441427147,1.17263303325494
2245,"Banteng","BTG",1,"dist_str + ndvi_cv + slope + BB",0.188961489297902,0.762444901179728,1.20799443595299
2246,"Banteng","BTG",1,"dist_str + ndvi_cv + slope + BB",0.222094473835077,0.762736594545396,1.24868935269051
2247,"Banteng","BTG",1,"dist_str + ndvi_cv + slope + BB",0.19667689903126,0.740298362611899,1.21735065000322
2248,"Banteng","BTG",1,"dist_str + ndvi_cv + slope + BB",0.218363335776509,0.713475095212737,1.2440389943474
2249,"Banteng","BTG",1,"dist_str + ndvi_cv + slope + BB",0.193717939874087,0.708698655334343,1.21375388423803
2250,"Banteng","BTG",1,"dist_str + ndvi_cv + slope + BB",0.217352469016031,0.691960870216684,1.24278206730875
2251,"Banteng","BTG",1,"dist_str + ndvi_cv + slope + BB",0.206180676718351,0.693802444598032,1.22897523793986
2252,"Banteng","BTG",1,"dist_str + ndvi_cv + slope + BB",0.235031626477843,0.685481451628671,1.26494877671671
2253,"Banteng","BTG",1,"dist_str + ndvi_cv + slope + BB",0.260426369985623,0.720824419853379,1.29748319499635
2254,"Banteng","BTG",1,"dist_str + ndvi_cv + slope + BB",0.282811569125124,0.710551183278814,1.3268551274531
2255,"Banteng","BTG",1,"dist_str + ndvi_cv + slope + BB",0.318369822357832,0.711409954606381,1.37488463172965
2256,"Banteng","BTG",1,"dist_str + ndvi_cv + slope + BB",0.363913052826848,0.70280683724038,1.43894911317281
2257,"Banteng","BTG",1,"dist_str + ndvi_cv + slope + BB",0.420438167433707,0.699579714480295,1.52262857609032
2258,"Banteng","BTG",1,"dist_str + ndvi_cv + slope + BB",0.517198481487985,0.700368244884636,1.6773220180853
2259,"Banteng","BTG",1,"dist_str + ndvi_cv + slope + BB",0.604238009955262,0.691967546906093,1.82985734482405
2260,"Banteng","BTG",1,"dist_str + ndvi_cv + slope + BB",0.715699244390901,0.68513054665024,2.04561657592495
2261,"Banteng","BTG",1,"dist_str + ndvi_cv + slope + BB",0.848894307473904,0.680786607826699,2.33706135490692
2262,"Banteng","BTG",1,"dist_str + ndvi_cv + slope + BB",1.05348332520832,0.68461475194857,2.86762263060132
2263,"Banteng","BTG",1,"dist_str + ndvi_cv + slope + BB",1.19762899926195,0.687732636172744,3.31225425042441
2264,"Banteng","BTG",1,"dist_str + ndvi_cv + slope + BB",1.39480900084449,0.671240953097663,4.03420404778949
2265,"Banteng","BTG",1,"dist_str + ndvi_cv + slope + BB",1.51238481558994,0.67229828671458,4.53753909689557
2266,"Banteng","BTG",1,"dist_str + ndvi_cv + slope + BB",1.54536744754592,0.677675321513789,4.68969453697234
2267,"Banteng","BTG",1,"dist_str + ndvi_cv + slope + BB",1.56815447532082,0.684383433124651,4.79778559149571
2268,"Banteng","BTG",1,"dist_str + ndvi_cv + slope + BB",1.5745589510334,0.678355464730829,4.82861150317722
2269,"Banteng","BTG",1,"dist_str + ndvi_cv + slope + BB",1.5520370310415,0.679031717990112,4.72107737637611
2270,"Banteng","BTG",1,"dist_str + ndvi_cv + slope + BB",1.50068092899077,0.667359181799617,4.48474182711712
2271,"Banteng","BTG",1,"dist_str + ndvi_cv + slope + BB",1.46542483864678,0.677322987590667,4.32938213885878
2272,"Banteng","BTG",1,"dist_str + ndvi_cv + slope + BB",1.43955931872119,0.663283069187923,4.21883624899716
2273,"Banteng","BTG",1,"dist_str + ndvi_cv + slope + BB",1.4007523905943,0.695906390944149,4.05825222322198
2274,"Banteng","BTG",1,"dist_str + ndvi_cv + slope + BB",1.38157427973211,0.756379243400505,3.98116418367359
2275,"Banteng","BTG",1,"dist_str + ndvi_cv + slope + BB",1.39660284722422,0.799377490222201,4.0414473056081
2276,"Banteng","BTG",1,"dist_str + ndvi_cv + slope + BB",1.34207721591405,0.869883245543616,3.82698482279998
2277,"Banteng","BTG",1,"dist_str + ndvi_cv + slope + BB",1.33192592156496,1.01549173115529,3.78833242433294
2278,"Banteng","BTG",1,"dist_str + ndvi_cv + slope + BB",0.169578954591682,1.06447515345582,1.18480588957241
2279,"Banteng","BTG",1,"dist_str + ndvi_cv + slope + BB",0.167937205382626,0.870913382762086,1.18286233132483
2280,"Banteng","BTG",1,"dist_str + ndvi_cv + slope + BB",0.160647571477566,0.813011133734413,1.17427104927092
2281,"Banteng","BTG",1,"dist_str + ndvi_cv + slope + BB",0.196567269848829,0.761026725270103,1.21721721747507
2282,"Banteng","BTG",1,"dist_str + ndvi_cv + slope + BB",0.246665103053417,0.752026728688275,1.27975046077452
2283,"Banteng","BTG",1,"dist_str + ndvi_cv + slope + BB",0.241271355254303,0.765888084547946,1.27286638784332
2284,"Banteng","BTG",1,"dist_str + ndvi_cv + slope + BB",0.238265103745486,0.74105033329736,1.26904558200941
2285,"Banteng","BTG",1,"dist_str + ndvi_cv + slope + BB",0.231909264485352,0.727568453540946,1.26100531705902
2286,"Banteng","BTG",1,"dist_str + ndvi_cv + slope + BB",0.248539947362743,0.688065497763435,1.2821520447894
2287,"Banteng","BTG",1,"dist_str + ndvi_cv + slope + BB",0.232104037774671,0.686691333912217,1.26125094008084
2288,"Banteng","BTG",1,"dist_str + ndvi_cv + slope + BB",0.2428571455694,0.691321557703132,1.27488650537031
2289,"Banteng","BTG",1,"dist_str + ndvi_cv + slope + BB",0.257983429350289,0.708575810742545,1.29431737652026
2290,"Banteng","BTG",1,"dist_str + ndvi_cv + slope + BB",0.26267181088397,0.726355135742217,1.30039987189794
2291,"Banteng","BTG",1,"dist_str + ndvi_cv + slope + BB",0.307894752449469,0.722808561704321,1.36055778602725
2292,"Banteng","BTG",1,"dist_str + ndvi_cv + slope + BB",0.339477623742184,0.723810053661349,1.40421387929903
2293,"Banteng","BTG",1,"dist_str + ndvi_cv + slope + BB",0.370201836572504,0.705923260808556,1.44802685168829
2294,"Banteng","BTG",1,"dist_str + ndvi_cv + slope + BB",0.426130820714758,0.701048915329287,1.53132110293647
2295,"Banteng","BTG",1,"dist_str + ndvi_cv + slope + BB",0.478310807569622,0.713957716325371,1.61334684607504
2296,"Banteng","BTG",1,"dist_str + ndvi_cv + slope + BB",0.580382031221598,0.700235685388785,1.78672088360479
2297,"Banteng","BTG",1,"dist_str + ndvi_cv + slope + BB",0.667108996715376,0.707151398479654,1.94859578237602
2298,"Banteng","BTG",1,"dist_str + ndvi_cv + slope + BB",0.856437590072761,0.68012073244728,2.35475712728242
2299,"Banteng","BTG",1,"dist_str + ndvi_cv + slope + BB",0.993587002427954,0.664852452837479,2.70090527272854
2300,"Banteng","BTG",1,"dist_str + ndvi_cv + slope + BB",1.16758593456254,0.685817402523772,3.21422391846668
2301,"Banteng","BTG",1,"dist_str + ndvi_cv + slope + BB",1.31080250063078,0.686154122088297,3.70914911449207
2302,"Banteng","BTG",1,"dist_str + ndvi_cv + slope + BB",1.41249927999806,0.693434244342484,4.1062051698163
2303,"Banteng","BTG",1,"dist_str + ndvi_cv + slope + BB",1.4887876667442,0.711392312836059,4.43171953996412
2304,"Banteng","BTG",1,"dist_str + ndvi_cv + slope + BB",1.52234496599297,0.703713836101607,4.58295950241055
2305,"Banteng","BTG",1,"dist_str + ndvi_cv + slope + BB",1.54878915739375,0.689122695831927,4.70576879190746
2306,"Banteng","BTG",1,"dist_str + ndvi_cv + slope + BB",1.55131849560848,0.670747743912869,4.71768633469293
2307,"Banteng","BTG",1,"dist_str + ndvi_cv + slope + BB",1.56755600025988,0.668332814853417,4.79491509055636
2308,"Banteng","BTG",1,"dist_str + ndvi_cv + slope + BB",1.55390032619817,0.658886122080533,4.72988233672796
2309,"Banteng","BTG",1,"dist_str + ndvi_cv + slope + BB",1.53136963484879,0.675195914009721,4.62450638205073
2310,"Banteng","BTG",1,"dist_str + ndvi_cv + slope + BB",1.49643265732486,0.707530266271734,4.4657298329558
2311,"Banteng","BTG",1,"dist_str + ndvi_cv + slope + BB",1.44525032191619,0.774345373306825,4.24291411386303
2312,"Banteng","BTG",1,"dist_str + ndvi_cv + slope + BB",1.38663486620368,0.812272575720792,4.00136226886985
2313,"Banteng","BTG",1,"dist_str + ndvi_cv + slope + BB",1.43029676593552,0.88540314432842,4.17993948134806
2314,"Banteng","BTG",1,"dist_str + ndvi_cv + slope + BB",0.18298468030422,0.882507548717513,1.20079601276292
2315,"Banteng","BTG",1,"dist_str + ndvi_cv + slope + BB",0.225278132222387,0.791525095900383,1.25267115729662
2316,"Banteng","BTG",1,"dist_str + ndvi_cv + slope + BB",0.249717929389675,0.774625401776628,1.28366330950869
2317,"Banteng","BTG",1,"dist_str + ndvi_cv + slope + BB",0.238800198042874,0.763921716584659,1.2697248651242
2318,"Banteng","BTG",1,"dist_str + ndvi_cv + slope + BB",0.262389328539991,0.779291685983241,1.30003262657732
2319,"Banteng","BTG",1,"dist_str + ndvi_cv + slope + BB",0.28165519785954,0.738936878967494,1.32532167179562
2320,"Banteng","BTG",1,"dist_str + ndvi_cv + slope + BB",0.244697335800656,0.727535092774935,1.27723469993107
2321,"Banteng","BTG",1,"dist_str + ndvi_cv + slope + BB",0.265258921494421,0.722826719220823,1.30376852770892
2322,"Banteng","BTG",1,"dist_str + ndvi_cv + slope + BB",0.236418365197705,0.691863547405217,1.26670416122701
2323,"Banteng","BTG",1,"dist_str + ndvi_cv + slope + BB",0.264808471863154,0.719835702228659,1.30318135598604
2324,"Banteng","BTG",1,"dist_str + ndvi_cv + slope + BB",0.286915054275444,0.717761189478231,1.33231103553813
2325,"Banteng","BTG",1,"dist_str + ndvi_cv + slope + BB",0.260563798973137,0.73956912198593,1.29766150135542
2326,"Banteng","BTG",1,"dist_str + ndvi_cv + slope + BB",0.307073026850526,0.735672083764234,1.35944025157145
2327,"Banteng","BTG",1,"dist_str + ndvi_cv + slope + BB",0.32003136875825,0.735603191779068,1.37717096563121
2328,"Banteng","BTG",1,"dist_str + ndvi_cv + slope + BB",0.366832329503536,0.726268120002459,1.4431559256452
2329,"Banteng","BTG",1,"dist_str + ndvi_cv + slope + BB",0.412952712853186,0.714196764249485,1.51127356123235
2330,"Banteng","BTG",1,"dist_str + ndvi_cv + slope + BB",0.439091001094904,0.726876762295573,1.55129645120207
2331,"Banteng","BTG",1,"dist_str + ndvi_cv + slope + BB",0.508429654834399,0.698638314947388,1.66267816599174
2332,"Banteng","BTG",1,"dist_str + ndvi_cv + slope + BB",0.638728342010038,0.684412426087091,1.89407075771739
2333,"Banteng","BTG",1,"dist_str + ndvi_cv + slope + BB",0.785997363886317,0.679031824445723,2.19459465978938
2334,"Banteng","BTG",1,"dist_str + ndvi_cv + slope + BB",0.943478464788873,0.663542154744559,2.56890173012624
2335,"Banteng","BTG",1,"dist_str + ndvi_cv + slope + BB",1.1157040652395,0.665440865179284,3.0517160380652
2336,"Banteng","BTG",1,"dist_str + ndvi_cv + slope + BB",1.26800676866199,0.680883801228045,3.55376203849509
2337,"Banteng","BTG",1,"dist_str + ndvi_cv + slope + BB",1.3851183042349,0.675026590772283,3.99529856875548
2338,"Banteng","BTG",1,"dist_str + ndvi_cv + slope + BB",1.46372357327961,0.687221150970493,4.32202297344525
2339,"Banteng","BTG",1,"dist_str + ndvi_cv + slope + BB",1.49401550318575,0.702057332122454,4.45494855317082
2340,"Banteng","BTG",1,"dist_str + ndvi_cv + slope + BB",1.50592965597711,0.686211814491776,4.50834289857259
2341,"Banteng","BTG",1,"dist_str + ndvi_cv + slope + BB",1.5424860533465,0.671613639107675,4.67620112352665
2342,"Banteng","BTG",1,"dist_str + ndvi_cv + slope + BB",1.65660174965127,0.651022855701563,5.24146872271054
2343,"Banteng","BTG",1,"dist_str + ndvi_cv + slope + BB",1.70845800028662,0.657629942472677,5.52044240902378
2344,"Banteng","BTG",1,"dist_str + ndvi_cv + slope + BB",1.66638277827238,0.662325253566359,5.29298728495929
2345,"Banteng","BTG",1,"dist_str + ndvi_cv + slope + BB",1.55786431107425,0.724691657601715,4.74866874232901
2346,"Banteng","BTG",1,"dist_str + ndvi_cv + slope + BB",1.48153256323645,0.761721232138547,4.39968331404355
2347,"Banteng","BTG",1,"dist_str + ndvi_cv + slope + BB",1.48275666962648,0.79570338714406,4.40507229771113
2348,"Banteng","BTG",1,"dist_str + ndvi_cv + slope + BB",1.46402064094519,0.86917044436253,4.32330712983282
2349,"Banteng","BTG",1,"dist_str + ndvi_cv + slope + BB",0.23182590337631,0.906592579454512,1.26090019475273
2350,"Banteng","BTG",1,"dist_str + ndvi_cv + slope + BB",0.245618925443864,0.780452358428251,1.27841231184939
2351,"Banteng","BTG",1,"dist_str + ndvi_cv + slope + BB",0.273640498184245,0.763327140204351,1.31474206538084
2352,"Banteng","BTG",1,"dist_str + ndvi_cv + slope + BB",0.290615348299109,0.761409662350676,1.33725011819372
2353,"Banteng","BTG",1,"dist_str + ndvi_cv + slope + BB",0.302943415812631,0.750050099371297,1.3538378569859
2354,"Banteng","BTG",1,"dist_str + ndvi_cv + slope + BB",0.2893069999963,0.715050612095942,1.33550166586901
2355,"Banteng","BTG",1,"dist_str + ndvi_cv + slope + BB",0.279420105099422,0.718338986538527,1.32236275927898
2356,"Banteng","BTG",1,"dist_str + ndvi_cv + slope + BB",0.281003355038106,0.731522844753401,1.32445805639637
2357,"Banteng","BTG",1,"dist_str + ndvi_cv + slope + BB",0.257752760286303,0.737012765842426,1.29401884637614
2358,"Banteng","BTG",1,"dist_str + ndvi_cv + slope + BB",0.248957600641771,0.719286097757568,1.28268764688607
2359,"Banteng","BTG",1,"dist_str + ndvi_cv + slope + BB",0.285906109951662,0.715736246898039,1.33096749092325
2360,"Banteng","BTG",1,"dist_str + ndvi_cv + slope + BB",0.255186017672424,0.715084879162057,1.29070169442796
2361,"Banteng","BTG",1,"dist_str + ndvi_cv + slope + BB",0.267440845899493,0.725158252126633,1.3066163366824
2362,"Banteng","BTG",1,"dist_str + ndvi_cv + slope + BB",0.32213186893399,0.749215158007679,1.38006675203463
2363,"Banteng","BTG",1,"dist_str + ndvi_cv + slope + BB",0.363374702924577,0.744909763043636,1.43817465657693
2364,"Banteng","BTG",1,"dist_str + ndvi_cv + slope + BB",0.38031793687438,0.733144000667717,1.4627495813735
2365,"Banteng","BTG",1,"dist_str + ndvi_cv + slope + BB",0.402513410119467,0.730596126247209,1.49557899134261
2366,"Banteng","BTG",1,"dist_str + ndvi_cv + slope + BB",0.331324694659387,0.626332091177379,1.39281196008181
2367,"Banteng","BTG",1,"dist_str + ndvi_cv + slope + BB",0.55267645995579,0.673229536120024,1.73789822860313
2368,"Banteng","BTG",1,"dist_str + ndvi_cv + slope + BB",0.725930868880316,0.686048996330913,2.06665401399919
2369,"Banteng","BTG",1,"dist_str + ndvi_cv + slope + BB",0.875279094859098,0.673525036111123,2.39954490255474
2370,"Banteng","BTG",1,"dist_str + ndvi_cv + slope + BB",1.03725978319902,0.672722622723973,2.82147495873001
2371,"Banteng","BTG",1,"dist_str + ndvi_cv + slope + BB",1.17998241129969,0.677590664900045,3.25431699390811
2372,"Banteng","BTG",1,"dist_str + ndvi_cv + slope + BB",1.48224589086817,0.637345577071484,4.40282293023226
2373,"Banteng","BTG",1,"dist_str + ndvi_cv + slope + BB",1.56364415564583,0.688886789618586,4.77619476764087
2374,"Banteng","BTG",1,"dist_str + ndvi_cv + slope + BB",1.41848871705343,0.678562993153711,4.13087280441482
2375,"Banteng","BTG",1,"dist_str + ndvi_cv + slope + BB",1.43037739162945,0.691160897343034,4.18027649681654
2376,"Banteng","BTG",1,"dist_str + ndvi_cv + slope + BB",1.53000601853565,0.67407020770016,4.61820462231121
2377,"Banteng","BTG",1,"dist_str + ndvi_cv + slope + BB",1.67459918410368,0.64639805900121,5.33665570437963
2378,"Banteng","BTG",1,"dist_str + ndvi_cv + slope + BB",2.28014410751113,0.505478726567471,9.77808940808108
2379,"Banteng","BTG",1,"dist_str + ndvi_cv + slope + BB",1.69215520898196,0.696276626370516,5.43117342492425
2380,"Banteng","BTG",1,"dist_str + ndvi_cv + slope + BB",1.53691564441027,0.733570779866303,4.6502251836461
2381,"Banteng","BTG",1,"dist_str + ndvi_cv + slope + BB",1.49712560510948,0.776113036343837,4.46882545488782
2382,"Banteng","BTG",1,"dist_str + ndvi_cv + slope + BB",1.4791506695327,0.810767097373002,4.38921620797232
2383,"Banteng","BTG",1,"dist_str + ndvi_cv + slope + BB",1.50397429874124,0.85884855797379,4.49953608338372
2384,"Banteng","BTG",1,"dist_str + ndvi_cv + slope + BB",1.47470665952445,1.03153145968327,4.36975375927733
2385,"Banteng","BTG",1,"dist_str + ndvi_cv + slope + BB",0.274945695846385,0.889466561343397,1.31645918596061
2386,"Banteng","BTG",1,"dist_str + ndvi_cv + slope + BB",0.277186619257513,0.802085912500502,1.31941257695524
2387,"Banteng","BTG",1,"dist_str + ndvi_cv + slope + BB",0.288413318413249,0.766338227545137,1.33430885564544
2388,"Banteng","BTG",1,"dist_str + ndvi_cv + slope + BB",0.29235847826934,0.749529211703365,1.33958314968276
2389,"Banteng","BTG",1,"dist_str + ndvi_cv + slope + BB",0.287263749740016,0.729910168514097,1.33277568881713
2390,"Banteng","BTG",1,"dist_str + ndvi_cv + slope + BB",0.295007629638866,0.727957611019171,1.3431366081469
2391,"Banteng","BTG",1,"dist_str + ndvi_cv + slope + BB",0.299415187213001,0.723656816580984,1.34906962435099
2392,"Banteng","BTG",1,"dist_str + ndvi_cv + slope + BB",0.266952098192906,0.724182506940147,1.30597789064592
2393,"Banteng","BTG",1,"dist_str + ndvi_cv + slope + BB",0.285893221946278,0.72609281177842,1.33095033416265
2394,"Banteng","BTG",1,"dist_str + ndvi_cv + slope + BB",0.258079115342551,0.732873549893365,1.29444123253505
2395,"Banteng","BTG",1,"dist_str + ndvi_cv + slope + BB",0.292706716671801,0.718221786516311,1.34004972395977
2396,"Banteng","BTG",1,"dist_str + ndvi_cv + slope + BB",0.28748395876931,0.715598385512793,1.33306920792562
2397,"Banteng","BTG",1,"dist_str + ndvi_cv + slope + BB",0.289468555826366,0.739044228098195,1.33571745504139
2398,"Banteng","BTG",1,"dist_str + ndvi_cv + slope + BB",0.300257070555502,0.739203252109087,1.35020586792894
2399,"Banteng","BTG",1,"dist_str + ndvi_cv + slope + BB",0.359687702294791,0.732350238296922,1.4328818591021
2400,"Banteng","BTG",1,"dist_str + ndvi_cv + slope + BB",0.402334689897717,0.737658514098927,1.49531171469543
2401,"Banteng","BTG",1,"dist_str + ndvi_cv + slope + BB",0.383394664513935,0.704435094868501,1.46725702327063
2402,"Banteng","BTG",1,"dist_str + ndvi_cv + slope + BB",0.427570889472807,0.674388117383518,1.53352789106855
2403,"Banteng","BTG",1,"dist_str + ndvi_cv + slope + BB",0.515667508630499,0.675830041167155,1.67475604299442
2404,"Banteng","BTG",1,"dist_str + ndvi_cv + slope + BB",0.672591191535652,0.681886417005037,1.95930776527294
2405,"Banteng","BTG",1,"dist_str + ndvi_cv + slope + BB",0.810486904331832,0.673964561608483,2.24900277494843
2406,"Banteng","BTG",1,"dist_str + ndvi_cv + slope + BB",0.921727310239659,0.673106754152293,2.51362847152249
2407,"Banteng","BTG",1,"dist_str + ndvi_cv + slope + BB",1.06042479951963,0.68257218040793,2.88759738192524
2408,"Banteng","BTG",1,"dist_str + ndvi_cv + slope + BB",1.25396332692859,0.685921425072229,3.50420378293473
2409,"Banteng","BTG",1,"dist_str + ndvi_cv + slope + BB",1.23988835539906,0.690499487159604,3.45522770606484
2410,"Banteng","BTG",1,"dist_str + ndvi_cv + slope + BB",1.28347584055795,0.689241895229285,3.60916283060154
2411,"Banteng","BTG",1,"dist_str + ndvi_cv + slope + BB",1.31099180838715,0.687237412424394,3.70985135103825
2412,"Banteng","BTG",1,"dist_str + ndvi_cv + slope + BB",1.39409523877094,0.691582649115451,4.03132561777556
2413,"Banteng","BTG",1,"dist_str + ndvi_cv + slope + BB",1.55384357665842,0.670927339752487,4.72961416929826
2414,"Banteng","BTG",1,"dist_str + ndvi_cv + slope + BB",1.74019883232208,0.669904969935072,5.69847636624126
2415,"Banteng","BTG",1,"dist_str + ndvi_cv + slope + BB",1.61065651957701,0.71127189799332,5.00609676490401
2416,"Banteng","BTG",1,"dist_str + ndvi_cv + slope + BB",1.48258253352282,0.750889745584437,4.40430527697833
2417,"Banteng","BTG",1,"dist_str + ndvi_cv + slope + BB",1.45829979589078,0.785707351124286,4.29864474151759
2418,"Banteng","BTG",1,"dist_str + ndvi_cv + slope + BB",1.43219843608551,0.825513699144812,4.18789590050125
2419,"Banteng","BTG",1,"dist_str + ndvi_cv + slope + BB",1.44748558656963,0.882215241828963,4.25240878824414
2420,"Banteng","BTG",1,"dist_str + ndvi_cv + slope + BB",1.45834790787713,1.03757156366757,4.29885156013686
2421,"Banteng","BTG",1,"dist_str + ndvi_cv + slope + BB",0.358435739865513,1.03153612318685,1.43108907125155
2422,"Banteng","BTG",1,"dist_str + ndvi_cv + slope + BB",0.330315958317724,0.871937136927768,1.3914076870811
2423,"Banteng","BTG",1,"dist_str + ndvi_cv + slope + BB",0.342113679000664,0.800287673929243,1.40792034549093
2424,"Banteng","BTG",1,"dist_str + ndvi_cv + slope + BB",0.330477697403014,0.772103476594418,1.39163275103163
2425,"Banteng","BTG",1,"dist_str + ndvi_cv + slope + BB",0.278898388203236,0.761015512457462,1.32167304496721
2426,"Banteng","BTG",1,"dist_str + ndvi_cv + slope + BB",0.30176893130254,0.750137340595623,1.35224872882508
2427,"Banteng","BTG",1,"dist_str + ndvi_cv + slope + BB",0.307298309586751,0.725585188973085,1.35974655026299
2428,"Banteng","BTG",1,"dist_str + ndvi_cv + slope + BB",0.31428830582568,0.727475919576713,1.36928445558626
2429,"Banteng","BTG",1,"dist_str + ndvi_cv + slope + BB",0.280340276994427,0.722340811390288,1.32358012069626
2430,"Banteng","BTG",1,"dist_str + ndvi_cv + slope + BB",0.293689097411194,0.743076313650762,1.34136680797236
2431,"Banteng","BTG",1,"dist_str + ndvi_cv + slope + BB",0.303069598874797,0.737502384836095,1.35400870491356
2432,"Banteng","BTG",1,"dist_str + ndvi_cv + slope + BB",0.299260399225857,0.730427869002505,1.34886087837278
2433,"Banteng","BTG",1,"dist_str + ndvi_cv + slope + BB",0.313074321654738,0.711096954865677,1.36762317169398
2434,"Banteng","BTG",1,"dist_str + ndvi_cv + slope + BB",0.297830426721444,0.729922753245033,1.34693337146518
2435,"Banteng","BTG",1,"dist_str + ndvi_cv + slope + BB",0.319312949421275,0.731532460519354,1.37618194373052
2436,"Banteng","BTG",1,"dist_str + ndvi_cv + slope + BB",0.379865418128368,0.752108328177881,1.46208780574457
2437,"Banteng","BTG",1,"dist_str + ndvi_cv + slope + BB",0.39371699478156,0.737599382050527,1.4824809401609
2438,"Banteng","BTG",1,"dist_str + ndvi_cv + slope + BB",0.448820626234146,0.726599510235029,1.56646365047386
2439,"Banteng","BTG",1,"dist_str + ndvi_cv + slope + BB",0.457206864475711,0.69621194424926,1.57965562911854
2440,"Banteng","BTG",1,"dist_str + ndvi_cv + slope + BB",0.523626402126714,0.69587765927494,1.68813843240904
2441,"Banteng","BTG",1,"dist_str + ndvi_cv + slope + BB",0.610707756343526,0.690120390296614,1.84173443688708
2442,"Banteng","BTG",1,"dist_str + ndvi_cv + slope + BB",0.721089955702896,0.711838874327401,2.05667368058247
2443,"Banteng","BTG",1,"dist_str + ndvi_cv + slope + BB",0.794093954606579,0.698676353933345,2.2124355376301
2444,"Banteng","BTG",1,"dist_str + ndvi_cv + slope + BB",0.890210363017723,0.683558894128315,2.43564196717933
2445,"Banteng","BTG",1,"dist_str + ndvi_cv + slope + BB",0.98705156901228,0.679198941879818,2.68331127118633
2446,"Banteng","BTG",1,"dist_str + ndvi_cv + slope + BB",1.07698638968205,0.688886460058304,2.93581890837038
2447,"Banteng","BTG",1,"dist_str + ndvi_cv + slope + BB",1.09640140876297,0.683015147187736,2.9933746871326
2448,"Banteng","BTG",1,"dist_str + ndvi_cv + slope + BB",1.12929196539626,0.692503590307879,3.09346545490693
2449,"Banteng","BTG",1,"dist_str + ndvi_cv + slope + BB",1.22431954636828,0.691202284017157,3.40185049353599
2450,"Banteng","BTG",1,"dist_str + ndvi_cv + slope + BB",1.30292898409876,0.692690145773753,3.68005978402215
2451,"Banteng","BTG",1,"dist_str + ndvi_cv + slope + BB",1.37021582868613,0.703402657599715,3.93620014881072
2452,"Banteng","BTG",1,"dist_str + ndvi_cv + slope + BB",1.36346999736426,0.73447977806357,3.90973657642557
2453,"Banteng","BTG",1,"dist_str + ndvi_cv + slope + BB",1.35128524545358,0.780935576710841,3.86238650518432
2454,"Banteng","BTG",1,"dist_str + ndvi_cv + slope + BB",1.35764079248581,0.816249130521895,3.88701220783642
2455,"Banteng","BTG",1,"dist_str + ndvi_cv + slope + BB",1.38152264046005,0.848612707201623,3.98095858420443
2456,"Banteng","BTG",1,"dist_str + ndvi_cv + slope + BB",1.41986024785268,0.971739171727235,4.1365423172439
2457,"Banteng","BTG",1,"dist_str + ndvi_cv + slope + BB",0.368002444764167,0.985322502563555,1.44484557312038
2458,"Banteng","BTG",1,"dist_str + ndvi_cv + slope + BB",0.370945231960525,0.855675067019082,1.44910372110734
2459,"Banteng","BTG",1,"dist_str + ndvi_cv + slope + BB",0.387188624572599,0.82637356896171,1.47283427823592
2460,"Banteng","BTG",1,"dist_str + ndvi_cv + slope + BB",0.343558389265033,0.800620610295674,1.40995584712527
2461,"Banteng","BTG",1,"dist_str + ndvi_cv + slope + BB",0.344139765119565,0.771397613966686,1.41077580784939
2462,"Banteng","BTG",1,"dist_str + ndvi_cv + slope + BB",0.289463603517281,0.750684911070746,1.33571085607982
2463,"Banteng","BTG",1,"dist_str + ndvi_cv + slope + BB",0.326160842713679,0.748186579485173,1.38563822290674
2464,"Banteng","BTG",1,"dist_str + ndvi_cv + slope + BB",0.292171155476983,0.732510280656291,1.33933223211177
2465,"Banteng","BTG",1,"dist_str + ndvi_cv + slope + BB",0.31744571034618,0.74309050521798,1.37361467340401
2466,"Banteng","BTG",1,"dist_str + ndvi_cv + slope + BB",0.294977857258289,0.749041538289004,1.3430966237426
2467,"Banteng","BTG",1,"dist_str + ndvi_cv + slope + BB",0.310463877364843,0.760827846881492,1.36405773054754
2468,"Banteng","BTG",1,"dist_str + ndvi_cv + slope + BB",0.332124107360603,0.740080479937618,1.39392585070997
2469,"Banteng","BTG",1,"dist_str + ndvi_cv + slope + BB",0.332472667748981,0.728214142595926,1.39441179053602
2470,"Banteng","BTG",1,"dist_str + ndvi_cv + slope + BB",0.33374949620605,0.715890067704472,1.39619337062374
2471,"Banteng","BTG",1,"dist_str + ndvi_cv + slope + BB",0.34336315345777,0.731494468072541,1.40968061667651
2472,"Banteng","BTG",1,"dist_str + ndvi_cv + slope + BB",0.36585386724796,0.755792787584067,1.44174454169969
2473,"Banteng","BTG",1,"dist_str + ndvi_cv + slope + BB",0.394143148602376,0.71623797582383,1.48311283983007
2474,"Banteng","BTG",1,"dist_str + ndvi_cv + slope + BB",0.421301405671486,0.722771147270913,1.52394353790242
2475,"Banteng","BTG",1,"dist_str + ndvi_cv + slope + BB",0.433951982078418,0.724626503207487,1.54334475815284
2476,"Banteng","BTG",1,"dist_str + ndvi_cv + slope + BB",0.502409161978754,0.730844317177303,1.65269809671331
2477,"Banteng","BTG",1,"dist_str + ndvi_cv + slope + BB",0.580019020874382,0.748128932676681,1.78607240412627
2478,"Banteng","BTG",1,"dist_str + ndvi_cv + slope + BB",0.595838522386503,0.72490980364039,1.81455185921715
2479,"Banteng","BTG",1,"dist_str + ndvi_cv + slope + BB",0.66334072056593,0.710049392119163,1.94126676632439
2480,"Banteng","BTG",1,"dist_str + ndvi_cv + slope + BB",0.760307870581216,0.694489561805255,2.13893464159206
2481,"Banteng","BTG",1,"dist_str + ndvi_cv + slope + BB",0.839487894448263,0.668391768066777,2.31518105845072
2482,"Banteng","BTG",1,"dist_str + ndvi_cv + slope + BB",0.861329279884682,0.689269951323984,2.36630408488004
2483,"Banteng","BTG",1,"dist_str + ndvi_cv + slope + BB",0.924144959237619,0.685643272035857,2.51971288182839
2484,"Banteng","BTG",1,"dist_str + ndvi_cv + slope + BB",0.965032083316682,0.698453402660604,2.62487188298455
2485,"Banteng","BTG",1,"dist_str + ndvi_cv + slope + BB",1.02957871257538,0.687827982861579,2.79988607920065
2486,"Banteng","BTG",1,"dist_str + ndvi_cv + slope + BB",1.07169870796784,0.692490194055041,2.92033609068942
2487,"Banteng","BTG",1,"dist_str + ndvi_cv + slope + BB",1.15101519961421,0.717803381722646,3.16140073464718
2488,"Banteng","BTG",1,"dist_str + ndvi_cv + slope + BB",1.22999214036647,0.772656853686111,3.42120264722675
2489,"Banteng","BTG",1,"dist_str + ndvi_cv + slope + BB",1.23948387459057,0.805419369836598,3.45383040514808
2490,"Banteng","BTG",1,"dist_str + ndvi_cv + slope + BB",1.26877252229554,0.860254834114927,3.5564843932139
2491,"Banteng","BTG",1,"dist_str + ndvi_cv + slope + BB",1.3047848591885,0.956719012645355,3.68689580669239
2492,"Banteng","BTG",1,"dist_str + ndvi_cv + slope + BB",0.388607416037001,1.02827381702357,1.47492542433085
2493,"Banteng","BTG",1,"dist_str + ndvi_cv + slope + BB",0.408464869483231,0.883183310625765,1.50450639778924
2494,"Banteng","BTG",1,"dist_str + ndvi_cv + slope + BB",0.396372661992412,0.832258063757583,1.48642318556383
2495,"Banteng","BTG",1,"dist_str + ndvi_cv + slope + BB",0.364877493828715,0.826959304245311,1.44033755048568
2496,"Banteng","BTG",1,"dist_str + ndvi_cv + slope + BB",0.352246091911321,0.794994742558552,1.42225850714533
2497,"Banteng","BTG",1,"dist_str + ndvi_cv + slope + BB",0.292199816165736,0.769934463881296,1.33937068802866
2498,"Banteng","BTG",1,"dist_str + ndvi_cv + slope + BB",0.300447456932811,0.762159627369346,1.35046296019148
2499,"Banteng","BTG",1,"dist_str + ndvi_cv + slope + BB",0.30879517667299,0.741324937764232,1.36178342039892
2500,"Banteng","BTG",1,"dist_str + ndvi_cv + slope + BB",0.302878780993194,0.745881040413605,1.35375035423268
2501,"Banteng","BTG",1,"dist_str + ndvi_cv + slope + BB",0.29143279482205,0.758960970277482,1.33834368691101
2502,"Banteng","BTG",1,"dist_str + ndvi_cv + slope + BB",0.294197045235893,0.7564567057842,1.34204832304573
2503,"Banteng","BTG",1,"dist_str + ndvi_cv + slope + BB",0.34447612136158,0.734850657540579,1.41125040437836
2504,"Banteng","BTG",1,"dist_str + ndvi_cv + slope + BB",0.343860755780839,0.763534393521404,1.41038224865962
2505,"Banteng","BTG",1,"dist_str + ndvi_cv + slope + BB",0.343722624526453,0.743781917343499,1.4101874299646
2506,"Banteng","BTG",1,"dist_str + ndvi_cv + slope + BB",0.343642621862211,0.752282915413623,1.4100746160825
2507,"Banteng","BTG",1,"dist_str + ndvi_cv + slope + BB",0.35336114993226,0.721353582719216,1.42384527243177
2508,"Banteng","BTG",1,"dist_str + ndvi_cv + slope + BB",0.386462337434048,0.731302705516483,1.47176496817715
2509,"Banteng","BTG",1,"dist_str + ndvi_cv + slope + BB",0.390534674042976,0.717713979360239,1.47777070927934
2510,"Banteng","BTG",1,"dist_str + ndvi_cv + slope + BB",0.418225245387179,0.720670931822197,1.51926284795326
2511,"Banteng","BTG",1,"dist_str + ndvi_cv + slope + BB",0.476567310371428,0.73424517183256,1.61053643137379
2512,"Banteng","BTG",1,"dist_str + ndvi_cv + slope + BB",0.502888204959875,0.747321573478918,1.65348999920101
2513,"Banteng","BTG",1,"dist_str + ndvi_cv + slope + BB",0.552356844269274,0.730272157714269,1.73734284295813
2514,"Banteng","BTG",1,"dist_str + ndvi_cv + slope + BB",0.550674078218103,0.702970962033808,1.73442181302246
2515,"Banteng","BTG",1,"dist_str + ndvi_cv + slope + BB",0.618886476917084,0.696210622512297,1.85685923487444
2516,"Banteng","BTG",1,"dist_str + ndvi_cv + slope + BB",0.661661460210446,0.674606565081299,1.93800958696255
2517,"Banteng","BTG",1,"dist_str + ndvi_cv + slope + BB",0.695414879979581,0.683094008764037,2.00454054522927
2518,"Banteng","BTG",1,"dist_str + ndvi_cv + slope + BB",0.718753851386044,0.688410776244821,2.0518746849531
2519,"Banteng","BTG",1,"dist_str + ndvi_cv + slope + BB",0.789677020554328,0.685387574387007,2.20268489749771
2520,"Banteng","BTG",1,"dist_str + ndvi_cv + slope + BB",0.82087896255724,0.696267389663803,2.27249640508968
2521,"Banteng","BTG",1,"dist_str + ndvi_cv + slope + BB",0.870821736800445,0.701815917895446,2.38887314542015
2522,"Banteng","BTG",1,"dist_str + ndvi_cv + slope + BB",0.963943239117001,0.723284648153478,2.62201535089047
2523,"Banteng","BTG",1,"dist_str + ndvi_cv + slope + BB",1.03774750783088,0.780645191149866,2.82285139731072
2524,"Banteng","BTG",1,"dist_str + ndvi_cv + slope + BB",1.07487044307501,0.832967213452128,2.92961332431105
2525,"Banteng","BTG",1,"dist_str + ndvi_cv + slope + BB",1.13384081681889,0.916509565109302,3.10756921234715
2526,"Banteng","BTG",1,"dist_str + ndvi_cv + slope + BB",0.394366031465163,0.89823523839883,1.48344344125228
2527,"Banteng","BTG",1,"dist_str + ndvi_cv + slope + BB",0.389362828958281,0.842885923095952,1.47604000676734
2528,"Banteng","BTG",1,"dist_str + ndvi_cv + slope + BB",0.374383293447485,0.84893474988475,1.45409441738128
2529,"Banteng","BTG",1,"dist_str + ndvi_cv + slope + BB",0.347520336935739,0.842072665696036,1.41555310123036
2530,"Banteng","BTG",1,"dist_str + ndvi_cv + slope + BB",0.32683837193584,0.812395943119455,1.38657735926443
2531,"Banteng","BTG",1,"dist_str + ndvi_cv + slope + BB",0.329747602090179,0.79193004460839,1.39061709690193
2532,"Banteng","BTG",1,"dist_str + ndvi_cv + slope + BB",0.295142921602907,0.76533968781389,1.34331838147396
2533,"Banteng","BTG",1,"dist_str + ndvi_cv + slope + BB",0.304948611388968,0.776722630624925,1.35655528972783
2534,"Banteng","BTG",1,"dist_str + ndvi_cv + slope + BB",0.330386350929213,0.772443450067451,1.39150564923729
2535,"Banteng","BTG",1,"dist_str + ndvi_cv + slope + BB",0.301730847716003,0.753225010682434,1.35219723081507
2536,"Banteng","BTG",1,"dist_str + ndvi_cv + slope + BB",0.340198899350359,0.752767966482724,1.40522707034658
2537,"Banteng","BTG",1,"dist_str + ndvi_cv + slope + BB",0.327137461331687,0.748049263304847,1.38699222551706
2538,"Banteng","BTG",1,"dist_str + ndvi_cv + slope + BB",0.351133807226506,0.744765234721257,1.42067758280612
2539,"Banteng","BTG",1,"dist_str + ndvi_cv + slope + BB",0.338722955294771,0.734725210915532,1.40315455560323
2540,"Banteng","BTG",1,"dist_str + ndvi_cv + slope + BB",0.352686317055404,0.741031778825527,1.42288473887224
2541,"Banteng","BTG",1,"dist_str + ndvi_cv + slope + BB",0.33967205946985,0.724591117306138,1.40448693075857
2542,"Banteng","BTG",1,"dist_str + ndvi_cv + slope + BB",0.346748924462237,0.717115923813979,1.41446155618431
2543,"Banteng","BTG",1,"dist_str + ndvi_cv + slope + BB",0.371668330245478,0.73998056740884,1.45015193363973
2544,"Banteng","BTG",1,"dist_str + ndvi_cv + slope + BB",0.388407743537299,0.739629972669492,1.47463094082311
2545,"Banteng","BTG",1,"dist_str + ndvi_cv + slope + BB",0.421656338012079,0.730482288366558,1.52448452769623
2546,"Banteng","BTG",1,"dist_str + ndvi_cv + slope + BB",0.4558215972333,0.739758486063005,1.57746889661695
2547,"Banteng","BTG",1,"dist_str + ndvi_cv + slope + BB",0.457946060899103,0.722657778764992,1.58082374111084
2548,"Banteng","BTG",1,"dist_str + ndvi_cv + slope + BB",0.435735248662683,0.680552429072555,1.54609940931106
2549,"Banteng","BTG",1,"dist_str + ndvi_cv + slope + BB",0.456866576776877,0.671284950678072,1.57911818643351
2550,"Banteng","BTG",1,"dist_str + ndvi_cv + slope + BB",0.483003130321143,0.674411022453587,1.62093497959506
2551,"Banteng","BTG",1,"dist_str + ndvi_cv + slope + BB",0.580768278462425,0.669566663800177,1.78741113359506
2552,"Banteng","BTG",1,"dist_str + ndvi_cv + slope + BB",0.633668497085988,0.680923285545188,1.8845112386273
2553,"Banteng","BTG",1,"dist_str + ndvi_cv + slope + BB",0.627142601012568,0.671683578731566,1.87225315748352
2554,"Banteng","BTG",1,"dist_str + ndvi_cv + slope + BB",0.605220204625464,0.673040711008095,1.83165550349468
2555,"Banteng","BTG",1,"dist_str + ndvi_cv + slope + BB",0.771656171205788,0.74056533887862,2.16334616013106
2556,"Banteng","BTG",1,"dist_str + ndvi_cv + slope + BB",0.88843247462873,0.786791379205868,2.43131552962951
2557,"Banteng","BTG",1,"dist_str + ndvi_cv + slope + BB",0.953463156585292,0.864571902577057,2.59468001156413
2558,"Banteng","BTG",1,"dist_str + ndvi_cv + slope + BB",0.982995300601611,1.02677245843974,2.67244916732105
2559,"Banteng","BTG",1,"dist_str + ndvi_cv + slope + BB",0.374452936235363,1.07977153772965,1.45419568191645
2560,"Banteng","BTG",1,"dist_str + ndvi_cv + slope + BB",0.376106344514283,0.942656924240036,1.45660202724532
2561,"Banteng","BTG",1,"dist_str + ndvi_cv + slope + BB",0.397751894224428,0.882620198015885,1.48847469632045
2562,"Banteng","BTG",1,"dist_str + ndvi_cv + slope + BB",0.387761568853156,0.861767546880986,1.47367837160093
2563,"Banteng","BTG",1,"dist_str + ndvi_cv + slope + BB",0.347736005480546,0.862208829733718,1.41585847291699
2564,"Banteng","BTG",1,"dist_str + ndvi_cv + slope + BB",0.325209453797457,0.840615876807195,1.38432057740436
2565,"Banteng","BTG",1,"dist_str + ndvi_cv + slope + BB",0.320846310448447,0.818925671502137,1.37829374020906
2566,"Banteng","BTG",1,"dist_str + ndvi_cv + slope + BB",0.329441977527371,0.786267949850146,1.39019215373993
2567,"Banteng","BTG",1,"dist_str + ndvi_cv + slope + BB",0.314577919152957,0.768000326487495,1.36968107713961
2568,"Banteng","BTG",1,"dist_str + ndvi_cv + slope + BB",0.297574983526539,0.765696946449238,1.34658934584054
2569,"Banteng","BTG",1,"dist_str + ndvi_cv + slope + BB",0.341273385852538,0.762191005380562,1.40673779743141
2570,"Banteng","BTG",1,"dist_str + ndvi_cv + slope + BB",0.314991264575957,0.751824723669363,1.37024734564156
2571,"Banteng","BTG",1,"dist_str + ndvi_cv + slope + BB",0.32342437775699,0.756164775417362,1.38185165408626
2572,"Banteng","BTG",1,"dist_str + ndvi_cv + slope + BB",0.290718004437103,0.720450157964248,1.33738739385083
2573,"Banteng","BTG",1,"dist_str + ndvi_cv + slope + BB",0.314414025593422,0.743283785585275,1.36945660962043
2574,"Banteng","BTG",1,"dist_str + ndvi_cv + slope + BB",0.328243181439161,0.739860685412002,1.38852660025797
2575,"Banteng","BTG",1,"dist_str + ndvi_cv + slope + BB",0.329990775954708,0.736786698218176,1.39095530295547
2576,"Banteng","BTG",1,"dist_str + ndvi_cv + slope + BB",0.326908034069442,0.741683060086576,1.38667394603824
2577,"Banteng","BTG",1,"dist_str + ndvi_cv + slope + BB",0.271635926575992,0.719011726524791,1.3121092136638
2578,"Banteng","BTG",1,"dist_str + ndvi_cv + slope + BB",0.317895799721799,0.723909201099186,1.37423306207936
2579,"Banteng","BTG",1,"dist_str + ndvi_cv + slope + BB",0.334149415353958,0.731192904241237,1.39675185989835
2580,"Banteng","BTG",1,"dist_str + ndvi_cv + slope + BB",0.388312714650119,0.741432375874623,1.47449083806772
2581,"Banteng","BTG",1,"dist_str + ndvi_cv + slope + BB",0.369446070456153,0.716062278822016,1.44693289686358
2582,"Banteng","BTG",1,"dist_str + ndvi_cv + slope + BB",0.356452889767213,0.689083003135866,1.42825424452284
2583,"Banteng","BTG",1,"dist_str + ndvi_cv + slope + BB",0.0922249748069078,0.606255208738418,1.09661150431569
2584,"Banteng","BTG",1,"dist_str + ndvi_cv + slope + BB",0.300735351446305,0.644445952574512,1.35085179351465
2585,"Banteng","BTG",1,"dist_str + ndvi_cv + slope + BB",0.461593219900623,0.667802415226604,1.58659983395892
2586,"Banteng","BTG",1,"dist_str + ndvi_cv + slope + BB",0.520269703738346,0.681853981716542,1.68248136002743
2587,"Banteng","BTG",1,"dist_str + ndvi_cv + slope + BB",0.50091309485488,0.674469045183681,1.65022739957301
2588,"Banteng","BTG",1,"dist_str + ndvi_cv + slope + BB",0.518419520568567,0.681498792486934,1.67937134637222
2589,"Banteng","BTG",1,"dist_str + ndvi_cv + slope + BB",0.653017129310538,0.755497116298409,1.92132899769918
2590,"Banteng","BTG",1,"dist_str + ndvi_cv + slope + BB",0.72030141956136,0.805824527503782,2.05505255222512
2591,"Banteng","BTG",1,"dist_str + ndvi_cv + slope + BB",0.818433192284855,0.904003862235502,2.26694520077786
2592,"Banteng","BTG",1,"dist_str + ndvi_cv + slope + BB",0.357165833763429,1.03404918621763,1.42927288831543
2593,"Banteng","BTG",1,"dist_str + ndvi_cv + slope + BB",0.375586316856761,0.939313985252578,1.45584475075498
2594,"Banteng","BTG",1,"dist_str + ndvi_cv + slope + BB",0.41051750694694,0.918812949454168,1.50759777598536
2595,"Banteng","BTG",1,"dist_str + ndvi_cv + slope + BB",0.370771888891063,0.884239914582881,1.44885253636723
2596,"Banteng","BTG",1,"dist_str + ndvi_cv + slope + BB",0.346238224566165,0.870263584312906,1.41373936319144
2597,"Banteng","BTG",1,"dist_str + ndvi_cv + slope + BB",0.307370129599308,0.859810700563058,1.35984419498515
2598,"Banteng","BTG",1,"dist_str + ndvi_cv + slope + BB",0.305494321028688,0.835374962137536,1.35729577716504
2599,"Banteng","BTG",1,"dist_str + ndvi_cv + slope + BB",0.307223759193026,0.798204728063115,1.3596451672891
2600,"Banteng","BTG",1,"dist_str + ndvi_cv + slope + BB",0.283799141065296,0.794942987467756,1.32816613013252
2601,"Banteng","BTG",1,"dist_str + ndvi_cv + slope + BB",0.293291383680889,0.776225159211331,1.34083343545318
2602,"Banteng","BTG",1,"dist_str + ndvi_cv + slope + BB",0.310136559721343,0.790640898612894,1.36361131837362
2603,"Banteng","BTG",1,"dist_str + ndvi_cv + slope + BB",0.292368527792927,0.758964978441924,1.33959661201304
2604,"Banteng","BTG",1,"dist_str + ndvi_cv + slope + BB",0.291864842436219,0.755391487881545,1.33892204123436
2605,"Banteng","BTG",1,"dist_str + ndvi_cv + slope + BB",0.281058897909191,0.743491320833313,1.32453161642774
2606,"Banteng","BTG",1,"dist_str + ndvi_cv + slope + BB",0.318152430633567,0.743043703509969,1.3745857752494
2607,"Banteng","BTG",1,"dist_str + ndvi_cv + slope + BB",0.322724080497399,0.747981649166333,1.38088433995639
2608,"Banteng","BTG",1,"dist_str + ndvi_cv + slope + BB",0.273192414272362,0.751751811521487,1.31415308247486
2609,"Banteng","BTG",1,"dist_str + ndvi_cv + slope + BB",0.28947048438916,0.749591715656377,1.33572001796029
2610,"Banteng","BTG",1,"dist_str + ndvi_cv + slope + BB",0.278824156900034,0.744150932087501,1.32157493434339
2611,"Banteng","BTG",1,"dist_str + ndvi_cv + slope + BB",0.276562014177392,0.751471556509504,1.31858872172141
2612,"Banteng","BTG",1,"dist_str + ndvi_cv + slope + BB",0.306695761027137,0.751806770568525,1.35892746743637
2613,"Banteng","BTG",1,"dist_str + ndvi_cv + slope + BB",0.306984596158755,0.730454930303883,1.35932003811791
2614,"Banteng","BTG",1,"dist_str + ndvi_cv + slope + BB",0.292099704088492,0.707132252606059,1.33923653839642
2615,"Banteng","BTG",1,"dist_str + ndvi_cv + slope + BB",0.274518152577993,0.687308044877137,1.31589646103016
2616,"Banteng","BTG",1,"dist_str + ndvi_cv + slope + BB",0.272869975793286,0.668276409646688,1.31372943376793
2617,"Banteng","BTG",1,"dist_str + ndvi_cv + slope + BB",0.300317314356847,0.683995255426213,1.35028721964822
2618,"Banteng","BTG",1,"dist_str + ndvi_cv + slope + BB",0.393669645379128,0.694207077707727,1.48241075829893
2619,"Banteng","BTG",1,"dist_str + ndvi_cv + slope + BB",0.457061304499354,0.706265581993445,1.57942570982698
2620,"Banteng","BTG",1,"dist_str + ndvi_cv + slope + BB",0.516324648876939,0.727581479830911,1.67585695799056
2621,"Banteng","BTG",1,"dist_str + ndvi_cv + slope + BB",0.563196487494048,0.753547926030384,1.75627750487846
2622,"Banteng","BTG",1,"dist_str + ndvi_cv + slope + BB",0.57545478496054,0.782135128724146,1.7779389382642
2623,"Banteng","BTG",1,"dist_str + ndvi_cv + slope + BB",0.620850948881426,0.820644590320086,1.86051063580088
2624,"Banteng","BTG",1,"dist_str + ndvi_cv + slope + BB",0.656760015597135,0.928222113495621,1.92853392272781
2625,"Banteng","BTG",1,"dist_str + ndvi_cv + slope + BB",0.303309116233316,1.16844341355404,1.35433304768871
2626,"Banteng","BTG",1,"dist_str + ndvi_cv + slope + BB",0.313107761305786,1.02617659986048,1.36766890563143
2627,"Banteng","BTG",1,"dist_str + ndvi_cv + slope + BB",0.346848561211262,0.962857670555627,1.4146024949856
2628,"Banteng","BTG",1,"dist_str + ndvi_cv + slope + BB",0.381187141572642,0.925090995652299,1.46402155910363
2629,"Banteng","BTG",1,"dist_str + ndvi_cv + slope + BB",0.371352624998202,0.899189468128133,1.44969422532641
2630,"Banteng","BTG",1,"dist_str + ndvi_cv + slope + BB",0.328575936972876,0.889089099514397,1.38898899397256
2631,"Banteng","BTG",1,"dist_str + ndvi_cv + slope + BB",0.33423113068128,0.859455947554643,1.39686596635464
2632,"Banteng","BTG",1,"dist_str + ndvi_cv + slope + BB",0.320311994191446,0.847334905472601,1.37755748913692
2633,"Banteng","BTG",1,"dist_str + ndvi_cv + slope + BB",0.321619227136973,0.824555409307222,1.37935945445735
2634,"Banteng","BTG",1,"dist_str + ndvi_cv + slope + BB",0.308203425348666,0.809419647660622,1.36097781822793
2635,"Banteng","BTG",1,"dist_str + ndvi_cv + slope + BB",0.268227975960424,0.812799775589017,1.30764521774969
2636,"Banteng","BTG",1,"dist_str + ndvi_cv + slope + BB",0.255358469238045,0.805421622712291,1.29092429487222
2637,"Banteng","BTG",1,"dist_str + ndvi_cv + slope + BB",0.275499982211651,0.807817946721653,1.31718912256341
2638,"Banteng","BTG",1,"dist_str + ndvi_cv + slope + BB",0.270321388111781,0.772650092302571,1.31038552604948
2639,"Banteng","BTG",1,"dist_str + ndvi_cv + slope + BB",0.28670993443106,0.756476087340785,1.33203778066746
2640,"Banteng","BTG",1,"dist_str + ndvi_cv + slope + BB",0.292663502252727,0.753208524138578,1.33999181244551
2641,"Banteng","BTG",1,"dist_str + ndvi_cv + slope + BB",0.292961197929906,0.766441165540448,1.34039077949574
2642,"Banteng","BTG",1,"dist_str + ndvi_cv + slope + BB",0.282944444068603,0.76950596226999,1.32703143705344
2643,"Banteng","BTG",1,"dist_str + ndvi_cv + slope + BB",0.282501796538646,0.737241510930972,1.32644415875304
2644,"Banteng","BTG",1,"dist_str + ndvi_cv + slope + BB",0.304945828344031,0.750582014998083,1.35655161107603
2645,"Banteng","BTG",1,"dist_str + ndvi_cv + slope + BB",0.281560601744247,0.769081173405559,1.32519631908335
2646,"Banteng","BTG",1,"dist_str + ndvi_cv + slope + BB",0.302883586883524,0.750076898666742,1.35375688104169
2647,"Banteng","BTG",1,"dist_str + ndvi_cv + slope + BB",0.275582983797454,0.73907792679469,1.31729842003613
2648,"Banteng","BTG",1,"dist_str + ndvi_cv + slope + BB",0.263242423466649,0.714576114773681,1.30114210827504
2649,"Banteng","BTG",1,"dist_str + ndvi_cv + slope + BB",0.259965906422671,0.690632313801842,1.29688589719782
2650,"Banteng","BTG",1,"dist_str + ndvi_cv + slope + BB",0.277213843225562,0.670948744467687,1.31944851066296
2651,"Banteng","BTG",1,"dist_str + ndvi_cv + slope + BB",0.291558757741631,0.71761036189919,1.33851228396987
2652,"Banteng","BTG",1,"dist_str + ndvi_cv + slope + BB",0.328583537439333,0.720539540743745,1.38899929264681
2653,"Banteng","BTG",1,"dist_str + ndvi_cv + slope + BB",0.427936549204586,0.744453360866646,1.53408873903106
2654,"Banteng","BTG",1,"dist_str + ndvi_cv + slope + BB",0.456226774119311,0.766983372415326,1.57810825179375
2655,"Banteng","BTG",1,"dist_str + ndvi_cv + slope + BB",0.497007093630525,0.776974351767484,1.64379418296859
2656,"Banteng","BTG",1,"dist_str + ndvi_cv + slope + BB",0.508178596087149,0.805834318768256,1.66226078778502
2657,"Banteng","BTG",1,"dist_str + ndvi_cv + slope + BB",0.462571196879157,0.845023279332235,1.58815219179146
2658,"Banteng","BTG",1,"dist_str + ndvi_cv + slope + BB",0.498363479730456,0.916655679902603,1.64602533742434
2659,"Banteng","BTG",1,"dist_str + ndvi_cv + slope + BB",0.30919789578247,1.12874690105611,1.36233194392654
2660,"Banteng","BTG",1,"dist_str + ndvi_cv + slope + BB",0.315112573495598,1.02142581838926,1.37041358408237
2661,"Banteng","BTG",1,"dist_str + ndvi_cv + slope + BB",0.369111842379727,0.972405894699767,1.44644937880779
2662,"Banteng","BTG",1,"dist_str + ndvi_cv + slope + BB",0.326896747283366,0.942556363163629,1.38665830910615
2663,"Banteng","BTG",1,"dist_str + ndvi_cv + slope + BB",0.363761905312683,0.910902986005409,1.43873162995798
2664,"Banteng","BTG",1,"dist_str + ndvi_cv + slope + BB",0.316100861414238,0.894041355880328,1.37176860757751
2665,"Banteng","BTG",1,"dist_str + ndvi_cv + slope + BB",0.31950427511113,0.901185932013656,1.37644526017804
2666,"Banteng","BTG",1,"dist_str + ndvi_cv + slope + BB",0.322885328355971,0.864600757960941,1.38110696864418
2667,"Banteng","BTG",1,"dist_str + ndvi_cv + slope + BB",0.318341174449758,0.836692775860897,1.37484524329115
2668,"Banteng","BTG",1,"dist_str + ndvi_cv + slope + BB",0.301833463198128,0.81183960646536,1.35233599590659
2669,"Banteng","BTG",1,"dist_str + ndvi_cv + slope + BB",0.286737977853788,0.832606613793384,1.33207513784829
2670,"Banteng","BTG",1,"dist_str + ndvi_cv + slope + BB",0.25609504702256,0.818543167751361,1.29187551908815
2671,"Banteng","BTG",1,"dist_str + ndvi_cv + slope + BB",0.24373844600417,0.794923864780931,1.27601054152028
2672,"Banteng","BTG",1,"dist_str + ndvi_cv + slope + BB",0.241990556799713,0.788756633286683,1.27378216418675
2673,"Banteng","BTG",1,"dist_str + ndvi_cv + slope + BB",0.252466772372407,0.762271681936306,1.28719672612024
2674,"Banteng","BTG",1,"dist_str + ndvi_cv + slope + BB",0.242445608699115,0.772122019765167,1.27436193750263
2675,"Banteng","BTG",1,"dist_str + ndvi_cv + slope + BB",0.279701637776983,0.763511454904893,1.3227351002935
2676,"Banteng","BTG",1,"dist_str + ndvi_cv + slope + BB",0.261945850826071,0.756315633624301,1.29945617605877
2677,"Banteng","BTG",1,"dist_str + ndvi_cv + slope + BB",0.280827990603307,0.772664624222391,1.32422580801256
2678,"Banteng","BTG",1,"dist_str + ndvi_cv + slope + BB",0.280858623741423,0.772475117936404,1.32426651410039
2679,"Banteng","BTG",1,"dist_str + ndvi_cv + slope + BB",0.277676756099457,0.772902878383584,1.32005942721161
2680,"Banteng","BTG",1,"dist_str + ndvi_cv + slope + BB",0.2808546129545,0.768852463168847,1.32426105971436
2681,"Banteng","BTG",1,"dist_str + ndvi_cv + slope + BB",0.276645569849391,0.734182168287403,1.31869890190951
2682,"Banteng","BTG",1,"dist_str + ndvi_cv + slope + BB",0.249304204094455,0.728473829571024,1.28313232638765
2683,"Banteng","BTG",1,"dist_str + ndvi_cv + slope + BB",0.274925746953804,0.714151755192063,1.3164329595896
2684,"Banteng","BTG",1,"dist_str + ndvi_cv + slope + BB",0.280909949784016,0.69952384921295,1.32433434560224
2685,"Banteng","BTG",1,"dist_str + ndvi_cv + slope + BB",0.282609638469796,0.728049164552021,1.32658722176062
2686,"Banteng","BTG",1,"dist_str + ndvi_cv + slope + BB",0.330157445531642,0.733899441726321,1.39118714743565
2687,"Banteng","BTG",1,"dist_str + ndvi_cv + slope + BB",0.35806867960557,0.758664324201282,1.4305638699166
2688,"Banteng","BTG",1,"dist_str + ndvi_cv + slope + BB",0.385174362054086,0.794275916420939,1.46987058901621
2689,"Banteng","BTG",1,"dist_str + ndvi_cv + slope + BB",0.395324652535478,0.802082909057735,1.48486618348375
2690,"Banteng","BTG",1,"dist_str + ndvi_cv + slope + BB",0.412854570202256,0.829446658064292,1.51112525049384
2691,"Banteng","BTG",1,"dist_str + ndvi_cv + slope + BB",0.421421580658472,0.855377309609865,1.52412668582959
2692,"Banteng","BTG",1,"dist_str + ndvi_cv + slope + BB",0.38443149546366,0.92543626125193,1.46877916109017
2693,"Banteng","BTG",1,"dist_str + ndvi_cv + slope + BB",0.3912298662779,1.05987122498801,1.47879840028391
2694,"Banteng","BTG",1,"dist_str + ndvi_cv + slope + BB",0.353954083623664,1.14688838726116,1.42468985270268
2695,"Banteng","BTG",1,"dist_str + ndvi_cv + slope + BB",0.357627966532155,1.02311520289967,1.42993354044098
2696,"Banteng","BTG",1,"dist_str + ndvi_cv + slope + BB",0.338366358063343,0.984295801162413,1.40265428310116
2697,"Banteng","BTG",1,"dist_str + ndvi_cv + slope + BB",0.355008049637259,0.956127680754154,1.42619213468857
2698,"Banteng","BTG",1,"dist_str + ndvi_cv + slope + BB",0.332205951795218,0.940020081465065,1.39403992490932
2699,"Banteng","BTG",1,"dist_str + ndvi_cv + slope + BB",0.300015307177681,0.917952639924205,1.34987947096675
2700,"Banteng","BTG",1,"dist_str + ndvi_cv + slope + BB",0.326072523972821,0.910118428959555,1.38551585130128
2701,"Banteng","BTG",1,"dist_str + ndvi_cv + slope + BB",0.324125152305513,0.878885354950897,1.38282035977088
2702,"Banteng","BTG",1,"dist_str + ndvi_cv + slope + BB",0.318450502588149,0.869498346237604,1.37499556241461
2703,"Banteng","BTG",1,"dist_str + ndvi_cv + slope + BB",0.284588115872391,0.837672359983512,1.32921443323789
2704,"Banteng","BTG",1,"dist_str + ndvi_cv + slope + BB",0.261819395571757,0.843966740260471,1.29929186589516
2705,"Banteng","BTG",1,"dist_str + ndvi_cv + slope + BB",0.230544698068709,0.823678218745863,1.25928575377652
2706,"Banteng","BTG",1,"dist_str + ndvi_cv + slope + BB",0.209264287077737,0.807400883746863,1.23277076100099
2707,"Banteng","BTG",1,"dist_str + ndvi_cv + slope + BB",0.178918274290115,0.799513109401177,1.19592300979964
2708,"Banteng","BTG",1,"dist_str + ndvi_cv + slope + BB",0.228182292728053,0.802822890783269,1.25631432276966
2709,"Banteng","BTG",1,"dist_str + ndvi_cv + slope + BB",0.235184298707896,0.772271712664446,1.26514192661663
2710,"Banteng","BTG",1,"dist_str + ndvi_cv + slope + BB",0.253458283724553,0.786566976654695,1.28847363450373
2711,"Banteng","BTG",1,"dist_str + ndvi_cv + slope + BB",0.250875358484682,0.775340909495437,1.28514990423048
2712,"Banteng","BTG",1,"dist_str + ndvi_cv + slope + BB",0.247601227029804,0.776317491465645,1.28094902954882
2713,"Banteng","BTG",1,"dist_str + ndvi_cv + slope + BB",0.278373779805529,0.779345504718672,1.32097986082819
2714,"Banteng","BTG",1,"dist_str + ndvi_cv + slope + BB",0.272248014239786,0.789187159339875,1.31291259078284
2715,"Banteng","BTG",1,"dist_str + ndvi_cv + slope + BB",0.271550428049111,0.782850845884102,1.31199703711534
2716,"Banteng","BTG",1,"dist_str + ndvi_cv + slope + BB",0.277922504932136,0.778768992483042,1.32038388002182
2717,"Banteng","BTG",1,"dist_str + ndvi_cv + slope + BB",0.250960963185908,0.746853713707793,1.28525991487635
2718,"Banteng","BTG",1,"dist_str + ndvi_cv + slope + BB",0.268131726540004,0.745415336670916,1.30751936367799
2719,"Banteng","BTG",1,"dist_str + ndvi_cv + slope + BB",0.259668068992992,0.716500283662552,1.29649966757337
2720,"Banteng","BTG",1,"dist_str + ndvi_cv + slope + BB",0.295172764392587,0.747008776460222,1.3433584510855
2721,"Banteng","BTG",1,"dist_str + ndvi_cv + slope + BB",0.307538199213361,0.760977107055754,1.36007277533063
2722,"Banteng","BTG",1,"dist_str + ndvi_cv + slope + BB",0.318138343543745,0.779434488083633,1.37456641052572
2723,"Banteng","BTG",1,"dist_str + ndvi_cv + slope + BB",0.339105307249933,0.813342262844892,1.40369116604243
2724,"Banteng","BTG",1,"dist_str + ndvi_cv + slope + BB",0.33631540829465,0.819242335722601,1.39978046155982
2725,"Banteng","BTG",1,"dist_str + ndvi_cv + slope + BB",0.348651358172504,0.843046003746903,1.41715502680673
2726,"Banteng","BTG",1,"dist_str + ndvi_cv + slope + BB",0.342072198172463,0.877264457988723,1.40786200990827
2727,"Banteng","BTG",1,"dist_str + ndvi_cv + slope + BB",0.374527686456751,0.922292679773396,1.45430436587905
2728,"Banteng","BTG",1,"dist_str + ndvi_cv + slope + BB",0.356870566754812,1.03060252049934,1.42885091924171
2729,"Banteng","BTG",1,"dist_str + ndvi_cv + slope + BB",0.350947225783171,1.19315238824207,1.42041236304301
2730,"Banteng","BTG",1,"dist_str + ndvi_cv + slope + BB",0.362408521867732,1.06365503160151,1.43678578049491
2731,"Banteng","BTG",1,"dist_str + ndvi_cv + slope + BB",0.335419760850027,0.987139391661601,1.39852740418743
2732,"Banteng","BTG",1,"dist_str + ndvi_cv + slope + BB",0.324151710676105,0.962627479849047,1.38285708658992
2733,"Banteng","BTG",1,"dist_str + ndvi_cv + slope + BB",0.345518897994818,0.943650988427621,1.41272279146943
2734,"Banteng","BTG",1,"dist_str + ndvi_cv + slope + BB",0.312651075338345,0.92604646104664,1.36704449341607
2735,"Banteng","BTG",1,"dist_str + ndvi_cv + slope + BB",0.335033430298795,0.910604148212574,1.3979871223105
2736,"Banteng","BTG",1,"dist_str + ndvi_cv + slope + BB",0.313060129468931,0.891048547529492,1.3676037655906
2737,"Banteng","BTG",1,"dist_str + ndvi_cv + slope + BB",0.281434691869228,0.886079637461897,1.32502946001131
2738,"Banteng","BTG",1,"dist_str + ndvi_cv + slope + BB",0.263604745592165,0.861756213600607,1.30161362621846
2739,"Banteng","BTG",1,"dist_str + ndvi_cv + slope + BB",0.248061237126145,0.857179367670306,1.28153841173005
2740,"Banteng","BTG",1,"dist_str + ndvi_cv + slope + BB",0.205774903717378,0.843692192005755,1.22847664856427
2741,"Banteng","BTG",1,"dist_str + ndvi_cv + slope + BB",0.204872837868509,0.80469765594017,1.22736898077733
2742,"Banteng","BTG",1,"dist_str + ndvi_cv + slope + BB",0.142002008530073,0.802217731514113,1.15257900352975
2743,"Banteng","BTG",1,"dist_str + ndvi_cv + slope + BB",0.187652488614226,0.790957441880657,1.20641422657015
2744,"Banteng","BTG",1,"dist_str + ndvi_cv + slope + BB",0.206247196662247,0.803498945669958,1.22905698568819
2745,"Banteng","BTG",1,"dist_str + ndvi_cv + slope + BB",0.219042767731392,0.800951154873656,1.24488452202698
2746,"Banteng","BTG",1,"dist_str + ndvi_cv + slope + BB",0.212329944605913,0.791808024942811,1.23655581791741
2747,"Banteng","BTG",1,"dist_str + ndvi_cv + slope + BB",0.236792143160994,0.783817307726498,1.2671776988685
2748,"Banteng","BTG",1,"dist_str + ndvi_cv + slope + BB",0.280094113162462,0.793828961248236,1.32325434221757
2749,"Banteng","BTG",1,"dist_str + ndvi_cv + slope + BB",0.275640965273263,0.799204709862518,1.3173747995236
2750,"Banteng","BTG",1,"dist_str + ndvi_cv + slope + BB",0.220327900839214,0.797813410668113,1.24648544203397
2751,"Banteng","BTG",1,"dist_str + ndvi_cv + slope + BB",0.224878420642273,0.795399666304215,1.2521704688873
2752,"Banteng","BTG",1,"dist_str + ndvi_cv + slope + BB",0.229599932937694,0.782090095346235,1.25809660036722
2753,"Banteng","BTG",1,"dist_str + ndvi_cv + slope + BB",0.227810692878014,0.753551650070056,1.25584756204977
2754,"Banteng","BTG",1,"dist_str + ndvi_cv + slope + BB",0.258596522287512,0.761191736639988,1.29511115246907
2755,"Banteng","BTG",1,"dist_str + ndvi_cv + slope + BB",0.246591012081815,0.765932063792273,1.27965564210579
2756,"Banteng","BTG",1,"dist_str + ndvi_cv + slope + BB",0.271021191048992,0.778407659206836,1.31130285818511
2757,"Banteng","BTG",1,"dist_str + ndvi_cv + slope + BB",0.289639654014828,0.800379590328477,1.3359460109384
2758,"Banteng","BTG",1,"dist_str + ndvi_cv + slope + BB",0.309915390710968,0.818672493304555,1.36330976059332
2759,"Banteng","BTG",1,"dist_str + ndvi_cv + slope + BB",0.303709963670069,0.837654135231073,1.35487603654972
2760,"Banteng","BTG",1,"dist_str + ndvi_cv + slope + BB",0.283396257952242,0.85619509107152,1.32763115139813
2761,"Banteng","BTG",1,"dist_str + ndvi_cv + slope + BB",0.28890281745065,0.895431235170949,1.33496198911031
2762,"Banteng","BTG",1,"dist_str + ndvi_cv + slope + BB",0.31835011412571,0.973125807237408,1.37485755548553
2763,"Banteng","BTG",1,"dist_str + ndvi_cv + slope + BB",0.337844865537502,1.12821932285986,1.40192300714785
2764,"Banteng","BTG",1,"dist_str + ndvi_cv + slope + BB",0.302634214137142,1.16545038583521,1.35341931224653
2765,"Banteng","BTG",1,"dist_str + ndvi_cv + slope + BB",0.343819111004015,1.05145557102554,1.41032350224474
2766,"Banteng","BTG",1,"dist_str + ndvi_cv + slope + BB",0.319856514856861,0.983864652165736,1.37693019261386
2767,"Banteng","BTG",1,"dist_str + ndvi_cv + slope + BB",0.312604231220192,0.939790098593753,1.3669804351705
2768,"Banteng","BTG",1,"dist_str + ndvi_cv + slope + BB",0.268494556223647,0.927965812003125,1.30799386362689
2769,"Banteng","BTG",1,"dist_str + ndvi_cv + slope + BB",0.26241315687382,0.919999503621502,1.30006356175368
2770,"Banteng","BTG",1,"dist_str + ndvi_cv + slope + BB",0.289882185873492,0.905010720898836,1.33627006213746
2771,"Banteng","BTG",1,"dist_str + ndvi_cv + slope + BB",0.303928888824727,0.869257966098493,1.35517268504493
2772,"Banteng","BTG",1,"dist_str + ndvi_cv + slope + BB",0.28759010514393,0.892706004391336,1.33321071589471
2773,"Banteng","BTG",1,"dist_str + ndvi_cv + slope + BB",0.249726230876334,0.886994322800251,1.28367393849407
2774,"Banteng","BTG",1,"dist_str + ndvi_cv + slope + BB",0.196268342002686,0.841831841760959,1.21685339565286
2775,"Banteng","BTG",1,"dist_str + ndvi_cv + slope + BB",0.15510974625778,0.841102519686289,1.16778612891015
2776,"Banteng","BTG",1,"dist_str + ndvi_cv + slope + BB",0.138379197080749,0.808641363415027,1.14841094179708
2777,"Banteng","BTG",1,"dist_str + ndvi_cv + slope + BB",0.127005819586911,0.802074083348921,1.13542362546641
2778,"Banteng","BTG",1,"dist_str + ndvi_cv + slope + BB",0.177036808088651,0.819662401255371,1.19367502945325
2779,"Banteng","BTG",1,"dist_str + ndvi_cv + slope + BB",0.208109860342503,0.830767467958355,1.2313484392928
2780,"Banteng","BTG",1,"dist_str + ndvi_cv + slope + BB",0.207699475943681,0.828836660869968,1.23084322848654
2781,"Banteng","BTG",1,"dist_str + ndvi_cv + slope + BB",0.233993310134573,0.795135600605088,1.26363603869975
2782,"Banteng","BTG",1,"dist_str + ndvi_cv + slope + BB",0.271242920427037,0.788623265257094,1.31159364809613
2783,"Banteng","BTG",1,"dist_str + ndvi_cv + slope + BB",0.260941616601201,0.801924489764741,1.29815187910424
2784,"Banteng","BTG",1,"dist_str + ndvi_cv + slope + BB",0.248173387233695,0.795366855341761,1.281682165478
2785,"Banteng","BTG",1,"dist_str + ndvi_cv + slope + BB",0.257568358524109,0.81191864286197,1.29378024899657
2786,"Banteng","BTG",1,"dist_str + ndvi_cv + slope + BB",0.19048152639765,0.785295827996648,1.20983203063789
2787,"Banteng","BTG",1,"dist_str + ndvi_cv + slope + BB",0.238747731873972,0.791400699509243,1.26965821107268
2788,"Banteng","BTG",1,"dist_str + ndvi_cv + slope + BB",0.236584128552928,0.785569712058216,1.26691413883878
2789,"Banteng","BTG",1,"dist_str + ndvi_cv + slope + BB",0.248588355365809,0.790618264355687,1.28221410787457
2790,"Banteng","BTG",1,"dist_str + ndvi_cv + slope + BB",0.230951441989146,0.820285210506942,1.25979806469318
2791,"Banteng","BTG",1,"dist_str + ndvi_cv + slope + BB",0.248472666287833,0.820875744639345,1.28206578077019
2792,"Banteng","BTG",1,"dist_str + ndvi_cv + slope + BB",0.275898219220417,0.857195187612886,1.31771373927176
2793,"Banteng","BTG",1,"dist_str + ndvi_cv + slope + BB",0.285298473936789,0.915876453182563,1.33015902364059
2794,"Banteng","BTG",1,"dist_str + ndvi_cv + slope + BB",0.286968015436874,0.934980656653605,1.33238176238782
2795,"Banteng","BTG",1,"dist_str + ndvi_cv + slope + BB",0.305005765248968,1.02001448430935,1.35663284419294
2796,"Banteng","BTG",1,"dist_str + ndvi_cv + slope + BB",0.331565080388088,1.10381617887547,1.39314681843736
2797,"Banteng","BTG",1,"dist_str + ndvi_cv + slope + BB",0.296994385373445,1.03728736475979,1.34580774426029
2798,"Banteng","BTG",1,"dist_str + ndvi_cv + slope + BB",0.287894512985672,0.95522862898436,1.33361664745989
2799,"Banteng","BTG",1,"dist_str + ndvi_cv + slope + BB",0.285337623066337,0.949259075081834,1.33021106245582
2800,"Banteng","BTG",1,"dist_str + ndvi_cv + slope + BB",0.279681454539254,0.929089266902847,1.32270842841597
2801,"Banteng","BTG",1,"dist_str + ndvi_cv + slope + BB",0.326953771377641,0.902688937033052,1.38673737158851
2802,"Banteng","BTG",1,"dist_str + ndvi_cv + slope + BB",0.303908925543609,0.900713867394427,1.3551456362498
2803,"Banteng","BTG",1,"dist_str + ndvi_cv + slope + BB",0.270162963590985,0.90540588712706,1.31017794565106
2804,"Banteng","BTG",1,"dist_str + ndvi_cv + slope + BB",0.242643948084293,0.879945341609004,1.27461471531261
2805,"Banteng","BTG",1,"dist_str + ndvi_cv + slope + BB",0.190309364359965,0.876441718251783,1.20962376211873
2806,"Banteng","BTG",1,"dist_str + ndvi_cv + slope + BB",0.169881702792687,0.855240968375817,1.18516465473864
2807,"Banteng","BTG",1,"dist_str + ndvi_cv + slope + BB",0.170301613315574,0.847172081690841,1.18566240994943
2808,"Banteng","BTG",1,"dist_str + ndvi_cv + slope + BB",0.151304834301971,0.826822133266462,1.16335123762538
2809,"Banteng","BTG",1,"dist_str + ndvi_cv + slope + BB",0.147624401325626,0.848894404822004,1.15907749176291
2810,"Banteng","BTG",1,"dist_str + ndvi_cv + slope + BB",0.190086792065361,0.84892211150838,1.20935455556181
2811,"Banteng","BTG",1,"dist_str + ndvi_cv + slope + BB",0.218891302233567,0.86131579209878,1.24469598316953
2812,"Banteng","BTG",1,"dist_str + ndvi_cv + slope + BB",0.239203823076185,0.829113386662932,1.27023741390123
2813,"Banteng","BTG",1,"dist_str + ndvi_cv + slope + BB",0.255104575407722,0.818875372180796,1.29059659522111
2814,"Banteng","BTG",1,"dist_str + ndvi_cv + slope + BB",0.242620846572558,0.822793083305385,1.27458528528731
2815,"Banteng","BTG",1,"dist_str + ndvi_cv + slope + BB",0.242361554980698,0.83116049311086,1.27425482297814
2816,"Banteng","BTG",1,"dist_str + ndvi_cv + slope + BB",0.230263170268292,0.822104758621904,1.25893129065338
2817,"Banteng","BTG",1,"dist_str + ndvi_cv + slope + BB",0.226712227122756,0.825268489297467,1.25446881539422
2818,"Banteng","BTG",1,"dist_str + ndvi_cv + slope + BB",0.209663796534019,0.828423577052415,1.23326336369384
2819,"Banteng","BTG",1,"dist_str + ndvi_cv + slope + BB",0.212944367121175,0.832222526387515,1.23731582700982
2820,"Banteng","BTG",1,"dist_str + ndvi_cv + slope + BB",0.234389350352016,0.822297444391108,1.26413658874537
2821,"Banteng","BTG",1,"dist_str + ndvi_cv + slope + BB",0.217080388324784,0.864753320268297,1.24244398679708
2822,"Banteng","BTG",1,"dist_str + ndvi_cv + slope + BB",0.246532731237855,0.897087458182485,1.27958106900898
2823,"Banteng","BTG",1,"dist_str + ndvi_cv + slope + BB",0.261922464776756,0.967463947346592,1.29942578981823
2824,"Banteng","BTG",1,"dist_str + ndvi_cv + slope + BB",0.269491527961326,1.08413277336452,1.30929855689082
2825,"Banteng","BTG",1,"dist_str + ndvi_cv + slope + BB",0.287763518691249,1.08803587373072,1.3334419572175
2826,"Banteng","BTG",1,"dist_str + ndvi_cv + slope + BB",0.307063241759324,0.988974809241982,1.35942694422048
2827,"Banteng","BTG",1,"dist_str + ndvi_cv + slope + BB",0.307926993704864,0.955942301491984,1.3606016839373
2828,"Banteng","BTG",1,"dist_str + ndvi_cv + slope + BB",0.30239436837211,0.948525612646504,1.35309476769574
2829,"Banteng","BTG",1,"dist_str + ndvi_cv + slope + BB",0.271965289011047,0.936310982724393,1.31254144090917
2830,"Banteng","BTG",1,"dist_str + ndvi_cv + slope + BB",0.260061556650973,0.919283751422686,1.29700993266041
2831,"Banteng","BTG",1,"dist_str + ndvi_cv + slope + BB",0.241713318823997,0.919593903747638,1.27342907612471
2832,"Banteng","BTG",1,"dist_str + ndvi_cv + slope + BB",0.223480318955078,0.911923370686122,1.2504210382785
2833,"Banteng","BTG",1,"dist_str + ndvi_cv + slope + BB",0.228087973204824,0.874503145367984,1.25619583214522
2834,"Banteng","BTG",1,"dist_str + ndvi_cv + slope + BB",0.190060149401452,0.8753244354254,1.20932233993075
2835,"Banteng","BTG",1,"dist_str + ndvi_cv + slope + BB",0.141988240194362,0.8669234938585,1.15256310048417
2836,"Banteng","BTG",1,"dist_str + ndvi_cv + slope + BB",0.188949918527803,0.860927553261686,1.20798045929814
2837,"Banteng","BTG",1,"dist_str + ndvi_cv + slope + BB",0.158101939149877,0.870017890286091,1.17128558957711
2838,"Banteng","BTG",1,"dist_str + ndvi_cv + slope + BB",0.180643057113014,0.879544408147199,1.19798749493176
2839,"Banteng","BTG",1,"dist_str + ndvi_cv + slope + BB",0.217760220637564,0.865540217533869,1.24328891851764
2840,"Banteng","BTG",1,"dist_str + ndvi_cv + slope + BB",0.190020441925701,0.853897216720456,1.20927432309118
2841,"Banteng","BTG",1,"dist_str + ndvi_cv + slope + BB",0.218371216087175,0.845294672753789,1.24404894967874
2842,"Banteng","BTG",1,"dist_str + ndvi_cv + slope + BB",0.223232314976644,0.833275951742389,1.2501109596974
2843,"Banteng","BTG",1,"dist_str + ndvi_cv + slope + BB",0.231411144072859,0.841844187690729,1.26037733174264
2844,"Banteng","BTG",1,"dist_str + ndvi_cv + slope + BB",0.235609282268839,0.857128191374496,1.26567969013128
2845,"Banteng","BTG",1,"dist_str + ndvi_cv + slope + BB",0.240714183400699,0.855650656719886,1.27215739155138
2846,"Banteng","BTG",1,"dist_str + ndvi_cv + slope + BB",0.231157965846469,0.856596796639153,1.26005827066471
2847,"Banteng","BTG",1,"dist_str + ndvi_cv + slope + BB",0.214994829283447,0.86528895366893,1.23985548605556
2848,"Banteng","BTG",1,"dist_str + ndvi_cv + slope + BB",0.2178515763607,0.899062435189563,1.24340250546059
2849,"Banteng","BTG",1,"dist_str + ndvi_cv + slope + BB",0.258893094482279,0.934982147888515,1.29549530239968
2850,"Banteng","BTG",1,"dist_str + ndvi_cv + slope + BB",0.297051009430524,1.11286074547842,1.34588395047106
2851,"Banteng","BTG",1,"dist_str + ndvi_cv + slope + BB",0.281523560759985,1.01849724045122,1.3251472232467
2852,"Banteng","BTG",1,"dist_str + ndvi_cv + slope + BB",0.279729075108089,0.986735198823185,1.32277139536813
2853,"Banteng","BTG",1,"dist_str + ndvi_cv + slope + BB",0.304881657141749,0.969062346756894,1.35646449878597
2854,"Banteng","BTG",1,"dist_str + ndvi_cv + slope + BB",0.249450648133802,0.952508055069791,1.28332023848487
2855,"Banteng","BTG",1,"dist_str + ndvi_cv + slope + BB",0.249856055450459,0.923249579735461,1.28384062538021
2856,"Banteng","BTG",1,"dist_str + ndvi_cv + slope + BB",0.22329804944439,0.91342467565069,1.25019314491078
2857,"Banteng","BTG",1,"dist_str + ndvi_cv + slope + BB",0.214525987327844,0.880206449121289,1.23927433601014
2858,"Banteng","BTG",1,"dist_str + ndvi_cv + slope + BB",0.186647341322754,0.876739844432336,1.20520218539629
2859,"Banteng","BTG",1,"dist_str + ndvi_cv + slope + BB",0.201141381610875,0.877135945601346,1.22279764208207
2860,"Banteng","BTG",1,"dist_str + ndvi_cv + slope + BB",0.169169617280724,0.881122400917675,1.18432100347899
2861,"Banteng","BTG",1,"dist_str + ndvi_cv + slope + BB",0.157299897962665,0.88370478551239,1.17034654639897
2862,"Banteng","BTG",1,"dist_str + ndvi_cv + slope + BB",0.187653946849225,0.89147723797417,1.20641596106626
2863,"Banteng","BTG",1,"dist_str + ndvi_cv + slope + BB",0.176078598745543,0.886478615889952,1.19253179061995
2864,"Banteng","BTG",1,"dist_str + ndvi_cv + slope + BB",0.166459220265583,0.871929204075578,1.18111537156182
2865,"Banteng","BTG",1,"dist_str + ndvi_cv + slope + BB",0.214738308135132,0.873456887838926,1.23953747857704
2866,"Banteng","BTG",1,"dist_str + ndvi_cv + slope + BB",0.199539970688297,0.865769588615077,1.22084102377867
2867,"Banteng","BTG",1,"dist_str + ndvi_cv + slope + BB",0.226067439561876,0.886893489756117,1.25366021365152
2868,"Banteng","BTG",1,"dist_str + ndvi_cv + slope + BB",0.185444180317766,0.895420314856255,1.20375302386678
2869,"Banteng","BTG",1,"dist_str + ndvi_cv + slope + BB",0.217817871388914,0.886137037769932,1.2433606084353
2870,"Banteng","BTG",1,"dist_str + ndvi_cv + slope + BB",0.227645587395368,0.90902357865774,1.25564039705984
2871,"Banteng","BTG",1,"dist_str + ndvi_cv + slope + BB",0.232788344115648,0.916783120716971,1.26211432785009
2872,"Banteng","BTG",1,"dist_str + ndvi_cv + slope + BB",0.230315210434685,0.98968316772185,1.25899679774996
2873,"Banteng","BTG",1,"dist_str + ndvi_cv + slope + BB",0.260669318239147,1.02213247995719,1.29779847179686
2874,"Banteng","BTG",1,"dist_str + ndvi_cv + slope + BB",0.30250150463485,1.14374294825154,1.35323971255881
2875,"Banteng","BTG",1,"dist_str + ndvi_cv + slope + BB",0.290257621712945,1.05375836275884,1.33677184045051
2876,"Banteng","BTG",1,"dist_str + ndvi_cv + slope + BB",0.322617123836931,1.00502311470991,1.38073659864425
2877,"Banteng","BTG",1,"dist_str + ndvi_cv + slope + BB",0.261346261450676,0.989467598533324,1.29867728182607
2878,"Banteng","BTG",1,"dist_str + ndvi_cv + slope + BB",0.232914747295751,0.978324255626165,1.26227386282699
2879,"Banteng","BTG",1,"dist_str + ndvi_cv + slope + BB",0.204770333521521,0.963788239964209,1.2272431866248
2880,"Banteng","BTG",1,"dist_str + ndvi_cv + slope + BB",0.206136191440323,0.924056591889792,1.22892059661406
2881,"Banteng","BTG",1,"dist_str + ndvi_cv + slope + BB",0.166239070074152,0.906533572736046,1.18085538014838
2882,"Banteng","BTG",1,"dist_str + ndvi_cv + slope + BB",0.154329733015023,0.900146383550055,1.16687558092535
2883,"Banteng","BTG",1,"dist_str + ndvi_cv + slope + BB",0.192279074094689,0.91500037574381,1.21200871000625
2884,"Banteng","BTG",1,"dist_str + ndvi_cv + slope + BB",0.144153576359738,0.916364333162058,1.15506149155251
2885,"Banteng","BTG",1,"dist_str + ndvi_cv + slope + BB",0.138528801418931,0.910896868429275,1.14858276393672
2886,"Banteng","BTG",1,"dist_str + ndvi_cv + slope + BB",0.18873907800061,0.922629669080735,1.20772580551689
2887,"Banteng","BTG",1,"dist_str + ndvi_cv + slope + BB",0.177377869678888,0.914485719317,1.1940822438467
2888,"Banteng","BTG",1,"dist_str + ndvi_cv + slope + BB",0.160845589838661,0.907212510954185,1.17450361038747
2889,"Banteng","BTG",1,"dist_str + ndvi_cv + slope + BB",0.212508043479726,0.899907911877191,1.23677606198697
2890,"Banteng","BTG",1,"dist_str + ndvi_cv + slope + BB",0.212678862211456,0.905254868351946,1.23698734566974
2891,"Banteng","BTG",1,"dist_str + ndvi_cv + slope + BB",0.173825417439108,0.90679595821539,1.18984782159803
2892,"Banteng","BTG",1,"dist_str + ndvi_cv + slope + BB",0.202981492155583,0.902082674350798,1.22504979995615
2893,"Banteng","BTG",1,"dist_str + ndvi_cv + slope + BB",0.172483201034476,0.945992777999844,1.18825186173831
2894,"Banteng","BTG",1,"dist_str + ndvi_cv + slope + BB",0.202734583848705,1.01998127296607,1.22474735780484
2895,"Banteng","BTG",1,"dist_str + ndvi_cv + slope + BB",0.308474925376983,1.17388406702881,1.36134740963799
2896,"Banteng","BTG",1,"dist_str + ndvi_cv + slope + BB",0.29044979668719,1.09262715608394,1.33702874546671
2897,"Banteng","BTG",1,"dist_str + ndvi_cv + slope + BB",0.280956120337271,1.0358702289433,1.32439551689411
2898,"Banteng","BTG",1,"dist_str + ndvi_cv + slope + BB",0.237605569340365,1.01599964885895,1.26820887372105
2899,"Banteng","BTG",1,"dist_str + ndvi_cv + slope + BB",0.205166246149336,1.01195673476676,1.22772916157071
2900,"Banteng","BTG",1,"dist_str + ndvi_cv + slope + BB",0.173505626659964,0.974857204845163,1.18946738431903
2901,"Banteng","BTG",1,"dist_str + ndvi_cv + slope + BB",0.168442884412396,0.972876047140561,1.18346063152759
2902,"Banteng","BTG",1,"dist_str + ndvi_cv + slope + BB",0.14155368945737,0.930823608024246,1.1520623563708
2903,"Banteng","BTG",1,"dist_str + ndvi_cv + slope + BB",0.15700051854796,0.930200834397308,1.16999622704453
2904,"Banteng","BTG",1,"dist_str + ndvi_cv + slope + BB",0.138100759980153,0.942139011000686,1.14809123235314
2905,"Banteng","BTG",1,"dist_str + ndvi_cv + slope + BB",0.1505041758859,0.946340037612988,1.16242016036675
2906,"Banteng","BTG",1,"dist_str + ndvi_cv + slope + BB",0.124768202040697,0.94515654022031,1.13288584171502
2907,"Banteng","BTG",1,"dist_str + ndvi_cv + slope + BB",0.164441698037589,0.940459664554304,1.17873485327825
2908,"Banteng","BTG",1,"dist_str + ndvi_cv + slope + BB",0.185225333109965,0.956837817283121,1.20348959577498
2909,"Banteng","BTG",1,"dist_str + ndvi_cv + slope + BB",0.159173281755914,0.937898129419853,1.17254110935327
2910,"Banteng","BTG",1,"dist_str + ndvi_cv + slope + BB",0.179766394375488,0.934155183044994,1.19693773282512
2911,"Banteng","BTG",1,"dist_str + ndvi_cv + slope + BB",0.173460246302535,0.930889852799053,1.18941340469263
2912,"Banteng","BTG",1,"dist_str + ndvi_cv + slope + BB",0.182351846484084,0.942192710003834,1.20003634848057
2913,"Banteng","BTG",1,"dist_str + ndvi_cv + slope + BB",0.188952420307672,0.95687226208812,1.20798348163549
2914,"Banteng","BTG",1,"dist_str + ndvi_cv + slope + BB",0.187504104683379,0.991435249514411,1.20623520345113
2915,"Banteng","BTG",1,"dist_str + ndvi_cv + slope + BB",0.272412739596642,1.35009205316168,1.31312900648141
2916,"Banteng","BTG",1,"dist_str + ndvi_cv + slope + BB",0.266994569706021,1.19198970844148,1.30603335449925
2917,"Banteng","BTG",1,"dist_str + ndvi_cv + slope + BB",0.31152780138043,1.13875624981244,1.3655097489981
2918,"Banteng","BTG",1,"dist_str + ndvi_cv + slope + BB",0.226651484369634,1.07555061087102,1.25439262019738
2919,"Banteng","BTG",1,"dist_str + ndvi_cv + slope + BB",0.238496028502824,1.04592195682798,1.26933866780767
2920,"Banteng","BTG",1,"dist_str + ndvi_cv + slope + BB",0.194971974430411,1.00654897468604,1.21527692852045
2921,"Banteng","BTG",1,"dist_str + ndvi_cv + slope + BB",0.150567275040821,0.999028735657996,1.1624935440388
2922,"Banteng","BTG",1,"dist_str + ndvi_cv + slope + BB",0.142155942177354,0.979025899510097,1.15275644248782
2923,"Banteng","BTG",1,"dist_str + ndvi_cv + slope + BB",0.12760567023274,0.952506435175004,1.13610491456763
2924,"Banteng","BTG",1,"dist_str + ndvi_cv + slope + BB",0.144729099336564,0.951077066425421,1.15572644105877
2925,"Banteng","BTG",1,"dist_str + ndvi_cv + slope + BB",0.138778615504607,0.977453199762886,1.14886973011822
2926,"Banteng","BTG",1,"dist_str + ndvi_cv + slope + BB",0.115720807256114,0.977420857746099,1.12268239278135
2927,"Banteng","BTG",1,"dist_str + ndvi_cv + slope + BB",0.14220461792452,0.987286736787662,1.15281251403888
2928,"Banteng","BTG",1,"dist_str + ndvi_cv + slope + BB",0.143323840265787,0.969971138820479,1.15410349135919
2929,"Banteng","BTG",1,"dist_str + ndvi_cv + slope + BB",0.1526469810981,0.974516732054505,1.16491367043464
2930,"Banteng","BTG",1,"dist_str + ndvi_cv + slope + BB",0.161974912625584,0.964422912011954,1.17583075136668
2931,"Banteng","BTG",1,"dist_str + ndvi_cv + slope + BB",0.144262955446985,0.97827100468127,1.15518783156902
2932,"Banteng","BTG",1,"dist_str + ndvi_cv + slope + BB",0.164970268144589,0.978629135781318,1.17935805377988
2933,"Banteng","BTG",1,"dist_str + ndvi_cv + slope + BB",0.172968861194212,0.975635043666807,1.18882909037267
2934,"Banteng","BTG",1,"dist_str + ndvi_cv + slope + BB",0.179180981191448,1.01028274391926,1.19623723226425
2935,"Banteng","BTG",1,"dist_str + ndvi_cv + slope + BB",0.136830943413688,1.12280925926162,1.14663428703099
2936,"Banteng","BTG",1,"dist_str + ndvi_cv + slope + BB",0.263839734115184,1.37501536894938,1.30191962513527
2937,"Banteng","BTG",1,"dist_str + ndvi_cv + slope + BB",0.253700607897491,1.24547090354939,1.28878589721417
2938,"Banteng","BTG",1,"dist_str + ndvi_cv + slope + BB",0.289139561314695,1.18077405051521,1.33527806871824
2939,"Banteng","BTG",1,"dist_str + ndvi_cv + slope + BB",0.233222860671459,1.11391010848744,1.2626629058788
2940,"Banteng","BTG",1,"dist_str + ndvi_cv + slope + BB",0.225450812310569,1.06431062894283,1.25288740596541
2941,"Banteng","BTG",1,"dist_str + ndvi_cv + slope + BB",0.205050173102048,1.03750299338815,1.22758670656441
2942,"Banteng","BTG",1,"dist_str + ndvi_cv + slope + BB",0.13993153439633,1.01770881178468,1.15019504842128
2943,"Banteng","BTG",1,"dist_str + ndvi_cv + slope + BB",0.125464077143119,1.00734820441379,1.13367444357753
2944,"Banteng","BTG",1,"dist_str + ndvi_cv + slope + BB",0.126816491031224,1.00299371450217,1.13520867865601
2945,"Banteng","BTG",1,"dist_str + ndvi_cv + slope + BB",0.127273696121973,0.99722128220024,1.13572781985425
2946,"Banteng","BTG",1,"dist_str + ndvi_cv + slope + BB",0.10547168081814,0.995957750389716,1.11123463498887
2947,"Banteng","BTG",1,"dist_str + ndvi_cv + slope + BB",0.154330104419025,1.01605061909542,1.16687601478732
2948,"Banteng","BTG",1,"dist_str + ndvi_cv + slope + BB",0.0965021630851285,1.00395620189427,1.10131197856853
2949,"Banteng","BTG",1,"dist_str + ndvi_cv + slope + BB",0.151640823634404,1.01859449817715,1.16374217276323
2950,"Banteng","BTG",1,"dist_str + ndvi_cv + slope + BB",0.165687960616306,0.985780863060129,1.18020498193109
2951,"Banteng","BTG",1,"dist_str + ndvi_cv + slope + BB",0.153639197325451,0.997730340583636,1.16607009466659
2952,"Banteng","BTG",1,"dist_str + ndvi_cv + slope + BB",0.132787653465232,1.00296933353726,1.14200747382545
2953,"Banteng","BTG",1,"dist_str + ndvi_cv + slope + BB",0.119359074217598,0.998373744037599,1.126774441458
2954,"Banteng","BTG",1,"dist_str + ndvi_cv + slope + BB",0.178286528627221,1.0352760730066,1.19516774313165
2955,"Banteng","BTG",1,"dist_str + ndvi_cv + slope + BB",0.151301763220125,1.08232982827574,1.16334772909995
2956,"Banteng","BTG",1,"dist_str + ndvi_cv + slope + BB",0.262273672528849,1.36735196688026,1.29988223904645
2957,"Banteng","BTG",1,"dist_str + ndvi_cv + slope + BB",0.25139020652241,1.27424110151452,1.28581172688643
2958,"Banteng","BTG",1,"dist_str + ndvi_cv + slope + BB",0.218261739104593,1.18856914712281,1.24391260871317
2959,"Banteng","BTG",1,"dist_str + ndvi_cv + slope + BB",0.174398435964178,1.12323584898227,1.19052982141739
2960,"Banteng","BTG",1,"dist_str + ndvi_cv + slope + BB",0.168071254739357,1.0674344114579,1.18302090657036
2961,"Banteng","BTG",1,"dist_str + ndvi_cv + slope + BB",0.131465280185392,1.05696315637387,1.14049831047683
2962,"Banteng","BTG",1,"dist_str + ndvi_cv + slope + BB",0.109601002417387,1.02687787656973,1.1158327687078
2963,"Banteng","BTG",1,"dist_str + ndvi_cv + slope + BB",0.12773191882712,1.05137512169585,1.13624845323658
2964,"Banteng","BTG",1,"dist_str + ndvi_cv + slope + BB",0.10955399274422,1.03518749300869,1.1157803134126
2965,"Banteng","BTG",1,"dist_str + ndvi_cv + slope + BB",0.144129874312546,1.03283619594829,1.15503411825889
2966,"Banteng","BTG",1,"dist_str + ndvi_cv + slope + BB",0.104365614310336,1.04378209554872,1.11000627612172
2967,"Banteng","BTG",1,"dist_str + ndvi_cv + slope + BB",0.102880533784406,1.04265091655633,1.10835909118124
2968,"Banteng","BTG",1,"dist_str + ndvi_cv + slope + BB",0.137508352509265,1.03958699034829,1.14741129260367
2969,"Banteng","BTG",1,"dist_str + ndvi_cv + slope + BB",0.138149326791331,1.03816937307227,1.14814699017967
2970,"Banteng","BTG",1,"dist_str + ndvi_cv + slope + BB",0.130788031585587,1.0301689612431,1.13972617052127
2971,"Banteng","BTG",1,"dist_str + ndvi_cv + slope + BB",0.102228849880478,1.03824966004644,1.10763693658581
2972,"Banteng","BTG",1,"dist_str + ndvi_cv + slope + BB",0.108044395489904,1.05605225479358,1.11409722068585
2973,"Banteng","BTG",1,"dist_str + ndvi_cv + slope + BB",0.138124890335753,1.11368738948639,1.14811893565563
2974,"Banteng","BTG",1,"dist_str + ndvi_cv + slope + BB",0.125039840457435,1.11425426732666,1.13319359955315
2975,"Banteng","BTG",1,"dist_str + ndvi_cv + slope + BB",0.115612182197323,1.07437126543638,1.12256043883832
2976,"Banteng","BTG",1,"dist_str + ndvi_cv + slope + BB",0.0884928355544985,1.09258853751525,1.092526433525
2977,"Banteng","BTG",1,"dist_str + ndvi_cv + slope + BB",0.101345041959802,1.07938648412978,1.10665842181074
2978,"Banteng","BTG",1,"dist_str + ndvi_cv + slope + BB",0.104968752068828,1.0800643901929,1.1106759176546
2979,"Banteng","BTG",1,"dist_str + ndvi_cv + slope + BB",0.112910917191807,1.08217494382521,1.11953220002235
2980,"Banteng","BTG",1,"dist_str + ndvi_cv + slope + BB",0.121390296705979,1.08625470562947,1.12906549741173
2981,"Banteng","BTG",1,"dist_str + ndvi_cv + slope + BB",0.126755356046264,1.08029244274454,1.13513928138011
2982,"Banteng","BTG",1,"dist_str + ndvi_cv + slope + BB",0.123809321779752,1.08598041734534,1.1318000487638
2983,"Banteng","BTG",1,"dist_str + ndvi_cv + slope + BB",0.114848680861096,1.10869547593183,1.1217038355427
2984,"Banteng","BTG",1,"dist_str + ndvi_cv + slope + BB",0.11227931345712,1.108764771753,1.11882532048909
2985,"Banteng","BTG",1,"dist_str + ndvi_cv + slope + BB",0.107115466667158,1.11673924926175,1.11306282376842
2986,"Banteng","BTG",1,"dist_str + ndvi_cv + slope + BB",0.125591245097836,1.19546831260258,1.13381862260504
2987,"Banteng","BTG",1,"dist_str + ndvi_cv + slope + BB",0.165246335744074,1.20565993765821,1.17968368230586
2988,"Banteng","BTG",1,"dist_str + ndvi_cv + slope + BB",0.157097289512445,1.12373120902067,1.17010944780325
2989,"Banteng","BTG",1,"dist_str + ndvi_cv + slope + BB",0.0700610955886727,1.11845286511125,1.07257374571568
2990,"Banteng","BTG",1,"dist_str + ndvi_cv + slope + BB",0.0814527776975768,1.11529089985514,1.08486198739992
2991,"Banteng","BTG",1,"dist_str + ndvi_cv + slope + BB",0.0994175779445207,1.10447897351352,1.10452743554206
2992,"Banteng","BTG",1,"dist_str + ndvi_cv + slope + BB",0.113922880043442,1.12060341352554,1.12066569909409
2993,"Banteng","BTG",1,"dist_str + ndvi_cv + slope + BB",0.111543904882961,1.11626988894862,1.1180028933806
2994,"Banteng","BTG",1,"dist_str + ndvi_cv + slope + BB",0.0995994640380702,1.12500623048485,1.10472834613048
2995,"Banteng","BTG",1,"dist_str + ndvi_cv + slope + BB",0.11870548576133,1.14700955816346,1.12603824586209
2996,"Banteng","BTG",1,"dist_str + ndvi_cv + slope + BB",0.0789847649272951,1.19542331126271,1.08218785052431
2997,"Banteng","BTG",1,"dist_str + ndvi_cv + slope + BB",0.154135316732439,1.2446996121172,1.1666487524747
2998,"Banteng","BTG",1,"dist_str + ndvi_cv + slope + BB",0.153275356262213,1.29352034593846,1.16564594274627
2999,"Banteng","BTG",1,"dist_str + ndvi_cv + slope + BB",0.123688102774878,1.1832931386996,1.1316628570345
3000,"Banteng","BTG",1,"dist_str + ndvi_cv + slope + BB",0.120865950034165,1.16685408721413,1.12847364866918
3001,"Banteng","BTG",1,"dist_str + ndvi_cv + slope + BB",0.150305969708955,1.15203015711816,1.16218978530855
3002,"Banteng","BTG",1,"dist_str + ndvi_cv + slope + BB",0.0931910220434057,1.1652568619831,1.09767149579333
3003,"Banteng","BTG",1,"dist_str + ndvi_cv + slope + BB",0.126400908188671,1.1807464464874,1.13473700768309
3004,"Banteng","BTG",1,"dist_str + ndvi_cv + slope + BB",0.152488651704766,1.18284930373916,1.1647292502131
3005,"Banteng","BTG",1,"dist_str + ndvi_cv + slope + BB",0.138570000081481,1.2316002187248,1.14863008554892
3006,"Banteng","BTG",1,"dist_str + ndvi_cv + slope + BB",0.141551600259965,1.24364881954077,1.15205995380045
3007,"Banteng","BTG",1,"dist_str + ndvi_cv + slope + BB",0.132909956057438,1.21058224922436,1.14214715448505
3008,"Banteng","BTG",1,"dist_str + ndvi_cv + slope + BB",0.137704991454148,1.18562816415853,1.14763701887772
3009,"Banteng","BTG",1,"dist_str + ndvi_cv + slope + BB",0.133526615731532,1.2228832433538,1.14285168937956
3010,"Banteng","BTG",1,"dist_str + ndvi_cv + slope + BB",0.131291571715111,1.28532314833621,1.14030021572211
3011,"Banteng","BTG",1,"dist_str + ndvi_cv + slope + BB",0.171341211363907,1.401052830962,1.18689566276454
3012,"Banteng","BTG",1,"dist_str + ndvi_cv + slope + BB",0.139111052989455,1.28735397135146,1.14925172126845
3013,"Banteng","BTG",1,"dist_str + ndvi_cv + slope + BB",0.140926703655381,1.32769314963963,1.151340260886
