"grid_id","Species","Species_Code","Rank","Covariates","CAR_Median","CAR_SD","CAR_RelativeRisk"
1,"Sambar deer","SBR",3,"ndvi_cv + elev + BB + DD",-0.078392764882608,1.32290803015694,0.924601264467456
2,"Sambar deer","SBR",3,"ndvi_cv + elev + BB + DD",-0.0653820931921267,1.14522603012281,0.936709493858472
3,"Sambar deer","SBR",3,"ndvi_cv + elev + BB + DD",-0.0539929681422921,1.14342804110586,0.947438769096561
4,"Sambar deer","SBR",3,"ndvi_cv + elev + BB + DD",-0.0386059143944797,1.15863925303721,0.962129798082973
5,"Sambar deer","SBR",3,"ndvi_cv + elev + BB + DD",-0.065759575055045,1.20589063075715,0.936355962479458
6,"Sambar deer","SBR",3,"ndvi_cv + elev + BB + DD",-0.0248443967144239,1.35735870839964,0.975461689402557
7,"Sambar deer","SBR",3,"ndvi_cv + elev + BB + DD",-0.0643546513891489,1.06933719808038,0.937672404684453
8,"Sambar deer","SBR",3,"ndvi_cv + elev + BB + DD",-0.0517613246787534,1.05036787718945,0.949555478364277
9,"Sambar deer","SBR",3,"ndvi_cv + elev + BB + DD",-0.0823022433718475,1.05397247663097,0.920993552767749
10,"Sambar deer","SBR",3,"ndvi_cv + elev + BB + DD",-0.0670541024448143,1.08028907136419,0.935144635918199
11,"Sambar deer","SBR",3,"ndvi_cv + elev + BB + DD",-0.0567144483170292,1.11147694481354,0.944863845127659
12,"Sambar deer","SBR",3,"ndvi_cv + elev + BB + DD",-0.0610600331260668,1.15366941014404,0.940766765530576
13,"Sambar deer","SBR",3,"ndvi_cv + elev + BB + DD",-0.0435997168363094,1.06896457737944,0.957337144176613
14,"Sambar deer","SBR",3,"ndvi_cv + elev + BB + DD",-0.0696623673571519,1.04096291701805,0.932708682162058
15,"Sambar deer","SBR",3,"ndvi_cv + elev + BB + DD",-0.110012858846334,1.02634621530083,0.895822619359787
16,"Sambar deer","SBR",3,"ndvi_cv + elev + BB + DD",-0.0892366740414909,0.978702551159298,0.914629082943288
17,"Sambar deer","SBR",3,"ndvi_cv + elev + BB + DD",-0.109401405927632,0.975960593477904,0.8963705390692
18,"Sambar deer","SBR",3,"ndvi_cv + elev + BB + DD",-0.0867687500608487,0.983971191500854,0.916889102919625
19,"Sambar deer","SBR",3,"ndvi_cv + elev + BB + DD",-0.0868917550045684,0.9749272113033,0.91677637509272
20,"Sambar deer","SBR",3,"ndvi_cv + elev + BB + DD",-0.0967389979521533,0.97901519819169,0.907792912070643
21,"Sambar deer","SBR",3,"ndvi_cv + elev + BB + DD",-0.0504767429346914,1.00098285800353,0.95077605998093
22,"Sambar deer","SBR",3,"ndvi_cv + elev + BB + DD",-0.0506113932367266,1.04804891703527,0.950648029258023
23,"Sambar deer","SBR",3,"ndvi_cv + elev + BB + DD",-0.0309354780325504,1.06509018768409,0.969538180185328
24,"Sambar deer","SBR",3,"ndvi_cv + elev + BB + DD",-0.0334808359462296,1.08752885361561,0.967073444388267
25,"Sambar deer","SBR",3,"ndvi_cv + elev + BB + DD",-0.0309646664422144,1.14762452752385,0.969509829853686
26,"Sambar deer","SBR",3,"ndvi_cv + elev + BB + DD",-0.0154464778496256,1.31595775543685,0.984672292269883
27,"Sambar deer","SBR",3,"ndvi_cv + elev + BB + DD",-0.0615339371630577,1.14317934655292,0.94032105793753
28,"Sambar deer","SBR",3,"ndvi_cv + elev + BB + DD",-0.0695089075541801,0.924855535045198,0.932851826898609
29,"Sambar deer","SBR",3,"ndvi_cv + elev + BB + DD",-0.0596748558639528,0.918345093324847,0.942070841427042
30,"Sambar deer","SBR",3,"ndvi_cv + elev + BB + DD",-0.0704468045902957,0.903256873215216,0.93197731513079
31,"Sambar deer","SBR",3,"ndvi_cv + elev + BB + DD",-0.0832705291191388,0.893077448659509,0.920102247084257
32,"Sambar deer","SBR",3,"ndvi_cv + elev + BB + DD",-0.0648507050569638,0.877287426771824,0.937207385709116
33,"Sambar deer","SBR",3,"ndvi_cv + elev + BB + DD",-0.0884495560716611,0.865193775583411,0.915349284358933
34,"Sambar deer","SBR",3,"ndvi_cv + elev + BB + DD",-0.102743873391558,0.869226939817829,0.902358095130338
35,"Sambar deer","SBR",3,"ndvi_cv + elev + BB + DD",-0.105026034367326,0.87022070703713,0.900301091992715
36,"Sambar deer","SBR",3,"ndvi_cv + elev + BB + DD",-0.0933444320950187,0.910734458315088,0.910879710613584
37,"Sambar deer","SBR",3,"ndvi_cv + elev + BB + DD",-0.110178429295954,0.942456496247233,0.895674308353941
38,"Sambar deer","SBR",3,"ndvi_cv + elev + BB + DD",-0.0508727072669011,0.949935222100714,0.950399678106207
39,"Sambar deer","SBR",3,"ndvi_cv + elev + BB + DD",-0.0536503387156496,0.964385955303988,0.947763462480233
40,"Sambar deer","SBR",3,"ndvi_cv + elev + BB + DD",-0.0613003447431827,1.0034755875057,0.94054071629823
41,"Sambar deer","SBR",3,"ndvi_cv + elev + BB + DD",-0.0508542889261142,1.02793865782736,0.950417148198733
42,"Sambar deer","SBR",3,"ndvi_cv + elev + BB + DD",-0.0277702302386463,1.05559177979373,0.972611818027767
43,"Sambar deer","SBR",3,"ndvi_cv + elev + BB + DD",-0.0296788874225915,1.09909876947844,0.970757242412761
44,"Sambar deer","SBR",3,"ndvi_cv + elev + BB + DD",-0.0610144273049947,1.17644628215762,0.940809666330106
45,"Sambar deer","SBR",3,"ndvi_cv + elev + BB + DD",-0.0962010415406762,0.919231194251273,0.908281484154662
46,"Sambar deer","SBR",3,"ndvi_cv + elev + BB + DD",-0.0793749585077606,0.841678631910362,0.92369351439719
47,"Sambar deer","SBR",3,"ndvi_cv + elev + BB + DD",-0.0771955988848635,0.828580165702757,0.925708768506387
48,"Sambar deer","SBR",3,"ndvi_cv + elev + BB + DD",-0.113747547403619,0.805305702684716,0.89248326806832
49,"Sambar deer","SBR",3,"ndvi_cv + elev + BB + DD",-0.0695531518237654,0.810159921898769,0.932810568892805
50,"Sambar deer","SBR",3,"ndvi_cv + elev + BB + DD",-0.085564156663197,0.787433333531701,0.917994246440769
51,"Sambar deer","SBR",3,"ndvi_cv + elev + BB + DD",-0.0595855588026586,0.793999784731527,0.942154920720457
52,"Sambar deer","SBR",3,"ndvi_cv + elev + BB + DD",-0.0910120813020394,0.818101467525037,0.913006690662644
53,"Sambar deer","SBR",3,"ndvi_cv + elev + BB + DD",-0.100297212334276,0.832005345990281,0.904568539134473
54,"Sambar deer","SBR",3,"ndvi_cv + elev + BB + DD",-0.102296884800811,0.862269147597459,0.902761497321974
55,"Sambar deer","SBR",3,"ndvi_cv + elev + BB + DD",-0.0651502605303125,0.896760257907907,0.936926669741718
56,"Sambar deer","SBR",3,"ndvi_cv + elev + BB + DD",-0.0788231887307299,0.920698310339013,0.924203321754116
57,"Sambar deer","SBR",3,"ndvi_cv + elev + BB + DD",-0.0788186969399959,0.937948940345885,0.924207481200805
58,"Sambar deer","SBR",3,"ndvi_cv + elev + BB + DD",-0.0571405627798153,0.979117818584834,0.944461304236679
59,"Sambar deer","SBR",3,"ndvi_cv + elev + BB + DD",-0.0590256982320296,1.01255608456036,0.942682544012764
60,"Sambar deer","SBR",3,"ndvi_cv + elev + BB + DD",-0.0571444449483106,1.02543617090088,0.944457651948178
61,"Sambar deer","SBR",3,"ndvi_cv + elev + BB + DD",-0.0371666733079522,1.07528193626947,0.963515531087665
62,"Sambar deer","SBR",3,"ndvi_cv + elev + BB + DD",-0.0329382114974818,1.13984454715579,0.967598345461932
63,"Sambar deer","SBR",3,"ndvi_cv + elev + BB + DD",0.104038158302779,1.02791645761739,1.10964279811481
64,"Sambar deer","SBR",3,"ndvi_cv + elev + BB + DD",0.0926253268650914,0.959636332731628,1.09705062567821
65,"Sambar deer","SBR",3,"ndvi_cv + elev + BB + DD",0.0824931405944858,0.937378539248892,1.08599122799314
66,"Sambar deer","SBR",3,"ndvi_cv + elev + BB + DD",0.0896424896960805,0.998846140000366,1.09378317716558
67,"Sambar deer","SBR",3,"ndvi_cv + elev + BB + DD",-0.0629640854254581,0.893387218220684,0.9389771960626
68,"Sambar deer","SBR",3,"ndvi_cv + elev + BB + DD",-0.0539789975933506,0.818005580025566,0.947452026774463
69,"Sambar deer","SBR",3,"ndvi_cv + elev + BB + DD",-0.073376044996977,0.776199797867141,0.929251390655599
70,"Sambar deer","SBR",3,"ndvi_cv + elev + BB + DD",-0.110332810027104,0.762538625183408,0.895536045181164
71,"Sambar deer","SBR",3,"ndvi_cv + elev + BB + DD",-0.0879215908434533,0.74886568186049,0.915832689516381
72,"Sambar deer","SBR",3,"ndvi_cv + elev + BB + DD",-0.107121115889878,0.739460552581051,0.898416856306032
73,"Sambar deer","SBR",3,"ndvi_cv + elev + BB + DD",-0.0947798452596457,0.748241760915013,0.909573159847734
74,"Sambar deer","SBR",3,"ndvi_cv + elev + BB + DD",-0.0710125207088056,0.774016980739839,0.931450229637778
75,"Sambar deer","SBR",3,"ndvi_cv + elev + BB + DD",-0.0736830546849492,0.787455510820071,0.928966078693148
76,"Sambar deer","SBR",3,"ndvi_cv + elev + BB + DD",-0.12041756429975,0.800963575572786,0.886550167717024
77,"Sambar deer","SBR",3,"ndvi_cv + elev + BB + DD",-0.12225289484243,0.822946611916872,0.884924553605974
78,"Sambar deer","SBR",3,"ndvi_cv + elev + BB + DD",-0.125407404674748,0.860865378465723,0.882137449625998
79,"Sambar deer","SBR",3,"ndvi_cv + elev + BB + DD",-0.109558627693639,0.881904007666305,0.89622963216904
80,"Sambar deer","SBR",3,"ndvi_cv + elev + BB + DD",-0.0889877546734457,0.913607167135295,0.914856776386843
81,"Sambar deer","SBR",3,"ndvi_cv + elev + BB + DD",-0.0998104584588203,0.921297343611674,0.905008939458091
82,"Sambar deer","SBR",3,"ndvi_cv + elev + BB + DD",-0.0730239182953542,0.973173644815187,0.929578600055719
83,"Sambar deer","SBR",3,"ndvi_cv + elev + BB + DD",-0.067663364855378,0.996385981537726,0.934575031956515
84,"Sambar deer","SBR",3,"ndvi_cv + elev + BB + DD",-0.06800681571639,1.03339263007813,0.934254106960688
85,"Sambar deer","SBR",3,"ndvi_cv + elev + BB + DD",-0.0791114290060019,1.11370636043477,0.923936975568411
86,"Sambar deer","SBR",3,"ndvi_cv + elev + BB + DD",-0.0858804775381883,1.15041270732872,0.917703919804557
87,"Sambar deer","SBR",3,"ndvi_cv + elev + BB + DD",-0.037970195710928,1.05718841608165,0.962741635247864
88,"Sambar deer","SBR",3,"ndvi_cv + elev + BB + DD",-0.0215475703560909,1.02109034641012,0.97868296165493
89,"Sambar deer","SBR",3,"ndvi_cv + elev + BB + DD",0.0379177316892154,0.990778670764816,1.03864585016936
90,"Sambar deer","SBR",3,"ndvi_cv + elev + BB + DD",0.0501618834259324,0.92118531096867,1.05144134165578
91,"Sambar deer","SBR",3,"ndvi_cv + elev + BB + DD",0.0812243933848031,0.885448140587622,1.08461427275436
92,"Sambar deer","SBR",3,"ndvi_cv + elev + BB + DD",0.0919646132563427,0.859041364191606,1.09632602710048
93,"Sambar deer","SBR",3,"ndvi_cv + elev + BB + DD",0.0841519420673078,0.857417953078718,1.08779416313661
94,"Sambar deer","SBR",3,"ndvi_cv + elev + BB + DD",0.0629385393182879,0.855332638730557,1.06496138400321
95,"Sambar deer","SBR",3,"ndvi_cv + elev + BB + DD",0.122134744039385,0.867281197997652,1.12990634613137
96,"Sambar deer","SBR",3,"ndvi_cv + elev + BB + DD",0.101750268929585,0.857066373352157,1.10710695881905
97,"Sambar deer","SBR",3,"ndvi_cv + elev + BB + DD",0.0193170903430529,0.840748427906744,1.01950488925621
98,"Sambar deer","SBR",3,"ndvi_cv + elev + BB + DD",-0.0456202748655565,0.815214776050931,0.955404688250559
99,"Sambar deer","SBR",3,"ndvi_cv + elev + BB + DD",-0.0581929340675596,0.748772369403703,0.943467906075512
100,"Sambar deer","SBR",3,"ndvi_cv + elev + BB + DD",-0.0677025900914694,0.723214897665375,0.934538374126939
101,"Sambar deer","SBR",3,"ndvi_cv + elev + BB + DD",-0.072940187435634,0.7047747372301,0.929656433584836
102,"Sambar deer","SBR",3,"ndvi_cv + elev + BB + DD",-0.110787414502683,0.671954534850668,0.895129022368867
103,"Sambar deer","SBR",3,"ndvi_cv + elev + BB + DD",-0.115871178629526,0.688759375295579,0.890589943232788
104,"Sambar deer","SBR",3,"ndvi_cv + elev + BB + DD",-0.113683010401109,0.718851567102759,0.89254084866966
105,"Sambar deer","SBR",3,"ndvi_cv + elev + BB + DD",-0.110432907857732,0.747404263141708,0.895446453055007
106,"Sambar deer","SBR",3,"ndvi_cv + elev + BB + DD",-0.10530158210674,0.757519443215007,0.900053042276334
107,"Sambar deer","SBR",3,"ndvi_cv + elev + BB + DD",-0.111441361554592,0.780088912639887,0.894543868384977
108,"Sambar deer","SBR",3,"ndvi_cv + elev + BB + DD",-0.151300491807623,0.809460997600535,0.859589363242574
109,"Sambar deer","SBR",3,"ndvi_cv + elev + BB + DD",-0.142853840890419,0.80713937227827,0.866880763247428
110,"Sambar deer","SBR",3,"ndvi_cv + elev + BB + DD",-0.13203530954639,0.834242832158261,0.876310059295178
111,"Sambar deer","SBR",3,"ndvi_cv + elev + BB + DD",-0.110345786707273,0.872311369932177,0.895524430198331
112,"Sambar deer","SBR",3,"ndvi_cv + elev + BB + DD",-0.107096165611318,0.897403027865248,0.898439271120907
113,"Sambar deer","SBR",3,"ndvi_cv + elev + BB + DD",-0.108098606179304,0.926998514301264,0.897539089521386
114,"Sambar deer","SBR",3,"ndvi_cv + elev + BB + DD",-0.103148088630618,0.968629650331647,0.901993388945129
115,"Sambar deer","SBR",3,"ndvi_cv + elev + BB + DD",-0.116544631246544,0.989066348773913,0.889990374753575
116,"Sambar deer","SBR",3,"ndvi_cv + elev + BB + DD",-0.0822202908550967,1.09989568867701,0.921069274950208
117,"Sambar deer","SBR",3,"ndvi_cv + elev + BB + DD",-0.0606647082974869,1.06213348755675,0.941138743039109
118,"Sambar deer","SBR",3,"ndvi_cv + elev + BB + DD",-0.10311996511704,0.996028054705824,0.902018756206519
119,"Sambar deer","SBR",3,"ndvi_cv + elev + BB + DD",-0.0649447337961482,0.956183708034932,0.937119264931227
120,"Sambar deer","SBR",3,"ndvi_cv + elev + BB + DD",0.000716549795583425,0.917012783646948,1.00071680720224
121,"Sambar deer","SBR",3,"ndvi_cv + elev + BB + DD",0.00468721333528449,0.864080932861896,1.00469821636984
122,"Sambar deer","SBR",3,"ndvi_cv + elev + BB + DD",0.0639128273076654,0.840571899740178,1.06599946867154
123,"Sambar deer","SBR",3,"ndvi_cv + elev + BB + DD",0.049985860500732,0.82488790298216,1.05125623477268
124,"Sambar deer","SBR",3,"ndvi_cv + elev + BB + DD",0.0849394459478984,0.826681025998097,1.0886511439232
125,"Sambar deer","SBR",3,"ndvi_cv + elev + BB + DD",0.083430466887259,0.815138058553562,1.08700962974991
126,"Sambar deer","SBR",3,"ndvi_cv + elev + BB + DD",0.112789208511087,0.779897828848495,1.11939595016778
127,"Sambar deer","SBR",3,"ndvi_cv + elev + BB + DD",0.106187467017999,0.781324369640068,1.11203032623971
128,"Sambar deer","SBR",3,"ndvi_cv + elev + BB + DD",0.0770715197391965,0.754939013827518,1.08011932402405
129,"Sambar deer","SBR",3,"ndvi_cv + elev + BB + DD",0.0315457557515738,0.741689793158308,1.03204862255091
130,"Sambar deer","SBR",3,"ndvi_cv + elev + BB + DD",0.0298283604624472,0.742289982170757,1.03027772080472
131,"Sambar deer","SBR",3,"ndvi_cv + elev + BB + DD",-0.0156952322679777,0.722526738100128,0.984427297277453
132,"Sambar deer","SBR",3,"ndvi_cv + elev + BB + DD",-0.0320817027997398,0.700102735593803,0.968427455635123
133,"Sambar deer","SBR",3,"ndvi_cv + elev + BB + DD",-0.0778646489558684,0.643565894705123,0.925089634935768
134,"Sambar deer","SBR",3,"ndvi_cv + elev + BB + DD",-0.126299525136455,0.496120012758264,0.881350843295959
135,"Sambar deer","SBR",3,"ndvi_cv + elev + BB + DD",-0.124863638033328,0.66234223350648,0.882617249900004
136,"Sambar deer","SBR",3,"ndvi_cv + elev + BB + DD",-0.1331211607774,0.709031449415624,0.875359029654143
137,"Sambar deer","SBR",3,"ndvi_cv + elev + BB + DD",-0.135824825579357,0.722374037498161,0.872995548540227
138,"Sambar deer","SBR",3,"ndvi_cv + elev + BB + DD",-0.144354076805254,0.744788335619681,0.865581212680459
139,"Sambar deer","SBR",3,"ndvi_cv + elev + BB + DD",-0.16843108752707,0.747451125402223,0.844989513514593
140,"Sambar deer","SBR",3,"ndvi_cv + elev + BB + DD",-0.12859503058395,0.767403107248447,0.879329997106057
141,"Sambar deer","SBR",3,"ndvi_cv + elev + BB + DD",-0.148683588649473,0.791922414414336,0.861841769740863
142,"Sambar deer","SBR",3,"ndvi_cv + elev + BB + DD",-0.114492949332336,0.814007163980374,0.891818226335936
143,"Sambar deer","SBR",3,"ndvi_cv + elev + BB + DD",-0.120994870405543,0.863353449690322,0.886038504600722
144,"Sambar deer","SBR",3,"ndvi_cv + elev + BB + DD",-0.13382773124585,0.887380757079379,0.874740746275002
145,"Sambar deer","SBR",3,"ndvi_cv + elev + BB + DD",-0.133886195814263,0.899799656484889,0.874689602391438
146,"Sambar deer","SBR",3,"ndvi_cv + elev + BB + DD",-0.142998314924534,0.947349996154748,0.866755534110105
147,"Sambar deer","SBR",3,"ndvi_cv + elev + BB + DD",-0.130687407842372,0.974481607715272,0.877492030458052
148,"Sambar deer","SBR",3,"ndvi_cv + elev + BB + DD",-0.148769561723563,1.01291020843656,0.861767677506132
149,"Sambar deer","SBR",3,"ndvi_cv + elev + BB + DD",-0.0481841921532101,1.05029960282209,0.952958245842899
150,"Sambar deer","SBR",3,"ndvi_cv + elev + BB + DD",-0.0676176441185636,0.966050894811519,0.934617836296812
151,"Sambar deer","SBR",3,"ndvi_cv + elev + BB + DD",-0.0637063387041285,0.93137694351996,0.938280496059635
152,"Sambar deer","SBR",3,"ndvi_cv + elev + BB + DD",-0.0469839386928724,0.893625680092842,0.954102825086374
153,"Sambar deer","SBR",3,"ndvi_cv + elev + BB + DD",-0.0305038868589175,0.86391851782406,0.969956661980232
154,"Sambar deer","SBR",3,"ndvi_cv + elev + BB + DD",0.0170187158696976,0.834653674621088,1.0171643606793
155,"Sambar deer","SBR",3,"ndvi_cv + elev + BB + DD",0.0451459363950839,0.811307661015356,1.04618052468846
156,"Sambar deer","SBR",3,"ndvi_cv + elev + BB + DD",0.0689998935128939,0.800637209685905,1.07143609515663
157,"Sambar deer","SBR",3,"ndvi_cv + elev + BB + DD",0.0761431053584104,0.788753532842999,1.07911699754787
158,"Sambar deer","SBR",3,"ndvi_cv + elev + BB + DD",0.0738040029353145,0.774197546889884,1.07659577918183
159,"Sambar deer","SBR",3,"ndvi_cv + elev + BB + DD",0.112944587527425,0.743549319724092,1.11956989355545
160,"Sambar deer","SBR",3,"ndvi_cv + elev + BB + DD",0.0865876481445841,0.734306435947128,1.09044693979001
161,"Sambar deer","SBR",3,"ndvi_cv + elev + BB + DD",0.105526545905827,0.751879618896534,1.11129560453578
162,"Sambar deer","SBR",3,"ndvi_cv + elev + BB + DD",0.0692347503931214,0.734954138814226,1.07168776035888
163,"Sambar deer","SBR",3,"ndvi_cv + elev + BB + DD",0.0357641827984058,0.714928823506255,1.03641142502197
164,"Sambar deer","SBR",3,"ndvi_cv + elev + BB + DD",0.0232313598775955,0.68266112121664,1.0235033100901
165,"Sambar deer","SBR",3,"ndvi_cv + elev + BB + DD",-0.0221800357293139,0.656939794914645,0.978064156215796
166,"Sambar deer","SBR",3,"ndvi_cv + elev + BB + DD",-0.0549849073473483,0.589935146035615,0.946499438417332
167,"Sambar deer","SBR",3,"ndvi_cv + elev + BB + DD",-0.0665367410192136,0.622871639312028,0.935628541307369
168,"Sambar deer","SBR",3,"ndvi_cv + elev + BB + DD",-0.113145584433705,0.659879833069353,0.893020642889554
169,"Sambar deer","SBR",3,"ndvi_cv + elev + BB + DD",-0.119692297065593,0.698722830327659,0.887193393471236
170,"Sambar deer","SBR",3,"ndvi_cv + elev + BB + DD",-0.170253884838925,0.697177639236021,0.843450650080176
171,"Sambar deer","SBR",3,"ndvi_cv + elev + BB + DD",-0.165657560503464,0.722316486413896,0.847336346433
172,"Sambar deer","SBR",3,"ndvi_cv + elev + BB + DD",-0.160608592821844,0.745324657366904,0.851625360527443
173,"Sambar deer","SBR",3,"ndvi_cv + elev + BB + DD",-0.139513997848488,0.758289469666875,0.869780848125256
174,"Sambar deer","SBR",3,"ndvi_cv + elev + BB + DD",-0.147418629771841,0.771005038430513,0.862932655925291
175,"Sambar deer","SBR",3,"ndvi_cv + elev + BB + DD",-0.164839634214741,0.796994707551476,0.848029725640902
176,"Sambar deer","SBR",3,"ndvi_cv + elev + BB + DD",-0.138233428245157,0.829409340926036,0.870895376472193
177,"Sambar deer","SBR",3,"ndvi_cv + elev + BB + DD",-0.161413239497787,0.870025788482734,0.850940387555513
178,"Sambar deer","SBR",3,"ndvi_cv + elev + BB + DD",-0.15671440228819,0.908259887609051,0.854948201070794
179,"Sambar deer","SBR",3,"ndvi_cv + elev + BB + DD",-0.171528419508933,0.936635796007925,0.842376328157841
180,"Sambar deer","SBR",3,"ndvi_cv + elev + BB + DD",-0.151118409444237,0.964013507917182,0.859745890598741
181,"Sambar deer","SBR",3,"ndvi_cv + elev + BB + DD",-0.186167692876062,1.00326189929312,0.830134422736248
182,"Sambar deer","SBR",3,"ndvi_cv + elev + BB + DD",-0.19836992132655,1.08280219443662,0.820066440202313
183,"Sambar deer","SBR",3,"ndvi_cv + elev + BB + DD",-0.0593956067200433,1.20319253142695,0.942334045899283
184,"Sambar deer","SBR",3,"ndvi_cv + elev + BB + DD",-0.0813228880323443,1.02088211685292,0.921895993878668
185,"Sambar deer","SBR",3,"ndvi_cv + elev + BB + DD",-0.0662214271763414,0.91550862390104,0.935923603518868
186,"Sambar deer","SBR",3,"ndvi_cv + elev + BB + DD",-0.0345387063428028,0.896030400517396,0.966050947000331
187,"Sambar deer","SBR",3,"ndvi_cv + elev + BB + DD",-0.0257415934910073,0.851174328723611,0.974586898182221
188,"Sambar deer","SBR",3,"ndvi_cv + elev + BB + DD",-0.0162708929514706,0.824006955844411,0.983860763460798
189,"Sambar deer","SBR",3,"ndvi_cv + elev + BB + DD",0.0173341713606288,0.818894300226965,1.01748529935144
190,"Sambar deer","SBR",3,"ndvi_cv + elev + BB + DD",0.0110429132691018,0.803328603550398,1.01110411129904
191,"Sambar deer","SBR",3,"ndvi_cv + elev + BB + DD",0.0605334106683904,0.780674926167754,1.06240311102279
192,"Sambar deer","SBR",3,"ndvi_cv + elev + BB + DD",0.0765556550870985,0.768362565209414,1.07956228914612
193,"Sambar deer","SBR",3,"ndvi_cv + elev + BB + DD",0.0975323429373647,0.740164458844661,1.10244710738691
194,"Sambar deer","SBR",3,"ndvi_cv + elev + BB + DD",0.096730854570113,0.722201665465501,1.10156386572379
195,"Sambar deer","SBR",3,"ndvi_cv + elev + BB + DD",0.0952919056415741,0.746058558981221,1.09997989866576
196,"Sambar deer","SBR",3,"ndvi_cv + elev + BB + DD",0.108459115591986,0.711550585996113,1.11455934110064
197,"Sambar deer","SBR",3,"ndvi_cv + elev + BB + DD",0.0984478753933477,0.713269789232522,1.10345689084742
198,"Sambar deer","SBR",3,"ndvi_cv + elev + BB + DD",0.0723075589791969,0.680585607202513,1.0749859155902
199,"Sambar deer","SBR",3,"ndvi_cv + elev + BB + DD",0.0476350733484425,0.690817264367016,1.04878785986884
200,"Sambar deer","SBR",3,"ndvi_cv + elev + BB + DD",0.0405970915035889,0.674421265846892,1.04143243767478
201,"Sambar deer","SBR",3,"ndvi_cv + elev + BB + DD",-0.00648412190486361,0.660857718979724,0.993536862321182
202,"Sambar deer","SBR",3,"ndvi_cv + elev + BB + DD",-0.030941038408749,0.658599792367793,0.969532736982577
203,"Sambar deer","SBR",3,"ndvi_cv + elev + BB + DD",-0.0874770487852689,0.679927471598134,0.916239906485452
204,"Sambar deer","SBR",3,"ndvi_cv + elev + BB + DD",-0.124869158364523,0.686357737073157,0.882612378107497
205,"Sambar deer","SBR",3,"ndvi_cv + elev + BB + DD",-0.150643871633994,0.7031767871,0.860153969500202
206,"Sambar deer","SBR",3,"ndvi_cv + elev + BB + DD",-0.159707824884866,0.730936558898861,0.852392800554935
207,"Sambar deer","SBR",3,"ndvi_cv + elev + BB + DD",-0.16180528249898,0.738851916382769,0.850606816454717
208,"Sambar deer","SBR",3,"ndvi_cv + elev + BB + DD",-0.197358237505548,0.738990951258634,0.8208965048634
209,"Sambar deer","SBR",3,"ndvi_cv + elev + BB + DD",-0.176346687062882,0.749775061596397,0.838327300661063
210,"Sambar deer","SBR",3,"ndvi_cv + elev + BB + DD",-0.178258582579051,0.792730016144127,0.836726047688374
211,"Sambar deer","SBR",3,"ndvi_cv + elev + BB + DD",-0.204005070322473,0.814149586810181,0.815458237236628
212,"Sambar deer","SBR",3,"ndvi_cv + elev + BB + DD",-0.15243876853416,0.858766147654775,0.858611478343762
213,"Sambar deer","SBR",3,"ndvi_cv + elev + BB + DD",-0.144277898074883,0.887951365298734,0.865647184671396
214,"Sambar deer","SBR",3,"ndvi_cv + elev + BB + DD",-0.156694356118178,0.921784447005838,0.854965376098288
215,"Sambar deer","SBR",3,"ndvi_cv + elev + BB + DD",-0.193187290130324,0.946578145508501,0.824327571363363
216,"Sambar deer","SBR",3,"ndvi_cv + elev + BB + DD",-0.21536268333878,0.983058435953218,0.806248990008628
217,"Sambar deer","SBR",3,"ndvi_cv + elev + BB + DD",-0.243081168854245,1.0507832453947,0.784207857935324
218,"Sambar deer","SBR",3,"ndvi_cv + elev + BB + DD",-0.221787007685762,1.2031225645984,0.801086055107896
219,"Sambar deer","SBR",3,"ndvi_cv + elev + BB + DD",-0.0458886102981164,0.970157320441144,0.9551483500002
220,"Sambar deer","SBR",3,"ndvi_cv + elev + BB + DD",-0.0254030787378064,0.885521757359485,0.974916865890221
221,"Sambar deer","SBR",3,"ndvi_cv + elev + BB + DD",-0.0260727638389562,0.867194153617235,0.974264211983028
222,"Sambar deer","SBR",3,"ndvi_cv + elev + BB + DD",0.0159211057426259,0.832414958597382,1.0160485233547
223,"Sambar deer","SBR",3,"ndvi_cv + elev + BB + DD",0.00367227555355823,0.801515070988815,1.00367903344895
224,"Sambar deer","SBR",3,"ndvi_cv + elev + BB + DD",0.0355438669693064,0.795227414078137,1.03618310271076
225,"Sambar deer","SBR",3,"ndvi_cv + elev + BB + DD",0.0384702717429297,0.779235065102652,1.03921983764636
226,"Sambar deer","SBR",3,"ndvi_cv + elev + BB + DD",0.0679749442286378,0.766036038714817,1.07033849101382
227,"Sambar deer","SBR",3,"ndvi_cv + elev + BB + DD",0.0781225772871399,0.740149455445772,1.0812551879656
228,"Sambar deer","SBR",3,"ndvi_cv + elev + BB + DD",0.077233356104018,0.72943412218125,1.08029414069341
229,"Sambar deer","SBR",3,"ndvi_cv + elev + BB + DD",0.112425619210561,0.72459855962931,1.11898903198831
230,"Sambar deer","SBR",3,"ndvi_cv + elev + BB + DD",0.0974637918619792,0.705306003286907,1.10237152781424
231,"Sambar deer","SBR",3,"ndvi_cv + elev + BB + DD",0.104532120532948,0.724097123472488,1.11019105492373
232,"Sambar deer","SBR",3,"ndvi_cv + elev + BB + DD",0.106229255458004,0.69343227392753,1.11207680118322
233,"Sambar deer","SBR",3,"ndvi_cv + elev + BB + DD",0.121233449226801,0.696524734640363,1.12888843172386
234,"Sambar deer","SBR",3,"ndvi_cv + elev + BB + DD",0.118579671096031,0.689322103158324,1.12589657242758
235,"Sambar deer","SBR",3,"ndvi_cv + elev + BB + DD",0.0929411089073884,0.667846001209428,1.09739710647627
236,"Sambar deer","SBR",3,"ndvi_cv + elev + BB + DD",0.0503242972491269,0.675422490851859,1.05161207699633
237,"Sambar deer","SBR",3,"ndvi_cv + elev + BB + DD",0.024985631882027,0.676835347115039,1.02530038919757
238,"Sambar deer","SBR",3,"ndvi_cv + elev + BB + DD",-0.0476905976753254,0.689671195726991,0.953428736885825
239,"Sambar deer","SBR",3,"ndvi_cv + elev + BB + DD",-0.102587188036611,0.692194112188298,0.902499459167734
240,"Sambar deer","SBR",3,"ndvi_cv + elev + BB + DD",-0.168920023970902,0.708594577646629,0.844576446797416
241,"Sambar deer","SBR",3,"ndvi_cv + elev + BB + DD",-0.19789288855909,0.709947125856546,0.820457732290594
242,"Sambar deer","SBR",3,"ndvi_cv + elev + BB + DD",-0.18302684552242,0.727408991326279,0.832745799985943
243,"Sambar deer","SBR",3,"ndvi_cv + elev + BB + DD",-0.2013288414337,0.722568190962269,0.817643512384245
244,"Sambar deer","SBR",3,"ndvi_cv + elev + BB + DD",-0.215491463258982,0.760832584376874,0.806145152600627
245,"Sambar deer","SBR",3,"ndvi_cv + elev + BB + DD",-0.200958687891,0.781820431564589,0.81794622231794
246,"Sambar deer","SBR",3,"ndvi_cv + elev + BB + DD",-0.196062952472257,0.811875509583049,0.821960489207109
247,"Sambar deer","SBR",3,"ndvi_cv + elev + BB + DD",-0.191895600290867,0.844814396640064,0.82539303496587
248,"Sambar deer","SBR",3,"ndvi_cv + elev + BB + DD",-0.205743535513037,0.879349162232255,0.814041822800098
249,"Sambar deer","SBR",3,"ndvi_cv + elev + BB + DD",-0.18680911751075,0.92445970939717,0.82960207958914
250,"Sambar deer","SBR",3,"ndvi_cv + elev + BB + DD",-0.234256568659193,0.952531368005631,0.791158808472677
251,"Sambar deer","SBR",3,"ndvi_cv + elev + BB + DD",-0.236703011770554,0.997601957394901,0.789225644083519
252,"Sambar deer","SBR",3,"ndvi_cv + elev + BB + DD",-0.252609174042251,1.07020719861001,0.776771414308227
253,"Sambar deer","SBR",3,"ndvi_cv + elev + BB + DD",-0.22654322751043,1.21342089743475,0.797284891229308
254,"Sambar deer","SBR",3,"ndvi_cv + elev + BB + DD",-0.00871614368583397,0.912162175232682,0.991321762507117
255,"Sambar deer","SBR",3,"ndvi_cv + elev + BB + DD",-0.000925135180777558,0.854289975275232,0.99907529308021
256,"Sambar deer","SBR",3,"ndvi_cv + elev + BB + DD",0.00624707940850161,0.837365912508121,1.00626664704908
257,"Sambar deer","SBR",3,"ndvi_cv + elev + BB + DD",0.0290151072437755,0.80577755497756,1.02944016130187
258,"Sambar deer","SBR",3,"ndvi_cv + elev + BB + DD",0.0560086484717848,0.788699700458238,1.05760683052898
259,"Sambar deer","SBR",3,"ndvi_cv + elev + BB + DD",0.0147072731435289,0.771073422776875,1.01481598361436
260,"Sambar deer","SBR",3,"ndvi_cv + elev + BB + DD",0.0481423413713104,0.750405468508805,1.04932002164166
261,"Sambar deer","SBR",3,"ndvi_cv + elev + BB + DD",0.0481633164726899,0.732883391084289,1.04934201675387
262,"Sambar deer","SBR",3,"ndvi_cv + elev + BB + DD",0.0918568566980278,0.732995707649575,1.09620789628457
263,"Sambar deer","SBR",3,"ndvi_cv + elev + BB + DD",0.0937996730674895,0.726397684733036,1.0983397013148
264,"Sambar deer","SBR",3,"ndvi_cv + elev + BB + DD",0.0929389433931782,0.714930623914089,1.0973947303098
265,"Sambar deer","SBR",3,"ndvi_cv + elev + BB + DD",0.103119692186239,0.696577656716119,1.1086240954147
266,"Sambar deer","SBR",3,"ndvi_cv + elev + BB + DD",0.103571415714965,0.695339861446,1.10912499949161
267,"Sambar deer","SBR",3,"ndvi_cv + elev + BB + DD",0.132084999425799,0.704409594712827,1.14120531694365
268,"Sambar deer","SBR",3,"ndvi_cv + elev + BB + DD",0.146456800702479,0.682310357477925,1.15772491795113
269,"Sambar deer","SBR",3,"ndvi_cv + elev + BB + DD",0.15498310685796,0.690829030379426,1.16763824374833
270,"Sambar deer","SBR",3,"ndvi_cv + elev + BB + DD",0.177581431394076,0.658716391172146,1.19432531140434
271,"Sambar deer","SBR",3,"ndvi_cv + elev + BB + DD",0.131392454897378,0.660730194762556,1.14041528071687
272,"Sambar deer","SBR",3,"ndvi_cv + elev + BB + DD",0.0921020882253181,0.670882272372127,1.09647675741997
273,"Sambar deer","SBR",3,"ndvi_cv + elev + BB + DD",0.00182244370963449,0.680183024212467,1.00182411540039
274,"Sambar deer","SBR",3,"ndvi_cv + elev + BB + DD",-0.100620434316502,0.684186151025097,0.904276200154405
275,"Sambar deer","SBR",3,"ndvi_cv + elev + BB + DD",-0.174076524055799,0.683574689670658,0.840232632016409
276,"Sambar deer","SBR",3,"ndvi_cv + elev + BB + DD",-0.211354761019884,0.704255925854336,0.809486842711205
277,"Sambar deer","SBR",3,"ndvi_cv + elev + BB + DD",-0.240468115049347,0.704099031418509,0.786259718114578
278,"Sambar deer","SBR",3,"ndvi_cv + elev + BB + DD",-0.24398263424254,0.718254997522505,0.783501242477802
279,"Sambar deer","SBR",3,"ndvi_cv + elev + BB + DD",-0.241558261848378,0.768552178467431,0.785403052206074
280,"Sambar deer","SBR",3,"ndvi_cv + elev + BB + DD",-0.20885916803791,0.789241362405525,0.811509518642301
281,"Sambar deer","SBR",3,"ndvi_cv + elev + BB + DD",-0.225633409723244,0.806595492769496,0.798010593093406
282,"Sambar deer","SBR",3,"ndvi_cv + elev + BB + DD",-0.227254072494909,0.84235623879374,0.796718332374524
283,"Sambar deer","SBR",3,"ndvi_cv + elev + BB + DD",-0.197625456694348,0.897991885075491,0.820677174731522
284,"Sambar deer","SBR",3,"ndvi_cv + elev + BB + DD",-0.227606318968067,0.944690512381424,0.796437746103104
285,"Sambar deer","SBR",3,"ndvi_cv + elev + BB + DD",-0.217513198100464,1.00237132130216,0.804516988179449
286,"Sambar deer","SBR",3,"ndvi_cv + elev + BB + DD",-0.194330588748536,1.08772388543178,0.8233856587619
287,"Sambar deer","SBR",3,"ndvi_cv + elev + BB + DD",-0.216665266940648,1.19062942752295,0.805199451409426
288,"Sambar deer","SBR",3,"ndvi_cv + elev + BB + DD",0.0121351848082869,1.01058102861858,1.01220913480867
289,"Sambar deer","SBR",3,"ndvi_cv + elev + BB + DD",0.0259526096367544,0.874458784173846,1.02629231239007
290,"Sambar deer","SBR",3,"ndvi_cv + elev + BB + DD",0.0147730268893216,0.829014822765292,1.01488268739652
291,"Sambar deer","SBR",3,"ndvi_cv + elev + BB + DD",0.0314719874002579,0.78718204855836,1.03197252880547
292,"Sambar deer","SBR",3,"ndvi_cv + elev + BB + DD",0.0306334139295801,0.779847253473867,1.03110745592041
293,"Sambar deer","SBR",3,"ndvi_cv + elev + BB + DD",0.0671385142352985,0.758344709833172,1.06944361200974
294,"Sambar deer","SBR",3,"ndvi_cv + elev + BB + DD",0.0822399370638711,0.752076725469364,1.08571628215988
295,"Sambar deer","SBR",3,"ndvi_cv + elev + BB + DD",0.0429558315833764,0.730306516396511,1.04389178730083
296,"Sambar deer","SBR",3,"ndvi_cv + elev + BB + DD",0.0598865242703613,0.72441534567547,1.06171606088395
297,"Sambar deer","SBR",3,"ndvi_cv + elev + BB + DD",0.0814481908926922,0.722733317283626,1.08485703182932
298,"Sambar deer","SBR",3,"ndvi_cv + elev + BB + DD",0.0940348414302695,0.701112882925689,1.09859802735572
299,"Sambar deer","SBR",3,"ndvi_cv + elev + BB + DD",0.0976020986821834,0.699283937667416,1.1025240302887
300,"Sambar deer","SBR",3,"ndvi_cv + elev + BB + DD",0.115147981204806,0.696999123301788,1.12203947166782
301,"Sambar deer","SBR",3,"ndvi_cv + elev + BB + DD",0.126090986474802,0.675087532044364,1.13438537782181
302,"Sambar deer","SBR",3,"ndvi_cv + elev + BB + DD",0.15378276167094,0.684696561220966,1.16623750834685
303,"Sambar deer","SBR",3,"ndvi_cv + elev + BB + DD",0.187936614619779,0.688486590020379,1.20675702218159
304,"Sambar deer","SBR",3,"ndvi_cv + elev + BB + DD",0.229583863435053,0.652754740785927,1.25807639758761
305,"Sambar deer","SBR",3,"ndvi_cv + elev + BB + DD",0.278147238133523,0.61853655240927,1.3206806379724
306,"Sambar deer","SBR",3,"ndvi_cv + elev + BB + DD",0.237820031412151,0.615380575575126,1.26848088891261
307,"Sambar deer","SBR",3,"ndvi_cv + elev + BB + DD",0.123541950013493,0.645988720058217,1.13149748149462
308,"Sambar deer","SBR",3,"ndvi_cv + elev + BB + DD",-0.00303059777643072,0.664414165222601,0.99697399746409
309,"Sambar deer","SBR",3,"ndvi_cv + elev + BB + DD",-0.0999064815196831,0.675670056560746,0.90492206206422
310,"Sambar deer","SBR",3,"ndvi_cv + elev + BB + DD",-0.20614324590232,0.68637588994745,0.813716506488518
311,"Sambar deer","SBR",3,"ndvi_cv + elev + BB + DD",-0.271446184869798,0.681661061016173,0.76227630451327
312,"Sambar deer","SBR",3,"ndvi_cv + elev + BB + DD",-0.308877755445429,0.695901073639855,0.734270527741828
313,"Sambar deer","SBR",3,"ndvi_cv + elev + BB + DD",-0.320034316321184,0.705661293918499,0.726124118758628
314,"Sambar deer","SBR",3,"ndvi_cv + elev + BB + DD",-0.296567059698905,0.742214575281409,0.7433658355802
315,"Sambar deer","SBR",3,"ndvi_cv + elev + BB + DD",-0.248658063141265,0.775263788741072,0.779846586255247
316,"Sambar deer","SBR",3,"ndvi_cv + elev + BB + DD",-0.245212440936839,0.832469814188091,0.782538279146842
317,"Sambar deer","SBR",3,"ndvi_cv + elev + BB + DD",-0.240593765571852,0.905569861969957,0.786160927173001
318,"Sambar deer","SBR",3,"ndvi_cv + elev + BB + DD",-0.27072434937479,0.994748580863474,0.762826741095536
319,"Sambar deer","SBR",3,"ndvi_cv + elev + BB + DD",-0.279879969350232,1.05248005675321,0.75587446518971
320,"Sambar deer","SBR",3,"ndvi_cv + elev + BB + DD",0.00350534864906031,0.928876855408446,1.00351152190806
321,"Sambar deer","SBR",3,"ndvi_cv + elev + BB + DD",0.00968434776513521,0.833306711905964,1.00973140395425
322,"Sambar deer","SBR",3,"ndvi_cv + elev + BB + DD",0.0227595429850419,0.798641424023182,1.02302051834896
323,"Sambar deer","SBR",3,"ndvi_cv + elev + BB + DD",0.0219813380070162,0.777608232731282,1.02222470919018
324,"Sambar deer","SBR",3,"ndvi_cv + elev + BB + DD",0.03808592054257,0.769052178247375,1.03882049198939
325,"Sambar deer","SBR",3,"ndvi_cv + elev + BB + DD",0.0606794727056627,0.764223948463204,1.06255828128313
326,"Sambar deer","SBR",3,"ndvi_cv + elev + BB + DD",0.0844367295426885,0.75371270666845,1.08810399956052
327,"Sambar deer","SBR",3,"ndvi_cv + elev + BB + DD",0.0739794367160906,0.724064059445167,1.07678466420533
328,"Sambar deer","SBR",3,"ndvi_cv + elev + BB + DD",0.0498678432828002,0.704531980911115,1.05113217985445
329,"Sambar deer","SBR",3,"ndvi_cv + elev + BB + DD",0.0710425186251196,0.697109161288839,1.07362687446619
330,"Sambar deer","SBR",3,"ndvi_cv + elev + BB + DD",0.0910931817845513,0.703835421062524,1.09537106930444
331,"Sambar deer","SBR",3,"ndvi_cv + elev + BB + DD",0.102548904103779,0.688475509434734,1.10799149737731
332,"Sambar deer","SBR",3,"ndvi_cv + elev + BB + DD",0.120612888278765,0.689054970170031,1.12818809302567
333,"Sambar deer","SBR",3,"ndvi_cv + elev + BB + DD",0.156077414746522,0.680201156997242,1.16891669145319
334,"Sambar deer","SBR",3,"ndvi_cv + elev + BB + DD",0.183951226078552,0.676729763159357,1.20195719750781
335,"Sambar deer","SBR",3,"ndvi_cv + elev + BB + DD",0.219719784375358,0.654132673762416,1.24572761723863
336,"Sambar deer","SBR",3,"ndvi_cv + elev + BB + DD",0.251135597971396,0.632876669664199,1.28548441292068
337,"Sambar deer","SBR",3,"ndvi_cv + elev + BB + DD",0.570062940802523,0.407841521999704,1.76837835587329
338,"Sambar deer","SBR",3,"ndvi_cv + elev + BB + DD",0.427761615004185,0.562241982296879,1.53382039776653
339,"Sambar deer","SBR",3,"ndvi_cv + elev + BB + DD",0.161407289301406,0.628683627805932,1.1751635030081
340,"Sambar deer","SBR",3,"ndvi_cv + elev + BB + DD",0.0211792919159544,0.657425076593977,1.02140516974401
341,"Sambar deer","SBR",3,"ndvi_cv + elev + BB + DD",-0.0904688618374874,0.699375146829571,0.913502778373515
342,"Sambar deer","SBR",3,"ndvi_cv + elev + BB + DD",-0.219022163107923,0.681804003299137,0.803303918233938
343,"Sambar deer","SBR",3,"ndvi_cv + elev + BB + DD",-0.41920738705548,0.650941265534794,0.657567810285493
344,"Sambar deer","SBR",3,"ndvi_cv + elev + BB + DD",-0.529741837027896,0.619947356963272,0.588756945315273
345,"Sambar deer","SBR",3,"ndvi_cv + elev + BB + DD",-0.362000659175894,0.69896140465059,0.696281915507718
346,"Sambar deer","SBR",3,"ndvi_cv + elev + BB + DD",-0.308459500751223,0.726820875434275,0.734577707889191
347,"Sambar deer","SBR",3,"ndvi_cv + elev + BB + DD",-0.287861662136728,0.790446756685016,0.749865319900153
348,"Sambar deer","SBR",3,"ndvi_cv + elev + BB + DD",-0.293818983946207,0.868435751218753,0.745411414540933
349,"Sambar deer","SBR",3,"ndvi_cv + elev + BB + DD",-0.0132430669010694,0.920591724630456,0.986844238090907
350,"Sambar deer","SBR",3,"ndvi_cv + elev + BB + DD",0.0321003609474443,0.820334596120327,1.03262114089361
351,"Sambar deer","SBR",3,"ndvi_cv + elev + BB + DD",0.0256067119678667,0.779313485988507,1.02593738059996
352,"Sambar deer","SBR",3,"ndvi_cv + elev + BB + DD",0.0390785301649279,0.739788699506001,1.03985214087662
353,"Sambar deer","SBR",3,"ndvi_cv + elev + BB + DD",0.0220623816130275,0.730306802206049,1.02230756743935
354,"Sambar deer","SBR",3,"ndvi_cv + elev + BB + DD",0.0534819641337585,0.735571498909596,1.05493796997428
355,"Sambar deer","SBR",3,"ndvi_cv + elev + BB + DD",0.0692570185754121,0.732348946196492,1.0717116246888
356,"Sambar deer","SBR",3,"ndvi_cv + elev + BB + DD",0.0473933440188046,0.720006542463827,1.04853436320442
357,"Sambar deer","SBR",3,"ndvi_cv + elev + BB + DD",0.0879863661539973,0.69942432309901,1.09197323451543
358,"Sambar deer","SBR",3,"ndvi_cv + elev + BB + DD",0.0885959895097788,0.685476969330006,1.09263919983026
359,"Sambar deer","SBR",3,"ndvi_cv + elev + BB + DD",0.099497621264676,0.68672571966631,1.10461584788465
360,"Sambar deer","SBR",3,"ndvi_cv + elev + BB + DD",0.102464826384573,0.68119091364786,1.10789833683117
361,"Sambar deer","SBR",3,"ndvi_cv + elev + BB + DD",0.125647251451732,0.689304189362849,1.13388212357221
362,"Sambar deer","SBR",3,"ndvi_cv + elev + BB + DD",0.16103594826283,0.66246520989403,1.17472719746594
363,"Sambar deer","SBR",3,"ndvi_cv + elev + BB + DD",0.169352512715991,0.657249476262387,1.18453763675489
364,"Sambar deer","SBR",3,"ndvi_cv + elev + BB + DD",0.20722252593035,0.644859777822032,1.23025630915224
365,"Sambar deer","SBR",3,"ndvi_cv + elev + BB + DD",0.23987713635354,0.618198090858369,1.27109297064728
366,"Sambar deer","SBR",3,"ndvi_cv + elev + BB + DD",0.28847603361804,0.592210809938671,1.33439237240886
367,"Sambar deer","SBR",3,"ndvi_cv + elev + BB + DD",0.254930582357639,0.617458822889303,1.29037204702583
368,"Sambar deer","SBR",3,"ndvi_cv + elev + BB + DD",0.145437490701308,0.645692670609085,1.15654544127064
369,"Sambar deer","SBR",3,"ndvi_cv + elev + BB + DD",0.0373246333770497,0.657040085041477,1.0380299453264
370,"Sambar deer","SBR",3,"ndvi_cv + elev + BB + DD",-0.101624504014012,0.686558810705744,0.903368699398499
371,"Sambar deer","SBR",3,"ndvi_cv + elev + BB + DD",-0.221082204055323,0.694641286810497,0.801650779795058
372,"Sambar deer","SBR",3,"ndvi_cv + elev + BB + DD",-0.315318651695662,0.68507593745488,0.729556363701262
373,"Sambar deer","SBR",3,"ndvi_cv + elev + BB + DD",-0.348961211004934,0.68112340652259,0.705420495913535
374,"Sambar deer","SBR",3,"ndvi_cv + elev + BB + DD",-0.369639585854114,0.691219471910863,0.690983334191606
375,"Sambar deer","SBR",3,"ndvi_cv + elev + BB + DD",-0.309784725674849,0.714604900903985,0.733604866808573
376,"Sambar deer","SBR",3,"ndvi_cv + elev + BB + DD",-0.302347729071631,0.781508663622182,0.739081020502727
377,"Sambar deer","SBR",3,"ndvi_cv + elev + BB + DD",-0.309852917336724,0.897616373221423,0.733554842462439
378,"Sambar deer","SBR",3,"ndvi_cv + elev + BB + DD",0.00408494865335567,0.92230733747489,1.00409331029897
379,"Sambar deer","SBR",3,"ndvi_cv + elev + BB + DD",-0.00181709367161239,0.802962464262542,0.998184560694405
380,"Sambar deer","SBR",3,"ndvi_cv + elev + BB + DD",0.0472534052016213,0.757241341338577,1.04838764254635
381,"Sambar deer","SBR",3,"ndvi_cv + elev + BB + DD",0.0286795126248911,0.713103858593958,1.02909472988065
382,"Sambar deer","SBR",3,"ndvi_cv + elev + BB + DD",0.0297025909660314,0.689065025584741,1.03014813101404
383,"Sambar deer","SBR",3,"ndvi_cv + elev + BB + DD",0.0313419820435218,0.709046641181868,1.03183832123601
384,"Sambar deer","SBR",3,"ndvi_cv + elev + BB + DD",0.0694796790427837,0.707870556065804,1.07195029465861
385,"Sambar deer","SBR",3,"ndvi_cv + elev + BB + DD",0.0563633428601251,0.707023148192021,1.05798203655417
386,"Sambar deer","SBR",3,"ndvi_cv + elev + BB + DD",0.08673225389245,0.710901094621943,1.09060463716562
387,"Sambar deer","SBR",3,"ndvi_cv + elev + BB + DD",0.114876224692132,0.68746555155239,1.12173458617088
388,"Sambar deer","SBR",3,"ndvi_cv + elev + BB + DD",0.116163844363462,0.674489588579,1.12317988493683
389,"Sambar deer","SBR",3,"ndvi_cv + elev + BB + DD",0.101847914739655,0.679243695304108,1.1072150680968
390,"Sambar deer","SBR",3,"ndvi_cv + elev + BB + DD",0.123549807433774,0.668737103406882,1.13150636470302
391,"Sambar deer","SBR",3,"ndvi_cv + elev + BB + DD",0.122838439185373,0.660481602835153,1.13070172945312
392,"Sambar deer","SBR",3,"ndvi_cv + elev + BB + DD",0.162247570762001,0.642728728378568,1.176151395359
393,"Sambar deer","SBR",3,"ndvi_cv + elev + BB + DD",0.179315395743478,0.628383563802644,1.19639802358843
394,"Sambar deer","SBR",3,"ndvi_cv + elev + BB + DD",0.212295727389621,0.647761207045485,1.23651351060236
395,"Sambar deer","SBR",3,"ndvi_cv + elev + BB + DD",0.240033581789924,0.646639368336289,1.27129184730501
396,"Sambar deer","SBR",3,"ndvi_cv + elev + BB + DD",0.175040780545957,0.644598921585749,1.191294799038
397,"Sambar deer","SBR",3,"ndvi_cv + elev + BB + DD",0.0945021091330969,0.66636677776358,1.09911148379932
398,"Sambar deer","SBR",3,"ndvi_cv + elev + BB + DD",0.0154560447728563,0.670388962963156,1.0155761072109
399,"Sambar deer","SBR",3,"ndvi_cv + elev + BB + DD",-0.0926167676686919,0.688748900274331,0.911542767445423
400,"Sambar deer","SBR",3,"ndvi_cv + elev + BB + DD",-0.167582943791959,0.695056939401196,0.84570646857628
401,"Sambar deer","SBR",3,"ndvi_cv + elev + BB + DD",-0.260539329449008,0.697060169308685,0.770635848685129
402,"Sambar deer","SBR",3,"ndvi_cv + elev + BB + DD",-0.314120843790073,0.69074605637523,0.730430754858697
403,"Sambar deer","SBR",3,"ndvi_cv + elev + BB + DD",-0.348307756285355,0.702699016428823,0.705881603933657
404,"Sambar deer","SBR",3,"ndvi_cv + elev + BB + DD",-0.333791306179674,0.741268080584569,0.716203238835677
405,"Sambar deer","SBR",3,"ndvi_cv + elev + BB + DD",-0.335345830551323,0.761816400690869,0.715090747943012
406,"Sambar deer","SBR",3,"ndvi_cv + elev + BB + DD",-0.293647336083805,0.913504823727376,0.745539373388565
407,"Sambar deer","SBR",3,"ndvi_cv + elev + BB + DD",0.0187165535118927,0.949591420806619,1.01889280985729
408,"Sambar deer","SBR",3,"ndvi_cv + elev + BB + DD",0.0495317725981716,0.802841488310407,1.05077897808055
409,"Sambar deer","SBR",3,"ndvi_cv + elev + BB + DD",0.0271943066823609,0.735616331815214,1.02756744736163
410,"Sambar deer","SBR",3,"ndvi_cv + elev + BB + DD",0.0233456038085099,0.71073089204939,1.02362024616414
411,"Sambar deer","SBR",3,"ndvi_cv + elev + BB + DD",0.0395876398610541,0.694530938951447,1.04038167396889
412,"Sambar deer","SBR",3,"ndvi_cv + elev + BB + DD",0.0719290033384045,0.691116623042565,1.07457905420498
413,"Sambar deer","SBR",3,"ndvi_cv + elev + BB + DD",0.0314785951362424,0.689857100225609,1.03197929154833
414,"Sambar deer","SBR",3,"ndvi_cv + elev + BB + DD",0.0784253708992723,0.686182516396419,1.08158264353226
415,"Sambar deer","SBR",3,"ndvi_cv + elev + BB + DD",0.0889539359989572,0.680259157370803,1.09303030590119
416,"Sambar deer","SBR",3,"ndvi_cv + elev + BB + DD",0.128992598236281,0.676837092456043,1.13768170640719
417,"Sambar deer","SBR",3,"ndvi_cv + elev + BB + DD",0.113751610496113,0.680205805404311,1.12047377647346
418,"Sambar deer","SBR",3,"ndvi_cv + elev + BB + DD",0.1048848264358,0.67194443979384,1.11058269369791
419,"Sambar deer","SBR",3,"ndvi_cv + elev + BB + DD",0.118349365922037,0.664497611574134,1.12563730231085
420,"Sambar deer","SBR",3,"ndvi_cv + elev + BB + DD",0.152417797646575,0.638007272201721,1.16464672148536
421,"Sambar deer","SBR",3,"ndvi_cv + elev + BB + DD",0.163749382570501,0.646382336990804,1.1779190718734
422,"Sambar deer","SBR",3,"ndvi_cv + elev + BB + DD",0.171186008305754,0.628346472432774,1.1867114680228
423,"Sambar deer","SBR",3,"ndvi_cv + elev + BB + DD",0.192529945433514,0.628087324122373,1.21231280683383
424,"Sambar deer","SBR",3,"ndvi_cv + elev + BB + DD",0.206520102688018,0.621434230568141,1.22939249691459
425,"Sambar deer","SBR",3,"ndvi_cv + elev + BB + DD",0.156904111764018,0.650796282912249,1.16988343338055
426,"Sambar deer","SBR",3,"ndvi_cv + elev + BB + DD",0.0542405202058242,0.679188106799398,1.05573849871452
427,"Sambar deer","SBR",3,"ndvi_cv + elev + BB + DD",0.0160750546677127,0.684636505469862,1.01620495355892
428,"Sambar deer","SBR",3,"ndvi_cv + elev + BB + DD",-0.0777569965976177,0.687224732328438,0.925189223364619
429,"Sambar deer","SBR",3,"ndvi_cv + elev + BB + DD",-0.170665249736165,0.687863896058822,0.843103756191089
430,"Sambar deer","SBR",3,"ndvi_cv + elev + BB + DD",-0.230842636234008,0.696868681524084,0.793864386975522
431,"Sambar deer","SBR",3,"ndvi_cv + elev + BB + DD",-0.304303377634118,0.714513933618901,0.737637050541965
432,"Sambar deer","SBR",3,"ndvi_cv + elev + BB + DD",-0.33977137376418,0.704971856651557,0.711933070747221
433,"Sambar deer","SBR",3,"ndvi_cv + elev + BB + DD",-0.35514354236631,0.74953793981142,0.701072802343851
434,"Sambar deer","SBR",3,"ndvi_cv + elev + BB + DD",-0.340758688426605,0.785520751497277,0.71123051920403
435,"Sambar deer","SBR",3,"ndvi_cv + elev + BB + DD",-0.323349392178101,0.879663713568963,0.723720949270976
436,"Sambar deer","SBR",3,"ndvi_cv + elev + BB + DD",0.0555000008391238,0.771540392159769,1.05706903245214
437,"Sambar deer","SBR",3,"ndvi_cv + elev + BB + DD",0.029605800737516,0.709350027709474,1.03004841317745
438,"Sambar deer","SBR",3,"ndvi_cv + elev + BB + DD",0.0351032138117378,0.702433929627867,1.03572673303282
439,"Sambar deer","SBR",3,"ndvi_cv + elev + BB + DD",0.0651255181807476,0.694568073054685,1.06729298323816
440,"Sambar deer","SBR",3,"ndvi_cv + elev + BB + DD",0.0559102759814935,0.687630920067441,1.05750282837143
441,"Sambar deer","SBR",3,"ndvi_cv + elev + BB + DD",0.0679376325903933,0.679414014006732,1.07029855465728
442,"Sambar deer","SBR",3,"ndvi_cv + elev + BB + DD",0.0559985250318522,0.66947906410149,1.05759612403723
443,"Sambar deer","SBR",3,"ndvi_cv + elev + BB + DD",0.10866175761363,0.677013653419966,1.11478521900638
444,"Sambar deer","SBR",3,"ndvi_cv + elev + BB + DD",0.0975956239069502,0.676270904956836,1.10251686535076
445,"Sambar deer","SBR",3,"ndvi_cv + elev + BB + DD",0.131056243830967,0.687382807603961,1.14003191055213
446,"Sambar deer","SBR",3,"ndvi_cv + elev + BB + DD",0.1550810329137,0.662869000024234,1.16775259648626
447,"Sambar deer","SBR",3,"ndvi_cv + elev + BB + DD",0.166465108336353,0.649361970904846,1.18112232468008
448,"Sambar deer","SBR",3,"ndvi_cv + elev + BB + DD",0.131648148898603,0.654412699693922,1.14070688994481
449,"Sambar deer","SBR",3,"ndvi_cv + elev + BB + DD",0.167350398283095,0.643181008246434,1.18216842255048
450,"Sambar deer","SBR",3,"ndvi_cv + elev + BB + DD",0.164769404697559,0.62138708246659,1.17912119211092
451,"Sambar deer","SBR",3,"ndvi_cv + elev + BB + DD",0.207037238424979,0.632335627469094,1.23002837527133
452,"Sambar deer","SBR",3,"ndvi_cv + elev + BB + DD",0.197965642249051,0.625579958748133,1.2189205232205
453,"Sambar deer","SBR",3,"ndvi_cv + elev + BB + DD",0.161312881980247,0.63275440673419,1.17505257043796
454,"Sambar deer","SBR",3,"ndvi_cv + elev + BB + DD",0.0918678635451316,0.653144334575034,1.0962199625548
455,"Sambar deer","SBR",3,"ndvi_cv + elev + BB + DD",0.00981018477733472,0.664732152147076,1.00985846346525
456,"Sambar deer","SBR",3,"ndvi_cv + elev + BB + DD",-0.0958104691829054,0.695367582167821,0.908636215271783
457,"Sambar deer","SBR",3,"ndvi_cv + elev + BB + DD",-0.181140907285426,0.699785877487083,0.834317789039188
458,"Sambar deer","SBR",3,"ndvi_cv + elev + BB + DD",-0.223004217617907,0.704899954242416,0.80011147539807
459,"Sambar deer","SBR",3,"ndvi_cv + elev + BB + DD",-0.298413333216384,0.711414492507617,0.741994610677308
460,"Sambar deer","SBR",3,"ndvi_cv + elev + BB + DD",-0.331196010490638,0.712974535676387,0.718064459675589
461,"Sambar deer","SBR",3,"ndvi_cv + elev + BB + DD",-0.312804373767079,0.729439067657732,0.731392978237785
462,"Sambar deer","SBR",3,"ndvi_cv + elev + BB + DD",-0.352315689384402,0.779663611068766,0.703058156854886
463,"Sambar deer","SBR",3,"ndvi_cv + elev + BB + DD",-0.337403850280785,0.895988463367267,0.713620593159675
464,"Sambar deer","SBR",3,"ndvi_cv + elev + BB + DD",-0.0323476786328284,0.88310548365107,0.968169918484638
465,"Sambar deer","SBR",3,"ndvi_cv + elev + BB + DD",0.0104638848082487,0.756487904291319,1.01051882678578
466,"Sambar deer","SBR",3,"ndvi_cv + elev + BB + DD",0.0451556377514945,0.706334500650482,1.04619067458075
467,"Sambar deer","SBR",3,"ndvi_cv + elev + BB + DD",0.0616387717801176,0.692845679912564,1.06357808109983
468,"Sambar deer","SBR",3,"ndvi_cv + elev + BB + DD",0.053872649972802,0.696159884436219,1.05535019533275
469,"Sambar deer","SBR",3,"ndvi_cv + elev + BB + DD",0.0815875146414893,0.672593228104746,1.08500817191245
470,"Sambar deer","SBR",3,"ndvi_cv + elev + BB + DD",0.0697575103949387,0.675870086919965,1.07224814075821
471,"Sambar deer","SBR",3,"ndvi_cv + elev + BB + DD",0.0713162865474801,0.672418376092217,1.07392084114877
472,"Sambar deer","SBR",3,"ndvi_cv + elev + BB + DD",0.104763847408498,0.675175538317065,1.11044835327007
473,"Sambar deer","SBR",3,"ndvi_cv + elev + BB + DD",0.124387704451188,0.693037718680846,1.132454857705
474,"Sambar deer","SBR",3,"ndvi_cv + elev + BB + DD",0.128522203248574,0.690236915765651,1.13714666937667
475,"Sambar deer","SBR",3,"ndvi_cv + elev + BB + DD",0.129237011286929,0.678799770868191,1.13795980169939
476,"Sambar deer","SBR",3,"ndvi_cv + elev + BB + DD",0.141514227669388,0.660900579344172,1.15201689706933
477,"Sambar deer","SBR",3,"ndvi_cv + elev + BB + DD",0.129140138976763,0.660156593716942,1.13784957169468
478,"Sambar deer","SBR",3,"ndvi_cv + elev + BB + DD",0.138851069684863,0.644168726112661,1.14895298314729
479,"Sambar deer","SBR",3,"ndvi_cv + elev + BB + DD",0.135509456740529,0.628100031117257,1.14512002663382
480,"Sambar deer","SBR",3,"ndvi_cv + elev + BB + DD",0.174338273078037,0.62157426765337,1.19045820027755
481,"Sambar deer","SBR",3,"ndvi_cv + elev + BB + DD",0.284831844748232,0.536714467255678,1.32953844324702
482,"Sambar deer","SBR",3,"ndvi_cv + elev + BB + DD",0.244551237115901,0.581616616366904,1.27704809598787
483,"Sambar deer","SBR",3,"ndvi_cv + elev + BB + DD",0.125012112627093,0.630728611485657,1.13316217973288
484,"Sambar deer","SBR",3,"ndvi_cv + elev + BB + DD",-0.0050064467634592,0.648803907225284,0.995006064604986
485,"Sambar deer","SBR",3,"ndvi_cv + elev + BB + DD",-0.0910172118933327,0.689288738926362,0.9130019968703
486,"Sambar deer","SBR",3,"ndvi_cv + elev + BB + DD",-0.156038575529753,0.682130327882298,0.855526187699931
487,"Sambar deer","SBR",3,"ndvi_cv + elev + BB + DD",-0.270519875571817,0.688011980354515,0.76298273528725
488,"Sambar deer","SBR",3,"ndvi_cv + elev + BB + DD",-0.370537316201379,0.681132172742418,0.690363287586507
489,"Sambar deer","SBR",3,"ndvi_cv + elev + BB + DD",-0.363019034037955,0.700439868315939,0.695573193842111
490,"Sambar deer","SBR",3,"ndvi_cv + elev + BB + DD",-0.360454305078991,0.710617232636783,0.697359464966578
491,"Sambar deer","SBR",3,"ndvi_cv + elev + BB + DD",-0.380464262314964,0.761766019092006,0.683543992781015
492,"Sambar deer","SBR",3,"ndvi_cv + elev + BB + DD",-0.371677573935418,0.885712805818063,0.689576544979794
493,"Sambar deer","SBR",3,"ndvi_cv + elev + BB + DD",0.0101297668964725,0.99007595671863,1.01018124869326
494,"Sambar deer","SBR",3,"ndvi_cv + elev + BB + DD",0.00579443802229361,0.82164117460219,1.00581127630287
495,"Sambar deer","SBR",3,"ndvi_cv + elev + BB + DD",0.0477199308734401,0.749141897988941,1.04887685636076
496,"Sambar deer","SBR",3,"ndvi_cv + elev + BB + DD",0.0381897475676528,0.70117529175722,1.03892834853866
497,"Sambar deer","SBR",3,"ndvi_cv + elev + BB + DD",0.070272733160519,0.692390849485335,1.07280073039894
498,"Sambar deer","SBR",3,"ndvi_cv + elev + BB + DD",0.0749202615648608,0.684122430320371,1.07779820551896
499,"Sambar deer","SBR",3,"ndvi_cv + elev + BB + DD",0.0929091196501342,0.684297898967452,1.0973620031184
500,"Sambar deer","SBR",3,"ndvi_cv + elev + BB + DD",0.0741152916732174,0.672768832684744,1.0769309595123
501,"Sambar deer","SBR",3,"ndvi_cv + elev + BB + DD",0.11390017441567,0.664293947222521,1.12064025090467
502,"Sambar deer","SBR",3,"ndvi_cv + elev + BB + DD",0.122857784907491,0.681875543723248,1.13072360358868
503,"Sambar deer","SBR",3,"ndvi_cv + elev + BB + DD",0.126743342582217,0.681429316090256,1.13512564317241
504,"Sambar deer","SBR",3,"ndvi_cv + elev + BB + DD",0.129287648968218,0.683040102161959,1.13801743439237
505,"Sambar deer","SBR",3,"ndvi_cv + elev + BB + DD",0.125431940502254,0.697693685605961,1.13363801634724
506,"Sambar deer","SBR",3,"ndvi_cv + elev + BB + DD",0.106272835321315,0.666151336018391,1.11212529319764
507,"Sambar deer","SBR",3,"ndvi_cv + elev + BB + DD",0.0952048405524963,0.647781856431246,1.09988413302952
508,"Sambar deer","SBR",3,"ndvi_cv + elev + BB + DD",0.128627952031953,0.645979818505605,1.13726692798057
509,"Sambar deer","SBR",3,"ndvi_cv + elev + BB + DD",0.114979525941511,0.624506919716033,1.12185046940771
510,"Sambar deer","SBR",3,"ndvi_cv + elev + BB + DD",0.15651134661382,0.613393175994951,1.16942403408684
511,"Sambar deer","SBR",3,"ndvi_cv + elev + BB + DD",0.246425527501472,0.560505902613541,1.27944389761481
512,"Sambar deer","SBR",3,"ndvi_cv + elev + BB + DD",0.313176338161205,0.491284908067376,1.36776271825025
513,"Sambar deer","SBR",3,"ndvi_cv + elev + BB + DD",0.108728274514706,0.632208095870641,1.11485937463234
514,"Sambar deer","SBR",3,"ndvi_cv + elev + BB + DD",-0.000874931734359271,0.659607031649657,0.999125450906978
515,"Sambar deer","SBR",3,"ndvi_cv + elev + BB + DD",-0.0883646896613156,0.67548653166856,0.915426969608903
516,"Sambar deer","SBR",3,"ndvi_cv + elev + BB + DD",-0.164440195008953,0.669121665707727,0.848368561771367
517,"Sambar deer","SBR",3,"ndvi_cv + elev + BB + DD",-0.263966342698925,0.688979741516068,0.76799938843826
518,"Sambar deer","SBR",3,"ndvi_cv + elev + BB + DD",-0.356223796208,0.686646168161434,0.700315879740676
519,"Sambar deer","SBR",3,"ndvi_cv + elev + BB + DD",-0.397002848271326,0.692162467710927,0.672332127784522
520,"Sambar deer","SBR",3,"ndvi_cv + elev + BB + DD",-0.39622519673118,0.719473396547917,0.672855154549107
521,"Sambar deer","SBR",3,"ndvi_cv + elev + BB + DD",-0.412792392158047,0.765539813325706,0.661799670932198
522,"Sambar deer","SBR",3,"ndvi_cv + elev + BB + DD",-0.426847548293362,0.882034522756354,0.65256302900985
523,"Sambar deer","SBR",3,"ndvi_cv + elev + BB + DD",0.0121213527795863,0.947963605891634,1.01219511426746
524,"Sambar deer","SBR",3,"ndvi_cv + elev + BB + DD",0.0190765638776757,0.81477722176681,1.01925968448525
525,"Sambar deer","SBR",3,"ndvi_cv + elev + BB + DD",0.00878777674621159,0.752392930288344,1.00882650269355
526,"Sambar deer","SBR",3,"ndvi_cv + elev + BB + DD",0.0561047075339733,0.719277196807061,1.05770842908609
527,"Sambar deer","SBR",3,"ndvi_cv + elev + BB + DD",0.0680924269498221,0.705850791855076,1.07046424467622
528,"Sambar deer","SBR",3,"ndvi_cv + elev + BB + DD",0.0929908390071172,0.693598557098057,1.09745168393731
529,"Sambar deer","SBR",3,"ndvi_cv + elev + BB + DD",0.0760769109821147,0.677030592129629,1.07904556171954
530,"Sambar deer","SBR",3,"ndvi_cv + elev + BB + DD",0.105300348419763,0.666415747353182,1.11104426112227
531,"Sambar deer","SBR",3,"ndvi_cv + elev + BB + DD",0.095215705454252,0.672159509468913,1.09989608315083
532,"Sambar deer","SBR",3,"ndvi_cv + elev + BB + DD",0.082867417294669,0.673386697253386,1.08639776154285
533,"Sambar deer","SBR",3,"ndvi_cv + elev + BB + DD",0.113972480490542,0.679091189960192,1.12072128510131
534,"Sambar deer","SBR",3,"ndvi_cv + elev + BB + DD",0.109426157755433,0.701365548121675,1.11563768884967
535,"Sambar deer","SBR",3,"ndvi_cv + elev + BB + DD",0.101973646403299,0.690802797627629,1.1073542885757
536,"Sambar deer","SBR",3,"ndvi_cv + elev + BB + DD",0.0901262355707129,0.691600680466288,1.09431241983028
537,"Sambar deer","SBR",3,"ndvi_cv + elev + BB + DD",0.087339280781841,0.666236181321838,1.09126686437118
538,"Sambar deer","SBR",3,"ndvi_cv + elev + BB + DD",0.0726857514395434,0.645057945047834,1.07539255172699
539,"Sambar deer","SBR",3,"ndvi_cv + elev + BB + DD",0.0713512616334993,0.637457798340768,1.07395841852027
540,"Sambar deer","SBR",3,"ndvi_cv + elev + BB + DD",0.100573382329433,0.630021899329989,1.10580478595072
541,"Sambar deer","SBR",3,"ndvi_cv + elev + BB + DD",0.119594038157588,0.628478467592502,1.12703922933551
542,"Sambar deer","SBR",3,"ndvi_cv + elev + BB + DD",0.0988616061017295,0.625886911876285,1.10391352020926
543,"Sambar deer","SBR",3,"ndvi_cv + elev + BB + DD",0.0256229005056673,0.656385197489656,1.02595399098237
544,"Sambar deer","SBR",3,"ndvi_cv + elev + BB + DD",-0.0228488563090746,0.675637392414646,0.977410202085514
545,"Sambar deer","SBR",3,"ndvi_cv + elev + BB + DD",-0.119186535498305,0.663951847533981,0.887642210810945
546,"Sambar deer","SBR",3,"ndvi_cv + elev + BB + DD",-0.19023742287948,0.669075904160097,0.826762819137217
547,"Sambar deer","SBR",3,"ndvi_cv + elev + BB + DD",-0.28818437226378,0.681471823160133,0.749623376784074
548,"Sambar deer","SBR",3,"ndvi_cv + elev + BB + DD",-0.353573734821783,0.711422028647034,0.702174215996918
549,"Sambar deer","SBR",3,"ndvi_cv + elev + BB + DD",-0.380129557975623,0.706102290460977,0.683772815972074
550,"Sambar deer","SBR",3,"ndvi_cv + elev + BB + DD",-0.413780394618662,0.740245354860901,0.661146128440756
551,"Sambar deer","SBR",3,"ndvi_cv + elev + BB + DD",-0.409901201173008,0.785139840064857,0.663715822654712
552,"Sambar deer","SBR",3,"ndvi_cv + elev + BB + DD",-0.412924839957295,0.884668309492654,0.661712016059637
553,"Sambar deer","SBR",3,"ndvi_cv + elev + BB + DD",0.00581190878844746,0.987967114166527,1.00582884988907
554,"Sambar deer","SBR",3,"ndvi_cv + elev + BB + DD",-0.00282389357294073,0.85277102055572,0.997180096524064
555,"Sambar deer","SBR",3,"ndvi_cv + elev + BB + DD",0.0243909395118117,0.770940092321363,1.02469083173069
556,"Sambar deer","SBR",3,"ndvi_cv + elev + BB + DD",0.0146773541239256,0.727017079062777,1.01478559568142
557,"Sambar deer","SBR",3,"ndvi_cv + elev + BB + DD",0.0490537630728708,0.71107156547856,1.05027682899032
558,"Sambar deer","SBR",3,"ndvi_cv + elev + BB + DD",0.0705798613977951,0.673986580748002,1.07313027640785
559,"Sambar deer","SBR",3,"ndvi_cv + elev + BB + DD",0.0960820419209203,0.688563882457539,1.10084937736951
560,"Sambar deer","SBR",3,"ndvi_cv + elev + BB + DD",0.0816079641361586,0.66862614402281,1.08503035636567
561,"Sambar deer","SBR",3,"ndvi_cv + elev + BB + DD",0.100419978909791,0.678507902019089,1.10563516529642
562,"Sambar deer","SBR",3,"ndvi_cv + elev + BB + DD",0.101237722353318,0.666136307914024,1.10653966004872
563,"Sambar deer","SBR",3,"ndvi_cv + elev + BB + DD",0.0615148601944025,0.682368272444819,1.06344630110904
564,"Sambar deer","SBR",3,"ndvi_cv + elev + BB + DD",0.0971561097428574,0.689837124225248,1.10203240138315
565,"Sambar deer","SBR",3,"ndvi_cv + elev + BB + DD",0.0920894651617973,0.706166219243951,1.09646291461515
566,"Sambar deer","SBR",3,"ndvi_cv + elev + BB + DD",0.0570898897170431,0.700396979719321,1.05875098129039
567,"Sambar deer","SBR",3,"ndvi_cv + elev + BB + DD",0.0285016102022728,0.68205488245921,1.02891167006234
568,"Sambar deer","SBR",3,"ndvi_cv + elev + BB + DD",0.0390053704199705,0.66004351474388,1.03977606843618
569,"Sambar deer","SBR",3,"ndvi_cv + elev + BB + DD",0.0436026960936185,0.647084212151878,1.04456726492121
570,"Sambar deer","SBR",3,"ndvi_cv + elev + BB + DD",0.0129469497315127,0.641981205917191,1.01303112616993
571,"Sambar deer","SBR",3,"ndvi_cv + elev + BB + DD",0.00659251081489467,0.64578583361157,1.00661428925433
572,"Sambar deer","SBR",3,"ndvi_cv + elev + BB + DD",-0.00258406835919183,0.651820563332006,0.997419267493526
573,"Sambar deer","SBR",3,"ndvi_cv + elev + BB + DD",-0.0341284357610801,0.678759304401895,0.966447370772029
574,"Sambar deer","SBR",3,"ndvi_cv + elev + BB + DD",-0.0835613252877238,0.693719147679616,0.919834678396764
575,"Sambar deer","SBR",3,"ndvi_cv + elev + BB + DD",-0.155074336766339,0.670682545351677,0.856351518380134
576,"Sambar deer","SBR",3,"ndvi_cv + elev + BB + DD",-0.232517710435014,0.673963925531399,0.79253571397294
577,"Sambar deer","SBR",3,"ndvi_cv + elev + BB + DD",-0.307400629610473,0.688552475418258,0.735355936839884
578,"Sambar deer","SBR",3,"ndvi_cv + elev + BB + DD",-0.337094442066364,0.687661190884566,0.713841434212269
579,"Sambar deer","SBR",3,"ndvi_cv + elev + BB + DD",-0.383401123470908,0.698870275431414,0.681539463360091
580,"Sambar deer","SBR",3,"ndvi_cv + elev + BB + DD",-0.399692134713932,0.739091698746415,0.670526481222747
581,"Sambar deer","SBR",3,"ndvi_cv + elev + BB + DD",-0.429636003775141,0.785465780607071,0.650745930337516
582,"Sambar deer","SBR",3,"ndvi_cv + elev + BB + DD",-0.442724711538552,0.834132897799418,0.642283997279133
583,"Sambar deer","SBR",3,"ndvi_cv + elev + BB + DD",0.0197507898607167,0.918344777096914,1.01994712863352
584,"Sambar deer","SBR",3,"ndvi_cv + elev + BB + DD",0.026063451177752,0.782093125801906,1.02640607328032
585,"Sambar deer","SBR",3,"ndvi_cv + elev + BB + DD",0.0368033687949208,0.74756194098598,1.03748900222957
586,"Sambar deer","SBR",3,"ndvi_cv + elev + BB + DD",0.0561492720513093,0.729160354655438,1.05775557306954
587,"Sambar deer","SBR",3,"ndvi_cv + elev + BB + DD",0.0596936036187349,0.712433092896626,1.06151125401611
588,"Sambar deer","SBR",3,"ndvi_cv + elev + BB + DD",0.0772670200484412,0.690613733112406,1.08033050795306
589,"Sambar deer","SBR",3,"ndvi_cv + elev + BB + DD",0.0836427874992557,0.706256710935579,1.08724046224314
590,"Sambar deer","SBR",3,"ndvi_cv + elev + BB + DD",0.0926586717485334,0.692743370401467,1.09708720501383
591,"Sambar deer","SBR",3,"ndvi_cv + elev + BB + DD",0.060974590332907,0.685559421223225,1.06287190707814
592,"Sambar deer","SBR",3,"ndvi_cv + elev + BB + DD",0.0435038092406563,0.687004980487891,1.04446397309329
593,"Sambar deer","SBR",3,"ndvi_cv + elev + BB + DD",0.04790500182498,0.705501747172976,1.0490709908405
594,"Sambar deer","SBR",3,"ndvi_cv + elev + BB + DD",0.0628339266415134,0.697051941693875,1.06485000181144
595,"Sambar deer","SBR",3,"ndvi_cv + elev + BB + DD",0.0211251079800073,0.699533392189144,1.02134983428222
596,"Sambar deer","SBR",3,"ndvi_cv + elev + BB + DD",0.0156726696422388,0.702746512151808,1.01579614054462
597,"Sambar deer","SBR",3,"ndvi_cv + elev + BB + DD",-0.0418293655135206,0.678815834977124,0.959033413005425
598,"Sambar deer","SBR",3,"ndvi_cv + elev + BB + DD",-0.0663690799866688,0.670855721275049,0.93578545543701
599,"Sambar deer","SBR",3,"ndvi_cv + elev + BB + DD",-0.0624207205916522,0.662226054389282,0.939487541926011
600,"Sambar deer","SBR",3,"ndvi_cv + elev + BB + DD",-0.0425406888726682,0.6739443570124,0.958351471681137
601,"Sambar deer","SBR",3,"ndvi_cv + elev + BB + DD",-0.0776652814593917,0.667666857951634,0.925274082938566
602,"Sambar deer","SBR",3,"ndvi_cv + elev + BB + DD",-0.132618495137651,0.683721404630258,0.875799150728503
603,"Sambar deer","SBR",3,"ndvi_cv + elev + BB + DD",-0.143548158700051,0.689020045952191,0.866279080545268
604,"Sambar deer","SBR",3,"ndvi_cv + elev + BB + DD",-0.214368812322906,0.676552136841825,0.807050692513567
605,"Sambar deer","SBR",3,"ndvi_cv + elev + BB + DD",-0.2675867623947,0.676732113367461,0.765223936297104
606,"Sambar deer","SBR",3,"ndvi_cv + elev + BB + DD",-0.335668646971143,0.695566819209091,0.714859938639619
607,"Sambar deer","SBR",3,"ndvi_cv + elev + BB + DD",-0.362471453760522,0.697884843168392,0.695954182284235
608,"Sambar deer","SBR",3,"ndvi_cv + elev + BB + DD",-0.362435290618913,0.726225054488101,0.695979349656355
609,"Sambar deer","SBR",3,"ndvi_cv + elev + BB + DD",-0.414234059682037,0.7154080994112,0.66084628083604
610,"Sambar deer","SBR",3,"ndvi_cv + elev + BB + DD",-0.432572245641182,0.755188878385912,0.648837976055351
611,"Sambar deer","SBR",3,"ndvi_cv + elev + BB + DD",-0.466619929368851,0.814407145574812,0.627118418748016
612,"Sambar deer","SBR",3,"ndvi_cv + elev + BB + DD",-0.51005542206717,0.842022259933374,0.600462326826624
613,"Sambar deer","SBR",3,"ndvi_cv + elev + BB + DD",-0.584675173901014,0.935213032539306,0.557286882871652
614,"Sambar deer","SBR",3,"ndvi_cv + elev + BB + DD",-0.582734842998838,0.919645598502193,0.558369225788577
615,"Sambar deer","SBR",3,"ndvi_cv + elev + BB + DD",-0.611384189214193,0.914506141008765,0.542599299052505
616,"Sambar deer","SBR",3,"ndvi_cv + elev + BB + DD",-0.617896203014167,0.997248984611574,0.539077356525725
617,"Sambar deer","SBR",3,"ndvi_cv + elev + BB + DD",-0.0139847209999213,0.812473156701024,0.986112611447884
618,"Sambar deer","SBR",3,"ndvi_cv + elev + BB + DD",0.025172376127233,0.774023775109218,1.02549187612108
619,"Sambar deer","SBR",3,"ndvi_cv + elev + BB + DD",0.0293286371844001,0.753569075384606,1.02976295750049
620,"Sambar deer","SBR",3,"ndvi_cv + elev + BB + DD",0.0309872793569859,0.748420093059137,1.03147238322546
621,"Sambar deer","SBR",3,"ndvi_cv + elev + BB + DD",0.0479043714157515,0.706012687493624,1.04907032973698
622,"Sambar deer","SBR",3,"ndvi_cv + elev + BB + DD",0.038083535866296,0.710817775570347,1.03881800920164
623,"Sambar deer","SBR",3,"ndvi_cv + elev + BB + DD",0.0533903504824517,0.714892263004981,1.05484132265571
624,"Sambar deer","SBR",3,"ndvi_cv + elev + BB + DD",0.0531112234345506,0.697938298424898,1.05454693562802
625,"Sambar deer","SBR",3,"ndvi_cv + elev + BB + DD",0.0121901967864014,0.712401749158434,1.01226480376969
626,"Sambar deer","SBR",3,"ndvi_cv + elev + BB + DD",-0.0198881931079972,0.716474625021306,0.980308310238205
627,"Sambar deer","SBR",3,"ndvi_cv + elev + BB + DD",0.0186776155532931,0.720996393419144,1.01885313375063
628,"Sambar deer","SBR",3,"ndvi_cv + elev + BB + DD",-0.0212526194345133,0.705354899505147,0.978971632505332
629,"Sambar deer","SBR",3,"ndvi_cv + elev + BB + DD",-0.0610247691155573,0.694085026260597,0.940799937065592
630,"Sambar deer","SBR",3,"ndvi_cv + elev + BB + DD",-0.0903086647277272,0.682634066102204,0.913649131345396
631,"Sambar deer","SBR",3,"ndvi_cv + elev + BB + DD",-0.103801344659977,0.679836787546964,0.901404348552527
632,"Sambar deer","SBR",3,"ndvi_cv + elev + BB + DD",-0.139424208532525,0.656624879882138,0.869858948593085
633,"Sambar deer","SBR",3,"ndvi_cv + elev + BB + DD",-0.157988970369532,0.640341043558,0.853859199905521
634,"Sambar deer","SBR",3,"ndvi_cv + elev + BB + DD",-0.185773485104274,0.666768348844684,0.830461686059798
635,"Sambar deer","SBR",3,"ndvi_cv + elev + BB + DD",-0.186997496825439,0.682010877403401,0.829445813122402
636,"Sambar deer","SBR",3,"ndvi_cv + elev + BB + DD",-0.238250767925954,0.680175085549681,0.788005069598337
637,"Sambar deer","SBR",3,"ndvi_cv + elev + BB + DD",-0.235108162424694,0.673527792379786,0.790485347391478
638,"Sambar deer","SBR",3,"ndvi_cv + elev + BB + DD",-0.346111093969648,0.683128932211502,0.7074338911103
639,"Sambar deer","SBR",3,"ndvi_cv + elev + BB + DD",-0.384502258666569,0.679578113854812,0.680789410711603
640,"Sambar deer","SBR",3,"ndvi_cv + elev + BB + DD",-0.402888778801637,0.705527477517715,0.66838643394392
641,"Sambar deer","SBR",3,"ndvi_cv + elev + BB + DD",-0.424097311030671,0.701772291258583,0.65436020319552
642,"Sambar deer","SBR",3,"ndvi_cv + elev + BB + DD",-0.437937484257301,0.712687330231856,0.64536613556315
643,"Sambar deer","SBR",3,"ndvi_cv + elev + BB + DD",-0.447507128804248,0.729567441312719,0.639219660864413
644,"Sambar deer","SBR",3,"ndvi_cv + elev + BB + DD",-0.474046959084047,0.755861410196184,0.622478021617933
645,"Sambar deer","SBR",3,"ndvi_cv + elev + BB + DD",-0.506715299256228,0.808428384643314,0.602471272807893
646,"Sambar deer","SBR",3,"ndvi_cv + elev + BB + DD",-0.56331653844711,0.822469629179091,0.569317765569946
647,"Sambar deer","SBR",3,"ndvi_cv + elev + BB + DD",-0.578288138001259,0.812823269662248,0.560857656155532
648,"Sambar deer","SBR",3,"ndvi_cv + elev + BB + DD",-0.59238842553617,0.825435460909103,0.553004895271294
649,"Sambar deer","SBR",3,"ndvi_cv + elev + BB + DD",-0.618667892983162,0.851584007160573,0.538661515167804
650,"Sambar deer","SBR",3,"ndvi_cv + elev + BB + DD",-0.6357854337718,0.861606838728028,0.529519424037024
651,"Sambar deer","SBR",3,"ndvi_cv + elev + BB + DD",-0.618049842830638,0.899352626864797,0.538994537692007
652,"Sambar deer","SBR",3,"ndvi_cv + elev + BB + DD",-0.589853516494559,0.938522277261558,0.554408491306552
653,"Sambar deer","SBR",3,"ndvi_cv + elev + BB + DD",-0.602320714643526,0.979279402296477,0.54753948805848
654,"Sambar deer","SBR",3,"ndvi_cv + elev + BB + DD",-0.59395888645163,1.13109807852837,0.552137106617716
655,"Sambar deer","SBR",3,"ndvi_cv + elev + BB + DD",-0.0254540816205141,0.907925798925963,0.974867143155707
656,"Sambar deer","SBR",3,"ndvi_cv + elev + BB + DD",-0.0369149041274162,0.795501516985824,0.963758143931425
657,"Sambar deer","SBR",3,"ndvi_cv + elev + BB + DD",0.00710242624769648,0.775158643972628,1.0071277090113
658,"Sambar deer","SBR",3,"ndvi_cv + elev + BB + DD",0.0239654379410091,0.757902672345191,1.02425494899324
659,"Sambar deer","SBR",3,"ndvi_cv + elev + BB + DD",0.0143127201061886,0.739200174099746,1.0144156375101
660,"Sambar deer","SBR",3,"ndvi_cv + elev + BB + DD",0.0135704154872628,0.732167067156179,1.01366304913022
661,"Sambar deer","SBR",3,"ndvi_cv + elev + BB + DD",0.0168498394448165,0.724849388904496,1.01699259904678
662,"Sambar deer","SBR",3,"ndvi_cv + elev + BB + DD",0.011316721679595,0.718393799295854,1.01138105413042
663,"Sambar deer","SBR",3,"ndvi_cv + elev + BB + DD",-0.0138014046428681,0.725677569874699,0.986293410339214
664,"Sambar deer","SBR",3,"ndvi_cv + elev + BB + DD",-0.0226732010839931,0.723204080124787,0.97758190726394
665,"Sambar deer","SBR",3,"ndvi_cv + elev + BB + DD",-0.0303837308355385,0.738521083184198,0.97007321545456
666,"Sambar deer","SBR",3,"ndvi_cv + elev + BB + DD",-0.0623215217947594,0.711119432780436,0.939580743571478
667,"Sambar deer","SBR",3,"ndvi_cv + elev + BB + DD",-0.0945373903179764,0.710593315000738,0.909793726260546
668,"Sambar deer","SBR",3,"ndvi_cv + elev + BB + DD",-0.132208287279222,0.704358562986498,0.876158483609859
669,"Sambar deer","SBR",3,"ndvi_cv + elev + BB + DD",-0.155807601117226,0.66255628264171,0.855723815845722
670,"Sambar deer","SBR",3,"ndvi_cv + elev + BB + DD",-0.203734990265081,0.632254974148442,0.815678518401934
671,"Sambar deer","SBR",3,"ndvi_cv + elev + BB + DD",-0.286831303529572,0.476411939684644,0.750638349079608
672,"Sambar deer","SBR",3,"ndvi_cv + elev + BB + DD",-0.245234241302355,0.64705140393125,0.782521218612844
673,"Sambar deer","SBR",3,"ndvi_cv + elev + BB + DD",-0.241481669835889,0.66702402669958,0.785463210117258
674,"Sambar deer","SBR",3,"ndvi_cv + elev + BB + DD",-0.261271815785586,0.673966610075179,0.770071574374526
675,"Sambar deer","SBR",3,"ndvi_cv + elev + BB + DD",-0.307657562244457,0.690893153335405,0.735167026842578
676,"Sambar deer","SBR",3,"ndvi_cv + elev + BB + DD",-0.410225903408583,0.677868944382115,0.663500346408142
677,"Sambar deer","SBR",3,"ndvi_cv + elev + BB + DD",-0.484559597894939,0.64937922114272,0.615968412256322
678,"Sambar deer","SBR",3,"ndvi_cv + elev + BB + DD",-0.483029447342923,0.665569937752384,0.616911659756404
679,"Sambar deer","SBR",3,"ndvi_cv + elev + BB + DD",-0.460132917036015,0.684597044880865,0.631199743448021
680,"Sambar deer","SBR",3,"ndvi_cv + elev + BB + DD",-0.455329819949386,0.695312108503556,0.634238749872597
681,"Sambar deer","SBR",3,"ndvi_cv + elev + BB + DD",-0.487119832869527,0.719673695929409,0.614393404520416
682,"Sambar deer","SBR",3,"ndvi_cv + elev + BB + DD",-0.495820837186043,0.737766712671401,0.609070823377327
683,"Sambar deer","SBR",3,"ndvi_cv + elev + BB + DD",-0.515857603511428,0.776674246431083,0.59698839568546
684,"Sambar deer","SBR",3,"ndvi_cv + elev + BB + DD",-0.534348610843592,0.789866498700317,0.586050913099558
685,"Sambar deer","SBR",3,"ndvi_cv + elev + BB + DD",-0.56676838194585,0.781462717811086,0.567355957182116
686,"Sambar deer","SBR",3,"ndvi_cv + elev + BB + DD",-0.580907950370214,0.782704018036798,0.559390237559159
687,"Sambar deer","SBR",3,"ndvi_cv + elev + BB + DD",-0.611576316543267,0.793812948610518,0.542495051294698
688,"Sambar deer","SBR",3,"ndvi_cv + elev + BB + DD",-0.629968782699201,0.805317159351614,0.532608429051715
689,"Sambar deer","SBR",3,"ndvi_cv + elev + BB + DD",-0.633087777075779,0.824496685262374,0.53094981406805
690,"Sambar deer","SBR",3,"ndvi_cv + elev + BB + DD",-0.585088453290137,0.833887942503288,0.557056586462277
691,"Sambar deer","SBR",3,"ndvi_cv + elev + BB + DD",-0.603894185676651,0.872886127068879,0.546678626232896
692,"Sambar deer","SBR",3,"ndvi_cv + elev + BB + DD",-0.59883191677921,0.959315661124937,0.549453072957651
693,"Sambar deer","SBR",3,"ndvi_cv + elev + BB + DD",-0.0357089477594096,0.939270944603096,0.964921097591898
694,"Sambar deer","SBR",3,"ndvi_cv + elev + BB + DD",-0.0228613925085673,0.831334138825285,0.977397954464541
695,"Sambar deer","SBR",3,"ndvi_cv + elev + BB + DD",0.00284587798192455,0.79849396998976,1.00284993145867
696,"Sambar deer","SBR",3,"ndvi_cv + elev + BB + DD",-0.0212029647295348,0.774690335194687,0.97902024177626
697,"Sambar deer","SBR",3,"ndvi_cv + elev + BB + DD",0.00709501579057468,0.753987799513494,1.00712024526807
698,"Sambar deer","SBR",3,"ndvi_cv + elev + BB + DD",-0.0116318340290682,0.739562800353753,0.988435555504529
699,"Sambar deer","SBR",3,"ndvi_cv + elev + BB + DD",-9.1908311453156e-05,0.723931464772654,0.999908097077075
700,"Sambar deer","SBR",3,"ndvi_cv + elev + BB + DD",-0.0237870638392424,0.732941157327954,0.976493618450434
701,"Sambar deer","SBR",3,"ndvi_cv + elev + BB + DD",-0.0102482511618009,0.730852124390601,0.98980408336542
702,"Sambar deer","SBR",3,"ndvi_cv + elev + BB + DD",-0.0530445549852387,0.726189222903736,0.948337758376834
703,"Sambar deer","SBR",3,"ndvi_cv + elev + BB + DD",-0.074639943733211,0.73848545216252,0.928077586859616
704,"Sambar deer","SBR",3,"ndvi_cv + elev + BB + DD",-0.0868388834310078,0.715676343214144,0.91682480387514
705,"Sambar deer","SBR",3,"ndvi_cv + elev + BB + DD",-0.0993906126273012,0.723360283062067,0.905388982592827
706,"Sambar deer","SBR",3,"ndvi_cv + elev + BB + DD",-0.153004509232192,0.701506095955563,0.858125853248145
707,"Sambar deer","SBR",3,"ndvi_cv + elev + BB + DD",-0.2081222317714,0.684667888232192,0.81210776751216
708,"Sambar deer","SBR",3,"ndvi_cv + elev + BB + DD",-0.253952862776843,0.637335876895956,0.775728369376398
709,"Sambar deer","SBR",3,"ndvi_cv + elev + BB + DD",-0.29831018401105,0.522700877019694,0.742071131564971
710,"Sambar deer","SBR",3,"ndvi_cv + elev + BB + DD",-0.28009827051275,0.62145403917478,0.755709474464024
711,"Sambar deer","SBR",3,"ndvi_cv + elev + BB + DD",-0.296111609842087,0.660416508276122,0.74370441865834
712,"Sambar deer","SBR",3,"ndvi_cv + elev + BB + DD",-0.306505131397831,0.682444880619792,0.736014742251869
713,"Sambar deer","SBR",3,"ndvi_cv + elev + BB + DD",-0.318094203264212,0.684854566949974,0.727534256817182
714,"Sambar deer","SBR",3,"ndvi_cv + elev + BB + DD",-0.436050314486055,0.670624667115437,0.646585192544549
715,"Sambar deer","SBR",3,"ndvi_cv + elev + BB + DD",-0.523840886066736,0.622580218804773,0.5922414421444
716,"Sambar deer","SBR",3,"ndvi_cv + elev + BB + DD",-0.512905630865428,0.654669869302133,0.598753292790366
717,"Sambar deer","SBR",3,"ndvi_cv + elev + BB + DD",-0.450552559621308,0.67657363617634,0.637275921632938
718,"Sambar deer","SBR",3,"ndvi_cv + elev + BB + DD",-0.468460996153636,0.686312468123294,0.625964891916503
719,"Sambar deer","SBR",3,"ndvi_cv + elev + BB + DD",-0.460382124518439,0.714385693750115,0.631042466024147
720,"Sambar deer","SBR",3,"ndvi_cv + elev + BB + DD",-0.48316558658791,0.724443443101488,0.616827687932607
721,"Sambar deer","SBR",3,"ndvi_cv + elev + BB + DD",-0.468440934912353,0.744449643618507,0.625977449820661
722,"Sambar deer","SBR",3,"ndvi_cv + elev + BB + DD",-0.524400279605089,0.744702936396109,0.591910238923053
723,"Sambar deer","SBR",3,"ndvi_cv + elev + BB + DD",-0.537994014254294,0.766546818024349,0.583918410331523
724,"Sambar deer","SBR",3,"ndvi_cv + elev + BB + DD",-0.59499061891523,0.75394932465219,0.551567740400017
725,"Sambar deer","SBR",3,"ndvi_cv + elev + BB + DD",-0.602347260842016,0.761385714684982,0.54752494523844
726,"Sambar deer","SBR",3,"ndvi_cv + elev + BB + DD",-0.625467751897098,0.797941866556922,0.535011130121395
727,"Sambar deer","SBR",3,"ndvi_cv + elev + BB + DD",-0.615625589920412,0.796886711968789,0.540302781797812
728,"Sambar deer","SBR",3,"ndvi_cv + elev + BB + DD",-0.575176156897742,0.798962110962559,0.562605753963147
729,"Sambar deer","SBR",3,"ndvi_cv + elev + BB + DD",-0.590792815440167,0.795347856873993,0.553887979679035
730,"Sambar deer","SBR",3,"ndvi_cv + elev + BB + DD",-0.561235465232262,0.847072690410246,0.570503790688743
731,"Sambar deer","SBR",3,"ndvi_cv + elev + BB + DD",-0.0532689225874006,0.982403882656085,0.948125010723584
732,"Sambar deer","SBR",3,"ndvi_cv + elev + BB + DD",-0.042495605534454,0.868864128831247,0.958394685119836
733,"Sambar deer","SBR",3,"ndvi_cv + elev + BB + DD",-0.032186008118495,0.803090636813792,0.968326449475967
734,"Sambar deer","SBR",3,"ndvi_cv + elev + BB + DD",-0.0221430226173151,0.788752059115408,0.978100344609134
735,"Sambar deer","SBR",3,"ndvi_cv + elev + BB + DD",-0.0272742688420846,0.762434591553666,0.973094315922332
736,"Sambar deer","SBR",3,"ndvi_cv + elev + BB + DD",-0.00548175770816481,0.744224857753247,0.994533239910847
737,"Sambar deer","SBR",3,"ndvi_cv + elev + BB + DD",-0.035645096251689,0.730873514784484,0.964982708780234
738,"Sambar deer","SBR",3,"ndvi_cv + elev + BB + DD",-0.0271419447922439,0.749042037195253,0.973223087879916
739,"Sambar deer","SBR",3,"ndvi_cv + elev + BB + DD",-0.0629393383987579,0.748057295476509,0.939000435515447
740,"Sambar deer","SBR",3,"ndvi_cv + elev + BB + DD",-0.0749955784759962,0.74134445314791,0.927747593164688
741,"Sambar deer","SBR",3,"ndvi_cv + elev + BB + DD",-0.0823043707197113,0.724690979025526,0.920991593252652
742,"Sambar deer","SBR",3,"ndvi_cv + elev + BB + DD",-0.091869124086086,0.722995788484967,0.912224534203542
743,"Sambar deer","SBR",3,"ndvi_cv + elev + BB + DD",-0.139240038655837,0.735320740367147,0.870019165431501
744,"Sambar deer","SBR",3,"ndvi_cv + elev + BB + DD",-0.190726621666709,0.712966392315241,0.82635847028858
745,"Sambar deer","SBR",3,"ndvi_cv + elev + BB + DD",-0.227763826548886,0.690841110517403,0.796312305454674
746,"Sambar deer","SBR",3,"ndvi_cv + elev + BB + DD",-0.260398650967212,0.648047044995839,0.770744269543765
747,"Sambar deer","SBR",3,"ndvi_cv + elev + BB + DD",-0.282209972727299,0.642297098659226,0.754115324561197
748,"Sambar deer","SBR",3,"ndvi_cv + elev + BB + DD",-0.274179803179794,0.647786103087743,0.760195377879585
749,"Sambar deer","SBR",3,"ndvi_cv + elev + BB + DD",-0.280539633173469,0.662369451433298,0.755376007654926
750,"Sambar deer","SBR",3,"ndvi_cv + elev + BB + DD",-0.325259039843379,0.681892000190712,0.722340214827947
751,"Sambar deer","SBR",3,"ndvi_cv + elev + BB + DD",-0.335110664102988,0.676748064453698,0.715258928587842
752,"Sambar deer","SBR",3,"ndvi_cv + elev + BB + DD",-0.396350680278615,0.662747452582099,0.672770729647719
753,"Sambar deer","SBR",3,"ndvi_cv + elev + BB + DD",-0.412380166821442,0.669154024960769,0.662072530219533
754,"Sambar deer","SBR",3,"ndvi_cv + elev + BB + DD",-0.436104183572257,0.678906822810717,0.646550362520004
755,"Sambar deer","SBR",3,"ndvi_cv + elev + BB + DD",-0.434772837737802,0.686328565457044,0.64741171790755
756,"Sambar deer","SBR",3,"ndvi_cv + elev + BB + DD",-0.437206972685419,0.709374294132602,0.645837747246513
757,"Sambar deer","SBR",3,"ndvi_cv + elev + BB + DD",-0.450041417698546,0.718210076092019,0.637601747979536
758,"Sambar deer","SBR",3,"ndvi_cv + elev + BB + DD",-0.471381539566481,0.720917047225633,0.624139406432832
759,"Sambar deer","SBR",3,"ndvi_cv + elev + BB + DD",-0.496304302284424,0.709470144641937,0.608776361992229
760,"Sambar deer","SBR",3,"ndvi_cv + elev + BB + DD",-0.512589194175983,0.730280590887702,0.598942791908103
761,"Sambar deer","SBR",3,"ndvi_cv + elev + BB + DD",-0.549390934169933,0.736709221331489,0.577301320163809
762,"Sambar deer","SBR",3,"ndvi_cv + elev + BB + DD",-0.590981730674169,0.735882866548233,0.553783351812855
763,"Sambar deer","SBR",3,"ndvi_cv + elev + BB + DD",-0.570447994204317,0.752594242103393,0.565272143910943
764,"Sambar deer","SBR",3,"ndvi_cv + elev + BB + DD",-0.604248377719515,0.75136652996604,0.546485023559335
765,"Sambar deer","SBR",3,"ndvi_cv + elev + BB + DD",-0.623612268384463,0.762935703733269,0.536004743691007
766,"Sambar deer","SBR",3,"ndvi_cv + elev + BB + DD",-0.599980871724654,0.763260166300482,0.54882216063272
767,"Sambar deer","SBR",3,"ndvi_cv + elev + BB + DD",-0.557643657742233,0.761457351579853,0.5725566161521
768,"Sambar deer","SBR",3,"ndvi_cv + elev + BB + DD",-0.562697718848367,0.78623318257632,0.569670179143063
769,"Sambar deer","SBR",3,"ndvi_cv + elev + BB + DD",-0.534815850884965,0.821675413579579,0.585777157335223
770,"Sambar deer","SBR",3,"ndvi_cv + elev + BB + DD",-0.490648973283204,0.906352505043279,0.612228945060667
771,"Sambar deer","SBR",3,"ndvi_cv + elev + BB + DD",-0.458835168156281,0.935996935238921,0.63201941326952
772,"Sambar deer","SBR",3,"ndvi_cv + elev + BB + DD",-0.46172849188568,0.984428400262591,0.630193419344468
773,"Sambar deer","SBR",3,"ndvi_cv + elev + BB + DD",-0.436201729914282,1.03892741207141,0.646487297554706
774,"Sambar deer","SBR",3,"ndvi_cv + elev + BB + DD",-0.4275472710504,1.12329728079245,0.652106643288446
775,"Sambar deer","SBR",3,"ndvi_cv + elev + BB + DD",-0.358709435970048,1.2882533186318,0.698577374611258
776,"Sambar deer","SBR",3,"ndvi_cv + elev + BB + DD",-0.0684736131043281,1.00032707717571,0.933818104207639
777,"Sambar deer","SBR",3,"ndvi_cv + elev + BB + DD",-0.0519197937491699,0.879307682415033,0.94940501218389
778,"Sambar deer","SBR",3,"ndvi_cv + elev + BB + DD",-0.0570240175798002,0.822098697468155,0.944571382838776
779,"Sambar deer","SBR",3,"ndvi_cv + elev + BB + DD",-0.0529257038327865,0.79733507423022,0.948450487906011
780,"Sambar deer","SBR",3,"ndvi_cv + elev + BB + DD",-0.0560713936991472,0.771418198559284,0.945471632924045
781,"Sambar deer","SBR",3,"ndvi_cv + elev + BB + DD",-0.0395522340314166,0.76512425928205,0.961219773295014
782,"Sambar deer","SBR",3,"ndvi_cv + elev + BB + DD",-0.0517043819542365,0.752551220603855,0.949609547449842
783,"Sambar deer","SBR",3,"ndvi_cv + elev + BB + DD",-0.0610005265129817,0.75965155192953,0.940822744426918
784,"Sambar deer","SBR",3,"ndvi_cv + elev + BB + DD",-0.0318879802661612,0.760489430145895,0.968615080102051
785,"Sambar deer","SBR",3,"ndvi_cv + elev + BB + DD",-0.106121744317362,0.735266127270747,0.899315155897461
786,"Sambar deer","SBR",3,"ndvi_cv + elev + BB + DD",-0.119701539227732,0.735738817199842,0.887185187196233
787,"Sambar deer","SBR",3,"ndvi_cv + elev + BB + DD",-0.133397696996148,0.717515887459961,0.875116994285456
788,"Sambar deer","SBR",3,"ndvi_cv + elev + BB + DD",-0.166686904957926,0.707936237381431,0.846464593762025
789,"Sambar deer","SBR",3,"ndvi_cv + elev + BB + DD",-0.213771914177966,0.696953530332638,0.807532557443627
790,"Sambar deer","SBR",3,"ndvi_cv + elev + BB + DD",-0.226983441344334,0.675651533494718,0.796933980863263
791,"Sambar deer","SBR",3,"ndvi_cv + elev + BB + DD",-0.272299014646777,0.667112014068182,0.76162649115311
792,"Sambar deer","SBR",3,"ndvi_cv + elev + BB + DD",-0.28744884805839,0.655685295906292,0.750174940429736
793,"Sambar deer","SBR",3,"ndvi_cv + elev + BB + DD",-0.299862635838267,0.660288672120598,0.740919997810762
794,"Sambar deer","SBR",3,"ndvi_cv + elev + BB + DD",-0.297433069726773,0.651401020752795,0.742722292529879
795,"Sambar deer","SBR",3,"ndvi_cv + elev + BB + DD",-0.332346025696761,0.663936263399401,0.717239097318697
796,"Sambar deer","SBR",3,"ndvi_cv + elev + BB + DD",-0.335193689282648,0.667142650027588,0.715199546571537
797,"Sambar deer","SBR",3,"ndvi_cv + elev + BB + DD",-0.353714838212305,0.68625532436314,0.702075189169829
798,"Sambar deer","SBR",3,"ndvi_cv + elev + BB + DD",-0.356732506695953,0.671267878981772,0.699959713190132
799,"Sambar deer","SBR",3,"ndvi_cv + elev + BB + DD",-0.351866510212329,0.697245966432261,0.70337400906357
800,"Sambar deer","SBR",3,"ndvi_cv + elev + BB + DD",-0.397730794369017,0.701884995146348,0.671842867529729
801,"Sambar deer","SBR",3,"ndvi_cv + elev + BB + DD",-0.404917173117336,0.703669547351452,0.667032057575193
802,"Sambar deer","SBR",3,"ndvi_cv + elev + BB + DD",-0.426382591085035,0.71647931517129,0.652866513424855
803,"Sambar deer","SBR",3,"ndvi_cv + elev + BB + DD",-0.506722760301483,0.703824103594235,0.602466775491314
804,"Sambar deer","SBR",3,"ndvi_cv + elev + BB + DD",-0.520546712445525,0.712568320534054,0.594195605251171
805,"Sambar deer","SBR",3,"ndvi_cv + elev + BB + DD",-0.517090653743115,0.71757392782731,0.596252732924093
806,"Sambar deer","SBR",3,"ndvi_cv + elev + BB + DD",-0.546310027169495,0.714284570497387,0.579082680922648
807,"Sambar deer","SBR",3,"ndvi_cv + elev + BB + DD",-0.564863374691501,0.732079944482072,0.568437805036494
808,"Sambar deer","SBR",3,"ndvi_cv + elev + BB + DD",-0.58529541508406,0.718942886588089,0.556941310135435
809,"Sambar deer","SBR",3,"ndvi_cv + elev + BB + DD",-0.587884224476296,0.732553966006291,0.555501368300794
810,"Sambar deer","SBR",3,"ndvi_cv + elev + BB + DD",-0.584607366712206,0.735519452906117,0.557324648869209
811,"Sambar deer","SBR",3,"ndvi_cv + elev + BB + DD",-0.576309700310297,0.748002256319228,0.561968378133399
812,"Sambar deer","SBR",3,"ndvi_cv + elev + BB + DD",-0.543665611830596,0.735951024213807,0.580616059496273
813,"Sambar deer","SBR",3,"ndvi_cv + elev + BB + DD",-0.537185221988951,0.750938633849109,0.58439087033381
814,"Sambar deer","SBR",3,"ndvi_cv + elev + BB + DD",-0.511621108245402,0.767628608638961,0.599522899300111
815,"Sambar deer","SBR",3,"ndvi_cv + elev + BB + DD",-0.495451730825803,0.784316265401106,0.609295612784976
816,"Sambar deer","SBR",3,"ndvi_cv + elev + BB + DD",-0.458874970841137,0.831625629922692,0.631994260221172
817,"Sambar deer","SBR",3,"ndvi_cv + elev + BB + DD",-0.452989362227504,0.888520796904573,0.635724896353944
818,"Sambar deer","SBR",3,"ndvi_cv + elev + BB + DD",-0.432702794841695,0.931806190456578,0.648753290836973
819,"Sambar deer","SBR",3,"ndvi_cv + elev + BB + DD",-0.427702591808284,1.01519899830895,0.652005300544251
820,"Sambar deer","SBR",3,"ndvi_cv + elev + BB + DD",-0.436561832031226,1.19176904851982,0.646254547723175
821,"Sambar deer","SBR",3,"ndvi_cv + elev + BB + DD",-0.0997075630644629,1.04410497473631,0.905102065162126
822,"Sambar deer","SBR",3,"ndvi_cv + elev + BB + DD",-0.0920867626113846,0.892908184152637,0.912026044175496
823,"Sambar deer","SBR",3,"ndvi_cv + elev + BB + DD",-0.0868099319608913,0.846802677362495,0.916851343214818
824,"Sambar deer","SBR",3,"ndvi_cv + elev + BB + DD",-0.0920762216837183,0.804363176938567,0.912035632344716
825,"Sambar deer","SBR",3,"ndvi_cv + elev + BB + DD",-0.0606445546989706,0.793793874970615,0.941157710440603
826,"Sambar deer","SBR",3,"ndvi_cv + elev + BB + DD",-0.0298165053482216,0.776915606428249,0.970623627275397
827,"Sambar deer","SBR",3,"ndvi_cv + elev + BB + DD",-0.0287612334374135,0.73686027350864,0.971648452861544
828,"Sambar deer","SBR",3,"ndvi_cv + elev + BB + DD",-0.0452942856289989,0.762601707745395,0.955716186905403
829,"Sambar deer","SBR",3,"ndvi_cv + elev + BB + DD",-0.070846213475403,0.754279647571096,0.931605149478086
830,"Sambar deer","SBR",3,"ndvi_cv + elev + BB + DD",-0.106578596387952,0.736877621150407,0.898904398984276
831,"Sambar deer","SBR",3,"ndvi_cv + elev + BB + DD",-0.136900597338798,0.716329822239014,0.872056909501481
832,"Sambar deer","SBR",3,"ndvi_cv + elev + BB + DD",-0.176910271595976,0.721269490845903,0.837854968059478
833,"Sambar deer","SBR",3,"ndvi_cv + elev + BB + DD",-0.16769749617728,0.704696288449611,0.845609598747568
834,"Sambar deer","SBR",3,"ndvi_cv + elev + BB + DD",-0.188747852906912,0.692435820476392,0.827995258359503
835,"Sambar deer","SBR",3,"ndvi_cv + elev + BB + DD",-0.219576923079504,0.678822084387553,0.802858397079173
836,"Sambar deer","SBR",3,"ndvi_cv + elev + BB + DD",-0.251471965306054,0.662681622450285,0.777655260205826
837,"Sambar deer","SBR",3,"ndvi_cv + elev + BB + DD",-0.246296443450672,0.64824746758198,0.781690468849955
838,"Sambar deer","SBR",3,"ndvi_cv + elev + BB + DD",-0.293408087618588,0.64596102420006,0.745717765062431
839,"Sambar deer","SBR",3,"ndvi_cv + elev + BB + DD",-0.308792113170334,0.658935527240823,0.734333414727852
840,"Sambar deer","SBR",3,"ndvi_cv + elev + BB + DD",-0.324531630875789,0.676256255579472,0.72286584253695
841,"Sambar deer","SBR",3,"ndvi_cv + elev + BB + DD",-0.324381586974798,0.678759177017505,0.722974313620248
842,"Sambar deer","SBR",3,"ndvi_cv + elev + BB + DD",-0.334474347655783,0.685521018647686,0.715714204417443
843,"Sambar deer","SBR",3,"ndvi_cv + elev + BB + DD",-0.358753402846294,0.676555368993899,0.698546590115807
844,"Sambar deer","SBR",3,"ndvi_cv + elev + BB + DD",-0.321735190043021,0.703886794860383,0.724890124746727
845,"Sambar deer","SBR",3,"ndvi_cv + elev + BB + DD",-0.313124317635102,0.702874996911362,0.731159011284485
846,"Sambar deer","SBR",3,"ndvi_cv + elev + BB + DD",-0.36611963509498,0.722478201336352,0.693419841440453
847,"Sambar deer","SBR",3,"ndvi_cv + elev + BB + DD",-0.418915316497122,0.699098545470173,0.657759894532168
848,"Sambar deer","SBR",3,"ndvi_cv + elev + BB + DD",-0.484997650296587,0.702711138294381,0.615698644101049
849,"Sambar deer","SBR",3,"ndvi_cv + elev + BB + DD",-0.515109213764214,0.715144407551893,0.597435344591687
850,"Sambar deer","SBR",3,"ndvi_cv + elev + BB + DD",-0.500833635966921,0.726099056794406,0.60602524556407
851,"Sambar deer","SBR",3,"ndvi_cv + elev + BB + DD",-0.543800698723349,0.724446059595382,0.580537621931973
852,"Sambar deer","SBR",3,"ndvi_cv + elev + BB + DD",-0.547350327816231,0.705903151284348,0.578480566110879
853,"Sambar deer","SBR",3,"ndvi_cv + elev + BB + DD",-0.562201572051148,0.704425923910319,0.569952898924836
854,"Sambar deer","SBR",3,"ndvi_cv + elev + BB + DD",-0.546288036681613,0.709386375386112,0.579095407056163
855,"Sambar deer","SBR",3,"ndvi_cv + elev + BB + DD",-0.553225497617216,0.733009945881385,0.575091868259751
856,"Sambar deer","SBR",3,"ndvi_cv + elev + BB + DD",-0.557251890825831,0.732462701452982,0.572780971694592
857,"Sambar deer","SBR",3,"ndvi_cv + elev + BB + DD",-0.555781263431676,0.723161345233261,0.573623935327885
858,"Sambar deer","SBR",3,"ndvi_cv + elev + BB + DD",-0.522160008394538,0.735360250756066,0.593237766609806
859,"Sambar deer","SBR",3,"ndvi_cv + elev + BB + DD",-0.50297247952606,0.743855929524591,0.604730450319979
860,"Sambar deer","SBR",3,"ndvi_cv + elev + BB + DD",-0.481647859798757,0.763970162656282,0.617764563346326
861,"Sambar deer","SBR",3,"ndvi_cv + elev + BB + DD",-0.450828660178806,0.812499919603707,0.637099994528039
862,"Sambar deer","SBR",3,"ndvi_cv + elev + BB + DD",-0.444499161743146,0.845097089456036,0.641145315117958
863,"Sambar deer","SBR",3,"ndvi_cv + elev + BB + DD",-0.423443277475741,0.883985460699468,0.654788318042458
864,"Sambar deer","SBR",3,"ndvi_cv + elev + BB + DD",-0.43303349972727,0.961790556749039,0.648538769248507
865,"Sambar deer","SBR",3,"ndvi_cv + elev + BB + DD",-0.0578473557575836,0.934243609419648,0.943794005249683
866,"Sambar deer","SBR",3,"ndvi_cv + elev + BB + DD",-0.0750970625075249,0.846182757971176,0.927653441767671
867,"Sambar deer","SBR",3,"ndvi_cv + elev + BB + DD",-0.0918371730717467,0.826278902616441,0.912253677440548
868,"Sambar deer","SBR",3,"ndvi_cv + elev + BB + DD",-0.0666927459361345,0.793075522542574,0.935482598109167
869,"Sambar deer","SBR",3,"ndvi_cv + elev + BB + DD",-0.0581759099080941,0.767195859112739,0.94348396812994
870,"Sambar deer","SBR",3,"ndvi_cv + elev + BB + DD",-0.0482584433166603,0.759296863567357,0.952887487856834
871,"Sambar deer","SBR",3,"ndvi_cv + elev + BB + DD",-0.0809445579185432,0.745092195158977,0.922244824698062
872,"Sambar deer","SBR",3,"ndvi_cv + elev + BB + DD",-0.0822779350344417,0.730353650230418,0.921015942920954
873,"Sambar deer","SBR",3,"ndvi_cv + elev + BB + DD",-0.114900606687178,0.722967205494529,0.891454745767442
874,"Sambar deer","SBR",3,"ndvi_cv + elev + BB + DD",-0.144945082630536,0.721622221852067,0.865069803177783
875,"Sambar deer","SBR",3,"ndvi_cv + elev + BB + DD",-0.184363602751794,0.717897738164402,0.831633385746599
876,"Sambar deer","SBR",3,"ndvi_cv + elev + BB + DD",-0.209565709172084,0.712497438958591,0.810936353553827
877,"Sambar deer","SBR",3,"ndvi_cv + elev + BB + DD",-0.221949141280469,0.703095274734344,0.800956099388943
878,"Sambar deer","SBR",3,"ndvi_cv + elev + BB + DD",-0.222007359045293,0.684033189015836,0.800909479686594
879,"Sambar deer","SBR",3,"ndvi_cv + elev + BB + DD",-0.227500859415507,0.675598260076614,0.796521737196392
880,"Sambar deer","SBR",3,"ndvi_cv + elev + BB + DD",-0.261492680548616,0.647578090568339,0.769901511327451
881,"Sambar deer","SBR",3,"ndvi_cv + elev + BB + DD",-0.280513661492403,0.654549900363945,0.755395626920438
882,"Sambar deer","SBR",3,"ndvi_cv + elev + BB + DD",-0.284021724582437,0.649693759016965,0.752750291366133
883,"Sambar deer","SBR",3,"ndvi_cv + elev + BB + DD",-0.310879399158533,0.644090888294627,0.732802248958992
884,"Sambar deer","SBR",3,"ndvi_cv + elev + BB + DD",-0.334586227605708,0.669305572478295,0.715634134774417
885,"Sambar deer","SBR",3,"ndvi_cv + elev + BB + DD",-0.304854944106954,0.694111495126052,0.737230307306849
886,"Sambar deer","SBR",3,"ndvi_cv + elev + BB + DD",-0.286429025953243,0.684186470344928,0.750940373993
887,"Sambar deer","SBR",3,"ndvi_cv + elev + BB + DD",-0.258931327346241,0.676384882283804,0.771876029001862
888,"Sambar deer","SBR",3,"ndvi_cv + elev + BB + DD",-0.300790303627721,0.691924703209334,0.74023298120821
889,"Sambar deer","SBR",3,"ndvi_cv + elev + BB + DD",-0.325990205809931,0.701787354999299,0.72181225967629
890,"Sambar deer","SBR",3,"ndvi_cv + elev + BB + DD",-0.411459462086607,0.684108173618915,0.662682390350249
891,"Sambar deer","SBR",3,"ndvi_cv + elev + BB + DD",-0.48091969033225,0.700334720964537,0.618214566880655
892,"Sambar deer","SBR",3,"ndvi_cv + elev + BB + DD",-0.498922924588056,0.70516626163855,0.60718430101818
893,"Sambar deer","SBR",3,"ndvi_cv + elev + BB + DD",-0.524153342445442,0.718774310822906,0.592056421268352
894,"Sambar deer","SBR",3,"ndvi_cv + elev + BB + DD",-0.536115396045241,0.703352659668841,0.585016401137791
895,"Sambar deer","SBR",3,"ndvi_cv + elev + BB + DD",-0.523346226518205,0.702831285483301,0.592534486583391
896,"Sambar deer","SBR",3,"ndvi_cv + elev + BB + DD",-0.535698149358563,0.701301781687662,0.585260548272413
897,"Sambar deer","SBR",3,"ndvi_cv + elev + BB + DD",-0.539726807259027,0.720970518400806,0.582907478647363
898,"Sambar deer","SBR",3,"ndvi_cv + elev + BB + DD",-0.537446976949171,0.700673738003025,0.584237927246185
899,"Sambar deer","SBR",3,"ndvi_cv + elev + BB + DD",-0.517693080140945,0.716357562030709,0.595893642431931
900,"Sambar deer","SBR",3,"ndvi_cv + elev + BB + DD",-0.521800687680395,0.695132447255161,0.593450965445465
901,"Sambar deer","SBR",3,"ndvi_cv + elev + BB + DD",-0.517547359155761,0.711197834488748,0.595980484700326
902,"Sambar deer","SBR",3,"ndvi_cv + elev + BB + DD",-0.509969261946219,0.749825308616996,0.600514038027884
903,"Sambar deer","SBR",3,"ndvi_cv + elev + BB + DD",-0.469756720853245,0.7724594843334,0.625154360407528
904,"Sambar deer","SBR",3,"ndvi_cv + elev + BB + DD",-0.44027783739585,0.797973913887008,0.64385753912103
905,"Sambar deer","SBR",3,"ndvi_cv + elev + BB + DD",-0.408518526103739,0.830575116882246,0.664634160141148
906,"Sambar deer","SBR",3,"ndvi_cv + elev + BB + DD",-0.395176729789755,0.86172860400895,0.673560991234495
907,"Sambar deer","SBR",3,"ndvi_cv + elev + BB + DD",-0.396821717562763,0.917640155559741,0.672453901713513
908,"Sambar deer","SBR",3,"ndvi_cv + elev + BB + DD",-0.387596640333105,1.05227845428632,0.678686042748285
909,"Sambar deer","SBR",3,"ndvi_cv + elev + BB + DD",-0.0917912439337544,0.960312906952931,0.912295576932884
910,"Sambar deer","SBR",3,"ndvi_cv + elev + BB + DD",-0.0921982080694758,0.873354784873934,0.911924380880862
911,"Sambar deer","SBR",3,"ndvi_cv + elev + BB + DD",-0.0910414949582565,0.82937277631313,0.912979826773091
912,"Sambar deer","SBR",3,"ndvi_cv + elev + BB + DD",-0.0608839976090749,0.787753677290392,0.940932383858863
913,"Sambar deer","SBR",3,"ndvi_cv + elev + BB + DD",-0.0654213181833147,0.7833555146573,0.936672742984293
914,"Sambar deer","SBR",3,"ndvi_cv + elev + BB + DD",-0.0864872437902247,0.753338333528991,0.917147248387757
915,"Sambar deer","SBR",3,"ndvi_cv + elev + BB + DD",-0.101271335949188,0.746071384388393,0.903687797365583
916,"Sambar deer","SBR",3,"ndvi_cv + elev + BB + DD",-0.10652293706402,0.723821585192893,0.898954429203784
917,"Sambar deer","SBR",3,"ndvi_cv + elev + BB + DD",-0.154451648219787,0.718088308625341,0.856884998974098
918,"Sambar deer","SBR",3,"ndvi_cv + elev + BB + DD",-0.175274298758104,0.696327430399509,0.839226790986814
919,"Sambar deer","SBR",3,"ndvi_cv + elev + BB + DD",-0.206571278223865,0.700810080048443,0.813368283947328
920,"Sambar deer","SBR",3,"ndvi_cv + elev + BB + DD",-0.225799734829166,0.687141006743003,0.797877874143854
921,"Sambar deer","SBR",3,"ndvi_cv + elev + BB + DD",-0.229094786391486,0.673957337208259,0.795253184806268
922,"Sambar deer","SBR",3,"ndvi_cv + elev + BB + DD",-0.205909173000447,0.684528580724698,0.813907031348751
923,"Sambar deer","SBR",3,"ndvi_cv + elev + BB + DD",-0.215024774211103,0.650966244613736,0.806521460030562
924,"Sambar deer","SBR",3,"ndvi_cv + elev + BB + DD",-0.211234478597396,0.586814617735113,0.809584220809557
925,"Sambar deer","SBR",3,"ndvi_cv + elev + BB + DD",-0.243022214565504,0.607976116281324,0.78425409486799
926,"Sambar deer","SBR",3,"ndvi_cv + elev + BB + DD",-0.279508787829299,0.622323053237363,0.756155083833188
927,"Sambar deer","SBR",3,"ndvi_cv + elev + BB + DD",-0.295108660999234,0.651737957991013,0.744450693526032
928,"Sambar deer","SBR",3,"ndvi_cv + elev + BB + DD",-0.331052473035201,0.663039109573434,0.718167483793474
929,"Sambar deer","SBR",3,"ndvi_cv + elev + BB + DD",-0.317786452044823,0.700533215492472,0.72775818323694
930,"Sambar deer","SBR",3,"ndvi_cv + elev + BB + DD",-0.285675869526052,0.685725647342873,0.751506163966211
931,"Sambar deer","SBR",3,"ndvi_cv + elev + BB + DD",-0.100541951195126,0.668514728755476,0.904347219380664
932,"Sambar deer","SBR",3,"ndvi_cv + elev + BB + DD",-0.178843311808978,0.689455808811105,0.836236937977266
933,"Sambar deer","SBR",3,"ndvi_cv + elev + BB + DD",-0.347113240650074,0.683304849505651,0.706725295220351
934,"Sambar deer","SBR",3,"ndvi_cv + elev + BB + DD",-0.384565784356504,0.697275609655771,0.680746162679142
935,"Sambar deer","SBR",3,"ndvi_cv + elev + BB + DD",-0.449232029355567,0.686877491630291,0.638118020872042
936,"Sambar deer","SBR",3,"ndvi_cv + elev + BB + DD",-0.505484911897735,0.701052943789613,0.603212999416289
937,"Sambar deer","SBR",3,"ndvi_cv + elev + BB + DD",-0.511216517796876,0.685412346423767,0.599765517568296
938,"Sambar deer","SBR",3,"ndvi_cv + elev + BB + DD",-0.499040438445071,0.693241622398076,0.607112942544765
939,"Sambar deer","SBR",3,"ndvi_cv + elev + BB + DD",-0.51224360756027,0.675176789423722,0.599149815075866
940,"Sambar deer","SBR",3,"ndvi_cv + elev + BB + DD",-0.539378352356443,0.705472167695865,0.583110629076206
941,"Sambar deer","SBR",3,"ndvi_cv + elev + BB + DD",-0.533718696447289,0.694639915845195,0.58642019633038
942,"Sambar deer","SBR",3,"ndvi_cv + elev + BB + DD",-0.531587860395588,0.695731760301954,0.587671088836037
943,"Sambar deer","SBR",3,"ndvi_cv + elev + BB + DD",-0.499898255908473,0.697698938028917,0.60659237461606
944,"Sambar deer","SBR",3,"ndvi_cv + elev + BB + DD",-0.509230154809195,0.704566473084889,0.600958045866475
945,"Sambar deer","SBR",3,"ndvi_cv + elev + BB + DD",-0.511123833839511,0.707595223944649,0.599821104323938
946,"Sambar deer","SBR",3,"ndvi_cv + elev + BB + DD",-0.479113914562024,0.733797253220081,0.619331931405886
947,"Sambar deer","SBR",3,"ndvi_cv + elev + BB + DD",-0.467785907081984,0.770472026376691,0.626387615137572
948,"Sambar deer","SBR",3,"ndvi_cv + elev + BB + DD",-0.466370162377972,0.791331296487902,0.627275051353135
949,"Sambar deer","SBR",3,"ndvi_cv + elev + BB + DD",-0.406596049879614,0.826767555099758,0.665913140953018
950,"Sambar deer","SBR",3,"ndvi_cv + elev + BB + DD",-0.379648213138466,0.852295834882277,0.68410206689212
951,"Sambar deer","SBR",3,"ndvi_cv + elev + BB + DD",-0.351498870569234,0.890607880916278,0.703632668431909
952,"Sambar deer","SBR",3,"ndvi_cv + elev + BB + DD",-0.3635430042945,0.943206898594855,0.695208834390205
953,"Sambar deer","SBR",3,"ndvi_cv + elev + BB + DD",-0.308257027088414,1.23480918527174,0.73472645013889
954,"Sambar deer","SBR",3,"ndvi_cv + elev + BB + DD",-0.317910486092526,1.28019901993688,0.727667926328533
955,"Sambar deer","SBR",3,"ndvi_cv + elev + BB + DD",-0.102892723620804,1.05951399177892,0.902223759219741
956,"Sambar deer","SBR",3,"ndvi_cv + elev + BB + DD",-0.125095868642038,0.913709656889513,0.88241230390713
957,"Sambar deer","SBR",3,"ndvi_cv + elev + BB + DD",-0.0949123092050896,0.836792306629798,0.90945268210814
958,"Sambar deer","SBR",3,"ndvi_cv + elev + BB + DD",-0.123987263498619,0.790328356976423,0.883391092690084
959,"Sambar deer","SBR",3,"ndvi_cv + elev + BB + DD",-0.0993601325992241,0.765227599524913,0.905416579749925
960,"Sambar deer","SBR",3,"ndvi_cv + elev + BB + DD",-0.0993555880354094,0.751792844291724,0.905420694036553
961,"Sambar deer","SBR",3,"ndvi_cv + elev + BB + DD",-0.0899328643194585,0.73666874761636,0.913992545596572
962,"Sambar deer","SBR",3,"ndvi_cv + elev + BB + DD",-0.148135056254029,0.706401378817894,0.862314646729338
963,"Sambar deer","SBR",3,"ndvi_cv + elev + BB + DD",-0.144150483141072,0.704578918311379,0.865757460890606
964,"Sambar deer","SBR",3,"ndvi_cv + elev + BB + DD",-0.171551553823814,0.699842888615189,0.842356843684684
965,"Sambar deer","SBR",3,"ndvi_cv + elev + BB + DD",-0.190227183976107,0.675350140705876,0.826771284675974
966,"Sambar deer","SBR",3,"ndvi_cv + elev + BB + DD",-0.225505637986199,0.672373254930769,0.798112580972197
967,"Sambar deer","SBR",3,"ndvi_cv + elev + BB + DD",-0.2169237933344,0.667393186163834,0.804991312736202
968,"Sambar deer","SBR",3,"ndvi_cv + elev + BB + DD",-0.2193050316432,0.664167602457191,0.803076717971866
969,"Sambar deer","SBR",3,"ndvi_cv + elev + BB + DD",-0.229612416010865,0.652529276311846,0.794841611937653
970,"Sambar deer","SBR",3,"ndvi_cv + elev + BB + DD",-0.203685773689101,0.600223905238597,0.815718651233246
971,"Sambar deer","SBR",3,"ndvi_cv + elev + BB + DD",-0.245145231679749,0.614130090735709,0.78259087452411
972,"Sambar deer","SBR",3,"ndvi_cv + elev + BB + DD",-0.32980148768049,0.649005647876144,0.719066463286625
973,"Sambar deer","SBR",3,"ndvi_cv + elev + BB + DD",-0.348150759366029,0.660382279872016,0.705992434844472
974,"Sambar deer","SBR",3,"ndvi_cv + elev + BB + DD",-0.351913404696623,0.683122610908219,0.703341025998569
975,"Sambar deer","SBR",3,"ndvi_cv + elev + BB + DD",-0.311439906332784,0.688583167113758,0.732391621599265
976,"Sambar deer","SBR",3,"ndvi_cv + elev + BB + DD",-0.318314621944017,0.676954736161097,0.727373908400323
977,"Sambar deer","SBR",3,"ndvi_cv + elev + BB + DD",-0.265714479166946,0.679778372997568,0.766657994491557
978,"Sambar deer","SBR",3,"ndvi_cv + elev + BB + DD",-0.296435995318648,0.682340907010274,0.743463211515076
979,"Sambar deer","SBR",3,"ndvi_cv + elev + BB + DD",-0.351605231581561,0.691435988654202,0.70355781085148
980,"Sambar deer","SBR",3,"ndvi_cv + elev + BB + DD",-0.426368410485877,0.695769534590081,0.652875771797013
981,"Sambar deer","SBR",3,"ndvi_cv + elev + BB + DD",-0.451788932818028,0.684883655168229,0.636488497434998
982,"Sambar deer","SBR",3,"ndvi_cv + elev + BB + DD",-0.457583376979695,0.683409824393436,0.632811068546048
983,"Sambar deer","SBR",3,"ndvi_cv + elev + BB + DD",-0.501315075284473,0.689875981162548,0.605733550485799
984,"Sambar deer","SBR",3,"ndvi_cv + elev + BB + DD",-0.483988902198257,0.684384629282824,0.616320041774829
985,"Sambar deer","SBR",3,"ndvi_cv + elev + BB + DD",-0.490982959938682,0.679405937874954,0.612024503088859
986,"Sambar deer","SBR",3,"ndvi_cv + elev + BB + DD",-0.517603479181501,0.687813521096628,0.59594703759998
987,"Sambar deer","SBR",3,"ndvi_cv + elev + BB + DD",-0.526553217953197,0.703615218054832,0.590637263403068
988,"Sambar deer","SBR",3,"ndvi_cv + elev + BB + DD",-0.512315643842407,0.695124935071917,0.599106660802674
989,"Sambar deer","SBR",3,"ndvi_cv + elev + BB + DD",-0.489841327327702,0.700282598568815,0.61272361072688
990,"Sambar deer","SBR",3,"ndvi_cv + elev + BB + DD",-0.485383076966122,0.705992115654417,0.615461390615279
991,"Sambar deer","SBR",3,"ndvi_cv + elev + BB + DD",-0.476886396210419,0.724919275668566,0.620713040657141
992,"Sambar deer","SBR",3,"ndvi_cv + elev + BB + DD",-0.47953661851979,0.743363300979289,0.619070191340275
993,"Sambar deer","SBR",3,"ndvi_cv + elev + BB + DD",-0.42226927952937,0.75593706270794,0.655557487457601
994,"Sambar deer","SBR",3,"ndvi_cv + elev + BB + DD",-0.387848949302337,0.780831757877907,0.67851482885941
995,"Sambar deer","SBR",3,"ndvi_cv + elev + BB + DD",-0.382879718533829,0.815775001408512,0.681894926532959
996,"Sambar deer","SBR",3,"ndvi_cv + elev + BB + DD",-0.362532662290268,0.85196497885939,0.695911583825304
997,"Sambar deer","SBR",3,"ndvi_cv + elev + BB + DD",-0.365938292807383,0.880335228846951,0.693545597656804
998,"Sambar deer","SBR",3,"ndvi_cv + elev + BB + DD",-0.3924529045507,0.929016139712639,0.675398154341775
999,"Sambar deer","SBR",3,"ndvi_cv + elev + BB + DD",-0.308406192098605,0.961818089460215,0.734616862353393
1000,"Sambar deer","SBR",3,"ndvi_cv + elev + BB + DD",-0.318393401566313,1.02732907432577,0.727316608405311
1001,"Sambar deer","SBR",3,"ndvi_cv + elev + BB + DD",-0.288552294378699,1.09651723724269,0.749347617455063
1002,"Sambar deer","SBR",3,"ndvi_cv + elev + BB + DD",-0.34616224452797,1.14064961021196,0.70739771126231
1003,"Sambar deer","SBR",3,"ndvi_cv + elev + BB + DD",-0.349621635205032,1.25958017002669,0.704954815782049
1004,"Sambar deer","SBR",3,"ndvi_cv + elev + BB + DD",-0.120392367117273,0.995832678232386,0.886572523741534
1005,"Sambar deer","SBR",3,"ndvi_cv + elev + BB + DD",-0.118812281592169,0.846829057001856,0.887974488322152
1006,"Sambar deer","SBR",3,"ndvi_cv + elev + BB + DD",-0.11652094015386,0.780971642149823,0.890011460410844
1007,"Sambar deer","SBR",3,"ndvi_cv + elev + BB + DD",-0.112938317306658,0.757058456928684,0.893205770165923
1008,"Sambar deer","SBR",3,"ndvi_cv + elev + BB + DD",-0.0990131013062773,0.750282219948012,0.90573084305012
1009,"Sambar deer","SBR",3,"ndvi_cv + elev + BB + DD",-0.11481595602617,0.728410558533705,0.891530211040998
1010,"Sambar deer","SBR",3,"ndvi_cv + elev + BB + DD",-0.137683842699549,0.714000817666048,0.871374139739632
1011,"Sambar deer","SBR",3,"ndvi_cv + elev + BB + DD",-0.153302819063007,0.70929869754518,0.857869904594299
1012,"Sambar deer","SBR",3,"ndvi_cv + elev + BB + DD",-0.192219461571963,0.680218139850444,0.825125765967937
1013,"Sambar deer","SBR",3,"ndvi_cv + elev + BB + DD",-0.186886993765437,0.661819060132039,0.829537474149771
1014,"Sambar deer","SBR",3,"ndvi_cv + elev + BB + DD",-0.183881233491886,0.667542301733661,0.832034615848511
1015,"Sambar deer","SBR",3,"ndvi_cv + elev + BB + DD",-0.207623201851642,0.674452734215452,0.812513132487889
1016,"Sambar deer","SBR",3,"ndvi_cv + elev + BB + DD",-0.228008317872684,0.659223941591037,0.796117640300298
1017,"Sambar deer","SBR",3,"ndvi_cv + elev + BB + DD",-0.237565499302078,0.651356775392856,0.788545240130819
1018,"Sambar deer","SBR",3,"ndvi_cv + elev + BB + DD",-0.265557127706104,0.652877156676592,0.766778637590079
1019,"Sambar deer","SBR",3,"ndvi_cv + elev + BB + DD",-0.304441527967412,0.659909932385756,0.737535155220681
1020,"Sambar deer","SBR",3,"ndvi_cv + elev + BB + DD",-0.350585923543792,0.672954651180258,0.704275319155406
1021,"Sambar deer","SBR",3,"ndvi_cv + elev + BB + DD",-0.367591043280145,0.683600727456429,0.692400302270352
1022,"Sambar deer","SBR",3,"ndvi_cv + elev + BB + DD",-0.411940666216345,0.684921333548376,0.662363575917261
1023,"Sambar deer","SBR",3,"ndvi_cv + elev + BB + DD",-0.39297669459679,0.694023931049799,0.675044482361926
1024,"Sambar deer","SBR",3,"ndvi_cv + elev + BB + DD",-0.385302317487477,0.678383362766826,0.680244956695638
1025,"Sambar deer","SBR",3,"ndvi_cv + elev + BB + DD",-0.392640356483168,0.684630638504424,0.675271560999688
1026,"Sambar deer","SBR",3,"ndvi_cv + elev + BB + DD",-0.357832008667672,0.701499490261733,0.699190529177183
1027,"Sambar deer","SBR",3,"ndvi_cv + elev + BB + DD",-0.381871177932369,0.694012991136939,0.682582991432657
1028,"Sambar deer","SBR",3,"ndvi_cv + elev + BB + DD",-0.435256647633273,0.686288705776415,0.647098569466243
1029,"Sambar deer","SBR",3,"ndvi_cv + elev + BB + DD",-0.463601425728107,0.687241141001369,0.629014221593972
1030,"Sambar deer","SBR",3,"ndvi_cv + elev + BB + DD",-0.489851476954814,0.692449181826705,0.612717390404649
1031,"Sambar deer","SBR",3,"ndvi_cv + elev + BB + DD",-0.488292267932176,0.688001680800265,0.613673494353558
1032,"Sambar deer","SBR",3,"ndvi_cv + elev + BB + DD",-0.527655662131524,0.703210878730419,0.589986477625545
1033,"Sambar deer","SBR",3,"ndvi_cv + elev + BB + DD",-0.515545629117788,0.696268113445317,0.597174669918143
1034,"Sambar deer","SBR",3,"ndvi_cv + elev + BB + DD",-0.503668738764386,0.692577986387171,0.604309534029396
1035,"Sambar deer","SBR",3,"ndvi_cv + elev + BB + DD",-0.525851896693629,0.703039480537996,0.591051638750669
1036,"Sambar deer","SBR",3,"ndvi_cv + elev + BB + DD",-0.506945175731386,0.675313666368038,0.602332792082871
1037,"Sambar deer","SBR",3,"ndvi_cv + elev + BB + DD",-0.497850990027998,0.70852569929805,0.607835501758168
1038,"Sambar deer","SBR",3,"ndvi_cv + elev + BB + DD",-0.498888543266778,0.70574483156532,0.607205167087013
1039,"Sambar deer","SBR",3,"ndvi_cv + elev + BB + DD",-0.479509738262628,0.747267766628529,0.619086844921676
1040,"Sambar deer","SBR",3,"ndvi_cv + elev + BB + DD",-0.424258713541183,0.762824553512683,0.654254607769692
1041,"Sambar deer","SBR",3,"ndvi_cv + elev + BB + DD",-0.416419848053952,0.777342307411402,0.659403363140409
1042,"Sambar deer","SBR",3,"ndvi_cv + elev + BB + DD",-0.396334630891255,0.799144182915128,0.672781524818399
1043,"Sambar deer","SBR",3,"ndvi_cv + elev + BB + DD",-0.362637222598456,0.826421877159514,0.695838822567766
1044,"Sambar deer","SBR",3,"ndvi_cv + elev + BB + DD",-0.341148672110509,0.849573526099858,0.710953201457026
1045,"Sambar deer","SBR",3,"ndvi_cv + elev + BB + DD",-0.345245069430377,0.868664205140073,0.708046813236974
1046,"Sambar deer","SBR",3,"ndvi_cv + elev + BB + DD",-0.330283650411659,0.891573201450707,0.718719845009976
1047,"Sambar deer","SBR",3,"ndvi_cv + elev + BB + DD",-0.302494437756809,0.901182588764093,0.738972602764866
1048,"Sambar deer","SBR",3,"ndvi_cv + elev + BB + DD",-0.314622484582238,0.946907262803406,0.730064433170689
1049,"Sambar deer","SBR",3,"ndvi_cv + elev + BB + DD",-0.277444284035075,1.02068867306829,0.757717780413509
1050,"Sambar deer","SBR",3,"ndvi_cv + elev + BB + DD",-0.310529718216688,1.09212593109046,0.733058547579297
1051,"Sambar deer","SBR",3,"ndvi_cv + elev + BB + DD",-0.321242343684317,1.18748982776713,0.725247475639282
1052,"Sambar deer","SBR",3,"ndvi_cv + elev + BB + DD",-0.122055182148764,0.873976518775938,0.885099531521601
1053,"Sambar deer","SBR",3,"ndvi_cv + elev + BB + DD",-0.121796930508835,0.794373952682885,0.885328133383733
1054,"Sambar deer","SBR",3,"ndvi_cv + elev + BB + DD",-0.103831077296995,0.757883044315088,0.901377548422076
1055,"Sambar deer","SBR",3,"ndvi_cv + elev + BB + DD",-0.100708768000111,0.728769064947272,0.904196325575622
1056,"Sambar deer","SBR",3,"ndvi_cv + elev + BB + DD",-0.131994841721943,0.703120470404002,0.8763455179301
1057,"Sambar deer","SBR",3,"ndvi_cv + elev + BB + DD",-0.144754297735878,0.705357018720514,0.865234857159364
1058,"Sambar deer","SBR",3,"ndvi_cv + elev + BB + DD",-0.186756047509882,0.696903848849583,0.82964610734742
1059,"Sambar deer","SBR",3,"ndvi_cv + elev + BB + DD",-0.202743016265829,0.706481241958611,0.816488062768204
1060,"Sambar deer","SBR",3,"ndvi_cv + elev + BB + DD",-0.200781275010107,0.688997781266806,0.818091354892155
1061,"Sambar deer","SBR",3,"ndvi_cv + elev + BB + DD",-0.187592356464842,0.652793891235274,0.828952557477141
1062,"Sambar deer","SBR",3,"ndvi_cv + elev + BB + DD",-0.211248530953166,0.655440177301145,0.809572842322291
1063,"Sambar deer","SBR",3,"ndvi_cv + elev + BB + DD",-0.239099712236858,0.654012701446637,0.78733637332338
1064,"Sambar deer","SBR",3,"ndvi_cv + elev + BB + DD",-0.263461548331937,0.632419569975207,0.768387167706748
1065,"Sambar deer","SBR",3,"ndvi_cv + elev + BB + DD",-0.320957525055616,0.643954255999569,0.725454064324014
1066,"Sambar deer","SBR",3,"ndvi_cv + elev + BB + DD",-0.35411309938655,0.657945807926856,0.701795590276802
1067,"Sambar deer","SBR",3,"ndvi_cv + elev + BB + DD",-0.39307118021577,0.664980610278752,0.674980701246658
1068,"Sambar deer","SBR",3,"ndvi_cv + elev + BB + DD",-0.434590194445943,0.689279839714176,0.647529974092238
1069,"Sambar deer","SBR",3,"ndvi_cv + elev + BB + DD",-0.45050053046932,0.68963174909778,0.637309079186679
1070,"Sambar deer","SBR",3,"ndvi_cv + elev + BB + DD",-0.472911181134147,0.674357729567439,0.623185423265486
1071,"Sambar deer","SBR",3,"ndvi_cv + elev + BB + DD",-0.444829178988877,0.697722620608682,0.640933752963969
1072,"Sambar deer","SBR",3,"ndvi_cv + elev + BB + DD",-0.44940779493629,0.694461433036264,0.638005870110757
1073,"Sambar deer","SBR",3,"ndvi_cv + elev + BB + DD",-0.435926090926032,0.690129217900087,0.646665519444003
1074,"Sambar deer","SBR",3,"ndvi_cv + elev + BB + DD",-0.429211043729312,0.686321237673333,0.651022521042304
1075,"Sambar deer","SBR",3,"ndvi_cv + elev + BB + DD",-0.451883972648393,0.670210402894914,0.63642800884261
1076,"Sambar deer","SBR",3,"ndvi_cv + elev + BB + DD",-0.450666838377852,0.67145517857897,0.637203113566403
1077,"Sambar deer","SBR",3,"ndvi_cv + elev + BB + DD",-0.487158387338242,0.674245639977879,0.614369725730676
1078,"Sambar deer","SBR",3,"ndvi_cv + elev + BB + DD",-0.494127817263887,0.672862630158573,0.610102798415764
1079,"Sambar deer","SBR",3,"ndvi_cv + elev + BB + DD",-0.506393102576126,0.683228063515732,0.60266541821914
1080,"Sambar deer","SBR",3,"ndvi_cv + elev + BB + DD",-0.493424922898869,0.706202352253861,0.610531785089575
1081,"Sambar deer","SBR",3,"ndvi_cv + elev + BB + DD",-0.485807310586226,0.696661646368561,0.615200338587167
1082,"Sambar deer","SBR",3,"ndvi_cv + elev + BB + DD",-0.499636318579955,0.683399438985895,0.606751285016493
1083,"Sambar deer","SBR",3,"ndvi_cv + elev + BB + DD",-0.488210586919497,0.705940356880944,0.613723617847985
1084,"Sambar deer","SBR",3,"ndvi_cv + elev + BB + DD",-0.50206662347585,0.698733587044405,0.605278485369482
1085,"Sambar deer","SBR",3,"ndvi_cv + elev + BB + DD",-0.487425250310552,0.712327961128924,0.61420578674185
1086,"Sambar deer","SBR",3,"ndvi_cv + elev + BB + DD",-0.44825381617284,0.751750242170526,0.638742543104728
1087,"Sambar deer","SBR",3,"ndvi_cv + elev + BB + DD",-0.432310123338514,0.760479841634648,0.649008073199987
1088,"Sambar deer","SBR",3,"ndvi_cv + elev + BB + DD",-0.395706688873125,0.766536621747268,0.673204126394389
1089,"Sambar deer","SBR",3,"ndvi_cv + elev + BB + DD",-0.357054223370398,0.786230769864157,0.699734555580322
1090,"Sambar deer","SBR",3,"ndvi_cv + elev + BB + DD",-0.318725649847131,0.817531502488732,0.727075000546186
1091,"Sambar deer","SBR",3,"ndvi_cv + elev + BB + DD",-0.319622656067342,0.847510843686357,0.726423098272375
1092,"Sambar deer","SBR",3,"ndvi_cv + elev + BB + DD",-0.300592010398004,0.858534099573103,0.740379778521793
1093,"Sambar deer","SBR",3,"ndvi_cv + elev + BB + DD",-0.302193422793033,0.87622000552954,0.739195073907866
1094,"Sambar deer","SBR",3,"ndvi_cv + elev + BB + DD",-0.292447225514777,0.893218578032505,0.746434638045481
1095,"Sambar deer","SBR",3,"ndvi_cv + elev + BB + DD",-0.274170141063061,0.939512501809131,0.760202722810792
1096,"Sambar deer","SBR",3,"ndvi_cv + elev + BB + DD",-0.268540298163717,1.00096397190877,0.764494614516131
1097,"Sambar deer","SBR",3,"ndvi_cv + elev + BB + DD",-0.319477740419286,1.07945824648729,0.726528374414812
1098,"Sambar deer","SBR",3,"ndvi_cv + elev + BB + DD",-0.310991379344683,1.17190289704643,0.732720192461494
1099,"Sambar deer","SBR",3,"ndvi_cv + elev + BB + DD",-0.120519667456141,0.879153185880078,0.886459652870916
1100,"Sambar deer","SBR",3,"ndvi_cv + elev + BB + DD",-0.117205104107156,0.784908480318321,0.889402754763831
1101,"Sambar deer","SBR",3,"ndvi_cv + elev + BB + DD",-0.112292071087615,0.754169867973659,0.893783174338364
1102,"Sambar deer","SBR",3,"ndvi_cv + elev + BB + DD",-0.133553565363877,0.73809193515592,0.874980599307758
1103,"Sambar deer","SBR",3,"ndvi_cv + elev + BB + DD",-0.160444331597144,0.703966106187684,0.851765240158675
1104,"Sambar deer","SBR",3,"ndvi_cv + elev + BB + DD",-0.160352538268746,0.709207509256402,0.851843428625882
1105,"Sambar deer","SBR",3,"ndvi_cv + elev + BB + DD",-0.197379878340322,0.715250093516903,0.820878756083378
1106,"Sambar deer","SBR",3,"ndvi_cv + elev + BB + DD",-0.181103110906567,0.704785475115804,0.834349342615672
1107,"Sambar deer","SBR",3,"ndvi_cv + elev + BB + DD",-0.208050887262014,0.681756729992772,0.812165707471176
1108,"Sambar deer","SBR",3,"ndvi_cv + elev + BB + DD",-0.218363196538518,0.654344743735829,0.803833439356409
1109,"Sambar deer","SBR",3,"ndvi_cv + elev + BB + DD",-0.234905419672393,0.63633676536805,0.790645631277677
1110,"Sambar deer","SBR",3,"ndvi_cv + elev + BB + DD",-0.288711718725335,0.633823423085975,0.749228162893264
1111,"Sambar deer","SBR",3,"ndvi_cv + elev + BB + DD",-0.295988383107942,0.636581244831134,0.743796068579069
1112,"Sambar deer","SBR",3,"ndvi_cv + elev + BB + DD",-0.35893464194505,0.646144766018215,0.69842000313223
1113,"Sambar deer","SBR",3,"ndvi_cv + elev + BB + DD",-0.371627281818191,0.672868702037165,0.689611225356135
1114,"Sambar deer","SBR",3,"ndvi_cv + elev + BB + DD",-0.442885801958108,0.692181078396458,0.642180539008097
1115,"Sambar deer","SBR",3,"ndvi_cv + elev + BB + DD",-0.49702808738809,0.684659608333821,0.608335897445438
1116,"Sambar deer","SBR",3,"ndvi_cv + elev + BB + DD",-0.520851362248879,0.674013664853926,0.59401461118803
1117,"Sambar deer","SBR",3,"ndvi_cv + elev + BB + DD",-0.517485970758224,0.673896096416486,0.596017073537777
1118,"Sambar deer","SBR",3,"ndvi_cv + elev + BB + DD",-0.528470977202338,0.667986044092928,0.589505652905202
1119,"Sambar deer","SBR",3,"ndvi_cv + elev + BB + DD",-0.487003256391825,0.684068985410777,0.614465035327171
1120,"Sambar deer","SBR",3,"ndvi_cv + elev + BB + DD",-0.48014909859027,0.694816433869218,0.618691138953921
1121,"Sambar deer","SBR",3,"ndvi_cv + elev + BB + DD",-0.476194542746061,0.690121817113834,0.621142660856822
1122,"Sambar deer","SBR",3,"ndvi_cv + elev + BB + DD",-0.458907702652042,0.664699080347016,0.631973571960275
1123,"Sambar deer","SBR",3,"ndvi_cv + elev + BB + DD",-0.457553201188918,0.671999746266744,0.632830160837918
1124,"Sambar deer","SBR",3,"ndvi_cv + elev + BB + DD",-0.499797872829126,0.676046416418947,0.606653268464874
1125,"Sambar deer","SBR",3,"ndvi_cv + elev + BB + DD",-0.488683960842519,0.690932290213701,0.613433165672681
1126,"Sambar deer","SBR",3,"ndvi_cv + elev + BB + DD",-0.498637985007556,0.694884887262548,0.607357326440094
1127,"Sambar deer","SBR",3,"ndvi_cv + elev + BB + DD",-0.516318211932072,0.692761328898516,0.596713481210286
1128,"Sambar deer","SBR",3,"ndvi_cv + elev + BB + DD",-0.491404904876673,0.714241319561871,0.61176631692416
1129,"Sambar deer","SBR",3,"ndvi_cv + elev + BB + DD",-0.474289143877964,0.696730111317233,0.622327284429819
1130,"Sambar deer","SBR",3,"ndvi_cv + elev + BB + DD",-0.48770203745366,0.68650878289991,0.614035805596449
1131,"Sambar deer","SBR",3,"ndvi_cv + elev + BB + DD",-0.478125588395704,0.700807409263512,0.619944334390143
1132,"Sambar deer","SBR",3,"ndvi_cv + elev + BB + DD",-0.445073134640262,0.727768190939365,0.640777411296133
1133,"Sambar deer","SBR",3,"ndvi_cv + elev + BB + DD",-0.44065169005449,0.735005445515433,0.643616846313117
1134,"Sambar deer","SBR",3,"ndvi_cv + elev + BB + DD",-0.410701409471865,0.733706169263997,0.663184927244929
1135,"Sambar deer","SBR",3,"ndvi_cv + elev + BB + DD",-0.365246382484575,0.756804539304018,0.694025635026016
1136,"Sambar deer","SBR",3,"ndvi_cv + elev + BB + DD",-0.369797449703699,0.787743675727769,0.690874253287063
1137,"Sambar deer","SBR",3,"ndvi_cv + elev + BB + DD",-0.326248386665295,0.807731170828378,0.721625922929001
1138,"Sambar deer","SBR",3,"ndvi_cv + elev + BB + DD",-0.291675868618299,0.817160779878783,0.747010626374452
1139,"Sambar deer","SBR",3,"ndvi_cv + elev + BB + DD",-0.284144551934641,0.864077356827123,0.752657838761154
1140,"Sambar deer","SBR",3,"ndvi_cv + elev + BB + DD",-0.295499772200468,0.89189524409462,0.744159585553591
1141,"Sambar deer","SBR",3,"ndvi_cv + elev + BB + DD",-0.291462095094209,0.915222505853241,0.747170334997781
1142,"Sambar deer","SBR",3,"ndvi_cv + elev + BB + DD",-0.294477704227148,0.949241055639336,0.744920556228666
1143,"Sambar deer","SBR",3,"ndvi_cv + elev + BB + DD",-0.254978998283309,1.00362453202955,0.774932783070213
1144,"Sambar deer","SBR",3,"ndvi_cv + elev + BB + DD",-0.274402170020509,1.10491524217426,0.760026611415952
1145,"Sambar deer","SBR",3,"ndvi_cv + elev + BB + DD",-0.341123655421384,1.26939888542055,0.71097100129035
1146,"Sambar deer","SBR",3,"ndvi_cv + elev + BB + DD",-0.0976739756650995,1.11111338399866,0.906944543710766
1147,"Sambar deer","SBR",3,"ndvi_cv + elev + BB + DD",-0.113081265499106,0.875537257050714,0.893078081046053
1148,"Sambar deer","SBR",3,"ndvi_cv + elev + BB + DD",-0.109663006864517,0.776985833149923,0.896136076250451
1149,"Sambar deer","SBR",3,"ndvi_cv + elev + BB + DD",-0.132251557841208,0.773009466467053,0.876120578417006
1150,"Sambar deer","SBR",3,"ndvi_cv + elev + BB + DD",-0.132447565066882,0.743703250014074,0.875948867561244
1151,"Sambar deer","SBR",3,"ndvi_cv + elev + BB + DD",-0.141307855694454,0.720890663373988,0.868221996667947
1152,"Sambar deer","SBR",3,"ndvi_cv + elev + BB + DD",-0.169605977971948,0.705405870699116,0.843997325093578
1153,"Sambar deer","SBR",3,"ndvi_cv + elev + BB + DD",-0.178902205142155,0.713448906941312,0.836187670256659
1154,"Sambar deer","SBR",3,"ndvi_cv + elev + BB + DD",-0.190715468362687,0.703436303816176,0.826367698974317
1155,"Sambar deer","SBR",3,"ndvi_cv + elev + BB + DD",-0.190047833173885,0.689982770867663,0.826919579548851
1156,"Sambar deer","SBR",3,"ndvi_cv + elev + BB + DD",-0.220300903825538,0.658726024226019,0.802277353634116
1157,"Sambar deer","SBR",3,"ndvi_cv + elev + BB + DD",-0.260414901759705,0.612878081342813,0.770731742393739
1158,"Sambar deer","SBR",3,"ndvi_cv + elev + BB + DD",-0.298159129271771,0.616053690962462,0.742183227279813
1159,"Sambar deer","SBR",3,"ndvi_cv + elev + BB + DD",-0.32285757542189,0.628176852439268,0.724076974381
1160,"Sambar deer","SBR",3,"ndvi_cv + elev + BB + DD",-0.356698728282584,0.646606804654767,0.699983353346542
1161,"Sambar deer","SBR",3,"ndvi_cv + elev + BB + DD",-0.422315892468101,0.657123385286342,0.655526930718749
1162,"Sambar deer","SBR",3,"ndvi_cv + elev + BB + DD",-0.485661477624092,0.670709929623021,0.615290061966642
1163,"Sambar deer","SBR",3,"ndvi_cv + elev + BB + DD",-0.541610795663157,0.667134208879124,0.58181032168945
1164,"Sambar deer","SBR",3,"ndvi_cv + elev + BB + DD",-0.624154764873102,0.644878881800476,0.535714043512705
1165,"Sambar deer","SBR",3,"ndvi_cv + elev + BB + DD",-0.679762754710806,0.641936563296802,0.506737199237107
1166,"Sambar deer","SBR",3,"ndvi_cv + elev + BB + DD",-0.586483834127913,0.64147071263468,0.556279822145512
1167,"Sambar deer","SBR",3,"ndvi_cv + elev + BB + DD",-0.549343785342266,0.678703310831153,0.577328542281173
1168,"Sambar deer","SBR",3,"ndvi_cv + elev + BB + DD",-0.518347223535088,0.681088663615643,0.595503970482777
1169,"Sambar deer","SBR",3,"ndvi_cv + elev + BB + DD",-0.497410698328742,0.682282209985371,0.608103186479183
1170,"Sambar deer","SBR",3,"ndvi_cv + elev + BB + DD",-0.460945698866935,0.674025492939252,0.630686924092837
1171,"Sambar deer","SBR",3,"ndvi_cv + elev + BB + DD",-0.468172088731801,0.67744018888328,0.626145761884709
1172,"Sambar deer","SBR",3,"ndvi_cv + elev + BB + DD",-0.478530127101397,0.675713767515282,0.61969360391259
1173,"Sambar deer","SBR",3,"ndvi_cv + elev + BB + DD",-0.502798224991574,0.693117753433015,0.604835840382316
1174,"Sambar deer","SBR",3,"ndvi_cv + elev + BB + DD",-0.496664885881765,0.701052736797994,0.608556885648248
1175,"Sambar deer","SBR",3,"ndvi_cv + elev + BB + DD",-0.506238311875291,0.708394839947006,0.602758709871876
1176,"Sambar deer","SBR",3,"ndvi_cv + elev + BB + DD",-0.485415633210578,0.699392470943396,0.615441354065333
1177,"Sambar deer","SBR",3,"ndvi_cv + elev + BB + DD",-0.500881753275827,0.686277077102283,0.60599608636996
1178,"Sambar deer","SBR",3,"ndvi_cv + elev + BB + DD",-0.488910136910815,0.681444061914134,0.613294437101083
1179,"Sambar deer","SBR",3,"ndvi_cv + elev + BB + DD",-0.449916777959192,0.693504689058518,0.637681233183098
1180,"Sambar deer","SBR",3,"ndvi_cv + elev + BB + DD",-0.420767728532954,0.709473292134393,0.656542580146506
1181,"Sambar deer","SBR",3,"ndvi_cv + elev + BB + DD",-0.402345682099719,0.714727153479268,0.668749535772444
1182,"Sambar deer","SBR",3,"ndvi_cv + elev + BB + DD",-0.391226289292592,0.744275932850026,0.676227115922537
1183,"Sambar deer","SBR",3,"ndvi_cv + elev + BB + DD",-0.35565330502717,0.759477106506374,0.700715512918096
1184,"Sambar deer","SBR",3,"ndvi_cv + elev + BB + DD",-0.346765639738765,0.774164269652969,0.706971025631552
1185,"Sambar deer","SBR",3,"ndvi_cv + elev + BB + DD",-0.291559654002501,0.814731270383025,0.747097447196918
1186,"Sambar deer","SBR",3,"ndvi_cv + elev + BB + DD",-0.290466144653212,0.835856769662527,0.747914849887572
1187,"Sambar deer","SBR",3,"ndvi_cv + elev + BB + DD",-0.257971687409282,0.849840637348246,0.772617109323654
1188,"Sambar deer","SBR",3,"ndvi_cv + elev + BB + DD",-0.264103477171157,0.887164215974295,0.767894079217862
1189,"Sambar deer","SBR",3,"ndvi_cv + elev + BB + DD",-0.277958771142216,0.898878207752085,0.75732804594933
1190,"Sambar deer","SBR",3,"ndvi_cv + elev + BB + DD",-0.26249630708598,0.938945163159155,0.769129205920026
1191,"Sambar deer","SBR",3,"ndvi_cv + elev + BB + DD",-0.261323878317832,1.00401775726892,0.770031482856569
1192,"Sambar deer","SBR",3,"ndvi_cv + elev + BB + DD",-0.0977716573762624,0.835255197549226,0.906855954198591
1193,"Sambar deer","SBR",3,"ndvi_cv + elev + BB + DD",-0.118550828856797,0.790541176544709,0.888206674563102
1194,"Sambar deer","SBR",3,"ndvi_cv + elev + BB + DD",-0.172274523499576,0.748694987624474,0.841748070178872
1195,"Sambar deer","SBR",3,"ndvi_cv + elev + BB + DD",-0.152945024855671,0.744883761699317,0.858176904115112
1196,"Sambar deer","SBR",3,"ndvi_cv + elev + BB + DD",-0.129990076815296,0.725165365432062,0.878104144474744
1197,"Sambar deer","SBR",3,"ndvi_cv + elev + BB + DD",-0.159713881115074,0.713821581798418,0.852387649872048
1198,"Sambar deer","SBR",3,"ndvi_cv + elev + BB + DD",-0.19575155653998,0.70395028767283,0.822216486274927
1199,"Sambar deer","SBR",3,"ndvi_cv + elev + BB + DD",-0.219693427679016,0.693815761685236,0.802764865766881
1200,"Sambar deer","SBR",3,"ndvi_cv + elev + BB + DD",-0.21425131947997,0.687786097313487,0.807145508178293
1201,"Sambar deer","SBR",3,"ndvi_cv + elev + BB + DD",-0.202947811944086,0.660804165195651,0.81632085270016
1202,"Sambar deer","SBR",3,"ndvi_cv + elev + BB + DD",-0.247169270526105,0.616227733304701,0.78100848094443
1203,"Sambar deer","SBR",3,"ndvi_cv + elev + BB + DD",-0.256780254581034,0.338436221697942,0.773538177515734
1204,"Sambar deer","SBR",3,"ndvi_cv + elev + BB + DD",-0.312680996746554,0.605316930757293,0.731483235982679
1205,"Sambar deer","SBR",3,"ndvi_cv + elev + BB + DD",-0.375166967452974,0.636864936509997,0.687174533448125
1206,"Sambar deer","SBR",3,"ndvi_cv + elev + BB + DD",-0.427193338503595,0.645704730302367,0.652337418537327
1207,"Sambar deer","SBR",3,"ndvi_cv + elev + BB + DD",-0.500964058339998,0.655699825176945,0.605946216963275
1208,"Sambar deer","SBR",3,"ndvi_cv + elev + BB + DD",-0.563428034811178,0.652674350309695,0.569254291984427
1209,"Sambar deer","SBR",3,"ndvi_cv + elev + BB + DD",-0.659607005827662,0.639806802805409,0.517054493975918
1210,"Sambar deer","SBR",3,"ndvi_cv + elev + BB + DD",-0.736672258546944,0.585171138176947,0.47870427328405
1211,"Sambar deer","SBR",3,"ndvi_cv + elev + BB + DD",-0.607936969646284,0.640038845538029,0.544472975545722
1212,"Sambar deer","SBR",3,"ndvi_cv + elev + BB + DD",-0.54933182360152,0.658384105350955,0.577335448226349
1213,"Sambar deer","SBR",3,"ndvi_cv + elev + BB + DD",-0.537668260239467,0.669352717765826,0.584108655133823
1214,"Sambar deer","SBR",3,"ndvi_cv + elev + BB + DD",-0.487081838149907,0.670547602541745,0.614416749666567
1215,"Sambar deer","SBR",3,"ndvi_cv + elev + BB + DD",-0.480638780246348,0.684193027429166,0.618388261204603
1216,"Sambar deer","SBR",3,"ndvi_cv + elev + BB + DD",-0.471746483609797,0.694657229693472,0.623911668553381
1217,"Sambar deer","SBR",3,"ndvi_cv + elev + BB + DD",-0.465412004520858,0.692058481779647,0.62787640205705
1218,"Sambar deer","SBR",3,"ndvi_cv + elev + BB + DD",-0.45340605106435,0.69417239506142,0.635460054152029
1219,"Sambar deer","SBR",3,"ndvi_cv + elev + BB + DD",-0.494564311180773,0.681236824254572,0.609836550248356
1220,"Sambar deer","SBR",3,"ndvi_cv + elev + BB + DD",-0.517399974809923,0.690599903419675,0.596068328654026
1221,"Sambar deer","SBR",3,"ndvi_cv + elev + BB + DD",-0.527707806006307,0.689598066783156,0.589955713979124
1222,"Sambar deer","SBR",3,"ndvi_cv + elev + BB + DD",-0.480826309629558,0.680139731744929,0.618272299980969
1223,"Sambar deer","SBR",3,"ndvi_cv + elev + BB + DD",-0.455889336268955,0.705547979068762,0.633883981450562
1224,"Sambar deer","SBR",3,"ndvi_cv + elev + BB + DD",-0.425076545671292,0.703245319989291,0.653719743805259
1225,"Sambar deer","SBR",3,"ndvi_cv + elev + BB + DD",-0.402110196462038,0.703068537961248,0.668907032256193
1226,"Sambar deer","SBR",3,"ndvi_cv + elev + BB + DD",-0.371209156486409,0.70170434060824,0.689899630811611
1227,"Sambar deer","SBR",3,"ndvi_cv + elev + BB + DD",-0.375975760351738,0.725357020005574,0.686618976253613
1228,"Sambar deer","SBR",3,"ndvi_cv + elev + BB + DD",-0.339973783707311,0.74816542961808,0.711788983587065
1229,"Sambar deer","SBR",3,"ndvi_cv + elev + BB + DD",-0.349966202982333,0.763576520874422,0.704711906707875
1230,"Sambar deer","SBR",3,"ndvi_cv + elev + BB + DD",-0.314928894879759,0.799903810558044,0.729840767906709
1231,"Sambar deer","SBR",3,"ndvi_cv + elev + BB + DD",-0.257228749483513,0.829870327679058,0.773191332196657
1232,"Sambar deer","SBR",3,"ndvi_cv + elev + BB + DD",-0.234346628941053,0.845425250417026,0.791087558513043
1233,"Sambar deer","SBR",3,"ndvi_cv + elev + BB + DD",-0.260712682388395,0.86470722527921,0.770502278946342
1234,"Sambar deer","SBR",3,"ndvi_cv + elev + BB + DD",-0.236427479584831,0.904013240434691,0.789443167628178
1235,"Sambar deer","SBR",3,"ndvi_cv + elev + BB + DD",-0.235768561915678,0.923771840218849,0.789963490134555
1236,"Sambar deer","SBR",3,"ndvi_cv + elev + BB + DD",-0.230379214722798,1.00282430638507,0.794232366161957
1237,"Sambar deer","SBR",3,"ndvi_cv + elev + BB + DD",-0.219150752142605,1.14013340752951,0.803200624886892
1238,"Sambar deer","SBR",3,"ndvi_cv + elev + BB + DD",-0.11872221120877,1.01257230244672,0.888054466493601
1239,"Sambar deer","SBR",3,"ndvi_cv + elev + BB + DD",-0.150372092503913,0.861071720204689,0.860387797912634
1240,"Sambar deer","SBR",3,"ndvi_cv + elev + BB + DD",-0.147532187863454,0.766536282303882,0.862834734322651
1241,"Sambar deer","SBR",3,"ndvi_cv + elev + BB + DD",-0.160227183247897,0.736245163207087,0.851950218886588
1242,"Sambar deer","SBR",3,"ndvi_cv + elev + BB + DD",-0.180412459250012,0.721836918423381,0.834925783182821
1243,"Sambar deer","SBR",3,"ndvi_cv + elev + BB + DD",-0.173100563104036,0.728298832968172,0.84105303335405
1244,"Sambar deer","SBR",3,"ndvi_cv + elev + BB + DD",-0.181695945089656,0.713865375203059,0.833854839557123
1245,"Sambar deer","SBR",3,"ndvi_cv + elev + BB + DD",-0.202783225836109,0.691388759712267,0.816455209889236
1246,"Sambar deer","SBR",3,"ndvi_cv + elev + BB + DD",-0.205827634395738,0.698723974661809,0.813973367817666
1247,"Sambar deer","SBR",3,"ndvi_cv + elev + BB + DD",-0.173041722270627,0.695219008724147,0.841102521568474
1248,"Sambar deer","SBR",3,"ndvi_cv + elev + BB + DD",-0.2120624449798,0.662755331425633,0.808914186245263
1249,"Sambar deer","SBR",3,"ndvi_cv + elev + BB + DD",-0.240532762430695,0.629303156869104,0.786208886945337
1250,"Sambar deer","SBR",3,"ndvi_cv + elev + BB + DD",-0.288066274358197,0.61575123995164,0.749711916524405
1251,"Sambar deer","SBR",3,"ndvi_cv + elev + BB + DD",-0.337149575946886,0.611794020394174,0.713802065489268
1252,"Sambar deer","SBR",3,"ndvi_cv + elev + BB + DD",-0.381990638610354,0.644151110036544,0.682501444844668
1253,"Sambar deer","SBR",3,"ndvi_cv + elev + BB + DD",-0.426860882203927,0.642955357305434,0.652554330202597
1254,"Sambar deer","SBR",3,"ndvi_cv + elev + BB + DD",-0.466616765208488,0.658249970150089,0.627120379582875
1255,"Sambar deer","SBR",3,"ndvi_cv + elev + BB + DD",-0.543424596593489,0.655803067532674,0.580756014630179
1256,"Sambar deer","SBR",3,"ndvi_cv + elev + BB + DD",-0.588957690375856,0.644792901274029,0.554905366652592
1257,"Sambar deer","SBR",3,"ndvi_cv + elev + BB + DD",-0.619683555772667,0.637893729013517,0.538114695197221
1258,"Sambar deer","SBR",3,"ndvi_cv + elev + BB + DD",-0.603515617804169,0.647828946387725,0.546885611955811
1259,"Sambar deer","SBR",3,"ndvi_cv + elev + BB + DD",-0.54392746752799,0.660938212454657,0.580464017235607
1260,"Sambar deer","SBR",3,"ndvi_cv + elev + BB + DD",-0.531372160915109,0.660673905542884,0.587797879895337
1261,"Sambar deer","SBR",3,"ndvi_cv + elev + BB + DD",-0.503507623106478,0.67897242015103,0.604406908178936
1262,"Sambar deer","SBR",3,"ndvi_cv + elev + BB + DD",-0.484451240400401,0.674499824123309,0.616035160909925
1263,"Sambar deer","SBR",3,"ndvi_cv + elev + BB + DD",-0.454530452178147,0.692033783006253,0.634745943473537
1264,"Sambar deer","SBR",3,"ndvi_cv + elev + BB + DD",-0.477949967224742,0.706223922208916,0.620053219712866
1265,"Sambar deer","SBR",3,"ndvi_cv + elev + BB + DD",-0.478772177540689,0.682022677432899,0.619543615819913
1266,"Sambar deer","SBR",3,"ndvi_cv + elev + BB + DD",-0.483996346318932,0.678118983909462,0.616315453729656
1267,"Sambar deer","SBR",3,"ndvi_cv + elev + BB + DD",-0.484168596224135,0.692125241388869,0.616209302696712
1268,"Sambar deer","SBR",3,"ndvi_cv + elev + BB + DD",-0.515343343717956,0.6878121014017,0.597295481856529
1269,"Sambar deer","SBR",3,"ndvi_cv + elev + BB + DD",-0.491281616803464,0.691406115066599,0.611841749024041
1270,"Sambar deer","SBR",3,"ndvi_cv + elev + BB + DD",-0.455325668735102,0.718171422796362,0.634241381962194
1271,"Sambar deer","SBR",3,"ndvi_cv + elev + BB + DD",-0.417150251637853,0.714255092966656,0.658921908456422
1272,"Sambar deer","SBR",3,"ndvi_cv + elev + BB + DD",-0.392348077050007,0.705568237548332,0.675468958182678
1273,"Sambar deer","SBR",3,"ndvi_cv + elev + BB + DD",-0.369705550021915,0.714019309937246,0.690937751860004
1274,"Sambar deer","SBR",3,"ndvi_cv + elev + BB + DD",-0.336621742759333,0.728056341281839,0.714178932694284
1275,"Sambar deer","SBR",3,"ndvi_cv + elev + BB + DD",-0.335064078836389,0.733897025631331,0.71529224979317
1276,"Sambar deer","SBR",3,"ndvi_cv + elev + BB + DD",-0.312643857482445,0.769485179491541,0.731510405015495
1277,"Sambar deer","SBR",3,"ndvi_cv + elev + BB + DD",-0.296761714242259,0.79249085943907,0.743221090311144
1278,"Sambar deer","SBR",3,"ndvi_cv + elev + BB + DD",-0.244410417514811,0.810564687893737,0.783166144894252
1279,"Sambar deer","SBR",3,"ndvi_cv + elev + BB + DD",-0.268935954048806,0.837743900670763,0.764192209687449
1280,"Sambar deer","SBR",3,"ndvi_cv + elev + BB + DD",-0.251105579042636,0.854734185479637,0.777940233039569
1281,"Sambar deer","SBR",3,"ndvi_cv + elev + BB + DD",-0.23912582979086,0.887851582056349,0.787315821904658
1282,"Sambar deer","SBR",3,"ndvi_cv + elev + BB + DD",-0.227535384359532,0.933269275655589,0.796494249398751
1283,"Sambar deer","SBR",3,"ndvi_cv + elev + BB + DD",-0.218355203043913,0.972729737131496,0.803839889727195
1284,"Sambar deer","SBR",3,"ndvi_cv + elev + BB + DD",-0.214668336208513,1.06559172451148,0.806808986731908
1285,"Sambar deer","SBR",3,"ndvi_cv + elev + BB + DD",-0.176479870902943,1.0159365747064,0.838215651521829
1286,"Sambar deer","SBR",3,"ndvi_cv + elev + BB + DD",-0.187814449738481,0.853166721795657,0.828768471706892
1287,"Sambar deer","SBR",3,"ndvi_cv + elev + BB + DD",-0.176025336253011,0.785934205853318,0.83859673682928
1288,"Sambar deer","SBR",3,"ndvi_cv + elev + BB + DD",-0.177124752371428,0.743446524681713,0.837675278498089
1289,"Sambar deer","SBR",3,"ndvi_cv + elev + BB + DD",-0.199487504492327,0.742278163737459,0.819150502219525
1290,"Sambar deer","SBR",3,"ndvi_cv + elev + BB + DD",-0.196473373235847,0.720180810591765,0.821623209972722
1291,"Sambar deer","SBR",3,"ndvi_cv + elev + BB + DD",-0.2131494129716,0.73094269213483,0.808035397227713
1292,"Sambar deer","SBR",3,"ndvi_cv + elev + BB + DD",-0.195919757536112,0.71410769219244,0.822078207497179
1293,"Sambar deer","SBR",3,"ndvi_cv + elev + BB + DD",-0.180751674252605,0.714141631523575,0.83464259643094
1294,"Sambar deer","SBR",3,"ndvi_cv + elev + BB + DD",-0.198827784236107,0.671060720897319,0.819691044999635
1295,"Sambar deer","SBR",3,"ndvi_cv + elev + BB + DD",-0.179357670215979,0.676185079568697,0.835806906383989
1296,"Sambar deer","SBR",3,"ndvi_cv + elev + BB + DD",-0.2177001867736,0.644625150297004,0.804366565323694
1297,"Sambar deer","SBR",3,"ndvi_cv + elev + BB + DD",-0.288533832049412,0.632550002924082,0.74936146264056
1298,"Sambar deer","SBR",3,"ndvi_cv + elev + BB + DD",-0.331858013693701,0.625736251205042,0.717589209651025
1299,"Sambar deer","SBR",3,"ndvi_cv + elev + BB + DD",-0.365003093447344,0.638266202051684,0.69419450397747
1300,"Sambar deer","SBR",3,"ndvi_cv + elev + BB + DD",-0.423493456269425,0.642057739978325,0.65475546020305
1301,"Sambar deer","SBR",3,"ndvi_cv + elev + BB + DD",-0.471781840078178,0.638819469724899,0.62388960780395
1302,"Sambar deer","SBR",3,"ndvi_cv + elev + BB + DD",-0.52592375327328,0.639849021770533,0.591009165512584
1303,"Sambar deer","SBR",3,"ndvi_cv + elev + BB + DD",-0.541914318652066,0.635645264288105,0.581633753732048
1304,"Sambar deer","SBR",3,"ndvi_cv + elev + BB + DD",-0.536633631536071,0.640176071404955,0.584713308653314
1305,"Sambar deer","SBR",3,"ndvi_cv + elev + BB + DD",-0.537132499870334,0.644342346331388,0.584421682719695
1306,"Sambar deer","SBR",3,"ndvi_cv + elev + BB + DD",-0.55014584212589,0.651523062606304,0.576865672929158
1307,"Sambar deer","SBR",3,"ndvi_cv + elev + BB + DD",-0.54046375633018,0.657777129471382,0.582478061913431
1308,"Sambar deer","SBR",3,"ndvi_cv + elev + BB + DD",-0.511823585259995,0.684436467383175,0.59940152280154
1309,"Sambar deer","SBR",3,"ndvi_cv + elev + BB + DD",-0.508925233651218,0.682413382026093,0.601141320411436
1310,"Sambar deer","SBR",3,"ndvi_cv + elev + BB + DD",-0.468899006232609,0.69552823039841,0.625690770889827
1311,"Sambar deer","SBR",3,"ndvi_cv + elev + BB + DD",-0.449167130847827,0.690574917577934,0.638159433694375
1312,"Sambar deer","SBR",3,"ndvi_cv + elev + BB + DD",-0.469245098218147,0.686791938751253,0.62547428558843
1313,"Sambar deer","SBR",3,"ndvi_cv + elev + BB + DD",-0.465882085909426,0.679998665357117,0.627581285639224
1314,"Sambar deer","SBR",3,"ndvi_cv + elev + BB + DD",-0.487193349675042,0.700569892463867,0.614348251436434
1315,"Sambar deer","SBR",3,"ndvi_cv + elev + BB + DD",-0.497123841846528,0.692620606270685,0.608277650475127
1316,"Sambar deer","SBR",3,"ndvi_cv + elev + BB + DD",-0.45759917373077,0.705582232491572,0.632801068967864
1317,"Sambar deer","SBR",3,"ndvi_cv + elev + BB + DD",-0.421084606185073,0.710685538174516,0.656334574239358
1318,"Sambar deer","SBR",3,"ndvi_cv + elev + BB + DD",-0.378431998279747,0.707327090040533,0.684934546230627
1319,"Sambar deer","SBR",3,"ndvi_cv + elev + BB + DD",-0.375195676525969,0.695962666299848,0.687154808294447
1320,"Sambar deer","SBR",3,"ndvi_cv + elev + BB + DD",-0.36072362834269,0.719533710175612,0.69717165095029
1321,"Sambar deer","SBR",3,"ndvi_cv + elev + BB + DD",-0.308605207868932,0.730496461240025,0.734470677262362
1322,"Sambar deer","SBR",3,"ndvi_cv + elev + BB + DD",-0.30962411289885,0.751028120668499,0.733722701769724
1323,"Sambar deer","SBR",3,"ndvi_cv + elev + BB + DD",-0.289523980057397,0.758850315149625,0.748619843647575
1324,"Sambar deer","SBR",3,"ndvi_cv + elev + BB + DD",-0.288713238464718,0.779608678170729,0.74922704419737
1325,"Sambar deer","SBR",3,"ndvi_cv + elev + BB + DD",-0.220066811248731,0.800490562141619,0.802465189872758
1326,"Sambar deer","SBR",3,"ndvi_cv + elev + BB + DD",-0.199983174507584,0.803071842501301,0.818744528846405
1327,"Sambar deer","SBR",3,"ndvi_cv + elev + BB + DD",-0.208633841416602,0.842506934096584,0.811692421341362
1328,"Sambar deer","SBR",3,"ndvi_cv + elev + BB + DD",-0.209137647211954,0.876431558209751,0.811283559974711
1329,"Sambar deer","SBR",3,"ndvi_cv + elev + BB + DD",-0.198865150350992,0.889371980425853,0.81966046692907
1330,"Sambar deer","SBR",3,"ndvi_cv + elev + BB + DD",-0.176043732252654,0.939973524700172,0.838581310804748
1331,"Sambar deer","SBR",3,"ndvi_cv + elev + BB + DD",-0.204254087727748,1.04670016456747,0.81525519895195
1332,"Sambar deer","SBR",3,"ndvi_cv + elev + BB + DD",-0.162508857489158,0.900883048532402,0.8500085614546
1333,"Sambar deer","SBR",3,"ndvi_cv + elev + BB + DD",-0.224672773555944,0.792550658053785,0.798777557293968
1334,"Sambar deer","SBR",3,"ndvi_cv + elev + BB + DD",-0.216114357398585,0.755483524715322,0.80564316581807
1335,"Sambar deer","SBR",3,"ndvi_cv + elev + BB + DD",-0.210887026557541,0.737270707395303,0.809865555971814
1336,"Sambar deer","SBR",3,"ndvi_cv + elev + BB + DD",-0.182238249531527,0.71345200755552,0.833402769313483
1337,"Sambar deer","SBR",3,"ndvi_cv + elev + BB + DD",-0.206028673752726,0.718750510309624,0.813809741004768
1338,"Sambar deer","SBR",3,"ndvi_cv + elev + BB + DD",-0.19659304407311,0.714258211032127,0.821524889792034
1339,"Sambar deer","SBR",3,"ndvi_cv + elev + BB + DD",-0.161772561816895,0.693167903779803,0.85063465024851
1340,"Sambar deer","SBR",3,"ndvi_cv + elev + BB + DD",-0.157570220518122,0.671724608656838,0.854216830996908
1341,"Sambar deer","SBR",3,"ndvi_cv + elev + BB + DD",-0.208336274690541,0.657067514116453,0.811933960749244
1342,"Sambar deer","SBR",3,"ndvi_cv + elev + BB + DD",-0.212915185988294,0.656272974336604,0.808224684222681
1343,"Sambar deer","SBR",3,"ndvi_cv + elev + BB + DD",-0.253003986629132,0.630480873966452,0.776464786345533
1344,"Sambar deer","SBR",3,"ndvi_cv + elev + BB + DD",-0.308424891661179,0.635577743431523,0.73460312769671
1345,"Sambar deer","SBR",3,"ndvi_cv + elev + BB + DD",-0.337444622456822,0.635886434370734,0.713591491625176
1346,"Sambar deer","SBR",3,"ndvi_cv + elev + BB + DD",-0.389925558902606,0.630067549194003,0.677107295992809
1347,"Sambar deer","SBR",3,"ndvi_cv + elev + BB + DD",-0.443856675197186,0.637395594041441,0.641557365337245
1348,"Sambar deer","SBR",3,"ndvi_cv + elev + BB + DD",-0.485948003522714,0.638115891385831,0.615113792410529
1349,"Sambar deer","SBR",3,"ndvi_cv + elev + BB + DD",-0.489417053455,0.643857020270696,0.612983626775087
1350,"Sambar deer","SBR",3,"ndvi_cv + elev + BB + DD",-0.510112868897097,0.649065982936649,0.600427809498298
1351,"Sambar deer","SBR",3,"ndvi_cv + elev + BB + DD",-0.532309098158513,0.635472634426181,0.587247391308289
1352,"Sambar deer","SBR",3,"ndvi_cv + elev + BB + DD",-0.52891494961274,0.654626591367418,0.589243986483386
1353,"Sambar deer","SBR",3,"ndvi_cv + elev + BB + DD",-0.523249773801345,0.65704781919324,0.592591627428391
1354,"Sambar deer","SBR",3,"ndvi_cv + elev + BB + DD",-0.507490692095937,0.667609407839415,0.602004303167375
1355,"Sambar deer","SBR",3,"ndvi_cv + elev + BB + DD",-0.501935914449123,0.690935146193262,0.605357606282796
1356,"Sambar deer","SBR",3,"ndvi_cv + elev + BB + DD",-0.468819279775807,0.686649380496968,0.625740660320726
1357,"Sambar deer","SBR",3,"ndvi_cv + elev + BB + DD",-0.436756102256268,0.691682979692371,0.646129002150637
1358,"Sambar deer","SBR",3,"ndvi_cv + elev + BB + DD",-0.461217914960798,0.681921652920275,0.63051526488531
1359,"Sambar deer","SBR",3,"ndvi_cv + elev + BB + DD",-0.462731291069138,0.700280613735421,0.629561778676577
1360,"Sambar deer","SBR",3,"ndvi_cv + elev + BB + DD",-0.462129542121488,0.682640173799544,0.629940736566541
1361,"Sambar deer","SBR",3,"ndvi_cv + elev + BB + DD",-0.468872195830904,0.703459558514724,0.625707548235834
1362,"Sambar deer","SBR",3,"ndvi_cv + elev + BB + DD",-0.434177397390419,0.691311937736541,0.647797329875302
1363,"Sambar deer","SBR",3,"ndvi_cv + elev + BB + DD",-0.40994059048997,0.714956661496729,0.663689679033634
1364,"Sambar deer","SBR",3,"ndvi_cv + elev + BB + DD",-0.37886707156541,0.714247968713816,0.684636614294459
1365,"Sambar deer","SBR",3,"ndvi_cv + elev + BB + DD",-0.379197965310503,0.687672731121461,0.684410109812539
1366,"Sambar deer","SBR",3,"ndvi_cv + elev + BB + DD",-0.327822673401425,0.709400553235401,0.720490770661144
1367,"Sambar deer","SBR",3,"ndvi_cv + elev + BB + DD",-0.314767193839636,0.73810104210027,0.729958793466563
1368,"Sambar deer","SBR",3,"ndvi_cv + elev + BB + DD",-0.26411012363825,0.737121670793088,0.767888973606512
1369,"Sambar deer","SBR",3,"ndvi_cv + elev + BB + DD",-0.274363889653993,0.747651067763085,0.760055459844384
1370,"Sambar deer","SBR",3,"ndvi_cv + elev + BB + DD",-0.221070357002444,0.773234368447692,0.801660276296874
1371,"Sambar deer","SBR",3,"ndvi_cv + elev + BB + DD",-0.205891420750126,0.77130448484476,0.813921448167705
1372,"Sambar deer","SBR",3,"ndvi_cv + elev + BB + DD",-0.154203150644617,0.805044595566492,0.857097883345896
1373,"Sambar deer","SBR",3,"ndvi_cv + elev + BB + DD",-0.150929275840516,0.827112453395763,0.859908513724873
1374,"Sambar deer","SBR",3,"ndvi_cv + elev + BB + DD",-0.184870399052411,0.858631511399657,0.831212006135585
1375,"Sambar deer","SBR",3,"ndvi_cv + elev + BB + DD",-0.135398396789091,0.889468510889651,0.873367897882362
1376,"Sambar deer","SBR",3,"ndvi_cv + elev + BB + DD",-0.192883810972937,0.911230792807109,0.824577775652535
1377,"Sambar deer","SBR",3,"ndvi_cv + elev + BB + DD",-0.157915747524848,1.03273640936859,0.853921725072414
1378,"Sambar deer","SBR",3,"ndvi_cv + elev + BB + DD",-0.237774012666271,0.836943157845073,0.788380865711236
1379,"Sambar deer","SBR",3,"ndvi_cv + elev + BB + DD",-0.22142612156149,0.76759933532809,0.801375124401883
1380,"Sambar deer","SBR",3,"ndvi_cv + elev + BB + DD",-0.210731705612152,0.745774125951748,0.809991353994438
1381,"Sambar deer","SBR",3,"ndvi_cv + elev + BB + DD",-0.1819640403938,0.735627426881108,0.833631317001496
1382,"Sambar deer","SBR",3,"ndvi_cv + elev + BB + DD",-0.199048945203395,0.716164540312202,0.819509786268281
1383,"Sambar deer","SBR",3,"ndvi_cv + elev + BB + DD",-0.177537560941205,0.718431737691748,0.837329548496085
1384,"Sambar deer","SBR",3,"ndvi_cv + elev + BB + DD",-0.196237299048154,0.702800870611954,0.821817222432203
1385,"Sambar deer","SBR",3,"ndvi_cv + elev + BB + DD",-0.188623764112937,0.679254655904053,0.828098010600407
1386,"Sambar deer","SBR",3,"ndvi_cv + elev + BB + DD",-0.193986362895421,0.66408116091975,0.823669137039149
1387,"Sambar deer","SBR",3,"ndvi_cv + elev + BB + DD",-0.19170006016601,0.653727855161703,0.825554448052637
1388,"Sambar deer","SBR",3,"ndvi_cv + elev + BB + DD",-0.266275594934916,0.654063009473664,0.766227930305075
1389,"Sambar deer","SBR",3,"ndvi_cv + elev + BB + DD",-0.286538609773071,0.654887437602261,0.750858088524425
1390,"Sambar deer","SBR",3,"ndvi_cv + elev + BB + DD",-0.341143320014078,0.629500986790331,0.710957007000134
1391,"Sambar deer","SBR",3,"ndvi_cv + elev + BB + DD",-0.366820765319037,0.629994932055121,0.692933833893432
1392,"Sambar deer","SBR",3,"ndvi_cv + elev + BB + DD",-0.402324607817697,0.628974410435699,0.668763624690339
1393,"Sambar deer","SBR",3,"ndvi_cv + elev + BB + DD",-0.447603355041306,0.627396784503788,0.639158154350366
1394,"Sambar deer","SBR",3,"ndvi_cv + elev + BB + DD",-0.422008159193219,0.627695300338549,0.655728689239302
1395,"Sambar deer","SBR",3,"ndvi_cv + elev + BB + DD",-0.45794837027611,0.641477202633515,0.632580135319657
1396,"Sambar deer","SBR",3,"ndvi_cv + elev + BB + DD",-0.499178381306746,0.635207045241137,0.607029202609739
1397,"Sambar deer","SBR",3,"ndvi_cv + elev + BB + DD",-0.500896592331013,0.651762555968843,0.605987092869278
1398,"Sambar deer","SBR",3,"ndvi_cv + elev + BB + DD",-0.509568585574003,0.671324012407749,0.600754697374485
1399,"Sambar deer","SBR",3,"ndvi_cv + elev + BB + DD",-0.51094961732162,0.665049579206665,0.599925611950269
1400,"Sambar deer","SBR",3,"ndvi_cv + elev + BB + DD",-0.45715821511621,0.680482726162525,0.633080175584937
1401,"Sambar deer","SBR",3,"ndvi_cv + elev + BB + DD",-0.45849217709237,0.688502795045403,0.632236230465083
1402,"Sambar deer","SBR",3,"ndvi_cv + elev + BB + DD",-0.440344913994142,0.686823098728947,0.643814322523977
1403,"Sambar deer","SBR",3,"ndvi_cv + elev + BB + DD",-0.438547334002924,0.670157335664309,0.644972676883223
1404,"Sambar deer","SBR",3,"ndvi_cv + elev + BB + DD",-0.4427904221603,0.672988817802461,0.642241793442234
1405,"Sambar deer","SBR",3,"ndvi_cv + elev + BB + DD",-0.450497442985993,0.67513797120786,0.637311048584211
1406,"Sambar deer","SBR",3,"ndvi_cv + elev + BB + DD",-0.426043218418026,0.678567494668975,0.653088116245071
1407,"Sambar deer","SBR",3,"ndvi_cv + elev + BB + DD",-0.403253489238393,0.69571360912547,0.668142717089855
1408,"Sambar deer","SBR",3,"ndvi_cv + elev + BB + DD",-0.381235894792455,0.692299311130685,0.683016774595041
1409,"Sambar deer","SBR",3,"ndvi_cv + elev + BB + DD",-0.318736537052842,0.696174733425585,0.727067080244749
1410,"Sambar deer","SBR",3,"ndvi_cv + elev + BB + DD",-0.301246842615094,0.685145893291483,0.739895116638966
1411,"Sambar deer","SBR",3,"ndvi_cv + elev + BB + DD",-0.278236261958999,0.707404176542637,0.757117939645171
1412,"Sambar deer","SBR",3,"ndvi_cv + elev + BB + DD",-0.270510646428723,0.713759120288599,0.762989777214022
1413,"Sambar deer","SBR",3,"ndvi_cv + elev + BB + DD",-0.260780925520027,0.73753478634972,0.770449687309729
1414,"Sambar deer","SBR",3,"ndvi_cv + elev + BB + DD",-0.229794265211916,0.731650252505935,0.794697082551629
1415,"Sambar deer","SBR",3,"ndvi_cv + elev + BB + DD",-0.197764849109519,0.723859312985662,0.820562786572266
1416,"Sambar deer","SBR",3,"ndvi_cv + elev + BB + DD",-0.169206260749406,0.746881238894063,0.844334732440985
1417,"Sambar deer","SBR",3,"ndvi_cv + elev + BB + DD",-0.14442671301158,0.777406723013701,0.865518342993228
1418,"Sambar deer","SBR",3,"ndvi_cv + elev + BB + DD",-0.137893073399963,0.797744616512483,0.871191843405466
1419,"Sambar deer","SBR",3,"ndvi_cv + elev + BB + DD",-0.164735018386161,0.836861257137529,0.848118413214808
1420,"Sambar deer","SBR",3,"ndvi_cv + elev + BB + DD",-0.142082744151025,0.85513824248968,0.867549503780762
1421,"Sambar deer","SBR",3,"ndvi_cv + elev + BB + DD",-0.130899668805492,0.910993427733852,0.877305796012569
1422,"Sambar deer","SBR",3,"ndvi_cv + elev + BB + DD",-0.189456237106092,1.0409041242819,0.827408925997104
1423,"Sambar deer","SBR",3,"ndvi_cv + elev + BB + DD",-0.184250440763091,0.881654121909354,0.831727483205798
1424,"Sambar deer","SBR",3,"ndvi_cv + elev + BB + DD",-0.185662416802891,0.774312670383316,0.830553929579109
1425,"Sambar deer","SBR",3,"ndvi_cv + elev + BB + DD",-0.17857157977981,0.754821081172636,0.836464182094715
1426,"Sambar deer","SBR",3,"ndvi_cv + elev + BB + DD",-0.217664736047908,0.73960859191427,0.804395163132968
1427,"Sambar deer","SBR",3,"ndvi_cv + elev + BB + DD",-0.208975163060977,0.720980885221452,0.811415388944321
1428,"Sambar deer","SBR",3,"ndvi_cv + elev + BB + DD",-0.166785812181665,0.714439142538917,0.846380880614612
1429,"Sambar deer","SBR",3,"ndvi_cv + elev + BB + DD",-0.196350060450113,0.712788713782127,0.821724546310403
1430,"Sambar deer","SBR",3,"ndvi_cv + elev + BB + DD",-0.187075204895724,0.701263261988552,0.829381366791208
1431,"Sambar deer","SBR",3,"ndvi_cv + elev + BB + DD",-0.209148911159712,0.677014030076503,0.811274449478848
1432,"Sambar deer","SBR",3,"ndvi_cv + elev + BB + DD",-0.222100321688995,0.663875317120907,0.800835019841896
1433,"Sambar deer","SBR",3,"ndvi_cv + elev + BB + DD",-0.246148871017522,0.662055825883148,0.78180582833864
1434,"Sambar deer","SBR",3,"ndvi_cv + elev + BB + DD",-0.266700991267345,0.664546723796056,0.765902049541746
1435,"Sambar deer","SBR",3,"ndvi_cv + elev + BB + DD",-0.300177591010166,0.648117000876643,0.7406866805497
1436,"Sambar deer","SBR",3,"ndvi_cv + elev + BB + DD",-0.34280956501668,0.641629500462578,0.709773364594819
1437,"Sambar deer","SBR",3,"ndvi_cv + elev + BB + DD",-0.366347510487702,0.652218848808896,0.693261843595673
1438,"Sambar deer","SBR",3,"ndvi_cv + elev + BB + DD",-0.395298058130312,0.618096463274953,0.67347927335859
1439,"Sambar deer","SBR",3,"ndvi_cv + elev + BB + DD",-0.417541948038807,0.617125561290999,0.658663861930106
1440,"Sambar deer","SBR",3,"ndvi_cv + elev + BB + DD",-0.418804071907307,0.630883125079381,0.657833071485227
1441,"Sambar deer","SBR",3,"ndvi_cv + elev + BB + DD",-0.497240933406748,0.63059975332365,0.608206429063759
1442,"Sambar deer","SBR",3,"ndvi_cv + elev + BB + DD",-0.503979970438153,0.628044253139095,0.604121483213374
1443,"Sambar deer","SBR",3,"ndvi_cv + elev + BB + DD",-0.50749581149267,0.658721770931137,0.60200121737402
1444,"Sambar deer","SBR",3,"ndvi_cv + elev + BB + DD",-0.467227366298205,0.676504891130566,0.626737594117276
1445,"Sambar deer","SBR",3,"ndvi_cv + elev + BB + DD",-0.431693325963194,0.697264253892041,0.649408503667995
1446,"Sambar deer","SBR",3,"ndvi_cv + elev + BB + DD",-0.415997286237281,0.693049112395085,0.659682063018591
1447,"Sambar deer","SBR",3,"ndvi_cv + elev + BB + DD",-0.425365708669835,0.690486013195923,0.653530740552664
1448,"Sambar deer","SBR",3,"ndvi_cv + elev + BB + DD",-0.434233798936525,0.659579906932443,0.647760792614173
1449,"Sambar deer","SBR",3,"ndvi_cv + elev + BB + DD",-0.44356516969252,0.65588663235533,0.641744411034104
1450,"Sambar deer","SBR",3,"ndvi_cv + elev + BB + DD",-0.406943249269907,0.668523999842128,0.665681976343549
1451,"Sambar deer","SBR",3,"ndvi_cv + elev + BB + DD",-0.391910831009418,0.675809797924946,0.675764383487006
1452,"Sambar deer","SBR",3,"ndvi_cv + elev + BB + DD",-0.349111627225328,0.665070106154888,0.705314395728644
1453,"Sambar deer","SBR",3,"ndvi_cv + elev + BB + DD",-0.321146470977505,0.687308262328325,0.725317011695341
1454,"Sambar deer","SBR",3,"ndvi_cv + elev + BB + DD",-0.287186017530232,0.681898205510443,0.750372133695403
1455,"Sambar deer","SBR",3,"ndvi_cv + elev + BB + DD",-0.253083261767599,0.696075118586669,0.776403241853836
1456,"Sambar deer","SBR",3,"ndvi_cv + elev + BB + DD",-0.234357667114955,0.714564793075152,0.791078842755638
1457,"Sambar deer","SBR",3,"ndvi_cv + elev + BB + DD",-0.233460471036275,0.708134622341767,0.791788899486234
1458,"Sambar deer","SBR",3,"ndvi_cv + elev + BB + DD",-0.213911414979958,0.724750442758133,0.807419915615211
1459,"Sambar deer","SBR",3,"ndvi_cv + elev + BB + DD",-0.194140008780914,0.708530206046313,0.823542593342081
1460,"Sambar deer","SBR",3,"ndvi_cv + elev + BB + DD",-0.202524903205526,0.733851489645784,0.816666145068677
1461,"Sambar deer","SBR",3,"ndvi_cv + elev + BB + DD",-0.145899035082394,0.734935329560619,0.864245031128819
1462,"Sambar deer","SBR",3,"ndvi_cv + elev + BB + DD",-0.144210770154767,0.743592048232966,0.865705265182184
1463,"Sambar deer","SBR",3,"ndvi_cv + elev + BB + DD",-0.109691851392617,0.778288850910913,0.896110228546562
1464,"Sambar deer","SBR",3,"ndvi_cv + elev + BB + DD",-0.122708230979021,0.787237298484571,0.884521707229948
1465,"Sambar deer","SBR",3,"ndvi_cv + elev + BB + DD",-0.163473025460543,0.839560547137322,0.849189417462294
1466,"Sambar deer","SBR",3,"ndvi_cv + elev + BB + DD",-0.142230122980766,0.920966907975426,0.867421653048299
1467,"Sambar deer","SBR",3,"ndvi_cv + elev + BB + DD",-0.172674755214231,0.901354185064837,0.841411237747646
1468,"Sambar deer","SBR",3,"ndvi_cv + elev + BB + DD",-0.181275319034123,0.802002749367513,0.834205662366105
1469,"Sambar deer","SBR",3,"ndvi_cv + elev + BB + DD",-0.196623841755866,0.772461824561201,0.821499599053522
1470,"Sambar deer","SBR",3,"ndvi_cv + elev + BB + DD",-0.167572449794931,0.763624738100018,0.845715353410468
1471,"Sambar deer","SBR",3,"ndvi_cv + elev + BB + DD",-0.168019352033018,0.740630819452111,0.845337475578193
1472,"Sambar deer","SBR",3,"ndvi_cv + elev + BB + DD",-0.159549586758922,0.70875181055948,0.85252769343062
1473,"Sambar deer","SBR",3,"ndvi_cv + elev + BB + DD",-0.1880070041133,0.697892443934548,0.828608903876114
1474,"Sambar deer","SBR",3,"ndvi_cv + elev + BB + DD",-0.201903905378199,0.700845632949831,0.817173450959057
1475,"Sambar deer","SBR",3,"ndvi_cv + elev + BB + DD",-0.224413671591828,0.666286863742972,0.79898457685301
1476,"Sambar deer","SBR",3,"ndvi_cv + elev + BB + DD",-0.222833204793892,0.664751199996615,0.800248349681708
1477,"Sambar deer","SBR",3,"ndvi_cv + elev + BB + DD",-0.234568471940327,0.669559921496689,0.79091207801701
1478,"Sambar deer","SBR",3,"ndvi_cv + elev + BB + DD",-0.249685831858278,0.647072470740705,0.779045501151927
1479,"Sambar deer","SBR",3,"ndvi_cv + elev + BB + DD",-0.272063084529817,0.641126776443285,0.761806267770719
1480,"Sambar deer","SBR",3,"ndvi_cv + elev + BB + DD",-0.298386283270865,0.657467149788069,0.742014657100547
1481,"Sambar deer","SBR",3,"ndvi_cv + elev + BB + DD",-0.337799240415135,0.651952748303213,0.713338483135527
1482,"Sambar deer","SBR",3,"ndvi_cv + elev + BB + DD",-0.367568513744417,0.637134852622066,0.692415885201614
1483,"Sambar deer","SBR",3,"ndvi_cv + elev + BB + DD",-0.405511204873786,0.641230057215541,0.666635936328343
1484,"Sambar deer","SBR",3,"ndvi_cv + elev + BB + DD",-0.434992087164055,0.638011464575192,0.647269791409937
1485,"Sambar deer","SBR",3,"ndvi_cv + elev + BB + DD",-0.501783259297142,0.578700053953632,0.605450028401851
1486,"Sambar deer","SBR",3,"ndvi_cv + elev + BB + DD",-0.598937460684352,0.511290606619097,0.549395084404949
1487,"Sambar deer","SBR",3,"ndvi_cv + elev + BB + DD",-0.46114782474225,0.660580152997487,0.630559460354655
1488,"Sambar deer","SBR",3,"ndvi_cv + elev + BB + DD",-0.425339958218385,0.683436751929617,0.653547568987286
1489,"Sambar deer","SBR",3,"ndvi_cv + elev + BB + DD",-0.370361330852317,0.689586675727166,0.690484792203153
1490,"Sambar deer","SBR",3,"ndvi_cv + elev + BB + DD",-0.406536382807636,0.698503189180308,0.665952867107108
1491,"Sambar deer","SBR",3,"ndvi_cv + elev + BB + DD",-0.401808384556923,0.689415217523021,0.669108950209628
1492,"Sambar deer","SBR",3,"ndvi_cv + elev + BB + DD",-0.478995753889834,0.662749971320851,0.619405114778596
1493,"Sambar deer","SBR",3,"ndvi_cv + elev + BB + DD",-0.503901583576312,0.636579389724148,0.604168849195688
1494,"Sambar deer","SBR",3,"ndvi_cv + elev + BB + DD",-0.4233534348412,0.651666292211307,0.654847146410386
1495,"Sambar deer","SBR",3,"ndvi_cv + elev + BB + DD",-0.372690509695223,0.650635755714922,0.688878401049194
1496,"Sambar deer","SBR",3,"ndvi_cv + elev + BB + DD",-0.292819734931597,0.659976969760406,0.746156643826746
1497,"Sambar deer","SBR",3,"ndvi_cv + elev + BB + DD",-0.300045941067306,0.686232011704259,0.740784206753633
1498,"Sambar deer","SBR",3,"ndvi_cv + elev + BB + DD",-0.258148601726346,0.684018289617645,0.772480432032003
1499,"Sambar deer","SBR",3,"ndvi_cv + elev + BB + DD",-0.22133599213304,0.69758272377253,0.801447361437832
1500,"Sambar deer","SBR",3,"ndvi_cv + elev + BB + DD",-0.185958483826406,0.693898180202304,0.830308065595403
1501,"Sambar deer","SBR",3,"ndvi_cv + elev + BB + DD",-0.196101067703783,0.710755163870763,0.821929160172573
1502,"Sambar deer","SBR",3,"ndvi_cv + elev + BB + DD",-0.186739163695517,0.723241784846923,0.829660114052098
1503,"Sambar deer","SBR",3,"ndvi_cv + elev + BB + DD",-0.174400030295195,0.717984867098557,0.839960820740002
1504,"Sambar deer","SBR",3,"ndvi_cv + elev + BB + DD",-0.132256587863693,0.710113256293908,0.876116166852908
1505,"Sambar deer","SBR",3,"ndvi_cv + elev + BB + DD",-0.143577250230627,0.71986248987564,0.866253879611733
1506,"Sambar deer","SBR",3,"ndvi_cv + elev + BB + DD",-0.123948720431874,0.759449551048553,0.883425143403313
1507,"Sambar deer","SBR",3,"ndvi_cv + elev + BB + DD",-0.129126573921212,0.780857997004963,0.878862719273869
1508,"Sambar deer","SBR",3,"ndvi_cv + elev + BB + DD",-0.117604677653199,0.794971899119839,0.889047466905097
1509,"Sambar deer","SBR",3,"ndvi_cv + elev + BB + DD",-0.125222271058785,0.831903594842248,0.882300770864116
1510,"Sambar deer","SBR",3,"ndvi_cv + elev + BB + DD",-0.133301889247051,0.946314195020796,0.875200935977661
1511,"Sambar deer","SBR",3,"ndvi_cv + elev + BB + DD",-0.169709158039003,0.961363003762666,0.843910225669941
1512,"Sambar deer","SBR",3,"ndvi_cv + elev + BB + DD",-0.173713269326118,0.833884280286231,0.840537874543725
1513,"Sambar deer","SBR",3,"ndvi_cv + elev + BB + DD",-0.172467953270671,0.788900043093254,0.841585265833416
1514,"Sambar deer","SBR",3,"ndvi_cv + elev + BB + DD",-0.168868081474044,0.778393892851198,0.844620332263593
1515,"Sambar deer","SBR",3,"ndvi_cv + elev + BB + DD",-0.16552783466798,0.762685896795613,0.847446274491003
1516,"Sambar deer","SBR",3,"ndvi_cv + elev + BB + DD",-0.164893009697678,0.733236183080352,0.847984425430523
1517,"Sambar deer","SBR",3,"ndvi_cv + elev + BB + DD",-0.184618529007842,0.720286778509213,0.831421387379826
1518,"Sambar deer","SBR",3,"ndvi_cv + elev + BB + DD",-0.173456534625271,0.699909816861868,0.8407536958432
1519,"Sambar deer","SBR",3,"ndvi_cv + elev + BB + DD",-0.223632910102401,0.680559741775902,0.799608613604563
1520,"Sambar deer","SBR",3,"ndvi_cv + elev + BB + DD",-0.231079117128968,0.669658889188759,0.793676672667633
1521,"Sambar deer","SBR",3,"ndvi_cv + elev + BB + DD",-0.231495003088909,0.655244925868757,0.793346661512206
1522,"Sambar deer","SBR",3,"ndvi_cv + elev + BB + DD",-0.276771858602853,0.646635185830204,0.758227460705395
1523,"Sambar deer","SBR",3,"ndvi_cv + elev + BB + DD",-0.280231966008982,0.649536976568089,0.755608448798598
1524,"Sambar deer","SBR",3,"ndvi_cv + elev + BB + DD",-0.336033916755444,0.652864171128074,0.714598869946069
1525,"Sambar deer","SBR",3,"ndvi_cv + elev + BB + DD",-0.337470997262732,0.652192935150704,0.71357267173832
1526,"Sambar deer","SBR",3,"ndvi_cv + elev + BB + DD",-0.336414934943515,0.663312261029686,0.714326645238048
1527,"Sambar deer","SBR",3,"ndvi_cv + elev + BB + DD",-0.371279232241777,0.646348826369896,0.689851288335244
1528,"Sambar deer","SBR",3,"ndvi_cv + elev + BB + DD",-0.400803398473391,0.648501090666717,0.669781728452935
1529,"Sambar deer","SBR",3,"ndvi_cv + elev + BB + DD",-0.451145824922152,0.63121467298805,0.636897964722671
1530,"Sambar deer","SBR",3,"ndvi_cv + elev + BB + DD",-0.418023613023709,0.638270753766506,0.658346684660401
1531,"Sambar deer","SBR",3,"ndvi_cv + elev + BB + DD",-0.389768771705323,0.646703346052541,0.677213447315218
1532,"Sambar deer","SBR",3,"ndvi_cv + elev + BB + DD",-0.354320874380065,0.692535452993681,0.701649789794838
1533,"Sambar deer","SBR",3,"ndvi_cv + elev + BB + DD",-0.358205656628444,0.688509057176192,0.698929323539991
1534,"Sambar deer","SBR",3,"ndvi_cv + elev + BB + DD",-0.336937498998264,0.704002745942053,0.713953461642893
1535,"Sambar deer","SBR",3,"ndvi_cv + elev + BB + DD",-0.380912931184761,0.704112541406092,0.683237375731325
1536,"Sambar deer","SBR",3,"ndvi_cv + elev + BB + DD",-0.438987878922119,0.658413800451318,0.644688603498796
1537,"Sambar deer","SBR",3,"ndvi_cv + elev + BB + DD",-0.538379375366393,0.601176135793603,0.583693437476257
1538,"Sambar deer","SBR",3,"ndvi_cv + elev + BB + DD",-0.406361136871966,0.630455626577781,0.666069582832349
1539,"Sambar deer","SBR",3,"ndvi_cv + elev + BB + DD",-0.317626971706313,0.645526842353093,0.727874257317312
1540,"Sambar deer","SBR",3,"ndvi_cv + elev + BB + DD",-0.28037734233194,0.649847222902142,0.755498609300672
1541,"Sambar deer","SBR",3,"ndvi_cv + elev + BB + DD",-0.243670439974263,0.672974781284085,0.783745884303204
1542,"Sambar deer","SBR",3,"ndvi_cv + elev + BB + DD",-0.233721599815764,0.674084616666705,0.791582162514534
1543,"Sambar deer","SBR",3,"ndvi_cv + elev + BB + DD",-0.205480105562911,0.679583278788461,0.814256297516158
1544,"Sambar deer","SBR",3,"ndvi_cv + elev + BB + DD",-0.167942347184848,0.68504765812246,0.845402573123093
1545,"Sambar deer","SBR",3,"ndvi_cv + elev + BB + DD",-0.179901342666554,0.707403468781311,0.835352622778655
1546,"Sambar deer","SBR",3,"ndvi_cv + elev + BB + DD",-0.180933370836283,0.710238781580336,0.834490958807464
1547,"Sambar deer","SBR",3,"ndvi_cv + elev + BB + DD",-0.141584310828449,0.718142814367743,0.867981992299417
1548,"Sambar deer","SBR",3,"ndvi_cv + elev + BB + DD",-0.133223023876346,0.716420302754165,0.875269864649978
1549,"Sambar deer","SBR",3,"ndvi_cv + elev + BB + DD",-0.0981895250192724,0.721887183623672,0.906477091103869
1550,"Sambar deer","SBR",3,"ndvi_cv + elev + BB + DD",-0.11319945235533,0.748970113799667,0.892972536929489
1551,"Sambar deer","SBR",3,"ndvi_cv + elev + BB + DD",-0.113267508306859,0.764270445424441,0.892911767270429
1552,"Sambar deer","SBR",3,"ndvi_cv + elev + BB + DD",-0.120112881995788,0.789894823227049,0.886820325992632
1553,"Sambar deer","SBR",3,"ndvi_cv + elev + BB + DD",-0.110233210201485,0.836546156095102,0.895625244286545
1554,"Sambar deer","SBR",3,"ndvi_cv + elev + BB + DD",-0.125208655757371,0.956335888224115,0.882312783795203
1555,"Sambar deer","SBR",3,"ndvi_cv + elev + BB + DD",-0.142249560367543,0.902317617781087,0.867404761621231
1556,"Sambar deer","SBR",3,"ndvi_cv + elev + BB + DD",-0.156759953845783,0.828108772253448,0.854909281435894
1557,"Sambar deer","SBR",3,"ndvi_cv + elev + BB + DD",-0.145736716333556,0.781852022599474,0.864385251777708
1558,"Sambar deer","SBR",3,"ndvi_cv + elev + BB + DD",-0.136161736936122,0.769966663900458,0.872701473839978
1559,"Sambar deer","SBR",3,"ndvi_cv + elev + BB + DD",-0.147726447987108,0.745480142790941,0.862667068384882
1560,"Sambar deer","SBR",3,"ndvi_cv + elev + BB + DD",-0.16037319258959,0.721291080947727,0.851825835038045
1561,"Sambar deer","SBR",3,"ndvi_cv + elev + BB + DD",-0.217579136647266,0.702723771006174,0.804463939872141
1562,"Sambar deer","SBR",3,"ndvi_cv + elev + BB + DD",-0.22300539824728,0.676877015206019,0.800110532167507
1563,"Sambar deer","SBR",3,"ndvi_cv + elev + BB + DD",-0.229403913706178,0.679618380506845,0.795007354669942
1564,"Sambar deer","SBR",3,"ndvi_cv + elev + BB + DD",-0.274102604853917,0.657519333167144,0.760254065622045
1565,"Sambar deer","SBR",3,"ndvi_cv + elev + BB + DD",-0.257554888382361,0.639971171489195,0.772939199823435
1566,"Sambar deer","SBR",3,"ndvi_cv + elev + BB + DD",-0.287891102789229,0.634583706253537,0.749843243639787
1567,"Sambar deer","SBR",3,"ndvi_cv + elev + BB + DD",-0.307214386039506,0.653975436244981,0.735492912686067
1568,"Sambar deer","SBR",3,"ndvi_cv + elev + BB + DD",-0.282306132649173,0.663978796733116,0.754042817552063
1569,"Sambar deer","SBR",3,"ndvi_cv + elev + BB + DD",-0.281060812715177,0.652333627417273,0.7549824217069
1570,"Sambar deer","SBR",3,"ndvi_cv + elev + BB + DD",-0.300703639227357,0.652965859502239,0.740297135362213
1571,"Sambar deer","SBR",3,"ndvi_cv + elev + BB + DD",-0.335488157390902,0.650073790763144,0.714988975240674
1572,"Sambar deer","SBR",3,"ndvi_cv + elev + BB + DD",-0.324349502063382,0.646311914512656,0.722997511486674
1573,"Sambar deer","SBR",3,"ndvi_cv + elev + BB + DD",-0.311943317562846,0.657503573599099,0.732023023614189
1574,"Sambar deer","SBR",3,"ndvi_cv + elev + BB + DD",-0.312875103364241,0.652146476580522,0.731341257158226
1575,"Sambar deer","SBR",3,"ndvi_cv + elev + BB + DD",-0.317480785253691,0.677167723728203,0.727980669211321
1576,"Sambar deer","SBR",3,"ndvi_cv + elev + BB + DD",-0.298676320460038,0.682034663457757,0.741799509007144
1577,"Sambar deer","SBR",3,"ndvi_cv + elev + BB + DD",-0.283981174417514,0.679549520179271,0.752780816545025
1578,"Sambar deer","SBR",3,"ndvi_cv + elev + BB + DD",-0.304616738320209,0.681505084282764,0.737405941773143
1579,"Sambar deer","SBR",3,"ndvi_cv + elev + BB + DD",-0.329489491421136,0.663351669055166,0.719290844337895
1580,"Sambar deer","SBR",3,"ndvi_cv + elev + BB + DD",-0.311856178087007,0.650827714447114,0.732086810822977
1581,"Sambar deer","SBR",3,"ndvi_cv + elev + BB + DD",-0.314080863575243,0.633927326428291,0.73045995820345
1582,"Sambar deer","SBR",3,"ndvi_cv + elev + BB + DD",-0.26651789399461,0.655626703853765,0.766042296380333
1583,"Sambar deer","SBR",3,"ndvi_cv + elev + BB + DD",-0.247874565566669,0.656807633117327,0.780457834873949
1584,"Sambar deer","SBR",3,"ndvi_cv + elev + BB + DD",-0.23820920044353,0.668384114178711,0.788037816744112
1585,"Sambar deer","SBR",3,"ndvi_cv + elev + BB + DD",-0.203852519251929,0.666594051129755,0.815582645284238
1586,"Sambar deer","SBR",3,"ndvi_cv + elev + BB + DD",-0.183186458100886,0.665727731270722,0.832612893844942
1587,"Sambar deer","SBR",3,"ndvi_cv + elev + BB + DD",-0.162582605468628,0.671896970240998,0.849945880274203
1588,"Sambar deer","SBR",3,"ndvi_cv + elev + BB + DD",-0.17577508348423,0.691338283553913,0.838806835373162
1589,"Sambar deer","SBR",3,"ndvi_cv + elev + BB + DD",-0.142845944137039,0.715687310225721,0.866887608597808
1590,"Sambar deer","SBR",3,"ndvi_cv + elev + BB + DD",-0.14054763369987,0.693594750847092,0.86888228463808
1591,"Sambar deer","SBR",3,"ndvi_cv + elev + BB + DD",-0.104329971014357,0.71207274631692,0.900927968483282
1592,"Sambar deer","SBR",3,"ndvi_cv + elev + BB + DD",-0.0854717085758014,0.716966373403766,0.918079116662324
1593,"Sambar deer","SBR",3,"ndvi_cv + elev + BB + DD",-0.0921479449390151,0.740505303182571,0.911970222897167
1594,"Sambar deer","SBR",3,"ndvi_cv + elev + BB + DD",-0.08691176907336,0.76104087776604,0.916757980287426
1595,"Sambar deer","SBR",3,"ndvi_cv + elev + BB + DD",-0.0961923452879118,0.804506205944275,0.90828930141136
1596,"Sambar deer","SBR",3,"ndvi_cv + elev + BB + DD",-0.107476317153181,0.883593115696122,0.898097795573799
1597,"Sambar deer","SBR",3,"ndvi_cv + elev + BB + DD",-0.120093827414569,0.981824574832963,0.886837227275714
1598,"Sambar deer","SBR",3,"ndvi_cv + elev + BB + DD",-0.130364394573437,1.11619376172224,0.877775522279351
1599,"Sambar deer","SBR",3,"ndvi_cv + elev + BB + DD",-0.112903076115824,0.859660903617291,0.893237232168177
1600,"Sambar deer","SBR",3,"ndvi_cv + elev + BB + DD",-0.141488802391896,0.800662658732323,0.868064896217444
1601,"Sambar deer","SBR",3,"ndvi_cv + elev + BB + DD",-0.143956639775182,0.770023110178321,0.865925295346264
1602,"Sambar deer","SBR",3,"ndvi_cv + elev + BB + DD",-0.181139693860566,0.751899884869465,0.834318829192838
1603,"Sambar deer","SBR",3,"ndvi_cv + elev + BB + DD",-0.176223259330438,0.729786241260575,0.838430792188706
1604,"Sambar deer","SBR",3,"ndvi_cv + elev + BB + DD",-0.1889685258445,0.711521059668867,0.827812561188871
1605,"Sambar deer","SBR",3,"ndvi_cv + elev + BB + DD",-0.213819835385918,0.688422919909752,0.807493854943791
1606,"Sambar deer","SBR",3,"ndvi_cv + elev + BB + DD",-0.189622541089769,0.664998419799298,0.827271338333808
1607,"Sambar deer","SBR",3,"ndvi_cv + elev + BB + DD",-0.227640810346277,0.647744911045321,0.796410270817705
1608,"Sambar deer","SBR",3,"ndvi_cv + elev + BB + DD",-0.243555324051174,0.639612444098527,0.78383612192882
1609,"Sambar deer","SBR",3,"ndvi_cv + elev + BB + DD",-0.26013315054359,0.630890209591744,0.770948943446519
1610,"Sambar deer","SBR",3,"ndvi_cv + elev + BB + DD",-0.252734927044022,0.640256889875167,0.776673729743743
1611,"Sambar deer","SBR",3,"ndvi_cv + elev + BB + DD",-0.270314959002156,0.646915413922685,0.763139099039433
1612,"Sambar deer","SBR",3,"ndvi_cv + elev + BB + DD",-0.25990553085687,0.647999480343246,0.771124430329708
1613,"Sambar deer","SBR",3,"ndvi_cv + elev + BB + DD",-0.275752443323485,0.637614797323608,0.759000803505128
1614,"Sambar deer","SBR",3,"ndvi_cv + elev + BB + DD",-0.269236310281735,0.640534531226425,0.763962702935339
1615,"Sambar deer","SBR",3,"ndvi_cv + elev + BB + DD",-0.300812566971602,0.633768555037655,0.74021650184472
1616,"Sambar deer","SBR",3,"ndvi_cv + elev + BB + DD",-0.260112874124128,0.637299157754075,0.770964560372769
1617,"Sambar deer","SBR",3,"ndvi_cv + elev + BB + DD",-0.255044312968491,0.657790884654635,0.774882161334285
1618,"Sambar deer","SBR",3,"ndvi_cv + elev + BB + DD",-0.21160688675713,0.685587058881764,0.809282781747647
1619,"Sambar deer","SBR",3,"ndvi_cv + elev + BB + DD",-0.223986416713097,0.680138044833238,0.799325991986207
1620,"Sambar deer","SBR",3,"ndvi_cv + elev + BB + DD",-0.205093757185612,0.676279673985447,0.814570972874406
1621,"Sambar deer","SBR",3,"ndvi_cv + elev + BB + DD",-0.194804294936853,0.671406710716118,0.822995706797424
1622,"Sambar deer","SBR",3,"ndvi_cv + elev + BB + DD",-0.234146133796106,0.675664162214636,0.791246186375451
1623,"Sambar deer","SBR",3,"ndvi_cv + elev + BB + DD",-0.226331553722104,0.659929879787719,0.797453668427248
1624,"Sambar deer","SBR",3,"ndvi_cv + elev + BB + DD",-0.202932601190835,0.662730052533219,0.816333263913639
1625,"Sambar deer","SBR",3,"ndvi_cv + elev + BB + DD",-0.208562947685801,0.645355323747792,0.811749935354043
1626,"Sambar deer","SBR",3,"ndvi_cv + elev + BB + DD",-0.20324256786211,0.668961087204717,0.816080263243302
1627,"Sambar deer","SBR",3,"ndvi_cv + elev + BB + DD",-0.195505081249582,0.661426531526536,0.822419165075323
1628,"Sambar deer","SBR",3,"ndvi_cv + elev + BB + DD",-0.181899399662023,0.672345692720734,0.833685209185649
1629,"Sambar deer","SBR",3,"ndvi_cv + elev + BB + DD",-0.14390669684689,0.674025242631477,0.865968541887185
1630,"Sambar deer","SBR",3,"ndvi_cv + elev + BB + DD",-0.118053518153993,0.692512373272376,0.888648498088014
1631,"Sambar deer","SBR",3,"ndvi_cv + elev + BB + DD",-0.142663072534329,0.686064902005718,0.867046151608051
1632,"Sambar deer","SBR",3,"ndvi_cv + elev + BB + DD",-0.132923342338945,0.712182176107962,0.87553220583237
1633,"Sambar deer","SBR",3,"ndvi_cv + elev + BB + DD",-0.125766706129499,0.700684061737814,0.881820548851338
1634,"Sambar deer","SBR",3,"ndvi_cv + elev + BB + DD",-0.107727153515773,0.692167337905988,0.89787254608003
1635,"Sambar deer","SBR",3,"ndvi_cv + elev + BB + DD",-0.0804194942270553,0.699913539700619,0.922729185934821
1636,"Sambar deer","SBR",3,"ndvi_cv + elev + BB + DD",-0.0857348397502822,0.743739475115127,0.917837574101576
1637,"Sambar deer","SBR",3,"ndvi_cv + elev + BB + DD",-0.0806286813853702,0.82221636917411,0.922536183839721
1638,"Sambar deer","SBR",3,"ndvi_cv + elev + BB + DD",-0.0906571905363684,0.926769181417719,0.913330757126143
1639,"Sambar deer","SBR",3,"ndvi_cv + elev + BB + DD",-0.105440495553374,0.961977278729558,0.899928021306265
1640,"Sambar deer","SBR",3,"ndvi_cv + elev + BB + DD",-0.128274392856878,1.0281736095374,0.879611989907161
1641,"Sambar deer","SBR",3,"ndvi_cv + elev + BB + DD",-0.124542625544435,1.12220513794902,0.882900627284166
1642,"Sambar deer","SBR",3,"ndvi_cv + elev + BB + DD",-0.138659505669973,0.928739146741267,0.870524391198396
1643,"Sambar deer","SBR",3,"ndvi_cv + elev + BB + DD",-0.119496308343098,0.808018494107998,0.887367287109265
1644,"Sambar deer","SBR",3,"ndvi_cv + elev + BB + DD",-0.133611152221652,0.787015828335971,0.874930213652832
1645,"Sambar deer","SBR",3,"ndvi_cv + elev + BB + DD",-0.147138012454771,0.7466086190627,0.863174857035659
1646,"Sambar deer","SBR",3,"ndvi_cv + elev + BB + DD",-0.161576698057593,0.721744519000921,0.850801277880329
1647,"Sambar deer","SBR",3,"ndvi_cv + elev + BB + DD",-0.166310142185473,0.733028106475535,0.846783570746145
1648,"Sambar deer","SBR",3,"ndvi_cv + elev + BB + DD",-0.166409472303157,0.682155154725237,0.846699464183113
1649,"Sambar deer","SBR",3,"ndvi_cv + elev + BB + DD",-0.190411514038312,0.655787343052533,0.826618898810629
1650,"Sambar deer","SBR",3,"ndvi_cv + elev + BB + DD",-0.1845059788994,0.632707023568705,0.831514968956538
1651,"Sambar deer","SBR",3,"ndvi_cv + elev + BB + DD",-0.222570465031805,0.632852902910901,0.800458610581358
1652,"Sambar deer","SBR",3,"ndvi_cv + elev + BB + DD",-0.258684267567884,0.625940515644552,0.772066756758681
1653,"Sambar deer","SBR",3,"ndvi_cv + elev + BB + DD",-0.23844287765076,0.61480910836189,0.787853691798345
1654,"Sambar deer","SBR",3,"ndvi_cv + elev + BB + DD",-0.247352530050724,0.623706308305903,0.780865366924402
1655,"Sambar deer","SBR",3,"ndvi_cv + elev + BB + DD",-0.236751628799614,0.631325390878929,0.789187275076307
1656,"Sambar deer","SBR",3,"ndvi_cv + elev + BB + DD",-0.22462134730204,0.638321197730747,0.798818636487388
1657,"Sambar deer","SBR",3,"ndvi_cv + elev + BB + DD",-0.240510542578823,0.621731706473969,0.786226356566301
1658,"Sambar deer","SBR",3,"ndvi_cv + elev + BB + DD",-0.239467874183773,0.633688390517287,0.787046557451246
1659,"Sambar deer","SBR",3,"ndvi_cv + elev + BB + DD",-0.245333637046877,0.637449700325348,0.782443446080542
1660,"Sambar deer","SBR",3,"ndvi_cv + elev + BB + DD",-0.172527004964808,0.64581024557091,0.841535567914176
1661,"Sambar deer","SBR",3,"ndvi_cv + elev + BB + DD",-0.137373426095612,0.655553997545377,0.871644670555381
1662,"Sambar deer","SBR",3,"ndvi_cv + elev + BB + DD",-0.107278097740423,0.663900595082214,0.898275836477308
1663,"Sambar deer","SBR",3,"ndvi_cv + elev + BB + DD",-0.112398822161838,0.648788420449941,0.893687767617307
1664,"Sambar deer","SBR",3,"ndvi_cv + elev + BB + DD",-0.109855259591843,0.657749528850565,0.895963811951216
1665,"Sambar deer","SBR",3,"ndvi_cv + elev + BB + DD",-0.119059642307255,0.663258676003393,0.887754851904784
1666,"Sambar deer","SBR",3,"ndvi_cv + elev + BB + DD",-0.139149487571082,0.65796831204904,0.870097953116925
1667,"Sambar deer","SBR",3,"ndvi_cv + elev + BB + DD",-0.137228032747942,0.664244893057867,0.871771412246251
1668,"Sambar deer","SBR",3,"ndvi_cv + elev + BB + DD",-0.122910419075791,0.664165250959938,0.884342890469419
1669,"Sambar deer","SBR",3,"ndvi_cv + elev + BB + DD",-0.141560028361072,0.652063549144906,0.868003069406334
1670,"Sambar deer","SBR",3,"ndvi_cv + elev + BB + DD",-0.124561380210828,0.662337408574981,0.882884076068018
1671,"Sambar deer","SBR",3,"ndvi_cv + elev + BB + DD",-0.12694804875044,0.65951642812715,0.880779439823853
1672,"Sambar deer","SBR",3,"ndvi_cv + elev + BB + DD",-0.127160475765188,0.679144536678383,0.88059234792576
1673,"Sambar deer","SBR",3,"ndvi_cv + elev + BB + DD",-0.0978398331588872,0.675018549508184,0.906794133162492
1674,"Sambar deer","SBR",3,"ndvi_cv + elev + BB + DD",-0.109896931360315,0.67902808618179,0.895926485982629
1675,"Sambar deer","SBR",3,"ndvi_cv + elev + BB + DD",-0.107394061721915,0.68978338446621,0.898171670314466
1676,"Sambar deer","SBR",3,"ndvi_cv + elev + BB + DD",-0.102125920340902,0.689935410394472,0.902915874524506
1677,"Sambar deer","SBR",3,"ndvi_cv + elev + BB + DD",-0.0813651541846118,0.698929053698807,0.921857010260972
1678,"Sambar deer","SBR",3,"ndvi_cv + elev + BB + DD",-0.0685563914279357,0.733410714918858,0.93374080646091
1679,"Sambar deer","SBR",3,"ndvi_cv + elev + BB + DD",-0.0709592717050664,0.782643192770001,0.931499830124786
1680,"Sambar deer","SBR",3,"ndvi_cv + elev + BB + DD",-0.121232228200168,1.17524567407344,0.88582823684566
1681,"Sambar deer","SBR",3,"ndvi_cv + elev + BB + DD",-0.0926965210841194,1.27397736833645,0.911470083362229
1682,"Sambar deer","SBR",3,"ndvi_cv + elev + BB + DD",-0.119967401951503,0.943205386132342,0.886949349698582
1683,"Sambar deer","SBR",3,"ndvi_cv + elev + BB + DD",-0.105619864578053,0.822532963795606,0.89976661722588
1684,"Sambar deer","SBR",3,"ndvi_cv + elev + BB + DD",-0.125231145444856,0.770439912713123,0.882292941876944
1685,"Sambar deer","SBR",3,"ndvi_cv + elev + BB + DD",-0.128983582540274,0.754509859913393,0.878988396186742
1686,"Sambar deer","SBR",3,"ndvi_cv + elev + BB + DD",-0.112302424853994,0.738378259491096,0.893773918413922
1687,"Sambar deer","SBR",3,"ndvi_cv + elev + BB + DD",-0.12212176004806,0.727203067131634,0.885040599845348
1688,"Sambar deer","SBR",3,"ndvi_cv + elev + BB + DD",-0.131389128476432,0.690656443060782,0.876876493325378
1689,"Sambar deer","SBR",3,"ndvi_cv + elev + BB + DD",-0.155962967516088,0.669744012771838,0.855590877196219
1690,"Sambar deer","SBR",3,"ndvi_cv + elev + BB + DD",-0.164272101937345,0.654292509607407,0.848511108956057
1691,"Sambar deer","SBR",3,"ndvi_cv + elev + BB + DD",-0.186702079337836,0.642292174418674,0.829690881747884
1692,"Sambar deer","SBR",3,"ndvi_cv + elev + BB + DD",-0.225491335418341,0.594952055446931,0.79812397607429
1693,"Sambar deer","SBR",3,"ndvi_cv + elev + BB + DD",-0.245183818737306,0.53490164443021,0.78256067598216
1694,"Sambar deer","SBR",3,"ndvi_cv + elev + BB + DD",-0.240609352039666,0.588110183624189,0.786148673883424
1695,"Sambar deer","SBR",3,"ndvi_cv + elev + BB + DD",-0.191069185695752,0.621339899246141,0.826075433883494
1696,"Sambar deer","SBR",3,"ndvi_cv + elev + BB + DD",-0.150072733437337,0.631993639046717,0.860645377308042
1697,"Sambar deer","SBR",3,"ndvi_cv + elev + BB + DD",-0.188857257187872,0.633481274580556,0.827904696495061
1698,"Sambar deer","SBR",3,"ndvi_cv + elev + BB + DD",-0.253104293473116,0.586903011432901,0.776386905696547
1699,"Sambar deer","SBR",3,"ndvi_cv + elev + BB + DD",-0.194148372704368,0.596397773555409,0.82353570498547
1700,"Sambar deer","SBR",3,"ndvi_cv + elev + BB + DD",-0.130984291075765,0.630310364922647,0.877231562202059
1701,"Sambar deer","SBR",3,"ndvi_cv + elev + BB + DD",-0.0464022104713022,0.632133075521779,0.954657912450525
1702,"Sambar deer","SBR",3,"ndvi_cv + elev + BB + DD",-0.0243214316399067,0.639780272794951,0.975971952856503
1703,"Sambar deer","SBR",3,"ndvi_cv + elev + BB + DD",-0.027376741562131,0.620841311555539,0.972994625126847
1704,"Sambar deer","SBR",3,"ndvi_cv + elev + BB + DD",-0.00547756365195025,0.6043907145724,0.994537412578505
1705,"Sambar deer","SBR",3,"ndvi_cv + elev + BB + DD",-0.0101266651523682,0.626313028618983,0.98992443820732
1706,"Sambar deer","SBR",3,"ndvi_cv + elev + BB + DD",-0.029520702461493,0.630737889493774,0.970910778188601
1707,"Sambar deer","SBR",3,"ndvi_cv + elev + BB + DD",-0.0545330367247287,0.65638975611085,0.946927225002342
1708,"Sambar deer","SBR",3,"ndvi_cv + elev + BB + DD",-0.0743689395710888,0.645948907891831,0.928329133938897
1709,"Sambar deer","SBR",3,"ndvi_cv + elev + BB + DD",-0.0618876628714872,0.65176080811556,0.939988476571822
1710,"Sambar deer","SBR",3,"ndvi_cv + elev + BB + DD",-0.10254025931141,0.648883622081077,0.902541814391099
1711,"Sambar deer","SBR",3,"ndvi_cv + elev + BB + DD",-0.124665809722094,0.644195340709192,0.882791874083926
1712,"Sambar deer","SBR",3,"ndvi_cv + elev + BB + DD",-0.115636773477652,0.665674110711884,0.890798726972357
1713,"Sambar deer","SBR",3,"ndvi_cv + elev + BB + DD",-0.110793217474528,0.706940880686113,0.895123828325255
1714,"Sambar deer","SBR",3,"ndvi_cv + elev + BB + DD",-0.0822988757956731,0.690083432522466,0.920996665384435
1715,"Sambar deer","SBR",3,"ndvi_cv + elev + BB + DD",-0.0899514508639629,0.69928968323895,0.913975561897036
1716,"Sambar deer","SBR",3,"ndvi_cv + elev + BB + DD",-0.104605562311772,0.707097977494036,0.900679716270561
1717,"Sambar deer","SBR",3,"ndvi_cv + elev + BB + DD",-0.0846923037089914,0.722302265322651,0.918794952042741
1718,"Sambar deer","SBR",3,"ndvi_cv + elev + BB + DD",-0.062307193379473,0.758026951554656,0.939594205338081
1719,"Sambar deer","SBR",3,"ndvi_cv + elev + BB + DD",-0.0483235834409307,0.872687148814648,0.952825430106944
1720,"Sambar deer","SBR",3,"ndvi_cv + elev + BB + DD",-0.0604179506395443,0.91468932302373,0.941371007548673
1721,"Sambar deer","SBR",3,"ndvi_cv + elev + BB + DD",-0.0782313463016987,0.81053798393076,0.924750465953746
1722,"Sambar deer","SBR",3,"ndvi_cv + elev + BB + DD",-0.0992553832587811,0.777435486288529,0.905511435892337
1723,"Sambar deer","SBR",3,"ndvi_cv + elev + BB + DD",-0.100881062292948,0.75741732528202,0.904040551090309
1724,"Sambar deer","SBR",3,"ndvi_cv + elev + BB + DD",-0.0903869747176574,0.734111303785204,0.913577585806933
1725,"Sambar deer","SBR",3,"ndvi_cv + elev + BB + DD",-0.0930919571246838,0.715327106332505,0.911109713454956
1726,"Sambar deer","SBR",3,"ndvi_cv + elev + BB + DD",-0.0747747238333874,0.707658725365911,0.927952510362401
1727,"Sambar deer","SBR",3,"ndvi_cv + elev + BB + DD",-0.0868833151266723,0.690630548741206,0.916784064781556
1728,"Sambar deer","SBR",3,"ndvi_cv + elev + BB + DD",-0.0870685597733373,0.65292290095715,0.916614250615267
1729,"Sambar deer","SBR",3,"ndvi_cv + elev + BB + DD",-0.124935292262233,0.631257264185176,0.882554011068985
1730,"Sambar deer","SBR",3,"ndvi_cv + elev + BB + DD",-0.158186776425857,0.612665510652277,0.853690317893763
1731,"Sambar deer","SBR",3,"ndvi_cv + elev + BB + DD",-0.30679745613151,0.373155142982206,0.735799617572314
1732,"Sambar deer","SBR",3,"ndvi_cv + elev + BB + DD",-0.140110167390257,0.611675123195322,0.869262467635568
1733,"Sambar deer","SBR",3,"ndvi_cv + elev + BB + DD",-0.121168015198456,0.646904098750748,0.885885124323507
1734,"Sambar deer","SBR",3,"ndvi_cv + elev + BB + DD",-0.1206434025988,0.64187592353996,0.886349973692304
1735,"Sambar deer","SBR",3,"ndvi_cv + elev + BB + DD",-0.0984716322738347,0.637977499814387,0.906221402713432
1736,"Sambar deer","SBR",3,"ndvi_cv + elev + BB + DD",-0.171003508218855,0.542596420439453,0.842818616684804
1737,"Sambar deer","SBR",3,"ndvi_cv + elev + BB + DD",-0.102741724625766,0.607259547274063,0.902360018145206
1738,"Sambar deer","SBR",3,"ndvi_cv + elev + BB + DD",-0.0195946334471563,0.640739654960112,0.980596106416982
1739,"Sambar deer","SBR",3,"ndvi_cv + elev + BB + DD",0.0309030367954284,0.64265621140811,1.0313854934668
1740,"Sambar deer","SBR",3,"ndvi_cv + elev + BB + DD",0.0398484412342833,0.633679924398532,1.04065304217022
1741,"Sambar deer","SBR",3,"ndvi_cv + elev + BB + DD",0.072729256038764,0.639030510135267,1.07543935993729
1742,"Sambar deer","SBR",3,"ndvi_cv + elev + BB + DD",0.104374404457869,0.561487735768474,1.11001597582937
1743,"Sambar deer","SBR",3,"ndvi_cv + elev + BB + DD",0.075788174574729,0.603651252484265,1.07873405613847
1744,"Sambar deer","SBR",3,"ndvi_cv + elev + BB + DD",0.0453132509849074,0.62331759969368,1.04635558054741
1745,"Sambar deer","SBR",3,"ndvi_cv + elev + BB + DD",0.0125057259440986,0.641355017776005,1.01258425340752
1746,"Sambar deer","SBR",3,"ndvi_cv + elev + BB + DD",-0.0366643795499711,0.671044892281424,0.963999623908078
1747,"Sambar deer","SBR",3,"ndvi_cv + elev + BB + DD",-0.0479922761351197,0.665073745130391,0.953141150221441
1748,"Sambar deer","SBR",3,"ndvi_cv + elev + BB + DD",-0.0682343212917595,0.650671586662208,0.934041582914406
1749,"Sambar deer","SBR",3,"ndvi_cv + elev + BB + DD",-0.0697776452435261,0.660490037285927,0.932601165161163
1750,"Sambar deer","SBR",3,"ndvi_cv + elev + BB + DD",-0.105284632266953,0.670067473344253,0.90006829787058
1751,"Sambar deer","SBR",3,"ndvi_cv + elev + BB + DD",-0.0947866717049354,0.674408766368846,0.909566951402044
1752,"Sambar deer","SBR",3,"ndvi_cv + elev + BB + DD",-0.0937850855705799,0.686830155955037,0.91047841616698
1753,"Sambar deer","SBR",3,"ndvi_cv + elev + BB + DD",-0.0704646716892184,0.699144320412551,0.93196066374082
1754,"Sambar deer","SBR",3,"ndvi_cv + elev + BB + DD",-0.101965056964025,0.746066811800235,0.903061118470256
1755,"Sambar deer","SBR",3,"ndvi_cv + elev + BB + DD",-0.0537608287570982,0.759844948342671,0.9476587321311
1756,"Sambar deer","SBR",3,"ndvi_cv + elev + BB + DD",-0.0597781235577149,0.78049844812053,0.941973540884598
1757,"Sambar deer","SBR",3,"ndvi_cv + elev + BB + DD",-0.0472778479483344,0.890892223728497,0.95382234325954
1758,"Sambar deer","SBR",3,"ndvi_cv + elev + BB + DD",-0.0361468219538842,1.04840083522272,0.964498713537614
1759,"Sambar deer","SBR",3,"ndvi_cv + elev + BB + DD",-0.0534943401408688,0.910354229201376,0.947911306169744
1760,"Sambar deer","SBR",3,"ndvi_cv + elev + BB + DD",-0.0317768417984185,0.822573997142203,0.968722740517007
1761,"Sambar deer","SBR",3,"ndvi_cv + elev + BB + DD",-0.0532779146072886,0.774223464889657,0.948116480773901
1762,"Sambar deer","SBR",3,"ndvi_cv + elev + BB + DD",-0.06201874892399,0.764583594086809,0.939865266631138
1763,"Sambar deer","SBR",3,"ndvi_cv + elev + BB + DD",-0.0421681729105726,0.729071417325126,0.958708538215084
1764,"Sambar deer","SBR",3,"ndvi_cv + elev + BB + DD",-0.0420332467078529,0.733725590264024,0.95883791256019
1765,"Sambar deer","SBR",3,"ndvi_cv + elev + BB + DD",-0.00892695524509722,0.705524396201756,0.991112771849228
1766,"Sambar deer","SBR",3,"ndvi_cv + elev + BB + DD",-0.0377712505824466,0.694878719920046,0.962933187545612
1767,"Sambar deer","SBR",3,"ndvi_cv + elev + BB + DD",-0.032039708867392,0.671592270714387,0.968468124589389
1768,"Sambar deer","SBR",3,"ndvi_cv + elev + BB + DD",-0.0263318498217472,0.638456620837774,0.974011812513709
1769,"Sambar deer","SBR",3,"ndvi_cv + elev + BB + DD",-0.0688959604776018,0.619161891737669,0.933423796122227
1770,"Sambar deer","SBR",3,"ndvi_cv + elev + BB + DD",-0.0608011553513255,0.61114851146438,0.941010387762299
1771,"Sambar deer","SBR",3,"ndvi_cv + elev + BB + DD",-0.0492279017598487,0.626191020380279,0.951964151331758
1772,"Sambar deer","SBR",3,"ndvi_cv + elev + BB + DD",-0.0514141205267108,0.633934857633372,0.949885222103258
1773,"Sambar deer","SBR",3,"ndvi_cv + elev + BB + DD",-0.0364163376459447,0.648838413271209,0.964238764496159
1774,"Sambar deer","SBR",3,"ndvi_cv + elev + BB + DD",-0.0290620348698171,0.665884060096227,0.971356205616979
1775,"Sambar deer","SBR",3,"ndvi_cv + elev + BB + DD",0.0174221683247957,0.64398497877335,1.01757482230869
1776,"Sambar deer","SBR",3,"ndvi_cv + elev + BB + DD",0.0422244600844889,0.648041078333448,1.04312859550814
1777,"Sambar deer","SBR",3,"ndvi_cv + elev + BB + DD",0.0571240829199389,0.648496654912678,1.05878717965044
1778,"Sambar deer","SBR",3,"ndvi_cv + elev + BB + DD",0.11058605284144,0.635251933885306,1.11693250513822
1779,"Sambar deer","SBR",3,"ndvi_cv + elev + BB + DD",0.132576655102769,0.634589252282535,1.14176653831239
1780,"Sambar deer","SBR",3,"ndvi_cv + elev + BB + DD",0.137383023753696,0.621130278352924,1.14726749770541
1781,"Sambar deer","SBR",3,"ndvi_cv + elev + BB + DD",0.16456402290879,0.609485225919625,1.17887904632946
1782,"Sambar deer","SBR",3,"ndvi_cv + elev + BB + DD",0.145757648850384,0.627187434909527,1.15691579115512
1783,"Sambar deer","SBR",3,"ndvi_cv + elev + BB + DD",0.099732144359721,0.623733878378938,1.10487493156033
1784,"Sambar deer","SBR",3,"ndvi_cv + elev + BB + DD",0.0686148059474783,0.64743352412556,1.0710235777696
1785,"Sambar deer","SBR",3,"ndvi_cv + elev + BB + DD",0.0225292145986533,0.665778025496403,1.02278492537669
1786,"Sambar deer","SBR",3,"ndvi_cv + elev + BB + DD",-0.0286987509381071,0.661081515174533,0.971709153774589
1787,"Sambar deer","SBR",3,"ndvi_cv + elev + BB + DD",-0.0570182902535332,0.661096885266389,0.944576792679601
1788,"Sambar deer","SBR",3,"ndvi_cv + elev + BB + DD",-0.105245524803625,0.678586716172962,0.900103497975504
1789,"Sambar deer","SBR",3,"ndvi_cv + elev + BB + DD",-0.0791794755039855,0.678658946211959,0.923874098477459
1790,"Sambar deer","SBR",3,"ndvi_cv + elev + BB + DD",-0.0928889052853154,0.671981593862781,0.911294737163427
1791,"Sambar deer","SBR",3,"ndvi_cv + elev + BB + DD",-0.0894117070794371,0.691466628948734,0.9144690038864
1792,"Sambar deer","SBR",3,"ndvi_cv + elev + BB + DD",-0.0813649023793068,0.718779407379359,0.921857242229047
1793,"Sambar deer","SBR",3,"ndvi_cv + elev + BB + DD",-0.0654539562973102,0.736261574185266,0.936642172251573
1794,"Sambar deer","SBR",3,"ndvi_cv + elev + BB + DD",-0.0303800410444833,0.770970029589084,0.970076799874361
1795,"Sambar deer","SBR",3,"ndvi_cv + elev + BB + DD",-0.0528166877059117,0.821486834119695,0.94855387813356
1796,"Sambar deer","SBR",3,"ndvi_cv + elev + BB + DD",-0.0777533529609572,0.90789489684001,0.925192597716693
1797,"Sambar deer","SBR",3,"ndvi_cv + elev + BB + DD",-0.0284176913993124,1.01132864218774,0.971982313315793
1798,"Sambar deer","SBR",3,"ndvi_cv + elev + BB + DD",0.00709729676266324,0.906720268281066,1.00712254877621
1799,"Sambar deer","SBR",3,"ndvi_cv + elev + BB + DD",-0.0195114079825234,0.844841579676417,0.980677710357952
1800,"Sambar deer","SBR",3,"ndvi_cv + elev + BB + DD",-0.0338545265789697,0.791359980467968,0.966712136516548
1801,"Sambar deer","SBR",3,"ndvi_cv + elev + BB + DD",0.0105993000119246,0.751347666590011,1.01065567159183
1802,"Sambar deer","SBR",3,"ndvi_cv + elev + BB + DD",0.00919175258852472,0.744409052999194,1.0092341340835
1803,"Sambar deer","SBR",3,"ndvi_cv + elev + BB + DD",0.0430720460631399,0.719054200209815,1.04401310921909
1804,"Sambar deer","SBR",3,"ndvi_cv + elev + BB + DD",0.0483645996072252,0.702985954405471,1.04955326314841
1805,"Sambar deer","SBR",3,"ndvi_cv + elev + BB + DD",0.0391612359700923,0.683096624011515,1.03993815170238
1806,"Sambar deer","SBR",3,"ndvi_cv + elev + BB + DD",0.0652109116994492,0.64757829535337,1.06738412605877
1807,"Sambar deer","SBR",3,"ndvi_cv + elev + BB + DD",0.0520924006026138,0.632605918381662,1.05347309745006
1808,"Sambar deer","SBR",3,"ndvi_cv + elev + BB + DD",0.0608120267102307,0.643148152300022,1.06269913715592
1809,"Sambar deer","SBR",3,"ndvi_cv + elev + BB + DD",0.0748691569296759,0.647742720742367,1.07774312652985
1810,"Sambar deer","SBR",3,"ndvi_cv + elev + BB + DD",0.0332555937768845,0.627124842521062,1.03381474213126
1811,"Sambar deer","SBR",3,"ndvi_cv + elev + BB + DD",0.0658094083693017,0.647736137571775,1.06802314291808
1812,"Sambar deer","SBR",3,"ndvi_cv + elev + BB + DD",0.0700553901891,0.647847780880704,1.07256758993418
1813,"Sambar deer","SBR",3,"ndvi_cv + elev + BB + DD",0.0980022218201814,0.667170774213917,1.10296523574049
1814,"Sambar deer","SBR",3,"ndvi_cv + elev + BB + DD",0.149578519411237,0.672466156709219,1.16134467706399
1815,"Sambar deer","SBR",3,"ndvi_cv + elev + BB + DD",0.185386876192611,0.650679361365076,1.20368402701364
1816,"Sambar deer","SBR",3,"ndvi_cv + elev + BB + DD",0.223039694762445,0.637896626790233,1.24987018712015
1817,"Sambar deer","SBR",3,"ndvi_cv + elev + BB + DD",0.263294630105163,0.636051271636976,1.30121004147637
1818,"Sambar deer","SBR",3,"ndvi_cv + elev + BB + DD",0.266481286747736,0.647602317729582,1.30536316153397
1819,"Sambar deer","SBR",3,"ndvi_cv + elev + BB + DD",0.256257397926319,0.632688798016317,1.29208527944862
1820,"Sambar deer","SBR",3,"ndvi_cv + elev + BB + DD",0.253191634840619,0.627011182675836,1.28813010396792
1821,"Sambar deer","SBR",3,"ndvi_cv + elev + BB + DD",0.221661310201421,0.631819772296422,1.24814857336052
1822,"Sambar deer","SBR",3,"ndvi_cv + elev + BB + DD",0.175493968600304,0.637723010578212,1.19183480020124
1823,"Sambar deer","SBR",3,"ndvi_cv + elev + BB + DD",0.101756595578588,0.640018387116759,1.10711396656846
1824,"Sambar deer","SBR",3,"ndvi_cv + elev + BB + DD",0.0655553603163711,0.642682315637477,1.06775184714648
1825,"Sambar deer","SBR",3,"ndvi_cv + elev + BB + DD",0.0230074254900948,0.666460993512476,1.0232741601346
1826,"Sambar deer","SBR",3,"ndvi_cv + elev + BB + DD",-0.0606556907002047,0.674259134956604,0.9411472299971
1827,"Sambar deer","SBR",3,"ndvi_cv + elev + BB + DD",-0.0750262173080062,0.690995042588074,0.927719163808065
1828,"Sambar deer","SBR",3,"ndvi_cv + elev + BB + DD",-0.101366599844544,0.671636959279138,0.903601712989855
1829,"Sambar deer","SBR",3,"ndvi_cv + elev + BB + DD",-0.0966709462670809,0.686521929210519,0.907854689971458
1830,"Sambar deer","SBR",3,"ndvi_cv + elev + BB + DD",-0.0912804725642152,0.695910345865318,0.912761671959358
1831,"Sambar deer","SBR",3,"ndvi_cv + elev + BB + DD",-0.0624159269011991,0.755227102167796,0.939492049357502
1832,"Sambar deer","SBR",3,"ndvi_cv + elev + BB + DD",-0.0541022773038803,0.779876286260273,0.947335213458732
1833,"Sambar deer","SBR",3,"ndvi_cv + elev + BB + DD",-0.0473510539896768,0.797783459140759,0.953752524119225
1834,"Sambar deer","SBR",3,"ndvi_cv + elev + BB + DD",-0.0472668442445499,0.852862605785673,0.953832841349988
1835,"Sambar deer","SBR",3,"ndvi_cv + elev + BB + DD",-0.0234106423530223,0.958702003266507,0.976861282260962
1836,"Sambar deer","SBR",3,"ndvi_cv + elev + BB + DD",-0.0505538903522644,1.08562923556248,0.950702694470252
1837,"Sambar deer","SBR",3,"ndvi_cv + elev + BB + DD",0.0242522326382569,1.02438197235695,1.02454873312022
1838,"Sambar deer","SBR",3,"ndvi_cv + elev + BB + DD",-0.0163742586095603,0.889402502331593,0.983759070860797
1839,"Sambar deer","SBR",3,"ndvi_cv + elev + BB + DD",-0.000972774889615018,0.843713272847295,0.999027707129951
1840,"Sambar deer","SBR",3,"ndvi_cv + elev + BB + DD",0.0251151472830117,0.782212846785955,1.02543322139102
1841,"Sambar deer","SBR",3,"ndvi_cv + elev + BB + DD",0.0553723731230769,0.750815552837835,1.0569341235152
1842,"Sambar deer","SBR",3,"ndvi_cv + elev + BB + DD",0.0474287331495472,0.734512351260981,1.04857147144911
1843,"Sambar deer","SBR",3,"ndvi_cv + elev + BB + DD",0.0900914396029972,0.712836145344936,1.09427440784485
1844,"Sambar deer","SBR",3,"ndvi_cv + elev + BB + DD",0.115841865305214,0.683677305128406,1.12281830156489
1845,"Sambar deer","SBR",3,"ndvi_cv + elev + BB + DD",0.121893916433052,0.66970909890718,1.12963426940328
1846,"Sambar deer","SBR",3,"ndvi_cv + elev + BB + DD",0.115390721565515,0.659485951506425,1.12231186442644
1847,"Sambar deer","SBR",3,"ndvi_cv + elev + BB + DD",0.156035965993547,0.647791598731775,1.16886824922963
1848,"Sambar deer","SBR",3,"ndvi_cv + elev + BB + DD",0.141669636761818,0.624178008235103,1.15219594249557
1849,"Sambar deer","SBR",3,"ndvi_cv + elev + BB + DD",0.140428372959022,0.621465278360599,1.15076665061294
1850,"Sambar deer","SBR",3,"ndvi_cv + elev + BB + DD",0.151079740896617,0.653060216274835,1.16308940141203
1851,"Sambar deer","SBR",3,"ndvi_cv + elev + BB + DD",0.145897293092579,0.636094728755226,1.15707734214359
1852,"Sambar deer","SBR",3,"ndvi_cv + elev + BB + DD",0.177631674879302,0.652801574314155,1.19438533061741
1853,"Sambar deer","SBR",3,"ndvi_cv + elev + BB + DD",0.227046937778926,0.643462040836263,1.25488877794658
1854,"Sambar deer","SBR",3,"ndvi_cv + elev + BB + DD",0.273379786645409,0.636119403336874,1.31439934168472
1855,"Sambar deer","SBR",3,"ndvi_cv + elev + BB + DD",0.316229495530332,0.649637916002103,1.37194509098128
1856,"Sambar deer","SBR",3,"ndvi_cv + elev + BB + DD",0.357716513477238,0.652006280390847,1.43006017270555
1857,"Sambar deer","SBR",3,"ndvi_cv + elev + BB + DD",0.394867828487931,0.654252610335273,1.48418801161474
1858,"Sambar deer","SBR",3,"ndvi_cv + elev + BB + DD",0.402050801651559,0.622973589460034,1.49488727354429
1859,"Sambar deer","SBR",3,"ndvi_cv + elev + BB + DD",0.382419095945031,0.631445237457939,1.4658262786695
1860,"Sambar deer","SBR",3,"ndvi_cv + elev + BB + DD",0.349168255941908,0.616875188670537,1.41788773892129
1861,"Sambar deer","SBR",3,"ndvi_cv + elev + BB + DD",0.322934549186382,0.631963704234407,1.38117494949507
1862,"Sambar deer","SBR",3,"ndvi_cv + elev + BB + DD",0.236016218294646,0.626672201280545,1.26619484649396
1863,"Sambar deer","SBR",3,"ndvi_cv + elev + BB + DD",0.17990023319706,0.639204705440726,1.19709792659264
1864,"Sambar deer","SBR",3,"ndvi_cv + elev + BB + DD",0.123336225383018,0.641787951749658,1.1312647254231
1865,"Sambar deer","SBR",3,"ndvi_cv + elev + BB + DD",0.00587762193571383,0.652807055259636,1.00589494675509
1866,"Sambar deer","SBR",3,"ndvi_cv + elev + BB + DD",-0.0237996272427673,0.675367815351345,0.976481350914676
1867,"Sambar deer","SBR",3,"ndvi_cv + elev + BB + DD",-0.0479347668384638,0.676118331491135,0.953195965199206
1868,"Sambar deer","SBR",3,"ndvi_cv + elev + BB + DD",-0.074463781378277,0.688788288723693,0.928241093346739
1869,"Sambar deer","SBR",3,"ndvi_cv + elev + BB + DD",-0.0523382662133225,0.687424076138486,0.949007795564822
1870,"Sambar deer","SBR",3,"ndvi_cv + elev + BB + DD",-0.0857703505010725,0.705290599644748,0.91780499369956
1871,"Sambar deer","SBR",3,"ndvi_cv + elev + BB + DD",-0.0943371596659242,0.757622603229784,0.909975912033793
1872,"Sambar deer","SBR",3,"ndvi_cv + elev + BB + DD",-0.062172215094548,0.783902644518148,0.93972107737067
1873,"Sambar deer","SBR",3,"ndvi_cv + elev + BB + DD",-0.0614029036097483,0.85791999873764,0.940444257270452
1874,"Sambar deer","SBR",3,"ndvi_cv + elev + BB + DD",-0.115325679868703,0.912863368790329,0.891075892233046
1875,"Sambar deer","SBR",3,"ndvi_cv + elev + BB + DD",-0.0639986428821804,1.00718863720953,0.938006273555569
1876,"Sambar deer","SBR",3,"ndvi_cv + elev + BB + DD",-0.0479508064625133,1.11690231589142,0.953180676712118
1877,"Sambar deer","SBR",3,"ndvi_cv + elev + BB + DD",-0.0922421853414759,1.31277715502096,0.911884383645881
1878,"Sambar deer","SBR",3,"ndvi_cv + elev + BB + DD",0.0234857071567848,1.04643582147917,1.02376367148444
1879,"Sambar deer","SBR",3,"ndvi_cv + elev + BB + DD",0.0293645391700728,0.898485763910312,1.02979995649536
1880,"Sambar deer","SBR",3,"ndvi_cv + elev + BB + DD",0.00455389016618835,0.797957668838535,1.00456428596655
1881,"Sambar deer","SBR",3,"ndvi_cv + elev + BB + DD",0.0439457237728726,0.782564523727739,1.04492565490293
1882,"Sambar deer","SBR",3,"ndvi_cv + elev + BB + DD",0.0488673293488516,0.752214759663346,1.05008103184249
1883,"Sambar deer","SBR",3,"ndvi_cv + elev + BB + DD",0.093976111862109,0.713819332426605,1.09853351919591
1884,"Sambar deer","SBR",3,"ndvi_cv + elev + BB + DD",0.0963440869278362,0.691622414962084,1.10113788809413
1885,"Sambar deer","SBR",3,"ndvi_cv + elev + BB + DD",0.124591985726946,0.674425927985123,1.13268620665896
1886,"Sambar deer","SBR",3,"ndvi_cv + elev + BB + DD",0.160584267795173,0.663953623982881,1.17419672518915
1887,"Sambar deer","SBR",3,"ndvi_cv + elev + BB + DD",0.191609253542072,0.652683993722838,1.211197154046
1888,"Sambar deer","SBR",3,"ndvi_cv + elev + BB + DD",0.221950104227296,0.627550663339199,1.24850908163319
1889,"Sambar deer","SBR",3,"ndvi_cv + elev + BB + DD",0.242035225206791,0.631040442277454,1.27383906374081
1890,"Sambar deer","SBR",3,"ndvi_cv + elev + BB + DD",0.234161107374536,0.613484233051432,1.26384809457686
1891,"Sambar deer","SBR",3,"ndvi_cv + elev + BB + DD",0.243388905299577,0.628829877385053,1.27556460168097
1892,"Sambar deer","SBR",3,"ndvi_cv + elev + BB + DD",0.245787341147737,0.633376970039477,1.2786276334708
1893,"Sambar deer","SBR",3,"ndvi_cv + elev + BB + DD",0.270296756781892,0.633348658099955,1.31035326556643
1894,"Sambar deer","SBR",3,"ndvi_cv + elev + BB + DD",0.316235850673537,0.638950301067175,1.37195379675629
1895,"Sambar deer","SBR",3,"ndvi_cv + elev + BB + DD",0.435362514243222,0.638241944923657,1.54552323261484
1896,"Sambar deer","SBR",3,"ndvi_cv + elev + BB + DD",0.468652677007751,0.643174290968453,1.59783993582274
1897,"Sambar deer","SBR",3,"ndvi_cv + elev + BB + DD",0.470725639727177,0.647167656088599,1.60115563395471
1898,"Sambar deer","SBR",3,"ndvi_cv + elev + BB + DD",0.478334749275339,0.633129681307661,1.61338547302812
1899,"Sambar deer","SBR",3,"ndvi_cv + elev + BB + DD",0.48301199072232,0.622679549067965,1.62094934369854
1900,"Sambar deer","SBR",3,"ndvi_cv + elev + BB + DD",0.53491484753387,0.593268708656769,1.70730285514977
1901,"Sambar deer","SBR",3,"ndvi_cv + elev + BB + DD",0.508691128731262,0.597257947011678,1.66311297250194
1902,"Sambar deer","SBR",3,"ndvi_cv + elev + BB + DD",0.438461523360387,0.600126309436481,1.55032025137649
1903,"Sambar deer","SBR",3,"ndvi_cv + elev + BB + DD",0.324986886968697,0.626257263815735,1.38401249824113
1904,"Sambar deer","SBR",3,"ndvi_cv + elev + BB + DD",0.209572538084817,0.63682108037336,1.23315082842392
1905,"Sambar deer","SBR",3,"ndvi_cv + elev + BB + DD",0.132220054469074,0.634423060975072,1.14135945288365
1906,"Sambar deer","SBR",3,"ndvi_cv + elev + BB + DD",0.0494787194980314,0.651148920172346,1.05072324945597
1907,"Sambar deer","SBR",3,"ndvi_cv + elev + BB + DD",-0.0239866833113688,0.672266257811098,0.976298715316239
1908,"Sambar deer","SBR",3,"ndvi_cv + elev + BB + DD",-0.0391508146011268,0.673288800864769,0.961605691672254
1909,"Sambar deer","SBR",3,"ndvi_cv + elev + BB + DD",-0.0662893461566127,0.680446826347172,0.935860037608167
1910,"Sambar deer","SBR",3,"ndvi_cv + elev + BB + DD",-0.0891418864172729,0.6843041156173,0.91471577870054
1911,"Sambar deer","SBR",3,"ndvi_cv + elev + BB + DD",-0.0816121197973603,0.705389898849551,0.921629371180672
1912,"Sambar deer","SBR",3,"ndvi_cv + elev + BB + DD",-0.0959125488613386,0.731158481309499,0.908543475548533
1913,"Sambar deer","SBR",3,"ndvi_cv + elev + BB + DD",-0.0931915499299799,0.775479365948139,0.911018978186659
1914,"Sambar deer","SBR",3,"ndvi_cv + elev + BB + DD",-0.0941907312864066,0.859315126795425,0.910109159770492
1915,"Sambar deer","SBR",3,"ndvi_cv + elev + BB + DD",-0.0527993603486407,1.15200783507623,0.948570332775371
1916,"Sambar deer","SBR",3,"ndvi_cv + elev + BB + DD",-0.0485302818988412,1.23755474530064,0.952628498992872
1917,"Sambar deer","SBR",3,"ndvi_cv + elev + BB + DD",0.0641657513097177,0.89904129758009,1.06626912750981
1918,"Sambar deer","SBR",3,"ndvi_cv + elev + BB + DD",0.0906473163665301,0.813583680595417,1.09488279165936
1919,"Sambar deer","SBR",3,"ndvi_cv + elev + BB + DD",0.0659507267338362,0.771193821498741,1.06817408503152
1920,"Sambar deer","SBR",3,"ndvi_cv + elev + BB + DD",0.106251964035905,0.751468421352948,1.11210205198347
1921,"Sambar deer","SBR",3,"ndvi_cv + elev + BB + DD",0.124556821522817,0.715220480435245,1.13264637847174
1922,"Sambar deer","SBR",3,"ndvi_cv + elev + BB + DD",0.130185563229873,0.687448696950301,1.13903972867372
1923,"Sambar deer","SBR",3,"ndvi_cv + elev + BB + DD",0.164462784089704,0.6642766297996,1.17875971107788
1924,"Sambar deer","SBR",3,"ndvi_cv + elev + BB + DD",0.200397503210715,0.67507924763263,1.22188836808852
1925,"Sambar deer","SBR",3,"ndvi_cv + elev + BB + DD",0.230560083541477,0.642589021040551,1.2593051285343
1926,"Sambar deer","SBR",3,"ndvi_cv + elev + BB + DD",0.288244321081644,0.625575898575892,1.33408320901223
1927,"Sambar deer","SBR",3,"ndvi_cv + elev + BB + DD",0.356750690253081,0.571117805041172,1.42867964512252
1928,"Sambar deer","SBR",3,"ndvi_cv + elev + BB + DD",0.435972412666306,0.528717307895247,1.5464661388867
1929,"Sambar deer","SBR",3,"ndvi_cv + elev + BB + DD",0.312695686801368,0.605284420638392,1.3671054418345
1930,"Sambar deer","SBR",3,"ndvi_cv + elev + BB + DD",0.274580240269653,0.614005245701077,1.3159781644237
1931,"Sambar deer","SBR",3,"ndvi_cv + elev + BB + DD",0.301411471959864,0.638548577108896,1.35176544265354
1932,"Sambar deer","SBR",3,"ndvi_cv + elev + BB + DD",0.414023242548756,0.631005438338807,1.51289228997352
1933,"Sambar deer","SBR",3,"ndvi_cv + elev + BB + DD",0.536915456571341,0.618969419398106,1.71072195253465
1934,"Sambar deer","SBR",3,"ndvi_cv + elev + BB + DD",0.742081446563875,0.581319512908208,2.10030270034742
1935,"Sambar deer","SBR",3,"ndvi_cv + elev + BB + DD",0.541481447665422,0.645684293913866,1.71855092801591
1936,"Sambar deer","SBR",3,"ndvi_cv + elev + BB + DD",0.539774254259855,0.622863598076693,1.71561953186523
1937,"Sambar deer","SBR",3,"ndvi_cv + elev + BB + DD",0.569185019947118,0.616924709586881,1.76682653806201
1938,"Sambar deer","SBR",3,"ndvi_cv + elev + BB + DD",0.627005393066217,0.580006472196542,1.87199629801385
1939,"Sambar deer","SBR",3,"ndvi_cv + elev + BB + DD",0.835249058274162,0.515472990080831,2.30538815302201
1940,"Sambar deer","SBR",3,"ndvi_cv + elev + BB + DD",0.619070030323849,0.581876548431562,1.8572000988288
1941,"Sambar deer","SBR",3,"ndvi_cv + elev + BB + DD",0.391667286976383,0.619221555525044,1.47944539877062
1942,"Sambar deer","SBR",3,"ndvi_cv + elev + BB + DD",0.263997086415476,0.642914366548759,1.30212440474054
1943,"Sambar deer","SBR",3,"ndvi_cv + elev + BB + DD",0.146268337127858,0.65239167106063,1.15750675078299
1944,"Sambar deer","SBR",3,"ndvi_cv + elev + BB + DD",0.0625186675407037,0.661791751664314,1.06451433059951
1945,"Sambar deer","SBR",3,"ndvi_cv + elev + BB + DD",0.000767207707040233,0.663844594871749,1.00076750242581
1946,"Sambar deer","SBR",3,"ndvi_cv + elev + BB + DD",-0.0547640543297171,0.656028514620641,0.946708542135827
1947,"Sambar deer","SBR",3,"ndvi_cv + elev + BB + DD",-0.0842444398075736,0.672999112664827,0.919206537971667
1948,"Sambar deer","SBR",3,"ndvi_cv + elev + BB + DD",-0.128040815481607,0.697882280284889,0.879817468256385
1949,"Sambar deer","SBR",3,"ndvi_cv + elev + BB + DD",-0.109930933190837,0.717516652413444,0.895896021019309
1950,"Sambar deer","SBR",3,"ndvi_cv + elev + BB + DD",-0.124415754242575,0.73451933246946,0.883012679548586
1951,"Sambar deer","SBR",3,"ndvi_cv + elev + BB + DD",-0.120763175105662,0.77778107488058,0.886243819876745
1952,"Sambar deer","SBR",3,"ndvi_cv + elev + BB + DD",-0.113341484088294,0.886697520503706,0.892845721539483
1953,"Sambar deer","SBR",3,"ndvi_cv + elev + BB + DD",0.0833949848968323,0.948057434421795,1.08697106132383
1954,"Sambar deer","SBR",3,"ndvi_cv + elev + BB + DD",0.116029209280474,0.807195126483915,1.12302867477115
1955,"Sambar deer","SBR",3,"ndvi_cv + elev + BB + DD",0.113672410422822,0.752033388436244,1.12038504181766
1956,"Sambar deer","SBR",3,"ndvi_cv + elev + BB + DD",0.171831820219101,0.730314602369541,1.18747810693057
1957,"Sambar deer","SBR",3,"ndvi_cv + elev + BB + DD",0.173919751124807,0.721814742056252,1.18996007379172
1958,"Sambar deer","SBR",3,"ndvi_cv + elev + BB + DD",0.165335493908487,0.696580005454417,1.17978887206644
1959,"Sambar deer","SBR",3,"ndvi_cv + elev + BB + DD",0.21268629432099,0.68815108835076,1.23699653787257
1960,"Sambar deer","SBR",3,"ndvi_cv + elev + BB + DD",0.202040873216641,0.660932115080154,1.22389803643219
1961,"Sambar deer","SBR",3,"ndvi_cv + elev + BB + DD",0.250667750256383,0.644386634467091,1.28488311132212
1962,"Sambar deer","SBR",3,"ndvi_cv + elev + BB + DD",0.321088581657945,0.617009490569429,1.37862772425297
1963,"Sambar deer","SBR",3,"ndvi_cv + elev + BB + DD",0.434275940125752,0.580780094972358,1.54384482262374
1964,"Sambar deer","SBR",3,"ndvi_cv + elev + BB + DD",0.502376005740002,0.522634296023967,1.65264330504389
1965,"Sambar deer","SBR",3,"ndvi_cv + elev + BB + DD",0.33068331558666,0.606433138090137,1.39191892392079
1966,"Sambar deer","SBR",3,"ndvi_cv + elev + BB + DD",0.29204133792041,0.626647784000734,1.33915837712769
1967,"Sambar deer","SBR",3,"ndvi_cv + elev + BB + DD",0.312581740450961,0.645742372646251,1.36694967207712
1968,"Sambar deer","SBR",3,"ndvi_cv + elev + BB + DD",0.404202976296184,0.630905067423767,1.49810799919827
1969,"Sambar deer","SBR",3,"ndvi_cv + elev + BB + DD",0.558163537513346,0.609118118606374,1.74746040672876
1970,"Sambar deer","SBR",3,"ndvi_cv + elev + BB + DD",0.687006895321564,0.590914026583763,1.98775705580304
1971,"Sambar deer","SBR",3,"ndvi_cv + elev + BB + DD",0.573710120232796,0.617171170580734,1.77483974371903
1972,"Sambar deer","SBR",3,"ndvi_cv + elev + BB + DD",0.560209045175416,0.644437901597569,1.75103852001344
1973,"Sambar deer","SBR",3,"ndvi_cv + elev + BB + DD",0.556568617339936,0.618022986193031,1.7446755736609
1974,"Sambar deer","SBR",3,"ndvi_cv + elev + BB + DD",0.636132201799618,0.593513510368472,1.88915984772943
1975,"Sambar deer","SBR",3,"ndvi_cv + elev + BB + DD",0.921404156060099,0.497104918652195,2.51281630187377
1976,"Sambar deer","SBR",3,"ndvi_cv + elev + BB + DD",0.651743595343276,0.580323232623932,1.91888372581445
1977,"Sambar deer","SBR",3,"ndvi_cv + elev + BB + DD",0.434018059303161,0.627075753913503,1.54344674563447
1978,"Sambar deer","SBR",3,"ndvi_cv + elev + BB + DD",0.251044074957627,0.643903830199356,1.28536673794491
1979,"Sambar deer","SBR",3,"ndvi_cv + elev + BB + DD",0.135476490700221,0.635434134851379,1.14508231851976
1980,"Sambar deer","SBR",3,"ndvi_cv + elev + BB + DD",0.0643048427585948,0.651836946315523,1.06641747720233
1981,"Sambar deer","SBR",3,"ndvi_cv + elev + BB + DD",-0.0145941723644315,0.661619602135082,0.985511830652663
1982,"Sambar deer","SBR",3,"ndvi_cv + elev + BB + DD",-0.0811204591751288,0.666262103125019,0.922082624729857
1983,"Sambar deer","SBR",3,"ndvi_cv + elev + BB + DD",-0.103389258590394,0.678543983691593,0.901775881280443
1984,"Sambar deer","SBR",3,"ndvi_cv + elev + BB + DD",-0.149273238904148,0.691920112127908,0.861333751878214
1985,"Sambar deer","SBR",3,"ndvi_cv + elev + BB + DD",-0.158078895731679,0.691967821761287,0.853782419593294
1986,"Sambar deer","SBR",3,"ndvi_cv + elev + BB + DD",-0.15627857158283,0.748487805926907,0.855320892146194
1987,"Sambar deer","SBR",3,"ndvi_cv + elev + BB + DD",-0.149700116523245,0.777472872764862,0.860966127950473
1988,"Sambar deer","SBR",3,"ndvi_cv + elev + BB + DD",-0.175450574324272,0.877256613148058,0.839078901753096
1989,"Sambar deer","SBR",3,"ndvi_cv + elev + BB + DD",0.139505066764591,0.806663429043186,1.14970463098898
1990,"Sambar deer","SBR",3,"ndvi_cv + elev + BB + DD",0.164783154038854,0.728412118594166,1.17913740022035
1991,"Sambar deer","SBR",3,"ndvi_cv + elev + BB + DD",0.16265958167348,0.716960500854804,1.17663609238532
1992,"Sambar deer","SBR",3,"ndvi_cv + elev + BB + DD",0.186557523420313,0.710358616608976,1.20509396995894
1993,"Sambar deer","SBR",3,"ndvi_cv + elev + BB + DD",0.219672806058613,0.709417806642507,1.24566909002135
1994,"Sambar deer","SBR",3,"ndvi_cv + elev + BB + DD",0.219746687468323,0.684991140984935,1.24576113100797
1995,"Sambar deer","SBR",3,"ndvi_cv + elev + BB + DD",0.219573544133765,0.670570905187888,1.2455454482443
1996,"Sambar deer","SBR",3,"ndvi_cv + elev + BB + DD",0.262152831321806,0.648149753327596,1.29972516608385
1997,"Sambar deer","SBR",3,"ndvi_cv + elev + BB + DD",0.279684810609498,0.62537937000216,1.32271284160792
1998,"Sambar deer","SBR",3,"ndvi_cv + elev + BB + DD",0.29507896535484,0.612381637667906,1.34323244031028
1999,"Sambar deer","SBR",3,"ndvi_cv + elev + BB + DD",0.306593570747962,0.614630149664976,1.35878860852129
2000,"Sambar deer","SBR",3,"ndvi_cv + elev + BB + DD",0.289548757542058,0.61636810728692,1.3358245722583
2001,"Sambar deer","SBR",3,"ndvi_cv + elev + BB + DD",0.286910256728338,0.626661295206537,1.33230464366621
2002,"Sambar deer","SBR",3,"ndvi_cv + elev + BB + DD",0.300679765695473,0.644795065399552,1.35077670723203
2003,"Sambar deer","SBR",3,"ndvi_cv + elev + BB + DD",0.360762214149253,0.636656599874481,1.43442233571645
2004,"Sambar deer","SBR",3,"ndvi_cv + elev + BB + DD",0.453847876069801,0.622351544894221,1.57435848169352
2005,"Sambar deer","SBR",3,"ndvi_cv + elev + BB + DD",0.484308668594416,0.615283341221805,1.6230525564062
2006,"Sambar deer","SBR",3,"ndvi_cv + elev + BB + DD",0.485595392359216,0.615999369100647,1.62514231882072
2007,"Sambar deer","SBR",3,"ndvi_cv + elev + BB + DD",0.506714312110039,0.623350022221039,1.65982854706747
2008,"Sambar deer","SBR",3,"ndvi_cv + elev + BB + DD",0.539140849598734,0.627783666762069,1.71453319781098
2009,"Sambar deer","SBR",3,"ndvi_cv + elev + BB + DD",0.598007507885718,0.619205045823103,1.8184918646544
2010,"Sambar deer","SBR",3,"ndvi_cv + elev + BB + DD",0.567140188019998,0.602049063020759,1.76321736416125
2011,"Sambar deer","SBR",3,"ndvi_cv + elev + BB + DD",0.520896424545233,0.60145793640762,1.68353613784722
2012,"Sambar deer","SBR",3,"ndvi_cv + elev + BB + DD",0.365680645786917,0.631131853955011,1.44149483498206
2013,"Sambar deer","SBR",3,"ndvi_cv + elev + BB + DD",0.250690414333197,0.629127028286754,1.28491223234951
2014,"Sambar deer","SBR",3,"ndvi_cv + elev + BB + DD",0.153946462774531,0.634993453627313,1.16642843781548
2015,"Sambar deer","SBR",3,"ndvi_cv + elev + BB + DD",0.0277777231997021,0.671674779510352,1.02816712808908
2016,"Sambar deer","SBR",3,"ndvi_cv + elev + BB + DD",-0.0554751430553695,0.674525665186463,0.946035538987029
2017,"Sambar deer","SBR",3,"ndvi_cv + elev + BB + DD",-0.123563002325148,0.655820079019764,0.883765960240215
2018,"Sambar deer","SBR",3,"ndvi_cv + elev + BB + DD",-0.139070617472896,0.686897784500388,0.870166584347067
2019,"Sambar deer","SBR",3,"ndvi_cv + elev + BB + DD",-0.178026363280921,0.700428591761864,0.836920359312857
2020,"Sambar deer","SBR",3,"ndvi_cv + elev + BB + DD",-0.209092114130304,0.713946934462295,0.811320498600895
2021,"Sambar deer","SBR",3,"ndvi_cv + elev + BB + DD",-0.16698951771023,0.743026188582243,0.846208482211847
2022,"Sambar deer","SBR",3,"ndvi_cv + elev + BB + DD",-0.204557353177145,0.804887918315958,0.815007997711246
2023,"Sambar deer","SBR",3,"ndvi_cv + elev + BB + DD",-0.200309247859426,0.877032592629165,0.818477605292152
2024,"Sambar deer","SBR",3,"ndvi_cv + elev + BB + DD",-0.197725432281908,1.01464025898631,0.820595133309397
2025,"Sambar deer","SBR",3,"ndvi_cv + elev + BB + DD",0.187280263579152,0.830923589833174,1.20596523078242
2026,"Sambar deer","SBR",3,"ndvi_cv + elev + BB + DD",0.191028303050582,0.734629002954453,1.21049371313545
2027,"Sambar deer","SBR",3,"ndvi_cv + elev + BB + DD",0.207326892452342,0.713630395409298,1.23038471168179
2028,"Sambar deer","SBR",3,"ndvi_cv + elev + BB + DD",0.210005816583965,0.7033468380944,1.23368525327009
2029,"Sambar deer","SBR",3,"ndvi_cv + elev + BB + DD",0.247237253244417,0.697396967371957,1.28048288712934
2030,"Sambar deer","SBR",3,"ndvi_cv + elev + BB + DD",0.217883838803605,0.679962658916607,1.24344263413736
2031,"Sambar deer","SBR",3,"ndvi_cv + elev + BB + DD",0.199611571620973,0.66301032674148,1.2209284242553
2032,"Sambar deer","SBR",3,"ndvi_cv + elev + BB + DD",0.205949324882098,0.64673299796147,1.22869093835983
2033,"Sambar deer","SBR",3,"ndvi_cv + elev + BB + DD",0.201137911126533,0.632479662037854,1.22279339883085
2034,"Sambar deer","SBR",3,"ndvi_cv + elev + BB + DD",0.216519078678308,0.621856594943626,1.24174677613736
2035,"Sambar deer","SBR",3,"ndvi_cv + elev + BB + DD",0.21998132389783,0.61668734442422,1.2460534609423
2036,"Sambar deer","SBR",3,"ndvi_cv + elev + BB + DD",0.227656810261834,0.618829755193263,1.25565432560976
2037,"Sambar deer","SBR",3,"ndvi_cv + elev + BB + DD",0.218437999061105,0.636222360120896,1.24413187722447
2038,"Sambar deer","SBR",3,"ndvi_cv + elev + BB + DD",0.254215432717868,0.63608160090493,1.2894495741815
2039,"Sambar deer","SBR",3,"ndvi_cv + elev + BB + DD",0.304039558823299,0.636112366099082,1.35532267001049
2040,"Sambar deer","SBR",3,"ndvi_cv + elev + BB + DD",0.354097460439622,0.634327854598425,1.42489405914622
2041,"Sambar deer","SBR",3,"ndvi_cv + elev + BB + DD",0.394102228314942,0.627178281009115,1.48305215953498
2042,"Sambar deer","SBR",3,"ndvi_cv + elev + BB + DD",0.434763312439879,0.620877796846088,1.54459743185997
2043,"Sambar deer","SBR",3,"ndvi_cv + elev + BB + DD",0.467466222755047,0.624864011262294,1.59594529600738
2044,"Sambar deer","SBR",3,"ndvi_cv + elev + BB + DD",0.497088891217402,0.628808958743198,1.64392864694708
2045,"Sambar deer","SBR",3,"ndvi_cv + elev + BB + DD",0.492051420001743,0.628993748684016,1.63566823608698
2046,"Sambar deer","SBR",3,"ndvi_cv + elev + BB + DD",0.460407683868165,0.619319211120991,1.5847199193131
2047,"Sambar deer","SBR",3,"ndvi_cv + elev + BB + DD",0.396453105865508,0.621903781110202,1.48654272792351
2048,"Sambar deer","SBR",3,"ndvi_cv + elev + BB + DD",0.362349297429881,0.622172495140409,1.43670069627503
2049,"Sambar deer","SBR",3,"ndvi_cv + elev + BB + DD",0.208985253470277,0.625392318532354,1.2324268246917
2050,"Sambar deer","SBR",3,"ndvi_cv + elev + BB + DD",0.0965716787470107,0.639832934774753,1.10138852557809
2051,"Sambar deer","SBR",3,"ndvi_cv + elev + BB + DD",0.0114293075224672,0.637234465813932,1.01149487456479
2052,"Sambar deer","SBR",3,"ndvi_cv + elev + BB + DD",-0.0870159265859374,0.662323194827369,0.916662496282208
2053,"Sambar deer","SBR",3,"ndvi_cv + elev + BB + DD",-0.154905337651031,0.650000967210466,0.856496251726005
2054,"Sambar deer","SBR",3,"ndvi_cv + elev + BB + DD",-0.179019903470835,0.692960093204689,0.836089258346399
2055,"Sambar deer","SBR",3,"ndvi_cv + elev + BB + DD",-0.188808925057451,0.698677081092778,0.827944692069015
2056,"Sambar deer","SBR",3,"ndvi_cv + elev + BB + DD",-0.225963356859362,0.716551575570102,0.797747333814365
2057,"Sambar deer","SBR",3,"ndvi_cv + elev + BB + DD",-0.211190950716684,0.760786670899586,0.809619455074898
2058,"Sambar deer","SBR",3,"ndvi_cv + elev + BB + DD",-0.219142747098063,0.818131149415288,0.80320705519497
2059,"Sambar deer","SBR",3,"ndvi_cv + elev + BB + DD",-0.227463636431905,0.889827622221672,0.796551386421736
2060,"Sambar deer","SBR",3,"ndvi_cv + elev + BB + DD",-0.218737777061983,1.02808130422643,0.803532395263095
2061,"Sambar deer","SBR",3,"ndvi_cv + elev + BB + DD",0.281275426330058,0.804098495458005,1.32481844584625
2062,"Sambar deer","SBR",3,"ndvi_cv + elev + BB + DD",0.252288094492991,0.702397021035071,1.28696675249458
2063,"Sambar deer","SBR",3,"ndvi_cv + elev + BB + DD",0.245023820080952,0.701716683718191,1.27765174663116
2064,"Sambar deer","SBR",3,"ndvi_cv + elev + BB + DD",0.241179442134875,0.698000482373509,1.27274940041707
2065,"Sambar deer","SBR",3,"ndvi_cv + elev + BB + DD",0.23833152402696,0.701231599422031,1.26912987059763
2066,"Sambar deer","SBR",3,"ndvi_cv + elev + BB + DD",0.226354587668433,0.673789195905719,1.25402025091542
2067,"Sambar deer","SBR",3,"ndvi_cv + elev + BB + DD",0.210002943623039,0.666250096573962,1.23368169372599
2068,"Sambar deer","SBR",3,"ndvi_cv + elev + BB + DD",0.177491009943481,0.645718919853929,1.19421732240607
2069,"Sambar deer","SBR",3,"ndvi_cv + elev + BB + DD",0.147380667619874,0.632078871482197,1.15879499484054
2070,"Sambar deer","SBR",3,"ndvi_cv + elev + BB + DD",0.156617880705362,0.626287602505299,1.16954862167438
2071,"Sambar deer","SBR",3,"ndvi_cv + elev + BB + DD",0.115767364838555,0.61146145300285,1.12273465482691
2072,"Sambar deer","SBR",3,"ndvi_cv + elev + BB + DD",0.147838081316338,0.621032438121212,1.1593251647714
2073,"Sambar deer","SBR",3,"ndvi_cv + elev + BB + DD",0.154819684677535,0.638639926002839,1.16744743549084
2074,"Sambar deer","SBR",3,"ndvi_cv + elev + BB + DD",0.198698506142283,0.632187556657458,1.21981414404794
2075,"Sambar deer","SBR",3,"ndvi_cv + elev + BB + DD",0.223734254035225,0.649182059745803,1.25073859652583
2076,"Sambar deer","SBR",3,"ndvi_cv + elev + BB + DD",0.266387038670137,0.635741288386723,1.30524013939615
2077,"Sambar deer","SBR",3,"ndvi_cv + elev + BB + DD",0.301382032701506,0.627302714490295,1.35172565576495
2078,"Sambar deer","SBR",3,"ndvi_cv + elev + BB + DD",0.344329375975072,0.629654628843142,1.41104332852894
2079,"Sambar deer","SBR",3,"ndvi_cv + elev + BB + DD",0.377527362624067,0.630373265294713,1.45867336217741
2080,"Sambar deer","SBR",3,"ndvi_cv + elev + BB + DD",0.40886736787704,0.629943662121851,1.50511208509322
2081,"Sambar deer","SBR",3,"ndvi_cv + elev + BB + DD",0.419351558563369,0.629754986487649,1.52097497291177
2082,"Sambar deer","SBR",3,"ndvi_cv + elev + BB + DD",0.405481709226592,0.624073463565028,1.50002490193014
2083,"Sambar deer","SBR",3,"ndvi_cv + elev + BB + DD",0.338620673146538,0.617270616496347,1.40301104530051
2084,"Sambar deer","SBR",3,"ndvi_cv + elev + BB + DD",0.2642872956227,0.634200834452295,1.30250234676803
2085,"Sambar deer","SBR",3,"ndvi_cv + elev + BB + DD",0.158195090203753,0.646063665215748,1.17139470024448
2086,"Sambar deer","SBR",3,"ndvi_cv + elev + BB + DD",0.0568356841783158,0.661256839334619,1.05848187119307
2087,"Sambar deer","SBR",3,"ndvi_cv + elev + BB + DD",-0.064580206986619,0.660897265756204,0.93746092035975
2088,"Sambar deer","SBR",3,"ndvi_cv + elev + BB + DD",-0.136655593371703,0.65264368338581,0.872270590201234
2089,"Sambar deer","SBR",3,"ndvi_cv + elev + BB + DD",-0.191210424889643,0.672151603215963,0.825958784892257
2090,"Sambar deer","SBR",3,"ndvi_cv + elev + BB + DD",-0.214300679351316,0.688630184426328,0.80710566886704
2091,"Sambar deer","SBR",3,"ndvi_cv + elev + BB + DD",-0.238761674427584,0.710169444952259,0.787602566492475
2092,"Sambar deer","SBR",3,"ndvi_cv + elev + BB + DD",-0.260387709016236,0.724370225034983,0.770752701786296
2093,"Sambar deer","SBR",3,"ndvi_cv + elev + BB + DD",-0.259376518281292,0.765041659066917,0.771532485725831
2094,"Sambar deer","SBR",3,"ndvi_cv + elev + BB + DD",-0.262359646171153,0.826973559661563,0.769234321800808
2095,"Sambar deer","SBR",3,"ndvi_cv + elev + BB + DD",-0.237792115870365,0.929675613811183,0.788366574824199
2096,"Sambar deer","SBR",3,"ndvi_cv + elev + BB + DD",0.339912845181554,1.08519357465416,1.40482517285327
2097,"Sambar deer","SBR",3,"ndvi_cv + elev + BB + DD",0.328554551955562,0.856798068709815,1.38895901991992
2098,"Sambar deer","SBR",3,"ndvi_cv + elev + BB + DD",0.304399362591384,0.754459528616815,1.35581040817329
2099,"Sambar deer","SBR",3,"ndvi_cv + elev + BB + DD",0.27885494375514,0.72164991435326,1.32161562421629
2100,"Sambar deer","SBR",3,"ndvi_cv + elev + BB + DD",0.270630516674566,0.700142088796849,1.31079067944669
2101,"Sambar deer","SBR",3,"ndvi_cv + elev + BB + DD",0.269323879078469,0.705564508579314,1.3090790572785
2102,"Sambar deer","SBR",3,"ndvi_cv + elev + BB + DD",0.237371227866633,0.682235339256363,1.26791172580777
2103,"Sambar deer","SBR",3,"ndvi_cv + elev + BB + DD",0.219881754566139,0.685681301894401,1.24592940295591
2104,"Sambar deer","SBR",3,"ndvi_cv + elev + BB + DD",0.195063132180792,0.666110271597503,1.21538771436015
2105,"Sambar deer","SBR",3,"ndvi_cv + elev + BB + DD",0.143754245921371,0.658639364318699,1.15460032613296
2106,"Sambar deer","SBR",3,"ndvi_cv + elev + BB + DD",0.10656896036403,0.627842035552031,1.11245468603323
2107,"Sambar deer","SBR",3,"ndvi_cv + elev + BB + DD",0.0577806617971453,0.602924358707551,1.05948258545641
2108,"Sambar deer","SBR",3,"ndvi_cv + elev + BB + DD",0.070114951856959,0.592060659264375,1.0726314753171
2109,"Sambar deer","SBR",3,"ndvi_cv + elev + BB + DD",0.0770863721056173,0.613311494113438,1.08013536593863
2110,"Sambar deer","SBR",3,"ndvi_cv + elev + BB + DD",0.112032503770716,0.634159144000493,1.11854921999303
2111,"Sambar deer","SBR",3,"ndvi_cv + elev + BB + DD",0.131184736337303,0.639384918344182,1.14017840150101
2112,"Sambar deer","SBR",3,"ndvi_cv + elev + BB + DD",0.181336997751946,0.631110105221109,1.19881911097312
2113,"Sambar deer","SBR",3,"ndvi_cv + elev + BB + DD",0.163708140070659,0.640515371304971,1.17787049189453
2114,"Sambar deer","SBR",3,"ndvi_cv + elev + BB + DD",0.198021157436103,0.652899036773519,1.21898818543663
2115,"Sambar deer","SBR",3,"ndvi_cv + elev + BB + DD",0.234255944131312,0.624932326871659,1.26396795658016
2116,"Sambar deer","SBR",3,"ndvi_cv + elev + BB + DD",0.290406590147352,0.63493069839863,1.33697097724289
2117,"Sambar deer","SBR",3,"ndvi_cv + elev + BB + DD",0.349411640311383,0.635403446836062,1.41823287202163
2118,"Sambar deer","SBR",3,"ndvi_cv + elev + BB + DD",0.384905949683412,0.634523871169105,1.46947611039455
2119,"Sambar deer","SBR",3,"ndvi_cv + elev + BB + DD",0.414794066482441,0.608209309248191,1.51405891440698
2120,"Sambar deer","SBR",3,"ndvi_cv + elev + BB + DD",0.369280825296942,0.607404294382955,1.4466938178517
2121,"Sambar deer","SBR",3,"ndvi_cv + elev + BB + DD",0.269479356569549,0.62178029293142,1.30928260433113
2122,"Sambar deer","SBR",3,"ndvi_cv + elev + BB + DD",0.125205618374308,0.635823138816324,1.13338147678585
2123,"Sambar deer","SBR",3,"ndvi_cv + elev + BB + DD",0.00515298754995238,0.640949673641088,1.00516628724191
2124,"Sambar deer","SBR",3,"ndvi_cv + elev + BB + DD",-0.142152563345243,0.655185071046412,0.867488900109174
2125,"Sambar deer","SBR",3,"ndvi_cv + elev + BB + DD",-0.236736911828471,0.646108614930944,0.789198892535288
2126,"Sambar deer","SBR",3,"ndvi_cv + elev + BB + DD",-0.288528996288853,0.668530757176189,0.749365078800073
2127,"Sambar deer","SBR",3,"ndvi_cv + elev + BB + DD",-0.263936526096243,0.697187870455282,0.768022289224149
2128,"Sambar deer","SBR",3,"ndvi_cv + elev + BB + DD",-0.282231629811294,0.702590925154292,0.754098992528148
2129,"Sambar deer","SBR",3,"ndvi_cv + elev + BB + DD",-0.311840550230642,0.740456853756966,0.732098254047077
2130,"Sambar deer","SBR",3,"ndvi_cv + elev + BB + DD",-0.305176003701569,0.784552876731507,0.736993651428781
2131,"Sambar deer","SBR",3,"ndvi_cv + elev + BB + DD",-0.262909789461287,0.849494754242356,0.768811260362055
2132,"Sambar deer","SBR",3,"ndvi_cv + elev + BB + DD",-0.265706325083829,0.998311384022105,0.766664244775573
2133,"Sambar deer","SBR",3,"ndvi_cv + elev + BB + DD",0.364842887799851,0.941910884705984,1.44028770563226
2134,"Sambar deer","SBR",3,"ndvi_cv + elev + BB + DD",0.327335433474745,0.816072996302108,1.38726673932547
2135,"Sambar deer","SBR",3,"ndvi_cv + elev + BB + DD",0.331835640678384,0.738548170551476,1.39352379130588
2136,"Sambar deer","SBR",3,"ndvi_cv + elev + BB + DD",0.304661454826239,0.699465914880044,1.3561658028254
2137,"Sambar deer","SBR",3,"ndvi_cv + elev + BB + DD",0.263750541646942,0.683948725260057,1.30180341020194
2138,"Sambar deer","SBR",3,"ndvi_cv + elev + BB + DD",0.284430632051371,0.708750176919737,1.32900512387326
2139,"Sambar deer","SBR",3,"ndvi_cv + elev + BB + DD",0.236856384769206,0.713327535731116,1.26725911477256
2140,"Sambar deer","SBR",3,"ndvi_cv + elev + BB + DD",0.220071266554314,0.69695428483698,1.24616557781541
2141,"Sambar deer","SBR",3,"ndvi_cv + elev + BB + DD",0.181608963276241,0.676535003319005,1.19914519253031
2142,"Sambar deer","SBR",3,"ndvi_cv + elev + BB + DD",0.152158066383865,0.65690571475026,1.16434426567207
2143,"Sambar deer","SBR",3,"ndvi_cv + elev + BB + DD",0.0997549956951373,0.638910058322195,1.10490017961704
2144,"Sambar deer","SBR",3,"ndvi_cv + elev + BB + DD",0.0287013870612702,0.562411654478462,1.0291172417014
2145,"Sambar deer","SBR",3,"ndvi_cv + elev + BB + DD",-0.0651690957751416,0.486650991588238,0.936909023766088
2146,"Sambar deer","SBR",3,"ndvi_cv + elev + BB + DD",-0.00760660309886143,0.608261258855264,0.992422254131722
2147,"Sambar deer","SBR",3,"ndvi_cv + elev + BB + DD",0.0536272980847586,0.64272901169398,1.05509129512254
2148,"Sambar deer","SBR",3,"ndvi_cv + elev + BB + DD",0.0751603576427985,0.65098167427768,1.07805701455202
2149,"Sambar deer","SBR",3,"ndvi_cv + elev + BB + DD",0.057179684546759,0.646595872568212,1.05884606845202
2150,"Sambar deer","SBR",3,"ndvi_cv + elev + BB + DD",0.0431244399284495,0.624282052600882,1.04406781120781
2151,"Sambar deer","SBR",3,"ndvi_cv + elev + BB + DD",0.0709525506830354,0.615498893608521,1.07353029386666
2152,"Sambar deer","SBR",3,"ndvi_cv + elev + BB + DD",0.160596603486586,0.646370926665852,1.17421120056392
2153,"Sambar deer","SBR",3,"ndvi_cv + elev + BB + DD",0.215267815285867,0.644941258863629,1.24019403119731
2154,"Sambar deer","SBR",3,"ndvi_cv + elev + BB + DD",0.239126199162858,0.640277924697334,1.27013881764624
2155,"Sambar deer","SBR",3,"ndvi_cv + elev + BB + DD",0.306402691547657,0.628196001025119,1.35852926549984
2156,"Sambar deer","SBR",3,"ndvi_cv + elev + BB + DD",0.45788373770237,0.583157945372997,1.58072521497373
2157,"Sambar deer","SBR",3,"ndvi_cv + elev + BB + DD",0.596246480578369,0.419358152353105,1.8152922621899
2158,"Sambar deer","SBR",3,"ndvi_cv + elev + BB + DD",0.219942067038403,0.595450024701706,1.2460045440741
2159,"Sambar deer","SBR",3,"ndvi_cv + elev + BB + DD",0.0772972845395479,0.639833996066173,1.08036320408205
2160,"Sambar deer","SBR",3,"ndvi_cv + elev + BB + DD",-0.118437279692312,0.641937447831177,0.888307529093088
2161,"Sambar deer","SBR",3,"ndvi_cv + elev + BB + DD",-0.249042409151255,0.632645702495289,0.779546913510974
2162,"Sambar deer","SBR",3,"ndvi_cv + elev + BB + DD",-0.480914484436101,0.571489653284258,0.618217782689203
2163,"Sambar deer","SBR",3,"ndvi_cv + elev + BB + DD",-0.378377129561702,0.660465442868628,0.684972129889708
2164,"Sambar deer","SBR",3,"ndvi_cv + elev + BB + DD",-0.320957806617282,0.691384986958268,0.725453861579868
2165,"Sambar deer","SBR",3,"ndvi_cv + elev + BB + DD",-0.310704611170856,0.704021922657865,0.732930345922753
2166,"Sambar deer","SBR",3,"ndvi_cv + elev + BB + DD",-0.367906361891351,0.748657998663735,0.692181993267215
2167,"Sambar deer","SBR",3,"ndvi_cv + elev + BB + DD",-0.359695745019126,0.788881036879369,0.697888655234126
2168,"Sambar deer","SBR",3,"ndvi_cv + elev + BB + DD",-0.320350986939651,0.877826274676913,0.725894213417246
2169,"Sambar deer","SBR",3,"ndvi_cv + elev + BB + DD",0.369553928010317,0.91138275328432,1.44708896619151
2170,"Sambar deer","SBR",3,"ndvi_cv + elev + BB + DD",0.346061038492212,0.78814710628913,1.41348889155343
2171,"Sambar deer","SBR",3,"ndvi_cv + elev + BB + DD",0.331636560208106,0.743490172852635,1.39324640062219
2172,"Sambar deer","SBR",3,"ndvi_cv + elev + BB + DD",0.323460201069316,0.720446345632132,1.38190116258074
2173,"Sambar deer","SBR",3,"ndvi_cv + elev + BB + DD",0.324892587763414,0.71150879850072,1.38388199213932
2174,"Sambar deer","SBR",3,"ndvi_cv + elev + BB + DD",0.266475481640902,0.71062283027852,1.30535558390435
2175,"Sambar deer","SBR",3,"ndvi_cv + elev + BB + DD",0.251257734021094,0.697203631477133,1.28564139521334
2176,"Sambar deer","SBR",3,"ndvi_cv + elev + BB + DD",0.219015510211015,0.692507072027021,1.24485058480275
2177,"Sambar deer","SBR",3,"ndvi_cv + elev + BB + DD",0.196905399925135,0.685857980912989,1.21762884805316
2178,"Sambar deer","SBR",3,"ndvi_cv + elev + BB + DD",0.145211784674819,0.673202638938991,1.1562844354108
2179,"Sambar deer","SBR",3,"ndvi_cv + elev + BB + DD",0.111312872454483,0.646294171375186,1.11774456376629
2180,"Sambar deer","SBR",3,"ndvi_cv + elev + BB + DD",0.0279642096951169,0.592572274640241,1.02835888345611
2181,"Sambar deer","SBR",3,"ndvi_cv + elev + BB + DD",-0.0595250111998849,0.527124104093753,0.942211967489787
2182,"Sambar deer","SBR",3,"ndvi_cv + elev + BB + DD",0.000362091311266222,0.617955179718824,1.00036215697225
2183,"Sambar deer","SBR",3,"ndvi_cv + elev + BB + DD",0.0334864072930128,0.646333257460877,1.03405338946235
2184,"Sambar deer","SBR",3,"ndvi_cv + elev + BB + DD",0.0320695856217519,0.652964134270826,1.03258939752663
2185,"Sambar deer","SBR",3,"ndvi_cv + elev + BB + DD",0.0159512487590019,0.63748016990378,1.01607915208765
2186,"Sambar deer","SBR",3,"ndvi_cv + elev + BB + DD",-0.0195157083420592,0.621025590627093,0.980673490852911
2187,"Sambar deer","SBR",3,"ndvi_cv + elev + BB + DD",0.0305087858634277,0.631521942201546,1.03097895199539
2188,"Sambar deer","SBR",3,"ndvi_cv + elev + BB + DD",0.105809839053218,0.63611126160004,1.11161047207988
2189,"Sambar deer","SBR",3,"ndvi_cv + elev + BB + DD",0.136608606808525,0.65101411673665,1.14637938399507
2190,"Sambar deer","SBR",3,"ndvi_cv + elev + BB + DD",0.175287372156127,0.648730669160871,1.19158859953795
2191,"Sambar deer","SBR",3,"ndvi_cv + elev + BB + DD",0.212022248947966,0.635580073998976,1.23617538932825
2192,"Sambar deer","SBR",3,"ndvi_cv + elev + BB + DD",0.272580600251225,0.608788997566613,1.31334931218811
2193,"Sambar deer","SBR",3,"ndvi_cv + elev + BB + DD",0.232735524754388,0.601899777845526,1.26204765489213
2194,"Sambar deer","SBR",3,"ndvi_cv + elev + BB + DD",0.13896741616316,0.619968585996481,1.14908668437815
2195,"Sambar deer","SBR",3,"ndvi_cv + elev + BB + DD",-0.0094843891737658,0.620078075047588,0.990560478523039
2196,"Sambar deer","SBR",3,"ndvi_cv + elev + BB + DD",-0.164736219946137,0.65848202727614,0.848117393650848
2197,"Sambar deer","SBR",3,"ndvi_cv + elev + BB + DD",-0.346652827904778,0.640845918167114,0.707050753963517
2198,"Sambar deer","SBR",3,"ndvi_cv + elev + BB + DD",-0.578132324284102,0.589548301106276,0.56094506178165
2199,"Sambar deer","SBR",3,"ndvi_cv + elev + BB + DD",-0.452262906392169,0.648759069003315,0.636186895816645
2200,"Sambar deer","SBR",3,"ndvi_cv + elev + BB + DD",-0.407580236810343,0.675149690437551,0.665258071520372
2201,"Sambar deer","SBR",3,"ndvi_cv + elev + BB + DD",-0.399514478183796,0.706913441457175,0.670645580964688
2202,"Sambar deer","SBR",3,"ndvi_cv + elev + BB + DD",-0.397901277896639,0.760974318224889,0.671728338936767
2203,"Sambar deer","SBR",3,"ndvi_cv + elev + BB + DD",-0.378464493352613,0.820966097997099,0.684912290271219
2204,"Sambar deer","SBR",3,"ndvi_cv + elev + BB + DD",-0.404236437389367,0.893583699896377,0.667486284002206
2205,"Sambar deer","SBR",3,"ndvi_cv + elev + BB + DD",0.36210209371002,0.864800837750012,1.43634557632377
2206,"Sambar deer","SBR",3,"ndvi_cv + elev + BB + DD",0.370428738408518,0.777030424115959,1.4483554521324
2207,"Sambar deer","SBR",3,"ndvi_cv + elev + BB + DD",0.340515196487124,0.750511537182546,1.40567160181918
2208,"Sambar deer","SBR",3,"ndvi_cv + elev + BB + DD",0.326589561930152,0.735906792753952,1.38623239887681
2209,"Sambar deer","SBR",3,"ndvi_cv + elev + BB + DD",0.303029059477003,0.710741946244419,1.3539538091599
2210,"Sambar deer","SBR",3,"ndvi_cv + elev + BB + DD",0.293230370453668,0.716635471978033,1.34075162505986
2211,"Sambar deer","SBR",3,"ndvi_cv + elev + BB + DD",0.243852185944949,0.685462715021484,1.27615568442932
2212,"Sambar deer","SBR",3,"ndvi_cv + elev + BB + DD",0.220156649447766,0.673724385637366,1.24627194323334
2213,"Sambar deer","SBR",3,"ndvi_cv + elev + BB + DD",0.204872862391,0.694368953387681,1.22736901028542
2214,"Sambar deer","SBR",3,"ndvi_cv + elev + BB + DD",0.150793719106783,0.677625079523456,1.16275677883451
2215,"Sambar deer","SBR",3,"ndvi_cv + elev + BB + DD",0.116848485167063,0.670103683627478,1.12394912182661
2216,"Sambar deer","SBR",3,"ndvi_cv + elev + BB + DD",0.0593273642374004,0.642758699785979,1.06112255753687
2217,"Sambar deer","SBR",3,"ndvi_cv + elev + BB + DD",0.0230342412161171,0.644313183271589,1.02330157836711
2218,"Sambar deer","SBR",3,"ndvi_cv + elev + BB + DD",0.000342103990743635,0.636688088245279,1.00034216257404
2219,"Sambar deer","SBR",3,"ndvi_cv + elev + BB + DD",-0.0182854186292185,0.639347321564031,0.981880745931799
2220,"Sambar deer","SBR",3,"ndvi_cv + elev + BB + DD",0.0289013513755268,0.644707014614349,1.02932304830566
2221,"Sambar deer","SBR",3,"ndvi_cv + elev + BB + DD",0.00494000360064398,0.631188991362921,1.0049522261483
2222,"Sambar deer","SBR",3,"ndvi_cv + elev + BB + DD",-0.0080039721569287,0.640780539371484,0.992027974444737
2223,"Sambar deer","SBR",3,"ndvi_cv + elev + BB + DD",0.0233076710904445,0.662250792542517,1.02358143598244
2224,"Sambar deer","SBR",3,"ndvi_cv + elev + BB + DD",0.0434925319946895,0.652774902313101,1.04445219443816
2225,"Sambar deer","SBR",3,"ndvi_cv + elev + BB + DD",0.0694654393541724,0.657467569751699,1.07193501484751
2226,"Sambar deer","SBR",3,"ndvi_cv + elev + BB + DD",0.0847033542629797,0.661785121488831,1.08839416478443
2227,"Sambar deer","SBR",3,"ndvi_cv + elev + BB + DD",0.0915312689624115,0.642457027293364,1.09585104525708
2228,"Sambar deer","SBR",3,"ndvi_cv + elev + BB + DD",0.107967488347379,0.652866861933473,1.11401153031762
2229,"Sambar deer","SBR",3,"ndvi_cv + elev + BB + DD",0.0467035839753716,0.634712858628791,1.04781137626158
2230,"Sambar deer","SBR",3,"ndvi_cv + elev + BB + DD",-0.0260731292582325,0.627733081241677,0.974263844962925
2231,"Sambar deer","SBR",3,"ndvi_cv + elev + BB + DD",-0.121120617574809,0.624372358395683,0.885927098311829
2232,"Sambar deer","SBR",3,"ndvi_cv + elev + BB + DD",-0.241820859469048,0.647989017916253,0.785196826289309
2233,"Sambar deer","SBR",3,"ndvi_cv + elev + BB + DD",-0.39017271799847,0.666262027172516,0.676939947265429
2234,"Sambar deer","SBR",3,"ndvi_cv + elev + BB + DD",-0.468223267903172,0.643232928915657,0.626113742140519
2235,"Sambar deer","SBR",3,"ndvi_cv + elev + BB + DD",-0.4887963870212,0.650100944286539,0.613364203225841
2236,"Sambar deer","SBR",3,"ndvi_cv + elev + BB + DD",-0.483500293507793,0.692946606128392,0.616621254755437
2237,"Sambar deer","SBR",3,"ndvi_cv + elev + BB + DD",-0.434337348578237,0.707222947976545,0.647693724567641
2238,"Sambar deer","SBR",3,"ndvi_cv + elev + BB + DD",-0.404992052026058,0.759742173762789,0.666982114410472
2239,"Sambar deer","SBR",3,"ndvi_cv + elev + BB + DD",-0.435286869930377,0.819779902047141,0.647079056239294
2240,"Sambar deer","SBR",3,"ndvi_cv + elev + BB + DD",-0.452961696952769,0.932444197251051,0.635742484579127
2241,"Sambar deer","SBR",3,"ndvi_cv + elev + BB + DD",0.366339923659988,1.00114558690046,1.44244550324188
2242,"Sambar deer","SBR",3,"ndvi_cv + elev + BB + DD",0.369120389973422,0.841616637730066,1.44646173602054
2243,"Sambar deer","SBR",3,"ndvi_cv + elev + BB + DD",0.379303085129397,0.77855068783559,1.46126586361671
2244,"Sambar deer","SBR",3,"ndvi_cv + elev + BB + DD",0.35802626733578,0.749484579809083,1.4305031992574
2245,"Sambar deer","SBR",3,"ndvi_cv + elev + BB + DD",0.319370702741588,0.731926829050306,1.37626141607756
2246,"Sambar deer","SBR",3,"ndvi_cv + elev + BB + DD",0.339793243492264,0.707626762537762,1.40465713869217
2247,"Sambar deer","SBR",3,"ndvi_cv + elev + BB + DD",0.305086816778268,0.690766550387473,1.35674281046713
2248,"Sambar deer","SBR",3,"ndvi_cv + elev + BB + DD",0.286470332176301,0.688154333331391,1.33171865828773
2249,"Sambar deer","SBR",3,"ndvi_cv + elev + BB + DD",0.259622916610075,0.694478414366106,1.29644112862341
2250,"Sambar deer","SBR",3,"ndvi_cv + elev + BB + DD",0.195556871081325,0.671677733525136,1.21598795846997
2251,"Sambar deer","SBR",3,"ndvi_cv + elev + BB + DD",0.137186729515992,0.677422297742853,1.14704231684737
2252,"Sambar deer","SBR",3,"ndvi_cv + elev + BB + DD",0.0951387433972801,0.667741718811506,1.09981143706616
2253,"Sambar deer","SBR",3,"ndvi_cv + elev + BB + DD",0.0604154463100787,0.665628930809762,1.06227777430851
2254,"Sambar deer","SBR",3,"ndvi_cv + elev + BB + DD",0.0231277833267004,0.656278068310076,1.02339730431036
2255,"Sambar deer","SBR",3,"ndvi_cv + elev + BB + DD",-0.0104942461920144,0.651027357527945,0.989560630446335
2256,"Sambar deer","SBR",3,"ndvi_cv + elev + BB + DD",-0.0314039666183639,0.645009834784638,0.969084067850567
2257,"Sambar deer","SBR",3,"ndvi_cv + elev + BB + DD",-0.0198580608606561,0.649235826983244,0.980337811792589
2258,"Sambar deer","SBR",3,"ndvi_cv + elev + BB + DD",-0.00911219827557587,0.653459703778409,0.990929192914128
2259,"Sambar deer","SBR",3,"ndvi_cv + elev + BB + DD",-0.00541491425955432,0.650918975799469,0.994599721306777
2260,"Sambar deer","SBR",3,"ndvi_cv + elev + BB + DD",-0.0151695765997504,0.658719966528467,0.984944903667811
2261,"Sambar deer","SBR",3,"ndvi_cv + elev + BB + DD",0.00142204482798621,0.651828062859056,1.00142306747833
2262,"Sambar deer","SBR",3,"ndvi_cv + elev + BB + DD",0.0170874380690462,0.639348951337884,1.01723427637798
2263,"Sambar deer","SBR",3,"ndvi_cv + elev + BB + DD",0.0173895491322999,0.648748701799734,1.01754162846263
2264,"Sambar deer","SBR",3,"ndvi_cv + elev + BB + DD",-0.0188586920294439,0.652316260058213,0.981318055670534
2265,"Sambar deer","SBR",3,"ndvi_cv + elev + BB + DD",-0.0447957953542978,0.636981105422405,0.956192740119977
2266,"Sambar deer","SBR",3,"ndvi_cv + elev + BB + DD",-0.0900290981356351,0.637419002702136,0.913904592701178
2267,"Sambar deer","SBR",3,"ndvi_cv + elev + BB + DD",-0.160831041067828,0.632908207110384,0.851435917343772
2268,"Sambar deer","SBR",3,"ndvi_cv + elev + BB + DD",-0.227978787544385,0.634850430814629,0.796141147800785
2269,"Sambar deer","SBR",3,"ndvi_cv + elev + BB + DD",-0.311612732857943,0.635587883136533,0.732265067953232
2270,"Sambar deer","SBR",3,"ndvi_cv + elev + BB + DD",-0.429026736770545,0.665523513148555,0.651142520689464
2271,"Sambar deer","SBR",3,"ndvi_cv + elev + BB + DD",-0.491357270745971,0.670492747568032,0.61179546182066
2272,"Sambar deer","SBR",3,"ndvi_cv + elev + BB + DD",-0.534105393474311,0.664126996232656,0.586193468614527
2273,"Sambar deer","SBR",3,"ndvi_cv + elev + BB + DD",-0.514268716350103,0.691219421517512,0.597937698693492
2274,"Sambar deer","SBR",3,"ndvi_cv + elev + BB + DD",-0.481215651376294,0.719025225326521,0.618031631222716
2275,"Sambar deer","SBR",3,"ndvi_cv + elev + BB + DD",-0.483659008900411,0.759474128132126,0.616523395792481
2276,"Sambar deer","SBR",3,"ndvi_cv + elev + BB + DD",-0.464897889431213,0.828533421543864,0.628199254174341
2277,"Sambar deer","SBR",3,"ndvi_cv + elev + BB + DD",-0.446588432133034,0.974791893124176,0.639807179420652
2278,"Sambar deer","SBR",3,"ndvi_cv + elev + BB + DD",0.339313661969643,1.01020214450324,1.40398365575122
2279,"Sambar deer","SBR",3,"ndvi_cv + elev + BB + DD",0.394419973642741,0.861028681461712,1.48352345904161
2280,"Sambar deer","SBR",3,"ndvi_cv + elev + BB + DD",0.366147543118869,0.78480841772528,1.44216808948229
2281,"Sambar deer","SBR",3,"ndvi_cv + elev + BB + DD",0.387439253137559,0.758564269648983,1.47320351546199
2282,"Sambar deer","SBR",3,"ndvi_cv + elev + BB + DD",0.378784418353916,0.72745669349413,1.46050814421274
2283,"Sambar deer","SBR",3,"ndvi_cv + elev + BB + DD",0.346560349001432,0.700150899438445,1.41419483792728
2284,"Sambar deer","SBR",3,"ndvi_cv + elev + BB + DD",0.34173064113701,0.69873593695642,1.40738116579898
2285,"Sambar deer","SBR",3,"ndvi_cv + elev + BB + DD",0.307718817316585,0.697979884841498,1.36031844550707
2286,"Sambar deer","SBR",3,"ndvi_cv + elev + BB + DD",0.256586696557441,0.700474922399093,1.29251081779044
2287,"Sambar deer","SBR",3,"ndvi_cv + elev + BB + DD",0.187216591295521,0.684160945421696,1.20588844250548
2288,"Sambar deer","SBR",3,"ndvi_cv + elev + BB + DD",0.139732169219499,0.686041390209826,1.14996576141895
2289,"Sambar deer","SBR",3,"ndvi_cv + elev + BB + DD",0.0554827421153265,0.664806099250073,1.05705077787922
2290,"Sambar deer","SBR",3,"ndvi_cv + elev + BB + DD",0.0141408078586879,0.667571625420954,1.01424126202686
2291,"Sambar deer","SBR",3,"ndvi_cv + elev + BB + DD",-0.0241393301209142,0.648366593924278,0.976149694779713
2292,"Sambar deer","SBR",3,"ndvi_cv + elev + BB + DD",-0.0372357826205622,0.659403410746205,0.963448955916829
2293,"Sambar deer","SBR",3,"ndvi_cv + elev + BB + DD",-0.0661227073176196,0.652246819386577,0.936016001231764
2294,"Sambar deer","SBR",3,"ndvi_cv + elev + BB + DD",-0.0357005448015227,0.654467425324926,0.964929203817097
2295,"Sambar deer","SBR",3,"ndvi_cv + elev + BB + DD",-0.0608587369407794,0.670757506305316,0.940956152790593
2296,"Sambar deer","SBR",3,"ndvi_cv + elev + BB + DD",-0.0527905142177682,0.665257973028125,0.948578717838565
2297,"Sambar deer","SBR",3,"ndvi_cv + elev + BB + DD",-0.0361553470027675,0.653461282158794,0.964490471370013
2298,"Sambar deer","SBR",3,"ndvi_cv + elev + BB + DD",-0.0239219609710741,0.657479645795893,0.976361901125515
2299,"Sambar deer","SBR",3,"ndvi_cv + elev + BB + DD",-0.0425696360660255,0.646340640204605,0.958323729432822
2300,"Sambar deer","SBR",3,"ndvi_cv + elev + BB + DD",-0.0611561149749501,0.647264193795794,0.940676375579798
2301,"Sambar deer","SBR",3,"ndvi_cv + elev + BB + DD",-0.104746463784719,0.634706505692461,0.900552817111852
2302,"Sambar deer","SBR",3,"ndvi_cv + elev + BB + DD",-0.123052536652616,0.621625562392223,0.884217213338431
2303,"Sambar deer","SBR",3,"ndvi_cv + elev + BB + DD",-0.190840036090083,0.642188381470868,0.82626475129079
2304,"Sambar deer","SBR",3,"ndvi_cv + elev + BB + DD",-0.225358562291222,0.642859807904467,0.79822995304294
2305,"Sambar deer","SBR",3,"ndvi_cv + elev + BB + DD",-0.327937340363026,0.640574088494726,0.720408159093341
2306,"Sambar deer","SBR",3,"ndvi_cv + elev + BB + DD",-0.405793578344923,0.655116101418185,0.666447723728825
2307,"Sambar deer","SBR",3,"ndvi_cv + elev + BB + DD",-0.492864835822604,0.640557757890744,0.610873831751992
2308,"Sambar deer","SBR",3,"ndvi_cv + elev + BB + DD",-0.549232978857138,0.649943923830513,0.577392512882264
2309,"Sambar deer","SBR",3,"ndvi_cv + elev + BB + DD",-0.584724592263966,0.659779380451017,0.557259325401175
2310,"Sambar deer","SBR",3,"ndvi_cv + elev + BB + DD",-0.567571294141998,0.662005593669864,0.566900603525649
2311,"Sambar deer","SBR",3,"ndvi_cv + elev + BB + DD",-0.539206723239535,0.694053637312764,0.583210716438877
2312,"Sambar deer","SBR",3,"ndvi_cv + elev + BB + DD",-0.481010766871343,0.744164152512193,0.618158262621221
2313,"Sambar deer","SBR",3,"ndvi_cv + elev + BB + DD",-0.509040628049698,0.829247170676345,0.601071954190912
2314,"Sambar deer","SBR",3,"ndvi_cv + elev + BB + DD",0.442546640788573,0.889838390226091,1.55666647583292
2315,"Sambar deer","SBR",3,"ndvi_cv + elev + BB + DD",0.448303539275396,0.803634427440771,1.56565386215387
2316,"Sambar deer","SBR",3,"ndvi_cv + elev + BB + DD",0.416885133516443,0.75757853447345,1.51722822466225
2317,"Sambar deer","SBR",3,"ndvi_cv + elev + BB + DD",0.388624997945192,0.718375454018587,1.47495134319075
2318,"Sambar deer","SBR",3,"ndvi_cv + elev + BB + DD",0.381776700181243,0.720064729437693,1.46488494073107
2319,"Sambar deer","SBR",3,"ndvi_cv + elev + BB + DD",0.365114208979037,0.685038766278875,1.44067853718069
2320,"Sambar deer","SBR",3,"ndvi_cv + elev + BB + DD",0.325490066199095,0.671402264208063,1.38470907887235
2321,"Sambar deer","SBR",3,"ndvi_cv + elev + BB + DD",0.255269974418136,0.686642618884977,1.29081007660406
2322,"Sambar deer","SBR",3,"ndvi_cv + elev + BB + DD",0.214415316786848,0.695121164802794,1.23913718276341
2323,"Sambar deer","SBR",3,"ndvi_cv + elev + BB + DD",0.156965022998385,0.681892952620558,1.16995469877453
2324,"Sambar deer","SBR",3,"ndvi_cv + elev + BB + DD",0.0667224014706176,0.671525285069455,1.06899868478357
2325,"Sambar deer","SBR",3,"ndvi_cv + elev + BB + DD",-0.0348748095806742,0.655378618643212,0.965726308372147
2326,"Sambar deer","SBR",3,"ndvi_cv + elev + BB + DD",-0.11374194507292,0.631698730401024,0.892488246666965
2327,"Sambar deer","SBR",3,"ndvi_cv + elev + BB + DD",-0.116961164200315,0.647535211848408,0.88961974916216
2328,"Sambar deer","SBR",3,"ndvi_cv + elev + BB + DD",-0.0928982539792622,0.649165610999104,0.911286216005109
2329,"Sambar deer","SBR",3,"ndvi_cv + elev + BB + DD",-0.0436645074920492,0.676778264330388,0.957275063306162
2330,"Sambar deer","SBR",3,"ndvi_cv + elev + BB + DD",-0.0464965835765275,0.670985291683874,0.954567825884805
2331,"Sambar deer","SBR",3,"ndvi_cv + elev + BB + DD",-0.054615834378362,0.665468525154373,0.946848833892917
2332,"Sambar deer","SBR",3,"ndvi_cv + elev + BB + DD",-0.0831989227411539,0.652760898961188,0.920168088503913
2333,"Sambar deer","SBR",3,"ndvi_cv + elev + BB + DD",-0.0418092875100884,0.675501642873718,0.959052675330254
2334,"Sambar deer","SBR",3,"ndvi_cv + elev + BB + DD",-0.0693696051809741,0.663577835715843,0.932981781491416
2335,"Sambar deer","SBR",3,"ndvi_cv + elev + BB + DD",-0.118354515918318,0.641431654701414,0.888381051566804
2336,"Sambar deer","SBR",3,"ndvi_cv + elev + BB + DD",-0.183253546924706,0.625355271306027,0.832557039567667
2337,"Sambar deer","SBR",3,"ndvi_cv + elev + BB + DD",-0.273273881910119,0.618500126022662,0.760884369183608
2338,"Sambar deer","SBR",3,"ndvi_cv + elev + BB + DD",-0.304578131390637,0.61068654581322,0.737434409239163
2339,"Sambar deer","SBR",3,"ndvi_cv + elev + BB + DD",-0.332580748065594,0.609742235409619,0.717070766547546
2340,"Sambar deer","SBR",3,"ndvi_cv + elev + BB + DD",-0.400815838264657,0.645302423137983,0.669773396322013
2341,"Sambar deer","SBR",3,"ndvi_cv + elev + BB + DD",-0.465817424833639,0.638759707460505,0.627621861763515
2342,"Sambar deer","SBR",3,"ndvi_cv + elev + BB + DD",-0.584468754916442,0.631649170561551,0.557401900690237
2343,"Sambar deer","SBR",3,"ndvi_cv + elev + BB + DD",-0.669082953730396,0.614886815433112,0.512178053473963
2344,"Sambar deer","SBR",3,"ndvi_cv + elev + BB + DD",-0.654077073883933,0.632485233692396,0.519921690612414
2345,"Sambar deer","SBR",3,"ndvi_cv + elev + BB + DD",-0.585705810011476,0.672615322875974,0.556712789680233
2346,"Sambar deer","SBR",3,"ndvi_cv + elev + BB + DD",-0.562446831445394,0.695725513029833,0.569813123521489
2347,"Sambar deer","SBR",3,"ndvi_cv + elev + BB + DD",-0.522840944823661,0.744979046690174,0.592833944811842
2348,"Sambar deer","SBR",3,"ndvi_cv + elev + BB + DD",-0.497884451467201,0.822017460362072,0.607815175178099
2349,"Sambar deer","SBR",3,"ndvi_cv + elev + BB + DD",0.467859999809147,0.921584026942769,1.59657386689471
2350,"Sambar deer","SBR",3,"ndvi_cv + elev + BB + DD",0.479869358236025,0.804934106415058,1.61586329095124
2351,"Sambar deer","SBR",3,"ndvi_cv + elev + BB + DD",0.453614373927901,0.756772163178122,1.57399091081251
2352,"Sambar deer","SBR",3,"ndvi_cv + elev + BB + DD",0.447130737440411,0.746560432348748,1.56381873591206
2353,"Sambar deer","SBR",3,"ndvi_cv + elev + BB + DD",0.434922686111555,0.722474076936352,1.5448436166579
2354,"Sambar deer","SBR",3,"ndvi_cv + elev + BB + DD",0.411570819352062,0.709636784487951,1.50918658553021
2355,"Sambar deer","SBR",3,"ndvi_cv + elev + BB + DD",0.369971352594098,0.694344084719153,1.44769315325638
2356,"Sambar deer","SBR",3,"ndvi_cv + elev + BB + DD",0.30982316689084,0.679647846851987,1.36318403743106
2357,"Sambar deer","SBR",3,"ndvi_cv + elev + BB + DD",0.251970581837952,0.680250277923962,1.28655818868955
2358,"Sambar deer","SBR",3,"ndvi_cv + elev + BB + DD",0.18331806338564,0.668903497807644,1.2011964262948
2359,"Sambar deer","SBR",3,"ndvi_cv + elev + BB + DD",0.0706226322792522,0.659703869383065,1.07317616781185
2360,"Sambar deer","SBR",3,"ndvi_cv + elev + BB + DD",-0.0980382989064014,0.593563821144178,0.906614180826261
2361,"Sambar deer","SBR",3,"ndvi_cv + elev + BB + DD",-0.398168435487884,0.508258381638319,0.671548905469056
2362,"Sambar deer","SBR",3,"ndvi_cv + elev + BB + DD",-0.152124292115399,0.644983004612697,0.858881522336946
2363,"Sambar deer","SBR",3,"ndvi_cv + elev + BB + DD",-0.0875231553084269,0.658920031784611,0.916197657043833
2364,"Sambar deer","SBR",3,"ndvi_cv + elev + BB + DD",-0.0417002973645131,0.678110023624369,0.959157211083251
2365,"Sambar deer","SBR",3,"ndvi_cv + elev + BB + DD",-0.0630702323580105,0.685864265535995,0.93887753319333
2366,"Sambar deer","SBR",3,"ndvi_cv + elev + BB + DD",-0.100250022103349,0.665205865940449,0.90461122559301
2367,"Sambar deer","SBR",3,"ndvi_cv + elev + BB + DD",-0.0748895382503312,0.629773821929399,0.927845972844
2368,"Sambar deer","SBR",3,"ndvi_cv + elev + BB + DD",-0.0856067409059655,0.652424163082948,0.917955169305894
2369,"Sambar deer","SBR",3,"ndvi_cv + elev + BB + DD",-0.0895988753398291,0.653411929881821,0.914297859168235
2370,"Sambar deer","SBR",3,"ndvi_cv + elev + BB + DD",-0.13848253676435,0.621887930182314,0.870678458847525
2371,"Sambar deer","SBR",3,"ndvi_cv + elev + BB + DD",-0.236880737227915,0.623773656761636,0.789085429600678
2372,"Sambar deer","SBR",3,"ndvi_cv + elev + BB + DD",-0.491698569244885,0.550961250603385,0.611586691784737
2373,"Sambar deer","SBR",3,"ndvi_cv + elev + BB + DD",-0.419748708144642,0.583003028512371,0.657211951725736
2374,"Sambar deer","SBR",3,"ndvi_cv + elev + BB + DD",-0.401410390516131,0.632050352984302,0.669375299410296
2375,"Sambar deer","SBR",3,"ndvi_cv + elev + BB + DD",-0.435916959647924,0.633224397448328,0.646671424800138
2376,"Sambar deer","SBR",3,"ndvi_cv + elev + BB + DD",-0.502722209341518,0.635030923262101,0.604881801814131
2377,"Sambar deer","SBR",3,"ndvi_cv + elev + BB + DD",-0.6434676916872,0.594061382816236,0.525467103863847
2378,"Sambar deer","SBR",3,"ndvi_cv + elev + BB + DD",-0.987847423590322,0.443322670588899,0.37237740075159
2379,"Sambar deer","SBR",3,"ndvi_cv + elev + BB + DD",-0.724716460555474,0.618246605055189,0.484461913667895
2380,"Sambar deer","SBR",3,"ndvi_cv + elev + BB + DD",-0.603436948127726,0.680029408067493,0.546928636804678
2381,"Sambar deer","SBR",3,"ndvi_cv + elev + BB + DD",-0.539000748411359,0.711802232999475,0.583330860917103
2382,"Sambar deer","SBR",3,"ndvi_cv + elev + BB + DD",-0.538858321687591,0.764095901960848,0.583413951945321
2383,"Sambar deer","SBR",3,"ndvi_cv + elev + BB + DD",-0.494522708777248,0.833494750693001,0.609861926329863
2384,"Sambar deer","SBR",3,"ndvi_cv + elev + BB + DD",-0.49602187749154,1.00805358647504,0.608948320009959
2385,"Sambar deer","SBR",3,"ndvi_cv + elev + BB + DD",0.530542988361751,0.910680848420726,1.69985505973302
2386,"Sambar deer","SBR",3,"ndvi_cv + elev + BB + DD",0.491224352634859,0.8142711015205,1.63431597479816
2387,"Sambar deer","SBR",3,"ndvi_cv + elev + BB + DD",0.483120772002139,0.771340205364569,1.62112570395758
2388,"Sambar deer","SBR",3,"ndvi_cv + elev + BB + DD",0.481118659747571,0.748812425391688,1.61788327174759
2389,"Sambar deer","SBR",3,"ndvi_cv + elev + BB + DD",0.483093930812692,0.734203989001929,1.6210821678739
2390,"Sambar deer","SBR",3,"ndvi_cv + elev + BB + DD",0.45906397887195,0.729175926517335,1.58259195874829
2391,"Sambar deer","SBR",3,"ndvi_cv + elev + BB + DD",0.421868527799344,0.705234815377814,1.52480804215076
2392,"Sambar deer","SBR",3,"ndvi_cv + elev + BB + DD",0.345377325428768,0.681504041746513,1.41252283738799
2393,"Sambar deer","SBR",3,"ndvi_cv + elev + BB + DD",0.303958159645692,0.678461158774582,1.35521237307015
2394,"Sambar deer","SBR",3,"ndvi_cv + elev + BB + DD",0.201489646075152,0.667939887300194,1.22322357282993
2395,"Sambar deer","SBR",3,"ndvi_cv + elev + BB + DD",0.103529148987742,0.656703536970096,1.10907812298821
2396,"Sambar deer","SBR",3,"ndvi_cv + elev + BB + DD",-0.00822384533826325,0.619772269604838,0.991809879011369
2397,"Sambar deer","SBR",3,"ndvi_cv + elev + BB + DD",-0.153994644258349,0.610273165776732,0.857276612402915
2398,"Sambar deer","SBR",3,"ndvi_cv + elev + BB + DD",-0.101805556776205,0.671332862172144,0.903205170283747
2399,"Sambar deer","SBR",3,"ndvi_cv + elev + BB + DD",-0.0464102390973168,0.675207577567036,0.95465024704319
2400,"Sambar deer","SBR",3,"ndvi_cv + elev + BB + DD",-0.0227390066631682,0.688816955868576,0.977517588138996
2401,"Sambar deer","SBR",3,"ndvi_cv + elev + BB + DD",-0.0165850824933505,0.690825216428859,0.983551693309574
2402,"Sambar deer","SBR",3,"ndvi_cv + elev + BB + DD",-0.0589620299259374,0.662601102173273,0.942742572412004
2403,"Sambar deer","SBR",3,"ndvi_cv + elev + BB + DD",-0.0837668834083181,0.665073151238257,0.919645616220497
2404,"Sambar deer","SBR",3,"ndvi_cv + elev + BB + DD",-0.0943059622967782,0.676954087959812,0.910004294107237
2405,"Sambar deer","SBR",3,"ndvi_cv + elev + BB + DD",-0.0964789966669826,0.664555683959713,0.908028981551979
2406,"Sambar deer","SBR",3,"ndvi_cv + elev + BB + DD",-0.151995562122984,0.645555128542197,0.858992092923594
2407,"Sambar deer","SBR",3,"ndvi_cv + elev + BB + DD",-0.27571810684889,0.604455777639588,0.759026865675884
2408,"Sambar deer","SBR",3,"ndvi_cv + elev + BB + DD",-0.403156638023555,0.592361563919292,0.668207424760845
2409,"Sambar deer","SBR",3,"ndvi_cv + elev + BB + DD",-0.380943542098473,0.605346500375211,0.683216461578849
2410,"Sambar deer","SBR",3,"ndvi_cv + elev + BB + DD",-0.375578608440475,0.624223304836589,0.686891722945357
2411,"Sambar deer","SBR",3,"ndvi_cv + elev + BB + DD",-0.458592683746255,0.626994674661489,0.632172686888865
2412,"Sambar deer","SBR",3,"ndvi_cv + elev + BB + DD",-0.499651464022839,0.622915727014526,0.606742094890471
2413,"Sambar deer","SBR",3,"ndvi_cv + elev + BB + DD",-0.634996743361112,0.609306139366478,0.529937214341245
2414,"Sambar deer","SBR",3,"ndvi_cv + elev + BB + DD",-0.851482632291125,0.499490759301409,0.42678170842691
2415,"Sambar deer","SBR",3,"ndvi_cv + elev + BB + DD",-0.68951594212652,0.643981398769529,0.501818927700859
2416,"Sambar deer","SBR",3,"ndvi_cv + elev + BB + DD",-0.614010904429956,0.685196565030738,0.541175905368732
2417,"Sambar deer","SBR",3,"ndvi_cv + elev + BB + DD",-0.575474551488439,0.722314132937607,0.562437899932751
2418,"Sambar deer","SBR",3,"ndvi_cv + elev + BB + DD",-0.540681065777831,0.800272630711824,0.582351499489698
2419,"Sambar deer","SBR",3,"ndvi_cv + elev + BB + DD",-0.527850965693279,0.889068865252636,0.589871264163394
2420,"Sambar deer","SBR",3,"ndvi_cv + elev + BB + DD",-0.50151607581779,1.01841142963546,0.60561187921239
2421,"Sambar deer","SBR",3,"ndvi_cv + elev + BB + DD",0.552612856363263,1.06323774630737,1.73778768239807
2422,"Sambar deer","SBR",3,"ndvi_cv + elev + BB + DD",0.55470261442414,0.902417055391863,1.74142303434494
2423,"Sambar deer","SBR",3,"ndvi_cv + elev + BB + DD",0.552523499230153,0.818171669154896,1.73763240473244
2424,"Sambar deer","SBR",3,"ndvi_cv + elev + BB + DD",0.545071219519264,0.78430257360172,1.72473122585382
2425,"Sambar deer","SBR",3,"ndvi_cv + elev + BB + DD",0.560715408771625,0.776934826576415,1.7519253952166
2426,"Sambar deer","SBR",3,"ndvi_cv + elev + BB + DD",0.533669481555492,0.750993110922758,1.70517798166716
2427,"Sambar deer","SBR",3,"ndvi_cv + elev + BB + DD",0.496946542724657,0.736376608920806,1.64369464905612
2428,"Sambar deer","SBR",3,"ndvi_cv + elev + BB + DD",0.483950900482822,0.721993157160351,1.62247199872312
2429,"Sambar deer","SBR",3,"ndvi_cv + elev + BB + DD",0.418243570007649,0.702355026642216,1.51929068857533
2430,"Sambar deer","SBR",3,"ndvi_cv + elev + BB + DD",0.349899124924086,0.687757047508745,1.41892441903629
2431,"Sambar deer","SBR",3,"ndvi_cv + elev + BB + DD",0.284323337871711,0.688159698488164,1.32886253483954
2432,"Sambar deer","SBR",3,"ndvi_cv + elev + BB + DD",0.185290274197587,0.679382065550924,1.20356776098395
2433,"Sambar deer","SBR",3,"ndvi_cv + elev + BB + DD",0.103966027636244,0.669730222369182,1.10956276110631
2434,"Sambar deer","SBR",3,"ndvi_cv + elev + BB + DD",0.0621387934772456,0.675698111299569,1.06411002977742
2435,"Sambar deer","SBR",3,"ndvi_cv + elev + BB + DD",0.0403453246504793,0.675418593768237,1.0411702599318
2436,"Sambar deer","SBR",3,"ndvi_cv + elev + BB + DD",0.0276701449153806,0.677561987837079,1.02805651963044
2437,"Sambar deer","SBR",3,"ndvi_cv + elev + BB + DD",0.0321436367786088,0.698696954162154,1.03266582695505
2438,"Sambar deer","SBR",3,"ndvi_cv + elev + BB + DD",0.0154134160949528,0.683543589277744,1.01553282200067
2439,"Sambar deer","SBR",3,"ndvi_cv + elev + BB + DD",-0.024054649056066,0.692562416709655,0.976232358598238
2440,"Sambar deer","SBR",3,"ndvi_cv + elev + BB + DD",-0.0433480063531017,0.680838903065091,0.957578090136064
2441,"Sambar deer","SBR",3,"ndvi_cv + elev + BB + DD",-0.0612553366966971,0.681047217189419,0.940583044838954
2442,"Sambar deer","SBR",3,"ndvi_cv + elev + BB + DD",-0.0893933584931724,0.673849550264266,0.914485793580157
2443,"Sambar deer","SBR",3,"ndvi_cv + elev + BB + DD",-0.158884430492384,0.643117939823968,0.853094945299536
2444,"Sambar deer","SBR",3,"ndvi_cv + elev + BB + DD",-0.225571136881451,0.636169187478163,0.798060287018967
2445,"Sambar deer","SBR",3,"ndvi_cv + elev + BB + DD",-0.278990284176875,0.634751260332046,0.756547254366665
2446,"Sambar deer","SBR",3,"ndvi_cv + elev + BB + DD",-0.338571999365844,0.62890625802558,0.712787457870054
2447,"Sambar deer","SBR",3,"ndvi_cv + elev + BB + DD",-0.33792064223287,0.606246088531856,0.713251889065323
2448,"Sambar deer","SBR",3,"ndvi_cv + elev + BB + DD",-0.381738735711823,0.619534960232416,0.682673388511703
2449,"Sambar deer","SBR",3,"ndvi_cv + elev + BB + DD",-0.416865553979127,0.616583731614363,0.659109528715708
2450,"Sambar deer","SBR",3,"ndvi_cv + elev + BB + DD",-0.510806433247415,0.609451503068144,0.600011514445127
2451,"Sambar deer","SBR",3,"ndvi_cv + elev + BB + DD",-0.581579056443632,0.629895001124208,0.559014953356126
2452,"Sambar deer","SBR",3,"ndvi_cv + elev + BB + DD",-0.583747704206311,0.663159539609537,0.557803966904827
2453,"Sambar deer","SBR",3,"ndvi_cv + elev + BB + DD",-0.557320313018263,0.709026097491792,0.572741778650986
2454,"Sambar deer","SBR",3,"ndvi_cv + elev + BB + DD",-0.520316907675598,0.755467820459317,0.594332169829778
2455,"Sambar deer","SBR",3,"ndvi_cv + elev + BB + DD",-0.50256558627482,0.818242912382444,0.604976551954701
2456,"Sambar deer","SBR",3,"ndvi_cv + elev + BB + DD",-0.514331804554244,0.942327947316082,0.597899975221094
2457,"Sambar deer","SBR",3,"ndvi_cv + elev + BB + DD",0.549827713768796,1.02917288778919,1.73295444414168
2458,"Sambar deer","SBR",3,"ndvi_cv + elev + BB + DD",0.587195918661043,0.896370539444127,1.79893697753019
2459,"Sambar deer","SBR",3,"ndvi_cv + elev + BB + DD",0.591388529971258,0.847122600654983,1.80649504793449
2460,"Sambar deer","SBR",3,"ndvi_cv + elev + BB + DD",0.588917766229396,0.802266836173792,1.80203727420642
2461,"Sambar deer","SBR",3,"ndvi_cv + elev + BB + DD",0.595020587503425,0.780966433735144,1.81306827265254
2462,"Sambar deer","SBR",3,"ndvi_cv + elev + BB + DD",0.584784296295057,0.775554023558558,1.79460384119087
2463,"Sambar deer","SBR",3,"ndvi_cv + elev + BB + DD",0.547720941040038,0.760965270040502,1.72930733295583
2464,"Sambar deer","SBR",3,"ndvi_cv + elev + BB + DD",0.524459045839928,0.721881056568365,1.68954463969403
2465,"Sambar deer","SBR",3,"ndvi_cv + elev + BB + DD",0.475432009908503,0.711208867368263,1.60870902672369
2466,"Sambar deer","SBR",3,"ndvi_cv + elev + BB + DD",0.431861621193336,0.708643367904194,1.54012198039594
2467,"Sambar deer","SBR",3,"ndvi_cv + elev + BB + DD",0.342363681911038,0.690645823165701,1.40827236759359
2468,"Sambar deer","SBR",3,"ndvi_cv + elev + BB + DD",0.260342304006337,0.675097145040108,1.29737410735183
2469,"Sambar deer","SBR",3,"ndvi_cv + elev + BB + DD",0.221953264102375,0.679986688309374,1.24851303966368
2470,"Sambar deer","SBR",3,"ndvi_cv + elev + BB + DD",0.162116857034452,0.689976967578484,1.17599766461458
2471,"Sambar deer","SBR",3,"ndvi_cv + elev + BB + DD",0.121390347775044,0.688709979702313,1.12906556407756
2472,"Sambar deer","SBR",3,"ndvi_cv + elev + BB + DD",0.118094634295381,0.702549742019674,1.1253506032796
2473,"Sambar deer","SBR",3,"ndvi_cv + elev + BB + DD",0.0925948071052885,0.697092973246523,1.09701714497452
2474,"Sambar deer","SBR",3,"ndvi_cv + elev + BB + DD",0.0878671802968518,0.706790321189749,1.09184310127602
2475,"Sambar deer","SBR",3,"ndvi_cv + elev + BB + DD",0.0365051143111186,0.6991446061899,1.03717961049244
2476,"Sambar deer","SBR",3,"ndvi_cv + elev + BB + DD",0.0086067591283235,0.674793329476542,1.00864390577685
2477,"Sambar deer","SBR",3,"ndvi_cv + elev + BB + DD",-0.0370650396915743,0.675696159770434,0.963613484301757
2478,"Sambar deer","SBR",3,"ndvi_cv + elev + BB + DD",-0.0736558340691334,0.674998799251566,0.928991372726519
2479,"Sambar deer","SBR",3,"ndvi_cv + elev + BB + DD",-0.151096175940379,0.646173213761939,0.859765006050115
2480,"Sambar deer","SBR",3,"ndvi_cv + elev + BB + DD",-0.175408229215704,0.637297778128607,0.83911443179647
2481,"Sambar deer","SBR",3,"ndvi_cv + elev + BB + DD",-0.213920913930634,0.625856058617364,0.807412239139791
2482,"Sambar deer","SBR",3,"ndvi_cv + elev + BB + DD",-0.234512216249534,0.614287989870895,0.790956573383321
2483,"Sambar deer","SBR",3,"ndvi_cv + elev + BB + DD",-0.295272115594697,0.623145351856094,0.744329021830605
2484,"Sambar deer","SBR",3,"ndvi_cv + elev + BB + DD",-0.287405865685798,0.628785585003424,0.750207183730985
2485,"Sambar deer","SBR",3,"ndvi_cv + elev + BB + DD",-0.331658159956615,0.636271932000576,0.717732631483477
2486,"Sambar deer","SBR",3,"ndvi_cv + elev + BB + DD",-0.362813271229037,0.642019736953877,0.695716332696517
2487,"Sambar deer","SBR",3,"ndvi_cv + elev + BB + DD",-0.409634624713821,0.646941045883287,0.663892783023973
2488,"Sambar deer","SBR",3,"ndvi_cv + elev + BB + DD",-0.450458722943499,0.686341060782134,0.637335724692232
2489,"Sambar deer","SBR",3,"ndvi_cv + elev + BB + DD",-0.512131484227135,0.711932569475557,0.599216995196946
2490,"Sambar deer","SBR",3,"ndvi_cv + elev + BB + DD",-0.488280850122974,0.785189642303278,0.613680513421273
2491,"Sambar deer","SBR",3,"ndvi_cv + elev + BB + DD",-0.507473842363089,0.894486385026863,0.60201444411245
2492,"Sambar deer","SBR",3,"ndvi_cv + elev + BB + DD",0.646803633615899,1.05322974903272,1.90942785677522
2493,"Sambar deer","SBR",3,"ndvi_cv + elev + BB + DD",0.622450433715876,0.916823134246178,1.86348898564185
2494,"Sambar deer","SBR",3,"ndvi_cv + elev + BB + DD",0.608319253632246,0.842081052863571,1.83734070023475
2495,"Sambar deer","SBR",3,"ndvi_cv + elev + BB + DD",0.629916595011775,0.816592614434303,1.87745398642754
2496,"Sambar deer","SBR",3,"ndvi_cv + elev + BB + DD",0.618022438496102,0.810206437810635,1.85525553044583
2497,"Sambar deer","SBR",3,"ndvi_cv + elev + BB + DD",0.608848754078968,0.792173418992868,1.83831382936207
2498,"Sambar deer","SBR",3,"ndvi_cv + elev + BB + DD",0.594514662490663,0.765920274588226,1.81215132460571
2499,"Sambar deer","SBR",3,"ndvi_cv + elev + BB + DD",0.580486021029895,0.735587053497507,1.7869066952092
2500,"Sambar deer","SBR",3,"ndvi_cv + elev + BB + DD",0.536914696598355,0.742405069769137,1.7107206227809
2501,"Sambar deer","SBR",3,"ndvi_cv + elev + BB + DD",0.452494394461948,0.713674126681932,1.57222905840085
2502,"Sambar deer","SBR",3,"ndvi_cv + elev + BB + DD",0.406863863362965,0.701323195499013,1.50209960439137
2503,"Sambar deer","SBR",3,"ndvi_cv + elev + BB + DD",0.336598753808815,0.688980891577724,1.40017713703996
2504,"Sambar deer","SBR",3,"ndvi_cv + elev + BB + DD",0.282610095686033,0.689158962427986,1.32658782075307
2505,"Sambar deer","SBR",3,"ndvi_cv + elev + BB + DD",0.26609384403308,0.697705087218614,1.30485750646311
2506,"Sambar deer","SBR",3,"ndvi_cv + elev + BB + DD",0.228540873965549,0.692916820379085,1.25676491750217
2507,"Sambar deer","SBR",3,"ndvi_cv + elev + BB + DD",0.21461007905297,0.702376059851362,1.23937854404648
2508,"Sambar deer","SBR",3,"ndvi_cv + elev + BB + DD",0.183234536446436,0.681360267665104,1.20109607735283
2509,"Sambar deer","SBR",3,"ndvi_cv + elev + BB + DD",0.13697467364391,0.686700763667718,1.14679910431915
2510,"Sambar deer","SBR",3,"ndvi_cv + elev + BB + DD",0.108744604133852,0.698110723823969,1.11487758720816
2511,"Sambar deer","SBR",3,"ndvi_cv + elev + BB + DD",0.0648980880103356,0.683664748748422,1.0670502773333
2512,"Sambar deer","SBR",3,"ndvi_cv + elev + BB + DD",0.0237138146442237,0.685958448022142,1.02399722333358
2513,"Sambar deer","SBR",3,"ndvi_cv + elev + BB + DD",-0.0470751494807379,0.674198561239612,0.954015701117645
2514,"Sambar deer","SBR",3,"ndvi_cv + elev + BB + DD",-0.10542037762456,0.659230545665671,0.899946126010694
2515,"Sambar deer","SBR",3,"ndvi_cv + elev + BB + DD",-0.157271668045311,0.631719873725585,0.8544718973702
2516,"Sambar deer","SBR",3,"ndvi_cv + elev + BB + DD",-0.156948297031874,0.62779259663861,0.854748250859699
2517,"Sambar deer","SBR",3,"ndvi_cv + elev + BB + DD",-0.213751176217476,0.622722744692126,0.807549298851386
2518,"Sambar deer","SBR",3,"ndvi_cv + elev + BB + DD",-0.195887306018061,0.620039853166154,0.822104876799849
2519,"Sambar deer","SBR",3,"ndvi_cv + elev + BB + DD",-0.174681561976976,0.618540482160944,0.83972437929283
2520,"Sambar deer","SBR",3,"ndvi_cv + elev + BB + DD",-0.163530526716645,0.613704211019811,0.849140577875606
2521,"Sambar deer","SBR",3,"ndvi_cv + elev + BB + DD",-0.197560310309062,0.630682626054828,0.820730645141915
2522,"Sambar deer","SBR",3,"ndvi_cv + elev + BB + DD",-0.265214200498865,0.646906330166412,0.767041633304379
2523,"Sambar deer","SBR",3,"ndvi_cv + elev + BB + DD",-0.344960672662145,0.693375005230259,0.708248208236797
2524,"Sambar deer","SBR",3,"ndvi_cv + elev + BB + DD",-0.401271771234097,0.721780051510093,0.669468094298435
2525,"Sambar deer","SBR",3,"ndvi_cv + elev + BB + DD",-0.455538391684817,0.799431677689387,0.634106478525019
2526,"Sambar deer","SBR",3,"ndvi_cv + elev + BB + DD",0.699765002526162,0.883295982229916,2.01327958935954
2527,"Sambar deer","SBR",3,"ndvi_cv + elev + BB + DD",0.676439434376453,0.848305754583827,1.9668621107997
2528,"Sambar deer","SBR",3,"ndvi_cv + elev + BB + DD",0.643169415352853,0.840726424492008,1.90250115074639
2529,"Sambar deer","SBR",3,"ndvi_cv + elev + BB + DD",0.645059082312158,0.831677769173416,1.90609964368702
2530,"Sambar deer","SBR",3,"ndvi_cv + elev + BB + DD",0.668433884985743,0.812426573870299,1.95117917154652
2531,"Sambar deer","SBR",3,"ndvi_cv + elev + BB + DD",0.60640732228734,0.797547657863187,1.83383118530543
2532,"Sambar deer","SBR",3,"ndvi_cv + elev + BB + DD",0.566944163750366,0.761093957854576,1.76287177866731
2533,"Sambar deer","SBR",3,"ndvi_cv + elev + BB + DD",0.555300058422752,0.750124480642578,1.74246374873622
2534,"Sambar deer","SBR",3,"ndvi_cv + elev + BB + DD",0.54029711190595,0.745411983769025,1.71651678668046
2535,"Sambar deer","SBR",3,"ndvi_cv + elev + BB + DD",0.489663601736804,0.701900547022627,1.63176720397172
2536,"Sambar deer","SBR",3,"ndvi_cv + elev + BB + DD",0.405596543747931,0.683303059082273,1.50019717370602
2537,"Sambar deer","SBR",3,"ndvi_cv + elev + BB + DD",0.390221413024755,0.681521232424976,1.47730790436822
2538,"Sambar deer","SBR",3,"ndvi_cv + elev + BB + DD",0.352288448963719,0.673146461186618,1.42231873099348
2539,"Sambar deer","SBR",3,"ndvi_cv + elev + BB + DD",0.329391634647873,0.673139607666651,1.39012216902816
2540,"Sambar deer","SBR",3,"ndvi_cv + elev + BB + DD",0.318970563712533,0.689690442759425,1.37571083663307
2541,"Sambar deer","SBR",3,"ndvi_cv + elev + BB + DD",0.276240917213056,0.681083139605689,1.31816540201854
2542,"Sambar deer","SBR",3,"ndvi_cv + elev + BB + DD",0.211420331685623,0.673705734578061,1.23543153695986
2543,"Sambar deer","SBR",3,"ndvi_cv + elev + BB + DD",0.185842511023819,0.67153142064559,1.20423259814808
2544,"Sambar deer","SBR",3,"ndvi_cv + elev + BB + DD",0.104498572788294,0.675755947996427,1.11015382652187
2545,"Sambar deer","SBR",3,"ndvi_cv + elev + BB + DD",0.0624328568378712,0.668350428639356,1.06442298782361
2546,"Sambar deer","SBR",3,"ndvi_cv + elev + BB + DD",0.0295464874919344,0.669423431892187,1.02998731607112
2547,"Sambar deer","SBR",3,"ndvi_cv + elev + BB + DD",-0.0517537053385334,0.664754019792218,0.949562710307106
2548,"Sambar deer","SBR",3,"ndvi_cv + elev + BB + DD",-0.143970326554979,0.636640631439612,0.865913444367937
2549,"Sambar deer","SBR",3,"ndvi_cv + elev + BB + DD",-0.172484557192997,0.618552269536489,0.841571284984165
2550,"Sambar deer","SBR",3,"ndvi_cv + elev + BB + DD",-0.215055081897004,0.61945593364169,0.806497024051353
2551,"Sambar deer","SBR",3,"ndvi_cv + elev + BB + DD",-0.170596040434882,0.605630583921967,0.843162108294462
2552,"Sambar deer","SBR",3,"ndvi_cv + elev + BB + DD",-0.114560779268077,0.602822243400696,0.891757742140034
2553,"Sambar deer","SBR",3,"ndvi_cv + elev + BB + DD",0.0829603681096058,0.538352050717662,1.08649874809517
2554,"Sambar deer","SBR",3,"ndvi_cv + elev + BB + DD",0.0344523895884525,0.5626336127369,1.03505275330404
2555,"Sambar deer","SBR",3,"ndvi_cv + elev + BB + DD",-0.14524552540705,0.62568667245815,0.864809934231724
2556,"Sambar deer","SBR",3,"ndvi_cv + elev + BB + DD",-0.263014599448165,0.67424253308571,0.768730681095867
2557,"Sambar deer","SBR",3,"ndvi_cv + elev + BB + DD",-0.303878232877296,0.758609630397508,0.737950724359352
2558,"Sambar deer","SBR",3,"ndvi_cv + elev + BB + DD",-0.376310494038721,0.899915051786287,0.686389184330166
2559,"Sambar deer","SBR",3,"ndvi_cv + elev + BB + DD",0.735019306371356,1.06470778711502,2.08552225674186
2560,"Sambar deer","SBR",3,"ndvi_cv + elev + BB + DD",0.753180888417988,0.912866275592605,2.12374472025824
2561,"Sambar deer","SBR",3,"ndvi_cv + elev + BB + DD",0.727815138622443,0.88010355434866,2.07055179505237
2562,"Sambar deer","SBR",3,"ndvi_cv + elev + BB + DD",0.711284283336378,0.873918950310734,2.03660515796218
2563,"Sambar deer","SBR",3,"ndvi_cv + elev + BB + DD",0.69677163553469,0.848745963970553,2.00726209147021
2564,"Sambar deer","SBR",3,"ndvi_cv + elev + BB + DD",0.663404140395521,0.822567783748205,1.94138988060821
2565,"Sambar deer","SBR",3,"ndvi_cv + elev + BB + DD",0.665750925117645,0.819711295002614,1.94595124967779
2566,"Sambar deer","SBR",3,"ndvi_cv + elev + BB + DD",0.656037089445539,0.777006810016747,1.92714010637295
2567,"Sambar deer","SBR",3,"ndvi_cv + elev + BB + DD",0.618029302721001,0.749624036009201,1.85526827897904
2568,"Sambar deer","SBR",3,"ndvi_cv + elev + BB + DD",0.603738217766294,0.746134588198464,1.82894305939642
2569,"Sambar deer","SBR",3,"ndvi_cv + elev + BB + DD",0.563183766277077,0.725353083007729,1.75625511493725
2570,"Sambar deer","SBR",3,"ndvi_cv + elev + BB + DD",0.523391693093712,0.685975673086996,1.68774226291937
2571,"Sambar deer","SBR",3,"ndvi_cv + elev + BB + DD",0.515454712057197,0.680604517698847,1.67439970403592
2572,"Sambar deer","SBR",3,"ndvi_cv + elev + BB + DD",0.453211322992653,0.619193039436748,1.57335663823444
2573,"Sambar deer","SBR",3,"ndvi_cv + elev + BB + DD",0.42887246303365,0.593914677048239,1.53552521010155
2574,"Sambar deer","SBR",3,"ndvi_cv + elev + BB + DD",0.377152002524074,0.683828961600466,1.45812596515138
2575,"Sambar deer","SBR",3,"ndvi_cv + elev + BB + DD",0.332128478871425,0.713432920025879,1.39393195251743
2576,"Sambar deer","SBR",3,"ndvi_cv + elev + BB + DD",0.288883229305677,0.683139234403475,1.33493583804682
2577,"Sambar deer","SBR",3,"ndvi_cv + elev + BB + DD",0.252367610356549,0.560521645774396,1.28706909026524
2578,"Sambar deer","SBR",3,"ndvi_cv + elev + BB + DD",0.206017452586369,0.615061408671998,1.22877465163905
2579,"Sambar deer","SBR",3,"ndvi_cv + elev + BB + DD",0.119739931085133,0.668151047958428,1.12720366283118
2580,"Sambar deer","SBR",3,"ndvi_cv + elev + BB + DD",0.0795171808693731,0.659606982706838,1.08276416378
2581,"Sambar deer","SBR",3,"ndvi_cv + elev + BB + DD",0.00717127872625793,0.659142234690866,1.00719708290521
2582,"Sambar deer","SBR",3,"ndvi_cv + elev + BB + DD",-0.101963356741705,0.627166364423268,0.90306264465648
2583,"Sambar deer","SBR",3,"ndvi_cv + elev + BB + DD",-0.308148291726498,0.589138943867856,0.734806346742996
2584,"Sambar deer","SBR",3,"ndvi_cv + elev + BB + DD",-0.245209251806969,0.569261299969482,0.782540774219103
2585,"Sambar deer","SBR",3,"ndvi_cv + elev + BB + DD",-0.137021024269941,0.605834788743389,0.871951894600108
2586,"Sambar deer","SBR",3,"ndvi_cv + elev + BB + DD",-0.0358653217101786,0.592736792782526,0.964770220320975
2587,"Sambar deer","SBR",3,"ndvi_cv + elev + BB + DD",0.106883531720871,0.549182951850066,1.1128046409608
2588,"Sambar deer","SBR",3,"ndvi_cv + elev + BB + DD",0.206031594273069,0.484143826989808,1.22879203009669
2589,"Sambar deer","SBR",3,"ndvi_cv + elev + BB + DD",-0.0568289904076435,0.602599396725553,0.94475561977513
2590,"Sambar deer","SBR",3,"ndvi_cv + elev + BB + DD",-0.148709305889089,0.670638826002781,0.861819604499698
2591,"Sambar deer","SBR",3,"ndvi_cv + elev + BB + DD",-0.245606014297376,0.760387350546692,0.782230352595785
2592,"Sambar deer","SBR",3,"ndvi_cv + elev + BB + DD",0.7811319463385,1.03462688491215,2.18394297599867
2593,"Sambar deer","SBR",3,"ndvi_cv + elev + BB + DD",0.805691366895055,0.921474584093387,2.23824341475363
2594,"Sambar deer","SBR",3,"ndvi_cv + elev + BB + DD",0.770857906037145,0.904404790575122,2.1616199265754
2595,"Sambar deer","SBR",3,"ndvi_cv + elev + BB + DD",0.760250156070586,0.886296110721697,2.13881119176223
2596,"Sambar deer","SBR",3,"ndvi_cv + elev + BB + DD",0.752667773721765,0.851506607770704,2.12265528104638
2597,"Sambar deer","SBR",3,"ndvi_cv + elev + BB + DD",0.734554198687539,0.838857511908297,2.08455252775417
2598,"Sambar deer","SBR",3,"ndvi_cv + elev + BB + DD",0.717992897800291,0.804266490393307,2.05031388879881
2599,"Sambar deer","SBR",3,"ndvi_cv + elev + BB + DD",0.671671204233151,0.796283853447058,1.95750599058336
2600,"Sambar deer","SBR",3,"ndvi_cv + elev + BB + DD",0.653339691138897,0.749321877142394,1.92194885049894
2601,"Sambar deer","SBR",3,"ndvi_cv + elev + BB + DD",0.619267230135781,0.746093851146267,1.85756637670008
2602,"Sambar deer","SBR",3,"ndvi_cv + elev + BB + DD",0.657426748377439,0.736557365527842,1.92982002933885
2603,"Sambar deer","SBR",3,"ndvi_cv + elev + BB + DD",0.614471723192366,0.724552584618024,1.84867972693711
2604,"Sambar deer","SBR",3,"ndvi_cv + elev + BB + DD",0.57539897363599,0.703674013835216,1.77783970032869
2605,"Sambar deer","SBR",3,"ndvi_cv + elev + BB + DD",0.556453030355339,0.677694702494697,1.74447391876958
2606,"Sambar deer","SBR",3,"ndvi_cv + elev + BB + DD",0.518993980409207,0.695530801066896,1.68033634794963
2607,"Sambar deer","SBR",3,"ndvi_cv + elev + BB + DD",0.478917996839683,0.693509468945911,1.61432675036614
2608,"Sambar deer","SBR",3,"ndvi_cv + elev + BB + DD",0.440134183913791,0.70494922871578,1.55291561957586
2609,"Sambar deer","SBR",3,"ndvi_cv + elev + BB + DD",0.386579135719386,0.682940619289512,1.47193687652999
2610,"Sambar deer","SBR",3,"ndvi_cv + elev + BB + DD",0.325373222882464,0.678288151475948,1.38454729442254
2611,"Sambar deer","SBR",3,"ndvi_cv + elev + BB + DD",0.250895179149852,0.678449251851613,1.28517536439569
2612,"Sambar deer","SBR",3,"ndvi_cv + elev + BB + DD",0.207947925673115,0.678276502594003,1.23114905677616
2613,"Sambar deer","SBR",3,"ndvi_cv + elev + BB + DD",0.13801216397916,0.684185379140391,1.14798951431895
2614,"Sambar deer","SBR",3,"ndvi_cv + elev + BB + DD",0.0648429923954183,0.66376803200742,1.066991486629
2615,"Sambar deer","SBR",3,"ndvi_cv + elev + BB + DD",-0.0401023264459097,0.665140188320497,0.96069113008466
2616,"Sambar deer","SBR",3,"ndvi_cv + elev + BB + DD",-0.120934992307115,0.629859345128976,0.886091561522147
2617,"Sambar deer","SBR",3,"ndvi_cv + elev + BB + DD",-0.146511017774344,0.627456098229021,0.863716216285508
2618,"Sambar deer","SBR",3,"ndvi_cv + elev + BB + DD",-0.0921136948990565,0.61911779941687,0.912001453889499
2619,"Sambar deer","SBR",3,"ndvi_cv + elev + BB + DD",-0.0373368558359334,0.610160575438776,0.963351573707723
2620,"Sambar deer","SBR",3,"ndvi_cv + elev + BB + DD",0.0450859007713155,0.607176718222409,1.04611771914658
2621,"Sambar deer","SBR",3,"ndvi_cv + elev + BB + DD",0.0240331340310019,0.615850799851924,1.02432425732755
2622,"Sambar deer","SBR",3,"ndvi_cv + elev + BB + DD",-0.0467165505353623,0.635198607339381,0.954357871730994
2623,"Sambar deer","SBR",3,"ndvi_cv + elev + BB + DD",-0.123161634293393,0.671094843225509,0.884120746853101
2624,"Sambar deer","SBR",3,"ndvi_cv + elev + BB + DD",-0.124416424393148,0.80963837663144,0.88301205818189
2625,"Sambar deer","SBR",3,"ndvi_cv + elev + BB + DD",0.834042349129232,1.18651795063973,2.3026079085799
2626,"Sambar deer","SBR",3,"ndvi_cv + elev + BB + DD",0.829098824684474,1.02955798900451,2.29125299974058
2627,"Sambar deer","SBR",3,"ndvi_cv + elev + BB + DD",0.845684647652052,0.970001025582673,2.32957220516525
2628,"Sambar deer","SBR",3,"ndvi_cv + elev + BB + DD",0.796671325032533,0.913743847923734,2.21814516764958
2629,"Sambar deer","SBR",3,"ndvi_cv + elev + BB + DD",0.808042211787844,0.893815677600025,2.24351136440517
2630,"Sambar deer","SBR",3,"ndvi_cv + elev + BB + DD",0.782729136912235,0.874552155175058,2.18743393685009
2631,"Sambar deer","SBR",3,"ndvi_cv + elev + BB + DD",0.761764140744743,0.833358451610507,2.14205177112745
2632,"Sambar deer","SBR",3,"ndvi_cv + elev + BB + DD",0.744566198001863,0.812444087582925,2.10552785485075
2633,"Sambar deer","SBR",3,"ndvi_cv + elev + BB + DD",0.708910224896146,0.801171192600381,2.03177587850443
2634,"Sambar deer","SBR",3,"ndvi_cv + elev + BB + DD",0.698930081929934,0.762946305213595,2.01159930926921
2635,"Sambar deer","SBR",3,"ndvi_cv + elev + BB + DD",0.720793782511218,0.766783497062777,2.05606463479138
2636,"Sambar deer","SBR",3,"ndvi_cv + elev + BB + DD",0.69496098738239,0.769228960674937,2.00363091408646
2637,"Sambar deer","SBR",3,"ndvi_cv + elev + BB + DD",0.705559063574748,0.737814801161363,2.02497851320102
2638,"Sambar deer","SBR",3,"ndvi_cv + elev + BB + DD",0.708801102924029,0.716850489861398,2.03155417677506
2639,"Sambar deer","SBR",3,"ndvi_cv + elev + BB + DD",0.667958117479957,0.719123968628864,1.95025109113542
2640,"Sambar deer","SBR",3,"ndvi_cv + elev + BB + DD",0.649222472816571,0.711564667206875,1.91405202295879
2641,"Sambar deer","SBR",3,"ndvi_cv + elev + BB + DD",0.601635582157986,0.723453672631519,1.82510147891394
2642,"Sambar deer","SBR",3,"ndvi_cv + elev + BB + DD",0.546252484013313,0.713654302680002,1.72676978104962
2643,"Sambar deer","SBR",3,"ndvi_cv + elev + BB + DD",0.447552631319308,0.719002698897135,1.56447864316246
2644,"Sambar deer","SBR",3,"ndvi_cv + elev + BB + DD",0.396429261803464,0.705782884237653,1.48650728168083
2645,"Sambar deer","SBR",3,"ndvi_cv + elev + BB + DD",0.349359368825088,0.70441491980148,1.41815874248988
2646,"Sambar deer","SBR",3,"ndvi_cv + elev + BB + DD",0.266114241859945,0.688236459770965,1.30488418220395
2647,"Sambar deer","SBR",3,"ndvi_cv + elev + BB + DD",0.203853221008496,0.695733385214358,1.22611818113447
2648,"Sambar deer","SBR",3,"ndvi_cv + elev + BB + DD",0.139256926790379,0.678750738893214,1.14941937909688
2649,"Sambar deer","SBR",3,"ndvi_cv + elev + BB + DD",0.0258578785010457,0.659441049536335,1.0261950939609
2650,"Sambar deer","SBR",3,"ndvi_cv + elev + BB + DD",-0.0122948088856862,0.645491938948843,0.987780466450606
2651,"Sambar deer","SBR",3,"ndvi_cv + elev + BB + DD",-0.0615542919022836,0.631091110840846,0.940301893577911
2652,"Sambar deer","SBR",3,"ndvi_cv + elev + BB + DD",-0.0530037476501015,0.644279195473627,0.948376460768123
2653,"Sambar deer","SBR",3,"ndvi_cv + elev + BB + DD",-0.0361180348326443,0.635302392239342,0.964526441953618
2654,"Sambar deer","SBR",3,"ndvi_cv + elev + BB + DD",-0.0140269423975143,0.644321775821198,0.986070978353369
2655,"Sambar deer","SBR",3,"ndvi_cv + elev + BB + DD",-0.0353890273859788,0.64419726146554,0.965229872176015
2656,"Sambar deer","SBR",3,"ndvi_cv + elev + BB + DD",-0.0503428642147295,0.64483633233554,0.950903337906734
2657,"Sambar deer","SBR",3,"ndvi_cv + elev + BB + DD",-0.0993170478734214,0.697550297888249,0.905455589881151
2658,"Sambar deer","SBR",3,"ndvi_cv + elev + BB + DD",-0.100841539017515,0.78581358266493,0.904076282370041
2659,"Sambar deer","SBR",3,"ndvi_cv + elev + BB + DD",0.827800027388555,1.13512200655688,2.28827956434357
2660,"Sambar deer","SBR",3,"ndvi_cv + elev + BB + DD",0.816372994930896,1.05276685731182,2.26227965434301
2661,"Sambar deer","SBR",3,"ndvi_cv + elev + BB + DD",0.849850731810554,0.990390243602444,2.33929765217237
2662,"Sambar deer","SBR",3,"ndvi_cv + elev + BB + DD",0.831401146083054,0.928387332643868,2.29653426839013
2663,"Sambar deer","SBR",3,"ndvi_cv + elev + BB + DD",0.838416081236733,0.907598736790423,2.31270094423527
2664,"Sambar deer","SBR",3,"ndvi_cv + elev + BB + DD",0.843075465465988,0.852768905315824,2.32350185081365
2665,"Sambar deer","SBR",3,"ndvi_cv + elev + BB + DD",0.834549048953321,0.85889471727328,2.30377497208089
2666,"Sambar deer","SBR",3,"ndvi_cv + elev + BB + DD",0.789941657956729,0.834895884728297,2.20326790080271
2667,"Sambar deer","SBR",3,"ndvi_cv + elev + BB + DD",0.805670325156714,0.817788249457674,2.2381964228621
2668,"Sambar deer","SBR",3,"ndvi_cv + elev + BB + DD",0.810060433589121,0.796668392723569,2.24804384321221
2669,"Sambar deer","SBR",3,"ndvi_cv + elev + BB + DD",0.753598353430937,0.784472655463415,2.12463145329951
2670,"Sambar deer","SBR",3,"ndvi_cv + elev + BB + DD",0.814944700889277,0.770477934949047,2.25905077361687
2671,"Sambar deer","SBR",3,"ndvi_cv + elev + BB + DD",0.799109110481699,0.749566778094202,2.22355910043036
2672,"Sambar deer","SBR",3,"ndvi_cv + elev + BB + DD",0.838164260539665,0.737381514349203,2.31211874068346
2673,"Sambar deer","SBR",3,"ndvi_cv + elev + BB + DD",0.849691376689297,0.731241066960775,2.33892490044147
2674,"Sambar deer","SBR",3,"ndvi_cv + elev + BB + DD",0.783626465422083,0.735738407917721,2.18939767521699
2675,"Sambar deer","SBR",3,"ndvi_cv + elev + BB + DD",0.704658872482798,0.740361486023953,2.0231564964384
2676,"Sambar deer","SBR",3,"ndvi_cv + elev + BB + DD",0.633397776594435,0.743322284947413,1.88400113992268
2677,"Sambar deer","SBR",3,"ndvi_cv + elev + BB + DD",0.546623697244923,0.739976268726106,1.72741090148832
2678,"Sambar deer","SBR",3,"ndvi_cv + elev + BB + DD",0.497530302861494,0.731262220294165,1.64465445246984
2679,"Sambar deer","SBR",3,"ndvi_cv + elev + BB + DD",0.422298215656317,0.712524309575415,1.52546337406272
2680,"Sambar deer","SBR",3,"ndvi_cv + elev + BB + DD",0.344187144411201,0.703066655303124,1.41084264587233
2681,"Sambar deer","SBR",3,"ndvi_cv + elev + BB + DD",0.26601402641459,0.700739387474143,1.30475336104688
2682,"Sambar deer","SBR",3,"ndvi_cv + elev + BB + DD",0.189669964653677,0.691139326239028,1.20885056887302
2683,"Sambar deer","SBR",3,"ndvi_cv + elev + BB + DD",0.100592187542959,0.669018209550051,1.10582558412802
2684,"Sambar deer","SBR",3,"ndvi_cv + elev + BB + DD",0.0413678761767863,0.670515790047796,1.04223544896492
2685,"Sambar deer","SBR",3,"ndvi_cv + elev + BB + DD",-0.0142930978623348,0.664820189487828,0.985808565500756
2686,"Sambar deer","SBR",3,"ndvi_cv + elev + BB + DD",-0.0133372142166912,0.6433653450454,0.98675133395556
2687,"Sambar deer","SBR",3,"ndvi_cv + elev + BB + DD",-0.0506878072109377,0.643755955646642,0.950575388662449
2688,"Sambar deer","SBR",3,"ndvi_cv + elev + BB + DD",-0.0419688657673826,0.656941804939076,0.958899641146452
2689,"Sambar deer","SBR",3,"ndvi_cv + elev + BB + DD",-0.0696604417981879,0.652142178413825,0.93271047672222
2690,"Sambar deer","SBR",3,"ndvi_cv + elev + BB + DD",-0.075734482329643,0.673635519476445,0.927062327856954
2691,"Sambar deer","SBR",3,"ndvi_cv + elev + BB + DD",-0.105526011562405,0.704261018283506,0.899851066195962
2692,"Sambar deer","SBR",3,"ndvi_cv + elev + BB + DD",-0.123408364309048,0.797409217273334,0.88390263874011
2693,"Sambar deer","SBR",3,"ndvi_cv + elev + BB + DD",-0.136273041793805,0.982081762655434,0.872604343017948
2694,"Sambar deer","SBR",3,"ndvi_cv + elev + BB + DD",0.893505726942522,1.14940326076463,2.44368156173948
2695,"Sambar deer","SBR",3,"ndvi_cv + elev + BB + DD",0.865286919814504,1.05771315330985,2.37568765285298
2696,"Sambar deer","SBR",3,"ndvi_cv + elev + BB + DD",0.862594595019962,0.992197485851796,2.36930012093499
2697,"Sambar deer","SBR",3,"ndvi_cv + elev + BB + DD",0.862615790768363,0.963760463805337,2.36935031964781
2698,"Sambar deer","SBR",3,"ndvi_cv + elev + BB + DD",0.839891891427205,0.894091561539505,2.31611657120579
2699,"Sambar deer","SBR",3,"ndvi_cv + elev + BB + DD",0.908783376096907,0.872769490025926,2.48130196295351
2700,"Sambar deer","SBR",3,"ndvi_cv + elev + BB + DD",0.845512439019152,0.859093898419079,2.32917114501274
2701,"Sambar deer","SBR",3,"ndvi_cv + elev + BB + DD",0.849829664419163,0.844435496733948,2.33924836332373
2702,"Sambar deer","SBR",3,"ndvi_cv + elev + BB + DD",0.838772128253773,0.824222452650807,2.31352456857562
2703,"Sambar deer","SBR",3,"ndvi_cv + elev + BB + DD",0.840659162699578,0.821758339568292,2.31789435947539
2704,"Sambar deer","SBR",3,"ndvi_cv + elev + BB + DD",0.829695200171134,0.810219671197638,2.29261984931662
2705,"Sambar deer","SBR",3,"ndvi_cv + elev + BB + DD",0.859741181714491,0.786934439397887,2.36254919001391
2706,"Sambar deer","SBR",3,"ndvi_cv + elev + BB + DD",0.948512896201527,0.753404044569123,2.58186731180857
2707,"Sambar deer","SBR",3,"ndvi_cv + elev + BB + DD",1.01664594965069,0.732755694448508,2.76390891043252
2708,"Sambar deer","SBR",3,"ndvi_cv + elev + BB + DD",1.03038466018774,0.721860827561924,2.80214350607661
2709,"Sambar deer","SBR",3,"ndvi_cv + elev + BB + DD",0.961271090247864,0.745352054680915,2.61501832736971
2710,"Sambar deer","SBR",3,"ndvi_cv + elev + BB + DD",0.820905187351685,0.743760570612026,2.27255601914732
2711,"Sambar deer","SBR",3,"ndvi_cv + elev + BB + DD",0.719389996788453,0.75555395440594,2.05318038197748
2712,"Sambar deer","SBR",3,"ndvi_cv + elev + BB + DD",0.627166183236228,0.748993246169976,1.87229730693284
2713,"Sambar deer","SBR",3,"ndvi_cv + elev + BB + DD",0.577759618149933,0.762268333200044,1.78204150193578
2714,"Sambar deer","SBR",3,"ndvi_cv + elev + BB + DD",0.503365495146354,0.743762138779484,1.65427938289042
2715,"Sambar deer","SBR",3,"ndvi_cv + elev + BB + DD",0.39962146538127,0.737230994538661,1.49126009746621
2716,"Sambar deer","SBR",3,"ndvi_cv + elev + BB + DD",0.32860110596221,0.729951480985541,1.38902367369206
2717,"Sambar deer","SBR",3,"ndvi_cv + elev + BB + DD",0.234889576279492,0.720826194267125,1.26476910213716
2718,"Sambar deer","SBR",3,"ndvi_cv + elev + BB + DD",0.157952086602675,0.691626815846701,1.17111009337625
2719,"Sambar deer","SBR",3,"ndvi_cv + elev + BB + DD",0.0841996720373561,0.685188656961752,1.0878460852426
2720,"Sambar deer","SBR",3,"ndvi_cv + elev + BB + DD",0.0420751264415035,0.682563723503895,1.04297283114743
2721,"Sambar deer","SBR",3,"ndvi_cv + elev + BB + DD",-0.0122167660289138,0.665699072885908,0.987857562112302
2722,"Sambar deer","SBR",3,"ndvi_cv + elev + BB + DD",-0.0236187412902599,0.673371461889497,0.976658003302269
2723,"Sambar deer","SBR",3,"ndvi_cv + elev + BB + DD",-0.0533200228481378,0.684661708448876,0.948076583465399
2724,"Sambar deer","SBR",3,"ndvi_cv + elev + BB + DD",-0.0612313901559319,0.68533770385099,0.940605572128587
2725,"Sambar deer","SBR",3,"ndvi_cv + elev + BB + DD",-0.0712727487855122,0.698329819281897,0.931207887766895
2726,"Sambar deer","SBR",3,"ndvi_cv + elev + BB + DD",-0.0983408147733209,0.735388811138358,0.906339963627311
2727,"Sambar deer","SBR",3,"ndvi_cv + elev + BB + DD",-0.110885289434964,0.836297702720108,0.895041417808745
2728,"Sambar deer","SBR",3,"ndvi_cv + elev + BB + DD",-0.146267179707974,0.933560118562892,0.863926850046894
2729,"Sambar deer","SBR",3,"ndvi_cv + elev + BB + DD",0.866282630532218,1.23549158275369,2.37805454986994
2730,"Sambar deer","SBR",3,"ndvi_cv + elev + BB + DD",0.845079552979047,1.10545000413475,2.32816302336839
2731,"Sambar deer","SBR",3,"ndvi_cv + elev + BB + DD",0.880899684931186,1.01959710871123,2.4130697329866
2732,"Sambar deer","SBR",3,"ndvi_cv + elev + BB + DD",0.901593208256839,0.967219799756439,2.46352491452652
2733,"Sambar deer","SBR",3,"ndvi_cv + elev + BB + DD",0.879688393285792,0.924391636874569,2.4101485883779
2734,"Sambar deer","SBR",3,"ndvi_cv + elev + BB + DD",0.89263415027667,0.87892367823769,2.44155260492348
2735,"Sambar deer","SBR",3,"ndvi_cv + elev + BB + DD",0.906230189234644,0.869650278359221,2.47497474755361
2736,"Sambar deer","SBR",3,"ndvi_cv + elev + BB + DD",0.906208785129244,0.856732940207935,2.47492176928059
2737,"Sambar deer","SBR",3,"ndvi_cv + elev + BB + DD",0.88383164290758,0.855569072753803,2.42015513535294
2738,"Sambar deer","SBR",3,"ndvi_cv + elev + BB + DD",0.887429698665136,0.844027996944065,2.4288787692974
2739,"Sambar deer","SBR",3,"ndvi_cv + elev + BB + DD",0.916359619744259,0.825667515439261,2.50017222584894
2740,"Sambar deer","SBR",3,"ndvi_cv + elev + BB + DD",0.985207550642495,0.787467802373043,2.67836772412703
2741,"Sambar deer","SBR",3,"ndvi_cv + elev + BB + DD",1.05888593087104,0.757824428578958,2.8831571701943
2742,"Sambar deer","SBR",3,"ndvi_cv + elev + BB + DD",1.2155562545972,0.719905100345464,3.37216935784562
2743,"Sambar deer","SBR",3,"ndvi_cv + elev + BB + DD",1.35537303381767,0.688225645503731,3.87820739070668
2744,"Sambar deer","SBR",3,"ndvi_cv + elev + BB + DD",1.08164098698104,0.731974715579142,2.94951572060419
2745,"Sambar deer","SBR",3,"ndvi_cv + elev + BB + DD",0.929537456624463,0.765284211045544,2.53333714663302
2746,"Sambar deer","SBR",3,"ndvi_cv + elev + BB + DD",0.781563425734108,0.758377856447332,2.18488553952899
2747,"Sambar deer","SBR",3,"ndvi_cv + elev + BB + DD",0.708019216742483,0.767662227751134,2.02996635253356
2748,"Sambar deer","SBR",3,"ndvi_cv + elev + BB + DD",0.60394876444035,0.779056612062315,1.82932814524679
2749,"Sambar deer","SBR",3,"ndvi_cv + elev + BB + DD",0.524997270623387,0.767487155590991,1.6904542456016
2750,"Sambar deer","SBR",3,"ndvi_cv + elev + BB + DD",0.436398786593808,0.753724485662662,1.54712566122288
2751,"Sambar deer","SBR",3,"ndvi_cv + elev + BB + DD",0.38565586609833,0.730961601791783,1.47057852563949
2752,"Sambar deer","SBR",3,"ndvi_cv + elev + BB + DD",0.299188647653087,0.72108752491817,1.34876406595013
2753,"Sambar deer","SBR",3,"ndvi_cv + elev + BB + DD",0.21710209293664,0.717844928597844,1.24247096455119
2754,"Sambar deer","SBR",3,"ndvi_cv + elev + BB + DD",0.127893434282148,0.680602500161291,1.13643189169853
2755,"Sambar deer","SBR",3,"ndvi_cv + elev + BB + DD",0.062785298399368,0.693253755862283,1.0647982036511
2756,"Sambar deer","SBR",3,"ndvi_cv + elev + BB + DD",0.039426902996815,0.693931145452314,1.04021447506089
2757,"Sambar deer","SBR",3,"ndvi_cv + elev + BB + DD",-0.0137710171952263,0.709772558480031,0.986323397163581
2758,"Sambar deer","SBR",3,"ndvi_cv + elev + BB + DD",-0.0634385947261576,0.715106153204406,0.938531753663603
2759,"Sambar deer","SBR",3,"ndvi_cv + elev + BB + DD",-0.0743154921536607,0.713596813239364,0.928378751728321
2760,"Sambar deer","SBR",3,"ndvi_cv + elev + BB + DD",-0.094665299543187,0.738319961512468,0.909677361665278
2761,"Sambar deer","SBR",3,"ndvi_cv + elev + BB + DD",-0.0851681612116581,0.796504734308005,0.918357839318342
2762,"Sambar deer","SBR",3,"ndvi_cv + elev + BB + DD",-0.114203294655476,0.869923231172317,0.892076583326564
2763,"Sambar deer","SBR",3,"ndvi_cv + elev + BB + DD",-0.116983354279862,1.04550173407333,0.889600050903102
2764,"Sambar deer","SBR",3,"ndvi_cv + elev + BB + DD",0.882201683834363,1.19345435663953,2.41621370328086
2765,"Sambar deer","SBR",3,"ndvi_cv + elev + BB + DD",0.91926285200794,1.0695406442765,2.50744140736788
2766,"Sambar deer","SBR",3,"ndvi_cv + elev + BB + DD",0.890768231692122,0.97512880148403,2.43700111901931
2767,"Sambar deer","SBR",3,"ndvi_cv + elev + BB + DD",0.896403554904243,0.930579413128216,2.45077317153656
2768,"Sambar deer","SBR",3,"ndvi_cv + elev + BB + DD",0.943123324404399,0.90695109632538,2.56798958229188
2769,"Sambar deer","SBR",3,"ndvi_cv + elev + BB + DD",0.928694366264653,0.871396622152029,2.53120221398451
2770,"Sambar deer","SBR",3,"ndvi_cv + elev + BB + DD",0.931276009343511,0.865619844389652,2.53774531433179
2771,"Sambar deer","SBR",3,"ndvi_cv + elev + BB + DD",0.946768269752112,0.8591037498825,2.57736683187686
2772,"Sambar deer","SBR",3,"ndvi_cv + elev + BB + DD",0.929292447763119,0.858398661583306,2.53271651434192
2773,"Sambar deer","SBR",3,"ndvi_cv + elev + BB + DD",0.964313914560668,0.84971889685635,2.62298745582125
2774,"Sambar deer","SBR",3,"ndvi_cv + elev + BB + DD",1.04455002253539,0.809716696427692,2.842119362148
2775,"Sambar deer","SBR",3,"ndvi_cv + elev + BB + DD",1.13965713237686,0.764527495745762,3.12569648131634
2776,"Sambar deer","SBR",3,"ndvi_cv + elev + BB + DD",1.36541511177719,0.724855072159725,3.91734886629454
2777,"Sambar deer","SBR",3,"ndvi_cv + elev + BB + DD",1.52001287890127,0.678597070958493,4.57228408100154
2778,"Sambar deer","SBR",3,"ndvi_cv + elev + BB + DD",1.11738085391913,0.747620237598354,3.05683740812949
2779,"Sambar deer","SBR",3,"ndvi_cv + elev + BB + DD",0.965795246418479,0.768603453947166,2.62687584736551
2780,"Sambar deer","SBR",3,"ndvi_cv + elev + BB + DD",0.837395280303553,0.784089801210114,2.310341349309
2781,"Sambar deer","SBR",3,"ndvi_cv + elev + BB + DD",0.747749224853883,0.800788112247058,2.11224048465751
2782,"Sambar deer","SBR",3,"ndvi_cv + elev + BB + DD",0.693740884617237,0.778215552250528,2.00118777698816
2783,"Sambar deer","SBR",3,"ndvi_cv + elev + BB + DD",0.584127072743123,0.772223874996911,1.79342477302497
2784,"Sambar deer","SBR",3,"ndvi_cv + elev + BB + DD",0.482247869184335,0.76662243211588,1.61971121496136
2785,"Sambar deer","SBR",3,"ndvi_cv + elev + BB + DD",0.400878316306862,0.762028006331867,1.49313557021427
2786,"Sambar deer","SBR",3,"ndvi_cv + elev + BB + DD",0.345891520632225,0.751026195713206,1.41324929942633
2787,"Sambar deer","SBR",3,"ndvi_cv + elev + BB + DD",0.24350925667882,0.737385749959201,1.27571815577071
2788,"Sambar deer","SBR",3,"ndvi_cv + elev + BB + DD",0.193864633794721,0.736153937101385,1.21393194647291
2789,"Sambar deer","SBR",3,"ndvi_cv + elev + BB + DD",0.126988551839456,0.72221012915058,1.13540401942516
2790,"Sambar deer","SBR",3,"ndvi_cv + elev + BB + DD",0.0487161783073084,0.726845397471949,1.04992236638196
2791,"Sambar deer","SBR",3,"ndvi_cv + elev + BB + DD",0.00603680209453196,0.736074302887653,1.00605506036799
2792,"Sambar deer","SBR",3,"ndvi_cv + elev + BB + DD",-0.0570398591995793,0.719558751266462,0.944556421690923
2793,"Sambar deer","SBR",3,"ndvi_cv + elev + BB + DD",-0.0747563453784246,0.773643154933823,0.927969563715242
2794,"Sambar deer","SBR",3,"ndvi_cv + elev + BB + DD",-0.0769018645262129,0.821393499632468,0.925980721072427
2795,"Sambar deer","SBR",3,"ndvi_cv + elev + BB + DD",-0.102460590240087,0.905652425018846,0.902613725567877
2796,"Sambar deer","SBR",3,"ndvi_cv + elev + BB + DD",-0.109027530531128,1.01511360305883,0.89670573135311
2797,"Sambar deer","SBR",3,"ndvi_cv + elev + BB + DD",0.937676455605435,1.01244641123221,2.55404016778004
2798,"Sambar deer","SBR",3,"ndvi_cv + elev + BB + DD",0.961321586329178,0.932961204875747,2.61515033756931
2799,"Sambar deer","SBR",3,"ndvi_cv + elev + BB + DD",0.942705485728033,0.890888053835223,2.56691678946457
2800,"Sambar deer","SBR",3,"ndvi_cv + elev + BB + DD",0.965400116134716,0.8751686030085,2.62583809004362
2801,"Sambar deer","SBR",3,"ndvi_cv + elev + BB + DD",0.973098302473482,0.890552769310537,2.64613034825322
2802,"Sambar deer","SBR",3,"ndvi_cv + elev + BB + DD",0.952269001684683,0.87218414083144,2.59158332285311
2803,"Sambar deer","SBR",3,"ndvi_cv + elev + BB + DD",0.976269306569578,0.867663162728145,2.6545344964301
2804,"Sambar deer","SBR",3,"ndvi_cv + elev + BB + DD",1.01101513508128,0.863828316589281,2.74838958672744
2805,"Sambar deer","SBR",3,"ndvi_cv + elev + BB + DD",1.07820326223849,0.810021043217715,2.93939352807998
2806,"Sambar deer","SBR",3,"ndvi_cv + elev + BB + DD",1.12553314462606,0.810156450904196,3.08185948785225
2807,"Sambar deer","SBR",3,"ndvi_cv + elev + BB + DD",1.1857871985453,0.774163861824482,3.27326251503331
2808,"Sambar deer","SBR",3,"ndvi_cv + elev + BB + DD",1.19649789056727,0.786976990892956,3.30850984655057
2809,"Sambar deer","SBR",3,"ndvi_cv + elev + BB + DD",1.12394462784798,0.778070218607111,3.0769677977698
2810,"Sambar deer","SBR",3,"ndvi_cv + elev + BB + DD",0.976847627535971,0.789929895287982,2.6560701086037
2811,"Sambar deer","SBR",3,"ndvi_cv + elev + BB + DD",0.867213572981736,0.810761808290585,2.38026916787858
2812,"Sambar deer","SBR",3,"ndvi_cv + elev + BB + DD",0.804273465434183,0.803490937638521,2.2350720517194
2813,"Sambar deer","SBR",3,"ndvi_cv + elev + BB + DD",0.715475485569504,0.815933665217339,2.04515926861004
2814,"Sambar deer","SBR",3,"ndvi_cv + elev + BB + DD",0.618225323192728,0.79887504263138,1.85563206182498
2815,"Sambar deer","SBR",3,"ndvi_cv + elev + BB + DD",0.526306776107876,0.774084049374061,1.69266934742579
2816,"Sambar deer","SBR",3,"ndvi_cv + elev + BB + DD",0.43663597033254,0.769209884047696,1.54749264344762
2817,"Sambar deer","SBR",3,"ndvi_cv + elev + BB + DD",0.371546476639262,0.765843590025526,1.44997524117004
2818,"Sambar deer","SBR",3,"ndvi_cv + elev + BB + DD",0.313892732451302,0.778888531893811,1.36874291468957
2819,"Sambar deer","SBR",3,"ndvi_cv + elev + BB + DD",0.213309361596238,0.777367798012655,1.23776750980518
2820,"Sambar deer","SBR",3,"ndvi_cv + elev + BB + DD",0.122913318091291,0.775518197537679,1.13078640847163
2821,"Sambar deer","SBR",3,"ndvi_cv + elev + BB + DD",0.0620066608826891,0.800930154240877,1.06396944854176
2822,"Sambar deer","SBR",3,"ndvi_cv + elev + BB + DD",0.0219010949650191,0.793318545017205,1.02214268473395
2823,"Sambar deer","SBR",3,"ndvi_cv + elev + BB + DD",-0.0429857713628765,0.84212305930945,0.957925020459076
2824,"Sambar deer","SBR",3,"ndvi_cv + elev + BB + DD",-0.073866465608677,0.913794501305707,0.928795712962744
2825,"Sambar deer","SBR",3,"ndvi_cv + elev + BB + DD",1.01236901202948,1.04624322643823,2.75211318712518
2826,"Sambar deer","SBR",3,"ndvi_cv + elev + BB + DD",0.991565679301381,0.953301834720566,2.69545138286051
2827,"Sambar deer","SBR",3,"ndvi_cv + elev + BB + DD",0.997687493926979,0.909914913324532,2.71200304880865
2828,"Sambar deer","SBR",3,"ndvi_cv + elev + BB + DD",0.988460945520362,0.890055761836011,2.68709570364195
2829,"Sambar deer","SBR",3,"ndvi_cv + elev + BB + DD",1.02593274206384,0.881611886496074,2.78969631993795
2830,"Sambar deer","SBR",3,"ndvi_cv + elev + BB + DD",0.996242478731803,0.882775863014654,2.7080870208539
2831,"Sambar deer","SBR",3,"ndvi_cv + elev + BB + DD",0.994335202601259,0.887896786915826,2.70292684895724
2832,"Sambar deer","SBR",3,"ndvi_cv + elev + BB + DD",1.02761263097825,0.867703297028938,2.79438669205073
2833,"Sambar deer","SBR",3,"ndvi_cv + elev + BB + DD",1.06884492025602,0.854055268178977,2.91201394832068
2834,"Sambar deer","SBR",3,"ndvi_cv + elev + BB + DD",1.09823689217572,0.843181044581335,2.99887416557868
2835,"Sambar deer","SBR",3,"ndvi_cv + elev + BB + DD",1.10127633883792,0.840758631819025,3.00800280613035
2836,"Sambar deer","SBR",3,"ndvi_cv + elev + BB + DD",1.09702422948818,0.835836024180616,2.99523960441746
2837,"Sambar deer","SBR",3,"ndvi_cv + elev + BB + DD",1.05583399353587,0.805267868897686,2.8743713701949
2838,"Sambar deer","SBR",3,"ndvi_cv + elev + BB + DD",0.960087109546257,0.799299445539584,2.61192399356989
2839,"Sambar deer","SBR",3,"ndvi_cv + elev + BB + DD",0.902078003894755,0.82557966989012,2.46471950795533
2840,"Sambar deer","SBR",3,"ndvi_cv + elev + BB + DD",0.815303983980251,0.834813574677245,2.25986252995834
2841,"Sambar deer","SBR",3,"ndvi_cv + elev + BB + DD",0.730492672834308,0.836839593984176,2.07610319606527
2842,"Sambar deer","SBR",3,"ndvi_cv + elev + BB + DD",0.654275517051392,0.816637238142482,1.92374829761295
2843,"Sambar deer","SBR",3,"ndvi_cv + elev + BB + DD",0.571126328518565,0.780574871615205,1.77025982353551
2844,"Sambar deer","SBR",3,"ndvi_cv + elev + BB + DD",0.494686877013476,0.772472561856716,1.63998467801495
2845,"Sambar deer","SBR",3,"ndvi_cv + elev + BB + DD",0.44340052737137,0.783616785482258,1.55799623043615
2846,"Sambar deer","SBR",3,"ndvi_cv + elev + BB + DD",0.336558732418219,0.796824102829484,1.40012109936276
2847,"Sambar deer","SBR",3,"ndvi_cv + elev + BB + DD",0.221075621431154,0.831591985664338,1.24741776516539
2848,"Sambar deer","SBR",3,"ndvi_cv + elev + BB + DD",0.129296368362294,0.840411002123859,1.13802735042181
2849,"Sambar deer","SBR",3,"ndvi_cv + elev + BB + DD",0.112412961578446,0.902760861414874,1.11897486212409
2850,"Sambar deer","SBR",3,"ndvi_cv + elev + BB + DD",1.07934383144135,1.06156668451344,2.9427479810528
2851,"Sambar deer","SBR",3,"ndvi_cv + elev + BB + DD",1.06253462427033,0.972401989829806,2.89369613698952
2852,"Sambar deer","SBR",3,"ndvi_cv + elev + BB + DD",1.03048155487043,0.935141743554319,2.8024150280461
2853,"Sambar deer","SBR",3,"ndvi_cv + elev + BB + DD",1.03263537072145,0.894306286842104,2.8084574508128
2854,"Sambar deer","SBR",3,"ndvi_cv + elev + BB + DD",1.03309727042889,0.900237868997122,2.80975494766516
2855,"Sambar deer","SBR",3,"ndvi_cv + elev + BB + DD",1.03592484996364,0.905179679501924,2.81771099090232
2856,"Sambar deer","SBR",3,"ndvi_cv + elev + BB + DD",1.05425621701367,0.895730459637185,2.86983982954294
2857,"Sambar deer","SBR",3,"ndvi_cv + elev + BB + DD",1.03657868637837,0.888679590216984,2.81955392121708
2858,"Sambar deer","SBR",3,"ndvi_cv + elev + BB + DD",1.08947432442797,0.877912714665447,2.97271100131909
2859,"Sambar deer","SBR",3,"ndvi_cv + elev + BB + DD",1.08090756976806,0.884115008359285,2.94735331415015
2860,"Sambar deer","SBR",3,"ndvi_cv + elev + BB + DD",1.04570911257456,0.867255838228974,2.84541553200014
2861,"Sambar deer","SBR",3,"ndvi_cv + elev + BB + DD",1.0239387440193,0.868670876828922,2.7841392261551
2862,"Sambar deer","SBR",3,"ndvi_cv + elev + BB + DD",0.980072669369778,0.848547698157116,2.66465007657323
2863,"Sambar deer","SBR",3,"ndvi_cv + elev + BB + DD",0.946915328251291,0.840765885111428,2.57774588735686
2864,"Sambar deer","SBR",3,"ndvi_cv + elev + BB + DD",0.915166488340484,0.845524869683949,2.49719098532092
2865,"Sambar deer","SBR",3,"ndvi_cv + elev + BB + DD",0.810471862661391,0.836918160708496,2.24896894213953
2866,"Sambar deer","SBR",3,"ndvi_cv + elev + BB + DD",0.74330227051974,0.858476065199163,2.102868305761
2867,"Sambar deer","SBR",3,"ndvi_cv + elev + BB + DD",0.668271315646398,0.837991270446681,1.95086198825967
2868,"Sambar deer","SBR",3,"ndvi_cv + elev + BB + DD",0.589721601368501,0.805028893235077,1.80348626027115
2869,"Sambar deer","SBR",3,"ndvi_cv + elev + BB + DD",0.542059193039431,0.813605356732946,1.71954409549775
2870,"Sambar deer","SBR",3,"ndvi_cv + elev + BB + DD",0.458225482192556,0.838092262404071,1.58126551098416
2871,"Sambar deer","SBR",3,"ndvi_cv + elev + BB + DD",0.370740269510555,0.867291112670875,1.44880672622322
2872,"Sambar deer","SBR",3,"ndvi_cv + elev + BB + DD",0.263527259358785,0.950535795003886,1.30151277291948
2873,"Sambar deer","SBR",3,"ndvi_cv + elev + BB + DD",0.166362996536537,0.983124296937058,1.18100176417395
2874,"Sambar deer","SBR",3,"ndvi_cv + elev + BB + DD",1.1066764835292,1.1021594282515,3.02429044134417
2875,"Sambar deer","SBR",3,"ndvi_cv + elev + BB + DD",1.07261725829693,1.00853279574563,2.92301979511548
2876,"Sambar deer","SBR",3,"ndvi_cv + elev + BB + DD",1.0489789173218,0.981890094012829,2.8547347859697
2877,"Sambar deer","SBR",3,"ndvi_cv + elev + BB + DD",1.06553386865267,0.947467669988241,2.90238806681371
2878,"Sambar deer","SBR",3,"ndvi_cv + elev + BB + DD",1.0619453182301,0.924614474631157,2.89199136735504
2879,"Sambar deer","SBR",3,"ndvi_cv + elev + BB + DD",1.08148617542938,0.920996481539208,2.94905911948437
2880,"Sambar deer","SBR",3,"ndvi_cv + elev + BB + DD",1.05866214459718,0.906302974573194,2.88251207043521
2881,"Sambar deer","SBR",3,"ndvi_cv + elev + BB + DD",1.0636665269311,0.916445411097482,2.89697338192793
2882,"Sambar deer","SBR",3,"ndvi_cv + elev + BB + DD",1.06216375031666,0.911804996902203,2.89262317051745
2883,"Sambar deer","SBR",3,"ndvi_cv + elev + BB + DD",1.0419881243288,0.908920448985016,2.83484744469919
2884,"Sambar deer","SBR",3,"ndvi_cv + elev + BB + DD",0.992643451574498,0.90740180807631,2.69835803212356
2885,"Sambar deer","SBR",3,"ndvi_cv + elev + BB + DD",0.996669525348539,0.897971562142952,2.70924372381578
2886,"Sambar deer","SBR",3,"ndvi_cv + elev + BB + DD",1.00266335439635,0.863617721724382,2.72553125355932
2887,"Sambar deer","SBR",3,"ndvi_cv + elev + BB + DD",0.951849556735002,0.888974796251983,2.5904965015884
2888,"Sambar deer","SBR",3,"ndvi_cv + elev + BB + DD",0.907083059141014,0.879902736091057,2.4770864707898
2889,"Sambar deer","SBR",3,"ndvi_cv + elev + BB + DD",0.830199585350247,0.880466357061917,2.29377658583069
2890,"Sambar deer","SBR",3,"ndvi_cv + elev + BB + DD",0.752298378545903,0.876011148500102,2.12187129160412
2891,"Sambar deer","SBR",3,"ndvi_cv + elev + BB + DD",0.691920578035242,0.857012880311532,1.99754830068852
2892,"Sambar deer","SBR",3,"ndvi_cv + elev + BB + DD",0.632803875487248,0.860162323303679,1.882882557566
2893,"Sambar deer","SBR",3,"ndvi_cv + elev + BB + DD",0.582897579805229,0.869896179194951,1.79122112865204
2894,"Sambar deer","SBR",3,"ndvi_cv + elev + BB + DD",0.500196778405824,0.930113149825898,1.64904578171162
2895,"Sambar deer","SBR",3,"ndvi_cv + elev + BB + DD",1.07217918354333,1.1192274837881,2.92173959826679
2896,"Sambar deer","SBR",3,"ndvi_cv + elev + BB + DD",1.07477391915366,1.05811004977301,2.92933056724396
2897,"Sambar deer","SBR",3,"ndvi_cv + elev + BB + DD",1.0893905328402,1.02593233561681,2.97246190618938
2898,"Sambar deer","SBR",3,"ndvi_cv + elev + BB + DD",1.0897131868742,0.980997940278887,2.97342113413092
2899,"Sambar deer","SBR",3,"ndvi_cv + elev + BB + DD",1.07455944589427,0.961128743331539,2.92870236961959
2900,"Sambar deer","SBR",3,"ndvi_cv + elev + BB + DD",1.09141893064124,0.937689437996014,2.97849735855483
2901,"Sambar deer","SBR",3,"ndvi_cv + elev + BB + DD",1.07478400847351,0.949195567286002,2.92936011931963
2902,"Sambar deer","SBR",3,"ndvi_cv + elev + BB + DD",1.05097982012963,0.938644213793848,2.86045248300681
2903,"Sambar deer","SBR",3,"ndvi_cv + elev + BB + DD",1.01485316593362,0.950291132844842,2.75895834174032
2904,"Sambar deer","SBR",3,"ndvi_cv + elev + BB + DD",1.01827708339445,0.93573000014715,2.76842091919243
2905,"Sambar deer","SBR",3,"ndvi_cv + elev + BB + DD",1.02852970185725,0.924145008869164,2.79695045989261
2906,"Sambar deer","SBR",3,"ndvi_cv + elev + BB + DD",0.993438498843395,0.916587230309038,2.70050420829374
2907,"Sambar deer","SBR",3,"ndvi_cv + elev + BB + DD",0.976094883421409,0.912121105215565,2.65407151968022
2908,"Sambar deer","SBR",3,"ndvi_cv + elev + BB + DD",0.959101437801681,0.914451769384382,2.60935075713764
2909,"Sambar deer","SBR",3,"ndvi_cv + elev + BB + DD",0.907672724950326,0.899825430591685,2.47854756631358
2910,"Sambar deer","SBR",3,"ndvi_cv + elev + BB + DD",0.831114531429791,0.906710692082019,2.29587619671373
2911,"Sambar deer","SBR",3,"ndvi_cv + elev + BB + DD",0.775946662621502,0.903774645781165,2.17264791853374
2912,"Sambar deer","SBR",3,"ndvi_cv + elev + BB + DD",0.715521673584764,0.891414108158338,2.04525336239479
2913,"Sambar deer","SBR",3,"ndvi_cv + elev + BB + DD",0.688976798184783,0.916622639372182,1.99167660702299
2914,"Sambar deer","SBR",3,"ndvi_cv + elev + BB + DD",0.664063980576698,0.962778491510468,1.94267129556971
2915,"Sambar deer","SBR",3,"ndvi_cv + elev + BB + DD",1.09032265533808,1.27345690430932,2.97523389998311
2916,"Sambar deer","SBR",3,"ndvi_cv + elev + BB + DD",1.06665026665702,1.16215386814033,2.90563012290347
2917,"Sambar deer","SBR",3,"ndvi_cv + elev + BB + DD",1.04850307104585,1.08547198101156,2.85337662315367
2918,"Sambar deer","SBR",3,"ndvi_cv + elev + BB + DD",1.07452522842273,1.04121076083404,2.92860217467275
2919,"Sambar deer","SBR",3,"ndvi_cv + elev + BB + DD",1.06466177243646,1.02015452059077,2.89985800865623
2920,"Sambar deer","SBR",3,"ndvi_cv + elev + BB + DD",1.05688062624825,1.01226263949966,2.87738135539145
2921,"Sambar deer","SBR",3,"ndvi_cv + elev + BB + DD",1.07429346614959,0.993415426393876,2.92792352260331
2922,"Sambar deer","SBR",3,"ndvi_cv + elev + BB + DD",1.06044682663658,0.964759947809147,2.88766098949754
2923,"Sambar deer","SBR",3,"ndvi_cv + elev + BB + DD",1.01491035705632,0.969196927703185,2.75911607960593
2924,"Sambar deer","SBR",3,"ndvi_cv + elev + BB + DD",1.0051522861655,0.954686195766033,2.73232334080263
2925,"Sambar deer","SBR",3,"ndvi_cv + elev + BB + DD",0.985994370075425,0.969992056876432,2.68047597879254
2926,"Sambar deer","SBR",3,"ndvi_cv + elev + BB + DD",1.01511404331995,0.978616725967305,2.75967815893287
2927,"Sambar deer","SBR",3,"ndvi_cv + elev + BB + DD",1.00196396885277,0.944094093908547,2.7236256953837
2928,"Sambar deer","SBR",3,"ndvi_cv + elev + BB + DD",0.971025244177702,0.947818332998563,2.64065039149786
2929,"Sambar deer","SBR",3,"ndvi_cv + elev + BB + DD",0.92781928566759,0.940870654477923,2.52898816118223
2930,"Sambar deer","SBR",3,"ndvi_cv + elev + BB + DD",0.890086872850241,0.943582847573448,2.43534122537121
2931,"Sambar deer","SBR",3,"ndvi_cv + elev + BB + DD",0.849201933777962,0.933149981435527,2.33778040802932
2932,"Sambar deer","SBR",3,"ndvi_cv + elev + BB + DD",0.789806641856972,0.937974761551014,2.20297042342468
2933,"Sambar deer","SBR",3,"ndvi_cv + elev + BB + DD",0.735171479609983,0.965768178490849,2.08583964106021
2934,"Sambar deer","SBR",3,"ndvi_cv + elev + BB + DD",0.711538389916554,1.00387856140797,2.03712274310071
2935,"Sambar deer","SBR",3,"ndvi_cv + elev + BB + DD",0.686983025909507,1.10316631072061,1.98770961497483
2936,"Sambar deer","SBR",3,"ndvi_cv + elev + BB + DD",1.10225040576457,1.30250737203719,3.01093422988546
2937,"Sambar deer","SBR",3,"ndvi_cv + elev + BB + DD",1.05290064326674,1.17420732753722,2.86595218785141
2938,"Sambar deer","SBR",3,"ndvi_cv + elev + BB + DD",1.09377251156095,1.0964120509213,2.98551585772049
2939,"Sambar deer","SBR",3,"ndvi_cv + elev + BB + DD",1.09639319116287,1.06566002779512,2.99335010772513
2940,"Sambar deer","SBR",3,"ndvi_cv + elev + BB + DD",1.06188980593603,1.07120306891312,2.89183105685537
2941,"Sambar deer","SBR",3,"ndvi_cv + elev + BB + DD",1.06454070073753,1.04393327822144,2.8995069371384
2942,"Sambar deer","SBR",3,"ndvi_cv + elev + BB + DD",1.05203510069561,1.03862002469807,2.86347264769994
2943,"Sambar deer","SBR",3,"ndvi_cv + elev + BB + DD",1.04093734941787,1.01115511534962,2.83187022462999
2944,"Sambar deer","SBR",3,"ndvi_cv + elev + BB + DD",1.0249038998001,1.00275449982646,2.78682784793068
2945,"Sambar deer","SBR",3,"ndvi_cv + elev + BB + DD",0.984717177394399,0.996278258918604,2.67705464941959
2946,"Sambar deer","SBR",3,"ndvi_cv + elev + BB + DD",0.990077315423108,0.99413116475403,2.691442706313
2947,"Sambar deer","SBR",3,"ndvi_cv + elev + BB + DD",1.00248061253687,0.997014870259243,2.72503320282447
2948,"Sambar deer","SBR",3,"ndvi_cv + elev + BB + DD",0.982432450898609,0.991809004851358,2.67094536806036
2949,"Sambar deer","SBR",3,"ndvi_cv + elev + BB + DD",0.985186211499547,0.968966139554473,2.67831057311529
2950,"Sambar deer","SBR",3,"ndvi_cv + elev + BB + DD",0.953687690065393,0.957935437917793,2.59526263149644
2951,"Sambar deer","SBR",3,"ndvi_cv + elev + BB + DD",0.905969594887397,0.961766100324172,2.47432985834713
2952,"Sambar deer","SBR",3,"ndvi_cv + elev + BB + DD",0.863027788285179,0.944623204092874,2.37032670815478
2953,"Sambar deer","SBR",3,"ndvi_cv + elev + BB + DD",0.797516153532586,0.96759564638928,2.22001989884442
2954,"Sambar deer","SBR",3,"ndvi_cv + elev + BB + DD",0.759388007894005,1.01201135908191,2.13696801458778
2955,"Sambar deer","SBR",3,"ndvi_cv + elev + BB + DD",0.771847849479312,1.08382262206075,2.16376105373919
2956,"Sambar deer","SBR",3,"ndvi_cv + elev + BB + DD",1.07946291279257,1.27277430770091,2.9430984335357
2957,"Sambar deer","SBR",3,"ndvi_cv + elev + BB + DD",1.11076675348306,1.18933720135142,3.03668589587968
2958,"Sambar deer","SBR",3,"ndvi_cv + elev + BB + DD",1.06003203607553,1.15736697595143,2.8864634587778
2959,"Sambar deer","SBR",3,"ndvi_cv + elev + BB + DD",1.06255821429142,1.09548864248249,2.8937643996386
2960,"Sambar deer","SBR",3,"ndvi_cv + elev + BB + DD",1.052656359729,1.08057772479119,2.8652521585166
2961,"Sambar deer","SBR",3,"ndvi_cv + elev + BB + DD",0.991878694760309,1.05830661464817,2.69629524941017
2962,"Sambar deer","SBR",3,"ndvi_cv + elev + BB + DD",0.999821974550331,1.03910094440577,2.71779825452415
2963,"Sambar deer","SBR",3,"ndvi_cv + elev + BB + DD",1.0048167199543,1.02986288856739,2.73140662498911
2964,"Sambar deer","SBR",3,"ndvi_cv + elev + BB + DD",0.952944437251293,1.03150506096024,2.59333459757131
2965,"Sambar deer","SBR",3,"ndvi_cv + elev + BB + DD",0.960161625110983,1.02753351146514,2.61211862340325
2966,"Sambar deer","SBR",3,"ndvi_cv + elev + BB + DD",0.990651743021248,1.01201336058561,2.69298906523706
2967,"Sambar deer","SBR",3,"ndvi_cv + elev + BB + DD",0.972513842697539,1.00677859572315,2.64458417945605
2968,"Sambar deer","SBR",3,"ndvi_cv + elev + BB + DD",0.983105406783145,0.996353563637111,2.67274333032321
2969,"Sambar deer","SBR",3,"ndvi_cv + elev + BB + DD",0.961331054737984,1.00195930674077,2.61517509989608
2970,"Sambar deer","SBR",3,"ndvi_cv + elev + BB + DD",0.929800231827735,1.00353649133555,2.53400298255026
2971,"Sambar deer","SBR",3,"ndvi_cv + elev + BB + DD",0.85636371635724,0.9785269999298,2.35458318413504
2972,"Sambar deer","SBR",3,"ndvi_cv + elev + BB + DD",0.845742476751095,1.00802936029328,2.32970694320433
2973,"Sambar deer","SBR",3,"ndvi_cv + elev + BB + DD",0.829593348700865,1.08780259283892,2.2923863508599
2974,"Sambar deer","SBR",3,"ndvi_cv + elev + BB + DD",0.972966500165348,1.12922616288878,2.6457816019496
2975,"Sambar deer","SBR",3,"ndvi_cv + elev + BB + DD",0.9549238390898,1.07333352982323,2.59847273053118
2976,"Sambar deer","SBR",3,"ndvi_cv + elev + BB + DD",0.973211530823533,1.06024461847052,2.64642991778829
2977,"Sambar deer","SBR",3,"ndvi_cv + elev + BB + DD",0.973590286605021,1.05101528793923,2.64743245898423
2978,"Sambar deer","SBR",3,"ndvi_cv + elev + BB + DD",0.973347812006333,1.04693522537486,2.64679069435306
2979,"Sambar deer","SBR",3,"ndvi_cv + elev + BB + DD",0.983025071906295,1.04044213385657,2.67252872179285
2980,"Sambar deer","SBR",3,"ndvi_cv + elev + BB + DD",0.961833539526619,1.04374115372172,2.61648951540998
2981,"Sambar deer","SBR",3,"ndvi_cv + elev + BB + DD",0.950775072511097,1.04028089661448,2.58771454870148
2982,"Sambar deer","SBR",3,"ndvi_cv + elev + BB + DD",0.974582806302496,1.0257543689105,2.65006139739002
2983,"Sambar deer","SBR",3,"ndvi_cv + elev + BB + DD",0.976901949636427,1.05321057357384,2.65621444131627
2984,"Sambar deer","SBR",3,"ndvi_cv + elev + BB + DD",0.931549552109564,1.05274170931423,2.53843957773067
2985,"Sambar deer","SBR",3,"ndvi_cv + elev + BB + DD",0.863456084634019,1.05547875329625,2.37134218285778
2986,"Sambar deer","SBR",3,"ndvi_cv + elev + BB + DD",0.854924755487843,1.11443160010062,2.3511974676182
2987,"Sambar deer","SBR",3,"ndvi_cv + elev + BB + DD",0.945384875084421,1.19857782982524,2.57380378093302
2988,"Sambar deer","SBR",3,"ndvi_cv + elev + BB + DD",0.952126482061883,1.11383337188954,2.5912139805801
2989,"Sambar deer","SBR",3,"ndvi_cv + elev + BB + DD",0.956754715365578,1.10016081972926,2.6032345292909
2990,"Sambar deer","SBR",3,"ndvi_cv + elev + BB + DD",0.99698645912163,1.09447797432504,2.71010251988593
2991,"Sambar deer","SBR",3,"ndvi_cv + elev + BB + DD",0.97688306744202,1.07153118499472,2.65616424153033
2992,"Sambar deer","SBR",3,"ndvi_cv + elev + BB + DD",0.960243426475352,1.06309863285651,2.61233233306177
2993,"Sambar deer","SBR",3,"ndvi_cv + elev + BB + DD",0.941547189234963,1.0819677769061,2.56394526092867
2994,"Sambar deer","SBR",3,"ndvi_cv + elev + BB + DD",0.965086929247385,1.06447668929988,2.62501585082979
2995,"Sambar deer","SBR",3,"ndvi_cv + elev + BB + DD",0.933786087889536,1.08960578420684,2.54412325436103
2996,"Sambar deer","SBR",3,"ndvi_cv + elev + BB + DD",0.945610440627203,1.13362647507941,2.57438442140554
2997,"Sambar deer","SBR",3,"ndvi_cv + elev + BB + DD",0.928277724329814,1.18287126366971,2.53014781094497
2998,"Sambar deer","SBR",3,"ndvi_cv + elev + BB + DD",0.954609043829023,1.27032264209861,2.59765483738813
2999,"Sambar deer","SBR",3,"ndvi_cv + elev + BB + DD",0.930359099779068,1.17260815650368,2.53541948350388
3000,"Sambar deer","SBR",3,"ndvi_cv + elev + BB + DD",0.952024689144392,1.16209906174955,2.59095022989867
3001,"Sambar deer","SBR",3,"ndvi_cv + elev + BB + DD",0.971194460775239,1.13528831827972,2.64109726313574
3002,"Sambar deer","SBR",3,"ndvi_cv + elev + BB + DD",0.956059045727,1.11063194514823,2.60142415466111
3003,"Sambar deer","SBR",3,"ndvi_cv + elev + BB + DD",0.960388772898053,1.11029846586146,2.61271203329228
3004,"Sambar deer","SBR",3,"ndvi_cv + elev + BB + DD",0.950001532166782,1.13549010751195,2.58571362184916
3005,"Sambar deer","SBR",3,"ndvi_cv + elev + BB + DD",0.939661781055654,1.17246118945848,2.55911576569097
3006,"Sambar deer","SBR",3,"ndvi_cv + elev + BB + DD",0.920594800743059,1.2561623725085,2.51078336182558
3007,"Sambar deer","SBR",3,"ndvi_cv + elev + BB + DD",0.929986004032562,1.22065988340781,2.53447373802468
3008,"Sambar deer","SBR",3,"ndvi_cv + elev + BB + DD",0.983426290161102,1.19611292500162,2.67360115025639
3009,"Sambar deer","SBR",3,"ndvi_cv + elev + BB + DD",0.957379376042488,1.19543531629,2.60486116100242
3010,"Sambar deer","SBR",3,"ndvi_cv + elev + BB + DD",0.984412485336081,1.23038822757756,2.67623909283196
3011,"Sambar deer","SBR",3,"ndvi_cv + elev + BB + DD",0.918110028177389,1.41589233263016,2.50455238065652
3012,"Sambar deer","SBR",3,"ndvi_cv + elev + BB + DD",0.96340204039387,1.32133380913749,2.62059677277886
3013,"Sambar deer","SBR",3,"ndvi_cv + elev + BB + DD",0.97921159263777,1.32028927928345,2.66235641951097
