"grid_id","Species","Species_Code","Rank","Covariates","CAR_Median","CAR_SD","CAR_RelativeRisk"
1,"Wild boar","PIG",2,"slope + BB",-0.246236753999286,1.12262047510854,0.781737135520812
2,"Wild boar","PIG",2,"slope + BB",-0.248930732954601,1.00138422278512,0.779633978853111
3,"Wild boar","PIG",2,"slope + BB",-0.242734504376254,0.971093425674938,0.784479781748424
4,"Wild boar","PIG",2,"slope + BB",-0.209658649350062,0.9780231062354,0.810860991038707
5,"Wild boar","PIG",2,"slope + BB",-0.20502921648436,1.0077031516935,0.814623571270588
6,"Wild boar","PIG",2,"slope + BB",-0.213881272517941,1.10612363408376,0.807444245160888
7,"Wild boar","PIG",2,"slope + BB",-0.230619388633105,0.930233062891262,0.794041630067965
8,"Wild boar","PIG",2,"slope + BB",-0.247918024003273,0.897381772177302,0.780423928332569
9,"Wild boar","PIG",2,"slope + BB",-0.225812170611678,0.896642559396372,0.797867950803868
10,"Wild boar","PIG",2,"slope + BB",-0.202275339092447,0.908963863355485,0.816870011146055
11,"Wild boar","PIG",2,"slope + BB",-0.21070931902268,0.920932398778589,0.810009487372815
12,"Wild boar","PIG",2,"slope + BB",-0.184046431802621,0.936795561747356,0.83189717647506
13,"Wild boar","PIG",2,"slope + BB",-0.47214990738167,0.927783606557315,0.62366002430101
14,"Wild boar","PIG",2,"slope + BB",-0.485241319561397,0.914893984710659,0.615548637317721
15,"Wild boar","PIG",2,"slope + BB",-0.314248474927375,0.915046010874933,0.730337535777505
16,"Wild boar","PIG",2,"slope + BB",-0.285734046689171,0.875975481470358,0.751462524701617
17,"Wild boar","PIG",2,"slope + BB",-0.248906465580891,0.843834894786598,0.779652895198578
18,"Wild boar","PIG",2,"slope + BB",-0.271453944552891,0.835806296934767,0.762270391543317
19,"Wild boar","PIG",2,"slope + BB",-0.241453125935761,0.845553141729647,0.785485623556593
20,"Wild boar","PIG",2,"slope + BB",-0.206771131021102,0.8607387077425,0.813205746534584
21,"Wild boar","PIG",2,"slope + BB",-0.203043124116163,0.85876498052424,0.81624304918519
22,"Wild boar","PIG",2,"slope + BB",-0.227207673057019,0.860859367723347,0.796755300707618
23,"Wild boar","PIG",2,"slope + BB",-0.206941495055955,0.863205958890165,0.813067220361772
24,"Wild boar","PIG",2,"slope + BB",-0.22222971206309,0.883405038488397,0.800731406891492
25,"Wild boar","PIG",2,"slope + BB",-0.182274932060393,0.946158348430568,0.833372188862627
26,"Wild boar","PIG",2,"slope + BB",-0.221726775888355,1.11775479730664,0.801134247019155
27,"Wild boar","PIG",2,"slope + BB",-0.490967311239446,0.979157665525458,0.612034083241347
28,"Wild boar","PIG",2,"slope + BB",-0.486950462129843,0.834334860397462,0.614497473087442
29,"Wild boar","PIG",2,"slope + BB",-0.453321950869323,0.800588310616815,0.635513498217348
30,"Wild boar","PIG",2,"slope + BB",-0.454101376843225,0.799496891763867,0.635018353944738
31,"Wild boar","PIG",2,"slope + BB",-0.441842786198779,0.804825332709295,0.642850704730756
32,"Wild boar","PIG",2,"slope + BB",-0.365477716328102,0.8088351665745,0.69386510767552
33,"Wild boar","PIG",2,"slope + BB",-0.325028286999451,0.815715684517822,0.722506916117547
34,"Wild boar","PIG",2,"slope + BB",-0.290117634660403,0.784259573399677,0.748175551030692
35,"Wild boar","PIG",2,"slope + BB",-0.278538551558073,0.756668192794565,0.756889087938669
36,"Wild boar","PIG",2,"slope + BB",-0.254694027245208,0.765629319459355,0.775153640444913
37,"Wild boar","PIG",2,"slope + BB",-0.244466003221396,0.791601232109253,0.783122612006703
38,"Wild boar","PIG",2,"slope + BB",-0.232803958146569,0.809903070609804,0.792308889813173
39,"Wild boar","PIG",2,"slope + BB",-0.221429170575312,0.818903893834184,0.801372680904306
40,"Wild boar","PIG",2,"slope + BB",-0.197018937808892,0.819630922068579,0.82117508759165
41,"Wild boar","PIG",2,"slope + BB",-0.22153835669846,0.835452689091479,0.801285187994992
42,"Wild boar","PIG",2,"slope + BB",-0.203956090736522,0.866092173924488,0.815498178836744
43,"Wild boar","PIG",2,"slope + BB",-0.227484645984254,0.894659342885808,0.796534653214909
44,"Wild boar","PIG",2,"slope + BB",-0.212757797692034,1.01284076650058,0.808351898924024
45,"Wild boar","PIG",2,"slope + BB",-0.465161822662853,0.819144493454856,0.628033513031664
46,"Wild boar","PIG",2,"slope + BB",-0.478225048802832,0.77197230170408,0.619882688337904
47,"Wild boar","PIG",2,"slope + BB",-0.452189373426169,0.766302734580003,0.636233672761255
48,"Wild boar","PIG",2,"slope + BB",-0.439120054509582,0.759372945507509,0.644603387785385
49,"Wild boar","PIG",2,"slope + BB",-0.416737827643089,0.75148213448483,0.659193720934682
50,"Wild boar","PIG",2,"slope + BB",-0.399518136302682,0.748343761756437,0.6706431270845
51,"Wild boar","PIG",2,"slope + BB",-0.326945920109718,0.748730085079441,0.721122740597078
52,"Wild boar","PIG",2,"slope + BB",-0.30646143076194,0.752448724599578,0.736046906699493
53,"Wild boar","PIG",2,"slope + BB",-0.273432494550179,0.7516173751943,0.760763691596943
54,"Wild boar","PIG",2,"slope + BB",-0.257183907323919,0.740635990217394,0.773225998834053
55,"Wild boar","PIG",2,"slope + BB",-0.239981835825678,0.744166966612517,0.78664215082904
56,"Wild boar","PIG",2,"slope + BB",-0.216223531142365,0.750964395954812,0.805555215129276
57,"Wild boar","PIG",2,"slope + BB",-0.20668614462038,0.762066312840915,0.813274861372058
58,"Wild boar","PIG",2,"slope + BB",-0.223088719632222,0.780065433390484,0.800043866630284
59,"Wild boar","PIG",2,"slope + BB",-0.250956492754381,0.792313649323581,0.778056225413874
60,"Wild boar","PIG",2,"slope + BB",-0.237233613194578,0.826476322769386,0.788806993025297
61,"Wild boar","PIG",2,"slope + BB",-0.241295381892927,0.864927500092605,0.785609563487342
62,"Wild boar","PIG",2,"slope + BB",-0.24558055679002,0.965535378131363,0.782250279112912
63,"Wild boar","PIG",2,"slope + BB",-0.43987093348982,1.00180604956889,0.644119550147664
64,"Wild boar","PIG",2,"slope + BB",-0.43361559114233,0.962250374155233,0.648161366997045
65,"Wild boar","PIG",2,"slope + BB",-0.428662604800552,0.941953985755489,0.651379686991487
66,"Wild boar","PIG",2,"slope + BB",-0.430169142327483,0.930549205044517,0.650399076448581
67,"Wild boar","PIG",2,"slope + BB",-0.493417001814324,0.82519181652843,0.610536623701931
68,"Wild boar","PIG",2,"slope + BB",-0.496415273930766,0.76348821784247,0.60870882354124
69,"Wild boar","PIG",2,"slope + BB",-0.44900851948394,0.744364407778469,0.63826066627855
70,"Wild boar","PIG",2,"slope + BB",-0.464920683628588,0.732602194617788,0.628184944148786
71,"Wild boar","PIG",2,"slope + BB",-0.442452867743708,0.739747698325265,0.642458620787995
72,"Wild boar","PIG",2,"slope + BB",-0.415139256358982,0.737504866724905,0.66024833674445
73,"Wild boar","PIG",2,"slope + BB",-0.370006179645979,0.728240506490999,0.690730062511056
74,"Wild boar","PIG",2,"slope + BB",-0.352979731001143,0.724002297760076,0.702591434077719
75,"Wild boar","PIG",2,"slope + BB",-0.337636270080794,0.738794111861066,0.713454749216675
76,"Wild boar","PIG",2,"slope + BB",-0.284638889925068,0.73609196765134,0.752285863412905
77,"Wild boar","PIG",2,"slope + BB",-0.273017265659381,0.732497013693199,0.761079646974573
78,"Wild boar","PIG",2,"slope + BB",-0.256639318241203,0.70276406689156,0.77364720395462
79,"Wild boar","PIG",2,"slope + BB",-0.242790012018002,0.71354425645849,0.784436218985501
80,"Wild boar","PIG",2,"slope + BB",-0.234442110922149,0.730943402394088,0.791012026301567
81,"Wild boar","PIG",2,"slope + BB",-0.252157687976321,0.746693385877735,0.77712218890808
82,"Wild boar","PIG",2,"slope + BB",-0.268429080711893,0.778274033930221,0.76457964462775
83,"Wild boar","PIG",2,"slope + BB",-0.258724748352759,0.804948647357624,0.772035551833421
84,"Wild boar","PIG",2,"slope + BB",-0.256328877314294,0.834845133407598,0.773887421500054
85,"Wild boar","PIG",2,"slope + BB",-0.243464201846565,0.940284559215524,0.783907548436396
86,"Wild boar","PIG",2,"slope + BB",-0.396903195079823,1.10735369827113,0.672399154411778
87,"Wild boar","PIG",2,"slope + BB",-0.398090453796877,1.03909428899809,0.671601277235127
88,"Wild boar","PIG",2,"slope + BB",-0.427441274093753,1.02250873794514,0.652175708145155
89,"Wild boar","PIG",2,"slope + BB",-0.398444274826818,0.961101328276965,0.671363692051196
90,"Wild boar","PIG",2,"slope + BB",-0.415594430612505,0.933590134297739,0.659947871899554
91,"Wild boar","PIG",2,"slope + BB",-0.411414932742027,0.90608783351013,0.662711894723368
92,"Wild boar","PIG",2,"slope + BB",-0.421468042191959,0.86879223125566,0.656082959411315
93,"Wild boar","PIG",2,"slope + BB",-0.406114261474108,0.848793870892074,0.666234038571044
94,"Wild boar","PIG",2,"slope + BB",-0.410974548038085,0.822637816236627,0.663003806661239
95,"Wild boar","PIG",2,"slope + BB",-0.421590962473242,0.827203353954869,0.656002315035042
96,"Wild boar","PIG",2,"slope + BB",-0.381922921723578,0.843229597115233,0.682547661048158
97,"Wild boar","PIG",2,"slope + BB",-0.428907452260434,0.776676416505962,0.651220199472152
98,"Wild boar","PIG",2,"slope + BB",-0.483551312293888,0.745825023675823,0.616589796122063
99,"Wild boar","PIG",2,"slope + BB",-0.483215157988148,0.739488574695588,0.61679710038475
100,"Wild boar","PIG",2,"slope + BB",-0.490235846953259,0.722691096254081,0.612481927361226
101,"Wild boar","PIG",2,"slope + BB",-0.46903749196953,0.706697383338923,0.625604130287539
102,"Wild boar","PIG",2,"slope + BB",-0.4595271748546,0.708272724821179,0.63158220300991
103,"Wild boar","PIG",2,"slope + BB",-0.413110125383851,0.705986558089101,0.661589421031878
104,"Wild boar","PIG",2,"slope + BB",-0.382609094949617,0.700492783202245,0.682079476109163
105,"Wild boar","PIG",2,"slope + BB",-0.35317148934263,0.69379280371937,0.702456723537017
106,"Wild boar","PIG",2,"slope + BB",-0.331961644933773,0.713396342264435,0.717514843058789
107,"Wild boar","PIG",2,"slope + BB",-0.325591013435904,0.711384064947679,0.722100461888515
108,"Wild boar","PIG",2,"slope + BB",-0.303975385097573,0.70382756970618,0.737879029372025
109,"Wild boar","PIG",2,"slope + BB",-0.288910976794904,0.695598037371802,0.749078890209578
110,"Wild boar","PIG",2,"slope + BB",-0.267501449061721,0.702089711824326,0.765289222964264
111,"Wild boar","PIG",2,"slope + BB",-0.261904330870524,0.723596921351299,0.769584648387332
112,"Wild boar","PIG",2,"slope + BB",-0.274807253248677,0.746622852567736,0.75971855615466
113,"Wild boar","PIG",2,"slope + BB",-0.260682822921231,0.76024004876142,0.770525276497414
114,"Wild boar","PIG",2,"slope + BB",-0.27141990330911,0.783940379538332,0.762296343833313
115,"Wild boar","PIG",2,"slope + BB",-0.26962696018342,0.805150841750845,0.763664322217202
116,"Wild boar","PIG",2,"slope + BB",-0.301416277467326,0.88281649806627,0.739769776933353
117,"Wild boar","PIG",2,"slope + BB",-0.400550988139586,1.07973817146932,0.6699508115659
118,"Wild boar","PIG",2,"slope + BB",-0.38341529415859,1.01961069713337,0.681529837654192
119,"Wild boar","PIG",2,"slope + BB",-0.430593865931992,0.983280514245343,0.650122895596252
120,"Wild boar","PIG",2,"slope + BB",-0.422496904202806,0.93041164262909,0.655408283338177
121,"Wild boar","PIG",2,"slope + BB",-0.39320383224834,0.890698102948331,0.674891170864279
122,"Wild boar","PIG",2,"slope + BB",-0.410953655323874,0.879929813136384,0.663017940403294
123,"Wild boar","PIG",2,"slope + BB",-0.435675094996779,0.856141636595929,0.64682784957387
124,"Wild boar","PIG",2,"slope + BB",-0.426643774430119,0.84123066459069,0.652696017873834
125,"Wild boar","PIG",2,"slope + BB",-0.402677121116417,0.800456482063282,0.668527919700723
126,"Wild boar","PIG",2,"slope + BB",-0.407080250140544,0.781373476811942,0.665590775111446
127,"Wild boar","PIG",2,"slope + BB",-0.422317320214228,0.754155468529048,0.655525994743319
128,"Wild boar","PIG",2,"slope + BB",-0.413895161521847,0.736158467384405,0.661070253741402
129,"Wild boar","PIG",2,"slope + BB",-0.435407429178817,0.70937008675804,0.647001006739218
130,"Wild boar","PIG",2,"slope + BB",-0.432920581132658,0.714667129665257,0.648612009746993
131,"Wild boar","PIG",2,"slope + BB",-0.463631674781466,0.714698093038284,0.628995186925657
132,"Wild boar","PIG",2,"slope + BB",-0.496476522902454,0.702688261345329,0.608671526089708
133,"Wild boar","PIG",2,"slope + BB",-0.520778345174307,0.667225529161094,0.594057998467188
134,"Wild boar","PIG",2,"slope + BB",-0.488223965174322,0.654617193873251,0.613715406836037
135,"Wild boar","PIG",2,"slope + BB",-0.428984896844503,0.670811779018154,0.651169764088131
136,"Wild boar","PIG",2,"slope + BB",-0.393401560805035,0.687213257577223,0.674757747090965
137,"Wild boar","PIG",2,"slope + BB",-0.357737161669433,0.689757197154935,0.699256844065361
138,"Wild boar","PIG",2,"slope + BB",-0.336912812837309,0.690051030735104,0.713971090287108
139,"Wild boar","PIG",2,"slope + BB",-0.320471489007964,0.691845945472444,0.725806748870804
140,"Wild boar","PIG",2,"slope + BB",-0.312044423030798,0.68930739148095,0.731949012828839
141,"Wild boar","PIG",2,"slope + BB",-0.292098325052807,0.68380533636149,0.746695113745508
142,"Wild boar","PIG",2,"slope + BB",-0.296882807596255,0.677709007813821,0.743131099468214
143,"Wild boar","PIG",2,"slope + BB",-0.300887705570013,0.723479021591044,0.740160884117569
144,"Wild boar","PIG",2,"slope + BB",-0.27423357864627,0.731896766783648,0.760154504397613
145,"Wild boar","PIG",2,"slope + BB",-0.308856661239133,0.743912943414015,0.734286014244931
146,"Wild boar","PIG",2,"slope + BB",-0.279138465164471,0.757232487547135,0.75643515940033
147,"Wild boar","PIG",2,"slope + BB",-0.296982935461272,0.785888599936162,0.743056692237297
148,"Wild boar","PIG",2,"slope + BB",-0.287446505461652,0.843393796242104,0.75017669623642
149,"Wild boar","PIG",2,"slope + BB",-0.426391417528176,1.08527093631757,0.652860750994083
150,"Wild boar","PIG",2,"slope + BB",-0.4320210780306,1.01684780208448,0.649195692918522
151,"Wild boar","PIG",2,"slope + BB",-0.435427647176615,0.982041653466795,0.646987930799789
152,"Wild boar","PIG",2,"slope + BB",-0.431028820039322,0.949111474836538,0.649840184478948
153,"Wild boar","PIG",2,"slope + BB",-0.448045604529092,0.90753031811371,0.638875547752962
154,"Wild boar","PIG",2,"slope + BB",-0.393375409376711,0.877533638447573,0.674775387433664
155,"Wild boar","PIG",2,"slope + BB",-0.411252624496072,0.860825152794305,0.662819477179648
156,"Wild boar","PIG",2,"slope + BB",-0.432696795130232,0.850112023269529,0.64875717061235
157,"Wild boar","PIG",2,"slope + BB",-0.433038204260868,0.844625158989655,0.648535717743298
158,"Wild boar","PIG",2,"slope + BB",-0.397509127639522,0.80151261050112,0.671991809135074
159,"Wild boar","PIG",2,"slope + BB",-0.408658445126327,0.765848902908109,0.664541170893981
160,"Wild boar","PIG",2,"slope + BB",-0.431867408802825,0.748482240755281,0.649295461872091
161,"Wild boar","PIG",2,"slope + BB",-0.451926746077228,0.714747590806339,0.636400787453251
162,"Wild boar","PIG",2,"slope + BB",-0.443646587611706,0.706515080587066,0.64169216272861
163,"Wild boar","PIG",2,"slope + BB",-0.441911581623687,0.693370806225872,0.642806489108508
164,"Wild boar","PIG",2,"slope + BB",-0.44366953201039,0.692569243032135,0.641677447090796
165,"Wild boar","PIG",2,"slope + BB",-0.485137576530828,0.680319495572163,0.615612497326168
166,"Wild boar","PIG",2,"slope + BB",-0.493424215572194,0.668410942309521,0.610532218056679
167,"Wild boar","PIG",2,"slope + BB",-0.466976644454702,0.656065262869555,0.626894731944143
168,"Wild boar","PIG",2,"slope + BB",-0.424116201788123,0.668009384942084,0.654347842317047
169,"Wild boar","PIG",2,"slope + BB",-0.389295759251341,0.676141466841309,0.677533855730467
170,"Wild boar","PIG",2,"slope + BB",-0.345278515671621,0.672298767266712,0.708023130659119
171,"Wild boar","PIG",2,"slope + BB",-0.323180528277045,0.679852289458457,0.723843168536255
172,"Wild boar","PIG",2,"slope + BB",-0.332590271804572,0.679332395048788,0.717063935408903
173,"Wild boar","PIG",2,"slope + BB",-0.311779797450736,0.666580282167224,0.732142733882628
174,"Wild boar","PIG",2,"slope + BB",-0.316633947222788,0.672054630763284,0.728597411566618
175,"Wild boar","PIG",2,"slope + BB",-0.313629997591554,0.677892028863313,0.730789372178358
176,"Wild boar","PIG",2,"slope + BB",-0.301837299031364,0.699114558998235,0.739458367501353
177,"Wild boar","PIG",2,"slope + BB",-0.324972943213896,0.716669275244549,0.722546908906386
178,"Wild boar","PIG",2,"slope + BB",-0.283059357652273,0.727931588594572,0.753475062697406
179,"Wild boar","PIG",2,"slope + BB",-0.30162841947296,0.75089528323337,0.73961284144097
180,"Wild boar","PIG",2,"slope + BB",-0.312068311587129,0.772734652446659,0.731931527119064
181,"Wild boar","PIG",2,"slope + BB",-0.322909586244564,0.846236177531662,0.724039318184877
182,"Wild boar","PIG",2,"slope + BB",-0.351371454171739,0.926021250214579,0.703722305537304
183,"Wild boar","PIG",2,"slope + BB",-0.440100667077426,1.16589201909543,0.64397159194487
184,"Wild boar","PIG",2,"slope + BB",-0.45784384724454,1.0426597398865,0.632646258577394
185,"Wild boar","PIG",2,"slope + BB",-0.454220921318099,0.987490251737643,0.634942448740883
186,"Wild boar","PIG",2,"slope + BB",-0.467142043189196,0.957592409040862,0.62679105521232
187,"Wild boar","PIG",2,"slope + BB",-0.437792765766742,0.924048059562703,0.645459530431509
188,"Wild boar","PIG",2,"slope + BB",-0.450032350331507,0.904678454814403,0.637607543593383
189,"Wild boar","PIG",2,"slope + BB",-0.446905569060297,0.884594000312962,0.639604307535798
190,"Wild boar","PIG",2,"slope + BB",-0.416435650656625,0.847112211626974,0.65939294315074
191,"Wild boar","PIG",2,"slope + BB",-0.426869417047185,0.823849849432298,0.652548761983848
192,"Wild boar","PIG",2,"slope + BB",-0.406595095844795,0.820751381029953,0.665913766984685
193,"Wild boar","PIG",2,"slope + BB",-0.40197642044643,0.795453503065454,0.668996520178407
194,"Wild boar","PIG",2,"slope + BB",-0.425301762984491,0.763892628675936,0.653572532649909
195,"Wild boar","PIG",2,"slope + BB",-0.426962906049632,0.7426691388975,0.652487755273733
196,"Wild boar","PIG",2,"slope + BB",-0.425603201580837,0.730042002929119,0.653375549756161
197,"Wild boar","PIG",2,"slope + BB",-0.41795453165786,0.704008762439586,0.6583921678024
198,"Wild boar","PIG",2,"slope + BB",-0.437900491702477,0.698797299574787,0.645390001340846
199,"Wild boar","PIG",2,"slope + BB",-0.427839372181372,0.679475125307782,0.651916137234011
200,"Wild boar","PIG",2,"slope + BB",-0.458403051497822,0.68302913878275,0.632292578389963
201,"Wild boar","PIG",2,"slope + BB",-0.473312175715277,0.674002406043765,0.622935575477206
202,"Wild boar","PIG",2,"slope + BB",-0.436963563562627,0.670307402512708,0.645994968843715
203,"Wild boar","PIG",2,"slope + BB",-0.412220217344493,0.672698983302284,0.6621784368479
204,"Wild boar","PIG",2,"slope + BB",-0.380439997804785,0.686016772859491,0.683560578199186
205,"Wild boar","PIG",2,"slope + BB",-0.346858662777256,0.663094653768932,0.706905233220526
206,"Wild boar","PIG",2,"slope + BB",-0.330002304313836,0.653738457297424,0.718922076824708
207,"Wild boar","PIG",2,"slope + BB",-0.342445385619501,0.660818389733963,0.710031898983669
208,"Wild boar","PIG",2,"slope + BB",-0.358009303516947,0.647333172956501,0.699066572949479
209,"Wild boar","PIG",2,"slope + BB",-0.343893668757326,0.64005421664038,0.709004313381032
210,"Wild boar","PIG",2,"slope + BB",-0.34758727026426,0.67558612597555,0.706390364868856
211,"Wild boar","PIG",2,"slope + BB",-0.327532001703584,0.694723559865566,0.720700228123278
212,"Wild boar","PIG",2,"slope + BB",-0.327420689763895,0.714058488890288,0.720780454276716
213,"Wild boar","PIG",2,"slope + BB",-0.332529728379584,0.74524519434436,0.71710735123658
214,"Wild boar","PIG",2,"slope + BB",-0.341439768097249,0.749458806852294,0.710746275935696
215,"Wild boar","PIG",2,"slope + BB",-0.341023413680517,0.778990123226565,0.711042261398248
216,"Wild boar","PIG",2,"slope + BB",-0.355504203904531,0.828846588247542,0.700819998346377
217,"Wild boar","PIG",2,"slope + BB",-0.34263043693583,0.907512187219345,0.709900517464429
218,"Wild boar","PIG",2,"slope + BB",-0.326903668224925,1.04902847878589,0.721153212699073
219,"Wild boar","PIG",2,"slope + BB",-0.488876225634705,1.01745344268969,0.613315235001958
220,"Wild boar","PIG",2,"slope + BB",-0.481247227861194,0.957883383516576,0.618012109853026
221,"Wild boar","PIG",2,"slope + BB",-0.455465465443692,0.930837652363531,0.634152723122277
222,"Wild boar","PIG",2,"slope + BB",-0.473382277513806,0.916391408764269,0.622891909970724
223,"Wild boar","PIG",2,"slope + BB",-0.457620638735883,0.886231575446199,0.632787486709463
224,"Wild boar","PIG",2,"slope + BB",-0.420113463821724,0.876666784852842,0.656972292168629
225,"Wild boar","PIG",2,"slope + BB",-0.433314827991592,0.848890212062491,0.648356353200327
226,"Wild boar","PIG",2,"slope + BB",-0.41166657642801,0.834733585849007,0.662545147518126
227,"Wild boar","PIG",2,"slope + BB",-0.408645306262871,0.814442152117825,0.664549903021463
228,"Wild boar","PIG",2,"slope + BB",-0.39787829364836,0.801634341122795,0.671743779307782
229,"Wild boar","PIG",2,"slope + BB",-0.425615460338029,0.764786068247221,0.653367548475186
230,"Wild boar","PIG",2,"slope + BB",-0.42775827420478,0.72601450772243,0.651968993704042
231,"Wild boar","PIG",2,"slope + BB",-0.42469452675159,0.725570963556966,0.653969524816403
232,"Wild boar","PIG",2,"slope + BB",-0.429523801827391,0.70148412604342,0.65081894083513
233,"Wild boar","PIG",2,"slope + BB",-0.431600759129646,0.693006454786292,0.64946862017741
234,"Wild boar","PIG",2,"slope + BB",-0.425463412797365,0.679704398087215,0.653466890121107
235,"Wild boar","PIG",2,"slope + BB",-0.469276833026073,0.69431761586649,0.625454414323349
236,"Wild boar","PIG",2,"slope + BB",-0.462087207359321,0.690673109453473,0.629967399753643
237,"Wild boar","PIG",2,"slope + BB",-0.421413729251166,0.663041907303352,0.656118594667449
238,"Wild boar","PIG",2,"slope + BB",-0.404904093774028,0.680413224911535,0.667040785797682
239,"Wild boar","PIG",2,"slope + BB",-0.388029575834986,0.672164030884519,0.678392281003394
240,"Wild boar","PIG",2,"slope + BB",-0.328110645885643,0.65223663367867,0.720283319276959
241,"Wild boar","PIG",2,"slope + BB",-0.347724957461279,0.645826406911516,0.706293113751084
242,"Wild boar","PIG",2,"slope + BB",-0.347228937657218,0.639758397657381,0.706643532693773
243,"Wild boar","PIG",2,"slope + BB",-0.369317473234113,0.640701065787339,0.691205950466462
244,"Wild boar","PIG",2,"slope + BB",-0.352177796865196,0.656279630766534,0.70315509745462
245,"Wild boar","PIG",2,"slope + BB",-0.358452522868716,0.666440219170483,0.698756802277138
246,"Wild boar","PIG",2,"slope + BB",-0.340122758445817,0.700628961385174,0.711682960632393
247,"Wild boar","PIG",2,"slope + BB",-0.342547165195134,0.727834880510656,0.709959636340101
248,"Wild boar","PIG",2,"slope + BB",-0.362061218461922,0.732544506322343,0.696239766139441
249,"Wild boar","PIG",2,"slope + BB",-0.337445454182765,0.768135715988513,0.713590897438033
250,"Wild boar","PIG",2,"slope + BB",-0.352699024097864,0.802044364262665,0.702788685209875
251,"Wild boar","PIG",2,"slope + BB",-0.35059456422667,0.852023882129605,0.704269240851321
252,"Wild boar","PIG",2,"slope + BB",-0.342749286047715,0.938830210621348,0.709816150258837
253,"Wild boar","PIG",2,"slope + BB",-0.318034140418522,1.02977304402791,0.727577953979336
254,"Wild boar","PIG",2,"slope + BB",-0.513401736677841,0.962880990897241,0.598456328894116
255,"Wild boar","PIG",2,"slope + BB",-0.485278210427323,0.932403085930431,0.615525929748276
256,"Wild boar","PIG",2,"slope + BB",-0.466871389805654,0.896997274335552,0.626960718959688
257,"Wild boar","PIG",2,"slope + BB",-0.443424400982063,0.889237815414376,0.641834754214879
258,"Wild boar","PIG",2,"slope + BB",-0.456614185652724,0.860102719400279,0.633424677311926
259,"Wild boar","PIG",2,"slope + BB",-0.441587742659583,0.857949157679796,0.643014756114273
260,"Wild boar","PIG",2,"slope + BB",-0.404348376187026,0.848710776046876,0.66741158669008
261,"Wild boar","PIG",2,"slope + BB",-0.402818428664547,0.820395266308945,0.66843346920479
262,"Wild boar","PIG",2,"slope + BB",-0.381633286494424,0.81560782762706,0.682745380458215
263,"Wild boar","PIG",2,"slope + BB",-0.414330083141588,0.800675512539454,0.660782802048716
264,"Wild boar","PIG",2,"slope + BB",-0.415356935738962,0.767971882909839,0.660104623718651
265,"Wild boar","PIG",2,"slope + BB",-0.433601083838005,0.750105150846789,0.64817077213299
266,"Wild boar","PIG",2,"slope + BB",-0.436474653048418,0.726379587651501,0.646310883199317
267,"Wild boar","PIG",2,"slope + BB",-0.440547637578383,0.702760400641458,0.643683819358348
268,"Wild boar","PIG",2,"slope + BB",-0.449928073632396,0.696077826210756,0.637674015719341
269,"Wild boar","PIG",2,"slope + BB",-0.454692106269646,0.679792501754037,0.634643340747607
270,"Wild boar","PIG",2,"slope + BB",-0.45740056785117,0.664977553387439,0.632926763032029
271,"Wild boar","PIG",2,"slope + BB",-0.438609230935841,0.674508473179085,0.644932750975741
272,"Wild boar","PIG",2,"slope + BB",-0.441297542644012,0.668632612727968,0.643201298452897
273,"Wild boar","PIG",2,"slope + BB",-0.405875160208379,0.651208523122866,0.666393355645231
274,"Wild boar","PIG",2,"slope + BB",-0.382199891812178,0.665878307998241,0.682358643838002
275,"Wild boar","PIG",2,"slope + BB",-0.356204117654464,0.642588945094077,0.700329656006951
276,"Wild boar","PIG",2,"slope + BB",-0.359894137662473,0.635147716647064,0.697750192191838
277,"Wild boar","PIG",2,"slope + BB",-0.343998159904824,0.634904973833618,0.708930240104334
278,"Wild boar","PIG",2,"slope + BB",-0.382237843523103,0.645681179079459,0.6823327470797
279,"Wild boar","PIG",2,"slope + BB",-0.365081069683284,0.652255433921168,0.694140375126196
280,"Wild boar","PIG",2,"slope + BB",-0.356592508538966,0.690516145088553,0.700057707379676
281,"Wild boar","PIG",2,"slope + BB",-0.366744851633748,0.701019364472563,0.692986437712809
282,"Wild boar","PIG",2,"slope + BB",-0.372824691563616,0.720441544383492,0.688785973864392
283,"Wild boar","PIG",2,"slope + BB",-0.362243271196263,0.756926370050631,0.696113009471284
284,"Wild boar","PIG",2,"slope + BB",-0.34087784681666,0.809758029682992,0.711145771835081
285,"Wild boar","PIG",2,"slope + BB",-0.364238620651347,0.847117479325091,0.694725399616673
286,"Wild boar","PIG",2,"slope + BB",-0.341252611567689,0.944549846854356,0.710879309265203
287,"Wild boar","PIG",2,"slope + BB",-0.341797878641671,1.03081035932707,0.710491798515601
288,"Wild boar","PIG",2,"slope + BB",-0.523280433214602,1.02227769187263,0.592573474573652
289,"Wild boar","PIG",2,"slope + BB",-0.553168753045674,0.943998467745802,0.575124501434659
290,"Wild boar","PIG",2,"slope + BB",-0.492670800775514,0.918454798039878,0.610992374195246
291,"Wild boar","PIG",2,"slope + BB",-0.48636198422656,0.891507354922143,0.614859210708991
292,"Wild boar","PIG",2,"slope + BB",-0.453428634176429,0.870173332851327,0.63544570169797
293,"Wild boar","PIG",2,"slope + BB",-0.466022785010106,0.855714425674071,0.627492989302227
294,"Wild boar","PIG",2,"slope + BB",-0.44418075211792,0.83973216053044,0.641349486611239
295,"Wild boar","PIG",2,"slope + BB",-0.390772077198855,0.816388946277158,0.676534336110593
296,"Wild boar","PIG",2,"slope + BB",-0.404389220088455,0.809255760515727,0.66738431203152
297,"Wild boar","PIG",2,"slope + BB",-0.401282848868401,0.798091950926343,0.669460678774561
298,"Wild boar","PIG",2,"slope + BB",-0.444014244954524,0.78446828893776,0.64145628327994
299,"Wild boar","PIG",2,"slope + BB",-0.420870121131845,0.770154762119202,0.656475358671364
300,"Wild boar","PIG",2,"slope + BB",-0.43508712628318,0.731054809097789,0.647208275932181
301,"Wild boar","PIG",2,"slope + BB",-0.440449320826812,0.721511931884956,0.643747107156067
302,"Wild boar","PIG",2,"slope + BB",-0.456332318533601,0.706140256749882,0.633603244744961
303,"Wild boar","PIG",2,"slope + BB",-0.451364550789186,0.672755830449028,0.636758669084631
304,"Wild boar","PIG",2,"slope + BB",-0.45126876674033,0.665396033579704,0.636819676648781
305,"Wild boar","PIG",2,"slope + BB",-0.436015438021348,0.658784855257947,0.646607743617127
306,"Wild boar","PIG",2,"slope + BB",-0.432987787322943,0.638877905479793,0.648568415709087
307,"Wild boar","PIG",2,"slope + BB",-0.422952912877934,0.633415545722054,0.655109488181355
308,"Wild boar","PIG",2,"slope + BB",-0.407862546938348,0.635486872292898,0.66507028911843
309,"Wild boar","PIG",2,"slope + BB",-0.409408852636366,0.64204330482476,0.664042684817671
310,"Wild boar","PIG",2,"slope + BB",-0.384542492513926,0.623345550029335,0.680762018940482
311,"Wild boar","PIG",2,"slope + BB",-0.387113896527969,0.623966369611429,0.679013754611686
312,"Wild boar","PIG",2,"slope + BB",-0.371900935314532,0.629655023576934,0.689422538086982
313,"Wild boar","PIG",2,"slope + BB",-0.35494968711834,0.627238496714771,0.701208724850875
314,"Wild boar","PIG",2,"slope + BB",-0.371344406958137,0.659158432675706,0.689806326639709
315,"Wild boar","PIG",2,"slope + BB",-0.398939713807235,0.668478738294551,0.671031158070456
316,"Wild boar","PIG",2,"slope + BB",-0.380741584009444,0.734130332102048,0.68335445677016
317,"Wild boar","PIG",2,"slope + BB",-0.39321856735701,0.769139698817191,0.674881228286267
318,"Wild boar","PIG",2,"slope + BB",-0.364503512792142,0.841985396995302,0.694541396385629
319,"Wild boar","PIG",2,"slope + BB",-0.367528474940725,0.921907538331393,0.692443613282005
320,"Wild boar","PIG",2,"slope + BB",-0.543231134886076,0.992980152504326,0.580868370188168
321,"Wild boar","PIG",2,"slope + BB",-0.534627660146316,0.913753379076316,0.585887398879439
322,"Wild boar","PIG",2,"slope + BB",-0.512816727609307,0.903937761670615,0.598806526287295
323,"Wild boar","PIG",2,"slope + BB",-0.474059706323882,0.86807937652769,0.622470090363613
324,"Wild boar","PIG",2,"slope + BB",-0.466286045511825,0.864084061075185,0.627327814082766
325,"Wild boar","PIG",2,"slope + BB",-0.460626660200946,0.831680338110606,0.630888169098504
326,"Wild boar","PIG",2,"slope + BB",-0.447119384867243,0.827456008398393,0.639467565281933
327,"Wild boar","PIG",2,"slope + BB",-0.437976040531166,0.814760592068244,0.645341262171771
328,"Wild boar","PIG",2,"slope + BB",-0.417302441103824,0.787782502219927,0.658821635117548
329,"Wild boar","PIG",2,"slope + BB",-0.411162316826222,0.781531938301091,0.662879327064403
330,"Wild boar","PIG",2,"slope + BB",-0.406270029424304,0.759963886204416,0.666130268431302
331,"Wild boar","PIG",2,"slope + BB",-0.436607348027198,0.755345691141184,0.646225123240948
332,"Wild boar","PIG",2,"slope + BB",-0.427187672183289,0.743659753791092,0.652341114519818
333,"Wild boar","PIG",2,"slope + BB",-0.434473668177721,0.71444967102319,0.647605433767665
334,"Wild boar","PIG",2,"slope + BB",-0.448216150824426,0.700365837851944,0.63876659918185
335,"Wild boar","PIG",2,"slope + BB",-0.466094940513491,0.686403208652892,0.627447712439961
336,"Wild boar","PIG",2,"slope + BB",-0.463145883732083,0.67095931507607,0.629300826018804
337,"Wild boar","PIG",2,"slope + BB",-0.450896885579221,0.622455985264158,0.637056528510415
338,"Wild boar","PIG",2,"slope + BB",-0.409000554967283,0.583902714186699,0.664313868151179
339,"Wild boar","PIG",2,"slope + BB",-0.42863343388835,0.627800527870197,0.65139866609854
340,"Wild boar","PIG",2,"slope + BB",-0.432340829744377,0.632426893934426,0.648988147091006
341,"Wild boar","PIG",2,"slope + BB",-0.417842876494053,0.63962653131742,0.65846568078173
342,"Wild boar","PIG",2,"slope + BB",-0.378919463639775,0.620677658686846,0.684600745978738
343,"Wild boar","PIG",2,"slope + BB",-0.378954527731059,0.591130270941538,0.684576742591896
344,"Wild boar","PIG",2,"slope + BB",-0.365363362268202,0.564373293768308,0.693944464413086
345,"Wild boar","PIG",2,"slope + BB",-0.365266687532199,0.612292006243866,0.694011542270426
346,"Wild boar","PIG",2,"slope + BB",-0.380660399513239,0.64108500128622,0.683409937050888
347,"Wild boar","PIG",2,"slope + BB",-0.398997983181913,0.66670774507621,0.670992054621316
348,"Wild boar","PIG",2,"slope + BB",-0.415064134914519,0.722966402087848,0.660297931605243
349,"Wild boar","PIG",2,"slope + BB",-0.557317504886621,0.963446572035006,0.572743411419814
350,"Wild boar","PIG",2,"slope + BB",-0.5421048336926,0.917431738412937,0.581522954666883
351,"Wild boar","PIG",2,"slope + BB",-0.522066406980624,0.89007132937345,0.593293303697298
352,"Wild boar","PIG",2,"slope + BB",-0.496404415737781,0.86929786933613,0.608715419444219
353,"Wild boar","PIG",2,"slope + BB",-0.469098253269854,0.82666808346655,0.625566116335448
354,"Wild boar","PIG",2,"slope + BB",-0.475324669855831,0.810485219158952,0.621683183475211
355,"Wild boar","PIG",2,"slope + BB",-0.475572287554782,0.798506033918649,0.621529261247742
356,"Wild boar","PIG",2,"slope + BB",-0.450975216516239,0.788045535007805,0.637006640428937
357,"Wild boar","PIG",2,"slope + BB",-0.444665097634613,0.773070092243579,0.641038925549573
358,"Wild boar","PIG",2,"slope + BB",-0.433783315470256,0.759618819273158,0.648052664635755
359,"Wild boar","PIG",2,"slope + BB",-0.434447316372226,0.746744173966009,0.647622499123342
360,"Wild boar","PIG",2,"slope + BB",-0.451390232266577,0.745049041363251,0.636742322372937
361,"Wild boar","PIG",2,"slope + BB",-0.450821003990428,0.731674248188859,0.637104875804055
362,"Wild boar","PIG",2,"slope + BB",-0.438048239059776,0.705158538620326,0.645294653758569
363,"Wild boar","PIG",2,"slope + BB",-0.463388286253891,0.71036846855458,0.629148295546857
364,"Wild boar","PIG",2,"slope + BB",-0.452058807196361,0.675354533352701,0.636316748785551
365,"Wild boar","PIG",2,"slope + BB",-0.460547070435067,0.655746767465392,0.630938383341707
366,"Wild boar","PIG",2,"slope + BB",-0.449624701349244,0.644663314216859,0.637867500686755
367,"Wild boar","PIG",2,"slope + BB",-0.453152460655426,0.628951448322737,0.635621219011338
368,"Wild boar","PIG",2,"slope + BB",-0.447403029346959,0.627032239028854,0.639286206342339
369,"Wild boar","PIG",2,"slope + BB",-0.442291040162709,0.635615704101064,0.642562608292394
370,"Wild boar","PIG",2,"slope + BB",-0.418743608592073,0.622468291069541,0.657872846626973
371,"Wild boar","PIG",2,"slope + BB",-0.406768597168894,0.618276333747084,0.665798240212131
372,"Wild boar","PIG",2,"slope + BB",-0.381746874813394,0.603918648009689,0.682667833037274
373,"Wild boar","PIG",2,"slope + BB",-0.390317326767515,0.577201298864492,0.676842061306123
374,"Wild boar","PIG",2,"slope + BB",-0.350769330508229,0.617438308290451,0.704146160203539
375,"Wild boar","PIG",2,"slope + BB",-0.396504079662112,0.626732737786083,0.672667532469256
376,"Wild boar","PIG",2,"slope + BB",-0.415744924206659,0.676069343031909,0.659848560422013
377,"Wild boar","PIG",2,"slope + BB",-0.436932907688409,0.758127312116302,0.646014772601649
378,"Wild boar","PIG",2,"slope + BB",-0.566222748577054,0.963675010574952,0.567665611834424
379,"Wild boar","PIG",2,"slope + BB",-0.517341088583921,0.900211556869592,0.596103454477961
380,"Wild boar","PIG",2,"slope + BB",-0.527724171528569,0.872727534272164,0.589946059093907
381,"Wild boar","PIG",2,"slope + BB",-0.499370627084828,0.845014669663029,0.60691252030631
382,"Wild boar","PIG",2,"slope + BB",-0.477475885066552,0.817096813361592,0.620347246597415
383,"Wild boar","PIG",2,"slope + BB",-0.487038457507521,0.787425212233636,0.614443402534752
384,"Wild boar","PIG",2,"slope + BB",-0.481213477873029,0.784462424460346,0.618032967279283
385,"Wild boar","PIG",2,"slope + BB",-0.499161465909256,0.772934424767029,0.607039487238213
386,"Wild boar","PIG",2,"slope + BB",-0.460651800902754,0.761016494552735,0.6308723106964
387,"Wild boar","PIG",2,"slope + BB",-0.447236568094525,0.751040667651478,0.639392630734302
388,"Wild boar","PIG",2,"slope + BB",-0.457556761787219,0.74863215549251,0.632827910584224
389,"Wild boar","PIG",2,"slope + BB",-0.48296029072731,0.73023541826013,0.616954324203069
390,"Wild boar","PIG",2,"slope + BB",-0.470602570915766,0.722375403698249,0.624625773586766
391,"Wild boar","PIG",2,"slope + BB",-0.466504922685004,0.700708971629253,0.627190522369379
392,"Wild boar","PIG",2,"slope + BB",-0.428704928362654,0.69538062100192,0.651352096642831
393,"Wild boar","PIG",2,"slope + BB",-0.435387530691834,0.682500195685921,0.647013884205639
394,"Wild boar","PIG",2,"slope + BB",-0.443073832975429,0.652114155601476,0.642059800214073
395,"Wild boar","PIG",2,"slope + BB",-0.449352086853152,0.640706041328158,0.63804141314901
396,"Wild boar","PIG",2,"slope + BB",-0.470950624582389,0.622161551888713,0.624408408096509
397,"Wild boar","PIG",2,"slope + BB",-0.472545033714562,0.605766695106605,0.623413638853536
398,"Wild boar","PIG",2,"slope + BB",-0.427274630275049,0.611057445841517,0.652284390924893
399,"Wild boar","PIG",2,"slope + BB",-0.434133200479224,0.615955973425068,0.64782596351222
400,"Wild boar","PIG",2,"slope + BB",-0.443535104091137,0.596605828529825,0.641763705303826
401,"Wild boar","PIG",2,"slope + BB",-0.438837298402549,0.594202975214702,0.644785688747318
402,"Wild boar","PIG",2,"slope + BB",-0.422347255901063,0.61240919940403,0.655506371438191
403,"Wild boar","PIG",2,"slope + BB",-0.409773518639851,0.622152848096171,0.663800576732215
404,"Wild boar","PIG",2,"slope + BB",-0.400351733712148,0.640137627372452,0.670084314096267
405,"Wild boar","PIG",2,"slope + BB",-0.424868292687091,0.660040697004105,0.653855898050343
406,"Wild boar","PIG",2,"slope + BB",-0.435134984538689,0.769224552202309,0.647177302283005
407,"Wild boar","PIG",2,"slope + BB",-0.544899844209759,1.00784933104373,0.579899867827883
408,"Wild boar","PIG",2,"slope + BB",-0.5334654513839,0.896809187186218,0.586568718758067
409,"Wild boar","PIG",2,"slope + BB",-0.511125328215373,0.863616952466957,0.59982021020105
410,"Wild boar","PIG",2,"slope + BB",-0.521279364935413,0.830893191262721,0.593760425572274
411,"Wild boar","PIG",2,"slope + BB",-0.499024613540628,0.822918341412469,0.607122551331507
412,"Wild boar","PIG",2,"slope + BB",-0.495192772852063,0.780016044248686,0.609453412591992
413,"Wild boar","PIG",2,"slope + BB",-0.475675440231779,0.74585166129881,0.621465155412082
414,"Wild boar","PIG",2,"slope + BB",-0.482958655672936,0.743084766530488,0.616955340957911
415,"Wild boar","PIG",2,"slope + BB",-0.485452911309306,0.749800706293936,0.615418404935676
416,"Wild boar","PIG",2,"slope + BB",-0.48514383200191,0.722816360368963,0.615608646186014
417,"Wild boar","PIG",2,"slope + BB",-0.491310487014576,0.741281350233484,0.611824081723074
418,"Wild boar","PIG",2,"slope + BB",-0.487723934957856,0.732573571718649,0.614022359805371
419,"Wild boar","PIG",2,"slope + BB",-0.49672080166871,0.701598754027714,0.608522860128735
420,"Wild boar","PIG",2,"slope + BB",-0.482486445726528,0.688058075910488,0.617246764039291
421,"Wild boar","PIG",2,"slope + BB",-0.437684252619736,0.681070740899983,0.645529581347526
422,"Wild boar","PIG",2,"slope + BB",-0.436963825511317,0.66039145350701,0.645994816465566
423,"Wild boar","PIG",2,"slope + BB",-0.450672408877085,0.655240382225345,0.637199549154635
424,"Wild boar","PIG",2,"slope + BB",-0.477909517722801,0.627452868202793,0.620078300671894
425,"Wild boar","PIG",2,"slope + BB",-0.461155433186371,0.621504606460231,0.630554671309063
426,"Wild boar","PIG",2,"slope + BB",-0.465577836931101,0.610655028269109,0.627772250426822
427,"Wild boar","PIG",2,"slope + BB",-0.455464419560524,0.590057056959319,0.634153388084719
428,"Wild boar","PIG",2,"slope + BB",-0.436194827025393,0.589490126490445,0.646491762257823
429,"Wild boar","PIG",2,"slope + BB",-0.429702973083631,0.604080686938129,0.650702342136526
430,"Wild boar","PIG",2,"slope + BB",-0.41809299329943,0.588547094105017,0.658301010747076
431,"Wild boar","PIG",2,"slope + BB",-0.409435709608826,0.587718249688005,0.664024847604433
432,"Wild boar","PIG",2,"slope + BB",-0.423438117731764,0.619353539894342,0.6547916972915
433,"Wild boar","PIG",2,"slope + BB",-0.43723898184908,0.633853167533445,0.645817074417792
434,"Wild boar","PIG",2,"slope + BB",-0.419725705247642,0.675292565624799,0.65722708410672
435,"Wild boar","PIG",2,"slope + BB",-0.42417368756695,0.780496818022208,0.65431022672201
436,"Wild boar","PIG",2,"slope + BB",-0.493751635756486,0.88962489271461,0.610332349120635
437,"Wild boar","PIG",2,"slope + BB",-0.511226299184734,0.841912204419501,0.59975964302357
438,"Wild boar","PIG",2,"slope + BB",-0.501455851174739,0.842249702869922,0.605648303257142
439,"Wild boar","PIG",2,"slope + BB",-0.498174232267961,0.796980242955176,0.607639061045846
440,"Wild boar","PIG",2,"slope + BB",-0.497976975721678,0.762150059786405,0.607758928711374
441,"Wild boar","PIG",2,"slope + BB",-0.501616682197085,0.734180195945167,0.605550884598988
442,"Wild boar","PIG",2,"slope + BB",-0.489176202594274,0.717250897468539,0.613131282924318
443,"Wild boar","PIG",2,"slope + BB",-0.484000452007425,0.72215891488161,0.616312931178782
444,"Wild boar","PIG",2,"slope + BB",-0.48370237190114,0.726579239319705,0.616496665156063
445,"Wild boar","PIG",2,"slope + BB",-0.508421877159856,0.70936364015249,0.601443988816626
446,"Wild boar","PIG",2,"slope + BB",-0.537164541669269,0.700897084067596,0.584402955573558
447,"Wild boar","PIG",2,"slope + BB",-0.510804684400845,0.686386616226681,0.600012568847099
448,"Wild boar","PIG",2,"slope + BB",-0.495363560619051,0.65860854277151,0.609349331696717
449,"Wild boar","PIG",2,"slope + BB",-0.464475029896655,0.655714109713938,0.628464948106068
450,"Wild boar","PIG",2,"slope + BB",-0.433108867607524,0.660018894836724,0.648489888976001
451,"Wild boar","PIG",2,"slope + BB",-0.454171118270401,0.621661812160176,0.634974072568319
452,"Wild boar","PIG",2,"slope + BB",-0.447716968668753,0.611344063803021,0.639085539670081
453,"Wild boar","PIG",2,"slope + BB",-0.459751772316842,0.599630330071308,0.631440368051043
454,"Wild boar","PIG",2,"slope + BB",-0.45842140753264,0.602806592021287,0.632280972111839
455,"Wild boar","PIG",2,"slope + BB",-0.43997944409121,0.588476023697763,0.644049659984319
456,"Wild boar","PIG",2,"slope + BB",-0.446553013014321,0.606479366563143,0.63982984088034
457,"Wild boar","PIG",2,"slope + BB",-0.422214430439534,0.598835247322777,0.65559344644175
458,"Wild boar","PIG",2,"slope + BB",-0.439128038071392,0.594057750437786,0.644598243616347
459,"Wild boar","PIG",2,"slope + BB",-0.430594964408396,0.593807266712847,0.650122185982763
460,"Wild boar","PIG",2,"slope + BB",-0.444853106368584,0.59789147266462,0.640918415999016
461,"Wild boar","PIG",2,"slope + BB",-0.408088228370726,0.632682716596527,0.664920211425281
462,"Wild boar","PIG",2,"slope + BB",-0.415057701865508,0.673001416999618,0.660302182875535
463,"Wild boar","PIG",2,"slope + BB",-0.412729967497711,0.770205315017806,0.661840990116146
464,"Wild boar","PIG",2,"slope + BB",-0.466471306081802,0.967196717980804,0.627211606994179
465,"Wild boar","PIG",2,"slope + BB",-0.490014391817904,0.876153248550682,0.612617581160069
466,"Wild boar","PIG",2,"slope + BB",-0.518093816211668,0.853114275837086,0.595654894194655
467,"Wild boar","PIG",2,"slope + BB",-0.516965109362749,0.817262128660728,0.596327596172912
468,"Wild boar","PIG",2,"slope + BB",-0.502333048467388,0.784491609656116,0.605117243712519
469,"Wild boar","PIG",2,"slope + BB",-0.491374370509748,0.7634489695818,0.611785000400299
470,"Wild boar","PIG",2,"slope + BB",-0.486944428555785,0.739623777791623,0.614501225325533
471,"Wild boar","PIG",2,"slope + BB",-0.493861170148927,0.711438274788737,0.610265505926831
472,"Wild boar","PIG",2,"slope + BB",-0.489864989267883,0.700351072532935,0.612709119397821
473,"Wild boar","PIG",2,"slope + BB",-0.505571032455223,0.686710861706192,0.603161055294844
474,"Wild boar","PIG",2,"slope + BB",-0.532757945441726,0.682323128868261,0.586983887268669
475,"Wild boar","PIG",2,"slope + BB",-0.523610855675578,0.6779968909371,0.592377691507491
476,"Wild boar","PIG",2,"slope + BB",-0.520928428467978,0.650019715437919,0.593968834516994
477,"Wild boar","PIG",2,"slope + BB",-0.505394901177608,0.63097569586803,0.603267297748662
478,"Wild boar","PIG",2,"slope + BB",-0.483571882053141,0.637455644855033,0.616577113619207
479,"Wild boar","PIG",2,"slope + BB",-0.473673562838523,0.61859812646002,0.62271049554126
480,"Wild boar","PIG",2,"slope + BB",-0.452271835142219,0.607064471467515,0.636181209854855
481,"Wild boar","PIG",2,"slope + BB",-0.440969405676512,0.582026173349794,0.643412391053118
482,"Wild boar","PIG",2,"slope + BB",-0.421344266983052,0.594064332436091,0.656164166868989
483,"Wild boar","PIG",2,"slope + BB",-0.435394622971055,0.595060186168711,0.647009293099066
484,"Wild boar","PIG",2,"slope + BB",-0.426760065306467,0.604246868925041,0.652620121954664
485,"Wild boar","PIG",2,"slope + BB",-0.415162601610149,0.590310920829239,0.660232917640066
486,"Wild boar","PIG",2,"slope + BB",-0.441051824738515,0.593080887491483,0.643359364972626
487,"Wild boar","PIG",2,"slope + BB",-0.47836958047434,0.582788741039123,0.619793100121481
488,"Wild boar","PIG",2,"slope + BB",-0.451189231344533,0.556803337573795,0.636870315865652
489,"Wild boar","PIG",2,"slope + BB",-0.443284474503093,0.607617198537328,0.641924578895803
490,"Wild boar","PIG",2,"slope + BB",-0.411886574351209,0.631879391084218,0.662399405112768
491,"Wild boar","PIG",2,"slope + BB",-0.430433090949689,0.657659952487744,0.650227426120397
492,"Wild boar","PIG",2,"slope + BB",-0.42675496383066,0.75158200468162,0.652623449795686
493,"Wild boar","PIG",2,"slope + BB",-0.488810270891978,1.01581329078532,0.613355688738372
494,"Wild boar","PIG",2,"slope + BB",-0.499714927964023,0.916748087638016,0.606703589365073
495,"Wild boar","PIG",2,"slope + BB",-0.502392946642236,0.866008895120136,0.605080999385479
496,"Wild boar","PIG",2,"slope + BB",-0.49788892079965,0.827504709505003,0.607812463414766
497,"Wild boar","PIG",2,"slope + BB",-0.510311131070468,0.799163250979657,0.60030879914058
498,"Wild boar","PIG",2,"slope + BB",-0.526488032658118,0.770958375391379,0.590675789907765
499,"Wild boar","PIG",2,"slope + BB",-0.506485339289097,0.756487233109689,0.602609831692054
500,"Wild boar","PIG",2,"slope + BB",-0.480548880682121,0.727347788061139,0.618443847260171
501,"Wild boar","PIG",2,"slope + BB",-0.480246762967138,0.69390075999333,0.618630718030752
502,"Wild boar","PIG",2,"slope + BB",-0.469815143218609,0.688649570846399,0.625117817922933
503,"Wild boar","PIG",2,"slope + BB",-0.505261391536679,0.665884208546349,0.603347844941197
504,"Wild boar","PIG",2,"slope + BB",-0.520907326168187,0.65371390620435,0.593981369708878
505,"Wild boar","PIG",2,"slope + BB",-0.520190643818497,0.647172632666569,0.594407218345703
506,"Wild boar","PIG",2,"slope + BB",-0.516105512822979,0.645642069747419,0.59684041524452
507,"Wild boar","PIG",2,"slope + BB",-0.50052309104647,0.626928671806156,0.606213474247191
508,"Wild boar","PIG",2,"slope + BB",-0.49691059539264,0.621428047018713,0.608407375802937
509,"Wild boar","PIG",2,"slope + BB",-0.473315275470106,0.609285881486561,0.622933645509811
510,"Wild boar","PIG",2,"slope + BB",-0.440331985561775,0.606261253954009,0.643822646375415
511,"Wild boar","PIG",2,"slope + BB",-0.413083252285475,0.595726623178398,0.661607202692201
512,"Wild boar","PIG",2,"slope + BB",-0.396663126157561,0.590793888616169,0.672560560018331
513,"Wild boar","PIG",2,"slope + BB",-0.437111720550091,0.603396123928626,0.645899267344606
514,"Wild boar","PIG",2,"slope + BB",-0.441315248368447,0.609260564855439,0.643189911300679
515,"Wild boar","PIG",2,"slope + BB",-0.456474808052763,0.601197051274543,0.63351297164012
516,"Wild boar","PIG",2,"slope + BB",-0.437185628898686,0.607784350987701,0.645851531588248
517,"Wild boar","PIG",2,"slope + BB",-0.448538592825057,0.601563017739528,0.638560667216685
518,"Wild boar","PIG",2,"slope + BB",-0.46245869429085,0.565415499509427,0.62973342067535
519,"Wild boar","PIG",2,"slope + BB",-0.447069257500697,0.572334018434355,0.639499621111028
520,"Wild boar","PIG",2,"slope + BB",-0.424390331529313,0.621954041761499,0.654168493373871
521,"Wild boar","PIG",2,"slope + BB",-0.398617064966104,0.660150184457209,0.671247700788341
522,"Wild boar","PIG",2,"slope + BB",-0.396086715069643,0.7448098210663,0.672948338737608
523,"Wild boar","PIG",2,"slope + BB",-0.506251116485257,0.99118020180544,0.602750991937032
524,"Wild boar","PIG",2,"slope + BB",-0.482873924595302,0.902111205136275,0.617007608442732
525,"Wild boar","PIG",2,"slope + BB",-0.493050900059888,0.860152406148401,0.61076018153249
526,"Wild boar","PIG",2,"slope + BB",-0.496759849849494,0.819026457597408,0.60849909879941
527,"Wild boar","PIG",2,"slope + BB",-0.490865774318599,0.78486179481769,0.612096228996715
528,"Wild boar","PIG",2,"slope + BB",-0.509554915681486,0.771402862289144,0.600762910016628
529,"Wild boar","PIG",2,"slope + BB",-0.480472884011014,0.73881674770378,0.618490848364535
530,"Wild boar","PIG",2,"slope + BB",-0.490976419425467,0.722418330190923,0.612028506244557
531,"Wild boar","PIG",2,"slope + BB",-0.501009842366399,0.688493694790826,0.605918547478564
532,"Wild boar","PIG",2,"slope + BB",-0.508816103907149,0.659287406299231,0.601206925548963
533,"Wild boar","PIG",2,"slope + BB",-0.513807347392989,0.655296500210641,0.598213632798672
534,"Wild boar","PIG",2,"slope + BB",-0.514264330455266,0.627141808012044,0.597940322366596
535,"Wild boar","PIG",2,"slope + BB",-0.523314160809253,0.627795417618309,0.592553473017322
536,"Wild boar","PIG",2,"slope + BB",-0.517044109291243,0.632175635997705,0.596280485586842
537,"Wild boar","PIG",2,"slope + BB",-0.500104899017149,0.633988587104713,0.606467042432463
538,"Wild boar","PIG",2,"slope + BB",-0.484987229846602,0.62028726163776,0.615705064509697
539,"Wild boar","PIG",2,"slope + BB",-0.449871395811355,0.608327756103264,0.637710160694466
540,"Wild boar","PIG",2,"slope + BB",-0.437641020871539,0.609087262501963,0.645557485966163
541,"Wild boar","PIG",2,"slope + BB",-0.415061829240797,0.610755627424093,0.660299454271734
542,"Wild boar","PIG",2,"slope + BB",-0.431394254231993,0.613815470715513,0.649602753186091
543,"Wild boar","PIG",2,"slope + BB",-0.420779796367096,0.599500922940813,0.656534656850752
544,"Wild boar","PIG",2,"slope + BB",-0.434813038410293,0.603595252340779,0.647385698927721
545,"Wild boar","PIG",2,"slope + BB",-0.432629487875691,0.6086926189842,0.648800836050148
546,"Wild boar","PIG",2,"slope + BB",-0.43728166745206,0.597276542919,0.645789508492258
547,"Wild boar","PIG",2,"slope + BB",-0.427523185271003,0.597631188190143,0.652122282732476
548,"Wild boar","PIG",2,"slope + BB",-0.454163544617905,0.594956884833142,0.634978878572891
549,"Wild boar","PIG",2,"slope + BB",-0.413865807864573,0.597581257082968,0.66108965842066
550,"Wild boar","PIG",2,"slope + BB",-0.392557993226025,0.610852916695474,0.675327181605478
551,"Wild boar","PIG",2,"slope + BB",-0.360940288492025,0.653030478861344,0.697020617403854
552,"Wild boar","PIG",2,"slope + BB",-0.359011236526889,0.746026470135904,0.698366504344828
553,"Wild boar","PIG",2,"slope + BB",-0.504926021301845,1.01994772758098,0.603550223720308
554,"Wild boar","PIG",2,"slope + BB",-0.482456681046257,0.917899254197879,0.617265104226696
555,"Wild boar","PIG",2,"slope + BB",-0.480576329616521,0.836008194089737,0.618426908474863
556,"Wild boar","PIG",2,"slope + BB",-0.481678821692737,0.820881798321094,0.617745446627612
557,"Wild boar","PIG",2,"slope + BB",-0.484449327824939,0.771507364887784,0.616036337837188
558,"Wild boar","PIG",2,"slope + BB",-0.489342236583001,0.732399346269651,0.613029490091261
559,"Wild boar","PIG",2,"slope + BB",-0.478015862315621,0.726828190258573,0.620012362574259
560,"Wild boar","PIG",2,"slope + BB",-0.488407010980501,0.706959444423024,0.613603082308948
561,"Wild boar","PIG",2,"slope + BB",-0.49857898611531,0.674641691534195,0.607393161851628
562,"Wild boar","PIG",2,"slope + BB",-0.507328679722158,0.657170844599979,0.602101840874858
563,"Wild boar","PIG",2,"slope + BB",-0.509405686453431,0.649705990855735,0.600852567542562
564,"Wild boar","PIG",2,"slope + BB",-0.510448244697366,0.62715592720355,0.600226471528724
565,"Wild boar","PIG",2,"slope + BB",-0.50842730357944,0.627885213529162,0.601440724065891
566,"Wild boar","PIG",2,"slope + BB",-0.493509795857119,0.640755494858136,0.610479991347851
567,"Wild boar","PIG",2,"slope + BB",-0.480838986743679,0.626005051851328,0.618264460227991
568,"Wild boar","PIG",2,"slope + BB",-0.48507155665493,0.628159529477115,0.615653141301034
569,"Wild boar","PIG",2,"slope + BB",-0.460554563648791,0.614998550183588,0.630933656056111
570,"Wild boar","PIG",2,"slope + BB",-0.42172429314088,0.608690142547005,0.655914867350624
571,"Wild boar","PIG",2,"slope + BB",-0.413458664071611,0.612414599201373,0.661358873431512
572,"Wild boar","PIG",2,"slope + BB",-0.421720794776461,0.617356566732504,0.655917153379779
573,"Wild boar","PIG",2,"slope + BB",-0.418541919650663,0.621673491921976,0.658005545742331
574,"Wild boar","PIG",2,"slope + BB",-0.410831477678928,0.613660427746372,0.663098669946382
575,"Wild boar","PIG",2,"slope + BB",-0.427588130937237,0.60573775783281,0.652079931815521
576,"Wild boar","PIG",2,"slope + BB",-0.416526850523237,0.611139158718071,0.659332824958888
577,"Wild boar","PIG",2,"slope + BB",-0.421990952229516,0.603854473331613,0.655739983769364
578,"Wild boar","PIG",2,"slope + BB",-0.391856303489827,0.608820590166419,0.675801220393222
579,"Wild boar","PIG",2,"slope + BB",-0.381550593673232,0.605423362324275,0.682801839892993
580,"Wild boar","PIG",2,"slope + BB",-0.376414103203156,0.619933731477819,0.68631806781823
581,"Wild boar","PIG",2,"slope + BB",-0.351093238866415,0.636052025806704,0.703918121671183
582,"Wild boar","PIG",2,"slope + BB",-0.325945852152178,0.688268504277809,0.721844272697286
583,"Wild boar","PIG",2,"slope + BB",-0.471701640403385,0.932467199902524,0.623939643612264
584,"Wild boar","PIG",2,"slope + BB",-0.473261468547259,0.856421975903249,0.622967164231226
585,"Wild boar","PIG",2,"slope + BB",-0.470030170729646,0.798018679806439,0.624983413118502
586,"Wild boar","PIG",2,"slope + BB",-0.480776611321418,0.760246349069115,0.61830302559967
587,"Wild boar","PIG",2,"slope + BB",-0.48331089271243,0.724881621846867,0.616738054214605
588,"Wild boar","PIG",2,"slope + BB",-0.450496000618311,0.69958818369365,0.6373119665167
589,"Wild boar","PIG",2,"slope + BB",-0.503969116666736,0.678085343560884,0.604128040114546
590,"Wild boar","PIG",2,"slope + BB",-0.503976690506913,0.648069913579705,0.604123468316795
591,"Wild boar","PIG",2,"slope + BB",-0.503477482067003,0.635834642295237,0.604425124301814
592,"Wild boar","PIG",2,"slope + BB",-0.525883790439442,0.642313788465423,0.591032785062058
593,"Wild boar","PIG",2,"slope + BB",-0.52251266643361,0.634033802194419,0.593028594736437
594,"Wild boar","PIG",2,"slope + BB",-0.511805603878567,0.623444975732473,0.599412301384905
595,"Wild boar","PIG",2,"slope + BB",-0.491020846681047,0.634974022666529,0.612001315825936
596,"Wild boar","PIG",2,"slope + BB",-0.485023754404988,0.630355263497678,0.615682571600105
597,"Wild boar","PIG",2,"slope + BB",-0.458355623117736,0.611408151535339,0.632322571249207
598,"Wild boar","PIG",2,"slope + BB",-0.434471639696346,0.622839132364821,0.647606746707988
599,"Wild boar","PIG",2,"slope + BB",-0.437785865998411,0.611914632014031,0.645463983852095
600,"Wild boar","PIG",2,"slope + BB",-0.408589133206029,0.612293809312927,0.664587253370135
601,"Wild boar","PIG",2,"slope + BB",-0.391263602466908,0.607617115555321,0.676201931781337
602,"Wild boar","PIG",2,"slope + BB",-0.400385253422589,0.615067116962928,0.670061853906457
603,"Wild boar","PIG",2,"slope + BB",-0.391356852966213,0.612322770297655,0.676138831399391
604,"Wild boar","PIG",2,"slope + BB",-0.386048867301122,0.611947059406681,0.679737320642423
605,"Wild boar","PIG",2,"slope + BB",-0.394926830150052,0.603577670381572,0.673729334924622
606,"Wild boar","PIG",2,"slope + BB",-0.391736018578303,0.599287232936149,0.675882511555381
607,"Wild boar","PIG",2,"slope + BB",-0.364638604094255,0.602421387462941,0.694447579827579
608,"Wild boar","PIG",2,"slope + BB",-0.344445457638383,0.60992531762986,0.708613202142435
609,"Wild boar","PIG",2,"slope + BB",-0.338055423393993,0.607327390030568,0.713155761886152
610,"Wild boar","PIG",2,"slope + BB",-0.303184194550457,0.62585165313754,0.73846306531836
611,"Wild boar","PIG",2,"slope + BB",-0.259681195586373,0.654772120788596,0.771297445913308
612,"Wild boar","PIG",2,"slope + BB",-0.232220946259597,0.696340111686991,0.792770945448961
613,"Wild boar","PIG",2,"slope + BB",-0.177928803855197,0.744941622590231,0.83700203092699
614,"Wild boar","PIG",2,"slope + BB",-0.147144983860283,0.753922443142676,0.863168822826892
615,"Wild boar","PIG",2,"slope + BB",-0.145119282824273,0.785037465563815,0.864919117031357
616,"Wild boar","PIG",2,"slope + BB",-0.145515486699139,0.829775410830352,0.864576500620929
617,"Wild boar","PIG",2,"slope + BB",-0.478113581862548,0.837200844076824,0.619951778354561
618,"Wild boar","PIG",2,"slope + BB",-0.460906698048417,0.775950344045986,0.630711521422619
619,"Wild boar","PIG",2,"slope + BB",-0.49678912039933,0.74343145752689,0.608481287296344
620,"Wild boar","PIG",2,"slope + BB",-0.484050387631372,0.718371421491959,0.61628215797486
621,"Wild boar","PIG",2,"slope + BB",-0.482694400391597,0.683116343612651,0.617118387945318
622,"Wild boar","PIG",2,"slope + BB",-0.504970113571166,0.65943148868379,0.603523612663543
623,"Wild boar","PIG",2,"slope + BB",-0.518349230482804,0.635859191447714,0.595502774899969
624,"Wild boar","PIG",2,"slope + BB",-0.51357039030171,0.628006471506601,0.59835539868987
625,"Wild boar","PIG",2,"slope + BB",-0.519980014050728,0.633549767284812,0.594532430885195
626,"Wild boar","PIG",2,"slope + BB",-0.512286136293237,0.629646989496936,0.599124334022224
627,"Wild boar","PIG",2,"slope + BB",-0.479821154607652,0.634203778691087,0.618894068268851
628,"Wild boar","PIG",2,"slope + BB",-0.485299132557132,0.638170426651568,0.615513052271343
629,"Wild boar","PIG",2,"slope + BB",-0.488092674283661,0.616824676295657,0.613795987308273
630,"Wild boar","PIG",2,"slope + BB",-0.457555358342982,0.632089202935013,0.632828795969947
631,"Wild boar","PIG",2,"slope + BB",-0.418558858056863,0.613893806242161,0.657994405190829
632,"Wild boar","PIG",2,"slope + BB",-0.372218806250859,0.632609015885025,0.689203431400647
633,"Wild boar","PIG",2,"slope + BB",-0.378201679038442,0.616002562738708,0.685092319240689
634,"Wild boar","PIG",2,"slope + BB",-0.343419626668445,0.616305354926512,0.709340505072188
635,"Wild boar","PIG",2,"slope + BB",-0.371216863519069,0.62698754439662,0.689894312462917
636,"Wild boar","PIG",2,"slope + BB",-0.368504114510957,0.619478936403042,0.691768363544981
637,"Wild boar","PIG",2,"slope + BB",-0.35332868994814,0.601857993303615,0.702346323753644
638,"Wild boar","PIG",2,"slope + BB",-0.345349211692334,0.583812047904611,0.707973080050832
639,"Wild boar","PIG",2,"slope + BB",-0.38287448137138,0.572265172269097,0.681898485337723
640,"Wild boar","PIG",2,"slope + BB",-0.340509969040166,0.569268808664931,0.711407435325311
641,"Wild boar","PIG",2,"slope + BB",-0.295099821221334,0.594304511921679,0.744457271122812
642,"Wild boar","PIG",2,"slope + BB",-0.293582563722259,0.587479022958809,0.745587672139283
643,"Wild boar","PIG",2,"slope + BB",-0.269917615873329,0.608361300040736,0.763442389379282
644,"Wild boar","PIG",2,"slope + BB",-0.241782208525448,0.618528654673341,0.785227188108725
645,"Wild boar","PIG",2,"slope + BB",-0.209642480304942,0.619387448211269,0.810874100953258
646,"Wild boar","PIG",2,"slope + BB",-0.154365036066526,0.63073685226621,0.856959147831613
647,"Wild boar","PIG",2,"slope + BB",-0.155911921267355,0.664315961663888,0.855634553659946
648,"Wild boar","PIG",2,"slope + BB",-0.151682171668839,0.68751496241083,0.859261335214922
649,"Wild boar","PIG",2,"slope + BB",-0.12474891855389,0.71138150781947,0.88271851813121
650,"Wild boar","PIG",2,"slope + BB",-0.107047246812074,0.74775500983932,0.898483224970297
651,"Wild boar","PIG",2,"slope + BB",-0.0689176194558914,0.788230639826803,0.933403571213442
652,"Wild boar","PIG",2,"slope + BB",-0.0302490859129536,0.793665406588526,0.970203851915342
653,"Wild boar","PIG",2,"slope + BB",-0.0121628198623189,0.844965846364754,0.987910848429147
654,"Wild boar","PIG",2,"slope + BB",-0.0131937373591428,0.975887997306597,0.986892924546462
655,"Wild boar","PIG",2,"slope + BB",-0.481382894866409,0.857333755308384,0.617928271183785
656,"Wild boar","PIG",2,"slope + BB",-0.47594934796801,0.742407236953227,0.62129495150352
657,"Wild boar","PIG",2,"slope + BB",-0.499522719606684,0.719387073097466,0.606820215526434
658,"Wild boar","PIG",2,"slope + BB",-0.50433344912701,0.695178956724279,0.603907976786043
659,"Wild boar","PIG",2,"slope + BB",-0.493883119323674,0.657313034951062,0.610252108156666
660,"Wild boar","PIG",2,"slope + BB",-0.505545403443397,0.649177392288692,0.603176511379356
661,"Wild boar","PIG",2,"slope + BB",-0.527194005784379,0.630279925252629,0.590258911970923
662,"Wild boar","PIG",2,"slope + BB",-0.502198792765581,0.620041766309867,0.605198489910808
663,"Wild boar","PIG",2,"slope + BB",-0.528043615640246,0.633826460810404,0.58975763533168
664,"Wild boar","PIG",2,"slope + BB",-0.499678685490013,0.639530598180836,0.606725578358163
665,"Wild boar","PIG",2,"slope + BB",-0.489081532376077,0.642442942920618,0.613189330672163
666,"Wild boar","PIG",2,"slope + BB",-0.492026121400113,0.629603177826544,0.611386395662441
667,"Wild boar","PIG",2,"slope + BB",-0.474900340359305,0.632202500425965,0.621947036693527
668,"Wild boar","PIG",2,"slope + BB",-0.433253405263295,0.615156808073907,0.648396164880063
669,"Wild boar","PIG",2,"slope + BB",-0.373676105770646,0.619323924072642,0.688199781586551
670,"Wild boar","PIG",2,"slope + BB",-0.362998971076678,0.633811009963864,0.695587149684525
671,"Wild boar","PIG",2,"slope + BB",-0.273346189944982,0.619278191926261,0.760829355221317
672,"Wild boar","PIG",2,"slope + BB",-0.317755873156898,0.61813164513132,0.727780437480408
673,"Wild boar","PIG",2,"slope + BB",-0.355211723146758,0.620136215622207,0.701025004908759
674,"Wild boar","PIG",2,"slope + BB",-0.33900250972844,0.604189346543631,0.712480665961619
675,"Wild boar","PIG",2,"slope + BB",-0.344620806483031,0.597504826561051,0.70848895980241
676,"Wild boar","PIG",2,"slope + BB",-0.327030692885325,0.589205671225863,0.721061612664917
677,"Wild boar","PIG",2,"slope + BB",-0.299229253199913,0.559713048015204,0.741389426201603
678,"Wild boar","PIG",2,"slope + BB",-0.295860945583079,0.547173582649376,0.743890862187787
679,"Wild boar","PIG",2,"slope + BB",-0.298313323199367,0.54721231900388,0.742068796144215
680,"Wild boar","PIG",2,"slope + BB",-0.2441376936024,0.569076261447246,0.78337977222373
681,"Wild boar","PIG",2,"slope + BB",-0.227536781557646,0.591239052099951,0.796493133520771
682,"Wild boar","PIG",2,"slope + BB",-0.216268758516596,0.600685677960131,0.805518782800695
683,"Wild boar","PIG",2,"slope + BB",-0.19529536592965,0.620112431486569,0.82259166605486
684,"Wild boar","PIG",2,"slope + BB",-0.163266335413382,0.616685033672914,0.849364942544699
685,"Wild boar","PIG",2,"slope + BB",-0.141709676239588,0.641531265488907,0.86787318510447
686,"Wild boar","PIG",2,"slope + BB",-0.135110278744082,0.645202647240934,0.873619565141824
687,"Wild boar","PIG",2,"slope + BB",-0.110437309998605,0.655401640301628,0.895442464623075
688,"Wild boar","PIG",2,"slope + BB",-0.124331822432581,0.67244340497002,0.883086764476456
689,"Wild boar","PIG",2,"slope + BB",-0.0862333450536632,0.690663180433016,0.917380140958953
690,"Wild boar","PIG",2,"slope + BB",-0.0305935935694018,0.700394682872084,0.969869656401045
691,"Wild boar","PIG",2,"slope + BB",-0.000956192553916696,0.741071311714606,0.999044269876259
692,"Wild boar","PIG",2,"slope + BB",0.0140568875163824,0.84349231691246,1.01415615235546
693,"Wild boar","PIG",2,"slope + BB",-0.478620327664817,0.829185103027548,0.619637699359168
694,"Wild boar","PIG",2,"slope + BB",-0.504553338417621,0.738377452407948,0.603775198393011
695,"Wild boar","PIG",2,"slope + BB",-0.49994559271105,0.697061693722721,0.606563661104238
696,"Wild boar","PIG",2,"slope + BB",-0.523357325708689,0.677335861166735,0.592527896422834
697,"Wild boar","PIG",2,"slope + BB",-0.521082390952488,0.662346224607539,0.59387739369876
698,"Wild boar","PIG",2,"slope + BB",-0.503380679853386,0.622726511946497,0.604483637755799
699,"Wild boar","PIG",2,"slope + BB",-0.516431927057674,0.624788398212125,0.596645629777617
700,"Wild boar","PIG",2,"slope + BB",-0.508858548991833,0.614708604261148,0.601181406476978
701,"Wild boar","PIG",2,"slope + BB",-0.506747638268552,0.622993977631394,0.602451787531448
702,"Wild boar","PIG",2,"slope + BB",-0.516832924388985,0.631844089026531,0.596406424582121
703,"Wild boar","PIG",2,"slope + BB",-0.480893760320061,0.644220937452021,0.618230595199563
704,"Wild boar","PIG",2,"slope + BB",-0.504966240277404,0.647840050572637,0.603525949951904
705,"Wild boar","PIG",2,"slope + BB",-0.471178797147697,0.632764187370377,0.624265951497924
706,"Wild boar","PIG",2,"slope + BB",-0.442850862833942,0.630570115329007,0.642202986323715
707,"Wild boar","PIG",2,"slope + BB",-0.403563392040998,0.623697445633873,0.667935685873989
708,"Wild boar","PIG",2,"slope + BB",-0.365966221792751,0.635997065734137,0.693526226887558
709,"Wild boar","PIG",2,"slope + BB",-0.271473077221604,0.614625759706606,0.762255805238215
710,"Wild boar","PIG",2,"slope + BB",-0.320213171829124,0.598129805271495,0.725994259850129
711,"Wild boar","PIG",2,"slope + BB",-0.322788998879442,0.616976117098438,0.724126629823342
712,"Wild boar","PIG",2,"slope + BB",-0.301148420351367,0.596702855222848,0.739967941191354
713,"Wild boar","PIG",2,"slope + BB",-0.297603276034949,0.576069127132714,0.742595886979236
714,"Wild boar","PIG",2,"slope + BB",-0.282309567205197,0.563567462269456,0.75404022303313
715,"Wild boar","PIG",2,"slope + BB",-0.275573042558634,0.541442674434189,0.759136990575293
716,"Wild boar","PIG",2,"slope + BB",-0.275716128395819,0.540091725000036,0.759028377120164
717,"Wild boar","PIG",2,"slope + BB",-0.249699125768638,0.55676064375362,0.779035139593933
718,"Wild boar","PIG",2,"slope + BB",-0.231333619501247,0.577339095932742,0.793474703487906
719,"Wild boar","PIG",2,"slope + BB",-0.203972610183625,0.576583124754259,0.815484706858178
720,"Wild boar","PIG",2,"slope + BB",-0.192713885857615,0.603950987566998,0.824717904509663
721,"Wild boar","PIG",2,"slope + BB",-0.181299973651935,0.607791948167618,0.834185108518882
722,"Wild boar","PIG",2,"slope + BB",-0.168439574450854,0.619537026952872,0.844982320449918
723,"Wild boar","PIG",2,"slope + BB",-0.149863847664974,0.624319043032629,0.860825171857621
724,"Wild boar","PIG",2,"slope + BB",-0.13314852736273,0.639243190852742,0.875335071245217
725,"Wild boar","PIG",2,"slope + BB",-0.133988000183387,0.635761500035301,0.874600559924748
726,"Wild boar","PIG",2,"slope + BB",-0.10817677237566,0.643158845318751,0.897468935152016
727,"Wild boar","PIG",2,"slope + BB",-0.0879230904123963,0.65015956303065,0.915831310309768
728,"Wild boar","PIG",2,"slope + BB",-0.0318322750563526,0.660021717727124,0.968669039417223
729,"Wild boar","PIG",2,"slope + BB",-0.00980954199119502,0.674272042954052,0.990238415185473
730,"Wild boar","PIG",2,"slope + BB",-0.0215063871024379,0.737600328074759,0.978723226911819
731,"Wild boar","PIG",2,"slope + BB",-0.503090508639061,0.813593847604906,0.604659069297456
732,"Wild boar","PIG",2,"slope + BB",-0.502445912562639,0.721239300937887,0.60504895946598
733,"Wild boar","PIG",2,"slope + BB",-0.500952347498608,0.679667311088706,0.60595330672946
734,"Wild boar","PIG",2,"slope + BB",-0.504724956907876,0.653738150743196,0.603671598802477
735,"Wild boar","PIG",2,"slope + BB",-0.525702499156996,0.63181561242797,0.591139943165798
736,"Wild boar","PIG",2,"slope + BB",-0.516967301950433,0.605748585526112,0.596326290809957
737,"Wild boar","PIG",2,"slope + BB",-0.519201334775654,0.614193368827768,0.594995560544286
738,"Wild boar","PIG",2,"slope + BB",-0.516092813208161,0.618534745967383,0.596847995015767
739,"Wild boar","PIG",2,"slope + BB",-0.513930271439539,0.614324481281678,0.598140100230849
740,"Wild boar","PIG",2,"slope + BB",-0.498353220248814,0.620674602549894,0.607530305031789
741,"Wild boar","PIG",2,"slope + BB",-0.500235450532957,0.629852654004893,0.606387869596356
742,"Wild boar","PIG",2,"slope + BB",-0.485892453251364,0.640452684135882,0.615147960919291
743,"Wild boar","PIG",2,"slope + BB",-0.469388547188253,0.645496662230451,0.625384548436494
744,"Wild boar","PIG",2,"slope + BB",-0.424932831213131,0.637450028429945,0.653813699655038
745,"Wild boar","PIG",2,"slope + BB",-0.401220195120145,0.640858252524138,0.669502626789261
746,"Wild boar","PIG",2,"slope + BB",-0.368143752514893,0.626964950225211,0.692017695962391
747,"Wild boar","PIG",2,"slope + BB",-0.360263644105793,0.611728883139567,0.697492412255135
748,"Wild boar","PIG",2,"slope + BB",-0.328858556386951,0.605227728041791,0.719744815233066
749,"Wild boar","PIG",2,"slope + BB",-0.33710995435536,0.59725916710392,0.713830351721732
750,"Wild boar","PIG",2,"slope + BB",-0.306115028885468,0.590839982812705,0.736301920815248
751,"Wild boar","PIG",2,"slope + BB",-0.271279840012986,0.567194415166273,0.762403116099639
752,"Wild boar","PIG",2,"slope + BB",-0.249754815482257,0.565051917574536,0.778991759761529
753,"Wild boar","PIG",2,"slope + BB",-0.248440562937706,0.551319352209031,0.780016221350803
754,"Wild boar","PIG",2,"slope + BB",-0.218878958792324,0.543121511887911,0.803418963382968
755,"Wild boar","PIG",2,"slope + BB",-0.211033501425933,0.553606963673665,0.809746942559313
756,"Wild boar","PIG",2,"slope + BB",-0.176049020018119,0.556588478683754,0.83857688000593
757,"Wild boar","PIG",2,"slope + BB",-0.165722015731663,0.586899442173871,0.847281735484072
758,"Wild boar","PIG",2,"slope + BB",-0.172012552762342,0.598442992901709,0.841968604099099
759,"Wild boar","PIG",2,"slope + BB",-0.156741744775392,0.604980375118664,0.854924822516297
760,"Wild boar","PIG",2,"slope + BB",-0.136083360920079,0.611544217033121,0.872769874577114
761,"Wild boar","PIG",2,"slope + BB",-0.133116902737339,0.62792682003418,0.875362757024067
762,"Wild boar","PIG",2,"slope + BB",-0.112327050121377,0.621643796213126,0.893751914538705
763,"Wild boar","PIG",2,"slope + BB",-0.100307361945696,0.634298713329359,0.904559349924502
764,"Wild boar","PIG",2,"slope + BB",-0.100232269059908,0.627621642120076,0.904627276707358
765,"Wild boar","PIG",2,"slope + BB",-0.0679990397318222,0.634981392283366,0.934261370874474
766,"Wild boar","PIG",2,"slope + BB",-0.00929443391233494,0.644252491800043,0.990748625939693
767,"Wild boar","PIG",2,"slope + BB",-0.0323648178145067,0.660462135169038,0.968153319629532
768,"Wild boar","PIG",2,"slope + BB",-0.0178461706573277,0.681064349836707,0.982312129169409
769,"Wild boar","PIG",2,"slope + BB",0.0129599309734953,0.714011899447548,1.01304427575077
770,"Wild boar","PIG",2,"slope + BB",0.0468021759436871,0.770618483251982,1.04791468612945
771,"Wild boar","PIG",2,"slope + BB",0.0632327086406501,0.788078452514999,1.06527470991807
772,"Wild boar","PIG",2,"slope + BB",0.0812368823792368,0.79153547774707,1.08462779581657
773,"Wild boar","PIG",2,"slope + BB",0.0674796083879855,0.809927138074338,1.06980845409667
774,"Wild boar","PIG",2,"slope + BB",0.0974151594786574,0.879863256893555,1.10231791691949
775,"Wild boar","PIG",2,"slope + BB",0.101733443575738,1.00143112034979,1.10708833522012
776,"Wild boar","PIG",2,"slope + BB",-0.485331582901632,0.803849095155791,0.615493096533238
777,"Wild boar","PIG",2,"slope + BB",-0.496115996201329,0.701840330473024,0.608891008285609
778,"Wild boar","PIG",2,"slope + BB",-0.505071004928875,0.654311036143605,0.603462725641081
779,"Wild boar","PIG",2,"slope + BB",-0.500764958780275,0.649096265670966,0.606066866793199
780,"Wild boar","PIG",2,"slope + BB",-0.508072882892901,0.619514612849008,0.60165391997387
781,"Wild boar","PIG",2,"slope + BB",-0.51269971241972,0.614826913095794,0.598876601697248
782,"Wild boar","PIG",2,"slope + BB",-0.49117728450606,0.619146581427321,0.611905583122381
783,"Wild boar","PIG",2,"slope + BB",-0.51417024164871,0.61369231974148,0.597996583581527
784,"Wild boar","PIG",2,"slope + BB",-0.49813505299474,0.625281357308713,0.607662862763544
785,"Wild boar","PIG",2,"slope + BB",-0.493926560565658,0.616065911085929,0.610225618149291
786,"Wild boar","PIG",2,"slope + BB",-0.469952314107192,0.631554529441677,0.625032073638778
787,"Wild boar","PIG",2,"slope + BB",-0.467316376913205,0.639940801961132,0.626681793272652
788,"Wild boar","PIG",2,"slope + BB",-0.431158340041807,0.639571975344091,0.649756023680231
789,"Wild boar","PIG",2,"slope + BB",-0.439199843105765,0.647416802040647,0.644551958267729
790,"Wild boar","PIG",2,"slope + BB",-0.405772336101666,0.618454565080806,0.666461879467146
791,"Wild boar","PIG",2,"slope + BB",-0.399581013412296,0.618231978478623,0.670600963112223
792,"Wild boar","PIG",2,"slope + BB",-0.403500106783652,0.620433099463734,0.667977955669821
793,"Wild boar","PIG",2,"slope + BB",-0.354298821565722,0.598171311108649,0.701665263421233
794,"Wild boar","PIG",2,"slope + BB",-0.320772655546,0.589306109296039,0.725588191906293
795,"Wild boar","PIG",2,"slope + BB",-0.280234775087048,0.57325473963713,0.755606324573468
796,"Wild boar","PIG",2,"slope + BB",-0.26253003501077,0.563020680455934,0.769103264310109
797,"Wild boar","PIG",2,"slope + BB",-0.234893654576146,0.553725631339606,0.790654946303625
798,"Wild boar","PIG",2,"slope + BB",-0.196423237677416,0.541759293555201,0.821664401898167
799,"Wild boar","PIG",2,"slope + BB",-0.197812249989373,0.535308608939956,0.820523892286753
800,"Wild boar","PIG",2,"slope + BB",-0.166135623174961,0.53918074394221,0.84693136350035
801,"Wild boar","PIG",2,"slope + BB",-0.162986153086434,0.563850183419086,0.849602955589308
802,"Wild boar","PIG",2,"slope + BB",-0.141891366718528,0.579825136721082,0.867715514445586
803,"Wild boar","PIG",2,"slope + BB",-0.125239169784357,0.593293934804549,0.882285862689751
804,"Wild boar","PIG",2,"slope + BB",-0.124477322719674,0.597265958637393,0.882958288757608
805,"Wild boar","PIG",2,"slope + BB",-0.104044612410965,0.600671662988872,0.901185100985956
806,"Wild boar","PIG",2,"slope + BB",-0.120417987464049,0.61018861187736,0.886549798422955
807,"Wild boar","PIG",2,"slope + BB",-0.111220990724554,0.617931893921992,0.894740997962831
808,"Wild boar","PIG",2,"slope + BB",-0.0889429489797053,0.612557038803985,0.914897767947199
809,"Wild boar","PIG",2,"slope + BB",-0.0718071382459356,0.634440100074096,0.930710377866334
810,"Wild boar","PIG",2,"slope + BB",-0.0380009578053208,0.641635478067542,0.96271202459024
811,"Wild boar","PIG",2,"slope + BB",-0.0111550352084847,0.625411695356136,0.988906951517164
812,"Wild boar","PIG",2,"slope + BB",-0.00891826389780245,0.624701311866221,0.991121385918685
813,"Wild boar","PIG",2,"slope + BB",0.0118923209955109,0.652549716643045,1.01196331703833
814,"Wild boar","PIG",2,"slope + BB",0.0494197026662784,0.645603912154725,1.05066122358673
815,"Wild boar","PIG",2,"slope + BB",0.0687521872348816,0.678811867396669,1.0711707265012
816,"Wild boar","PIG",2,"slope + BB",0.0866449999709483,0.7046206705973,1.09050951032982
817,"Wild boar","PIG",2,"slope + BB",0.096860837446408,0.715184417002035,1.10170707069863
818,"Wild boar","PIG",2,"slope + BB",0.115743995995696,0.732654441825867,1.12270841844993
819,"Wild boar","PIG",2,"slope + BB",0.0967518926859279,0.803454405952981,1.10158703488516
820,"Wild boar","PIG",2,"slope + BB",0.109031540665779,0.924887199499686,1.11519754014477
821,"Wild boar","PIG",2,"slope + BB",-0.493666404130268,0.85546110474687,0.610384372339009
822,"Wild boar","PIG",2,"slope + BB",-0.487980079447226,0.716057354552415,0.613865110956725
823,"Wild boar","PIG",2,"slope + BB",-0.530438336970562,0.654879680104764,0.588347038965704
824,"Wild boar","PIG",2,"slope + BB",-0.510472665892969,0.639812260507118,0.600211812106815
825,"Wild boar","PIG",2,"slope + BB",-0.515115671625796,0.649969151661194,0.597431485135216
826,"Wild boar","PIG",2,"slope + BB",-0.519921697699758,0.63641158791557,0.594567102242001
827,"Wild boar","PIG",2,"slope + BB",-0.500288608458503,0.643382501659383,0.606355640050533
828,"Wild boar","PIG",2,"slope + BB",-0.509757607054773,0.632001886576104,0.600641155058079
829,"Wild boar","PIG",2,"slope + BB",-0.466015695857734,0.634770781464855,0.627497434859588
830,"Wild boar","PIG",2,"slope + BB",-0.467570728612727,0.630714703927547,0.626522414085844
831,"Wild boar","PIG",2,"slope + BB",-0.458274987213006,0.625219948499265,0.632373561107355
832,"Wild boar","PIG",2,"slope + BB",-0.464113571855223,0.627512916133563,0.628692155419588
833,"Wild boar","PIG",2,"slope + BB",-0.43592634597105,0.63602306048251,0.646665353753014
834,"Wild boar","PIG",2,"slope + BB",-0.447883529961422,0.636553291588576,0.638979143463126
835,"Wild boar","PIG",2,"slope + BB",-0.436388590671368,0.63640668423927,0.646366505209369
836,"Wild boar","PIG",2,"slope + BB",-0.431676902713032,0.609756159989725,0.649419168494089
837,"Wild boar","PIG",2,"slope + BB",-0.414037597840759,0.596146006687358,0.660976099541823
838,"Wild boar","PIG",2,"slope + BB",-0.368370795797622,0.586735028345811,0.691860611898469
839,"Wild boar","PIG",2,"slope + BB",-0.321917428114614,0.581910119539789,0.724758044369145
840,"Wild boar","PIG",2,"slope + BB",-0.290532636381348,0.574282936589042,0.747865122922839
841,"Wild boar","PIG",2,"slope + BB",-0.242904317365577,0.565101279771935,0.784346561854308
842,"Wild boar","PIG",2,"slope + BB",-0.197690469189193,0.54015399421489,0.820623823174781
843,"Wild boar","PIG",2,"slope + BB",-0.168253548519383,0.537721844282935,0.845139537796779
844,"Wild boar","PIG",2,"slope + BB",-0.154646775837354,0.544854447649805,0.856717739113851
845,"Wild boar","PIG",2,"slope + BB",-0.134943976791414,0.542487168847571,0.87376486146825
846,"Wild boar","PIG",2,"slope + BB",-0.158954472719078,0.551072890612197,0.853035194510595
847,"Wild boar","PIG",2,"slope + BB",-0.142250243077578,0.553264099588831,0.867404167729247
848,"Wild boar","PIG",2,"slope + BB",-0.110217557149639,0.577915831808091,0.895639261684668
849,"Wild boar","PIG",2,"slope + BB",-0.112572980764291,0.596579597228793,0.893532136810071
850,"Wild boar","PIG",2,"slope + BB",-0.102667956715654,0.598766022729276,0.902426580777081
851,"Wild boar","PIG",2,"slope + BB",-0.101388592474335,0.595811952887454,0.903581844059345
852,"Wild boar","PIG",2,"slope + BB",-0.106308805121913,0.622091446152249,0.899146944604502
853,"Wild boar","PIG",2,"slope + BB",-0.0601303106696738,0.620128032823286,0.941641820010694
854,"Wild boar","PIG",2,"slope + BB",-0.0659118138314103,0.61087966708621,0.936213423818441
855,"Wild boar","PIG",2,"slope + BB",-0.0491560181820151,0.604138846653839,0.952032585840956
856,"Wild boar","PIG",2,"slope + BB",-0.0179697731819752,0.613713453628227,0.982190721494231
857,"Wild boar","PIG",2,"slope + BB",0.00325710493875046,0.632221863593371,1.00326241544114
858,"Wild boar","PIG",2,"slope + BB",0.0157304785424583,0.626502989256887,1.0158548552292
859,"Wild boar","PIG",2,"slope + BB",0.0511441492172715,0.639220300150873,1.05247459732924
860,"Wild boar","PIG",2,"slope + BB",0.0904777528609619,0.663341940072596,1.09469716217717
861,"Wild boar","PIG",2,"slope + BB",0.10627779279157,0.682036330122776,1.11213079122692
862,"Wild boar","PIG",2,"slope + BB",0.11761838379316,0.68523254232482,1.12481479850504
863,"Wild boar","PIG",2,"slope + BB",0.1401122343363,0.680407353166975,1.15040291069399
864,"Wild boar","PIG",2,"slope + BB",0.136893576277098,0.747157173862032,1.14670610569341
865,"Wild boar","PIG",2,"slope + BB",-0.482138310785158,0.751618333800331,0.617461658209761
866,"Wild boar","PIG",2,"slope + BB",-0.527562408993348,0.680512577748388,0.590041498544207
867,"Wild boar","PIG",2,"slope + BB",-0.525246404248563,0.655839283566395,0.591409621079821
868,"Wild boar","PIG",2,"slope + BB",-0.506037977047333,0.657663629918565,0.602879476976628
869,"Wild boar","PIG",2,"slope + BB",-0.478979184461403,0.652428858143136,0.619415378199857
870,"Wild boar","PIG",2,"slope + BB",-0.518879394097637,0.643447588776254,0.595187145128898
871,"Wild boar","PIG",2,"slope + BB",-0.484278353470488,0.627587024345622,0.616141672968376
872,"Wild boar","PIG",2,"slope + BB",-0.452861589936854,0.638235290834891,0.635806129560485
873,"Wild boar","PIG",2,"slope + BB",-0.461364149842868,0.628188164982411,0.630423067161427
874,"Wild boar","PIG",2,"slope + BB",-0.431176363632361,0.616437672559358,0.649744309488605
875,"Wild boar","PIG",2,"slope + BB",-0.449404882912065,0.630852789429288,0.638007728404875
876,"Wild boar","PIG",2,"slope + BB",-0.426143454617813,0.626535866495705,0.653022656288281
877,"Wild boar","PIG",2,"slope + BB",-0.422146359948366,0.619978858687717,0.655638073791063
878,"Wild boar","PIG",2,"slope + BB",-0.427706520596566,0.633506259196087,0.652002736643084
879,"Wild boar","PIG",2,"slope + BB",-0.457223697897721,0.600234213708684,0.633038715607887
880,"Wild boar","PIG",2,"slope + BB",-0.430075041441187,0.584648142598992,0.650460281459358
881,"Wild boar","PIG",2,"slope + BB",-0.39354920838877,0.576970408264883,0.674658117988923
882,"Wild boar","PIG",2,"slope + BB",-0.339989647777788,0.579754268547969,0.711777691810653
883,"Wild boar","PIG",2,"slope + BB",-0.284120189122984,0.565819091592497,0.752676175790922
884,"Wild boar","PIG",2,"slope + BB",-0.255931746433285,0.564639038130366,0.774194808708127
885,"Wild boar","PIG",2,"slope + BB",-0.188166592915089,0.549571291151661,0.828476677469331
886,"Wild boar","PIG",2,"slope + BB",-0.145637830373821,0.538921662948429,0.864470731743878
887,"Wild boar","PIG",2,"slope + BB",-0.108291943939541,0.521580923532397,0.897365577970739
888,"Wild boar","PIG",2,"slope + BB",-0.0944934156581929,0.533543672957439,0.909833726365607
889,"Wild boar","PIG",2,"slope + BB",-0.0836331934911226,0.54855961981133,0.919768572659938
890,"Wild boar","PIG",2,"slope + BB",-0.0913495842667703,0.557070151163921,0.912698590057912
891,"Wild boar","PIG",2,"slope + BB",-0.089246649547581,0.571302348588243,0.914619955156811
892,"Wild boar","PIG",2,"slope + BB",-0.101026351120681,0.5783403374083,0.903909216999855
893,"Wild boar","PIG",2,"slope + BB",-0.0845343789058361,0.587546806508842,0.918940067148544
894,"Wild boar","PIG",2,"slope + BB",-0.101173472541433,0.604053473437845,0.903776239016342
895,"Wild boar","PIG",2,"slope + BB",-0.0841686514634098,0.599774345600465,0.919276206326621
896,"Wild boar","PIG",2,"slope + BB",-0.0632977689330357,0.623991782340211,0.938663927210104
897,"Wild boar","PIG",2,"slope + BB",-0.0254236873332086,0.625004482366645,0.974896773152017
898,"Wild boar","PIG",2,"slope + BB",-0.00650309937506267,0.59592885019166,0.993518010838008
899,"Wild boar","PIG",2,"slope + BB",0.00260022288986462,0.608201386265338,1.00260360737759
900,"Wild boar","PIG",2,"slope + BB",0.0305193905346638,0.615368728596498,1.03098988375774
901,"Wild boar","PIG",2,"slope + BB",0.0429427208373609,0.616495103441987,1.04387810079157
902,"Wild boar","PIG",2,"slope + BB",0.0921143428406971,0.625729529524625,1.09649019664732
903,"Wild boar","PIG",2,"slope + BB",0.0868006654648734,0.66457106436748,1.09067924861725
904,"Wild boar","PIG",2,"slope + BB",0.114166220648432,0.669806308934945,1.12093843304241
905,"Wild boar","PIG",2,"slope + BB",0.133129806318491,0.676970375271268,1.14239827922442
906,"Wild boar","PIG",2,"slope + BB",0.17224194049754,0.693820659789234,1.18796521617712
907,"Wild boar","PIG",2,"slope + BB",0.180190068206114,0.717810939122547,1.19744494237149
908,"Wild boar","PIG",2,"slope + BB",0.189769683173084,0.82541840450448,1.20897112239347
909,"Wild boar","PIG",2,"slope + BB",-0.51223021816482,0.790259049486842,0.599157835022744
910,"Wild boar","PIG",2,"slope + BB",-0.512840934904467,0.708009780721912,0.598792032529422
911,"Wild boar","PIG",2,"slope + BB",-0.499572083920747,0.677582731436631,0.606790268283854
912,"Wild boar","PIG",2,"slope + BB",-0.488881767096011,0.655024767272935,0.613311842189434
913,"Wild boar","PIG",2,"slope + BB",-0.475596259384055,0.645224624644017,0.621514371756208
914,"Wild boar","PIG",2,"slope + BB",-0.480035800376146,0.645104004622133,0.618761239531101
915,"Wild boar","PIG",2,"slope + BB",-0.470589494239521,0.619373318059671,0.624633941696345
916,"Wild boar","PIG",2,"slope + BB",-0.449195653220255,0.63488149283515,0.638141234409327
917,"Wild boar","PIG",2,"slope + BB",-0.419775550687635,0.628520633700126,0.657194313366642
918,"Wild boar","PIG",2,"slope + BB",-0.447168148887188,0.629121398361879,0.639436378733816
919,"Wild boar","PIG",2,"slope + BB",-0.413537544844136,0.625583809910128,0.661306705358097
920,"Wild boar","PIG",2,"slope + BB",-0.450054543687314,0.623086533017622,0.637593375268382
921,"Wild boar","PIG",2,"slope + BB",-0.415249390778922,0.63668948287596,0.660175623918144
922,"Wild boar","PIG",2,"slope + BB",-0.419899799106574,0.613640199022906,0.657112660397052
923,"Wild boar","PIG",2,"slope + BB",-0.463592253482578,0.581109256114848,0.629019982895926
924,"Wild boar","PIG",2,"slope + BB",-0.458119563043251,0.561530305524366,0.632471851729801
925,"Wild boar","PIG",2,"slope + BB",-0.406381538256726,0.562478888018963,0.666055993333517
926,"Wild boar","PIG",2,"slope + BB",-0.346072124501308,0.563309420612474,0.707461460272543
927,"Wild boar","PIG",2,"slope + BB",-0.273799712103639,0.555014058797859,0.760484375848172
928,"Wild boar","PIG",2,"slope + BB",-0.208534173405949,0.54614011721671,0.811773293248432
929,"Wild boar","PIG",2,"slope + BB",-0.196217556361385,0.544291451062219,0.821833420903014
930,"Wild boar","PIG",2,"slope + BB",-0.12505078970092,0.536365303534149,0.882452084092284
931,"Wild boar","PIG",2,"slope + BB",-0.023133413385633,0.495385733560682,0.977132114033445
932,"Wild boar","PIG",2,"slope + BB",0.0411068106319649,0.490676867713784,1.04196339244985
933,"Wild boar","PIG",2,"slope + BB",-0.0359217769823266,0.539938185236339,0.96471575759042
934,"Wild boar","PIG",2,"slope + BB",-0.0646637955024944,0.544851866014794,0.937382563265919
935,"Wild boar","PIG",2,"slope + BB",-0.0746540939056878,0.561269536524802,0.928064454366514
936,"Wild boar","PIG",2,"slope + BB",-0.0646967473328751,0.573778140954561,0.937351675203279
937,"Wild boar","PIG",2,"slope + BB",-0.0747796632309385,0.579680522684823,0.927947963998476
938,"Wild boar","PIG",2,"slope + BB",-0.0754498295264106,0.586453236799261,0.927326261723491
939,"Wild boar","PIG",2,"slope + BB",-0.0494696262495389,0.606880666395602,0.951734067955524
940,"Wild boar","PIG",2,"slope + BB",-0.0308724255002234,0.60746985078372,0.969599269160363
941,"Wild boar","PIG",2,"slope + BB",-0.00574918550146452,0.59672123850539,0.994267310049632
942,"Wild boar","PIG",2,"slope + BB",-0.00282178333903777,0.600788899960162,0.997182195182579
943,"Wild boar","PIG",2,"slope + BB",0.0217942201182385,0.610345372164263,1.02203344982713
944,"Wild boar","PIG",2,"slope + BB",0.052626133382517,0.612057545858671,1.05403550280446
945,"Wild boar","PIG",2,"slope + BB",0.0670050720974702,0.625147562107741,1.06930090341056
946,"Wild boar","PIG",2,"slope + BB",0.0950241881051244,0.624293452244619,1.0996854554899
947,"Wild boar","PIG",2,"slope + BB",0.108360135183182,0.648609217050849,1.11444902546851
948,"Wild boar","PIG",2,"slope + BB",0.159298186327277,0.651470639947297,1.17268757410324
949,"Wild boar","PIG",2,"slope + BB",0.172152333648745,0.681627854599875,1.18785878487849
950,"Wild boar","PIG",2,"slope + BB",0.202728189141454,0.69309738101961,1.22473952555974
951,"Wild boar","PIG",2,"slope + BB",0.212666561140821,0.702193802907739,1.23697212906684
952,"Wild boar","PIG",2,"slope + BB",0.253480320181268,0.760807892560224,1.28850203177684
953,"Wild boar","PIG",2,"slope + BB",0.323810528870057,1.06208807631568,1.3823853725572
954,"Wild boar","PIG",2,"slope + BB",0.28492723356046,1.09415002496228,1.32966534877817
955,"Wild boar","PIG",2,"slope + BB",-0.506907603253478,0.853624661939701,0.602355438905499
956,"Wild boar","PIG",2,"slope + BB",-0.47343976684718,0.729189399656269,0.622856101508271
957,"Wild boar","PIG",2,"slope + BB",-0.451989688720937,0.670824596738826,0.63636073138721
958,"Wild boar","PIG",2,"slope + BB",-0.46443256094342,0.641750308584112,0.628491634738113
959,"Wild boar","PIG",2,"slope + BB",-0.439255692969076,0.651043691898593,0.644515962257571
960,"Wild boar","PIG",2,"slope + BB",-0.452578223966031,0.635914023538165,0.635986332079523
961,"Wild boar","PIG",2,"slope + BB",-0.446324830510453,0.624794323181532,0.639975854753236
962,"Wild boar","PIG",2,"slope + BB",-0.436385878079336,0.616419639588064,0.646368258591177
963,"Wild boar","PIG",2,"slope + BB",-0.41845099508426,0.627971173628828,0.658065378006292
964,"Wild boar","PIG",2,"slope + BB",-0.412974211862638,0.629944961490742,0.661679351927083
965,"Wild boar","PIG",2,"slope + BB",-0.413585298714332,0.625328719172058,0.661275129559425
966,"Wild boar","PIG",2,"slope + BB",-0.415278976198611,0.630452091099761,0.660156087256487
967,"Wild boar","PIG",2,"slope + BB",-0.411619010748177,0.614306742261437,0.662576673903042
968,"Wild boar","PIG",2,"slope + BB",-0.391994947173473,0.613568897387783,0.675707530205267
969,"Wild boar","PIG",2,"slope + BB",-0.424000946291465,0.576615586559009,0.654423262817173
970,"Wild boar","PIG",2,"slope + BB",-0.432567637222246,0.572553782835571,0.648840977022487
971,"Wild boar","PIG",2,"slope + BB",-0.377415966087023,0.57065457436519,0.685630815640976
972,"Wild boar","PIG",2,"slope + BB",-0.305039060648699,0.56455325871256,0.737094590305106
973,"Wild boar","PIG",2,"slope + BB",-0.256875629439412,0.548779047135853,0.773464405635282
974,"Wild boar","PIG",2,"slope + BB",-0.225803207467589,0.541291462084499,0.797875103246004
975,"Wild boar","PIG",2,"slope + BB",-0.168904322302109,0.556350267226703,0.84458970894622
976,"Wild boar","PIG",2,"slope + BB",-0.0960507456124994,0.544275165895898,0.908417917692165
977,"Wild boar","PIG",2,"slope + BB",-0.0339013123144648,0.528560713464803,0.966666898053339
978,"Wild boar","PIG",2,"slope + BB",-0.0154495841967035,0.528926631025663,0.984669151432108
979,"Wild boar","PIG",2,"slope + BB",-0.013030236299378,0.542282840866601,0.987054292020434
980,"Wild boar","PIG",2,"slope + BB",-0.0205567717618089,0.550918486396203,0.979653083011739
981,"Wild boar","PIG",2,"slope + BB",-0.0559314043272595,0.555986790840627,0.945603998220602
982,"Wild boar","PIG",2,"slope + BB",-0.0485078391077384,0.57220030987527,0.952649871352829
983,"Wild boar","PIG",2,"slope + BB",-0.0459222468911976,0.565586242320021,0.955116222565056
984,"Wild boar","PIG",2,"slope + BB",-0.0334155893943565,0.56874385208399,0.967136545241135
985,"Wild boar","PIG",2,"slope + BB",-0.0208587235811151,0.59262026870224,0.979357315044897
986,"Wild boar","PIG",2,"slope + BB",5.88640348030919e-05,0.586807269180489,1.00005886631179
987,"Wild boar","PIG",2,"slope + BB",0.0025879154497038,0.583805180707292,1.00259126809236
988,"Wild boar","PIG",2,"slope + BB",0.0262731344547679,0.601004018067195,1.02662131590247
989,"Wild boar","PIG",2,"slope + BB",0.0434120892277347,0.620607467286363,1.04436826023825
990,"Wild boar","PIG",2,"slope + BB",0.069494722699292,0.617267551945276,1.07196640926516
991,"Wild boar","PIG",2,"slope + BB",0.0886408884828976,0.610795060858146,1.09268818907061
992,"Wild boar","PIG",2,"slope + BB",0.102965834066671,0.628259174320189,1.1084535374647
993,"Wild boar","PIG",2,"slope + BB",0.156419783961167,0.638378835811315,1.16931696247316
994,"Wild boar","PIG",2,"slope + BB",0.158940749593529,0.649021664569263,1.17226848735395
995,"Wild boar","PIG",2,"slope + BB",0.190274498609507,0.671425836540643,1.20958158056554
996,"Wild boar","PIG",2,"slope + BB",0.224662855305932,0.68366950067693,1.25190057481035
997,"Wild boar","PIG",2,"slope + BB",0.252616652423991,0.690377071886173,1.28738966490503
998,"Wild boar","PIG",2,"slope + BB",0.266602477920019,0.734236585673015,1.30552137063447
999,"Wild boar","PIG",2,"slope + BB",0.295063687865407,0.791603960212822,1.34321190229705
1000,"Wild boar","PIG",2,"slope + BB",0.313610144164471,0.890269446220392,1.36835618551505
1001,"Wild boar","PIG",2,"slope + BB",0.2924568042982,0.950916414612829,1.33971487312638
1002,"Wild boar","PIG",2,"slope + BB",0.281446549293783,0.977587541592297,1.32504516983158
1003,"Wild boar","PIG",2,"slope + BB",0.323796557989494,1.06194957902472,1.38236604890532
1004,"Wild boar","PIG",2,"slope + BB",-0.438557822114521,0.788396467477719,0.644965917414956
1005,"Wild boar","PIG",2,"slope + BB",-0.449271466166772,0.697879474139218,0.6380928546004
1006,"Wild boar","PIG",2,"slope + BB",-0.460389834344395,0.670361362924899,0.631037597471552
1007,"Wild boar","PIG",2,"slope + BB",-0.415642989076029,0.641034961813177,0.659915831454888
1008,"Wild boar","PIG",2,"slope + BB",-0.431248897428985,0.638307276016352,0.649697189527587
1009,"Wild boar","PIG",2,"slope + BB",-0.426476637522049,0.618155979699068,0.652805116988384
1010,"Wild boar","PIG",2,"slope + BB",-0.428174127169537,0.620889641833927,0.651697926631862
1011,"Wild boar","PIG",2,"slope + BB",-0.442051731820499,0.623815335975934,0.642716392856428
1012,"Wild boar","PIG",2,"slope + BB",-0.427077533657044,0.633006819823817,0.652412971680242
1013,"Wild boar","PIG",2,"slope + BB",-0.396266179686395,0.612764885407248,0.672827579699091
1014,"Wild boar","PIG",2,"slope + BB",-0.390094632744807,0.622810102420773,0.676992807445976
1015,"Wild boar","PIG",2,"slope + BB",-0.386253011181745,0.622626695341382,0.679598557897036
1016,"Wild boar","PIG",2,"slope + BB",-0.377856872166925,0.598939531504567,0.685328583245089
1017,"Wild boar","PIG",2,"slope + BB",-0.371456686209436,0.583022564358439,0.689728886588336
1018,"Wild boar","PIG",2,"slope + BB",-0.350473290330659,0.599175312632609,0.704354646595829
1019,"Wild boar","PIG",2,"slope + BB",-0.30079759269446,0.595052015526319,0.740227585695612
1020,"Wild boar","PIG",2,"slope + BB",-0.258833206925503,0.563574997368544,0.771951768520474
1021,"Wild boar","PIG",2,"slope + BB",-0.224710678551914,0.56937376586423,0.79874728202351
1022,"Wild boar","PIG",2,"slope + BB",-0.195722044627821,0.553464319043544,0.82224074925265
1023,"Wild boar","PIG",2,"slope + BB",-0.133748177476912,0.561643575028187,0.874810334667743
1024,"Wild boar","PIG",2,"slope + BB",-0.0857433061335166,0.552180870261002,0.917829804286459
1025,"Wild boar","PIG",2,"slope + BB",-0.0539216385685549,0.546986729804012,0.947506353119794
1026,"Wild boar","PIG",2,"slope + BB",-0.00796465642829051,0.553219419622686,0.992066977789714
1027,"Wild boar","PIG",2,"slope + BB",0.00465925162182757,0.557537107810697,1.00467012282461
1028,"Wild boar","PIG",2,"slope + BB",-0.00048882370032376,0.559043596123389,0.999511298085532
1029,"Wild boar","PIG",2,"slope + BB",-0.00116751249301687,0.561810204709939,0.998833171026963
1030,"Wild boar","PIG",2,"slope + BB",-0.0337452052527533,0.575919944917519,0.9668178133579
1031,"Wild boar","PIG",2,"slope + BB",-0.0021275029351464,0.564402122835814,0.997874758754223
1032,"Wild boar","PIG",2,"slope + BB",-0.00277431887230232,0.565286602423242,0.997229528835336
1033,"Wild boar","PIG",2,"slope + BB",0.0101969216350285,0.571568807984853,1.01024908788614
1034,"Wild boar","PIG",2,"slope + BB",-0.00446184044015907,0.588003092798193,0.995548103802251
1035,"Wild boar","PIG",2,"slope + BB",0.0422489821091633,0.593140001478443,1.04315417462034
1036,"Wild boar","PIG",2,"slope + BB",0.0782685333527753,0.603760600635774,1.08141301542875
1037,"Wild boar","PIG",2,"slope + BB",0.0568856155089306,0.594700216849692,1.05853472818376
1038,"Wild boar","PIG",2,"slope + BB",0.0779517717014583,0.599584722449914,1.08107051927718
1039,"Wild boar","PIG",2,"slope + BB",0.0903783195289947,0.61959178314092,1.09458830976846
1040,"Wild boar","PIG",2,"slope + BB",0.147175959087612,0.622592966515514,1.15855780685334
1041,"Wild boar","PIG",2,"slope + BB",0.157572292934815,0.641327612038582,1.1706653857782
1042,"Wild boar","PIG",2,"slope + BB",0.194685919091008,0.644234814695464,1.21492934391912
1043,"Wild boar","PIG",2,"slope + BB",0.233080157632075,0.652809080367804,1.2624826736618
1044,"Wild boar","PIG",2,"slope + BB",0.22602582794075,0.677538533311056,1.25360804375212
1045,"Wild boar","PIG",2,"slope + BB",0.242375327306799,0.689020724103935,1.27427238445669
1046,"Wild boar","PIG",2,"slope + BB",0.286369811421341,0.723866246231715,1.33158480495323
1047,"Wild boar","PIG",2,"slope + BB",0.32242055379404,0.764292482467414,1.38046521441386
1048,"Wild boar","PIG",2,"slope + BB",0.322987643042876,0.821778022482835,1.38124828298787
1049,"Wild boar","PIG",2,"slope + BB",0.322962958033484,0.884694886067667,1.3812142136391
1050,"Wild boar","PIG",2,"slope + BB",0.312266268354025,0.929461855475949,1.36651850522531
1051,"Wild boar","PIG",2,"slope + BB",0.31441963639729,1.01392036930002,1.36946431864419
1052,"Wild boar","PIG",2,"slope + BB",-0.409118960980265,0.722500553915315,0.664235215293507
1053,"Wild boar","PIG",2,"slope + BB",-0.40926615787016,0.67058769618208,0.664137443432657
1054,"Wild boar","PIG",2,"slope + BB",-0.401241587029589,0.653284046555138,0.669488318351095
1055,"Wild boar","PIG",2,"slope + BB",-0.39836820516258,0.632605784541923,0.671414769787131
1056,"Wild boar","PIG",2,"slope + BB",-0.394659038567604,0.619345094849403,0.673909777935085
1057,"Wild boar","PIG",2,"slope + BB",-0.407157841416851,0.615032069482484,0.665539133116585
1058,"Wild boar","PIG",2,"slope + BB",-0.401291139393842,0.608017922728456,0.669455127913892
1059,"Wild boar","PIG",2,"slope + BB",-0.395729020411228,0.621222955327108,0.673189091741889
1060,"Wild boar","PIG",2,"slope + BB",-0.399324067607908,0.621401060336095,0.670773290236171
1061,"Wild boar","PIG",2,"slope + BB",-0.398933206525602,0.614836450863536,0.671035522154341
1062,"Wild boar","PIG",2,"slope + BB",-0.397121277984705,0.606432771813568,0.672252493925908
1063,"Wild boar","PIG",2,"slope + BB",-0.392507763597091,0.604815730204966,0.675361144997004
1064,"Wild boar","PIG",2,"slope + BB",-0.338091290186037,0.608852406941043,0.713130183304008
1065,"Wild boar","PIG",2,"slope + BB",-0.315026886088,0.589360097142751,0.729769253840259
1066,"Wild boar","PIG",2,"slope + BB",-0.280124026812304,0.571632546487259,0.755690011308299
1067,"Wild boar","PIG",2,"slope + BB",-0.231679358595255,0.583897793293603,0.793200416381687
1068,"Wild boar","PIG",2,"slope + BB",-0.200012717012143,0.56574291726359,0.818720341350641
1069,"Wild boar","PIG",2,"slope + BB",-0.175030250927063,0.573788943437034,0.839431627193523
1070,"Wild boar","PIG",2,"slope + BB",-0.127581689872324,0.577361085220483,0.880221508093449
1071,"Wild boar","PIG",2,"slope + BB",-0.104441426713146,0.567386390545908,0.900827561545132
1072,"Wild boar","PIG",2,"slope + BB",-0.0708219267202094,0.555464778459362,0.931627775518059
1073,"Wild boar","PIG",2,"slope + BB",-0.0363288766116381,0.564584875925767,0.964323099346438
1074,"Wild boar","PIG",2,"slope + BB",-0.0346598534838565,0.572263639315949,0.965933919707681
1075,"Wild boar","PIG",2,"slope + BB",0.0043126503001568,0.55509188607749,1.00432196330862
1076,"Wild boar","PIG",2,"slope + BB",0.00814934779243506,0.55694036684288,1.00818264523689
1077,"Wild boar","PIG",2,"slope + BB",0.00450681126601984,0.564095577461368,1.00451699328116
1078,"Wild boar","PIG",2,"slope + BB",0.00798256318226688,0.568081633778038,1.0080145600856
1079,"Wild boar","PIG",2,"slope + BB",0.0399965033025955,0.566500065935497,1.04080713499284
1080,"Wild boar","PIG",2,"slope + BB",0.0276953086696139,0.562162538664724,1.02808238899333
1081,"Wild boar","PIG",2,"slope + BB",0.0171272504890205,0.57831940462487,1.01727477112616
1082,"Wild boar","PIG",2,"slope + BB",0.0407127307111783,0.594595614398496,1.04155285945043
1083,"Wild boar","PIG",2,"slope + BB",0.0698719858317459,0.582125763819089,1.07237089388381
1084,"Wild boar","PIG",2,"slope + BB",0.0789744892608891,0.597902714789854,1.08217672630983
1085,"Wild boar","PIG",2,"slope + BB",0.0916065028368781,0.610544497719824,1.09593349185058
1086,"Wild boar","PIG",2,"slope + BB",0.11730718325415,0.605316906333784,1.12446479347563
1087,"Wild boar","PIG",2,"slope + BB",0.136535083107873,0.624861496240723,1.1462950943978
1088,"Wild boar","PIG",2,"slope + BB",0.184754180975296,0.641577230779125,1.20292270302235
1089,"Wild boar","PIG",2,"slope + BB",0.215180716257775,0.647770482397683,1.24008599180206
1090,"Wild boar","PIG",2,"slope + BB",0.228075904915677,0.664119493122043,1.25618068485758
1091,"Wild boar","PIG",2,"slope + BB",0.254710324585519,0.679703700881222,1.29008787006392
1092,"Wild boar","PIG",2,"slope + BB",0.267390348163714,0.71122669027851,1.3065503588357
1093,"Wild boar","PIG",2,"slope + BB",0.281624503082964,0.7435060800069,1.32528098799846
1094,"Wild boar","PIG",2,"slope + BB",0.32125888017365,0.748430838507665,1.37886249570575
1095,"Wild boar","PIG",2,"slope + BB",0.337597311074656,0.804429852783053,1.40157599658078
1096,"Wild boar","PIG",2,"slope + BB",0.333540670356794,0.857208980228105,1.39590181803015
1097,"Wild boar","PIG",2,"slope + BB",0.333127433458281,0.900421535043739,1.39532510909726
1098,"Wild boar","PIG",2,"slope + BB",0.332535214569817,1.01118580289479,1.39449900591997
1099,"Wild boar","PIG",2,"slope + BB",-0.365885437412316,0.74001208162921,0.693582260903978
1100,"Wild boar","PIG",2,"slope + BB",-0.372787104411339,0.669850906720405,0.688811862489028
1101,"Wild boar","PIG",2,"slope + BB",-0.364878992376051,0.648460246803915,0.694280659230594
1102,"Wild boar","PIG",2,"slope + BB",-0.385133296179985,0.637702225814813,0.680359942258474
1103,"Wild boar","PIG",2,"slope + BB",-0.385953822852591,0.622176185976325,0.679801916304055
1104,"Wild boar","PIG",2,"slope + BB",-0.407748198110105,0.634863717171171,0.665146345229843
1105,"Wild boar","PIG",2,"slope + BB",-0.386282707914994,0.630055898753845,0.679578376661074
1106,"Wild boar","PIG",2,"slope + BB",-0.398175041285072,0.615270188049208,0.671544470728143
1107,"Wild boar","PIG",2,"slope + BB",-0.395101401148418,0.610048965992144,0.67361173080991
1108,"Wild boar","PIG",2,"slope + BB",-0.393850334584647,0.6111577477211,0.674454994456202
1109,"Wild boar","PIG",2,"slope + BB",-0.362642487553312,0.610430386229975,0.695835159027582
1110,"Wild boar","PIG",2,"slope + BB",-0.365017707541182,0.607069120264877,0.694184358497632
1111,"Wild boar","PIG",2,"slope + BB",-0.334447585859166,0.612278910852718,0.715733373887177
1112,"Wild boar","PIG",2,"slope + BB",-0.292774005684589,0.596866181095234,0.746190773227354
1113,"Wild boar","PIG",2,"slope + BB",-0.258796078931308,0.58818546574749,0.771980430192002
1114,"Wild boar","PIG",2,"slope + BB",-0.207863133168739,0.574063538971586,0.812318209147262
1115,"Wild boar","PIG",2,"slope + BB",-0.190339038138092,0.583403261369721,0.826678810809772
1116,"Wild boar","PIG",2,"slope + BB",-0.139355879680437,0.565121357646749,0.869918406675186
1117,"Wild boar","PIG",2,"slope + BB",-0.107455531568469,0.576111065820259,0.898116462605317
1118,"Wild boar","PIG",2,"slope + BB",-0.0954137693293975,0.572051734950659,0.908996742626998
1119,"Wild boar","PIG",2,"slope + BB",-0.0641606380542603,0.562692573766409,0.937854332571716
1120,"Wild boar","PIG",2,"slope + BB",-0.0324234582660947,0.576161782435822,0.968096546791292
1121,"Wild boar","PIG",2,"slope + BB",-0.0118898199585169,0.586977818579698,0.988180584739542
1122,"Wild boar","PIG",2,"slope + BB",0.00730530265615035,0.579900367522321,1.00733205381589
1123,"Wild boar","PIG",2,"slope + BB",0.0166638120778724,0.568754690650438,1.01680343169662
1124,"Wild boar","PIG",2,"slope + BB",0.0354191964428048,0.568949781890974,1.03605393071352
1125,"Wild boar","PIG",2,"slope + BB",0.0621220438685422,0.573358106778949,1.06409220325336
1126,"Wild boar","PIG",2,"slope + BB",0.0525585861729818,0.565297949841645,1.05396430957074
1127,"Wild boar","PIG",2,"slope + BB",0.0476369208184444,0.561066213606403,1.04878979496127
1128,"Wild boar","PIG",2,"slope + BB",0.0534994340684158,0.580181445982047,1.05495639929196
1129,"Wild boar","PIG",2,"slope + BB",0.0628673113295672,0.5950948995739,1.06488555286019
1130,"Wild boar","PIG",2,"slope + BB",0.0589367330356514,0.579161125521381,1.06070815539446
1131,"Wild boar","PIG",2,"slope + BB",0.0888347470683494,0.587645350389446,1.09290003941781
1132,"Wild boar","PIG",2,"slope + BB",0.139521213088029,0.579830042147953,1.14972319471702
1133,"Wild boar","PIG",2,"slope + BB",0.137627440337338,0.605819516054551,1.14754794057397
1134,"Wild boar","PIG",2,"slope + BB",0.180826418793806,0.622525574474963,1.19820717501528
1135,"Wild boar","PIG",2,"slope + BB",0.209716549584995,0.634136533868639,1.23332842335188
1136,"Wild boar","PIG",2,"slope + BB",0.224752839468609,0.649677800010655,1.25201323094073
1137,"Wild boar","PIG",2,"slope + BB",0.242604949394993,0.653331618002637,1.27456500743342
1138,"Wild boar","PIG",2,"slope + BB",0.266699461747472,0.692973600375037,1.30564799130996
1139,"Wild boar","PIG",2,"slope + BB",0.26100881714744,0.720392650401849,1.29823911415691
1140,"Wild boar","PIG",2,"slope + BB",0.286801100652412,0.740933483144847,1.33215922250894
1141,"Wild boar","PIG",2,"slope + BB",0.318956414705737,0.758340622197444,1.37569136621932
1142,"Wild boar","PIG",2,"slope + BB",0.354181200467488,0.78326814017757,1.42501344598878
1143,"Wild boar","PIG",2,"slope + BB",0.32628827740773,0.839539645100327,1.3858148268076
1144,"Wild boar","PIG",2,"slope + BB",0.318794333424501,0.926662903298478,1.37546847597375
1145,"Wild boar","PIG",2,"slope + BB",0.30443702588851,1.11228611688424,1.35586148501299
1146,"Wild boar","PIG",2,"slope + BB",-0.322147136746289,0.89803022307257,0.72459157857427
1147,"Wild boar","PIG",2,"slope + BB",-0.319489046833366,0.733441019767039,0.726520165956604
1148,"Wild boar","PIG",2,"slope + BB",-0.326874709729158,0.689037338410544,0.721174097627179
1149,"Wild boar","PIG",2,"slope + BB",-0.337015849634249,0.651416411321483,0.713897527745725
1150,"Wild boar","PIG",2,"slope + BB",-0.349862660150587,0.628367923665024,0.704784878714788
1151,"Wild boar","PIG",2,"slope + BB",-0.369911367998913,0.631782634444305,0.690795558860927
1152,"Wild boar","PIG",2,"slope + BB",-0.361370655413596,0.624705203697562,0.696720723076953
1153,"Wild boar","PIG",2,"slope + BB",-0.368770956544805,0.609190065258623,0.691583795641047
1154,"Wild boar","PIG",2,"slope + BB",-0.367846810237419,0.61733370731306,0.692223215342199
1155,"Wild boar","PIG",2,"slope + BB",-0.37432938413513,0.604523073922212,0.687750340494906
1156,"Wild boar","PIG",2,"slope + BB",-0.37360920560892,0.600067096185743,0.688245822953433
1157,"Wild boar","PIG",2,"slope + BB",-0.377327047780725,0.605295133120092,0.685691784073649
1158,"Wild boar","PIG",2,"slope + BB",-0.369926495158236,0.613308567210552,0.690785108500104
1159,"Wild boar","PIG",2,"slope + BB",-0.328686175491786,0.597177430845269,0.719868897456171
1160,"Wild boar","PIG",2,"slope + BB",-0.277881374996924,0.602645533540443,0.757386661492789
1161,"Wild boar","PIG",2,"slope + BB",-0.237029969214061,0.59135404399335,0.788967642966492
1162,"Wild boar","PIG",2,"slope + BB",-0.218711723312321,0.588886651617093,0.803553333192442
1163,"Wild boar","PIG",2,"slope + BB",-0.169250917839763,0.594110427253407,0.844297032014043
1164,"Wild boar","PIG",2,"slope + BB",-0.149104115701516,0.573384413768233,0.861479416994423
1165,"Wild boar","PIG",2,"slope + BB",-0.126577738166641,0.563298433772125,0.881105651836039
1166,"Wild boar","PIG",2,"slope + BB",-0.0807629293605522,0.575223278085556,0.922412342455233
1167,"Wild boar","PIG",2,"slope + BB",-0.0420920157167147,0.568738966254673,0.958781555912626
1168,"Wild boar","PIG",2,"slope + BB",-0.0221592085061038,0.569801986688487,0.978084503987524
1169,"Wild boar","PIG",2,"slope + BB",0.0105364114653902,0.59397097071067,1.01059211494329
1170,"Wild boar","PIG",2,"slope + BB",0.0313040681090283,0.57972983306897,1.03179919951677
1171,"Wild boar","PIG",2,"slope + BB",0.0675043022999922,0.571443165760797,1.06983487407013
1172,"Wild boar","PIG",2,"slope + BB",0.0611704833106188,0.59156186565076,1.06308014464331
1173,"Wild boar","PIG",2,"slope + BB",0.0798019301026212,0.582919816624313,1.08307252332538
1174,"Wild boar","PIG",2,"slope + BB",0.0878992440644293,0.565340307278321,1.09187810679785
1175,"Wild boar","PIG",2,"slope + BB",0.0893134352875059,0.578027021629109,1.09342332061487
1176,"Wild boar","PIG",2,"slope + BB",0.0934130970112361,0.574334240635395,1.09791519832513
1177,"Wild boar","PIG",2,"slope + BB",0.0943025936492486,0.573244688719279,1.09889221455357
1178,"Wild boar","PIG",2,"slope + BB",0.116438622769886,0.5946074826234,1.12348855481818
1179,"Wild boar","PIG",2,"slope + BB",0.143325514363913,0.594562183594234,1.15410541846814
1180,"Wild boar","PIG",2,"slope + BB",0.138905053883661,0.60873083490128,1.14901500542715
1181,"Wild boar","PIG",2,"slope + BB",0.179025137306076,0.600959107543445,1.19605080930477
1182,"Wild boar","PIG",2,"slope + BB",0.208573878098619,0.614961667808809,1.23191993875616
1183,"Wild boar","PIG",2,"slope + BB",0.219313972931747,0.629465674269326,1.24522218174454
1184,"Wild boar","PIG",2,"slope + BB",0.26832262494911,0.654728334108694,1.30776899446103
1185,"Wild boar","PIG",2,"slope + BB",0.273708159560367,0.657948878915679,1.31483102541204
1186,"Wild boar","PIG",2,"slope + BB",0.273268632784695,0.67976650235964,1.31425325269716
1187,"Wild boar","PIG",2,"slope + BB",0.297292042684874,0.722945272985086,1.34620844919459
1188,"Wild boar","PIG",2,"slope + BB",0.329940288481173,0.741958906617192,1.39088507464876
1189,"Wild boar","PIG",2,"slope + BB",0.348943474005803,0.775871642879225,1.41756906149002
1190,"Wild boar","PIG",2,"slope + BB",0.356318369039444,0.789037198547452,1.42806218128708
1191,"Wild boar","PIG",2,"slope + BB",0.341295654005554,0.839970312618776,1.4067691241125
1192,"Wild boar","PIG",2,"slope + BB",-0.304974812324462,0.726941822315923,0.737141941281954
1193,"Wild boar","PIG",2,"slope + BB",-0.298547976424702,0.683926037288418,0.74189470392513
1194,"Wild boar","PIG",2,"slope + BB",-0.286716063836902,0.663481969472926,0.750724865427994
1195,"Wild boar","PIG",2,"slope + BB",-0.298682725798103,0.624184790553543,0.741794725692251
1196,"Wild boar","PIG",2,"slope + BB",-0.331671793337157,0.624741147186569,0.717722850116067
1197,"Wild boar","PIG",2,"slope + BB",-0.341711560087523,0.629037073368454,0.710553127048327
1198,"Wild boar","PIG",2,"slope + BB",-0.334561569763017,0.633291243361451,0.715651805737605
1199,"Wild boar","PIG",2,"slope + BB",-0.317388051372973,0.627785994868313,0.728048181895118
1200,"Wild boar","PIG",2,"slope + BB",-0.339095092755947,0.615930363954005,0.712414700398445
1201,"Wild boar","PIG",2,"slope + BB",-0.327975423022352,0.611932840932475,0.720380742785414
1202,"Wild boar","PIG",2,"slope + BB",-0.362583392249417,0.611983244297204,0.69587628501682
1203,"Wild boar","PIG",2,"slope + BB",-0.45661352828324,0.553514822021653,0.633425093655957
1204,"Wild boar","PIG",2,"slope + BB",-0.306564218112171,0.599714606687131,0.735971254923784
1205,"Wild boar","PIG",2,"slope + BB",-0.258487683972221,0.602757747845542,0.77221855174132
1206,"Wild boar","PIG",2,"slope + BB",-0.214106211275489,0.598402010341381,0.80726264434762
1207,"Wild boar","PIG",2,"slope + BB",-0.171986210444419,0.586950689436818,0.841990784045186
1208,"Wild boar","PIG",2,"slope + BB",-0.154657948098634,0.576704832996798,0.856708174220112
1209,"Wild boar","PIG",2,"slope + BB",-0.143014308508466,0.550068528746993,0.866741667210442
1210,"Wild boar","PIG",2,"slope + BB",-0.103429542338105,0.548245749658841,0.901739555273958
1211,"Wild boar","PIG",2,"slope + BB",-0.047684749069832,0.564068823852106,0.953434313776048
1212,"Wild boar","PIG",2,"slope + BB",-0.00511284037335001,0.572111601946566,0.994900208334145
1213,"Wild boar","PIG",2,"slope + BB",0.0143564036003879,0.57749177706298,1.01445995170847
1214,"Wild boar","PIG",2,"slope + BB",0.0371150129505586,0.58390115215072,1.03781237595917
1215,"Wild boar","PIG",2,"slope + BB",0.0624384339231087,0.585914654553545,1.06442892421288
1216,"Wild boar","PIG",2,"slope + BB",0.0810957491229787,0.582317491068162,1.08447473494296
1217,"Wild boar","PIG",2,"slope + BB",0.107271334056851,0.590498565957724,1.11323627406175
1218,"Wild boar","PIG",2,"slope + BB",0.12753746226064,0.584539626519138,1.13602742646861
1219,"Wild boar","PIG",2,"slope + BB",0.117130588340531,0.570314347309884,1.1242662386734
1220,"Wild boar","PIG",2,"slope + BB",0.137862345043323,0.576425983037568,1.14781753669807
1221,"Wild boar","PIG",2,"slope + BB",0.134924069340483,0.574291880939998,1.14444988523156
1222,"Wild boar","PIG",2,"slope + BB",0.140272300492656,0.591248164269504,1.15058708160278
1223,"Wild boar","PIG",2,"slope + BB",0.158258413836822,0.595015312738028,1.17146888050917
1224,"Wild boar","PIG",2,"slope + BB",0.168546454022323,0.596664742567351,1.18358320796428
1225,"Wild boar","PIG",2,"slope + BB",0.169195494651671,0.614812103885921,1.18435165133757
1226,"Wild boar","PIG",2,"slope + BB",0.185390843045338,0.610379269785667,1.20368880783913
1227,"Wild boar","PIG",2,"slope + BB",0.215441271132763,0.631939479542,1.24040913471911
1228,"Wild boar","PIG",2,"slope + BB",0.275992431802961,0.619999755615686,1.31783789035556
1229,"Wild boar","PIG",2,"slope + BB",0.265874432565681,0.642065314983375,1.30457123676754
1230,"Wild boar","PIG",2,"slope + BB",0.308198655575039,0.649359485408125,1.36097132712631
1231,"Wild boar","PIG",2,"slope + BB",0.295797376455732,0.69231311050899,1.34419776337243
1232,"Wild boar","PIG",2,"slope + BB",0.339436326078692,0.706777428984322,1.404155881657
1233,"Wild boar","PIG",2,"slope + BB",0.339435615914308,0.742246366586501,1.40415488653378
1234,"Wild boar","PIG",2,"slope + BB",0.345027744275513,0.778349335147407,1.41202909484868
1235,"Wild boar","PIG",2,"slope + BB",0.341752062637635,0.802380892412342,1.40741130741615
1236,"Wild boar","PIG",2,"slope + BB",0.358145306629858,0.854760174197008,1.43067352022948
1237,"Wild boar","PIG",2,"slope + BB",0.347356692297672,0.982698220962837,1.41532146961858
1238,"Wild boar","PIG",2,"slope + BB",-0.266187702639832,0.895887177915208,0.766295302113818
1239,"Wild boar","PIG",2,"slope + BB",-0.287952697301168,0.755446077109017,0.749797060309849
1240,"Wild boar","PIG",2,"slope + BB",-0.271467341637323,0.687712475191453,0.762260177654479
1241,"Wild boar","PIG",2,"slope + BB",-0.271120645739756,0.661079554704626,0.762524501693702
1242,"Wild boar","PIG",2,"slope + BB",-0.308303491553107,0.644631820471865,0.734692311673992
1243,"Wild boar","PIG",2,"slope + BB",-0.302116404686109,0.624131617045411,0.739252019416521
1244,"Wild boar","PIG",2,"slope + BB",-0.324513433947645,0.636116697368892,0.722878996589732
1245,"Wild boar","PIG",2,"slope + BB",-0.307499021979923,0.628519458058622,0.735283587089034
1246,"Wild boar","PIG",2,"slope + BB",-0.29172736945217,0.614888652774914,0.746972157618032
1247,"Wild boar","PIG",2,"slope + BB",-0.289036310345929,0.629846777730096,0.748985009090174
1248,"Wild boar","PIG",2,"slope + BB",-0.33101014330925,0.61347101509836,0.718197884109506
1249,"Wild boar","PIG",2,"slope + BB",-0.338283851102853,0.60100553056169,0.712992875737475
1250,"Wild boar","PIG",2,"slope + BB",-0.299853557985837,0.596905929566014,0.740926716214671
1251,"Wild boar","PIG",2,"slope + BB",-0.288756622663054,0.596293689630879,0.749194520324019
1252,"Wild boar","PIG",2,"slope + BB",-0.232154293841694,0.617972406568693,0.792823786041432
1253,"Wild boar","PIG",2,"slope + BB",-0.19754443532977,0.588077787598096,0.820743670285276
1254,"Wild boar","PIG",2,"slope + BB",-0.194752237683133,0.590256671093624,0.82303855085051
1255,"Wild boar","PIG",2,"slope + BB",-0.119425958966721,0.593770299037149,0.88742971415202
1256,"Wild boar","PIG",2,"slope + BB",-0.106126136760213,0.582995116816256,0.89931121072521
1257,"Wild boar","PIG",2,"slope + BB",-0.0552104444887556,0.5805487671578,0.946285986644205
1258,"Wild boar","PIG",2,"slope + BB",-0.0113980733723325,0.575567128010076,0.988666644830164
1259,"Wild boar","PIG",2,"slope + BB",0.0138678356249392,0.578065855966968,1.01396444238713
1260,"Wild boar","PIG",2,"slope + BB",0.0419562726939907,0.576139343563465,1.04284890993076
1261,"Wild boar","PIG",2,"slope + BB",0.0671053792978617,0.570151847818695,1.06940817608442
1262,"Wild boar","PIG",2,"slope + BB",0.0728860704811341,0.566278336640998,1.07560798869535
1263,"Wild boar","PIG",2,"slope + BB",0.10629640138826,0.570880909742304,1.11215147228514
1264,"Wild boar","PIG",2,"slope + BB",0.119555085401504,0.571946252937614,1.1269953245607
1265,"Wild boar","PIG",2,"slope + BB",0.153774144063892,0.57198103791577,1.16622745764243
1266,"Wild boar","PIG",2,"slope + BB",0.159946457368206,0.581185142994448,1.17344804020716
1267,"Wild boar","PIG",2,"slope + BB",0.16929895749286,0.562527739284451,1.18447419432804
1268,"Wild boar","PIG",2,"slope + BB",0.172292387816481,0.584595748396329,1.18802515539526
1269,"Wild boar","PIG",2,"slope + BB",0.176232075073916,0.595214148691994,1.19271482598415
1270,"Wild boar","PIG",2,"slope + BB",0.175286959672162,0.605317667456492,1.19158810528837
1271,"Wild boar","PIG",2,"slope + BB",0.202408900620155,0.600410186376964,1.22434856897555
1272,"Wild boar","PIG",2,"slope + BB",0.198894304397843,0.612502139509958,1.22005300508993
1273,"Wild boar","PIG",2,"slope + BB",0.195744129321307,0.632619764638086,1.2162156715961
1274,"Wild boar","PIG",2,"slope + BB",0.251662327919046,0.632350102580675,1.28616166308558
1275,"Wild boar","PIG",2,"slope + BB",0.266279407245496,0.63782172572249,1.30509966961013
1276,"Wild boar","PIG",2,"slope + BB",0.291331676984605,0.638593209140592,1.33820836326497
1277,"Wild boar","PIG",2,"slope + BB",0.312777285394085,0.649068009085769,1.36721699899668
1278,"Wild boar","PIG",2,"slope + BB",0.316596408154172,0.673480704781602,1.37244855116732
1279,"Wild boar","PIG",2,"slope + BB",0.353625672654539,0.709618197859468,1.4242219615388
1280,"Wild boar","PIG",2,"slope + BB",0.341907664178469,0.73240681753921,1.4076304324248
1281,"Wild boar","PIG",2,"slope + BB",0.384626077600013,0.778474466079168,1.46906490247755
1282,"Wild boar","PIG",2,"slope + BB",0.356523430490241,0.80257073193076,1.42835499853122
1283,"Wild boar","PIG",2,"slope + BB",0.372672770047994,0.850194982280291,1.45160925378561
1284,"Wild boar","PIG",2,"slope + BB",0.372616719036405,0.95073276630403,1.45152789019321
1285,"Wild boar","PIG",2,"slope + BB",-0.268993201432433,0.899063012609568,0.764148456084366
1286,"Wild boar","PIG",2,"slope + BB",-0.24151716093381,0.754881374465858,0.785435326059604
1287,"Wild boar","PIG",2,"slope + BB",-0.272139689886218,0.705978518706991,0.761747846296769
1288,"Wild boar","PIG",2,"slope + BB",-0.269747126729812,0.676266841788661,0.76357255742606
1289,"Wild boar","PIG",2,"slope + BB",-0.276477948242106,0.665660308985375,0.758450344750051
1290,"Wild boar","PIG",2,"slope + BB",-0.310657505924769,0.650560296956052,0.732964870259913
1291,"Wild boar","PIG",2,"slope + BB",-0.28925627777891,0.647702077252506,0.748820274824203
1292,"Wild boar","PIG",2,"slope + BB",-0.27746685437616,0.634706617019988,0.757700678920113
1293,"Wild boar","PIG",2,"slope + BB",-0.251539308377886,0.632589048099827,0.777602892181259
1294,"Wild boar","PIG",2,"slope + BB",-0.266913684270339,0.609757868569891,0.765739170697125
1295,"Wild boar","PIG",2,"slope + BB",-0.289684587186134,0.614393176972746,0.748499619688488
1296,"Wild boar","PIG",2,"slope + BB",-0.273683556752564,0.617482311276234,0.760572715705819
1297,"Wild boar","PIG",2,"slope + BB",-0.256816492374589,0.611684902515899,0.773510146067604
1298,"Wild boar","PIG",2,"slope + BB",-0.231199103771644,0.614046770727454,0.793581447597021
1299,"Wild boar","PIG",2,"slope + BB",-0.190642588353887,0.624200707170266,0.826427916807075
1300,"Wild boar","PIG",2,"slope + BB",-0.168452633143062,0.618893382966769,0.844971288592972
1301,"Wild boar","PIG",2,"slope + BB",-0.130976238315005,0.60088355632273,0.877238619978071
1302,"Wild boar","PIG",2,"slope + BB",-0.115253911852633,0.604328776312203,0.891139844303541
1303,"Wild boar","PIG",2,"slope + BB",-0.0625785018221664,0.585832630341791,0.939339327345748
1304,"Wild boar","PIG",2,"slope + BB",-0.0386481653695892,0.580997884294616,0.962089146166449
1305,"Wild boar","PIG",2,"slope + BB",0.00591492981570343,0.572738725306719,1.00593245755448
1306,"Wild boar","PIG",2,"slope + BB",0.0241491346391254,0.566932156988206,1.02444308896133
1307,"Wild boar","PIG",2,"slope + BB",0.0532624599139783,0.579701875962844,1.05470642696112
1308,"Wild boar","PIG",2,"slope + BB",0.0751034021272297,0.592782303329577,1.07799561217535
1309,"Wild boar","PIG",2,"slope + BB",0.108724642588861,0.572830199882002,1.11485535182281
1310,"Wild boar","PIG",2,"slope + BB",0.106317378082739,0.562655967959303,1.11217480556696
1311,"Wild boar","PIG",2,"slope + BB",0.138115416184988,0.567331668106923,1.14810805868501
1312,"Wild boar","PIG",2,"slope + BB",0.178089973377166,0.577739181216804,1.19493282864982
1313,"Wild boar","PIG",2,"slope + BB",0.173337322453608,0.573532375263846,1.18926720554149
1314,"Wild boar","PIG",2,"slope + BB",0.193892002664464,0.581357095954594,1.21396517089364
1315,"Wild boar","PIG",2,"slope + BB",0.220670143714221,0.587907778537818,1.24691207849495
1316,"Wild boar","PIG",2,"slope + BB",0.225115929972797,0.595849373818128,1.25246791250518
1317,"Wild boar","PIG",2,"slope + BB",0.225355088559357,0.603464537509641,1.25276749036728
1318,"Wild boar","PIG",2,"slope + BB",0.224415995113249,0.606967274853075,1.25159156715615
1319,"Wild boar","PIG",2,"slope + BB",0.250442436695631,0.61427058032587,1.28459364958974
1320,"Wild boar","PIG",2,"slope + BB",0.246378399066352,0.641394650140446,1.27938361109323
1321,"Wild boar","PIG",2,"slope + BB",0.26327663980427,0.632994883356649,1.30118662987346
1322,"Wild boar","PIG",2,"slope + BB",0.283339771203688,0.639165180919915,1.32755615447956
1323,"Wild boar","PIG",2,"slope + BB",0.314378189040471,0.643252187056278,1.36940753355197
1324,"Wild boar","PIG",2,"slope + BB",0.35055963448734,0.657159916377013,1.41986193045015
1325,"Wild boar","PIG",2,"slope + BB",0.372695703971276,0.666104384371276,1.45164254388304
1326,"Wild boar","PIG",2,"slope + BB",0.398366997024743,0.70744074084547,1.48939054704903
1327,"Wild boar","PIG",2,"slope + BB",0.39559366531448,0.740593658507923,1.48526568644222
1328,"Wild boar","PIG",2,"slope + BB",0.403411381503031,0.77691030865845,1.49692257548726
1329,"Wild boar","PIG",2,"slope + BB",0.414892284338747,0.809928479420134,1.51420762854813
1330,"Wild boar","PIG",2,"slope + BB",0.43411103521868,0.835533635983127,1.54359027760956
1331,"Wild boar","PIG",2,"slope + BB",0.401770980094744,0.927817937936464,1.49446903079545
1332,"Wild boar","PIG",2,"slope + BB",-0.257759977989675,0.818749009073232,0.772780695895426
1333,"Wild boar","PIG",2,"slope + BB",-0.261995001853044,0.724312380823748,0.769514870193467
1334,"Wild boar","PIG",2,"slope + BB",-0.247564526437383,0.687345802748288,0.780699843582378
1335,"Wild boar","PIG",2,"slope + BB",-0.258561742017944,0.682222477175374,0.772161354779768
1336,"Wild boar","PIG",2,"slope + BB",-0.253052138249421,0.652499518549575,0.7764273994195
1337,"Wild boar","PIG",2,"slope + BB",-0.255562421943057,0.648315949907408,0.774480792799669
1338,"Wild boar","PIG",2,"slope + BB",-0.272224001928701,0.635671658762409,0.761683635930251
1339,"Wild boar","PIG",2,"slope + BB",-0.253473837678303,0.630905899517711,0.776100049452379
1340,"Wild boar","PIG",2,"slope + BB",-0.25674438059279,0.636059827756671,0.773565927373463
1341,"Wild boar","PIG",2,"slope + BB",-0.215886038952422,0.645151592844228,0.805827129582746
1342,"Wild boar","PIG",2,"slope + BB",-0.215550880403652,0.63196625286908,0.806097254843351
1343,"Wild boar","PIG",2,"slope + BB",-0.190881661269773,0.632236577660448,0.826230357417551
1344,"Wild boar","PIG",2,"slope + BB",-0.183367077226622,0.624481143542176,0.832462524810899
1345,"Wild boar","PIG",2,"slope + BB",-0.18139151231831,0.621243248528628,0.834108732027054
1346,"Wild boar","PIG",2,"slope + BB",-0.141691030603034,0.618505014458397,0.867889370973424
1347,"Wild boar","PIG",2,"slope + BB",-0.0944478010027949,0.615737589909355,0.909875235750754
1348,"Wild boar","PIG",2,"slope + BB",-0.0737446018096387,0.601343238136703,0.928908909984166
1349,"Wild boar","PIG",2,"slope + BB",-0.0447994243523323,0.57459272656752,0.956189251905133
1350,"Wild boar","PIG",2,"slope + BB",-0.0317092621395396,0.578069766575719,0.968788248075795
1351,"Wild boar","PIG",2,"slope + BB",0.00458150211104689,0.584761641102304,1.00459202824144
1352,"Wild boar","PIG",2,"slope + BB",0.020120590494562,0.568313579601308,1.02032437413818
1353,"Wild boar","PIG",2,"slope + BB",0.0630897926535947,0.580633666843525,1.06512247561585
1354,"Wild boar","PIG",2,"slope + BB",0.0836232111296166,0.577108696963239,1.08721916681463
1355,"Wild boar","PIG",2,"slope + BB",0.0961311767237597,0.588527270750862,1.10090346748187
1356,"Wild boar","PIG",2,"slope + BB",0.122568085657474,0.560300931491715,1.13039608163711
1357,"Wild boar","PIG",2,"slope + BB",0.155488350720223,0.556268075741436,1.16822833207724
1358,"Wild boar","PIG",2,"slope + BB",0.203578704845419,0.577898752149791,1.22578162980244
1359,"Wild boar","PIG",2,"slope + BB",0.214505564121606,0.586500141568381,1.23924901628876
1360,"Wild boar","PIG",2,"slope + BB",0.241632063286955,0.593297710652529,1.27332560388774
1361,"Wild boar","PIG",2,"slope + BB",0.248978831325429,0.600011822002878,1.28271488179538
1362,"Wild boar","PIG",2,"slope + BB",0.268797397468942,0.601816380830429,1.30839003158094
1363,"Wild boar","PIG",2,"slope + BB",0.233250108521542,0.610722151543524,1.26269725158545
1364,"Wild boar","PIG",2,"slope + BB",0.234649748779817,0.610081026266741,1.26446583082334
1365,"Wild boar","PIG",2,"slope + BB",0.260087332005902,0.625861941346229,1.29704335755686
1366,"Wild boar","PIG",2,"slope + BB",0.304728927256131,0.630735520652961,1.35625733070446
1367,"Wild boar","PIG",2,"slope + BB",0.300991627847119,0.637783108170576,1.3511980291658
1368,"Wild boar","PIG",2,"slope + BB",0.307679044090824,0.638072363927926,1.36026433451601
1369,"Wild boar","PIG",2,"slope + BB",0.335689680010927,0.6486911914468,1.39890485571249
1370,"Wild boar","PIG",2,"slope + BB",0.376610179224612,0.669780563965759,1.4573361015129
1371,"Wild boar","PIG",2,"slope + BB",0.419800366690015,0.68954766894204,1.52165775175905
1372,"Wild boar","PIG",2,"slope + BB",0.436485945907481,0.720928548167012,1.54726049706383
1373,"Wild boar","PIG",2,"slope + BB",0.432690217310262,0.727338680324925,1.54139864820733
1374,"Wild boar","PIG",2,"slope + BB",0.460079278993519,0.763532242301792,1.58419957574165
1375,"Wild boar","PIG",2,"slope + BB",0.462029976824554,0.799495081361979,1.58729291628426
1376,"Wild boar","PIG",2,"slope + BB",0.469364188779582,0.836404870948599,1.59897722229318
1377,"Wild boar","PIG",2,"slope + BB",0.443118265486169,0.91309681079014,1.55755653287371
1378,"Wild boar","PIG",2,"slope + BB",-0.204948371972891,0.756017037921302,0.814689376415212
1379,"Wild boar","PIG",2,"slope + BB",-0.21903473535302,0.693022131740122,0.803293814986102
1380,"Wild boar","PIG",2,"slope + BB",-0.230090033544801,0.682053741566758,0.794462076002678
1381,"Wild boar","PIG",2,"slope + BB",-0.23560189063612,0.686993495870158,0.790095155617831
1382,"Wild boar","PIG",2,"slope + BB",-0.242024319674832,0.652642076246991,0.785037085493497
1383,"Wild boar","PIG",2,"slope + BB",-0.22788812823206,0.645264815360792,0.796213328648318
1384,"Wild boar","PIG",2,"slope + BB",-0.212926574394995,0.643519015765166,0.808215479370822
1385,"Wild boar","PIG",2,"slope + BB",-0.205279449304187,0.640999217182706,0.814419703816513
1386,"Wild boar","PIG",2,"slope + BB",-0.172767036373723,0.647227246038168,0.841333592438831
1387,"Wild boar","PIG",2,"slope + BB",-0.179164580697278,0.655726548375254,0.835968303965502
1388,"Wild boar","PIG",2,"slope + BB",-0.160593157569214,0.638701086594243,0.851638485538007
1389,"Wild boar","PIG",2,"slope + BB",-0.127611198467239,0.62697453876308,0.880195558207659
1390,"Wild boar","PIG",2,"slope + BB",-0.115253548656857,0.607692731913906,0.89114016845161
1391,"Wild boar","PIG",2,"slope + BB",-0.097343219048738,0.60479300099252,0.907244575659257
1392,"Wild boar","PIG",2,"slope + BB",-0.0633816209236864,0.601741691185336,0.938585221589074
1393,"Wild boar","PIG",2,"slope + BB",-0.0191142988148263,0.606730946638536,0.981067222166969
1394,"Wild boar","PIG",2,"slope + BB",-0.0271039559072531,0.587299189011902,0.973260060137638
1395,"Wild boar","PIG",2,"slope + BB",-0.00588343083835341,0.581069302445494,0.994133865874778
1396,"Wild boar","PIG",2,"slope + BB",0.0329366830828324,0.591384240621794,1.03348510249344
1397,"Wild boar","PIG",2,"slope + BB",0.0347128115143289,0.578751339837191,1.03532238223575
1398,"Wild boar","PIG",2,"slope + BB",0.0706600038783236,0.580092123128901,1.07321627823931
1399,"Wild boar","PIG",2,"slope + BB",0.0919121451937955,0.577331993481618,1.0962685054742
1400,"Wild boar","PIG",2,"slope + BB",0.144185327050835,0.576792407219395,1.15509815991743
1401,"Wild boar","PIG",2,"slope + BB",0.175261602069383,0.58383775859446,1.19155790240257
1402,"Wild boar","PIG",2,"slope + BB",0.230401341554175,0.563844725828968,1.25910524035179
1403,"Wild boar","PIG",2,"slope + BB",0.249911142641233,0.580917069671327,1.28391132665172
1404,"Wild boar","PIG",2,"slope + BB",0.28148251752617,0.587374773231068,1.32509283253027
1405,"Wild boar","PIG",2,"slope + BB",0.280939498384191,0.595372170452551,1.32437347477664
1406,"Wild boar","PIG",2,"slope + BB",0.293360848128282,0.598978786853726,1.34092657407394
1407,"Wild boar","PIG",2,"slope + BB",0.288442576998064,0.607054751953685,1.33434772702086
1408,"Wild boar","PIG",2,"slope + BB",0.297888278666425,0.607779886497088,1.34701128959436
1409,"Wild boar","PIG",2,"slope + BB",0.286575956183208,0.609234103655399,1.33185932704759
1410,"Wild boar","PIG",2,"slope + BB",0.328435617021579,0.624983320647633,1.38879382310824
1411,"Wild boar","PIG",2,"slope + BB",0.317591590097482,0.623532210848646,1.37381506717193
1412,"Wild boar","PIG",2,"slope + BB",0.337196675120027,0.623511583729801,1.40101459323479
1413,"Wild boar","PIG",2,"slope + BB",0.339245603909601,0.633764198379019,1.4038881040102
1414,"Wild boar","PIG",2,"slope + BB",0.372368661643216,0.644301018479121,1.45116789547213
1415,"Wild boar","PIG",2,"slope + BB",0.417346577675039,0.649044333627807,1.51792850538409
1416,"Wild boar","PIG",2,"slope + BB",0.433428729655769,0.686941016568128,1.5425374128211
1417,"Wild boar","PIG",2,"slope + BB",0.44424020389397,0.714533486985924,1.55930501667688
1418,"Wild boar","PIG",2,"slope + BB",0.452615652089323,0.727230838008302,1.57241971510559
1419,"Wild boar","PIG",2,"slope + BB",0.474931110491907,0.757205667284716,1.60790342662129
1420,"Wild boar","PIG",2,"slope + BB",0.503758499116967,0.788656465746632,1.6549296992511
1421,"Wild boar","PIG",2,"slope + BB",0.489355182369938,0.844902743978374,1.63126401470645
1422,"Wild boar","PIG",2,"slope + BB",0.467449646416189,0.962527388117793,1.59591884284341
1423,"Wild boar","PIG",2,"slope + BB",-0.174855655736291,0.796826735486146,0.839578201676933
1424,"Wild boar","PIG",2,"slope + BB",-0.189240295847879,0.723694596932758,0.827587617157923
1425,"Wild boar","PIG",2,"slope + BB",-0.201794766736407,0.689481437024126,0.817262641225189
1426,"Wild boar","PIG",2,"slope + BB",-0.207438095898723,0.675550016018611,0.812663547983841
1427,"Wild boar","PIG",2,"slope + BB",-0.217770018641168,0.661471448128163,0.80431039708242
1428,"Wild boar","PIG",2,"slope + BB",-0.210540254336283,0.647310964202785,0.810146444684603
1429,"Wild boar","PIG",2,"slope + BB",-0.17232084974495,0.655443590399147,0.841709068755609
1430,"Wild boar","PIG",2,"slope + BB",-0.169326318354897,0.655391676455995,0.844233370777269
1431,"Wild boar","PIG",2,"slope + BB",-0.157434539731418,0.653748761934734,0.854332737045099
1432,"Wild boar","PIG",2,"slope + BB",-0.136982340090786,0.660113995519965,0.871985625630934
1433,"Wild boar","PIG",2,"slope + BB",-0.112512829127656,0.658532559899132,0.893585883113013
1434,"Wild boar","PIG",2,"slope + BB",-0.0951102074878087,0.62308810852554,0.909272734420452
1435,"Wild boar","PIG",2,"slope + BB",-0.0765540986371226,0.614127641791047,0.926302811922068
1436,"Wild boar","PIG",2,"slope + BB",-0.0446704968742688,0.611991526670678,0.956312538973215
1437,"Wild boar","PIG",2,"slope + BB",-0.0425937416907598,0.607288949883549,0.95830063335187
1438,"Wild boar","PIG",2,"slope + BB",-0.00296008276706003,0.604131070954421,0.997044293963196
1439,"Wild boar","PIG",2,"slope + BB",0.0256221525802849,0.589090237910897,1.02595322539556
1440,"Wild boar","PIG",2,"slope + BB",0.0219705437415303,0.586948889267983,1.0222136738474
1441,"Wild boar","PIG",2,"slope + BB",0.0143012553594368,0.572416895828362,1.01440401106773
1442,"Wild boar","PIG",2,"slope + BB",0.0615933902714461,0.568440123509776,1.06352981562566
1443,"Wild boar","PIG",2,"slope + BB",0.0951685324366122,0.563552418393393,1.09984420085682
1444,"Wild boar","PIG",2,"slope + BB",0.153100585780227,0.574965299669888,1.1654422344087
1445,"Wild boar","PIG",2,"slope + BB",0.183747629580631,0.572766281605234,1.20171250830985
1446,"Wild boar","PIG",2,"slope + BB",0.203558580922959,0.584162614172167,1.22575696163362
1447,"Wild boar","PIG",2,"slope + BB",0.280315282432343,0.572589937000221,1.3235470629309
1448,"Wild boar","PIG",2,"slope + BB",0.322302985896063,0.576735464877362,1.38030292791658
1449,"Wild boar","PIG",2,"slope + BB",0.347763781368475,0.596563772590377,1.41589776204756
1450,"Wild boar","PIG",2,"slope + BB",0.358121923732037,0.585542342909785,1.43064004086972
1451,"Wild boar","PIG",2,"slope + BB",0.337155977995987,0.602053131679126,1.40095756703421
1452,"Wild boar","PIG",2,"slope + BB",0.313871352971729,0.613462457280031,1.36871364719913
1453,"Wild boar","PIG",2,"slope + BB",0.322332629391611,0.623669795639899,1.38034384259221
1454,"Wild boar","PIG",2,"slope + BB",0.362658222601393,0.623717544468264,1.43714461081211
1455,"Wild boar","PIG",2,"slope + BB",0.34023206125456,0.632290106526948,1.40527366229933
1456,"Wild boar","PIG",2,"slope + BB",0.358166453629507,0.617011170240654,1.43070374666471
1457,"Wild boar","PIG",2,"slope + BB",0.351896147476044,0.632984362263421,1.42176086311875
1458,"Wild boar","PIG",2,"slope + BB",0.401365581817089,0.629770378782509,1.49386329794815
1459,"Wild boar","PIG",2,"slope + BB",0.40915211562929,0.641295269506037,1.50554074171331
1460,"Wild boar","PIG",2,"slope + BB",0.430970207832601,0.683110448789915,1.53874971698124
1461,"Wild boar","PIG",2,"slope + BB",0.426060048797353,0.699577592623175,1.53121273264936
1462,"Wild boar","PIG",2,"slope + BB",0.469877059893371,0.703385419124383,1.5997975032587
1463,"Wild boar","PIG",2,"slope + BB",0.480942489506887,0.712739458515429,1.61759828742393
1464,"Wild boar","PIG",2,"slope + BB",0.512255227237648,0.756920483241213,1.66905104496628
1465,"Wild boar","PIG",2,"slope + BB",0.514891024286439,0.795058397984349,1.67345612598426
1466,"Wild boar","PIG",2,"slope + BB",0.483023864052084,0.835464661659619,1.62096858859418
1467,"Wild boar","PIG",2,"slope + BB",-0.154325613148189,0.840607282092729,0.856992935324819
1468,"Wild boar","PIG",2,"slope + BB",-0.143567248407846,0.730492296923199,0.866262543583046
1469,"Wild boar","PIG",2,"slope + BB",-0.14065319982021,0.70211346524721,0.868790556959801
1470,"Wild boar","PIG",2,"slope + BB",-0.167364733010137,0.679987722987545,0.845891038265528
1471,"Wild boar","PIG",2,"slope + BB",-0.157593278498377,0.66008465250267,0.854197131746453
1472,"Wild boar","PIG",2,"slope + BB",-0.160599209128406,0.654947889233387,0.851633329973548
1473,"Wild boar","PIG",2,"slope + BB",-0.152304287485218,0.654691697596237,0.858726941815048
1474,"Wild boar","PIG",2,"slope + BB",-0.114555207926313,0.671221850642453,0.891762705488105
1475,"Wild boar","PIG",2,"slope + BB",-0.098537703271922,0.660162525033219,0.906161539496018
1476,"Wild boar","PIG",2,"slope + BB",-0.0856033424640154,0.670731973491547,0.917958275188713
1477,"Wild boar","PIG",2,"slope + BB",-0.0724144439627157,0.647330282704857,0.930145328938187
1478,"Wild boar","PIG",2,"slope + BB",-0.0364530402461659,0.631871189750479,0.964203372259188
1479,"Wild boar","PIG",2,"slope + BB",-0.038792388308879,0.61114889781507,0.961950402528613
1480,"Wild boar","PIG",2,"slope + BB",-0.0141150948256135,0.592104655248155,0.985984072080797
1481,"Wild boar","PIG",2,"slope + BB",-0.00340836524686321,0.598685246340732,0.996597438084548
1482,"Wild boar","PIG",2,"slope + BB",0.0270672143476558,0.6115257087235,1.02743687931402
1483,"Wild boar","PIG",2,"slope + BB",0.0412278377251348,0.587069002709565,1.04208951019024
1484,"Wild boar","PIG",2,"slope + BB",0.040495304750727,0.567281432249393,1.04132642131763
1485,"Wild boar","PIG",2,"slope + BB",-0.0117543724690713,0.498713392729271,0.988314441624489
1486,"Wild boar","PIG",2,"slope + BB",0.0468436164324719,0.534236942417875,1.0479581165713
1487,"Wild boar","PIG",2,"slope + BB",0.12017885873193,0.565676615332961,1.12769854588365
1488,"Wild boar","PIG",2,"slope + BB",0.176363838422422,0.583339602066636,1.19287199721241
1489,"Wild boar","PIG",2,"slope + BB",0.209577793387726,0.592101943015882,1.23315731066924
1490,"Wild boar","PIG",2,"slope + BB",0.272589085013781,0.596501956295006,1.31336045495439
1491,"Wild boar","PIG",2,"slope + BB",0.311419434530875,0.580970468991738,1.36536178132769
1492,"Wild boar","PIG",2,"slope + BB",0.429851566749494,0.550688682869892,1.53702936038197
1493,"Wild boar","PIG",2,"slope + BB",0.494740483624835,0.557149180578047,1.64007255838678
1494,"Wild boar","PIG",2,"slope + BB",0.412167684519575,0.58627439410832,1.51008763342603
1495,"Wild boar","PIG",2,"slope + BB",0.368689772783652,0.604108300025447,1.4458389968893
1496,"Wild boar","PIG",2,"slope + BB",0.355552431965053,0.623565013730096,1.42696874350839
1497,"Wild boar","PIG",2,"slope + BB",0.378586681085351,0.615790079891213,1.46021937477496
1498,"Wild boar","PIG",2,"slope + BB",0.382804114881418,0.615960154811698,1.46639075801693
1499,"Wild boar","PIG",2,"slope + BB",0.369306986767131,0.624652703887249,1.44673166334376
1500,"Wild boar","PIG",2,"slope + BB",0.398127392094731,0.624526704543511,1.489033715318
1501,"Wild boar","PIG",2,"slope + BB",0.388079029459905,0.629817110475346,1.47414628099328
1502,"Wild boar","PIG",2,"slope + BB",0.381364074871461,0.634830669644889,1.4642806178895
1503,"Wild boar","PIG",2,"slope + BB",0.421835618356463,0.644662146523876,1.52475793980977
1504,"Wild boar","PIG",2,"slope + BB",0.445244609171465,0.655957274660778,1.56087195513633
1505,"Wild boar","PIG",2,"slope + BB",0.436270095467241,0.672923281229403,1.54692656156567
1506,"Wild boar","PIG",2,"slope + BB",0.480404520892524,0.684613668639439,1.61672827065592
1507,"Wild boar","PIG",2,"slope + BB",0.483926068528763,0.709550478456912,1.62243170404285
1508,"Wild boar","PIG",2,"slope + BB",0.515775746589468,0.739449371576261,1.67493733060267
1509,"Wild boar","PIG",2,"slope + BB",0.490934523642744,0.779387570747384,1.63384237127169
1510,"Wild boar","PIG",2,"slope + BB",0.485674751392533,0.860747093584087,1.625271294395
1511,"Wild boar","PIG",2,"slope + BB",-0.143231305551702,0.877558011207602,0.866553607104956
1512,"Wild boar","PIG",2,"slope + BB",-0.109920992752397,0.772929299358917,0.895904915761707
1513,"Wild boar","PIG",2,"slope + BB",-0.13476068382328,0.709327271540062,0.87392503118789
1514,"Wild boar","PIG",2,"slope + BB",-0.114282669383247,0.684265728438746,0.892005780558902
1515,"Wild boar","PIG",2,"slope + BB",-0.118171621857814,0.671228019021359,0.888543548003725
1516,"Wild boar","PIG",2,"slope + BB",-0.124623131092585,0.665807360556818,0.882829552377627
1517,"Wild boar","PIG",2,"slope + BB",-0.0910460412916375,0.676330254673528,0.912975680670869
1518,"Wild boar","PIG",2,"slope + BB",-0.0642706721167445,0.658959595671139,0.937751154317112
1519,"Wild boar","PIG",2,"slope + BB",-0.0546630200482069,0.669835989261045,0.946804148252376
1520,"Wild boar","PIG",2,"slope + BB",-0.0542096805763974,0.6608817508615,0.947233470942111
1521,"Wild boar","PIG",2,"slope + BB",-0.0366121696072608,0.645689248785182,0.964049950732508
1522,"Wild boar","PIG",2,"slope + BB",-0.0207009323924612,0.607637134590516,0.979511861041859
1523,"Wild boar","PIG",2,"slope + BB",-0.00626787547148619,0.602297842843813,0.993751729320544
1524,"Wild boar","PIG",2,"slope + BB",-4.94717066463601e-05,0.608706111859275,0.999950530398039
1525,"Wild boar","PIG",2,"slope + BB",0.0367733106051143,0.607074628263325,1.03745782735577
1526,"Wild boar","PIG",2,"slope + BB",0.0679045835377314,0.604401815102432,1.07026318457431
1527,"Wild boar","PIG",2,"slope + BB",0.0706429855073786,0.592979357883443,1.07319801039926
1528,"Wild boar","PIG",2,"slope + BB",0.0793101165651426,0.574957251371728,1.08253998751786
1529,"Wild boar","PIG",2,"slope + BB",0.105082055647513,0.564662269023832,1.1108017549922
1530,"Wild boar","PIG",2,"slope + BB",0.131323758598174,0.563189913145013,1.14033691614687
1531,"Wild boar","PIG",2,"slope + BB",0.137281988231257,0.566120048596706,1.14715159042428
1532,"Wild boar","PIG",2,"slope + BB",0.220421996488743,0.586511034135761,1.2466026815619
1533,"Wild boar","PIG",2,"slope + BB",0.229903676642864,0.599667216691436,1.25847878388347
1534,"Wild boar","PIG",2,"slope + BB",0.26434018345241,0.609073183651629,1.30257123452142
1535,"Wild boar","PIG",2,"slope + BB",0.344706652844222,0.593506836723277,1.41157577837572
1536,"Wild boar","PIG",2,"slope + BB",0.411868011824805,0.563511724413383,1.50963516919489
1537,"Wild boar","PIG",2,"slope + BB",0.474178835541074,0.552560741316666,1.60669430075917
1538,"Wild boar","PIG",2,"slope + BB",0.41018738947128,0.585732232873434,1.50710017353093
1539,"Wild boar","PIG",2,"slope + BB",0.375293951103254,0.604397620690278,1.45541917401364
1540,"Wild boar","PIG",2,"slope + BB",0.370930530413359,0.621793972743863,1.44908242052784
1541,"Wild boar","PIG",2,"slope + BB",0.396650442579398,0.616153658048739,1.48683610551017
1542,"Wild boar","PIG",2,"slope + BB",0.36804582130878,0.628776220960586,1.444908245647
1543,"Wild boar","PIG",2,"slope + BB",0.398966677228106,0.626106796739423,1.49028395739923
1544,"Wild boar","PIG",2,"slope + BB",0.379987865939114,0.608129479028219,1.46226684610332
1545,"Wild boar","PIG",2,"slope + BB",0.382988130649172,0.614379783921114,1.46666062177303
1546,"Wild boar","PIG",2,"slope + BB",0.413282040490803,0.626836582235963,1.51177134655962
1547,"Wild boar","PIG",2,"slope + BB",0.44104773777345,0.650750147770617,1.55433490281001
1548,"Wild boar","PIG",2,"slope + BB",0.434241093166082,0.652427435839825,1.54379102465264
1549,"Wild boar","PIG",2,"slope + BB",0.439934774070299,0.648064136819155,1.55260594546335
1550,"Wild boar","PIG",2,"slope + BB",0.48468930228925,0.666321028169867,1.62367050544953
1551,"Wild boar","PIG",2,"slope + BB",0.495846026565219,0.695895440161453,1.64188674990391
1552,"Wild boar","PIG",2,"slope + BB",0.470680349659987,0.735242181248078,1.60108317549501
1553,"Wild boar","PIG",2,"slope + BB",0.525848404374646,0.766278721916294,1.69189364969368
1554,"Wild boar","PIG",2,"slope + BB",0.506495918873487,0.853211349797535,1.65946609670668
1555,"Wild boar","PIG",2,"slope + BB",-0.0743678784097081,0.802607074847969,0.928330163195278
1556,"Wild boar","PIG",2,"slope + BB",-0.0967865056151809,0.733845781882616,0.90774978540878
1557,"Wild boar","PIG",2,"slope + BB",-0.0802730973162988,0.690402630811715,0.922864280856635
1558,"Wild boar","PIG",2,"slope + BB",-0.101769234565328,0.657475376503526,0.903237975057223
1559,"Wild boar","PIG",2,"slope + BB",-0.0815708657019231,0.655277427325302,0.921667392933838
1560,"Wild boar","PIG",2,"slope + BB",-0.0675010932860679,0.675834656867542,0.934726698698795
1561,"Wild boar","PIG",2,"slope + BB",-0.0306535246703311,0.663044317847861,0.969811530666223
1562,"Wild boar","PIG",2,"slope + BB",-0.0219425085835987,0.659120155898036,0.978296477251594
1563,"Wild boar","PIG",2,"slope + BB",-0.0155565687715471,0.650997578158125,0.984563812304089
1564,"Wild boar","PIG",2,"slope + BB",-0.00697776326795833,0.626151929057249,0.993046524870344
1565,"Wild boar","PIG",2,"slope + BB",-0.0076985434959386,0.600309741650663,0.992331016000397
1566,"Wild boar","PIG",2,"slope + BB",0.0249570147626612,0.599699311903576,1.02527104820951
1567,"Wild boar","PIG",2,"slope + BB",0.0474935022171957,0.594736332402679,1.04863938753338
1568,"Wild boar","PIG",2,"slope + BB",0.0802555735532962,0.606515750383323,1.08356397007504
1569,"Wild boar","PIG",2,"slope + BB",0.0970151744100642,0.603404208020249,1.1018770942075
1570,"Wild boar","PIG",2,"slope + BB",0.134417797954822,0.58259008905496,1.14387062697327
1571,"Wild boar","PIG",2,"slope + BB",0.163241061202267,0.585549471950203,1.17732046935474
1572,"Wild boar","PIG",2,"slope + BB",0.196681579495298,0.561383942168783,1.21735634839848
1573,"Wild boar","PIG",2,"slope + BB",0.189298457503662,0.572424278667684,1.20840155528932
1574,"Wild boar","PIG",2,"slope + BB",0.240270204402341,0.578897506369111,1.27159269626504
1575,"Wild boar","PIG",2,"slope + BB",0.256377846542225,0.593949411863433,1.2922409049575
1576,"Wild boar","PIG",2,"slope + BB",0.264283435960979,0.602280033309425,1.30249731893211
1577,"Wild boar","PIG",2,"slope + BB",0.271703646209214,0.598468397621783,1.31219806894588
1578,"Wild boar","PIG",2,"slope + BB",0.323729916292263,0.592828283615011,1.38227392825469
1579,"Wild boar","PIG",2,"slope + BB",0.351039716230211,0.58040219157686,1.42054374644748
1580,"Wild boar","PIG",2,"slope + BB",0.371948386929733,0.573907211515953,1.45055811784915
1581,"Wild boar","PIG",2,"slope + BB",0.372499348646895,0.586278323333376,1.4513575338052
1582,"Wild boar","PIG",2,"slope + BB",0.380221119569882,0.597287879476467,1.46260797920207
1583,"Wild boar","PIG",2,"slope + BB",0.399508055335207,0.614755609988036,1.49109098917083
1584,"Wild boar","PIG",2,"slope + BB",0.411900280736001,0.618260808033391,1.50968388517502
1585,"Wild boar","PIG",2,"slope + BB",0.403218585550031,0.624912771540481,1.49663399849656
1586,"Wild boar","PIG",2,"slope + BB",0.397050963742942,0.627895381653874,1.48743173986044
1587,"Wild boar","PIG",2,"slope + BB",0.403514207877073,0.623131562526971,1.49707650256262
1588,"Wild boar","PIG",2,"slope + BB",0.393965867273553,0.628884262172261,1.48284993466159
1589,"Wild boar","PIG",2,"slope + BB",0.43085953965287,0.613324396015984,1.53857942855022
1590,"Wild boar","PIG",2,"slope + BB",0.462542021872073,0.629399982268229,1.58810586082257
1591,"Wild boar","PIG",2,"slope + BB",0.471629355827333,0.651274916395928,1.602603278083
1592,"Wild boar","PIG",2,"slope + BB",0.45414229495176,0.651656897603395,1.57482207133787
1593,"Wild boar","PIG",2,"slope + BB",0.467127126076578,0.666255642332198,1.59540420974622
1594,"Wild boar","PIG",2,"slope + BB",0.479883697620562,0.697988267572044,1.61588646031494
1595,"Wild boar","PIG",2,"slope + BB",0.482882327668862,0.742769076664303,1.62073918102063
1596,"Wild boar","PIG",2,"slope + BB",0.509779040693067,0.793539387360614,1.66492327662449
1597,"Wild boar","PIG",2,"slope + BB",0.526040399532371,0.864408227241662,1.69221859452421
1598,"Wild boar","PIG",2,"slope + BB",0.547521123110699,0.970541223564221,1.72896182832861
1599,"Wild boar","PIG",2,"slope + BB",-0.0598013924894047,0.765895217223495,0.941951593733312
1600,"Wild boar","PIG",2,"slope + BB",-0.0517614641552267,0.673795950677218,0.949555343238739
1601,"Wild boar","PIG",2,"slope + BB",-0.0501493704557622,0.654068791063789,0.951087389228138
1602,"Wild boar","PIG",2,"slope + BB",-0.0350160024655264,0.653124362040847,0.965589964330599
1603,"Wild boar","PIG",2,"slope + BB",-0.00558710746631033,0.653201293278297,0.99442847221351
1604,"Wild boar","PIG",2,"slope + BB",0.0151822309316531,0.649691755038305,1.01529811269157
1605,"Wild boar","PIG",2,"slope + BB",0.0106164549000787,0.643174569690564,1.01067300949329
1606,"Wild boar","PIG",2,"slope + BB",-0.000538724944158415,0.625125792517696,0.999461420319823
1607,"Wild boar","PIG",2,"slope + BB",0.0184754807455373,0.614603618289782,1.01864720841379
1608,"Wild boar","PIG",2,"slope + BB",0.0480955768892117,0.598021088869857,1.04927093659047
1609,"Wild boar","PIG",2,"slope + BB",0.0510380366061886,0.584157342607668,1.0523629219158
1610,"Wild boar","PIG",2,"slope + BB",0.0480995612282927,0.592121849363181,1.04927511812726
1611,"Wild boar","PIG",2,"slope + BB",0.0932237839026908,0.594583251309704,1.09770735706146
1612,"Wild boar","PIG",2,"slope + BB",0.15714270258651,0.600477236689103,1.17016258795019
1613,"Wild boar","PIG",2,"slope + BB",0.197901240324759,0.596644523914469,1.21884201742748
1614,"Wild boar","PIG",2,"slope + BB",0.245018540199882,0.573397287862554,1.27764500083341
1615,"Wild boar","PIG",2,"slope + BB",0.261995986729831,0.580679176038133,1.29952137768451
1616,"Wild boar","PIG",2,"slope + BB",0.27059992826999,0.57734284353687,1.31075057168427
1617,"Wild boar","PIG",2,"slope + BB",0.275295385181326,0.576013294305183,1.31691965799955
1618,"Wild boar","PIG",2,"slope + BB",0.310824328266744,0.581277875439197,1.36454948770415
1619,"Wild boar","PIG",2,"slope + BB",0.273361569275463,0.586100285489033,1.31437539971386
1620,"Wild boar","PIG",2,"slope + BB",0.287184768669967,0.595727337944272,1.33267043463114
1621,"Wild boar","PIG",2,"slope + BB",0.281220311256242,0.602020329128038,1.32474542993339
1622,"Wild boar","PIG",2,"slope + BB",0.336211846889802,0.582623958174418,1.39963553111199
1623,"Wild boar","PIG",2,"slope + BB",0.351660072519112,0.588862800242451,1.42142529113337
1624,"Wild boar","PIG",2,"slope + BB",0.373617064933066,0.592278716885806,1.45298064721909
1625,"Wild boar","PIG",2,"slope + BB",0.386472985875117,0.590537504557846,1.4717806381012
1626,"Wild boar","PIG",2,"slope + BB",0.378097913590944,0.608141974805276,1.45950584217602
1627,"Wild boar","PIG",2,"slope + BB",0.381223317247889,0.616240497484878,1.46407452200473
1628,"Wild boar","PIG",2,"slope + BB",0.392102256584208,0.63685456256843,1.48008905264296
1629,"Wild boar","PIG",2,"slope + BB",0.414549447848066,0.622997506552596,1.51368859137952
1630,"Wild boar","PIG",2,"slope + BB",0.403051006384006,0.634116730677735,1.49638321508169
1631,"Wild boar","PIG",2,"slope + BB",0.417843180380667,0.628753163991731,1.51868250195352
1632,"Wild boar","PIG",2,"slope + BB",0.435006619886387,0.634001510322194,1.54497329320462
1633,"Wild boar","PIG",2,"slope + BB",0.465210683431619,0.638725980694633,1.59234963672327
1634,"Wild boar","PIG",2,"slope + BB",0.454846848771976,0.648639186461505,1.575932011392
1635,"Wild boar","PIG",2,"slope + BB",0.464830180088911,0.665822652412262,1.59174385642994
1636,"Wild boar","PIG",2,"slope + BB",0.475644866709163,0.69013798380918,1.60905149759978
1637,"Wild boar","PIG",2,"slope + BB",0.480512173908444,0.748894674577241,1.61690232561403
1638,"Wild boar","PIG",2,"slope + BB",0.498937110180794,0.823464566903009,1.64696981550805
1639,"Wild boar","PIG",2,"slope + BB",0.51094962624327,0.858370073322983,1.66687341563517
1640,"Wild boar","PIG",2,"slope + BB",0.544320631938078,0.913264702913164,1.72343714549876
1641,"Wild boar","PIG",2,"slope + BB",0.518145256161258,0.996039043930848,1.67891082557313
1642,"Wild boar","PIG",2,"slope + BB",-0.0181559014529349,0.780778247418918,0.982007928379921
1643,"Wild boar","PIG",2,"slope + BB",-0.0206450614208623,0.674296644210899,0.979566609513846
1644,"Wild boar","PIG",2,"slope + BB",-0.0161583363494062,0.640422824612286,0.983971509272625
1645,"Wild boar","PIG",2,"slope + BB",-0.00233217766014785,0.632069995542118,0.997670540161365
1646,"Wild boar","PIG",2,"slope + BB",0.00191932624237668,0.642379849385735,1.00192118085963
1647,"Wild boar","PIG",2,"slope + BB",0.0293984767761952,0.641002314934927,1.02983487849169
1648,"Wild boar","PIG",2,"slope + BB",0.0247956964665383,0.625673122545229,1.02510566767529
1649,"Wild boar","PIG",2,"slope + BB",0.0363273334687215,0.6195050053898,1.03699523649885
1650,"Wild boar","PIG",2,"slope + BB",0.0357879870177624,0.611557411897026,1.03643608566708
1651,"Wild boar","PIG",2,"slope + BB",0.0537711075304352,0.612420708837036,1.05524303792825
1652,"Wild boar","PIG",2,"slope + BB",0.0930541674488664,0.593016549513189,1.09752118438466
1653,"Wild boar","PIG",2,"slope + BB",0.0864885125281261,0.598045317887711,1.09033884343183
1654,"Wild boar","PIG",2,"slope + BB",0.139425355549827,0.58825350767163,1.14961299038336
1655,"Wild boar","PIG",2,"slope + BB",0.18634171011818,0.600418384704058,1.20483389397912
1656,"Wild boar","PIG",2,"slope + BB",0.248681862033869,0.593712874110219,1.28233401555317
1657,"Wild boar","PIG",2,"slope + BB",0.30383063111673,0.570153755120553,1.35503953641683
1658,"Wild boar","PIG",2,"slope + BB",0.319368273797611,0.580922669208119,1.37625807149857
1659,"Wild boar","PIG",2,"slope + BB",0.336967415019694,0.57731879871487,1.40069342143239
1660,"Wild boar","PIG",2,"slope + BB",0.315104511432257,0.579239007031098,1.37040252820989
1661,"Wild boar","PIG",2,"slope + BB",0.284105700029148,0.575401158170279,1.32857335439395
1662,"Wild boar","PIG",2,"slope + BB",0.278607609598996,0.590583421309708,1.32128878435105
1663,"Wild boar","PIG",2,"slope + BB",0.280059178738125,0.579063778312227,1.3232081160224
1664,"Wild boar","PIG",2,"slope + BB",0.255217882334972,0.58797730721148,1.29074282567188
1665,"Wild boar","PIG",2,"slope + BB",0.278655091219283,0.594159334637282,1.32135151955798
1666,"Wild boar","PIG",2,"slope + BB",0.314013123189985,0.591456715281091,1.36890770120583
1667,"Wild boar","PIG",2,"slope + BB",0.350725350083891,0.583833274410322,1.4200972548746
1668,"Wild boar","PIG",2,"slope + BB",0.361972804153459,0.591395322735646,1.43615988479121
1669,"Wild boar","PIG",2,"slope + BB",0.355065014174704,0.596499945304846,1.4262733811911
1670,"Wild boar","PIG",2,"slope + BB",0.366335640109276,0.607319230172091,1.4424393061431
1671,"Wild boar","PIG",2,"slope + BB",0.372984291622599,0.609808397240946,1.4520615304967
1672,"Wild boar","PIG",2,"slope + BB",0.396910624407448,0.61987158667515,1.48722300271832
1673,"Wild boar","PIG",2,"slope + BB",0.43579658149564,0.627370663746328,1.5461942404099
1674,"Wild boar","PIG",2,"slope + BB",0.424712869508578,0.630276241913066,1.52915129175258
1675,"Wild boar","PIG",2,"slope + BB",0.450228421619845,0.643606985926268,1.56867046896459
1676,"Wild boar","PIG",2,"slope + BB",0.44651092590914,0.651805878419137,1.56284976859267
1677,"Wild boar","PIG",2,"slope + BB",0.465874010439355,0.662995580913723,1.59340624358241
1678,"Wild boar","PIG",2,"slope + BB",0.457038998551616,0.679776586253052,1.57939047731202
1679,"Wild boar","PIG",2,"slope + BB",0.450291771612528,0.722286974664436,1.56876984145968
1680,"Wild boar","PIG",2,"slope + BB",0.530148594519091,1.0279637463725,1.69918481469004
1681,"Wild boar","PIG",2,"slope + BB",0.528114656548726,1.13029500263025,1.69573228224326
1682,"Wild boar","PIG",2,"slope + BB",0.00211716849078853,0.770507490844044,1.0021194191985
1683,"Wild boar","PIG",2,"slope + BB",-0.0312928264270317,0.681540897112819,0.969191727109753
1684,"Wild boar","PIG",2,"slope + BB",-0.00747872536116084,0.645647558036471,0.992549171361062
1685,"Wild boar","PIG",2,"slope + BB",0.0172479675214818,0.644125405848221,1.01739758050779
1686,"Wild boar","PIG",2,"slope + BB",0.0304234427937033,0.629054783873664,1.03089100876545
1687,"Wild boar","PIG",2,"slope + BB",0.0424367029517318,0.635808048896127,1.0433500162052
1688,"Wild boar","PIG",2,"slope + BB",0.0380798917503743,0.637854899356785,1.03881422352659
1689,"Wild boar","PIG",2,"slope + BB",0.0535184435623995,0.629407854344649,1.05497645117832
1690,"Wild boar","PIG",2,"slope + BB",0.0819363126195998,0.618372150665051,1.08538668366663
1691,"Wild boar","PIG",2,"slope + BB",0.0783123626416057,0.612304833153266,1.08146043255445
1692,"Wild boar","PIG",2,"slope + BB",0.127855395042792,0.576764227157724,1.13638866462362
1693,"Wild boar","PIG",2,"slope + BB",0.166174863151081,0.55242298080156,1.18077956249229
1694,"Wild boar","PIG",2,"slope + BB",0.14814784700329,0.584157313804062,1.15968433956718
1695,"Wild boar","PIG",2,"slope + BB",0.198946758506483,0.583986638152047,1.22011700352421
1696,"Wild boar","PIG",2,"slope + BB",0.265319464366328,0.585765418820943,1.30384744552991
1697,"Wild boar","PIG",2,"slope + BB",0.33251758867327,0.560660940565037,1.39447442886731
1698,"Wild boar","PIG",2,"slope + BB",0.453270384048214,0.54449525169978,1.57344956582318
1699,"Wild boar","PIG",2,"slope + BB",0.42242884614823,0.572628008405193,1.52566265910956
1700,"Wild boar","PIG",2,"slope + BB",0.357118146630311,0.574673636698928,1.42920472052198
1701,"Wild boar","PIG",2,"slope + BB",0.325263271917652,0.591135182808868,1.38439507036854
1702,"Wild boar","PIG",2,"slope + BB",0.305726212040236,0.592352272833695,1.35761055850354
1703,"Wild boar","PIG",2,"slope + BB",0.233179051197879,0.580493974185621,1.26260753060928
1704,"Wild boar","PIG",2,"slope + BB",0.154538621470278,0.537465863754898,1.16711935311436
1705,"Wild boar","PIG",2,"slope + BB",0.220447744181093,0.587583667629896,1.24663477913205
1706,"Wild boar","PIG",2,"slope + BB",0.281102923836122,0.603150944350508,1.32458992936277
1707,"Wild boar","PIG",2,"slope + BB",0.332240392911395,0.604127673463815,1.39408793749216
1708,"Wild boar","PIG",2,"slope + BB",0.370549191932162,0.596411475454592,1.44852991887649
1709,"Wild boar","PIG",2,"slope + BB",0.376825238417746,0.603537749709092,1.45764954632614
1710,"Wild boar","PIG",2,"slope + BB",0.36972589971424,0.608054786542017,1.44733785513014
1711,"Wild boar","PIG",2,"slope + BB",0.390712520480075,0.611481032731862,1.47803354826777
1712,"Wild boar","PIG",2,"slope + BB",0.423840764439617,0.608486341072131,1.52781829210448
1713,"Wild boar","PIG",2,"slope + BB",0.435572791722377,0.616329479217119,1.54584825559346
1714,"Wild boar","PIG",2,"slope + BB",0.427398696919764,0.643411003928098,1.53326387281398
1715,"Wild boar","PIG",2,"slope + BB",0.443038968674449,0.659363128816044,1.55743303588371
1716,"Wild boar","PIG",2,"slope + BB",0.472793759233586,0.662299085942855,1.60447044244181
1717,"Wild boar","PIG",2,"slope + BB",0.463848251969257,0.676862232802386,1.59018164622616
1718,"Wild boar","PIG",2,"slope + BB",0.459426204032048,0.704965053503314,1.58316531242065
1719,"Wild boar","PIG",2,"slope + BB",0.447552212090969,0.790300613904641,1.56447798458986
1720,"Wild boar","PIG",2,"slope + BB",-0.0218430125942775,0.755493025536578,0.978393818557178
1721,"Wild boar","PIG",2,"slope + BB",0.0168860187359623,0.686409167642097,1.01702939349853
1722,"Wild boar","PIG",2,"slope + BB",-0.0148779287029781,0.660554497919799,0.98523220099528
1723,"Wild boar","PIG",2,"slope + BB",0.0263105474537249,0.639524851219791,1.02665972565779
1724,"Wild boar","PIG",2,"slope + BB",0.0217062878145542,0.625593575061598,1.02194358311342
1725,"Wild boar","PIG",2,"slope + BB",0.0488127563906714,0.627891265691852,1.05002372219475
1726,"Wild boar","PIG",2,"slope + BB",0.0562330299968188,0.638640733885474,1.05784417489884
1727,"Wild boar","PIG",2,"slope + BB",0.059775010411934,0.623292546174025,1.0615976717278
1728,"Wild boar","PIG",2,"slope + BB",0.0793923757460398,0.607660325545688,1.08262903625844
1729,"Wild boar","PIG",2,"slope + BB",0.0889748681432258,0.608677703665739,1.09305319536009
1730,"Wild boar","PIG",2,"slope + BB",0.117415197330524,0.581559673848962,1.12458626361587
1731,"Wild boar","PIG",2,"slope + BB",0.206576541593482,0.546708752011197,1.22946183561859
1732,"Wild boar","PIG",2,"slope + BB",0.135663430441632,0.586195830943555,1.1452963612308
1733,"Wild boar","PIG",2,"slope + BB",0.191626283073387,0.582945310014229,1.21121778986017
1734,"Wild boar","PIG",2,"slope + BB",0.253809427027846,0.573909633500414,1.2889261472504
1735,"Wild boar","PIG",2,"slope + BB",0.340198571898085,0.557257243309378,1.4052266030731
1736,"Wild boar","PIG",2,"slope + BB",0.511412622459779,0.521019007307134,1.66764528511353
1737,"Wild boar","PIG",2,"slope + BB",0.481225307059673,0.54575708621077,1.6180558035895
1738,"Wild boar","PIG",2,"slope + BB",0.376065430708952,0.56985264123323,1.45654243340265
1739,"Wild boar","PIG",2,"slope + BB",0.299413221669059,0.585434151185208,1.34906697240663
1740,"Wild boar","PIG",2,"slope + BB",0.266727553437652,0.585968627024646,1.30568469587836
1741,"Wild boar","PIG",2,"slope + BB",0.204353502579079,0.580374016228095,1.2267317298618
1742,"Wild boar","PIG",2,"slope + BB",0.1059237850152,0.539634407647676,1.1117371481868
1743,"Wild boar","PIG",2,"slope + BB",0.15102331208858,0.560634558466625,1.16302377409256
1744,"Wild boar","PIG",2,"slope + BB",0.241314262346342,0.584152197493363,1.27292100528603
1745,"Wild boar","PIG",2,"slope + BB",0.307858113348927,0.598226514719606,1.36050793893778
1746,"Wild boar","PIG",2,"slope + BB",0.33644647232847,0.600299865613475,1.39996393302019
1747,"Wild boar","PIG",2,"slope + BB",0.351313473690939,0.610416625967943,1.42093269801398
1748,"Wild boar","PIG",2,"slope + BB",0.368986316272891,0.618122743623979,1.44626781399205
1749,"Wild boar","PIG",2,"slope + BB",0.380531620213606,0.628566037531677,1.4630621771853
1750,"Wild boar","PIG",2,"slope + BB",0.399015046563793,0.605249995570933,1.49035621679595
1751,"Wild boar","PIG",2,"slope + BB",0.43025239436389,0.620030879902827,1.53764556897972
1752,"Wild boar","PIG",2,"slope + BB",0.453143729819858,0.634000228406326,1.57325029951892
1753,"Wild boar","PIG",2,"slope + BB",0.454801248626815,0.657903321734601,1.57586014999036
1754,"Wild boar","PIG",2,"slope + BB",0.475380183418369,0.658020519730482,1.60862565546815
1755,"Wild boar","PIG",2,"slope + BB",0.442538820948651,0.686030800672497,1.55665427251895
1756,"Wild boar","PIG",2,"slope + BB",0.453276312917389,0.723122265705124,1.57345889428996
1757,"Wild boar","PIG",2,"slope + BB",0.471321631701657,0.828653074067002,1.60211019738416
1758,"Wild boar","PIG",2,"slope + BB",-0.00019790863589515,0.859793284171915,0.999802111501331
1759,"Wild boar","PIG",2,"slope + BB",0.00705804771917189,0.728441367357196,1.00708304346475
1760,"Wild boar","PIG",2,"slope + BB",-0.0139664419942585,0.68539732134045,0.986130636881434
1761,"Wild boar","PIG",2,"slope + BB",0.00607526321558349,0.655502020390515,1.0060937567829
1762,"Wild boar","PIG",2,"slope + BB",0.0322938671762194,0.639313719460459,1.03282097385216
1763,"Wild boar","PIG",2,"slope + BB",0.0450848995446552,0.635274480374496,1.04611667103532
1764,"Wild boar","PIG",2,"slope + BB",0.0687475130918219,0.640024425902368,1.07116571973195
1765,"Wild boar","PIG",2,"slope + BB",0.064846549112884,0.635842776922923,1.06699528081852
1766,"Wild boar","PIG",2,"slope + BB",0.0530966575950146,0.618230724534436,1.05453157419894
1767,"Wild boar","PIG",2,"slope + BB",0.0626517672527943,0.610941299337152,1.0646560278001
1768,"Wild boar","PIG",2,"slope + BB",0.0935998081271719,0.612529635062053,1.09812020037983
1769,"Wild boar","PIG",2,"slope + BB",0.111290535273334,0.614117332590624,1.1177195967
1770,"Wild boar","PIG",2,"slope + BB",0.130351180571407,0.590688706111052,1.13922838824396
1771,"Wild boar","PIG",2,"slope + BB",0.13445293789818,0.586466801602015,1.14391083311949
1772,"Wild boar","PIG",2,"slope + BB",0.194476051288982,0.594800242486128,1.21467439275152
1773,"Wild boar","PIG",2,"slope + BB",0.23148154591805,0.58775261671063,1.26046606962325
1774,"Wild boar","PIG",2,"slope + BB",0.308552915840886,0.578137018426626,1.36145355167976
1775,"Wild boar","PIG",2,"slope + BB",0.345318237414869,0.573788316533171,1.41243934719195
1776,"Wild boar","PIG",2,"slope + BB",0.334914317452141,0.567113668698325,1.39782061145157
1777,"Wild boar","PIG",2,"slope + BB",0.339404057835823,0.573166296414907,1.40411057344481
1778,"Wild boar","PIG",2,"slope + BB",0.320955821433665,0.578438264086004,1.37844468282705
1779,"Wild boar","PIG",2,"slope + BB",0.241906275793242,0.588320255221107,1.27367481308567
1780,"Wild boar","PIG",2,"slope + BB",0.211344115328438,0.596748623730373,1.23533738093401
1781,"Wild boar","PIG",2,"slope + BB",0.191837524581527,0.58546908966086,1.21147366693922
1782,"Wild boar","PIG",2,"slope + BB",0.210175093746044,0.586337054266267,1.23389409403143
1783,"Wild boar","PIG",2,"slope + BB",0.244528274994457,0.593557096401758,1.27701877281152
1784,"Wild boar","PIG",2,"slope + BB",0.305364371472455,0.594710120401609,1.35711940860471
1785,"Wild boar","PIG",2,"slope + BB",0.36004476661536,0.599907489221604,1.43339358178138
1786,"Wild boar","PIG",2,"slope + BB",0.376017473396398,0.610451699900878,1.45647258326578
1787,"Wild boar","PIG",2,"slope + BB",0.379826389601014,0.636370883645552,1.46203074367528
1788,"Wild boar","PIG",2,"slope + BB",0.423059839150207,0.627368017313916,1.52662564530905
1789,"Wild boar","PIG",2,"slope + BB",0.424634115785278,0.622320857183165,1.5290308738995
1790,"Wild boar","PIG",2,"slope + BB",0.449090148334822,0.619992616162493,1.5668859169292
1791,"Wild boar","PIG",2,"slope + BB",0.483854364165982,0.639661784298109,1.62231536333001
1792,"Wild boar","PIG",2,"slope + BB",0.479647150198898,0.648161007192423,1.61550427415455
1793,"Wild boar","PIG",2,"slope + BB",0.494399750844421,0.676808280851593,1.63951382773728
1794,"Wild boar","PIG",2,"slope + BB",0.470104245362581,0.700985509107901,1.60016099579058
1795,"Wild boar","PIG",2,"slope + BB",0.460522423745457,0.736310200066766,1.58490176121938
1796,"Wild boar","PIG",2,"slope + BB",0.449105161804501,0.823155537254928,1.56690942770125
1797,"Wild boar","PIG",2,"slope + BB",-0.0209913769702373,0.797500495818839,0.979227417518836
1798,"Wild boar","PIG",2,"slope + BB",0.0023437137730605,0.720382364053291,1.00234646870588
1799,"Wild boar","PIG",2,"slope + BB",-0.00330075904488661,0.688431342608508,0.996704683933585
1800,"Wild boar","PIG",2,"slope + BB",0.0156664818580619,0.665351940444066,1.01578985196565
1801,"Wild boar","PIG",2,"slope + BB",0.0366990708410385,0.648450277580698,1.03738079722103
1802,"Wild boar","PIG",2,"slope + BB",0.0428725426585525,0.639296656598777,1.04380485695035
1803,"Wild boar","PIG",2,"slope + BB",0.066089611467108,0.638551863073589,1.06832244682246
1804,"Wild boar","PIG",2,"slope + BB",0.0656272830315259,0.649727044978918,1.06782864513388
1805,"Wild boar","PIG",2,"slope + BB",0.0794656390867967,0.617684007740897,1.08270836248062
1806,"Wild boar","PIG",2,"slope + BB",0.0641558765697931,0.632848370013534,1.06625861559409
1807,"Wild boar","PIG",2,"slope + BB",0.088832988148111,0.622183403731169,1.09289812509965
1808,"Wild boar","PIG",2,"slope + BB",0.0866588254537838,0.613023730685699,1.09052455743098
1809,"Wild boar","PIG",2,"slope + BB",0.0911300647073656,0.603367334528696,1.09541147066301
1810,"Wild boar","PIG",2,"slope + BB",0.119691742851686,0.591110907390943,1.12714934619455
1811,"Wild boar","PIG",2,"slope + BB",0.153977448668405,0.59345208750366,1.16646458115251
1812,"Wild boar","PIG",2,"slope + BB",0.187930549722883,0.575397438099274,1.20674970680095
1813,"Wild boar","PIG",2,"slope + BB",0.243599470908619,0.572190570285503,1.27583321996554
1814,"Wild boar","PIG",2,"slope + BB",0.290821106794974,0.568035950406051,1.33752530761606
1815,"Wild boar","PIG",2,"slope + BB",0.294860043016683,0.574307976670386,1.342938392468
1816,"Wild boar","PIG",2,"slope + BB",0.299888237746072,0.580954837590495,1.34970795349443
1817,"Wild boar","PIG",2,"slope + BB",0.277782980751112,0.584291126478827,1.32019965738542
1818,"Wild boar","PIG",2,"slope + BB",0.255525612452527,0.598163115784143,1.29114008186292
1819,"Wild boar","PIG",2,"slope + BB",0.222034770990714,0.594034283671634,1.24861479443113
1820,"Wild boar","PIG",2,"slope + BB",0.219945739874354,0.598312423980004,1.24600912017454
1821,"Wild boar","PIG",2,"slope + BB",0.232931282692587,0.598124683868254,1.26229474826749
1822,"Wild boar","PIG",2,"slope + BB",0.267058116039386,0.578521622563582,1.30611635204411
1823,"Wild boar","PIG",2,"slope + BB",0.297958323152215,0.589952945831765,1.34710564362151
1824,"Wild boar","PIG",2,"slope + BB",0.34933279912129,0.59005805650422,1.41812106316437
1825,"Wild boar","PIG",2,"slope + BB",0.395819872878745,0.608690924204102,1.48560170415919
1826,"Wild boar","PIG",2,"slope + BB",0.419356415615735,0.639492296743448,1.52098236892602
1827,"Wild boar","PIG",2,"slope + BB",0.441605583019171,0.632303291293838,1.55520222191305
1828,"Wild boar","PIG",2,"slope + BB",0.466753916503495,0.616511962550652,1.59480889898062
1829,"Wild boar","PIG",2,"slope + BB",0.472748591030833,0.623823763863646,1.60439797222754
1830,"Wild boar","PIG",2,"slope + BB",0.493614637702025,0.630521111087202,1.63822714228239
1831,"Wild boar","PIG",2,"slope + BB",0.496909871590452,0.647455506526993,1.64363437492252
1832,"Wild boar","PIG",2,"slope + BB",0.501087588948166,0.669016095952361,1.65051537719102
1833,"Wild boar","PIG",2,"slope + BB",0.480085185211749,0.706082150047866,1.61621207509599
1834,"Wild boar","PIG",2,"slope + BB",0.479756261551268,0.764794647746467,1.61568055175419
1835,"Wild boar","PIG",2,"slope + BB",0.470858623660903,0.845636004265508,1.60136860272021
1836,"Wild boar","PIG",2,"slope + BB",0.482237137623578,0.976959729736133,1.61969386123626
1837,"Wild boar","PIG",2,"slope + BB",-0.00677832269603801,0.831336347774846,0.993244598367071
1838,"Wild boar","PIG",2,"slope + BB",0.000660080511883484,0.71876800571779,1.00066029842109
1839,"Wild boar","PIG",2,"slope + BB",0.0375755644685787,0.681173741091523,1.03829048783542
1840,"Wild boar","PIG",2,"slope + BB",0.0251982873948106,0.65835845680214,1.0255184621562
1841,"Wild boar","PIG",2,"slope + BB",0.0683177043784124,0.650653524198119,1.07070542235554
1842,"Wild boar","PIG",2,"slope + BB",0.0656946763086072,0.648239654764398,1.06790061484066
1843,"Wild boar","PIG",2,"slope + BB",0.0826218136784127,0.642147058920589,1.08613097120494
1844,"Wild boar","PIG",2,"slope + BB",0.0888714593737405,0.626521713933164,1.09294016218997
1845,"Wild boar","PIG",2,"slope + BB",0.0715928574487182,0.620181092725586,1.07421789618309
1846,"Wild boar","PIG",2,"slope + BB",0.0493425137289617,0.62318754971444,1.05058012727393
1847,"Wild boar","PIG",2,"slope + BB",0.0727396514089775,0.623256400202657,1.07545050857802
1848,"Wild boar","PIG",2,"slope + BB",0.0606872633878222,0.614556315078367,1.06256665318128
1849,"Wild boar","PIG",2,"slope + BB",0.0449488541864882,0.601352768520092,1.04597437238674
1850,"Wild boar","PIG",2,"slope + BB",0.0895521508550479,0.586237624530555,1.09368436951849
1851,"Wild boar","PIG",2,"slope + BB",0.132327834611077,0.570466608029873,1.14148247550465
1852,"Wild boar","PIG",2,"slope + BB",0.190729582548844,0.572007456147817,1.21013217344448
1853,"Wild boar","PIG",2,"slope + BB",0.2092233442166,0.564762138314446,1.2327202887409
1854,"Wild boar","PIG",2,"slope + BB",0.223862676445933,0.557558633377207,1.25089922973385
1855,"Wild boar","PIG",2,"slope + BB",0.253742709363112,0.570312502518832,1.28884015518814
1856,"Wild boar","PIG",2,"slope + BB",0.25745852125125,0.57635050595536,1.29363815138915
1857,"Wild boar","PIG",2,"slope + BB",0.275494741876455,0.591531046791387,1.3171821798861
1858,"Wild boar","PIG",2,"slope + BB",0.236828375211016,0.602890363816695,1.26722361425389
1859,"Wild boar","PIG",2,"slope + BB",0.231803604716294,0.593905305375591,1.26087208087323
1860,"Wild boar","PIG",2,"slope + BB",0.228640702767326,0.600997515880551,1.25689036071519
1861,"Wild boar","PIG",2,"slope + BB",0.247465896914911,0.596959047913341,1.28077568529667
1862,"Wild boar","PIG",2,"slope + BB",0.280803144250913,0.593278066056121,1.3241929032945
1863,"Wild boar","PIG",2,"slope + BB",0.309744622160635,0.59861784847437,1.36307697270597
1864,"Wild boar","PIG",2,"slope + BB",0.341365313167387,0.600023497118531,1.4068670940776
1865,"Wild boar","PIG",2,"slope + BB",0.423925154869896,0.62709061109717,1.52794723464827
1866,"Wild boar","PIG",2,"slope + BB",0.426226636030953,0.634269403528505,1.53146782165801
1867,"Wild boar","PIG",2,"slope + BB",0.461400353355801,0.621096534462757,1.58629380405431
1868,"Wild boar","PIG",2,"slope + BB",0.484011276334964,0.611404288246752,1.62256994412878
1869,"Wild boar","PIG",2,"slope + BB",0.492099761833801,0.622516751379563,1.63574730694889
1870,"Wild boar","PIG",2,"slope + BB",0.535295430781772,0.64536735660688,1.70795276473835
1871,"Wild boar","PIG",2,"slope + BB",0.50890474361243,0.673123463356992,1.66346837377833
1872,"Wild boar","PIG",2,"slope + BB",0.525102433911054,0.69156238855122,1.69063201775594
1873,"Wild boar","PIG",2,"slope + BB",0.522441642327747,0.723943863352088,1.6861395774905
1874,"Wild boar","PIG",2,"slope + BB",0.490332681807441,0.801355415517167,1.63285936372082
1875,"Wild boar","PIG",2,"slope + BB",0.468117658984894,0.911448798200573,1.5969853183754
1876,"Wild boar","PIG",2,"slope + BB",0.495630109019704,0.981252826257564,1.6415322757545
1877,"Wild boar","PIG",2,"slope + BB",0.469030471650765,1.14053274726184,1.59844372011413
1878,"Wild boar","PIG",2,"slope + BB",0.0133848547568443,0.886935357912627,1.01347483733476
1879,"Wild boar","PIG",2,"slope + BB",0.000285172845753307,0.745949145292966,1.00028521352681
1880,"Wild boar","PIG",2,"slope + BB",0.022137359697079,0.707005354372632,1.0223842102091
1881,"Wild boar","PIG",2,"slope + BB",0.0539602764015949,0.67463402327482,1.05544267534149
1882,"Wild boar","PIG",2,"slope + BB",0.0537232553483001,0.6670479233199,1.05519254380648
1883,"Wild boar","PIG",2,"slope + BB",0.0812630176200232,0.649057836777925,1.0846561446825
1884,"Wild boar","PIG",2,"slope + BB",0.0724816825631034,0.635943117631472,1.07517311522754
1885,"Wild boar","PIG",2,"slope + BB",0.075918589400127,0.619969269252388,1.07887474067221
1886,"Wild boar","PIG",2,"slope + BB",0.0660476297127335,0.607400794654208,1.06827759833481
1887,"Wild boar","PIG",2,"slope + BB",0.0479718303672683,0.610378341010119,1.04914110106302
1888,"Wild boar","PIG",2,"slope + BB",0.047794478520359,0.60506421130229,1.04895506376498
1889,"Wild boar","PIG",2,"slope + BB",0.0235383185036984,0.609991391503716,1.02381753115233
1890,"Wild boar","PIG",2,"slope + BB",0.0226286251597317,0.583890585980404,1.02288660081796
1891,"Wild boar","PIG",2,"slope + BB",0.0189407783430934,0.572432593255789,1.01912129421203
1892,"Wild boar","PIG",2,"slope + BB",0.103159727256985,0.565903482005494,1.1086684799849
1893,"Wild boar","PIG",2,"slope + BB",0.157929647551806,0.575079885987136,1.17108380415077
1894,"Wild boar","PIG",2,"slope + BB",0.169231354077981,0.554245284889413,1.18439412166754
1895,"Wild boar","PIG",2,"slope + BB",0.211500243009061,0.553460578788397,1.23553027079673
1896,"Wild boar","PIG",2,"slope + BB",0.217162184130223,0.550733547787548,1.24254560739286
1897,"Wild boar","PIG",2,"slope + BB",0.243430260804037,0.565043635856897,1.27561735462045
1898,"Wild boar","PIG",2,"slope + BB",0.257121978984272,0.57569689164916,1.29320287463461
1899,"Wild boar","PIG",2,"slope + BB",0.246820628797178,0.589867375383617,1.27994950685294
1900,"Wild boar","PIG",2,"slope + BB",0.221014491646501,0.596439869232133,1.24734151356375
1901,"Wild boar","PIG",2,"slope + BB",0.22259212147422,0.600388472657858,1.24931090347552
1902,"Wild boar","PIG",2,"slope + BB",0.250267169993581,0.610585108623742,1.28436851965244
1903,"Wild boar","PIG",2,"slope + BB",0.295788989010553,0.605854863471603,1.34418649271284
1904,"Wild boar","PIG",2,"slope + BB",0.371044173699292,0.596822922861255,1.44924709581385
1905,"Wild boar","PIG",2,"slope + BB",0.395008990685972,0.606919621235932,1.48439753667926
1906,"Wild boar","PIG",2,"slope + BB",0.421562397666935,0.602460684444029,1.5243413239071
1907,"Wild boar","PIG",2,"slope + BB",0.457633176905728,0.6107135232194,1.58032919609299
1908,"Wild boar","PIG",2,"slope + BB",0.487405795574662,0.611170858428547,1.62808714608292
1909,"Wild boar","PIG",2,"slope + BB",0.518029035786266,0.602897935561525,1.67871570626918
1910,"Wild boar","PIG",2,"slope + BB",0.520822317205653,0.631602230447671,1.68341137884632
1911,"Wild boar","PIG",2,"slope + BB",0.54703541203585,0.657907659628913,1.72812224738694
1912,"Wild boar","PIG",2,"slope + BB",0.519668016920065,0.681774334319857,1.68146933778649
1913,"Wild boar","PIG",2,"slope + BB",0.531642197570291,0.716031109229317,1.70172458636937
1914,"Wild boar","PIG",2,"slope + BB",0.532709296367914,0.763113191471284,1.70354146315472
1915,"Wild boar","PIG",2,"slope + BB",0.483525873644307,1.02622154978029,1.62178253866751
1916,"Wild boar","PIG",2,"slope + BB",0.493269362691199,1.08353681074186,1.63766160306232
1917,"Wild boar","PIG",2,"slope + BB",0.0214615700862516,0.780243863227218,1.02169352601832
1918,"Wild boar","PIG",2,"slope + BB",0.0547175529655938,0.712080523512961,1.05624224016839
1919,"Wild boar","PIG",2,"slope + BB",0.063595461020156,0.68870526613123,1.06566121419167
1920,"Wild boar","PIG",2,"slope + BB",0.0528334802259423,0.66239639566145,1.05425407961284
1921,"Wild boar","PIG",2,"slope + BB",0.068054010457261,0.656455469804565,1.07042312184878
1922,"Wild boar","PIG",2,"slope + BB",0.0460947112739776,0.630044829625464,1.047173591856
1923,"Wild boar","PIG",2,"slope + BB",0.0866908625268365,0.614703829925276,1.09055949487936
1924,"Wild boar","PIG",2,"slope + BB",0.0597265004745368,0.62583398849622,1.06154617581268
1925,"Wild boar","PIG",2,"slope + BB",0.0544754501830765,0.606699341599814,1.05598655688108
1926,"Wild boar","PIG",2,"slope + BB",0.0358672999000895,0.60514517989288,1.03651829128353
1927,"Wild boar","PIG",2,"slope + BB",-0.0327083307992192,0.56659098700804,0.967820802062684
1928,"Wild boar","PIG",2,"slope + BB",-0.062235186396267,0.543245829229311,0.939661866275278
1929,"Wild boar","PIG",2,"slope + BB",0.0561663382304603,0.580109446391725,1.05777363220001
1930,"Wild boar","PIG",2,"slope + BB",0.100475958639353,0.560359606339995,1.10569705941678
1931,"Wild boar","PIG",2,"slope + BB",0.137956053641476,0.569176711334963,1.14792510214118
1932,"Wild boar","PIG",2,"slope + BB",0.136374338468553,0.549523461902484,1.14611084831628
1933,"Wild boar","PIG",2,"slope + BB",0.150457856371504,0.52645163694851,1.16236631861286
1934,"Wild boar","PIG",2,"slope + BB",0.177813962759179,0.533878613709462,1.19460306024842
1935,"Wild boar","PIG",2,"slope + BB",0.222789986861614,0.56299346238645,1.24955812840676
1936,"Wild boar","PIG",2,"slope + BB",0.243594240181632,0.581992614911668,1.27582654964172
1937,"Wild boar","PIG",2,"slope + BB",0.242129552463479,0.577365448697314,1.27395922704203
1938,"Wild boar","PIG",2,"slope + BB",0.22782946394105,0.594742492177369,1.25587115303024
1939,"Wild boar","PIG",2,"slope + BB",0.171967959453394,0.567570017649817,1.18763977998284
1940,"Wild boar","PIG",2,"slope + BB",0.242341695376338,0.603501739596572,1.27422951684701
1941,"Wild boar","PIG",2,"slope + BB",0.325928550502838,0.594835196586258,1.38531638824783
1942,"Wild boar","PIG",2,"slope + BB",0.371590937365046,0.613007123950148,1.45003972469695
1943,"Wild boar","PIG",2,"slope + BB",0.434881572421078,0.597583955966067,1.54478010457231
1944,"Wild boar","PIG",2,"slope + BB",0.467080577673823,0.607595005854426,1.59532994622804
1945,"Wild boar","PIG",2,"slope + BB",0.52035686219333,0.616697164888224,1.68262800905122
1946,"Wild boar","PIG",2,"slope + BB",0.5359939287057,0.614749847440478,1.7091461813763
1947,"Wild boar","PIG",2,"slope + BB",0.568697005273553,0.601189835825288,1.76596450999314
1948,"Wild boar","PIG",2,"slope + BB",0.566745370366328,0.618569224876414,1.76252135255871
1949,"Wild boar","PIG",2,"slope + BB",0.556906113066995,0.638198123721246,1.74526449369189
1950,"Wild boar","PIG",2,"slope + BB",0.558128519098765,0.670594677944191,1.74739932058883
1951,"Wild boar","PIG",2,"slope + BB",0.562603911957131,0.707022167177818,1.75523712348488
1952,"Wild boar","PIG",2,"slope + BB",0.5642981815036,0.788259447187652,1.75821340741532
1953,"Wild boar","PIG",2,"slope + BB",0.038564569850873,0.854406315023737,1.03931784137858
1954,"Wild boar","PIG",2,"slope + BB",0.0184448443949126,0.732552320651125,1.01861600208598
1955,"Wild boar","PIG",2,"slope + BB",0.0493033672192318,0.6838130976573,1.05053902077719
1956,"Wild boar","PIG",2,"slope + BB",0.0413161036276927,0.678676001130847,1.04218149242662
1957,"Wild boar","PIG",2,"slope + BB",0.0494718228910117,0.646704810853456,1.05071598617628
1958,"Wild boar","PIG",2,"slope + BB",0.0750822033245148,0.638363961067999,1.07797276023874
1959,"Wild boar","PIG",2,"slope + BB",0.0710526926378335,0.61927140854186,1.07363779783363
1960,"Wild boar","PIG",2,"slope + BB",0.069379050026349,0.611491446381857,1.07184241405716
1961,"Wild boar","PIG",2,"slope + BB",0.0602634225754956,0.613201817923673,1.06211629547451
1962,"Wild boar","PIG",2,"slope + BB",0.0275250109815187,0.611690586134421,1.0279073252691
1963,"Wild boar","PIG",2,"slope + BB",-0.00761542752380332,0.583502564627544,0.992413496727957
1964,"Wild boar","PIG",2,"slope + BB",-0.0336949857991011,0.567707362243317,0.966866379236817
1965,"Wild boar","PIG",2,"slope + BB",0.0474876260968247,0.582741742035577,1.04863322537148
1966,"Wild boar","PIG",2,"slope + BB",0.098874884518589,0.567299475318048,1.10392817310947
1967,"Wild boar","PIG",2,"slope + BB",0.101453071917736,0.557484892127072,1.10677798363711
1968,"Wild boar","PIG",2,"slope + BB",0.148096575948589,0.562522548602988,1.15962488287256
1969,"Wild boar","PIG",2,"slope + BB",0.148069224338598,0.524727569225849,1.15959316733105
1970,"Wild boar","PIG",2,"slope + BB",0.189322798259052,0.540795114616895,1.20843096903781
1971,"Wild boar","PIG",2,"slope + BB",0.21047550651795,0.565839224783357,1.23426482166283
1972,"Wild boar","PIG",2,"slope + BB",0.230700726075509,0.592359006917567,1.25948225357751
1973,"Wild boar","PIG",2,"slope + BB",0.253718699691328,0.580683656701486,1.28880921245592
1974,"Wild boar","PIG",2,"slope + BB",0.236525478861561,0.591169974653036,1.2668398328462
1975,"Wild boar","PIG",2,"slope + BB",0.16084916975996,0.575961990830869,1.17450781187196
1976,"Wild boar","PIG",2,"slope + BB",0.247160519508599,0.583036313371083,1.28038462316302
1977,"Wild boar","PIG",2,"slope + BB",0.360857048472496,0.596482376111677,1.43455842082833
1978,"Wild boar","PIG",2,"slope + BB",0.433849647024977,0.60691939397781,1.54318687178326
1979,"Wild boar","PIG",2,"slope + BB",0.490210941722824,0.604670436197027,1.63266058776364
1980,"Wild boar","PIG",2,"slope + BB",0.503522906973692,0.596945108778647,1.65453980545727
1981,"Wild boar","PIG",2,"slope + BB",0.521938407977367,0.586074983395682,1.68529126761494
1982,"Wild boar","PIG",2,"slope + BB",0.566142456331991,0.596658474707133,1.76145902366004
1983,"Wild boar","PIG",2,"slope + BB",0.607607722949698,0.603936330165035,1.83603385015818
1984,"Wild boar","PIG",2,"slope + BB",0.613687270817812,0.605625952972326,1.84723009439162
1985,"Wild boar","PIG",2,"slope + BB",0.592715906471813,0.620567910676807,1.80889454684938
1986,"Wild boar","PIG",2,"slope + BB",0.57623530788649,0.655298538876408,1.77932718784172
1987,"Wild boar","PIG",2,"slope + BB",0.578922468519069,0.682252379672998,1.78411495783712
1988,"Wild boar","PIG",2,"slope + BB",0.56942906964025,0.758562182376403,1.76725778623643
1989,"Wild boar","PIG",2,"slope + BB",0.0422492190369039,0.748486439080834,1.04315444015778
1990,"Wild boar","PIG",2,"slope + BB",0.0541828802876989,0.684513073768603,1.0556776480707
1991,"Wild boar","PIG",2,"slope + BB",0.0574003380631557,0.670797651951843,1.05907971623053
1992,"Wild boar","PIG",2,"slope + BB",0.0711998975419021,0.669970918486163,1.07379585493695
1993,"Wild boar","PIG",2,"slope + BB",0.0555798346743702,0.644167777260068,1.05715341368376
1994,"Wild boar","PIG",2,"slope + BB",0.0729651239716413,0.621496114855371,1.07569302089566
1995,"Wild boar","PIG",2,"slope + BB",0.0477772845709905,0.620973452225324,1.0489370153014
1996,"Wild boar","PIG",2,"slope + BB",0.034551880538232,0.6182202395557,1.03515573238958
1997,"Wild boar","PIG",2,"slope + BB",0.0512058673637777,0.605412898299967,1.05253955455787
1998,"Wild boar","PIG",2,"slope + BB",0.0307538661292926,0.590429327291724,1.03123165459356
1999,"Wild boar","PIG",2,"slope + BB",0.0608439682764864,0.577147711702166,1.06273308196974
2000,"Wild boar","PIG",2,"slope + BB",0.0709810657530103,0.579179185818942,1.07356089924562
2001,"Wild boar","PIG",2,"slope + BB",0.0981424047367011,0.579109633178181,1.10311987275552
2002,"Wild boar","PIG",2,"slope + BB",0.135864275961292,0.559040094563164,1.14552640766667
2003,"Wild boar","PIG",2,"slope + BB",0.176355368669375,0.561545214512709,1.1928618915428
2004,"Wild boar","PIG",2,"slope + BB",0.206913845610642,0.555422573911854,1.22987660799867
2005,"Wild boar","PIG",2,"slope + BB",0.226926017455513,0.560830964546001,1.25473704703299
2006,"Wild boar","PIG",2,"slope + BB",0.245309959311378,0.581662851007875,1.27801738738639
2007,"Wild boar","PIG",2,"slope + BB",0.28054410768488,0.585572440222069,1.3238499435072
2008,"Wild boar","PIG",2,"slope + BB",0.280074917753203,0.585885762434497,1.32322894523975
2009,"Wild boar","PIG",2,"slope + BB",0.293333428472348,0.582301938263419,1.34088980680867
2010,"Wild boar","PIG",2,"slope + BB",0.310720222600715,0.601277619814758,1.36440745611296
2011,"Wild boar","PIG",2,"slope + BB",0.350311242267487,0.59608987175732,1.41950930733861
2012,"Wild boar","PIG",2,"slope + BB",0.419276612195964,0.602070465318614,1.52086098531778
2013,"Wild boar","PIG",2,"slope + BB",0.514686436393136,0.604451502394294,1.67311379311338
2014,"Wild boar","PIG",2,"slope + BB",0.539148345885435,0.59359563896465,1.71454604011922
2015,"Wild boar","PIG",2,"slope + BB",0.566192036904381,0.579251034026997,1.76154636253992
2016,"Wild boar","PIG",2,"slope + BB",0.599519479806399,0.574369505979354,1.82124344776068
2017,"Wild boar","PIG",2,"slope + BB",0.601957773702791,0.578431720322633,1.82568959431119
2018,"Wild boar","PIG",2,"slope + BB",0.623873773687455,0.586837275082655,1.86614307610747
2019,"Wild boar","PIG",2,"slope + BB",0.638596106053746,0.605482618851212,1.89382030065782
2020,"Wild boar","PIG",2,"slope + BB",0.611097016116992,0.628165245657766,1.84245149124187
2021,"Wild boar","PIG",2,"slope + BB",0.631604878786827,0.639920967743166,1.88062633610618
2022,"Wild boar","PIG",2,"slope + BB",0.589818631999771,0.689204310612746,1.80366126008585
2023,"Wild boar","PIG",2,"slope + BB",0.62394926347873,0.746434777474289,1.86628397916249
2024,"Wild boar","PIG",2,"slope + BB",0.619809700704259,0.862930242288572,1.85857436785334
2025,"Wild boar","PIG",2,"slope + BB",0.0510838018773055,0.775284472878488,1.05241113311778
2026,"Wild boar","PIG",2,"slope + BB",0.0553374058423113,0.695020356691652,1.05689717695759
2027,"Wild boar","PIG",2,"slope + BB",0.0629976046454219,0.665570818510748,1.06502428847316
2028,"Wild boar","PIG",2,"slope + BB",0.0755848670152816,0.649618837083316,1.07851475530232
2029,"Wild boar","PIG",2,"slope + BB",0.0865467220673122,0.633955713002026,1.09040231535021
2030,"Wild boar","PIG",2,"slope + BB",0.0760102869202085,0.617770588136674,1.07897367356797
2031,"Wild boar","PIG",2,"slope + BB",0.0672948812887749,0.626649305083917,1.06961083995274
2032,"Wild boar","PIG",2,"slope + BB",0.0749142125247523,0.594724661366301,1.07779168589545
2033,"Wild boar","PIG",2,"slope + BB",0.0747565105516369,0.598262982578426,1.07762173016989
2034,"Wild boar","PIG",2,"slope + BB",0.101228192678601,0.585476338087129,1.10652911485632
2035,"Wild boar","PIG",2,"slope + BB",0.0887886612667725,0.57762571026326,1.09284967080937
2036,"Wild boar","PIG",2,"slope + BB",0.109989096431686,0.576338558596401,1.11626589914676
2037,"Wild boar","PIG",2,"slope + BB",0.140771833630353,0.570601234163628,1.15116196277854
2038,"Wild boar","PIG",2,"slope + BB",0.163439356328754,0.559532525315203,1.17755394485575
2039,"Wild boar","PIG",2,"slope + BB",0.204226507015642,0.556745451528011,1.22657595005341
2040,"Wild boar","PIG",2,"slope + BB",0.226542849256866,0.553556097123218,1.25425635383363
2041,"Wild boar","PIG",2,"slope + BB",0.279835755927322,0.561735034580957,1.3229125203919
2042,"Wild boar","PIG",2,"slope + BB",0.285244497984336,0.573882259929308,1.33008719745273
2043,"Wild boar","PIG",2,"slope + BB",0.303504479648634,0.568398890147974,1.35459765926552
2044,"Wild boar","PIG",2,"slope + BB",0.331230162823787,0.583393152271323,1.39268029941247
2045,"Wild boar","PIG",2,"slope + BB",0.364723638489894,0.584237702900751,1.44011596052974
2046,"Wild boar","PIG",2,"slope + BB",0.40580937043331,0.587951713760592,1.50051648332544
2047,"Wild boar","PIG",2,"slope + BB",0.439209178914175,0.582421919897946,1.55147979178557
2048,"Wild boar","PIG",2,"slope + BB",0.492297736442951,0.582314624898905,1.63607116470856
2049,"Wild boar","PIG",2,"slope + BB",0.536857579406256,0.594561024963298,1.71062291063462
2050,"Wild boar","PIG",2,"slope + BB",0.588419200092082,0.589635498970491,1.80113893231161
2051,"Wild boar","PIG",2,"slope + BB",0.649367166355943,0.590815917290749,1.91432899417561
2052,"Wild boar","PIG",2,"slope + BB",0.652072880911186,0.575935228772042,1.91951564139884
2053,"Wild boar","PIG",2,"slope + BB",0.662249907119529,0.581159202372351,1.93915034748717
2054,"Wild boar","PIG",2,"slope + BB",0.65503361827818,0.591145444956407,1.92520724492719
2055,"Wild boar","PIG",2,"slope + BB",0.64874648049642,0.603571766554101,1.91314119376108
2056,"Wild boar","PIG",2,"slope + BB",0.664053393042632,0.623564098281369,1.94265072431098
2057,"Wild boar","PIG",2,"slope + BB",0.637705021372757,0.646004513884568,1.89213349142734
2058,"Wild boar","PIG",2,"slope + BB",0.666123062803303,0.670791891010478,1.94667553305855
2059,"Wild boar","PIG",2,"slope + BB",0.644123127986403,0.736302144679243,1.90431645517349
2060,"Wild boar","PIG",2,"slope + BB",0.613981686994703,0.885309206879465,1.84777404758959
2061,"Wild boar","PIG",2,"slope + BB",0.0797159595657843,0.761861401341902,1.08297941429111
2062,"Wild boar","PIG",2,"slope + BB",0.073746421747554,0.689303647965126,1.07653378866522
2063,"Wild boar","PIG",2,"slope + BB",0.0811890221566656,0.655434777585829,1.08457588606592
2064,"Wild boar","PIG",2,"slope + BB",0.0655608943553785,0.654191361015431,1.06775776247324
2065,"Wild boar","PIG",2,"slope + BB",0.0730159766191443,0.620765661393248,1.07574772397146
2066,"Wild boar","PIG",2,"slope + BB",0.0774621246880619,0.615710128559861,1.08054130998859
2067,"Wild boar","PIG",2,"slope + BB",0.0699299211080628,0.599851486851164,1.07243302377942
2068,"Wild boar","PIG",2,"slope + BB",0.0745271239790938,0.594676255727455,1.07737456585125
2069,"Wild boar","PIG",2,"slope + BB",0.0966923137257654,0.582623707948965,1.10152139846444
2070,"Wild boar","PIG",2,"slope + BB",0.112627452138393,0.576487330434809,1.11921489416419
2071,"Wild boar","PIG",2,"slope + BB",0.123754082421049,0.562236109125561,1.13173752393342
2072,"Wild boar","PIG",2,"slope + BB",0.142708921309911,0.57094920145067,1.15339402470315
2073,"Wild boar","PIG",2,"slope + BB",0.171232605142115,0.558450741939093,1.18676676523146
2074,"Wild boar","PIG",2,"slope + BB",0.206143633846166,0.572717068217911,1.22892970949603
2075,"Wild boar","PIG",2,"slope + BB",0.233419653556411,0.566429233529539,1.26291135802364
2076,"Wild boar","PIG",2,"slope + BB",0.261704878728749,0.573183136237319,1.29914308720982
2077,"Wild boar","PIG",2,"slope + BB",0.282059584388336,0.57644852070453,1.3258577184993
2078,"Wild boar","PIG",2,"slope + BB",0.313427482714635,0.57940796598576,1.36810625048017
2079,"Wild boar","PIG",2,"slope + BB",0.338503477766261,0.580553802043988,1.40284664488952
2080,"Wild boar","PIG",2,"slope + BB",0.395906424869261,0.581596706869722,1.48573028364314
2081,"Wild boar","PIG",2,"slope + BB",0.435366755520331,0.570677996061499,1.5455297871002
2082,"Wild boar","PIG",2,"slope + BB",0.476704883204837,0.578407165467807,1.61075801324219
2083,"Wild boar","PIG",2,"slope + BB",0.536442117311231,0.580031613344087,1.70991235928496
2084,"Wild boar","PIG",2,"slope + BB",0.558243737874965,0.583340729131101,1.74760056107065
2085,"Wild boar","PIG",2,"slope + BB",0.60414352621875,0.579351754755402,1.82968446166782
2086,"Wild boar","PIG",2,"slope + BB",0.658734291119011,0.580474191551033,1.93234500139357
2087,"Wild boar","PIG",2,"slope + BB",0.692487024792148,0.573829179105442,1.998680136271
2088,"Wild boar","PIG",2,"slope + BB",0.698012473876956,0.573927960771451,2.00975429800723
2089,"Wild boar","PIG",2,"slope + BB",0.708829265880203,0.570405560241326,2.03161149912139
2090,"Wild boar","PIG",2,"slope + BB",0.708145357173688,0.575192450983986,2.03022243350878
2091,"Wild boar","PIG",2,"slope + BB",0.687509982735395,0.590330777254612,1.98875736324563
2092,"Wild boar","PIG",2,"slope + BB",0.707589289936856,0.622516909948194,2.0290938223564
2093,"Wild boar","PIG",2,"slope + BB",0.695241763884396,0.652112520107744,2.00419355736333
2094,"Wild boar","PIG",2,"slope + BB",0.694283776110289,0.683149536997882,2.00227449534477
2095,"Wild boar","PIG",2,"slope + BB",0.679593804839367,0.7508396177295,1.97307611598836
2096,"Wild boar","PIG",2,"slope + BB",0.0506419578088545,1.00481498801303,1.05194618473618
2097,"Wild boar","PIG",2,"slope + BB",0.0573649599653482,0.812659606153448,1.05904225448911
2098,"Wild boar","PIG",2,"slope + BB",0.0755043013586353,0.74537406630457,1.07842786642231
2099,"Wild boar","PIG",2,"slope + BB",0.0616403601033773,0.692573911697769,1.06357977021998
2100,"Wild boar","PIG",2,"slope + BB",0.0616641470034556,0.673822296631021,1.06360507147217
2101,"Wild boar","PIG",2,"slope + BB",0.0951186199994431,0.653703084529823,1.09978930474367
2102,"Wild boar","PIG",2,"slope + BB",0.073299323364238,0.639813174761706,1.07605257696619
2103,"Wild boar","PIG",2,"slope + BB",0.0762627261623429,0.611636753971969,1.07924608335508
2104,"Wild boar","PIG",2,"slope + BB",0.0852231922138839,0.60774710265849,1.08896008936933
2105,"Wild boar","PIG",2,"slope + BB",0.105989530638878,0.608787608200056,1.11181023658954
2106,"Wild boar","PIG",2,"slope + BB",0.127923563211981,0.581041065516005,1.13646613224863
2107,"Wild boar","PIG",2,"slope + BB",0.143261857438053,0.572270459148111,1.15403195441485
2108,"Wild boar","PIG",2,"slope + BB",0.156812311522206,0.553441653293958,1.16977604002107
2109,"Wild boar","PIG",2,"slope + BB",0.167830002362798,0.551620949830165,1.18273553675113
2110,"Wild boar","PIG",2,"slope + BB",0.226299454528253,0.557636499143328,1.25395111039923
2111,"Wild boar","PIG",2,"slope + BB",0.256479123059344,0.577185855020459,1.29237179032984
2112,"Wild boar","PIG",2,"slope + BB",0.265859082840755,0.569699546083949,1.3045512261802
2113,"Wild boar","PIG",2,"slope + BB",0.296124688344418,0.57818662167743,1.34463783831535
2114,"Wild boar","PIG",2,"slope + BB",0.308247232495658,0.5703991588534,1.36103745026288
2115,"Wild boar","PIG",2,"slope + BB",0.333796918448515,0.571757946713397,1.39625956050742
2116,"Wild boar","PIG",2,"slope + BB",0.373692441876956,0.582099461772259,1.45309017369855
2117,"Wild boar","PIG",2,"slope + BB",0.432675860981197,0.578548172159944,1.54137652000976
2118,"Wild boar","PIG",2,"slope + BB",0.507912433458658,0.578907918960927,1.66181841489607
2119,"Wild boar","PIG",2,"slope + BB",0.572840495289211,0.559845114270439,1.77329694883978
2120,"Wild boar","PIG",2,"slope + BB",0.638062316300141,0.565073206182993,1.89280965741497
2121,"Wild boar","PIG",2,"slope + BB",0.644098741922083,0.578416184963803,1.90427002148935
2122,"Wild boar","PIG",2,"slope + BB",0.672363683595284,0.575344814323486,1.95886198870659
2123,"Wild boar","PIG",2,"slope + BB",0.710869112128367,0.570782667067861,2.03575980917681
2124,"Wild boar","PIG",2,"slope + BB",0.750735760670925,0.56191742232351,2.11855819960232
2125,"Wild boar","PIG",2,"slope + BB",0.766928328941433,0.553962523082583,2.1531423407392
2126,"Wild boar","PIG",2,"slope + BB",0.768350195817979,0.553715253776054,2.15620602663663
2127,"Wild boar","PIG",2,"slope + BB",0.761048639872339,0.572545153685988,2.14051969084257
2128,"Wild boar","PIG",2,"slope + BB",0.760094640796726,0.591202369914095,2.13847860013383
2129,"Wild boar","PIG",2,"slope + BB",0.71848875273762,0.610829228112502,2.05133080018428
2130,"Wild boar","PIG",2,"slope + BB",0.738176840853051,0.641205072728672,2.09211778738024
2131,"Wild boar","PIG",2,"slope + BB",0.712377400051622,0.692732655275257,2.03883262554238
2132,"Wild boar","PIG",2,"slope + BB",0.699627634389131,0.801613504927455,2.01300299643794
2133,"Wild boar","PIG",2,"slope + BB",0.0668355635897922,0.887064779240506,1.0691196682774
2134,"Wild boar","PIG",2,"slope + BB",0.063832569785108,0.785839727275657,1.06591391762418
2135,"Wild boar","PIG",2,"slope + BB",0.0694443738581874,0.746924626789046,1.07191243335717
2136,"Wild boar","PIG",2,"slope + BB",0.0909389526502789,0.698963371202488,1.09520214526994
2137,"Wild boar","PIG",2,"slope + BB",0.0741424867887621,0.673804707926934,1.07696029866164
2138,"Wild boar","PIG",2,"slope + BB",0.0699977368476125,0.646737043317358,1.07250575423448
2139,"Wild boar","PIG",2,"slope + BB",0.0884336108876616,0.629835448194185,1.0924617561276
2140,"Wild boar","PIG",2,"slope + BB",0.101789381823171,0.619098838134874,1.1071502624273
2141,"Wild boar","PIG",2,"slope + BB",0.100401379417725,0.619386304706813,1.10561460777053
2142,"Wild boar","PIG",2,"slope + BB",0.145895983036082,0.60292644051013,1.15707583402681
2143,"Wild boar","PIG",2,"slope + BB",0.160044984489954,0.585898568360729,1.17356366198804
2144,"Wild boar","PIG",2,"slope + BB",0.174368507646302,0.529037923319536,1.19049419206344
2145,"Wild boar","PIG",2,"slope + BB",0.204670870236946,0.533890881493071,1.22712112226843
2146,"Wild boar","PIG",2,"slope + BB",0.205281916716432,0.55349809312548,1.22787117358393
2147,"Wild boar","PIG",2,"slope + BB",0.237812463144603,0.577435660386037,1.26847128568822
2148,"Wild boar","PIG",2,"slope + BB",0.290659186065098,0.584492447699677,1.33730873282353
2149,"Wild boar","PIG",2,"slope + BB",0.286809379804926,0.581523799313966,1.33217025133514
2150,"Wild boar","PIG",2,"slope + BB",0.3199596451731,0.552160125804,1.3770721962929
2151,"Wild boar","PIG",2,"slope + BB",0.322972856558943,0.556082126001288,1.38122785949295
2152,"Wild boar","PIG",2,"slope + BB",0.343577313922113,0.569110432292093,1.40998252962396
2153,"Wild boar","PIG",2,"slope + BB",0.417126447201636,0.571369378498484,1.5175943985794
2154,"Wild boar","PIG",2,"slope + BB",0.473650918480408,0.562752485349094,1.60584632092027
2155,"Wild boar","PIG",2,"slope + BB",0.575943121599834,0.549414481815556,1.77880736814289
2156,"Wild boar","PIG",2,"slope + BB",0.737816079605115,0.524500461383508,2.09136315375207
2157,"Wild boar","PIG",2,"slope + BB",0.721312458597041,0.545427658967095,2.05713133938604
2158,"Wild boar","PIG",2,"slope + BB",0.684326224235443,0.579310477718233,1.98243570904763
2159,"Wild boar","PIG",2,"slope + BB",0.707988247410259,0.581926369243484,2.02990348806409
2160,"Wild boar","PIG",2,"slope + BB",0.734331156549456,0.591809398574078,2.08408759801438
2161,"Wild boar","PIG",2,"slope + BB",0.800241436017116,0.544756333383862,2.22607831925273
2162,"Wild boar","PIG",2,"slope + BB",0.971091143303576,0.444615907367968,2.64082440653153
2163,"Wild boar","PIG",2,"slope + BB",0.825198635164886,0.559887697182925,2.28233407211398
2164,"Wild boar","PIG",2,"slope + BB",0.805298680806471,0.570638553072015,2.23736465692065
2165,"Wild boar","PIG",2,"slope + BB",0.78748013207333,0.586639005755254,2.19785114833385
2166,"Wild boar","PIG",2,"slope + BB",0.778167742264511,0.617690433405214,2.17747890584035
2167,"Wild boar","PIG",2,"slope + BB",0.742997373145783,0.641564758824456,2.10222724157133
2168,"Wild boar","PIG",2,"slope + BB",0.728447493219603,0.696941534452265,2.07186153042845
2169,"Wild boar","PIG",2,"slope + BB",0.0887184173315298,0.844017362300027,1.09277290708884
2170,"Wild boar","PIG",2,"slope + BB",0.0987170006990812,0.768932039943824,1.10375390198929
2171,"Wild boar","PIG",2,"slope + BB",0.103540000666255,0.722468390725125,1.10909015815818
2172,"Wild boar","PIG",2,"slope + BB",0.0911268495127429,0.706235228429269,1.09540794843186
2173,"Wild boar","PIG",2,"slope + BB",0.0988124434721172,0.684635985615908,1.10385924425037
2174,"Wild boar","PIG",2,"slope + BB",0.102244742135626,0.653358182152818,1.10765452923489
2175,"Wild boar","PIG",2,"slope + BB",0.115476689438652,0.648222838145556,1.12240835333902
2176,"Wild boar","PIG",2,"slope + BB",0.121162189369627,0.61493391796235,1.12880797917961
2177,"Wild boar","PIG",2,"slope + BB",0.128731981868835,0.622643971988814,1.1373852443347
2178,"Wild boar","PIG",2,"slope + BB",0.155283458061614,0.608966122287964,1.16798899380807
2179,"Wild boar","PIG",2,"slope + BB",0.181407421441085,0.584217131116217,1.19890353896479
2180,"Wild boar","PIG",2,"slope + BB",0.204258176197949,0.551413028565428,1.22661479597269
2181,"Wild boar","PIG",2,"slope + BB",0.215341755900732,0.561246221973754,1.24028569959911
2182,"Wild boar","PIG",2,"slope + BB",0.252381464074723,0.571817489693678,1.28708692123973
2183,"Wild boar","PIG",2,"slope + BB",0.257349426321743,0.57477347993072,1.29349702985344
2184,"Wild boar","PIG",2,"slope + BB",0.295438322209593,0.5947485029884,1.34371521040231
2185,"Wild boar","PIG",2,"slope + BB",0.29112344794806,0.598145326721891,1.33792973878679
2186,"Wild boar","PIG",2,"slope + BB",0.358272336762724,0.565157445394709,1.43085524284119
2187,"Wild boar","PIG",2,"slope + BB",0.34076405317862,0.56179433935507,1.40602145745157
2188,"Wild boar","PIG",2,"slope + BB",0.374021485329031,0.573807996733532,1.45356838278809
2189,"Wild boar","PIG",2,"slope + BB",0.42499071750759,0.561570428203685,1.5295762215568
2190,"Wild boar","PIG",2,"slope + BB",0.470027143223118,0.558058751395133,1.60003762468783
2191,"Wild boar","PIG",2,"slope + BB",0.596512342333512,0.547439919882572,1.81577494558001
2192,"Wild boar","PIG",2,"slope + BB",0.767715469672972,0.497462975604306,2.15483785828619
2193,"Wild boar","PIG",2,"slope + BB",0.718988667435437,0.555394248921572,2.05235658593637
2194,"Wild boar","PIG",2,"slope + BB",0.713082003020742,0.564969404029877,2.04026969607756
2195,"Wild boar","PIG",2,"slope + BB",0.746241033116547,0.58507035167616,2.10905722340909
2196,"Wild boar","PIG",2,"slope + BB",0.769639325265215,0.586105631130793,2.15898742195927
2197,"Wild boar","PIG",2,"slope + BB",0.791774417004268,0.564237703350185,2.20730964392253
2198,"Wild boar","PIG",2,"slope + BB",0.900998293612418,0.555104257620353,2.46205974491733
2199,"Wild boar","PIG",2,"slope + BB",0.864277884276166,0.566509600686496,2.37329167699754
2200,"Wild boar","PIG",2,"slope + BB",0.824451398519311,0.579807020481418,2.28062926765505
2201,"Wild boar","PIG",2,"slope + BB",0.817840808666407,0.59282069019993,2.26560268901938
2202,"Wild boar","PIG",2,"slope + BB",0.79800728307855,0.615561071329274,2.22111047289459
2203,"Wild boar","PIG",2,"slope + BB",0.777676593763925,0.665469538261658,2.17640972946097
2204,"Wild boar","PIG",2,"slope + BB",0.757776398335855,0.772408166526242,2.13352683924668
2205,"Wild boar","PIG",2,"slope + BB",0.111622727698912,0.811546898592242,1.11809095676115
2206,"Wild boar","PIG",2,"slope + BB",0.136060355840378,0.756655110907491,1.14575107810626
2207,"Wild boar","PIG",2,"slope + BB",0.106387050091446,0.716092804483823,1.11225229251233
2208,"Wild boar","PIG",2,"slope + BB",0.114219058933168,0.696716669650081,1.12099767642539
2209,"Wild boar","PIG",2,"slope + BB",0.123423822155555,0.687810404943076,1.13136381993608
2210,"Wild boar","PIG",2,"slope + BB",0.145578874370149,0.659020975546254,1.15670896665212
2211,"Wild boar","PIG",2,"slope + BB",0.159397456418573,0.662475002642978,1.17280399461502
2212,"Wild boar","PIG",2,"slope + BB",0.184912084574384,0.645710466706963,1.20311266485117
2213,"Wild boar","PIG",2,"slope + BB",0.191897516516576,0.624302501611738,1.21154634726559
2214,"Wild boar","PIG",2,"slope + BB",0.190572895003375,0.621013850725205,1.20994256958713
2215,"Wild boar","PIG",2,"slope + BB",0.211550462390415,0.594592779228506,1.23559231686465
2216,"Wild boar","PIG",2,"slope + BB",0.236068828321647,0.583992466252648,1.26626147292976
2217,"Wild boar","PIG",2,"slope + BB",0.255381927422065,0.588148034178426,1.29095457847676
2218,"Wild boar","PIG",2,"slope + BB",0.255216513914846,0.576246130704221,1.29074105425102
2219,"Wild boar","PIG",2,"slope + BB",0.275664286681827,0.583259965789302,1.31740552074613
2220,"Wild boar","PIG",2,"slope + BB",0.275416754356439,0.589247839173624,1.31707946056612
2221,"Wild boar","PIG",2,"slope + BB",0.291212491857382,0.596859175891055,1.33804887847863
2222,"Wild boar","PIG",2,"slope + BB",0.325532194907338,0.589810556976478,1.38476742040965
2223,"Wild boar","PIG",2,"slope + BB",0.33863946768781,0.572696032913682,1.40303741383451
2224,"Wild boar","PIG",2,"slope + BB",0.374384821689573,0.595588866723611,1.45409661115278
2225,"Wild boar","PIG",2,"slope + BB",0.419665655710383,0.575008314156577,1.52145278951788
2226,"Wild boar","PIG",2,"slope + BB",0.486624149030183,0.566576541287382,1.62681506207513
2227,"Wild boar","PIG",2,"slope + BB",0.568915864207913,0.543484910356639,1.76635105631388
2228,"Wild boar","PIG",2,"slope + BB",0.632638735510589,0.570958553923743,1.88257164295161
2229,"Wild boar","PIG",2,"slope + BB",0.676110285519385,0.555331155294236,1.96621482436115
2230,"Wild boar","PIG",2,"slope + BB",0.700990301691849,0.553914599348535,2.01574791889532
2231,"Wild boar","PIG",2,"slope + BB",0.712923403636975,0.578962230907314,2.03994614143279
2232,"Wild boar","PIG",2,"slope + BB",0.752405636565556,0.575475677293821,2.12209889569987
2233,"Wild boar","PIG",2,"slope + BB",0.797256416565962,0.577215535478429,2.21944333998525
2234,"Wild boar","PIG",2,"slope + BB",0.82070128389425,0.563092764390065,2.2720926614429
2235,"Wild boar","PIG",2,"slope + BB",0.827581698168676,0.569517764606411,2.2877795047785
2236,"Wild boar","PIG",2,"slope + BB",0.821837705247807,0.591620940541486,2.27467623937793
2237,"Wild boar","PIG",2,"slope + BB",0.783001555565188,0.61163477172369,2.18802991249598
2238,"Wild boar","PIG",2,"slope + BB",0.788169214965841,0.629201622915205,2.19936617498534
2239,"Wild boar","PIG",2,"slope + BB",0.77301078407779,0.671263126976633,2.16627865920023
2240,"Wild boar","PIG",2,"slope + BB",0.77984473334922,0.775004936493852,2.18113358699518
2241,"Wild boar","PIG",2,"slope + BB",0.121918677476039,0.924724775311982,1.12966224315036
2242,"Wild boar","PIG",2,"slope + BB",0.115617307939473,0.806513056194272,1.12256619288275
2243,"Wild boar","PIG",2,"slope + BB",0.127455149620135,0.739729619800124,1.13593392102618
2244,"Wild boar","PIG",2,"slope + BB",0.148775556874731,0.714476827577099,1.16041257673622
2245,"Wild boar","PIG",2,"slope + BB",0.141345440641556,0.706176966001552,1.15182246596359
2246,"Wild boar","PIG",2,"slope + BB",0.150595072522647,0.674056827017082,1.16252582417063
2247,"Wild boar","PIG",2,"slope + BB",0.153416382533409,0.655175441379611,1.16581030128162
2248,"Wild boar","PIG",2,"slope + BB",0.176145800991487,0.652908961073097,1.19261193256442
2249,"Wild boar","PIG",2,"slope + BB",0.201149602928887,0.637182865432483,1.22280769461742
2250,"Wild boar","PIG",2,"slope + BB",0.249618425636219,0.624669276726623,1.28353556206467
2251,"Wild boar","PIG",2,"slope + BB",0.23083318601332,0.611378476965325,1.25964909764363
2252,"Wild boar","PIG",2,"slope + BB",0.246180197635482,0.611826906575127,1.27913005186203
2253,"Wild boar","PIG",2,"slope + BB",0.27155736715321,0.597895428630517,1.31200613578753
2254,"Wild boar","PIG",2,"slope + BB",0.25608517339031,0.579491440839699,1.29186275559187
2255,"Wild boar","PIG",2,"slope + BB",0.274044045124934,0.584173678177551,1.31527274038117
2256,"Wild boar","PIG",2,"slope + BB",0.281592532425873,0.592102260675534,1.32523861829382
2257,"Wild boar","PIG",2,"slope + BB",0.269636418643389,0.591968308508503,1.30948825876061
2258,"Wild boar","PIG",2,"slope + BB",0.306199527122122,0.601297771494681,1.35825328918521
2259,"Wild boar","PIG",2,"slope + BB",0.317990926994495,0.591643928466189,1.37436379157008
2260,"Wild boar","PIG",2,"slope + BB",0.336935390036512,0.586800223980408,1.40064856505888
2261,"Wild boar","PIG",2,"slope + BB",0.385971122206443,0.588627108221507,1.47104219376922
2262,"Wild boar","PIG",2,"slope + BB",0.410822638031859,0.589989097673456,1.50805786075409
2263,"Wild boar","PIG",2,"slope + BB",0.47537446005527,0.572065685842839,1.60861644979765
2264,"Wild boar","PIG",2,"slope + BB",0.513769750371746,0.569498619635217,1.67158077625544
2265,"Wild boar","PIG",2,"slope + BB",0.569085171894088,0.572899162981791,1.76665013284795
2266,"Wild boar","PIG",2,"slope + BB",0.622998710055319,0.561209037992049,1.8645108032146
2267,"Wild boar","PIG",2,"slope + BB",0.66529445871781,0.574395199634486,1.94506317869504
2268,"Wild boar","PIG",2,"slope + BB",0.713602716661075,0.566743893081234,2.04133236893276
2269,"Wild boar","PIG",2,"slope + BB",0.735254531735093,0.571246756335057,2.08601288932962
2270,"Wild boar","PIG",2,"slope + BB",0.773854542469338,0.569604389459513,2.16810723148142
2271,"Wild boar","PIG",2,"slope + BB",0.830861101760361,0.584098267224748,2.2952943765215
2272,"Wild boar","PIG",2,"slope + BB",0.834103950805407,0.595564145693573,2.30274975026049
2273,"Wild boar","PIG",2,"slope + BB",0.804574347830503,0.602232921608916,2.23574464737511
2274,"Wild boar","PIG",2,"slope + BB",0.787367338559887,0.607260813352239,2.19760326597194
2275,"Wild boar","PIG",2,"slope + BB",0.790803882552846,0.634578391887841,2.20516841959928
2276,"Wild boar","PIG",2,"slope + BB",0.787275823942647,0.680282890115487,2.19740215679714
2277,"Wild boar","PIG",2,"slope + BB",0.779707713504742,0.811452328206583,2.18083474396766
2278,"Wild boar","PIG",2,"slope + BB",0.125760861226578,0.916222242846065,1.13401094991576
2279,"Wild boar","PIG",2,"slope + BB",0.139596935545556,0.804371140574846,1.14981025879763
2280,"Wild boar","PIG",2,"slope + BB",0.140932696795576,0.752963536954781,1.15134715605744
2281,"Wild boar","PIG",2,"slope + BB",0.126482413843446,0.719451031206515,1.13482950154881
2282,"Wild boar","PIG",2,"slope + BB",0.138236025203521,0.699397120516616,1.14824653448178
2283,"Wild boar","PIG",2,"slope + BB",0.157407516325903,0.675472861189734,1.1704725033943
2284,"Wild boar","PIG",2,"slope + BB",0.192250648948138,0.653488911432492,1.21197426048377
2285,"Wild boar","PIG",2,"slope + BB",0.183365155804627,0.644791198358619,1.20125297287631
2286,"Wild boar","PIG",2,"slope + BB",0.21233541862333,0.648516245558109,1.23656258178533
2287,"Wild boar","PIG",2,"slope + BB",0.244532702364252,0.622564207214307,1.2770244757339
2288,"Wild boar","PIG",2,"slope + BB",0.260856791981623,0.615545613217621,1.29804178043193
2289,"Wild boar","PIG",2,"slope + BB",0.289321121165999,0.594005347003632,1.33552052747481
2290,"Wild boar","PIG",2,"slope + BB",0.290860053838629,0.594091233981356,1.3375773820311
2291,"Wild boar","PIG",2,"slope + BB",0.285803746789471,0.590232827981304,1.33083124982923
2292,"Wild boar","PIG",2,"slope + BB",0.306373032906233,0.567107888226725,1.35848898617813
2293,"Wild boar","PIG",2,"slope + BB",0.272562135397816,0.580697123471745,1.31332506048214
2294,"Wild boar","PIG",2,"slope + BB",0.281761726249049,0.607565311563863,1.32546286914477
2295,"Wild boar","PIG",2,"slope + BB",0.310043370661602,0.587668676642818,1.36348427068992
2296,"Wild boar","PIG",2,"slope + BB",0.306061358512454,0.586939677707516,1.35806563410755
2297,"Wild boar","PIG",2,"slope + BB",0.34989810994747,0.586482969385491,1.41892296863813
2298,"Wild boar","PIG",2,"slope + BB",0.370383894345565,0.592003552436346,1.44829049849003
2299,"Wild boar","PIG",2,"slope + BB",0.400183137232934,0.578546356257927,1.49209793173485
2300,"Wild boar","PIG",2,"slope + BB",0.457966178885351,0.58657687153442,1.58085553605396
2301,"Wild boar","PIG",2,"slope + BB",0.472620143775469,0.575656248749576,1.60419191507105
2302,"Wild boar","PIG",2,"slope + BB",0.513589854610226,0.558516282220088,1.67128009158691
2303,"Wild boar","PIG",2,"slope + BB",0.563751150887717,0.560187267875842,1.75725186997683
2304,"Wild boar","PIG",2,"slope + BB",0.6161982618634,0.567902768329523,1.85187430098499
2305,"Wild boar","PIG",2,"slope + BB",0.689387393404237,0.56659526981796,1.99249454398872
2306,"Wild boar","PIG",2,"slope + BB",0.748561505931891,0.573227244162848,2.11395691393033
2307,"Wild boar","PIG",2,"slope + BB",0.818152394475306,0.564407868092607,2.26630873156008
2308,"Wild boar","PIG",2,"slope + BB",0.8602527588769,0.574692297898052,2.36375809260322
2309,"Wild boar","PIG",2,"slope + BB",0.85683351971236,0.583097570183339,2.3556896266922
2310,"Wild boar","PIG",2,"slope + BB",0.823472048245016,0.59381574172667,2.27839685900052
2311,"Wild boar","PIG",2,"slope + BB",0.783434979384876,0.621383495585468,2.18897846275172
2312,"Wild boar","PIG",2,"slope + BB",0.758673981335547,0.625190905169701,2.13544270793126
2313,"Wild boar","PIG",2,"slope + BB",0.76163403750697,0.679595739590271,2.14177310389606
2314,"Wild boar","PIG",2,"slope + BB",0.123947196864967,0.822108103314937,1.13195609904399
2315,"Wild boar","PIG",2,"slope + BB",0.136310084787962,0.752069936246864,1.14603720723881
2316,"Wild boar","PIG",2,"slope + BB",0.149040959533809,0.71755504702459,1.16072053599496
2317,"Wild boar","PIG",2,"slope + BB",0.150415636301723,0.684762820894526,1.16231724539265
2318,"Wild boar","PIG",2,"slope + BB",0.180841503243819,0.662477928750492,1.19822526780382
2319,"Wild boar","PIG",2,"slope + BB",0.185474070350915,0.651786043549706,1.20378898643183
2320,"Wild boar","PIG",2,"slope + BB",0.18893279352515,0.644857085347842,1.2079597680102
2321,"Wild boar","PIG",2,"slope + BB",0.246412352767249,0.634656587617707,1.27942705383471
2322,"Wild boar","PIG",2,"slope + BB",0.234596186932054,0.630402067832852,1.26439808869388
2323,"Wild boar","PIG",2,"slope + BB",0.282952627294734,0.60819748012163,1.32704229550178
2324,"Wild boar","PIG",2,"slope + BB",0.342502111289938,0.601424519618296,1.40846733340286
2325,"Wild boar","PIG",2,"slope + BB",0.33867557710038,0.584675781770771,1.40308807748769
2326,"Wild boar","PIG",2,"slope + BB",0.358379144093236,0.593921817574284,1.43100808891175
2327,"Wild boar","PIG",2,"slope + BB",0.333997641922586,0.564258072523139,1.39653985225472
2328,"Wild boar","PIG",2,"slope + BB",0.314597697978458,0.582545577545952,1.36970816763257
2329,"Wild boar","PIG",2,"slope + BB",0.312242795802871,0.584778347934815,1.36648643296856
2330,"Wild boar","PIG",2,"slope + BB",0.31893302163998,0.591935891360794,1.3756591825365
2331,"Wild boar","PIG",2,"slope + BB",0.34843942420481,0.588640925293229,1.41685472016524
2332,"Wild boar","PIG",2,"slope + BB",0.354281962871507,0.588628752916248,1.42515697147668
2333,"Wild boar","PIG",2,"slope + BB",0.356561263150261,0.585981257309426,1.42840904007792
2334,"Wild boar","PIG",2,"slope + BB",0.371499634377845,0.599440955088007,1.44990732565306
2335,"Wild boar","PIG",2,"slope + BB",0.40579365733404,0.570534987243081,1.50049290482004
2336,"Wild boar","PIG",2,"slope + BB",0.434934626661402,0.55579125963854,1.54486206300638
2337,"Wild boar","PIG",2,"slope + BB",0.477570928010112,0.54694173920064,1.61215360587188
2338,"Wild boar","PIG",2,"slope + BB",0.521059020089391,0.5575876493131,1.68380989437638
2339,"Wild boar","PIG",2,"slope + BB",0.576238434297393,0.562702841074981,1.77933275289924
2340,"Wild boar","PIG",2,"slope + BB",0.647409985695321,0.568753275055321,1.91058599149393
2341,"Wild boar","PIG",2,"slope + BB",0.741515409407911,0.580087763534912,2.09911412552833
2342,"Wild boar","PIG",2,"slope + BB",0.883821236796985,0.572757814477687,2.42012994942172
2343,"Wild boar","PIG",2,"slope + BB",0.912734612210721,0.568201024923493,2.4911256001485
2344,"Wild boar","PIG",2,"slope + BB",0.912773992805479,0.589292587744981,2.49122359487725
2345,"Wild boar","PIG",2,"slope + BB",0.824419802187141,0.577355998919689,2.28055721360946
2346,"Wild boar","PIG",2,"slope + BB",0.786771221238863,0.603519845362343,2.19629363899307
2347,"Wild boar","PIG",2,"slope + BB",0.755714242618063,0.627113576383818,2.12913169974755
2348,"Wild boar","PIG",2,"slope + BB",0.747033212500556,0.701417031572238,2.11072864954582
2349,"Wild boar","PIG",2,"slope + BB",0.165879167518818,0.849377221901353,1.18043047407224
2350,"Wild boar","PIG",2,"slope + BB",0.151302277975567,0.756230095490777,1.16334826762902
2351,"Wild boar","PIG",2,"slope + BB",0.148007820326985,0.728551843881915,1.15952196544749
2352,"Wild boar","PIG",2,"slope + BB",0.162463392291451,0.673043789260782,1.1764052684797
2353,"Wild boar","PIG",2,"slope + BB",0.201960955907859,0.669362998327013,1.22380022585299
2354,"Wild boar","PIG",2,"slope + BB",0.212974061618217,0.645710808743031,1.23735255605834
2355,"Wild boar","PIG",2,"slope + BB",0.193952193249876,0.635706340557491,1.21403824249735
2356,"Wild boar","PIG",2,"slope + BB",0.233253249897574,0.627560473046835,1.26270121817412
2357,"Wild boar","PIG",2,"slope + BB",0.260542325526636,0.626214159105268,1.29763363572409
2358,"Wild boar","PIG",2,"slope + BB",0.290026190004665,0.616891604154939,1.33646248952625
2359,"Wild boar","PIG",2,"slope + BB",0.341845737354238,0.59387419641357,1.40754315870217
2360,"Wild boar","PIG",2,"slope + BB",0.430692332996664,0.575417821139204,1.53832218618873
2361,"Wild boar","PIG",2,"slope + BB",0.45901868926449,0.550398411932086,1.58252027942053
2362,"Wild boar","PIG",2,"slope + BB",0.381170907510336,0.580377538567355,1.46399779235391
2363,"Wild boar","PIG",2,"slope + BB",0.322811727068395,0.583313792078141,1.38100533336671
2364,"Wild boar","PIG",2,"slope + BB",0.313360319563659,0.584131565011653,1.36801436531229
2365,"Wild boar","PIG",2,"slope + BB",0.341523817297453,0.574973244208504,1.40709010607851
2366,"Wild boar","PIG",2,"slope + BB",0.354813516081435,0.531435842959102,1.42591472573777
2367,"Wild boar","PIG",2,"slope + BB",0.365728881216294,0.564402564808297,1.44156435623126
2368,"Wild boar","PIG",2,"slope + BB",0.330009747134955,0.591189502415404,1.39098168880165
2369,"Wild boar","PIG",2,"slope + BB",0.364733645197567,0.582880016385869,1.44013038295763
2370,"Wild boar","PIG",2,"slope + BB",0.397184867196922,0.577144050393506,1.48763091948309
2371,"Wild boar","PIG",2,"slope + BB",0.403003371572084,0.555548025067183,1.49631194962105
2372,"Wild boar","PIG",2,"slope + BB",0.396315738508062,0.502575946270459,1.48633854684884
2373,"Wild boar","PIG",2,"slope + BB",0.449333042998975,0.532551331258651,1.56726654085053
2374,"Wild boar","PIG",2,"slope + BB",0.528226878627005,0.576051394049822,1.69592257012936
2375,"Wild boar","PIG",2,"slope + BB",0.628563917680609,0.576214859242135,1.87491611116852
2376,"Wild boar","PIG",2,"slope + BB",0.715438186917922,0.579932065548253,2.04508262431699
2377,"Wild boar","PIG",2,"slope + BB",0.864370552443884,0.581890973648263,2.37351161552798
2378,"Wild boar","PIG",2,"slope + BB",1.32181625079839,0.533962414782822,3.75022659641107
2379,"Wild boar","PIG",2,"slope + BB",0.927415470412999,0.57719250531133,2.52796712455965
2380,"Wild boar","PIG",2,"slope + BB",0.820216429117025,0.586025670448705,2.27099129299168
2381,"Wild boar","PIG",2,"slope + BB",0.775924756842465,0.610760535633793,2.1726003300989
2382,"Wild boar","PIG",2,"slope + BB",0.739594451550605,0.640468855697694,2.09508568516094
2383,"Wild boar","PIG",2,"slope + BB",0.731623019277719,0.711159490849617,2.07845123808889
2384,"Wild boar","PIG",2,"slope + BB",0.701303111952282,0.847802439194517,2.01637856414349
2385,"Wild boar","PIG",2,"slope + BB",0.181291675923567,0.834682640049968,1.19876481600076
2386,"Wild boar","PIG",2,"slope + BB",0.158745559569679,0.762211254708319,1.17203969571
2387,"Wild boar","PIG",2,"slope + BB",0.193428526144145,0.731105555768341,1.21340266054777
2388,"Wild boar","PIG",2,"slope + BB",0.182543278344608,0.692452115886953,1.20026609918077
2389,"Wild boar","PIG",2,"slope + BB",0.194893852354688,0.689992365682579,1.21518199402971
2390,"Wild boar","PIG",2,"slope + BB",0.222977516557769,0.660322086952531,1.24979249525316
2391,"Wild boar","PIG",2,"slope + BB",0.212305494655984,0.633898408383656,1.23652557934328
2392,"Wild boar","PIG",2,"slope + BB",0.238824922165069,0.632923615647927,1.26975621105069
2393,"Wild boar","PIG",2,"slope + BB",0.254960696800428,0.625272823792939,1.29041090295517
2394,"Wild boar","PIG",2,"slope + BB",0.287166047133218,0.618909029072977,1.33264547726134
2395,"Wild boar","PIG",2,"slope + BB",0.319062769316084,0.609886001595728,1.37583770993
2396,"Wild boar","PIG",2,"slope + BB",0.394848913191596,0.598477266747664,1.48415993798888
2397,"Wild boar","PIG",2,"slope + BB",0.421713183350368,0.572573736630073,1.52457122362432
2398,"Wild boar","PIG",2,"slope + BB",0.37092881888457,0.57325977810515,1.44907992634352
2399,"Wild boar","PIG",2,"slope + BB",0.322045063677982,0.586039411459897,1.37994696004281
2400,"Wild boar","PIG",2,"slope + BB",0.301437170417566,0.572963722358724,1.35180017963088
2401,"Wild boar","PIG",2,"slope + BB",0.300106201510128,0.551572312260847,1.35000217232096
2402,"Wild boar","PIG",2,"slope + BB",0.316380340419684,0.548933688732457,1.37215204128388
2403,"Wild boar","PIG",2,"slope + BB",0.322304349173074,0.558044974133351,1.38030482640558
2404,"Wild boar","PIG",2,"slope + BB",0.322958479970946,0.587944278380912,1.38120800201435
2405,"Wild boar","PIG",2,"slope + BB",0.32769419694951,0.587262690259005,1.38776452479581
2406,"Wild boar","PIG",2,"slope + BB",0.342923859174845,0.58016403909258,1.40906147078241
2407,"Wild boar","PIG",2,"slope + BB",0.352136826773609,0.571026486409321,1.42210309230051
2408,"Wild boar","PIG",2,"slope + BB",0.352662071145855,0.541098042311367,1.42285024874415
2409,"Wild boar","PIG",2,"slope + BB",0.384758596348605,0.561022205716218,1.46925960207654
2410,"Wild boar","PIG",2,"slope + BB",0.452998583686851,0.581092142757494,1.57302195914821
2411,"Wild boar","PIG",2,"slope + BB",0.519603289083404,0.575408217647567,1.68136052711862
2412,"Wild boar","PIG",2,"slope + BB",0.610510537943186,0.581639425498337,1.84137124920813
2413,"Wild boar","PIG",2,"slope + BB",0.779692154256226,0.581716908712449,2.18080081207909
2414,"Wild boar","PIG",2,"slope + BB",0.963165596281463,0.568988142121145,2.61997714979603
2415,"Wild boar","PIG",2,"slope + BB",0.870432379923067,0.585642560504248,2.38794313760608
2416,"Wild boar","PIG",2,"slope + BB",0.759737371048369,0.599791737753964,2.1377147251162
2417,"Wild boar","PIG",2,"slope + BB",0.737062281456438,0.610106154865209,2.08978728215648
2418,"Wild boar","PIG",2,"slope + BB",0.695260020865192,0.636642557722647,2.00423015227668
2419,"Wild boar","PIG",2,"slope + BB",0.713025553056722,0.716969023175378,2.04015452606164
2420,"Wild boar","PIG",2,"slope + BB",0.693137413578732,0.836411396728602,1.99998047267358
2421,"Wild boar","PIG",2,"slope + BB",0.204470050210359,0.910334789422382,1.22687475091971
2422,"Wild boar","PIG",2,"slope + BB",0.170575298922271,0.803641710728009,1.18598696909502
2423,"Wild boar","PIG",2,"slope + BB",0.182556156960534,0.735914635886533,1.20028157932563
2424,"Wild boar","PIG",2,"slope + BB",0.197071009087808,0.709031860450567,1.21783051798919
2425,"Wild boar","PIG",2,"slope + BB",0.191530909240397,0.705749529642753,1.21110227561054
2426,"Wild boar","PIG",2,"slope + BB",0.211186980339736,0.684455332390376,1.23514328461173
2427,"Wild boar","PIG",2,"slope + BB",0.221057169788406,0.662632791920536,1.24739474576619
2428,"Wild boar","PIG",2,"slope + BB",0.238553541969429,0.647295874815732,1.26941167102702
2429,"Wild boar","PIG",2,"slope + BB",0.236698502787719,0.628704740035741,1.2670590593653
2430,"Wild boar","PIG",2,"slope + BB",0.24048475541257,0.626725702363546,1.27186554604271
2431,"Wild boar","PIG",2,"slope + BB",0.282271181852117,0.616710889162759,1.32613829632445
2432,"Wild boar","PIG",2,"slope + BB",0.297382476972987,0.596515382838733,1.34633014270057
2433,"Wild boar","PIG",2,"slope + BB",0.331289188157418,0.596156894278936,1.39276250586493
2434,"Wild boar","PIG",2,"slope + BB",0.345957419408222,0.577921722487607,1.41334243940347
2435,"Wild boar","PIG",2,"slope + BB",0.337030462309989,0.5683791139273,1.4007817341519
2436,"Wild boar","PIG",2,"slope + BB",0.302912840419199,0.570161075560719,1.3537964684883
2437,"Wild boar","PIG",2,"slope + BB",0.292835965279848,0.569517665753001,1.34022295637335
2438,"Wild boar","PIG",2,"slope + BB",0.272374794059586,0.563842058260318,1.31307906039165
2439,"Wild boar","PIG",2,"slope + BB",0.272961883549933,0.569447322099998,1.31385016551387
2440,"Wild boar","PIG",2,"slope + BB",0.279335391706451,0.56663695757934,1.32225074167416
2441,"Wild boar","PIG",2,"slope + BB",0.259165952288138,0.582308065494365,1.2958488361806
2442,"Wild boar","PIG",2,"slope + BB",0.287720852368748,0.580394920633812,1.33338504381177
2443,"Wild boar","PIG",2,"slope + BB",0.288787852664249,0.584972137638557,1.33480852252491
2444,"Wild boar","PIG",2,"slope + BB",0.292628310651817,0.582248676737033,1.33994465471002
2445,"Wild boar","PIG",2,"slope + BB",0.31145216699084,0.574514461077239,1.36540647383248
2446,"Wild boar","PIG",2,"slope + BB",0.331152226121076,0.564946376604998,1.39257176696771
2447,"Wild boar","PIG",2,"slope + BB",0.38907110042987,0.568324626153182,1.47560947013533
2448,"Wild boar","PIG",2,"slope + BB",0.420872196498848,0.57314383558323,1.52328958443251
2449,"Wild boar","PIG",2,"slope + BB",0.520242093147347,0.589407381525834,1.68243490651234
2450,"Wild boar","PIG",2,"slope + BB",0.611668859577209,0.574956328829508,1.84350538490577
2451,"Wild boar","PIG",2,"slope + BB",0.656545070129471,0.578111993814441,1.92811930393612
2452,"Wild boar","PIG",2,"slope + BB",0.68770674966724,0.574733703090618,1.98914872882055
2453,"Wild boar","PIG",2,"slope + BB",0.675922817986957,0.605186167415297,1.96584626008922
2454,"Wild boar","PIG",2,"slope + BB",0.646355459561366,0.62316960274485,1.90857226943881
2455,"Wild boar","PIG",2,"slope + BB",0.677768048283488,0.667369997306199,1.96947704645991
2456,"Wild boar","PIG",2,"slope + BB",0.686504382387675,0.76799575023187,1.98675843287791
2457,"Wild boar","PIG",2,"slope + BB",0.185649934386035,0.857311381750375,1.20400070760518
2458,"Wild boar","PIG",2,"slope + BB",0.177120536462288,0.793569478914253,1.19377500245536
2459,"Wild boar","PIG",2,"slope + BB",0.196594348252177,0.748147946270318,1.21725017913488
2460,"Wild boar","PIG",2,"slope + BB",0.198935446066836,0.704779113043314,1.22010320349258
2461,"Wild boar","PIG",2,"slope + BB",0.207186521083168,0.687035029641307,1.23021201719334
2462,"Wild boar","PIG",2,"slope + BB",0.220316755821122,0.676021702228902,1.24647150103565
2463,"Wild boar","PIG",2,"slope + BB",0.218247057595701,0.644770232671263,1.24389434403882
2464,"Wild boar","PIG",2,"slope + BB",0.237520101551977,0.645374600940829,1.26810048814117
2465,"Wild boar","PIG",2,"slope + BB",0.230006431447986,0.631089654007944,1.25860811584074
2466,"Wild boar","PIG",2,"slope + BB",0.240354776226768,0.638140632018715,1.27170024490485
2467,"Wild boar","PIG",2,"slope + BB",0.258111525960197,0.623493787434748,1.29448319230089
2468,"Wild boar","PIG",2,"slope + BB",0.298369881177643,0.599534363697565,1.34766016996062
2469,"Wild boar","PIG",2,"slope + BB",0.296830825045097,0.590738935318688,1.34558764052717
2470,"Wild boar","PIG",2,"slope + BB",0.312203962587655,0.573542962088457,1.36643336741705
2471,"Wild boar","PIG",2,"slope + BB",0.274654614623093,0.573801017772859,1.31607604310912
2472,"Wild boar","PIG",2,"slope + BB",0.278197169672197,0.573686088456015,1.32074658296532
2473,"Wild boar","PIG",2,"slope + BB",0.265568000303425,0.553807314531616,1.30417153897628
2474,"Wild boar","PIG",2,"slope + BB",0.240823455281726,0.560279603527227,1.27229640594987
2475,"Wild boar","PIG",2,"slope + BB",0.223493947719323,0.58708694294008,1.25043807317157
2476,"Wild boar","PIG",2,"slope + BB",0.20582527198971,0.584701265126461,1.22853854068924
2477,"Wild boar","PIG",2,"slope + BB",0.195805314660697,0.568970998628483,1.21629008843737
2478,"Wild boar","PIG",2,"slope + BB",0.206347041667615,0.578413249190454,1.22917970821124
2479,"Wild boar","PIG",2,"slope + BB",0.21591396586679,0.572991544018422,1.24099560642899
2480,"Wild boar","PIG",2,"slope + BB",0.219117652906749,0.58914432829291,1.24497774332512
2481,"Wild boar","PIG",2,"slope + BB",0.240289843532862,0.57868118933674,1.27161766716974
2482,"Wild boar","PIG",2,"slope + BB",0.256363928956405,0.569613210729439,1.2922229201133
2483,"Wild boar","PIG",2,"slope + BB",0.29470009910641,0.571126029942217,1.34272361554244
2484,"Wild boar","PIG",2,"slope + BB",0.32225477746542,0.572195119610468,1.38023638912404
2485,"Wild boar","PIG",2,"slope + BB",0.376873907480753,0.567676501869949,1.45772049144745
2486,"Wild boar","PIG",2,"slope + BB",0.421198264104712,0.572915295173092,1.52378636076625
2487,"Wild boar","PIG",2,"slope + BB",0.479941618295187,0.57784303919999,1.61598005579263
2488,"Wild boar","PIG",2,"slope + BB",0.507184260552409,0.596648694273085,1.6606087673375
2489,"Wild boar","PIG",2,"slope + BB",0.548866325695671,0.610702768122218,1.73128918754266
2490,"Wild boar","PIG",2,"slope + BB",0.580839702860626,0.657097397083769,1.78753880357709
2491,"Wild boar","PIG",2,"slope + BB",0.593475594607805,0.741558127612357,1.8102692564338
2492,"Wild boar","PIG",2,"slope + BB",0.161618972289849,0.889374791458809,1.17541229241297
2493,"Wild boar","PIG",2,"slope + BB",0.182313764989441,0.768133216560477,1.19999065206291
2494,"Wild boar","PIG",2,"slope + BB",0.162721114006823,0.724635173239335,1.17670847708328
2495,"Wild boar","PIG",2,"slope + BB",0.176261386404653,0.704463577400568,1.19274978789869
2496,"Wild boar","PIG",2,"slope + BB",0.170197368971708,0.692780638379798,1.18553881698209
2497,"Wild boar","PIG",2,"slope + BB",0.19375126709994,0.674716779424884,1.21379433745344
2498,"Wild boar","PIG",2,"slope + BB",0.199656342056606,0.655806946391331,1.2209830868242
2499,"Wild boar","PIG",2,"slope + BB",0.213039387234011,0.634206181985452,1.23743339317128
2500,"Wild boar","PIG",2,"slope + BB",0.24443726191075,0.633397521900217,1.27690254933265
2501,"Wild boar","PIG",2,"slope + BB",0.227308257008447,0.627466693381325,1.2552167393481
2502,"Wild boar","PIG",2,"slope + BB",0.236402414857015,0.622305157568871,1.26668394019126
2503,"Wild boar","PIG",2,"slope + BB",0.265958126246622,0.595578992676077,1.30468043132649
2504,"Wild boar","PIG",2,"slope + BB",0.283833759717574,0.583313618295002,1.32821211182797
2505,"Wild boar","PIG",2,"slope + BB",0.28367346286057,0.556040608763469,1.32799922689282
2506,"Wild boar","PIG",2,"slope + BB",0.269300754341098,0.554267046055112,1.3090487928221
2507,"Wild boar","PIG",2,"slope + BB",0.235913735030798,0.561679689833223,1.26606512632273
2508,"Wild boar","PIG",2,"slope + BB",0.194451561413729,0.558272602770092,1.21464464688888
2509,"Wild boar","PIG",2,"slope + BB",0.18285059123759,0.585002250820946,1.20063500938682
2510,"Wild boar","PIG",2,"slope + BB",0.143547910571545,0.582397040953266,1.15436212023602
2511,"Wild boar","PIG",2,"slope + BB",0.12768365869455,0.577637260644174,1.13619352243946
2512,"Wild boar","PIG",2,"slope + BB",0.156766321626097,0.579177786100554,1.16972226012593
2513,"Wild boar","PIG",2,"slope + BB",0.140296998250973,0.573026443854174,1.15061547964521
2514,"Wild boar","PIG",2,"slope + BB",0.138082937665307,0.581279872881442,1.14807077038054
2515,"Wild boar","PIG",2,"slope + BB",0.150758374690207,0.574904539108392,1.16271568443731
2516,"Wild boar","PIG",2,"slope + BB",0.179684708991323,0.56388140142477,1.19683995453794
2517,"Wild boar","PIG",2,"slope + BB",0.2039897055123,0.574427016625359,1.22628553019141
2518,"Wild boar","PIG",2,"slope + BB",0.193992615434813,0.573056612682121,1.21408732168072
2519,"Wild boar","PIG",2,"slope + BB",0.208359820639288,0.562905971478175,1.23165628066811
2520,"Wild boar","PIG",2,"slope + BB",0.217648779474933,0.567630655221555,1.2431503712649
2521,"Wild boar","PIG",2,"slope + BB",0.261469052257754,0.570503572121491,1.29883674551139
2522,"Wild boar","PIG",2,"slope + BB",0.312283097490698,0.566936352748816,1.36654150274863
2523,"Wild boar","PIG",2,"slope + BB",0.393496714976932,0.598894044100047,1.48215441502348
2524,"Wild boar","PIG",2,"slope + BB",0.429950414860214,0.607348633062585,1.53718130085923
2525,"Wild boar","PIG",2,"slope + BB",0.49163875195137,0.686221941914722,1.63499337881898
2526,"Wild boar","PIG",2,"slope + BB",0.151245753632201,0.762072312928207,1.16328250397053
2527,"Wild boar","PIG",2,"slope + BB",0.151803412306592,0.732556073924351,1.16393140334499
2528,"Wild boar","PIG",2,"slope + BB",0.170715505396396,0.70169404982184,1.18615324987005
2529,"Wild boar","PIG",2,"slope + BB",0.17278127320715,0.683474548767354,1.18860610438753
2530,"Wild boar","PIG",2,"slope + BB",0.176809938526853,0.661610438255234,1.1934042538725
2531,"Wild boar","PIG",2,"slope + BB",0.20072488888081,0.631237127964192,1.22228846049307
2532,"Wild boar","PIG",2,"slope + BB",0.234058364731662,0.643567478626074,1.26371825131474
2533,"Wild boar","PIG",2,"slope + BB",0.212305078279487,0.634438283595801,1.23652506448422
2534,"Wild boar","PIG",2,"slope + BB",0.204148606519065,0.627264993421169,1.22648041421913
2535,"Wild boar","PIG",2,"slope + BB",0.208738307234676,0.604469707130116,1.23212252107322
2536,"Wild boar","PIG",2,"slope + BB",0.225888703216258,0.598102815072156,1.25343615410987
2537,"Wild boar","PIG",2,"slope + BB",0.24078956546637,0.571726981681706,1.27225328673792
2538,"Wild boar","PIG",2,"slope + BB",0.265686158869731,0.537153637901929,1.30432564384057
2539,"Wild boar","PIG",2,"slope + BB",0.263137415040915,0.552052783646016,1.30100548494433
2540,"Wild boar","PIG",2,"slope + BB",0.207879943455372,0.558376388237279,1.23106538342574
2541,"Wild boar","PIG",2,"slope + BB",0.17212869823338,0.571274225532946,1.18783069640619
2542,"Wild boar","PIG",2,"slope + BB",0.112557413142727,0.582912574656554,1.11913650824846
2543,"Wild boar","PIG",2,"slope + BB",0.0608445751887909,0.579798433374636,1.06273372618037
2544,"Wild boar","PIG",2,"slope + BB",0.0583527187223583,0.570358140687835,1.06008884480827
2545,"Wild boar","PIG",2,"slope + BB",0.0783728848209899,0.585266307652624,1.08152586971756
2546,"Wild boar","PIG",2,"slope + BB",0.0990813085845042,0.584031937290823,1.10415607337585
2547,"Wild boar","PIG",2,"slope + BB",0.106268322343207,0.579424134364316,1.11212024319479
2548,"Wild boar","PIG",2,"slope + BB",0.109337149465848,0.579297766686459,1.11553839083571
2549,"Wild boar","PIG",2,"slope + BB",0.0909482743554356,0.571876791097033,1.0952123781921
2550,"Wild boar","PIG",2,"slope + BB",0.106916969400568,0.57452939979992,1.11284186796698
2551,"Wild boar","PIG",2,"slope + BB",0.119936667571232,0.582151969550636,1.12742544766894
2552,"Wild boar","PIG",2,"slope + BB",0.11392728584158,0.582972597213343,1.12067063475114
2553,"Wild boar","PIG",2,"slope + BB",0.0522683504924642,0.553196723103965,1.05365845434753
2554,"Wild boar","PIG",2,"slope + BB",0.0175576585869095,0.520567504839344,1.01771270287361
2555,"Wild boar","PIG",2,"slope + BB",0.213502056855647,0.568292800781639,1.23800604899263
2556,"Wild boar","PIG",2,"slope + BB",0.248643709039619,0.621054604230025,1.28228508682955
2557,"Wild boar","PIG",2,"slope + BB",0.326487765893606,0.657509022805361,1.38609129314882
2558,"Wild boar","PIG",2,"slope + BB",0.347721576372131,0.759859671493308,1.41583799466161
2559,"Wild boar","PIG",2,"slope + BB",0.163377955879185,0.874942713050473,1.1774816830176
2560,"Wild boar","PIG",2,"slope + BB",0.13850862883557,0.76894607550635,1.14855960377912
2561,"Wild boar","PIG",2,"slope + BB",0.151867743481483,0.735953348368123,1.1640062932126
2562,"Wild boar","PIG",2,"slope + BB",0.168656078141943,0.713574032640819,1.18371296873643
2563,"Wild boar","PIG",2,"slope + BB",0.170017142200035,0.687283784941784,1.18532518287235
2564,"Wild boar","PIG",2,"slope + BB",0.161136150377186,0.674709300419179,1.17484493311492
2565,"Wild boar","PIG",2,"slope + BB",0.180028825764155,0.645009341098457,1.19725189879966
2566,"Wild boar","PIG",2,"slope + BB",0.192914342082801,0.625344556412831,1.21277890989547
2567,"Wild boar","PIG",2,"slope + BB",0.177402298112506,0.621634941598775,1.19411139238783
2568,"Wild boar","PIG",2,"slope + BB",0.165906884336053,0.611187659578505,1.18046318576352
2569,"Wild boar","PIG",2,"slope + BB",0.177766481999828,0.604924138335014,1.19454634191918
2570,"Wild boar","PIG",2,"slope + BB",0.166932609615166,0.589604104651817,1.18167463462664
2571,"Wild boar","PIG",2,"slope + BB",0.217603053424709,0.566468609936778,1.24309355434754
2572,"Wild boar","PIG",2,"slope + BB",0.308889070345024,0.476031526783506,1.36191128577587
2573,"Wild boar","PIG",2,"slope + BB",0.244978547529379,0.538791341668428,1.2775939092335
2574,"Wild boar","PIG",2,"slope + BB",0.172258731684202,0.565378334848047,1.18798516287572
2575,"Wild boar","PIG",2,"slope + BB",0.11200829300926,0.584620148113268,1.11852213755882
2576,"Wild boar","PIG",2,"slope + BB",0.0728685666098016,0.575121536337102,1.07558915939878
2577,"Wild boar","PIG",2,"slope + BB",-0.0715227835216718,0.532211730791114,0.930975067352217
2578,"Wild boar","PIG",2,"slope + BB",-0.0512891676278753,0.545588111189821,0.950003920725899
2579,"Wild boar","PIG",2,"slope + BB",0.0371696144249046,0.571919600031496,1.03786905281022
2580,"Wild boar","PIG",2,"slope + BB",0.0592676091718258,0.597751965576456,1.06105915197834
2581,"Wild boar","PIG",2,"slope + BB",0.0757230968975424,0.577748039534755,1.0786638478481
2582,"Wild boar","PIG",2,"slope + BB",0.0527239382036331,0.583239224036342,1.05413860737271
2583,"Wild boar","PIG",2,"slope + BB",-0.011218906608935,0.506269587784639,0.988843802185539
2584,"Wild boar","PIG",2,"slope + BB",0.0209724674796417,0.569475289800909,1.02119393531811
2585,"Wild boar","PIG",2,"slope + BB",0.061420705963481,0.595039793175725,1.06334617620333
2586,"Wild boar","PIG",2,"slope + BB",0.05124405686997,0.591639921299736,1.05257975746194
2587,"Wild boar","PIG",2,"slope + BB",-0.00864973312688628,0.564308365430779,0.991387568664104
2588,"Wild boar","PIG",2,"slope + BB",0.00901175888220864,0.552400294011304,1.00905249051361
2589,"Wild boar","PIG",2,"slope + BB",0.0844682647135144,0.595699697076254,1.08813831131194
2590,"Wild boar","PIG",2,"slope + BB",0.193842335111214,0.615034418822792,1.21390487770282
2591,"Wild boar","PIG",2,"slope + BB",0.229693609982135,0.688298792616622,1.25821444722387
2592,"Wild boar","PIG",2,"slope + BB",0.0938182132507095,0.831303633447915,1.09836007323647
2593,"Wild boar","PIG",2,"slope + BB",0.139673572313692,0.757231038381189,1.1498983829404
2594,"Wild boar","PIG",2,"slope + BB",0.164962717924934,0.733689054314018,1.17934914931037
2595,"Wild boar","PIG",2,"slope + BB",0.152080147727764,0.723410008773278,1.16425355017765
2596,"Wild boar","PIG",2,"slope + BB",0.146319521451663,0.706657949118176,1.15756599627765
2597,"Wild boar","PIG",2,"slope + BB",0.153295106232787,0.6658648824308,1.16566893057805
2598,"Wild boar","PIG",2,"slope + BB",0.162005816133111,0.648650663721459,1.17586708671421
2599,"Wild boar","PIG",2,"slope + BB",0.168025513938911,0.641579619761209,1.18296679853914
2600,"Wild boar","PIG",2,"slope + BB",0.148588958578427,0.621250027348788,1.16019600429886
2601,"Wild boar","PIG",2,"slope + BB",0.150823311680655,0.608136912702756,1.16279119022931
2602,"Wild boar","PIG",2,"slope + BB",0.120483029391694,0.599965886808348,1.1280415972982
2603,"Wild boar","PIG",2,"slope + BB",0.158568831562929,0.58991769922286,1.17183258125389
2604,"Wild boar","PIG",2,"slope + BB",0.165850571974074,0.578336227878882,1.18039672308798
2605,"Wild boar","PIG",2,"slope + BB",0.168808419140185,0.566345106020369,1.1838933155183
2606,"Wild boar","PIG",2,"slope + BB",0.160059729777077,0.557076817394366,1.17358096673362
2607,"Wild boar","PIG",2,"slope + BB",0.12554010020598,0.580807742618257,1.13376063230117
2608,"Wild boar","PIG",2,"slope + BB",0.0893342957667445,0.58864361973141,1.09344612983782
2609,"Wild boar","PIG",2,"slope + BB",0.034312321528419,0.59141615704317,1.03490778023917
2610,"Wild boar","PIG",2,"slope + BB",0.00576855093578326,0.583888351541855,1.00578522178756
2611,"Wild boar","PIG",2,"slope + BB",-0.000566867047894964,0.587274884806855,0.999433294197046
2612,"Wild boar","PIG",2,"slope + BB",0.0218650946666183,0.575400619215022,1.02210588778708
2613,"Wild boar","PIG",2,"slope + BB",0.0554433231685688,0.587331448208505,1.05700910817078
2614,"Wild boar","PIG",2,"slope + BB",0.0680577439960935,0.597780025425823,1.07042712366053
2615,"Wild boar","PIG",2,"slope + BB",0.0380426776972618,0.594292680887004,1.03877556648384
2616,"Wild boar","PIG",2,"slope + BB",0.017907585457728,0.571908489015254,1.01806890692578
2617,"Wild boar","PIG",2,"slope + BB",0.00438675336577069,0.596334647887882,1.00439638975268
2618,"Wild boar","PIG",2,"slope + BB",0.0297939616078606,0.598690737440928,1.03024225807125
2619,"Wild boar","PIG",2,"slope + BB",0.0220521060893279,0.600064267043446,1.02229705990613
2620,"Wild boar","PIG",2,"slope + BB",-0.00148120004430269,0.584342610922383,0.998519898133255
2621,"Wild boar","PIG",2,"slope + BB",0.0362996561613049,0.606520476130779,1.03696653399395
2622,"Wild boar","PIG",2,"slope + BB",0.0545207844376515,0.61939350248404,1.05603442750365
2623,"Wild boar","PIG",2,"slope + BB",0.110085863188128,0.64306343563198,1.116373921805
2624,"Wild boar","PIG",2,"slope + BB",0.120019064660454,0.742854489676398,1.12751835051101
2625,"Wild boar","PIG",2,"slope + BB",0.133420739383189,0.94289084887507,1.14273068943213
2626,"Wild boar","PIG",2,"slope + BB",0.117187487418476,0.831425182446928,1.12433021707752
2627,"Wild boar","PIG",2,"slope + BB",0.108240601856697,0.771420866478948,1.11431585928243
2628,"Wild boar","PIG",2,"slope + BB",0.132300979820041,0.735945603786171,1.14145182153576
2629,"Wild boar","PIG",2,"slope + BB",0.134763453046457,0.711731024069969,1.14426611143487
2630,"Wild boar","PIG",2,"slope + BB",0.130253650139422,0.700876129326282,1.13911728448798
2631,"Wild boar","PIG",2,"slope + BB",0.133426668552073,0.677545029289899,1.1427374821828
2632,"Wild boar","PIG",2,"slope + BB",0.128885186175265,0.666673608808256,1.13755951577834
2633,"Wild boar","PIG",2,"slope + BB",0.117147975241849,0.654220792229318,1.12428578386683
2634,"Wild boar","PIG",2,"slope + BB",0.11203985327072,0.631887031205181,1.11855743839953
2635,"Wild boar","PIG",2,"slope + BB",0.0939664023567762,0.619456406864198,1.09852284246858
2636,"Wild boar","PIG",2,"slope + BB",0.0718000644562823,0.597977057816927,1.07444050391759
2637,"Wild boar","PIG",2,"slope + BB",0.103210722529486,0.603092422203711,1.10872502272395
2638,"Wild boar","PIG",2,"slope + BB",0.0965440618255847,0.595505189807835,1.10135810792703
2639,"Wild boar","PIG",2,"slope + BB",0.0861069812187242,0.591033492793799,1.08992292336264
2640,"Wild boar","PIG",2,"slope + BB",0.0710440394088126,0.596287367085775,1.07362851103072
2641,"Wild boar","PIG",2,"slope + BB",0.0862728383038741,0.583573741973384,1.09010371207055
2642,"Wild boar","PIG",2,"slope + BB",0.035067296654309,0.575005998788237,1.03568940585798
2643,"Wild boar","PIG",2,"slope + BB",0.0160404473080636,0.573609302332699,1.01616978718214
2644,"Wild boar","PIG",2,"slope + BB",-0.00475953223361619,0.58465334568535,0.995251776965754
2645,"Wild boar","PIG",2,"slope + BB",-0.00876870345544226,0.573848130991601,0.991269630442576
2646,"Wild boar","PIG",2,"slope + BB",0.00812457982057514,0.594156334846829,1.00815768006225
2647,"Wild boar","PIG",2,"slope + BB",0.0377904689811806,0.588379540865058,1.03851360934082
2648,"Wild boar","PIG",2,"slope + BB",0.0283495592595745,0.600494484584972,1.02875523250609
2649,"Wild boar","PIG",2,"slope + BB",0.0192948276331451,0.602388854653621,1.01948217589632
2650,"Wild boar","PIG",2,"slope + BB",0.0272582495404103,0.601869482896856,1.02763315767609
2651,"Wild boar","PIG",2,"slope + BB",0.0341888464828162,0.606248701126273,1.03478000567472
2652,"Wild boar","PIG",2,"slope + BB",0.0102930196011884,0.614176143923029,1.01034618362995
2653,"Wild boar","PIG",2,"slope + BB",0.0117135711343504,0.609157788971195,1.01178244451652
2654,"Wild boar","PIG",2,"slope + BB",0.00447963213176769,0.601153888852504,1.00448969716274
2655,"Wild boar","PIG",2,"slope + BB",0.0206935213960924,0.621513001661561,1.02090911725284
2656,"Wild boar","PIG",2,"slope + BB",0.0124995773140272,0.625872948230268,1.01257802384392
2657,"Wild boar","PIG",2,"slope + BB",0.0408367404248772,0.666229313314981,1.04168203156046
2658,"Wild boar","PIG",2,"slope + BB",0.0194410978933913,0.747151418437574,1.01963130666
2659,"Wild boar","PIG",2,"slope + BB",0.0912180204776325,0.906413379770053,1.09550782242691
2660,"Wild boar","PIG",2,"slope + BB",0.118770639137779,0.827511217187586,1.12611171673541
2661,"Wild boar","PIG",2,"slope + BB",0.0907903907450164,0.786230000837085,1.09503945490524
2662,"Wild boar","PIG",2,"slope + BB",0.104433148596098,0.756266166905466,1.11008118516592
2663,"Wild boar","PIG",2,"slope + BB",0.107559170926201,0.727777678719116,1.1135567491364
2664,"Wild boar","PIG",2,"slope + BB",0.120037185238519,0.691002908528326,1.12753878085869
2665,"Wild boar","PIG",2,"slope + BB",0.151108769317129,0.683188674961732,1.163123163382
2666,"Wild boar","PIG",2,"slope + BB",0.129371443819967,0.662110087639223,1.13811279752523
2667,"Wild boar","PIG",2,"slope + BB",0.0979599059686767,0.6383244832822,1.10291856389727
2668,"Wild boar","PIG",2,"slope + BB",0.0669703191535942,0.620279845748451,1.06926374223506
2669,"Wild boar","PIG",2,"slope + BB",0.0613564704027879,0.613190301178519,1.06327790501634
2670,"Wild boar","PIG",2,"slope + BB",0.0629862235327602,0.614610237771799,1.06501216820491
2671,"Wild boar","PIG",2,"slope + BB",0.0230637194225806,0.61591332624344,1.02333177582287
2672,"Wild boar","PIG",2,"slope + BB",0.0226793524592351,0.607411063475494,1.02293855337732
2673,"Wild boar","PIG",2,"slope + BB",0.0362590562906281,0.586936606162865,1.03692443489256
2674,"Wild boar","PIG",2,"slope + BB",0.0363672155896612,0.596130189666024,1.03703659751239
2675,"Wild boar","PIG",2,"slope + BB",0.0179573288422129,0.595265405782228,1.01811953133098
2676,"Wild boar","PIG",2,"slope + BB",0.039584149528063,0.595499975638163,1.04037804299277
2677,"Wild boar","PIG",2,"slope + BB",-0.00247852371361218,0.589495836785834,0.997524546340747
2678,"Wild boar","PIG",2,"slope + BB",-0.0159942764388098,0.596023868116282,0.984132952785876
2679,"Wild boar","PIG",2,"slope + BB",-0.0112349742940906,0.603900228941775,0.988827909445068
2680,"Wild boar","PIG",2,"slope + BB",-0.00771044579277373,0.595484523184087,0.992319208880393
2681,"Wild boar","PIG",2,"slope + BB",-0.0110728577059895,0.613408198890578,0.988988221083054
2682,"Wild boar","PIG",2,"slope + BB",0.00752326947012367,0.605092268505504,1.00755164208211
2683,"Wild boar","PIG",2,"slope + BB",0.0118422332468232,0.618156096020969,1.01191263154306
2684,"Wild boar","PIG",2,"slope + BB",0.024437531992408,0.603665539531786,1.02473857621978
2685,"Wild boar","PIG",2,"slope + BB",0.0143322932019156,0.615846264193675,1.0144354930149
2686,"Wild boar","PIG",2,"slope + BB",0.0145174298200269,0.603898845980997,1.01462332535054
2687,"Wild boar","PIG",2,"slope + BB",-0.00219349027214666,0.624025426404429,0.997808920829795
2688,"Wild boar","PIG",2,"slope + BB",0.0273245394272975,0.60904962235942,1.02770127838174
2689,"Wild boar","PIG",2,"slope + BB",-0.0132870773157031,0.627254406678312,0.986800807643752
2690,"Wild boar","PIG",2,"slope + BB",0.00406759769091967,0.639273214397784,1.00407589419556
2691,"Wild boar","PIG",2,"slope + BB",-0.0240212181871094,0.690621304328837,0.97626499618847
2692,"Wild boar","PIG",2,"slope + BB",-0.0293428114446394,0.760254693501083,0.971083513527932
2693,"Wild boar","PIG",2,"slope + BB",-0.0514264034931933,0.90297240047023,0.94987355592201
2694,"Wild boar","PIG",2,"slope + BB",0.0727519783822979,0.933620578149587,1.07546376865074
2695,"Wild boar","PIG",2,"slope + BB",0.0786786413283977,0.836410380702229,1.0818566030809
2696,"Wild boar","PIG",2,"slope + BB",0.0704114136232599,0.780119992268505,1.07294952273643
2697,"Wild boar","PIG",2,"slope + BB",0.109628527306817,0.754232225086534,1.11586348211857
2698,"Wild boar","PIG",2,"slope + BB",0.100577917976748,0.723003883674871,1.1058098011009
2699,"Wild boar","PIG",2,"slope + BB",0.11594706333348,0.705291720244065,1.1229364262111
2700,"Wild boar","PIG",2,"slope + BB",0.13753640749594,0.686037513747483,1.14744348172071
2701,"Wild boar","PIG",2,"slope + BB",0.114292131581959,0.671923224695328,1.12107958174446
2702,"Wild boar","PIG",2,"slope + BB",0.0840970938389096,0.652486052274816,1.08773450799992
2703,"Wild boar","PIG",2,"slope + BB",0.0573717104490678,0.626867726366958,1.05904939969427
2704,"Wild boar","PIG",2,"slope + BB",0.0351333632311202,0.604960624007408,1.0357578613925
2705,"Wild boar","PIG",2,"slope + BB",0.0268914843307757,0.608842097947285,1.02725632337768
2706,"Wild boar","PIG",2,"slope + BB",-0.0162366866999775,0.613956997313162,0.983894419141949
2707,"Wild boar","PIG",2,"slope + BB",-0.0297372107070897,0.601082628014938,0.970700590725887
2708,"Wild boar","PIG",2,"slope + BB",-0.0265702546009791,0.592200098455942,0.973779634445243
2709,"Wild boar","PIG",2,"slope + BB",-0.0144168879873351,0.573260752155428,0.985686538075345
2710,"Wild boar","PIG",2,"slope + BB",-0.0202761996018429,0.589282878789559,0.979927981052293
2711,"Wild boar","PIG",2,"slope + BB",-0.00857707944718265,0.586984836561544,0.991459601468611
2712,"Wild boar","PIG",2,"slope + BB",-0.0318424389210453,0.600476818885405,0.968659193104581
2713,"Wild boar","PIG",2,"slope + BB",-0.0329875064492621,0.581534988082282,0.967550649789162
2714,"Wild boar","PIG",2,"slope + BB",-0.0369135682618364,0.593932133588357,0.963759431155423
2715,"Wild boar","PIG",2,"slope + BB",-0.00669315705739703,0.593846791742768,0.99332919252082
2716,"Wild boar","PIG",2,"slope + BB",0.00147493427112811,0.60327349208682,1.00147602261263
2717,"Wild boar","PIG",2,"slope + BB",-0.00391455966760112,0.623678263701134,0.996093092240672
2718,"Wild boar","PIG",2,"slope + BB",0.0121117801892142,0.628748280451512,1.01218542532723
2719,"Wild boar","PIG",2,"slope + BB",0.0231547013311219,0.618218306275518,1.02342486041083
2720,"Wild boar","PIG",2,"slope + BB",0.0118313434722751,0.617864134847152,1.01190161134353
2721,"Wild boar","PIG",2,"slope + BB",0.0300172866064146,0.625068901527961,1.03047234718165
2722,"Wild boar","PIG",2,"slope + BB",0.0140749298376979,0.640319244527619,1.01417444841674
2723,"Wild boar","PIG",2,"slope + BB",-0.0132794746649301,0.6271615564726,0.986808308926126
2724,"Wild boar","PIG",2,"slope + BB",-0.00237075392432813,0.645189150650152,0.99763205802862
2725,"Wild boar","PIG",2,"slope + BB",-0.0122210878641533,0.672104102381115,0.987853286709516
2726,"Wild boar","PIG",2,"slope + BB",-0.0340045114749094,0.709488053682239,0.966567144084418
2727,"Wild boar","PIG",2,"slope + BB",-0.0315122281368427,0.77628661030898,0.968979107572638
2728,"Wild boar","PIG",2,"slope + BB",-0.046394926409348,0.88764448545206,0.954664868527511
2729,"Wild boar","PIG",2,"slope + BB",0.0804018664248773,0.983516827936186,1.08372249186131
2730,"Wild boar","PIG",2,"slope + BB",0.0597046759360583,0.869297974845357,1.06152301013434
2731,"Wild boar","PIG",2,"slope + BB",0.0832340909045509,0.797364002097193,1.0867961914132
2732,"Wild boar","PIG",2,"slope + BB",0.0857932310419783,0.759373208679864,1.08958114787613
2733,"Wild boar","PIG",2,"slope + BB",0.139853378957828,0.720891406233925,1.15010516937227
2734,"Wild boar","PIG",2,"slope + BB",0.115722455781522,0.717518672186154,1.12268423522138
2735,"Wild boar","PIG",2,"slope + BB",0.109053522265956,0.698118124882626,1.11522203847032
2736,"Wild boar","PIG",2,"slope + BB",0.117697740170147,0.668974165384433,1.12490404679822
2737,"Wild boar","PIG",2,"slope + BB",0.0583123656889368,0.65759094749094,1.06004608611931
2738,"Wild boar","PIG",2,"slope + BB",0.0597681531091471,0.646592523138595,1.06159039267042
2739,"Wild boar","PIG",2,"slope + BB",0.0117248334509899,0.639299141888852,1.01179385064924
2740,"Wild boar","PIG",2,"slope + BB",-0.00194090900576518,0.615910867922795,0.998060973623955
2741,"Wild boar","PIG",2,"slope + BB",-0.0649067987146675,0.602349979984912,0.937154804393401
2742,"Wild boar","PIG",2,"slope + BB",-0.139160641084952,0.58133119453924,0.870088245314404
2743,"Wild boar","PIG",2,"slope + BB",-0.138771359710767,0.568947388930308,0.870427021393083
2744,"Wild boar","PIG",2,"slope + BB",-0.0663268081473641,0.563770539290911,0.935824979119266
2745,"Wild boar","PIG",2,"slope + BB",-0.0540363420375468,0.582304418477252,0.9473976755332
2746,"Wild boar","PIG",2,"slope + BB",-0.0712033027445619,0.584540493816942,0.931272542917952
2747,"Wild boar","PIG",2,"slope + BB",-0.0605734166839473,0.58294229314294,0.941224665155422
2748,"Wild boar","PIG",2,"slope + BB",-0.0504902199766962,0.580685175337122,0.950763227903315
2749,"Wild boar","PIG",2,"slope + BB",-0.0380256036990395,0.593843206116067,0.962688292278588
2750,"Wild boar","PIG",2,"slope + BB",-0.0244638535696119,0.603845064260733,0.975832961251846
2751,"Wild boar","PIG",2,"slope + BB",-0.0216585671236258,0.61715783716955,0.978574301050062
2752,"Wild boar","PIG",2,"slope + BB",-0.021404677354476,0.632802095683936,0.978822781955201
2753,"Wild boar","PIG",2,"slope + BB",-0.00303040186077309,0.615368538097567,0.996974193946964
2754,"Wild boar","PIG",2,"slope + BB",-0.00275231164814594,0.627762217599894,0.997251472520762
2755,"Wild boar","PIG",2,"slope + BB",0.0156031757124765,0.634046213260361,1.01572554098297
2756,"Wild boar","PIG",2,"slope + BB",0.00356972173312875,0.633476880025929,1.00357611600113
2757,"Wild boar","PIG",2,"slope + BB",0.0101616148886794,0.631885076630324,1.01021342375702
2758,"Wild boar","PIG",2,"slope + BB",-0.00669671105278081,0.633768728403478,0.993325662005432
2759,"Wild boar","PIG",2,"slope + BB",0.00205112241972449,0.6613116460841,1.0020532275478
2760,"Wild boar","PIG",2,"slope + BB",-0.0191589788716066,0.693673765075581,0.981023388012248
2761,"Wild boar","PIG",2,"slope + BB",-0.0426701763514598,0.740296575501872,0.958227388240392
2762,"Wild boar","PIG",2,"slope + BB",-0.0202699528821828,0.805370558152193,0.979934173134046
2763,"Wild boar","PIG",2,"slope + BB",-0.0421701871092206,0.946814294374519,0.958706616012195
2764,"Wild boar","PIG",2,"slope + BB",0.0813281403654215,0.938459099069197,1.08472678105788
2765,"Wild boar","PIG",2,"slope + BB",0.0911855140998519,0.828063768183678,1.09547221336239
2766,"Wild boar","PIG",2,"slope + BB",0.0831140306473002,0.764745106050367,1.08666571570378
2767,"Wild boar","PIG",2,"slope + BB",0.0905880239268789,0.719784181248334,1.09481787472222
2768,"Wild boar","PIG",2,"slope + BB",0.0878833458194693,0.708135281619368,1.09186074452593
2769,"Wild boar","PIG",2,"slope + BB",0.0790683630145624,0.710785716782528,1.08227831434744
2770,"Wild boar","PIG",2,"slope + BB",0.0643735225652974,0.67356070231173,1.06649070385067
2771,"Wild boar","PIG",2,"slope + BB",0.0591080398927236,0.6641865652965,1.06088985540824
2772,"Wild boar","PIG",2,"slope + BB",0.022866254720426,0.654839753960462,1.02312970270588
2773,"Wild boar","PIG",2,"slope + BB",0.0263970514096189,0.631927207648844,1.02674853951915
2774,"Wild boar","PIG",2,"slope + BB",-0.00937348176378925,0.623057798858619,0.990670318275614
2775,"Wild boar","PIG",2,"slope + BB",-0.0552502198770551,0.610604089786288,0.946248352199441
2776,"Wild boar","PIG",2,"slope + BB",-0.197360629975116,0.571283879330063,0.820894540989788
2777,"Wild boar","PIG",2,"slope + BB",-0.182902090399936,0.56014288041742,0.832849711364082
2778,"Wild boar","PIG",2,"slope + BB",-0.10113095283727,0.591209735814033,0.903814668362758
2779,"Wild boar","PIG",2,"slope + BB",-0.0613429578141868,0.579786957066093,0.940500632526184
2780,"Wild boar","PIG",2,"slope + BB",-0.0793257232005481,0.597032323213704,0.923738996592415
2781,"Wild boar","PIG",2,"slope + BB",-0.0565112224959618,0.601304573444193,0.945055882202954
2782,"Wild boar","PIG",2,"slope + BB",-0.0524770981458705,0.597576270205986,0.948876054650251
2783,"Wild boar","PIG",2,"slope + BB",-0.0506997960163452,0.597087999277282,0.950563990878433
2784,"Wild boar","PIG",2,"slope + BB",-0.0364788657258106,0.615482668613366,0.964178490214228
2785,"Wild boar","PIG",2,"slope + BB",-0.0514130517498028,0.632920097594295,0.94988623733895
2786,"Wild boar","PIG",2,"slope + BB",-0.0385209296278793,0.640498699498171,0.962211565836332
2787,"Wild boar","PIG",2,"slope + BB",-0.0119687750410805,0.642704184200627,0.988102566778661
2788,"Wild boar","PIG",2,"slope + BB",-0.000781867151456783,0.628119909603808,0.999218444217863
2789,"Wild boar","PIG",2,"slope + BB",-0.0142126775867773,0.638971385843768,0.985887846317832
2790,"Wild boar","PIG",2,"slope + BB",-0.00224754891227988,0.644837059625738,0.997754974997485
2791,"Wild boar","PIG",2,"slope + BB",0.00610240183984618,0.642629097378693,1.0061210594488
2792,"Wild boar","PIG",2,"slope + BB",-0.0116396658496946,0.662319431735257,0.988427814064341
2793,"Wild boar","PIG",2,"slope + BB",-0.0222702489870168,0.696772452367251,0.977975909058268
2794,"Wild boar","PIG",2,"slope + BB",-0.0244158751379739,0.74304167251454,0.975879781946041
2795,"Wild boar","PIG",2,"slope + BB",-0.0496577440714193,0.827904782239858,0.951555046455985
2796,"Wild boar","PIG",2,"slope + BB",-0.0507725380591315,0.916327708738197,0.950494857875433
2797,"Wild boar","PIG",2,"slope + BB",0.0599575319837017,0.785891815296541,1.06179145467643
2798,"Wild boar","PIG",2,"slope + BB",0.0669400439777348,0.729926127174661,1.06923137578752
2799,"Wild boar","PIG",2,"slope + BB",0.0704457912342691,0.721894326818297,1.07298640266125
2800,"Wild boar","PIG",2,"slope + BB",0.060969398933971,0.694662217723746,1.0628663891473
2801,"Wild boar","PIG",2,"slope + BB",0.0507594710526551,0.679217237489907,1.05206980965693
2802,"Wild boar","PIG",2,"slope + BB",0.0300637017986583,0.650264071060813,1.03052017950772
2803,"Wild boar","PIG",2,"slope + BB",0.0238678591568119,0.657947188460809,1.02415498268952
2804,"Wild boar","PIG",2,"slope + BB",0.0211536311453653,0.641565653614465,1.02137895757434
2805,"Wild boar","PIG",2,"slope + BB",-0.00596407059894314,0.627814655715111,0.994053698025103
2806,"Wild boar","PIG",2,"slope + BB",-0.0666583783345146,0.610867128006662,0.93551473939763
2807,"Wild boar","PIG",2,"slope + BB",-0.0907564519472746,0.615135938228383,0.91324011552121
2808,"Wild boar","PIG",2,"slope + BB",-0.0937526880581424,0.600851281846656,0.910507914745987
2809,"Wild boar","PIG",2,"slope + BB",-0.0842955678598147,0.60563199797477,0.919159541926768
2810,"Wild boar","PIG",2,"slope + BB",-0.0808284171220493,0.603331660132652,0.92235193766816
2811,"Wild boar","PIG",2,"slope + BB",-0.0808131091636892,0.606685863548541,0.922366060870981
2812,"Wild boar","PIG",2,"slope + BB",-0.0410613663057459,0.621323511032805,0.959770232032856
2813,"Wild boar","PIG",2,"slope + BB",-0.0560820152222447,0.62509922016053,0.945461590770225
2814,"Wild boar","PIG",2,"slope + BB",-0.0484694070119932,0.611371901123311,0.952686484400724
2815,"Wild boar","PIG",2,"slope + BB",-0.0536706791506736,0.608144679491524,0.947744169019469
2816,"Wild boar","PIG",2,"slope + BB",-0.0462340544717068,0.630605620119469,0.954818457604274
2817,"Wild boar","PIG",2,"slope + BB",-0.0226250651479211,0.640494778711119,0.977628963542881
2818,"Wild boar","PIG",2,"slope + BB",-0.025604369848434,0.648485575517317,0.974720646084011
2819,"Wild boar","PIG",2,"slope + BB",-0.00414044356857074,0.642009345220057,0.99586813512933
2820,"Wild boar","PIG",2,"slope + BB",-0.0199585242030823,0.665166639991663,0.980239334568398
2821,"Wild boar","PIG",2,"slope + BB",0.00716149870965039,0.680433641818833,1.00718720359471
2822,"Wild boar","PIG",2,"slope + BB",0.0150860729831854,0.706158713564055,1.01520044296852
2823,"Wild boar","PIG",2,"slope + BB",0.0142375067376105,0.754096652776432,1.01433934659042
2824,"Wild boar","PIG",2,"slope + BB",-0.0165953861788124,0.820356416852094,0.983541565435327
2825,"Wild boar","PIG",2,"slope + BB",0.0465878346803313,0.811235583288336,1.04769009920838
2826,"Wild boar","PIG",2,"slope + BB",0.0399362719457991,0.728351964011731,1.04074444790516
2827,"Wild boar","PIG",2,"slope + BB",0.056891971714522,0.714575473097238,1.05854145199403
2828,"Wild boar","PIG",2,"slope + BB",0.0505791050976132,0.686351948618816,1.05188007763628
2829,"Wild boar","PIG",2,"slope + BB",0.0468184431914833,0.662663114053769,1.04793174922771
2830,"Wild boar","PIG",2,"slope + BB",0.034913222894931,0.65781048004876,1.03552984472046
2831,"Wild boar","PIG",2,"slope + BB",0.00798596577297851,0.655999771792234,1.00801793977216
2832,"Wild boar","PIG",2,"slope + BB",0.0115160005560708,0.636134456415853,1.01158256507405
2833,"Wild boar","PIG",2,"slope + BB",-0.0232009802020816,0.622385267889826,0.977066093187522
2834,"Wild boar","PIG",2,"slope + BB",-0.0227315791767592,0.627677461938547,0.977524837192159
2835,"Wild boar","PIG",2,"slope + BB",-0.0467715508641085,0.622275066725372,0.954305383119092
2836,"Wild boar","PIG",2,"slope + BB",-0.0591834850459028,0.621716461163908,0.942533813044874
2837,"Wild boar","PIG",2,"slope + BB",-0.0598074105383661,0.60879215354733,0.94194592501628
2838,"Wild boar","PIG",2,"slope + BB",-0.0569198955932711,0.615321061271598,0.944669740932704
2839,"Wild boar","PIG",2,"slope + BB",-0.0395998060963782,0.621350810483521,0.96117401855078
2840,"Wild boar","PIG",2,"slope + BB",-0.0258260180937086,0.619819613428376,0.97450462160241
2841,"Wild boar","PIG",2,"slope + BB",-0.0161654937979823,0.611972671323203,0.983964468340666
2842,"Wild boar","PIG",2,"slope + BB",-0.0367124280442343,0.620634538274121,0.963953316245579
2843,"Wild boar","PIG",2,"slope + BB",-0.0312649400862089,0.624174422817904,0.969218769232414
2844,"Wild boar","PIG",2,"slope + BB",-0.0382833895518291,0.638738866322483,0.962440158319255
2845,"Wild boar","PIG",2,"slope + BB",-0.034473176350059,0.646453332707629,0.9661142680916
2846,"Wild boar","PIG",2,"slope + BB",-0.0265454440376226,0.664034544296056,0.973803791284018
2847,"Wild boar","PIG",2,"slope + BB",-0.0204653564872533,0.668384522098606,0.979742655847546
2848,"Wild boar","PIG",2,"slope + BB",-0.0197365803505571,0.701140301473257,0.980456919217726
2849,"Wild boar","PIG",2,"slope + BB",-0.00574822029128779,0.76860833302297,0.994268269117149
2850,"Wild boar","PIG",2,"slope + BB",0.0147781325718104,0.817712317906332,1.01488787229379
2851,"Wild boar","PIG",2,"slope + BB",0.0279765900367566,0.754980876059803,1.02837162259627
2852,"Wild boar","PIG",2,"slope + BB",0.038719303171461,0.704204841781982,1.03947872210808
2853,"Wild boar","PIG",2,"slope + BB",0.0350720036996081,0.694092341168832,1.03569428010976
2854,"Wild boar","PIG",2,"slope + BB",0.0598069879958988,0.669229085689634,1.06163161945388
2855,"Wild boar","PIG",2,"slope + BB",0.0467242905808482,0.648580135767566,1.04783307363783
2856,"Wild boar","PIG",2,"slope + BB",-0.00119698426849271,0.64819131701945,0.998803731864092
2857,"Wild boar","PIG",2,"slope + BB",0.00041081508282616,0.658201600281858,1.00041091509999
2858,"Wild boar","PIG",2,"slope + BB",-0.0111652437765001,0.63412967064596,0.988896857462511
2859,"Wild boar","PIG",2,"slope + BB",0.00975867787609437,0.638353476786838,1.00980658827384
2860,"Wild boar","PIG",2,"slope + BB",-0.0243246994485245,0.61878683556136,0.975968761785967
2861,"Wild boar","PIG",2,"slope + BB",-0.0259732279299097,0.630783497011557,0.974361182309278
2862,"Wild boar","PIG",2,"slope + BB",-0.0295003729358759,0.612602085146609,0.970930515677788
2863,"Wild boar","PIG",2,"slope + BB",-0.0235415644320725,0.634133263800296,0.976733390689509
2864,"Wild boar","PIG",2,"slope + BB",-0.022895606019536,0.637766273035771,0.977364509419554
2865,"Wild boar","PIG",2,"slope + BB",-0.00220932913529563,0.621724391354755,0.997793109646508
2866,"Wild boar","PIG",2,"slope + BB",-0.00554033672750262,0.631380621496678,0.994474987775209
2867,"Wild boar","PIG",2,"slope + BB",0.0051021057959053,0.639499806637154,1.00511514406347
2868,"Wild boar","PIG",2,"slope + BB",-0.017523448742176,0.644832557688219,0.982629195730312
2869,"Wild boar","PIG",2,"slope + BB",-0.0130580182680877,0.64661262625811,0.987026868152823
2870,"Wild boar","PIG",2,"slope + BB",-0.0318625931065265,0.676237338142102,0.96863967105445
2871,"Wild boar","PIG",2,"slope + BB",-0.0433557887264906,0.715807314070478,0.957570638102207
2872,"Wild boar","PIG",2,"slope + BB",-0.0407203966971543,0.771415635591669,0.960097542397501
2873,"Wild boar","PIG",2,"slope + BB",-0.0189365732327997,0.83727733093342,0.981241597289195
2874,"Wild boar","PIG",2,"slope + BB",0.0292866580706027,0.839928366846354,1.02971974682625
2875,"Wild boar","PIG",2,"slope + BB",0.0141339579904776,0.748422993534649,1.01423431555199
2876,"Wild boar","PIG",2,"slope + BB",0.0466705155730957,0.726686925104837,1.04777672617123
2877,"Wild boar","PIG",2,"slope + BB",0.0282929159205406,0.712765918120094,1.02869696258017
2878,"Wild boar","PIG",2,"slope + BB",0.0322752712785807,0.690486248023845,1.03280176822467
2879,"Wild boar","PIG",2,"slope + BB",0.0133278633909018,0.67714312686697,1.01341707633007
2880,"Wild boar","PIG",2,"slope + BB",0.0360563117416082,0.666453378587544,1.03671422514329
2881,"Wild boar","PIG",2,"slope + BB",0.0280275125337515,0.648920603480819,1.02842398306854
2882,"Wild boar","PIG",2,"slope + BB",0.0231048013195642,0.649772107733859,1.02337378614681
2883,"Wild boar","PIG",2,"slope + BB",-0.000449671552373735,0.640386924248261,0.999550432898775
2884,"Wild boar","PIG",2,"slope + BB",-0.0193826625557543,0.633838757164674,0.980803979833798
2885,"Wild boar","PIG",2,"slope + BB",-0.0105082263901113,0.636277330169851,0.989546793386963
2886,"Wild boar","PIG",2,"slope + BB",-0.0371535350551421,0.646719651620482,0.963528197889892
2887,"Wild boar","PIG",2,"slope + BB",-0.000932431471341535,0.638244020123136,0.999068003372352
2888,"Wild boar","PIG",2,"slope + BB",-0.0171403044784801,0.642086159639415,0.983005757816984
2889,"Wild boar","PIG",2,"slope + BB",0.0049167674013111,0.638732591461969,1.00492887742112
2890,"Wild boar","PIG",2,"slope + BB",0.0164706787722112,0.653232099596878,1.01660707061224
2891,"Wild boar","PIG",2,"slope + BB",0.0169877930507448,0.652412812779711,1.01713290685385
2892,"Wild boar","PIG",2,"slope + BB",-0.0106879363088485,0.677125307556069,0.989368978471303
2893,"Wild boar","PIG",2,"slope + BB",-0.000630664458256861,0.6882212736261,0.999369540426463
2894,"Wild boar","PIG",2,"slope + BB",-0.0304194860338028,0.732670029754185,0.970038531271614
2895,"Wild boar","PIG",2,"slope + BB",-0.00816832094162601,0.839820096714756,0.99186494924173
2896,"Wild boar","PIG",2,"slope + BB",0.0108149499712825,0.774296482498978,1.01087364302514
2897,"Wild boar","PIG",2,"slope + BB",0.0252664766306163,0.736176787266085,1.02558839172553
2898,"Wild boar","PIG",2,"slope + BB",0.0174445448423132,0.723036771525626,1.01759759440955
2899,"Wild boar","PIG",2,"slope + BB",0.0236445878768647,0.699590323153718,1.02392633741053
2900,"Wild boar","PIG",2,"slope + BB",0.0484324035565471,0.70049756639634,1.04962441899146
2901,"Wild boar","PIG",2,"slope + BB",0.0349151134509276,0.683499054053592,1.03553180412221
2902,"Wild boar","PIG",2,"slope + BB",0.0535439978833704,0.67336053494632,1.05500341822279
2903,"Wild boar","PIG",2,"slope + BB",0.0238728622141592,0.648255812840307,1.02416015710032
2904,"Wild boar","PIG",2,"slope + BB",-0.00548355635074054,0.639808105088425,0.994531451929064
2905,"Wild boar","PIG",2,"slope + BB",-0.0217156992871789,0.626481656642053,0.978518389113697
2906,"Wild boar","PIG",2,"slope + BB",-0.036270860040019,0.638284936490539,0.964379046393752
2907,"Wild boar","PIG",2,"slope + BB",-0.0161345168191276,0.646770053697397,0.983994974851823
2908,"Wild boar","PIG",2,"slope + BB",0.000422380486015169,0.659051983891281,1.00042247178047
2909,"Wild boar","PIG",2,"slope + BB",-0.00466643581697387,0.645596730353088,0.995344451771672
2910,"Wild boar","PIG",2,"slope + BB",0.012724354716778,0.650764440574036,1.0128056551217
2911,"Wild boar","PIG",2,"slope + BB",0.0152286548408434,0.672837191729509,1.01534520805182
2912,"Wild boar","PIG",2,"slope + BB",0.0335489790581055,0.696996593649828,1.03411809262231
2913,"Wild boar","PIG",2,"slope + BB",0.0475049638950051,0.715129714052312,1.0486514069888
2914,"Wild boar","PIG",2,"slope + BB",0.0225162880040188,0.740254034283042,1.02277169296549
2915,"Wild boar","PIG",2,"slope + BB",-0.00698313969684352,0.956369834631631,0.993041185858308
2916,"Wild boar","PIG",2,"slope + BB",0.00361255718585048,0.850157481193106,1.00361909036007
2917,"Wild boar","PIG",2,"slope + BB",0.0334318604387037,0.804837402113214,1.03399699386581
2918,"Wild boar","PIG",2,"slope + BB",0.0173244762227392,0.765502974903769,1.01747542943946
2919,"Wild boar","PIG",2,"slope + BB",0.0590086357946987,0.750380454416136,1.060784403426
2920,"Wild boar","PIG",2,"slope + BB",0.0517210917382215,0.718493502212501,1.05308199009606
2921,"Wild boar","PIG",2,"slope + BB",0.0457505634994545,0.7011395463376,1.0468132653958
2922,"Wild boar","PIG",2,"slope + BB",0.0445092734810373,0.676805954251495,1.04551467813705
2923,"Wild boar","PIG",2,"slope + BB",0.034166224952728,0.663703405601462,1.03475660212806
2924,"Wild boar","PIG",2,"slope + BB",0.0160810133174527,0.637434514297682,1.01621100878496
2925,"Wild boar","PIG",2,"slope + BB",-0.0118358121694745,0.636172727328088,0.988233974483658
2926,"Wild boar","PIG",2,"slope + BB",-0.0179839175526451,0.62079791008591,0.982176828731382
2927,"Wild boar","PIG",2,"slope + BB",-0.00553274690666077,0.638624346653821,0.994482534213121
2928,"Wild boar","PIG",2,"slope + BB",-0.0199156487224061,0.653660892718199,0.980281358240937
2929,"Wild boar","PIG",2,"slope + BB",-0.0229526774742366,0.669766926644856,0.977308737065791
2930,"Wild boar","PIG",2,"slope + BB",-0.00654281845824711,0.66190085516855,0.99347853919358
2931,"Wild boar","PIG",2,"slope + BB",-0.00604023932747631,0.682098155543061,0.993977972008057
2932,"Wild boar","PIG",2,"slope + BB",0.021133866473621,0.685716536219138,1.02135876818675
2933,"Wild boar","PIG",2,"slope + BB",0.0329141742036522,0.71722817053813,1.03346183868983
2934,"Wild boar","PIG",2,"slope + BB",0.0181029544807849,0.758199682712592,1.0182678073673
2935,"Wild boar","PIG",2,"slope + BB",0.0573411634882755,0.8684892796141,1.05901708516736
2936,"Wild boar","PIG",2,"slope + BB",0.00568303315032947,0.95275775605295,1.00569923306175
2937,"Wild boar","PIG",2,"slope + BB",0.0205129460781054,0.868218847020083,1.0207247825435
2938,"Wild boar","PIG",2,"slope + BB",0.037472742034518,0.829944638685774,1.03818370217059
2939,"Wild boar","PIG",2,"slope + BB",0.0341123715164169,0.794838845592097,1.03470088845003
2940,"Wild boar","PIG",2,"slope + BB",0.0679790267607392,0.771942031008906,1.07034286039794
2941,"Wild boar","PIG",2,"slope + BB",0.0702842164673174,0.734403034153375,1.07281305423633
2942,"Wild boar","PIG",2,"slope + BB",0.0607278350233392,0.716649079180771,1.06260967143653
2943,"Wild boar","PIG",2,"slope + BB",0.0416449954416901,0.685121251172924,1.04252431221772
2944,"Wild boar","PIG",2,"slope + BB",0.0411418133148475,0.656350679108402,1.04199986819203
2945,"Wild boar","PIG",2,"slope + BB",0.0168907745873867,0.65002155442781,1.01703423035988
2946,"Wild boar","PIG",2,"slope + BB",-0.0212778379755966,0.651377807982919,0.978946939519179
2947,"Wild boar","PIG",2,"slope + BB",0.000194074534324075,0.64223755077096,1.00019409756478
2948,"Wild boar","PIG",2,"slope + BB",-0.0181454118756359,0.655526860865578,0.982018229118978
2949,"Wild boar","PIG",2,"slope + BB",-0.0254019536421993,0.673272333245959,0.974917964136363
2950,"Wild boar","PIG",2,"slope + BB",-0.0290973007620919,0.681533639386168,0.971321950291343
2951,"Wild boar","PIG",2,"slope + BB",-0.0113270961836018,0.693670441752445,0.98873681696811
2952,"Wild boar","PIG",2,"slope + BB",-0.0239527667267611,0.701675906318251,0.976331825523451
2953,"Wild boar","PIG",2,"slope + BB",0.00923367172227556,0.72248986961646,1.00927643774317
2954,"Wild boar","PIG",2,"slope + BB",0.0220573237357869,0.760652524901323,1.02230238956993
2955,"Wild boar","PIG",2,"slope + BB",0.0389955105717664,0.830403510686152,1.03976581569696
2956,"Wild boar","PIG",2,"slope + BB",0.00996424358711268,0.956141891737228,1.01001405198677
2957,"Wild boar","PIG",2,"slope + BB",0.0408618047325457,0.900965597325322,1.04170813718341
2958,"Wild boar","PIG",2,"slope + BB",0.0347450481647912,0.863924181751664,1.03535571064788
2959,"Wild boar","PIG",2,"slope + BB",0.0644798183700861,0.807209322049373,1.06660405222693
2960,"Wild boar","PIG",2,"slope + BB",0.0489431554020439,0.765880506479583,1.05016065355769
2961,"Wild boar","PIG",2,"slope + BB",0.0554768045976782,0.716457733666061,1.05704449929723
2962,"Wild boar","PIG",2,"slope + BB",0.0641716518809408,0.690500675274369,1.06627541261674
2963,"Wild boar","PIG",2,"slope + BB",0.0402301684182766,0.661501263492135,1.04105036643649
2964,"Wild boar","PIG",2,"slope + BB",0.0133886751579981,0.647945624940088,1.01347870818158
2965,"Wild boar","PIG",2,"slope + BB",-0.00609968272747429,0.65322912497454,0.993918883578919
2966,"Wild boar","PIG",2,"slope + BB",-0.0276775481742582,0.662660751473188,0.972701967812194
2967,"Wild boar","PIG",2,"slope + BB",-0.031927795183099,0.671489709589894,0.968576543561298
2968,"Wild boar","PIG",2,"slope + BB",-0.0119358608603991,0.683139788417866,0.988135091154789
2969,"Wild boar","PIG",2,"slope + BB",-0.0341073924804211,0.707689716246311,0.966467707766061
2970,"Wild boar","PIG",2,"slope + BB",-0.0262185128479356,0.725386461431793,0.974122208567875
2971,"Wild boar","PIG",2,"slope + BB",-0.00604892838789092,0.755349691257789,0.99396933260806
2972,"Wild boar","PIG",2,"slope + BB",0.00448689710767155,0.776769732952435,1.0044969811732
2973,"Wild boar","PIG",2,"slope + BB",0.0367142057036009,0.837698751198349,1.03739649651585
2974,"Wild boar","PIG",2,"slope + BB",0.060004155486731,0.793668198409191,1.0618409648349
2975,"Wild boar","PIG",2,"slope + BB",0.0562737463435121,0.734324945894641,1.05788723832106
2976,"Wild boar","PIG",2,"slope + BB",0.0737316427580019,0.701963297505582,1.07651788706473
2977,"Wild boar","PIG",2,"slope + BB",0.0535234910998231,0.696450192068632,1.05498177496629
2978,"Wild boar","PIG",2,"slope + BB",0.0313466134634109,0.67468429723293,1.03184309945918
2979,"Wild boar","PIG",2,"slope + BB",-0.00522518500850613,0.671620815754735,0.994788442644944
2980,"Wild boar","PIG",2,"slope + BB",-0.0208362188912673,0.688546885070043,0.979379355278258
2981,"Wild boar","PIG",2,"slope + BB",-0.0406858162298891,0.693563317822251,0.960130743077076
2982,"Wild boar","PIG",2,"slope + BB",-0.0400334049972868,0.708268615581208,0.960757344759703
2983,"Wild boar","PIG",2,"slope + BB",-0.0359581589600105,0.726236770593128,0.964680660043275
2984,"Wild boar","PIG",2,"slope + BB",-0.023089974729539,0.764017574114205,0.977174558801186
2985,"Wild boar","PIG",2,"slope + BB",0.0153821694998766,0.805860358642756,1.01550109939757
2986,"Wild boar","PIG",2,"slope + BB",0.000905969757308409,0.885149156041305,1.00090638076288
2987,"Wild boar","PIG",2,"slope + BB",0.0501153783764233,0.856848195702858,1.0513924061483
2988,"Wild boar","PIG",2,"slope + BB",0.0598939780994256,0.763931040299393,1.0617239746362
2989,"Wild boar","PIG",2,"slope + BB",0.0729930477089611,0.74248123026402,1.07572306203839
2990,"Wild boar","PIG",2,"slope + BB",0.0718957743581172,0.727911350121091,1.07454334404532
2991,"Wild boar","PIG",2,"slope + BB",0.0597845837293906,0.703913054164272,1.06160787641499
2992,"Wild boar","PIG",2,"slope + BB",0.030568759545224,0.700482952644679,1.03104078231612
2993,"Wild boar","PIG",2,"slope + BB",0.0122821432118021,0.702214160952655,1.01235788518246
2994,"Wild boar","PIG",2,"slope + BB",-0.0229774168203213,0.732381912608005,0.977284557427109
2995,"Wild boar","PIG",2,"slope + BB",-0.0348253765978655,0.764860603769947,0.965774048317345
2996,"Wild boar","PIG",2,"slope + BB",-0.0335896420324696,0.821649657228215,0.966968227394564
2997,"Wild boar","PIG",2,"slope + BB",-0.0183377093705161,0.86381809277579,0.98182940509513
2998,"Wild boar","PIG",2,"slope + BB",0.0550385548409483,0.920206803271875,1.05658137871707
2999,"Wild boar","PIG",2,"slope + BB",0.0421068662197167,0.811579294300392,1.04300593536168
3000,"Wild boar","PIG",2,"slope + BB",0.0676921899134554,0.764043814367728,1.07003589001136
3001,"Wild boar","PIG",2,"slope + BB",0.0899776987207342,0.746704688019752,1.0941498992712
3002,"Wild boar","PIG",2,"slope + BB",0.0594224853031989,0.7323472833452,1.06122350257202
3003,"Wild boar","PIG",2,"slope + BB",0.0501246597370937,0.753322278143606,1.05140215812027
3004,"Wild boar","PIG",2,"slope + BB",0.0208748596034489,0.768415991355279,1.0210942639576
3005,"Wild boar","PIG",2,"slope + BB",-0.0280275442639678,0.856829761970971,0.972361590590663
3006,"Wild boar","PIG",2,"slope + BB",0.0439064735643509,0.880691277087957,1.04488462857071
3007,"Wild boar","PIG",2,"slope + BB",0.070940845743053,0.845024394485708,1.07351772085022
3008,"Wild boar","PIG",2,"slope + BB",0.0712602800834329,0.79959658111588,1.073860707429
3009,"Wild boar","PIG",2,"slope + BB",0.0881759340780089,0.796699451127279,1.09218025936281
3010,"Wild boar","PIG",2,"slope + BB",0.0496317719164808,0.855867540940869,1.05088406122211
3011,"Wild boar","PIG",2,"slope + BB",0.0304907946427665,1.05894976033723,1.03096040070082
3012,"Wild boar","PIG",2,"slope + BB",0.066532333791658,0.92821490112874,1.06879552259611
3013,"Wild boar","PIG",2,"slope + BB",0.0410140051050613,0.92699094996919,1.04186669759682
