"grid_id","Species","Species_Code","Rank","Covariates","CAR_Median","CAR_SD","CAR_RelativeRisk"
1,"Banteng","BTG",2,"dist_str + ndvi_cv + elev + BB + DE",-1.55220055947138,1.32637984398636,0.211781424079003
2,"Banteng","BTG",2,"dist_str + ndvi_cv + elev + BB + DE",-1.55189307293212,1.15335244108831,0.211846563300599
3,"Banteng","BTG",2,"dist_str + ndvi_cv + elev + BB + DE",-1.51514809737132,1.12873831966677,0.219775648046021
4,"Banteng","BTG",2,"dist_str + ndvi_cv + elev + BB + DE",-1.52918207491468,1.126247879974,0.216712850128487
5,"Banteng","BTG",2,"dist_str + ndvi_cv + elev + BB + DE",-1.48928745746171,1.17305578985599,0.225533303032859
6,"Banteng","BTG",2,"dist_str + ndvi_cv + elev + BB + DE",-1.52493416283428,1.31588587251526,0.217635387414726
7,"Banteng","BTG",2,"dist_str + ndvi_cv + elev + BB + DE",-1.5045030309249,1.12615301536381,0.222127658289429
8,"Banteng","BTG",2,"dist_str + ndvi_cv + elev + BB + DE",-1.47716077916192,1.07038349145276,0.228284924359306
9,"Banteng","BTG",2,"dist_str + ndvi_cv + elev + BB + DE",-1.47946751362385,1.03652902975677,0.227758935574523
10,"Banteng","BTG",2,"dist_str + ndvi_cv + elev + BB + DE",-1.47372102925115,1.05497755388487,0.229071516686572
11,"Banteng","BTG",2,"dist_str + ndvi_cv + elev + BB + DE",-1.51356847580001,1.07505352130652,0.220123071817821
12,"Banteng","BTG",2,"dist_str + ndvi_cv + elev + BB + DE",-1.50237165370811,1.1194830874985,0.222601599723893
13,"Banteng","BTG",2,"dist_str + ndvi_cv + elev + BB + DE",-1.44002395056137,1.11407767493708,0.236922084560058
14,"Banteng","BTG",2,"dist_str + ndvi_cv + elev + BB + DE",-1.4829965735089,1.12954531067711,0.226956576706942
15,"Banteng","BTG",2,"dist_str + ndvi_cv + elev + BB + DE",-1.52659389808868,1.1460950403503,0.217274474961783
16,"Banteng","BTG",2,"dist_str + ndvi_cv + elev + BB + DE",-1.49013754853088,1.13061982282749,0.225341658014118
17,"Banteng","BTG",2,"dist_str + ndvi_cv + elev + BB + DE",-1.51010243816694,1.11031924821177,0.220887353780092
18,"Banteng","BTG",2,"dist_str + ndvi_cv + elev + BB + DE",-1.49839879180838,1.05308324715136,0.223487724657151
19,"Banteng","BTG",2,"dist_str + ndvi_cv + elev + BB + DE",-1.48089819198345,1.03680914022589,0.227433317880158
20,"Banteng","BTG",2,"dist_str + ndvi_cv + elev + BB + DE",-1.46572380534831,1.01253552802246,0.230910796605182
21,"Banteng","BTG",2,"dist_str + ndvi_cv + elev + BB + DE",-1.44283486043964,1.01184691380531,0.236257052948681
22,"Banteng","BTG",2,"dist_str + ndvi_cv + elev + BB + DE",-1.49125932853712,1.01754378397527,0.225089016048161
23,"Banteng","BTG",2,"dist_str + ndvi_cv + elev + BB + DE",-1.4974245200068,1.02997926269464,0.223705568224725
24,"Banteng","BTG",2,"dist_str + ndvi_cv + elev + BB + DE",-1.49935718994145,1.0561363371077,0.223273638054452
25,"Banteng","BTG",2,"dist_str + ndvi_cv + elev + BB + DE",-1.50690796716747,1.11189717924115,0.221594096287253
26,"Banteng","BTG",2,"dist_str + ndvi_cv + elev + BB + DE",-1.52645723079913,1.31974640816824,0.217304165053496
27,"Banteng","BTG",2,"dist_str + ndvi_cv + elev + BB + DE",-1.43207381379177,1.16614324585583,0.238813156034816
28,"Banteng","BTG",2,"dist_str + ndvi_cv + elev + BB + DE",-1.44985729824984,0.998292355142692,0.234603764951077
29,"Banteng","BTG",2,"dist_str + ndvi_cv + elev + BB + DE",-1.47315464563377,0.968518719170529,0.229201294688673
30,"Banteng","BTG",2,"dist_str + ndvi_cv + elev + BB + DE",-1.4996053820356,0.973880860224981,0.223218229515172
31,"Banteng","BTG",2,"dist_str + ndvi_cv + elev + BB + DE",-1.51067344130366,0.961675421164173,0.220761258232791
32,"Banteng","BTG",2,"dist_str + ndvi_cv + elev + BB + DE",-1.53525678176334,0.989120446001529,0.215400379299146
33,"Banteng","BTG",2,"dist_str + ndvi_cv + elev + BB + DE",-1.47878825215343,0.999248762605518,0.227913695064591
34,"Banteng","BTG",2,"dist_str + ndvi_cv + elev + BB + DE",-1.48570696140782,1.00140232683231,0.226342273528232
35,"Banteng","BTG",2,"dist_str + ndvi_cv + elev + BB + DE",-1.50131021631503,0.985721795562082,0.222838002824513
36,"Banteng","BTG",2,"dist_str + ndvi_cv + elev + BB + DE",-1.49242855266618,1.00118713369974,0.224825990321944
37,"Banteng","BTG",2,"dist_str + ndvi_cv + elev + BB + DE",-1.47088306260481,0.975649723923003,0.229722536860163
38,"Banteng","BTG",2,"dist_str + ndvi_cv + elev + BB + DE",-1.43971275366931,0.985714662873785,0.236995825697568
39,"Banteng","BTG",2,"dist_str + ndvi_cv + elev + BB + DE",-1.46418275936106,0.987133162538904,0.231266915165916
40,"Banteng","BTG",2,"dist_str + ndvi_cv + elev + BB + DE",-1.45699289275479,0.979801959320349,0.232935725680932
41,"Banteng","BTG",2,"dist_str + ndvi_cv + elev + BB + DE",-1.5164036696942,0.988123304671439,0.219499879077631
42,"Banteng","BTG",2,"dist_str + ndvi_cv + elev + BB + DE",-1.49567841755646,1.03246091300451,0.224096522297858
43,"Banteng","BTG",2,"dist_str + ndvi_cv + elev + BB + DE",-1.48764279958085,1.07169151920951,0.225904536496507
44,"Banteng","BTG",2,"dist_str + ndvi_cv + elev + BB + DE",-1.51181499012454,1.18733015413362,0.220509392173095
45,"Banteng","BTG",2,"dist_str + ndvi_cv + elev + BB + DE",-1.41998039890083,0.929139892766278,0.241718762281812
46,"Banteng","BTG",2,"dist_str + ndvi_cv + elev + BB + DE",-1.46552312197212,0.915376595131138,0.23095714126396
47,"Banteng","BTG",2,"dist_str + ndvi_cv + elev + BB + DE",-1.48134399711095,0.880923170090596,0.227331949505631
48,"Banteng","BTG",2,"dist_str + ndvi_cv + elev + BB + DE",-1.47745489238322,0.89087053989153,0.228217798962972
49,"Banteng","BTG",2,"dist_str + ndvi_cv + elev + BB + DE",-1.48886927676877,0.88939656855387,0.225627634124626
50,"Banteng","BTG",2,"dist_str + ndvi_cv + elev + BB + DE",-1.51503263656574,0.896064668290287,0.219801011318439
51,"Banteng","BTG",2,"dist_str + ndvi_cv + elev + BB + DE",-1.48296894942851,0.919704990427335,0.226962849259924
52,"Banteng","BTG",2,"dist_str + ndvi_cv + elev + BB + DE",-1.4477136038534,0.949104926111233,0.235107222312239
53,"Banteng","BTG",2,"dist_str + ndvi_cv + elev + BB + DE",-1.46922083163217,0.944965249603773,0.23010470581847
54,"Banteng","BTG",2,"dist_str + ndvi_cv + elev + BB + DE",-1.48446669120006,0.954205977190803,0.226623169000732
55,"Banteng","BTG",2,"dist_str + ndvi_cv + elev + BB + DE",-1.46766723204906,0.950555673855285,0.2304624767391
56,"Banteng","BTG",2,"dist_str + ndvi_cv + elev + BB + DE",-1.4292128988162,0.97760841372099,0.239497356989991
57,"Banteng","BTG",2,"dist_str + ndvi_cv + elev + BB + DE",-1.43945805106438,0.967454054177476,0.237056199167965
58,"Banteng","BTG",2,"dist_str + ndvi_cv + elev + BB + DE",-1.43601455997331,0.98458457177717,0.237873904475801
59,"Banteng","BTG",2,"dist_str + ndvi_cv + elev + BB + DE",-1.46669249720112,0.986488422239015,0.230687224824515
60,"Banteng","BTG",2,"dist_str + ndvi_cv + elev + BB + DE",-1.46461416891053,1.00629484482394,0.231167165752532
61,"Banteng","BTG",2,"dist_str + ndvi_cv + elev + BB + DE",-1.48918570774547,1.05022626953893,0.225556252512996
62,"Banteng","BTG",2,"dist_str + ndvi_cv + elev + BB + DE",-1.51522990990214,1.14333163859384,0.219757654785398
63,"Banteng","BTG",2,"dist_str + ndvi_cv + elev + BB + DE",-1.12678375302757,1.11745442063567,0.324073883724877
64,"Banteng","BTG",2,"dist_str + ndvi_cv + elev + BB + DE",-1.18241055830409,1.07051234399345,0.306538917444801
65,"Banteng","BTG",2,"dist_str + ndvi_cv + elev + BB + DE",-1.20713587138058,1.05420438167775,0.299052580337245
66,"Banteng","BTG",2,"dist_str + ndvi_cv + elev + BB + DE",-1.23025088048738,1.09436744144702,0.292219257144454
67,"Banteng","BTG",2,"dist_str + ndvi_cv + elev + BB + DE",-1.36642560987625,0.918241661600083,0.255016863728861
68,"Banteng","BTG",2,"dist_str + ndvi_cv + elev + BB + DE",-1.43370468021562,0.855851345905166,0.238423999724525
69,"Banteng","BTG",2,"dist_str + ndvi_cv + elev + BB + DE",-1.47445005915266,0.837455746714533,0.22890458110244
70,"Banteng","BTG",2,"dist_str + ndvi_cv + elev + BB + DE",-1.47675242380531,0.841874455255876,0.228378160923657
71,"Banteng","BTG",2,"dist_str + ndvi_cv + elev + BB + DE",-1.48526036619513,0.850855562418394,0.226443374862541
72,"Banteng","BTG",2,"dist_str + ndvi_cv + elev + BB + DE",-1.48666323057932,0.854017588067358,0.226125928177515
73,"Banteng","BTG",2,"dist_str + ndvi_cv + elev + BB + DE",-1.49112026435135,0.857949909550751,0.22512032293588
74,"Banteng","BTG",2,"dist_str + ndvi_cv + elev + BB + DE",-1.4841460574573,0.881242290116603,0.226695851221067
75,"Banteng","BTG",2,"dist_str + ndvi_cv + elev + BB + DE",-1.46348207432318,0.903631318552371,0.231429018736728
76,"Banteng","BTG",2,"dist_str + ndvi_cv + elev + BB + DE",-1.4706923154728,0.90813542125287,0.229766359767534
77,"Banteng","BTG",2,"dist_str + ndvi_cv + elev + BB + DE",-1.45100109428886,0.897607642491613,0.234335578805974
78,"Banteng","BTG",2,"dist_str + ndvi_cv + elev + BB + DE",-1.43882065949199,0.930041458689606,0.237207342405094
79,"Banteng","BTG",2,"dist_str + ndvi_cv + elev + BB + DE",-1.44146889545494,0.93517589202702,0.236579992057562
80,"Banteng","BTG",2,"dist_str + ndvi_cv + elev + BB + DE",-1.38411865657362,0.964340085738009,0.250544518884272
81,"Banteng","BTG",2,"dist_str + ndvi_cv + elev + BB + DE",-1.40944608047179,0.94404025364712,0.244278556889464
82,"Banteng","BTG",2,"dist_str + ndvi_cv + elev + BB + DE",-1.44289362170563,0.971224423801739,0.236243171084241
83,"Banteng","BTG",2,"dist_str + ndvi_cv + elev + BB + DE",-1.44784236572734,0.980292604771613,0.235076951387589
84,"Banteng","BTG",2,"dist_str + ndvi_cv + elev + BB + DE",-1.48809634510329,1.02339411648201,0.225802101457356
85,"Banteng","BTG",2,"dist_str + ndvi_cv + elev + BB + DE",-1.48917609198041,1.11703583901162,0.225558419105476
86,"Banteng","BTG",2,"dist_str + ndvi_cv + elev + BB + DE",-1.03385089151201,1.14414495716099,0.355634810417679
87,"Banteng","BTG",2,"dist_str + ndvi_cv + elev + BB + DE",-1.02383138054806,1.05847734472797,0.359216023086606
88,"Banteng","BTG",2,"dist_str + ndvi_cv + elev + BB + DE",-1.02439862024742,1.02182147315178,0.359012304318064
89,"Banteng","BTG",2,"dist_str + ndvi_cv + elev + BB + DE",-1.06546731795283,1.02886538323347,0.34456680550889
90,"Banteng","BTG",2,"dist_str + ndvi_cv + elev + BB + DE",-1.10795601082451,0.995724510399968,0.330233266315651
91,"Banteng","BTG",2,"dist_str + ndvi_cv + elev + BB + DE",-1.1119372124814,0.974496188432995,0.328921203996389
92,"Banteng","BTG",2,"dist_str + ndvi_cv + elev + BB + DE",-1.14102148570087,0.954131025275111,0.319492498088411
93,"Banteng","BTG",2,"dist_str + ndvi_cv + elev + BB + DE",-1.16465980809653,0.922926873232867,0.312028795091149
94,"Banteng","BTG",2,"dist_str + ndvi_cv + elev + BB + DE",-1.19654514515616,0.914271039356885,0.302236595318554
95,"Banteng","BTG",2,"dist_str + ndvi_cv + elev + BB + DE",-1.23991573895346,0.912946529768095,0.289408611406319
96,"Banteng","BTG",2,"dist_str + ndvi_cv + elev + BB + DE",-1.30489336924259,0.930544929445953,0.271201452819417
97,"Banteng","BTG",2,"dist_str + ndvi_cv + elev + BB + DE",-1.33263009410595,0.878429348247947,0.263782575178005
98,"Banteng","BTG",2,"dist_str + ndvi_cv + elev + BB + DE",-1.38015314075567,0.81109019311401,0.251540029442422
99,"Banteng","BTG",2,"dist_str + ndvi_cv + elev + BB + DE",-1.43228869592151,0.807305247541641,0.238761843185068
100,"Banteng","BTG",2,"dist_str + ndvi_cv + elev + BB + DE",-1.46750969163905,0.806447496495696,0.230498784476878
101,"Banteng","BTG",2,"dist_str + ndvi_cv + elev + BB + DE",-1.50050438453241,0.793607258800156,0.22301764512548
102,"Banteng","BTG",2,"dist_str + ndvi_cv + elev + BB + DE",-1.5074591415958,0.798553138139525,0.221471992635093
103,"Banteng","BTG",2,"dist_str + ndvi_cv + elev + BB + DE",-1.47783190006779,0.806158600884535,0.228131767189247
104,"Banteng","BTG",2,"dist_str + ndvi_cv + elev + BB + DE",-1.48928609603529,0.819324641010762,0.225533607845408
105,"Banteng","BTG",2,"dist_str + ndvi_cv + elev + BB + DE",-1.49683960442828,0.828030788322172,0.223836455838781
106,"Banteng","BTG",2,"dist_str + ndvi_cv + elev + BB + DE",-1.46658631466462,0.843336346040449,0.230711720681896
107,"Banteng","BTG",2,"dist_str + ndvi_cv + elev + BB + DE",-1.43440736568079,0.858930666495698,0.238256522036795
108,"Banteng","BTG",2,"dist_str + ndvi_cv + elev + BB + DE",-1.44939977453286,0.872120829379126,0.234711126544995
109,"Banteng","BTG",2,"dist_str + ndvi_cv + elev + BB + DE",-1.45181561238088,0.879457805436687,0.234144788880406
110,"Banteng","BTG",2,"dist_str + ndvi_cv + elev + BB + DE",-1.3837552306583,0.920516612530639,0.250635589530656
111,"Banteng","BTG",2,"dist_str + ndvi_cv + elev + BB + DE",-1.39222958902275,0.917436469882421,0.248520589460077
112,"Banteng","BTG",2,"dist_str + ndvi_cv + elev + BB + DE",-1.38411763331181,0.929122530204304,0.250544775148387
113,"Banteng","BTG",2,"dist_str + ndvi_cv + elev + BB + DE",-1.38501996336719,0.929122725054792,0.25031880468585
114,"Banteng","BTG",2,"dist_str + ndvi_cv + elev + BB + DE",-1.41283786322806,0.977112200949254,0.24345142011692
115,"Banteng","BTG",2,"dist_str + ndvi_cv + elev + BB + DE",-1.40981965357523,0.97971409464866,0.244187318752871
116,"Banteng","BTG",2,"dist_str + ndvi_cv + elev + BB + DE",-1.44759020377526,1.07976028948621,0.235136236335373
117,"Banteng","BTG",2,"dist_str + ndvi_cv + elev + BB + DE",-1.00589834790009,1.07927238797304,0.365715948103134
118,"Banteng","BTG",2,"dist_str + ndvi_cv + elev + BB + DE",-1.00033725381877,0.998462132324103,0.367755393616852
119,"Banteng","BTG",2,"dist_str + ndvi_cv + elev + BB + DE",-1.02982193512496,0.963899046515448,0.357070537597813
120,"Banteng","BTG",2,"dist_str + ndvi_cv + elev + BB + DE",-1.04070102164696,0.927678920011782,0.353207002428153
121,"Banteng","BTG",2,"dist_str + ndvi_cv + elev + BB + DE",-1.04235099663911,0.91844213962483,0.352624687261841
122,"Banteng","BTG",2,"dist_str + ndvi_cv + elev + BB + DE",-1.06886184260328,0.913884897051377,0.343399138240949
123,"Banteng","BTG",2,"dist_str + ndvi_cv + elev + BB + DE",-1.10506248295244,0.913826624983064,0.331190187888922
124,"Banteng","BTG",2,"dist_str + ndvi_cv + elev + BB + DE",-1.12845562598677,0.890849650042826,0.323532537192984
125,"Banteng","BTG",2,"dist_str + ndvi_cv + elev + BB + DE",-1.18477557441382,0.861246835724187,0.30581480484329
126,"Banteng","BTG",2,"dist_str + ndvi_cv + elev + BB + DE",-1.24193101958305,0.852584084549563,0.288825951212985
127,"Banteng","BTG",2,"dist_str + ndvi_cv + elev + BB + DE",-1.25170449931873,0.843384778260445,0.286016880296889
128,"Banteng","BTG",2,"dist_str + ndvi_cv + elev + BB + DE",-1.30838897846127,0.813196269463034,0.270255095863434
129,"Banteng","BTG",2,"dist_str + ndvi_cv + elev + BB + DE",-1.3413283118541,0.782236377431093,0.261498087134527
130,"Banteng","BTG",2,"dist_str + ndvi_cv + elev + BB + DE",-1.41346778345653,0.765889891517725,0.243298113400479
131,"Banteng","BTG",2,"dist_str + ndvi_cv + elev + BB + DE",-1.40473245504983,0.780089335297774,0.245432712075769
132,"Banteng","BTG",2,"dist_str + ndvi_cv + elev + BB + DE",-1.4549043207025,0.761497301223562,0.233422696644399
133,"Banteng","BTG",2,"dist_str + ndvi_cv + elev + BB + DE",-1.5335997742995,0.768477537808779,0.215757593756758
134,"Banteng","BTG",2,"dist_str + ndvi_cv + elev + BB + DE",-1.52740232303712,0.758696764108611,0.217098888258948
135,"Banteng","BTG",2,"dist_str + ndvi_cv + elev + BB + DE",-1.47528937635152,0.77021059924536,0.228712535475522
136,"Banteng","BTG",2,"dist_str + ndvi_cv + elev + BB + DE",-1.4758847037193,0.792263327289557,0.228576415181142
137,"Banteng","BTG",2,"dist_str + ndvi_cv + elev + BB + DE",-1.47305601972307,0.798671303462826,0.229223902854382
138,"Banteng","BTG",2,"dist_str + ndvi_cv + elev + BB + DE",-1.44235095230418,0.793064864605935,0.236371407705225
139,"Banteng","BTG",2,"dist_str + ndvi_cv + elev + BB + DE",-1.44494012560471,0.811349228364271,0.235760194128045
140,"Banteng","BTG",2,"dist_str + ndvi_cv + elev + BB + DE",-1.46964296548665,0.837886948607513,0.230007592454146
141,"Banteng","BTG",2,"dist_str + ndvi_cv + elev + BB + DE",-1.42491630895258,0.87475412968844,0.240528592474861
142,"Banteng","BTG",2,"dist_str + ndvi_cv + elev + BB + DE",-1.42455668220599,0.868570790106862,0.240615108575279
143,"Banteng","BTG",2,"dist_str + ndvi_cv + elev + BB + DE",-1.41409477671659,0.883814622092468,0.243145616151391
144,"Banteng","BTG",2,"dist_str + ndvi_cv + elev + BB + DE",-1.42308145030264,0.905253960517405,0.240970333902889
145,"Banteng","BTG",2,"dist_str + ndvi_cv + elev + BB + DE",-1.39091868956029,0.916704667640942,0.248846601866113
146,"Banteng","BTG",2,"dist_str + ndvi_cv + elev + BB + DE",-1.41189401490501,0.920466319642245,0.243681310008009
147,"Banteng","BTG",2,"dist_str + ndvi_cv + elev + BB + DE",-1.41322629225726,0.956487510032546,0.243356875493364
148,"Banteng","BTG",2,"dist_str + ndvi_cv + elev + BB + DE",-1.43020942081891,1.00595846795233,0.239258813198043
149,"Banteng","BTG",2,"dist_str + ndvi_cv + elev + BB + DE",-1.04986068697238,1.10552403480874,0.349986516234859
150,"Banteng","BTG",2,"dist_str + ndvi_cv + elev + BB + DE",-1.00288373317106,0.996118040714804,0.36682010515228
151,"Banteng","BTG",2,"dist_str + ndvi_cv + elev + BB + DE",-0.998199932957239,0.954713566036324,0.368542245436443
152,"Banteng","BTG",2,"dist_str + ndvi_cv + elev + BB + DE",-0.966483754850794,0.914361859768125,0.380418333251035
153,"Banteng","BTG",2,"dist_str + ndvi_cv + elev + BB + DE",-1.033069852575,0.880072036540507,0.355912682558807
154,"Banteng","BTG",2,"dist_str + ndvi_cv + elev + BB + DE",-1.03212758548545,0.885781462415874,0.356248258625321
155,"Banteng","BTG",2,"dist_str + ndvi_cv + elev + BB + DE",-1.06208694734567,0.884600384767061,0.345733533287576
156,"Banteng","BTG",2,"dist_str + ndvi_cv + elev + BB + DE",-1.10725761781187,0.855182356237097,0.330463978087696
157,"Banteng","BTG",2,"dist_str + ndvi_cv + elev + BB + DE",-1.15234708989707,0.847852597767323,0.315894466798892
158,"Banteng","BTG",2,"dist_str + ndvi_cv + elev + BB + DE",-1.18136121471367,0.842998730426843,0.306860750976781
159,"Banteng","BTG",2,"dist_str + ndvi_cv + elev + BB + DE",-1.22679992722235,0.808343100387715,0.293229433759091
160,"Banteng","BTG",2,"dist_str + ndvi_cv + elev + BB + DE",-1.28297851380963,0.789793634954719,0.277210394614557
161,"Banteng","BTG",2,"dist_str + ndvi_cv + elev + BB + DE",-1.31041177769405,0.785137352522768,0.269708977596091
162,"Banteng","BTG",2,"dist_str + ndvi_cv + elev + BB + DE",-1.33181641825674,0.759896282659354,0.263997296076308
163,"Banteng","BTG",2,"dist_str + ndvi_cv + elev + BB + DE",-1.36517368034887,0.745599301513558,0.255336325769531
164,"Banteng","BTG",2,"dist_str + ndvi_cv + elev + BB + DE",-1.38194132904041,0.75477092256601,0.251090634499354
165,"Banteng","BTG",2,"dist_str + ndvi_cv + elev + BB + DE",-1.43174726793231,0.755538270404552,0.238891151279973
166,"Banteng","BTG",2,"dist_str + ndvi_cv + elev + BB + DE",-1.43748839990841,0.755615314166143,0.237523574909538
167,"Banteng","BTG",2,"dist_str + ndvi_cv + elev + BB + DE",-1.45488341547283,0.75436717023315,0.233427576616868
168,"Banteng","BTG",2,"dist_str + ndvi_cv + elev + BB + DE",-1.46161358474543,0.751134730698966,0.231861847253428
169,"Banteng","BTG",2,"dist_str + ndvi_cv + elev + BB + DE",-1.43833463768641,0.783044017499353,0.237322659619021
170,"Banteng","BTG",2,"dist_str + ndvi_cv + elev + BB + DE",-1.45244038557608,0.772943905998319,0.233998545315049
171,"Banteng","BTG",2,"dist_str + ndvi_cv + elev + BB + DE",-1.4386512739881,0.766478185651781,0.237247524985655
172,"Banteng","BTG",2,"dist_str + ndvi_cv + elev + BB + DE",-1.42556671234018,0.785075639788609,0.240372202709623
173,"Banteng","BTG",2,"dist_str + ndvi_cv + elev + BB + DE",-1.43793570895275,0.814661215632623,0.237417365289399
174,"Banteng","BTG",2,"dist_str + ndvi_cv + elev + BB + DE",-1.4372170579604,0.840377303246066,0.237588034215699
175,"Banteng","BTG",2,"dist_str + ndvi_cv + elev + BB + DE",-1.41095624809515,0.843368788965048,0.243909933655244
176,"Banteng","BTG",2,"dist_str + ndvi_cv + elev + BB + DE",-1.40888227385442,0.868241456686918,0.244416321181989
177,"Banteng","BTG",2,"dist_str + ndvi_cv + elev + BB + DE",-1.4056412629733,0.874885480621321,0.245209762213315
178,"Banteng","BTG",2,"dist_str + ndvi_cv + elev + BB + DE",-1.38548393600305,0.901188546927924,0.250202691076649
179,"Banteng","BTG",2,"dist_str + ndvi_cv + elev + BB + DE",-1.4029485037967,0.916887141433886,0.245870943510222
180,"Banteng","BTG",2,"dist_str + ndvi_cv + elev + BB + DE",-1.40118806785902,0.955416961888407,0.246304166076028
181,"Banteng","BTG",2,"dist_str + ndvi_cv + elev + BB + DE",-1.38787343229173,1.007364632826,0.249605543809664
182,"Banteng","BTG",2,"dist_str + ndvi_cv + elev + BB + DE",-1.38737500120799,1.08858805364573,0.249729986538514
183,"Banteng","BTG",2,"dist_str + ndvi_cv + elev + BB + DE",-1.00212303581085,1.21481858988992,0.367099251767682
184,"Banteng","BTG",2,"dist_str + ndvi_cv + elev + BB + DE",-0.999918367123794,1.03541032300792,0.367909473545353
185,"Banteng","BTG",2,"dist_str + ndvi_cv + elev + BB + DE",-1.02570129282615,0.94987404111308,0.358544943455579
186,"Banteng","BTG",2,"dist_str + ndvi_cv + elev + BB + DE",-1.01837559127529,0.920200386362274,0.361181175423579
187,"Banteng","BTG",2,"dist_str + ndvi_cv + elev + BB + DE",-0.997350644413563,0.903621145118908,0.368855378330147
188,"Banteng","BTG",2,"dist_str + ndvi_cv + elev + BB + DE",-1.00418595627407,0.869617728541829,0.366342732872064
189,"Banteng","BTG",2,"dist_str + ndvi_cv + elev + BB + DE",-1.00438238675463,0.847132307776464,0.366270779639435
190,"Banteng","BTG",2,"dist_str + ndvi_cv + elev + BB + DE",-1.03670537440319,0.859488900714739,0.354621103286175
191,"Banteng","BTG",2,"dist_str + ndvi_cv + elev + BB + DE",-1.11528915220204,0.841117546544915,0.327820477005036
192,"Banteng","BTG",2,"dist_str + ndvi_cv + elev + BB + DE",-1.14558983779116,0.822089889541001,0.318036272869815
193,"Banteng","BTG",2,"dist_str + ndvi_cv + elev + BB + DE",-1.17529019745758,0.817075802291597,0.308729374633368
194,"Banteng","BTG",2,"dist_str + ndvi_cv + elev + BB + DE",-1.19395807944801,0.800688549238627,0.303019512030627
195,"Banteng","BTG",2,"dist_str + ndvi_cv + elev + BB + DE",-1.21345899150384,0.778782470586061,0.297167599998067
196,"Banteng","BTG",2,"dist_str + ndvi_cv + elev + BB + DE",-1.27265594623532,0.762467651190993,0.280086737816518
197,"Banteng","BTG",2,"dist_str + ndvi_cv + elev + BB + DE",-1.31743671089771,0.758837932547937,0.267820928280132
198,"Banteng","BTG",2,"dist_str + ndvi_cv + elev + BB + DE",-1.3211154615525,0.736040206034288,0.266837489788731
199,"Banteng","BTG",2,"dist_str + ndvi_cv + elev + BB + DE",-1.36401261973242,0.739614289713458,0.25563296528132
200,"Banteng","BTG",2,"dist_str + ndvi_cv + elev + BB + DE",-1.37941792694753,0.747213075501383,0.251725035963938
201,"Banteng","BTG",2,"dist_str + ndvi_cv + elev + BB + DE",-1.39012611776232,0.754917197237839,0.249043895398799
202,"Banteng","BTG",2,"dist_str + ndvi_cv + elev + BB + DE",-1.41885760889871,0.760091223210612,0.241990308023129
203,"Banteng","BTG",2,"dist_str + ndvi_cv + elev + BB + DE",-1.41479374502133,0.768584547613481,0.242975723244877
204,"Banteng","BTG",2,"dist_str + ndvi_cv + elev + BB + DE",-1.43608691780612,0.773958426111143,0.237856692847197
205,"Banteng","BTG",2,"dist_str + ndvi_cv + elev + BB + DE",-1.39806006965241,0.766131896537409,0.247075810723381
206,"Banteng","BTG",2,"dist_str + ndvi_cv + elev + BB + DE",-1.39362173190212,0.747014497518994,0.248174855347689
207,"Banteng","BTG",2,"dist_str + ndvi_cv + elev + BB + DE",-1.40602203809587,0.759658868565891,0.245116412123727
208,"Banteng","BTG",2,"dist_str + ndvi_cv + elev + BB + DE",-1.41285001805393,0.806277100870593,0.243448461315125
209,"Banteng","BTG",2,"dist_str + ndvi_cv + elev + BB + DE",-1.4067525978782,0.822869266707639,0.244937404107962
210,"Banteng","BTG",2,"dist_str + ndvi_cv + elev + BB + DE",-1.39698559325393,0.828623439552502,0.247341429457583
211,"Banteng","BTG",2,"dist_str + ndvi_cv + elev + BB + DE",-1.42680466374354,0.841767807413481,0.240074820772583
212,"Banteng","BTG",2,"dist_str + ndvi_cv + elev + BB + DE",-1.41559904535877,0.882521261771614,0.242780133660747
213,"Banteng","BTG",2,"dist_str + ndvi_cv + elev + BB + DE",-1.36357562456771,0.892945222526013,0.255744693441456
214,"Banteng","BTG",2,"dist_str + ndvi_cv + elev + BB + DE",-1.3828849943383,0.916554050986191,0.250853796855564
215,"Banteng","BTG",2,"dist_str + ndvi_cv + elev + BB + DE",-1.35644606119877,0.953305091859926,0.25757455645377
216,"Banteng","BTG",2,"dist_str + ndvi_cv + elev + BB + DE",-1.33543006427688,0.994229885306227,0.263045025816481
217,"Banteng","BTG",2,"dist_str + ndvi_cv + elev + BB + DE",-1.36564408639348,1.07723283327471,0.255216241737468
218,"Banteng","BTG",2,"dist_str + ndvi_cv + elev + BB + DE",-1.37313897505505,1.21056141336272,0.25331057862304
219,"Banteng","BTG",2,"dist_str + ndvi_cv + elev + BB + DE",-1.04649878414785,0.992083672388267,0.35116510407569
220,"Banteng","BTG",2,"dist_str + ndvi_cv + elev + BB + DE",-1.03489416330172,0.91857022192528,0.355263979799942
221,"Banteng","BTG",2,"dist_str + ndvi_cv + elev + BB + DE",-1.01861737968771,0.869301353007818,0.361093855603675
222,"Banteng","BTG",2,"dist_str + ndvi_cv + elev + BB + DE",-0.989927587330708,0.88215111250605,0.37160359890217
223,"Banteng","BTG",2,"dist_str + ndvi_cv + elev + BB + DE",-1.00488956516213,0.870547139377557,0.36608506121594
224,"Banteng","BTG",2,"dist_str + ndvi_cv + elev + BB + DE",-1.00043169923694,0.849178434628813,0.367720662180039
225,"Banteng","BTG",2,"dist_str + ndvi_cv + elev + BB + DE",-1.03901799815318,0.830944787769327,0.353801945738256
226,"Banteng","BTG",2,"dist_str + ndvi_cv + elev + BB + DE",-1.08903051855158,0.82915340146425,0.33654260788215
227,"Banteng","BTG",2,"dist_str + ndvi_cv + elev + BB + DE",-1.15816829265526,0.808035330968598,0.314060923250403
228,"Banteng","BTG",2,"dist_str + ndvi_cv + elev + BB + DE",-1.15987680929217,0.796948173817844,0.313524801849193
229,"Banteng","BTG",2,"dist_str + ndvi_cv + elev + BB + DE",-1.21225588187469,0.769739755816364,0.297525340549217
230,"Banteng","BTG",2,"dist_str + ndvi_cv + elev + BB + DE",-1.20020374543583,0.758698548192881,0.301132863655251
231,"Banteng","BTG",2,"dist_str + ndvi_cv + elev + BB + DE",-1.23755169145728,0.763213935355778,0.290093587907124
232,"Banteng","BTG",2,"dist_str + ndvi_cv + elev + BB + DE",-1.28147434046448,0.740825486348877,0.27762768084866
233,"Banteng","BTG",2,"dist_str + ndvi_cv + elev + BB + DE",-1.30935820745698,0.725583784160966,0.269993280570515
234,"Banteng","BTG",2,"dist_str + ndvi_cv + elev + BB + DE",-1.36019852550531,0.718488597059946,0.256609830628266
235,"Banteng","BTG",2,"dist_str + ndvi_cv + elev + BB + DE",-1.39969132373712,0.741130641299764,0.246673094374185
236,"Banteng","BTG",2,"dist_str + ndvi_cv + elev + BB + DE",-1.372500578642,0.738496371819048,0.253472339507406
237,"Banteng","BTG",2,"dist_str + ndvi_cv + elev + BB + DE",-1.37905248616597,0.76185680423153,0.251817040453038
238,"Banteng","BTG",2,"dist_str + ndvi_cv + elev + BB + DE",-1.40529562787574,0.764679621343392,0.245294530001563
239,"Banteng","BTG",2,"dist_str + ndvi_cv + elev + BB + DE",-1.37962479974081,0.749833458302139,0.251672963145344
240,"Banteng","BTG",2,"dist_str + ndvi_cv + elev + BB + DE",-1.40885077455269,0.75720043727293,0.244424020241438
241,"Banteng","BTG",2,"dist_str + ndvi_cv + elev + BB + DE",-1.37804152587452,0.75053242631611,0.252071746316481
242,"Banteng","BTG",2,"dist_str + ndvi_cv + elev + BB + DE",-1.39892668614952,0.744213577013039,0.246861782095402
243,"Banteng","BTG",2,"dist_str + ndvi_cv + elev + BB + DE",-1.40464483704421,0.772763549540821,0.245454217228889
244,"Banteng","BTG",2,"dist_str + ndvi_cv + elev + BB + DE",-1.4287819717627,0.802577247967152,0.239600586168712
245,"Banteng","BTG",2,"dist_str + ndvi_cv + elev + BB + DE",-1.40558301013747,0.807720407488093,0.245224051159895
246,"Banteng","BTG",2,"dist_str + ndvi_cv + elev + BB + DE",-1.39479770064819,0.842366145944183,0.24788318073892
247,"Banteng","BTG",2,"dist_str + ndvi_cv + elev + BB + DE",-1.41998011490769,0.8828870198133,0.241718823474673
248,"Banteng","BTG",2,"dist_str + ndvi_cv + elev + BB + DE",-1.38949799725952,0.883140588405184,0.249200373520281
249,"Banteng","BTG",2,"dist_str + ndvi_cv + elev + BB + DE",-1.34780428956224,0.910917904939555,0.259810102902547
250,"Banteng","BTG",2,"dist_str + ndvi_cv + elev + BB + DE",-1.37978103646597,0.959832660263058,0.25163364600985
251,"Banteng","BTG",2,"dist_str + ndvi_cv + elev + BB + DE",-1.34780042795222,1.0257090964788,0.259811106191596
252,"Banteng","BTG",2,"dist_str + ndvi_cv + elev + BB + DE",-1.33989990476914,1.11099850263597,0.261871880345788
253,"Banteng","BTG",2,"dist_str + ndvi_cv + elev + BB + DE",-1.37815690285035,1.23073220715779,0.25204266434447
254,"Banteng","BTG",2,"dist_str + ndvi_cv + elev + BB + DE",-1.00877561803763,0.976402588334597,0.364665197631841
255,"Banteng","BTG",2,"dist_str + ndvi_cv + elev + BB + DE",-1.03322394367526,0.901932700834301,0.35585785103251
256,"Banteng","BTG",2,"dist_str + ndvi_cv + elev + BB + DE",-1.01538846698863,0.870309862832288,0.362261691032596
257,"Banteng","BTG",2,"dist_str + ndvi_cv + elev + BB + DE",-1.00994266161344,0.849569354524413,0.364239867523727
258,"Banteng","BTG",2,"dist_str + ndvi_cv + elev + BB + DE",-0.983832420961077,0.841326073105294,0.373875501493577
259,"Banteng","BTG",2,"dist_str + ndvi_cv + elev + BB + DE",-0.991305910322541,0.828294952273356,0.371091761982624
260,"Banteng","BTG",2,"dist_str + ndvi_cv + elev + BB + DE",-1.0538710171444,0.822864014793688,0.348585753535655
261,"Banteng","BTG",2,"dist_str + ndvi_cv + elev + BB + DE",-1.09821771891976,0.80431511519189,0.333464899512607
262,"Banteng","BTG",2,"dist_str + ndvi_cv + elev + BB + DE",-1.1260505310574,0.784771968880656,0.324311589529341
263,"Banteng","BTG",2,"dist_str + ndvi_cv + elev + BB + DE",-1.13885258649466,0.775850354624377,0.32018619815865
264,"Banteng","BTG",2,"dist_str + ndvi_cv + elev + BB + DE",-1.14436564091065,0.754277774191588,0.318425850156963
265,"Banteng","BTG",2,"dist_str + ndvi_cv + elev + BB + DE",-1.19657505670502,0.73879557242769,0.302227553609831
266,"Banteng","BTG",2,"dist_str + ndvi_cv + elev + BB + DE",-1.21255771381068,0.732041506982529,0.297435550865266
267,"Banteng","BTG",2,"dist_str + ndvi_cv + elev + BB + DE",-1.25161751962923,0.745135390816645,0.286041758001455
268,"Banteng","BTG",2,"dist_str + ndvi_cv + elev + BB + DE",-1.29590057604004,0.733239614298524,0.273651315488595
269,"Banteng","BTG",2,"dist_str + ndvi_cv + elev + BB + DE",-1.35248050010294,0.736529755936533,0.258598012072102
270,"Banteng","BTG",2,"dist_str + ndvi_cv + elev + BB + DE",-1.34976952081184,0.732059408770792,0.259300017019134
271,"Banteng","BTG",2,"dist_str + ndvi_cv + elev + BB + DE",-1.36337528015433,0.747721911448307,0.255795935298996
272,"Banteng","BTG",2,"dist_str + ndvi_cv + elev + BB + DE",-1.3911792002375,0.746213738728991,0.248781768303665
273,"Banteng","BTG",2,"dist_str + ndvi_cv + elev + BB + DE",-1.35859062746744,0.753809302733222,0.25702276264746
274,"Banteng","BTG",2,"dist_str + ndvi_cv + elev + BB + DE",-1.38218680023054,0.747620099516231,0.251029002956682
275,"Banteng","BTG",2,"dist_str + ndvi_cv + elev + BB + DE",-1.37185986038133,0.73519915218938,0.253634796355676
276,"Banteng","BTG",2,"dist_str + ndvi_cv + elev + BB + DE",-1.35568390493245,0.739859937795394,0.25777094338739
277,"Banteng","BTG",2,"dist_str + ndvi_cv + elev + BB + DE",-1.35615569664129,0.750228376035413,0.257649357971349
278,"Banteng","BTG",2,"dist_str + ndvi_cv + elev + BB + DE",-1.36713885242347,0.767821210146566,0.254835038222253
279,"Banteng","BTG",2,"dist_str + ndvi_cv + elev + BB + DE",-1.39477931169977,0.792227762518868,0.247887737433604
280,"Banteng","BTG",2,"dist_str + ndvi_cv + elev + BB + DE",-1.40260759989061,0.814210281407322,0.245954795600872
281,"Banteng","BTG",2,"dist_str + ndvi_cv + elev + BB + DE",-1.40659669681686,0.819130192126076,0.244975598899392
282,"Banteng","BTG",2,"dist_str + ndvi_cv + elev + BB + DE",-1.41252581907903,0.85802557722442,0.243527401447081
283,"Banteng","BTG",2,"dist_str + ndvi_cv + elev + BB + DE",-1.40181710025503,0.893539069570217,0.246149280150418
284,"Banteng","BTG",2,"dist_str + ndvi_cv + elev + BB + DE",-1.37791557251604,0.946307571721807,0.252103513813977
285,"Banteng","BTG",2,"dist_str + ndvi_cv + elev + BB + DE",-1.36360735702446,1.01508116468913,0.255736579414116
286,"Banteng","BTG",2,"dist_str + ndvi_cv + elev + BB + DE",-1.35213961172502,1.11298121510482,0.258686180685894
287,"Banteng","BTG",2,"dist_str + ndvi_cv + elev + BB + DE",-1.33303515421889,1.24429643605299,0.26367575088526
288,"Banteng","BTG",2,"dist_str + ndvi_cv + elev + BB + DE",-1.02485783712953,1.12625078909956,0.358847478319779
289,"Banteng","BTG",2,"dist_str + ndvi_cv + elev + BB + DE",-0.993271140804409,0.953707765952067,0.370363211390493
290,"Banteng","BTG",2,"dist_str + ndvi_cv + elev + BB + DE",-1.01526050066999,0.896898388037979,0.362308036236669
291,"Banteng","BTG",2,"dist_str + ndvi_cv + elev + BB + DE",-1.03101279824023,0.855172868708839,0.356645571471883
292,"Banteng","BTG",2,"dist_str + ndvi_cv + elev + BB + DE",-1.0007236026417,0.832841911109816,0.36761334164236
293,"Banteng","BTG",2,"dist_str + ndvi_cv + elev + BB + DE",-1.00626482278069,0.81307271607089,0.365581945885061
294,"Banteng","BTG",2,"dist_str + ndvi_cv + elev + BB + DE",-1.00298014850595,0.795820874719381,0.366784737960914
295,"Banteng","BTG",2,"dist_str + ndvi_cv + elev + BB + DE",-1.04523447600206,0.791325011917744,0.351609366226225
296,"Banteng","BTG",2,"dist_str + ndvi_cv + elev + BB + DE",-1.05380952316782,0.768403207002099,0.348607195729992
297,"Banteng","BTG",2,"dist_str + ndvi_cv + elev + BB + DE",-1.11668408086436,0.772279833603436,0.327363507843929
298,"Banteng","BTG",2,"dist_str + ndvi_cv + elev + BB + DE",-1.12018060837482,0.763667091489213,0.326220872450732
299,"Banteng","BTG",2,"dist_str + ndvi_cv + elev + BB + DE",-1.12710891249304,0.756353925883177,0.323968525160951
300,"Banteng","BTG",2,"dist_str + ndvi_cv + elev + BB + DE",-1.15884124198235,0.718684568279476,0.31384964698988
301,"Banteng","BTG",2,"dist_str + ndvi_cv + elev + BB + DE",-1.18634588679098,0.717629908361605,0.305334961257048
302,"Banteng","BTG",2,"dist_str + ndvi_cv + elev + BB + DE",-1.20069009150857,0.725928960616855,0.300986432406829
303,"Banteng","BTG",2,"dist_str + ndvi_cv + elev + BB + DE",-1.25470445272775,0.742367056506479,0.285160114092047
304,"Banteng","BTG",2,"dist_str + ndvi_cv + elev + BB + DE",-1.30031629736901,0.734346566553528,0.27244560589744
305,"Banteng","BTG",2,"dist_str + ndvi_cv + elev + BB + DE",-1.35273452310476,0.740012355147082,0.258532330630959
306,"Banteng","BTG",2,"dist_str + ndvi_cv + elev + BB + DE",-1.35505519407074,0.74323710260962,0.257933057792393
307,"Banteng","BTG",2,"dist_str + ndvi_cv + elev + BB + DE",-1.34698568050214,0.710802533005965,0.260022874041271
308,"Banteng","BTG",2,"dist_str + ndvi_cv + elev + BB + DE",-1.34982730754272,0.728731285103651,0.259285035007409
309,"Banteng","BTG",2,"dist_str + ndvi_cv + elev + BB + DE",-1.34322025003394,0.730536632029653,0.261003817245139
310,"Banteng","BTG",2,"dist_str + ndvi_cv + elev + BB + DE",-1.3391308097918,0.734987235023758,0.262073361802917
311,"Banteng","BTG",2,"dist_str + ndvi_cv + elev + BB + DE",-1.3368610519535,0.738609371445952,0.262668887522016
312,"Banteng","BTG",2,"dist_str + ndvi_cv + elev + BB + DE",-1.32273936401921,0.741469768784298,0.266404522859705
313,"Banteng","BTG",2,"dist_str + ndvi_cv + elev + BB + DE",-1.3489289456064,0.752031597946513,0.25951808818393
314,"Banteng","BTG",2,"dist_str + ndvi_cv + elev + BB + DE",-1.33374715345176,0.770871862567731,0.263488079052449
315,"Banteng","BTG",2,"dist_str + ndvi_cv + elev + BB + DE",-1.36029422111103,0.789850512136063,0.256585274300239
316,"Banteng","BTG",2,"dist_str + ndvi_cv + elev + BB + DE",-1.38301936049591,0.839158212288538,0.250820098536058
317,"Banteng","BTG",2,"dist_str + ndvi_cv + elev + BB + DE",-1.39770630137083,0.898475810563839,0.247163235681612
318,"Banteng","BTG",2,"dist_str + ndvi_cv + elev + BB + DE",-1.40012623751268,0.998561148453952,0.246565837186065
319,"Banteng","BTG",2,"dist_str + ndvi_cv + elev + BB + DE",-1.40577750603554,1.06474786184989,0.245176359714136
320,"Banteng","BTG",2,"dist_str + ndvi_cv + elev + BB + DE",-1.0385872285966,1.0614966905281,0.353954386133816
321,"Banteng","BTG",2,"dist_str + ndvi_cv + elev + BB + DE",-1.0290569430581,0.955347861092198,0.357343799128919
322,"Banteng","BTG",2,"dist_str + ndvi_cv + elev + BB + DE",-1.0169123465446,0.858836581069276,0.361710054192446
323,"Banteng","BTG",2,"dist_str + ndvi_cv + elev + BB + DE",-1.01695396757899,0.842421490485252,0.361695020999845
324,"Banteng","BTG",2,"dist_str + ndvi_cv + elev + BB + DE",-1.00027367347155,0.818616638860486,0.36777878317639
325,"Banteng","BTG",2,"dist_str + ndvi_cv + elev + BB + DE",-1.02148932426754,0.813240678510201,0.360058297428215
326,"Banteng","BTG",2,"dist_str + ndvi_cv + elev + BB + DE",-1.00936676182963,0.811885462739887,0.364449690117131
327,"Banteng","BTG",2,"dist_str + ndvi_cv + elev + BB + DE",-1.06783456942908,0.771291081148817,0.343752084258809
328,"Banteng","BTG",2,"dist_str + ndvi_cv + elev + BB + DE",-1.06046809442985,0.768581405999878,0.346293677107634
329,"Banteng","BTG",2,"dist_str + ndvi_cv + elev + BB + DE",-1.06760063358317,0.755011626235659,0.343832508829947
330,"Banteng","BTG",2,"dist_str + ndvi_cv + elev + BB + DE",-1.10351209644338,0.751787347466151,0.331704058960885
331,"Banteng","BTG",2,"dist_str + ndvi_cv + elev + BB + DE",-1.14539168119007,0.740676780990876,0.318099300299297
332,"Banteng","BTG",2,"dist_str + ndvi_cv + elev + BB + DE",-1.15048803644122,0.737923276655484,0.316482277711004
333,"Banteng","BTG",2,"dist_str + ndvi_cv + elev + BB + DE",-1.14076781017795,0.707297171489204,0.319573555811939
334,"Banteng","BTG",2,"dist_str + ndvi_cv + elev + BB + DE",-1.16291626342372,0.734994586554805,0.312573304453046
335,"Banteng","BTG",2,"dist_str + ndvi_cv + elev + BB + DE",-1.20340195450766,0.731385858649903,0.300171339739078
336,"Banteng","BTG",2,"dist_str + ndvi_cv + elev + BB + DE",-1.25275468517948,0.716478577510747,0.285716652433361
337,"Banteng","BTG",2,"dist_str + ndvi_cv + elev + BB + DE",-1.31406298718178,0.719366082794307,0.268726005267015
338,"Banteng","BTG",2,"dist_str + ndvi_cv + elev + BB + DE",-1.42822643369756,0.684661746394574,0.239733729250924
339,"Banteng","BTG",2,"dist_str + ndvi_cv + elev + BB + DE",-1.34018285741716,0.704104610626347,0.261797792793887
340,"Banteng","BTG",2,"dist_str + ndvi_cv + elev + BB + DE",-1.34053139004021,0.694614526121941,0.261706564999764
341,"Banteng","BTG",2,"dist_str + ndvi_cv + elev + BB + DE",-1.31094844296851,0.703628462312994,0.269564268772472
342,"Banteng","BTG",2,"dist_str + ndvi_cv + elev + BB + DE",-1.28453788245199,0.729274765065818,0.276778471010623
343,"Banteng","BTG",2,"dist_str + ndvi_cv + elev + BB + DE",-1.28153290591626,0.727168247232971,0.277611427515846
344,"Banteng","BTG",2,"dist_str + ndvi_cv + elev + BB + DE",-1.28829700727324,0.729314995945261,0.275739966635278
345,"Banteng","BTG",2,"dist_str + ndvi_cv + elev + BB + DE",-1.31712980030013,0.738993852380702,0.267903135069534
346,"Banteng","BTG",2,"dist_str + ndvi_cv + elev + BB + DE",-1.3157548707066,0.755628828991902,0.268271737964504
347,"Banteng","BTG",2,"dist_str + ndvi_cv + elev + BB + DE",-1.35430727355538,0.786755879876463,0.258126043287386
348,"Banteng","BTG",2,"dist_str + ndvi_cv + elev + BB + DE",-1.35368946199594,0.860271175027519,0.258285567603863
349,"Banteng","BTG",2,"dist_str + ndvi_cv + elev + BB + DE",-1.04333137175868,1.04652641769503,0.352279152572722
350,"Banteng","BTG",2,"dist_str + ndvi_cv + elev + BB + DE",-1.01156670851482,0.914217690605297,0.363648801363143
351,"Banteng","BTG",2,"dist_str + ndvi_cv + elev + BB + DE",-1.00998963965219,0.855860866268762,0.364222754647684
352,"Banteng","BTG",2,"dist_str + ndvi_cv + elev + BB + DE",-1.02285303203889,0.83296535886801,0.359567617879957
353,"Banteng","BTG",2,"dist_str + ndvi_cv + elev + BB + DE",-0.992009670966004,0.817553083838499,0.370830693994724
354,"Banteng","BTG",2,"dist_str + ndvi_cv + elev + BB + DE",-1.00986293961254,0.796580626012612,0.364268903212434
355,"Banteng","BTG",2,"dist_str + ndvi_cv + elev + BB + DE",-0.998770415677766,0.814416738511372,0.368332058235053
356,"Banteng","BTG",2,"dist_str + ndvi_cv + elev + BB + DE",-0.990641194397088,0.790089390074947,0.371338514559307
357,"Banteng","BTG",2,"dist_str + ndvi_cv + elev + BB + DE",-1.0333736112724,0.786623294572086,0.355804587371791
358,"Banteng","BTG",2,"dist_str + ndvi_cv + elev + BB + DE",-1.04461009630706,0.75665879221758,0.351828972058712
359,"Banteng","BTG",2,"dist_str + ndvi_cv + elev + BB + DE",-1.07077454154754,0.766233930709255,0.342742954388018
360,"Banteng","BTG",2,"dist_str + ndvi_cv + elev + BB + DE",-1.12491548012958,0.732956460061711,0.324679909523912
361,"Banteng","BTG",2,"dist_str + ndvi_cv + elev + BB + DE",-1.10353286841159,0.738256458974552,0.331697171688613
362,"Banteng","BTG",2,"dist_str + ndvi_cv + elev + BB + DE",-1.12938882292961,0.716261463812267,0.323230747335444
363,"Banteng","BTG",2,"dist_str + ndvi_cv + elev + BB + DE",-1.14083977898787,0.719458439694267,0.319550557266123
364,"Banteng","BTG",2,"dist_str + ndvi_cv + elev + BB + DE",-1.16688025147974,0.715013507702592,0.311336720032694
365,"Banteng","BTG",2,"dist_str + ndvi_cv + elev + BB + DE",-1.22394622293585,0.715588878230579,0.294067419299245
366,"Banteng","BTG",2,"dist_str + ndvi_cv + elev + BB + DE",-1.25874813481551,0.707460750623814,0.284009345517763
367,"Banteng","BTG",2,"dist_str + ndvi_cv + elev + BB + DE",-1.28697150688565,0.718179616621082,0.276105704510039
368,"Banteng","BTG",2,"dist_str + ndvi_cv + elev + BB + DE",-1.29921398955073,0.692525885828027,0.272746090100334
369,"Banteng","BTG",2,"dist_str + ndvi_cv + elev + BB + DE",-1.2822833386454,0.691208723665189,0.277403171771341
370,"Banteng","BTG",2,"dist_str + ndvi_cv + elev + BB + DE",-1.2686186911909,0.715240524292508,0.281219820405998
371,"Banteng","BTG",2,"dist_str + ndvi_cv + elev + BB + DE",-1.23914149200279,0.711974427231943,0.289632772554133
372,"Banteng","BTG",2,"dist_str + ndvi_cv + elev + BB + DE",-1.23362423749048,0.74766985783694,0.291235157558943
373,"Banteng","BTG",2,"dist_str + ndvi_cv + elev + BB + DE",-1.22976074096698,0.74347859606534,0.292362519717569
374,"Banteng","BTG",2,"dist_str + ndvi_cv + elev + BB + DE",-1.26180474993683,0.74101621027467,0.283142563717731
375,"Banteng","BTG",2,"dist_str + ndvi_cv + elev + BB + DE",-1.26596366396521,0.752931447519038,0.281967443327606
376,"Banteng","BTG",2,"dist_str + ndvi_cv + elev + BB + DE",-1.29639363374358,0.788590493596475,0.273516420251161
377,"Banteng","BTG",2,"dist_str + ndvi_cv + elev + BB + DE",-1.29137039668338,0.9224758344088,0.274893811461493
378,"Banteng","BTG",2,"dist_str + ndvi_cv + elev + BB + DE",-1.01088612108354,1.01688913818309,0.363896383253514
379,"Banteng","BTG",2,"dist_str + ndvi_cv + elev + BB + DE",-0.991997631038452,0.891749164588991,0.370835160111688
380,"Banteng","BTG",2,"dist_str + ndvi_cv + elev + BB + DE",-0.999060211986205,0.832847353788659,0.368225332589798
381,"Banteng","BTG",2,"dist_str + ndvi_cv + elev + BB + DE",-0.982471680074183,0.819025714699142,0.374384598018907
382,"Banteng","BTG",2,"dist_str + ndvi_cv + elev + BB + DE",-0.962654532968139,0.812555920736483,0.381877832908057
383,"Banteng","BTG",2,"dist_str + ndvi_cv + elev + BB + DE",-0.968791791552762,0.799591810495531,0.37954132654494
384,"Banteng","BTG",2,"dist_str + ndvi_cv + elev + BB + DE",-0.96544107097977,0.789734152930653,0.380815196717962
385,"Banteng","BTG",2,"dist_str + ndvi_cv + elev + BB + DE",-0.980918925976544,0.785975163639794,0.374966374156429
386,"Banteng","BTG",2,"dist_str + ndvi_cv + elev + BB + DE",-1.00324327996698,0.776883968793805,0.366688238528466
387,"Banteng","BTG",2,"dist_str + ndvi_cv + elev + BB + DE",-1.00042403156557,0.76234259761596,0.367723487076242
388,"Banteng","BTG",2,"dist_str + ndvi_cv + elev + BB + DE",-1.04880513468325,0.732799075603081,0.350356127500363
389,"Banteng","BTG",2,"dist_str + ndvi_cv + elev + BB + DE",-1.05490485533733,0.749714860348569,0.348225557539058
390,"Banteng","BTG",2,"dist_str + ndvi_cv + elev + BB + DE",-1.05753455288576,0.730556984707466,0.347311032852991
391,"Banteng","BTG",2,"dist_str + ndvi_cv + elev + BB + DE",-1.0690746772994,0.712393474286755,0.343326058279445
392,"Banteng","BTG",2,"dist_str + ndvi_cv + elev + BB + DE",-1.10875616146383,0.703309789628548,0.329969134602444
393,"Banteng","BTG",2,"dist_str + ndvi_cv + elev + BB + DE",-1.15500160166723,0.714474975006146,0.315057032289819
394,"Banteng","BTG",2,"dist_str + ndvi_cv + elev + BB + DE",-1.14896134856893,0.703993459035342,0.316965815469424
395,"Banteng","BTG",2,"dist_str + ndvi_cv + elev + BB + DE",-1.15920930990813,0.703185343198688,0.313734149714848
396,"Banteng","BTG",2,"dist_str + ndvi_cv + elev + BB + DE",-1.20706926138406,0.694171840991803,0.299072507244621
397,"Banteng","BTG",2,"dist_str + ndvi_cv + elev + BB + DE",-1.22781044378404,0.68081473517645,0.292933269877942
398,"Banteng","BTG",2,"dist_str + ndvi_cv + elev + BB + DE",-1.21930430500857,0.681109249322637,0.29543562911015
399,"Banteng","BTG",2,"dist_str + ndvi_cv + elev + BB + DE",-1.22298197609914,0.68639484599718,0.294351110650567
400,"Banteng","BTG",2,"dist_str + ndvi_cv + elev + BB + DE",-1.21259765316351,0.710853424819978,0.297423671553982
401,"Banteng","BTG",2,"dist_str + ndvi_cv + elev + BB + DE",-1.18021676757691,0.715779223055944,0.307212139014569
402,"Banteng","BTG",2,"dist_str + ndvi_cv + elev + BB + DE",-1.18863341777222,0.729265453316101,0.304637292910914
403,"Banteng","BTG",2,"dist_str + ndvi_cv + elev + BB + DE",-1.20819188663937,0.728205133232206,0.298736941656115
404,"Banteng","BTG",2,"dist_str + ndvi_cv + elev + BB + DE",-1.21827163671432,0.74506909892129,0.29574087312246
405,"Banteng","BTG",2,"dist_str + ndvi_cv + elev + BB + DE",-1.25063685073749,0.804857220493119,0.286322394478492
406,"Banteng","BTG",2,"dist_str + ndvi_cv + elev + BB + DE",-1.2374898778448,0.906673695839909,0.290111520714583
407,"Banteng","BTG",2,"dist_str + ndvi_cv + elev + BB + DE",-1.04041029986261,1.0570720621103,0.353309689301625
408,"Banteng","BTG",2,"dist_str + ndvi_cv + elev + BB + DE",-0.985444381011732,0.921644566656684,0.373273315102765
409,"Banteng","BTG",2,"dist_str + ndvi_cv + elev + BB + DE",-0.972414534539983,0.842127688644355,0.378168836977201
410,"Banteng","BTG",2,"dist_str + ndvi_cv + elev + BB + DE",-0.941587590792612,0.823356469215429,0.390008172382649
411,"Banteng","BTG",2,"dist_str + ndvi_cv + elev + BB + DE",-0.919624680000225,0.789783905882431,0.398668644987571
412,"Banteng","BTG",2,"dist_str + ndvi_cv + elev + BB + DE",-0.944168549840845,0.794267132882867,0.389002872979389
413,"Banteng","BTG",2,"dist_str + ndvi_cv + elev + BB + DE",-0.93371277110665,0.772338942694135,0.393091545569688
414,"Banteng","BTG",2,"dist_str + ndvi_cv + elev + BB + DE",-0.935478650702895,0.758179753608231,0.392397999943568
415,"Banteng","BTG",2,"dist_str + ndvi_cv + elev + BB + DE",-0.962464076767882,0.777742794338926,0.381950588602187
416,"Banteng","BTG",2,"dist_str + ndvi_cv + elev + BB + DE",-0.966195799493131,0.771481817197411,0.38052789272837
417,"Banteng","BTG",2,"dist_str + ndvi_cv + elev + BB + DE",-0.966058188674681,0.741660033013456,0.38058026092445
418,"Banteng","BTG",2,"dist_str + ndvi_cv + elev + BB + DE",-0.997248636094664,0.750792786529098,0.368893005091022
419,"Banteng","BTG",2,"dist_str + ndvi_cv + elev + BB + DE",-0.992352610003007,0.736370277817659,0.370703543474215
420,"Banteng","BTG",2,"dist_str + ndvi_cv + elev + BB + DE",-1.03568881992961,0.711876354216279,0.35498177817008
421,"Banteng","BTG",2,"dist_str + ndvi_cv + elev + BB + DE",-1.06828860359461,0.712900267864957,0.343596047082542
422,"Banteng","BTG",2,"dist_str + ndvi_cv + elev + BB + DE",-1.09283244630984,0.694074133465798,0.335265525979512
423,"Banteng","BTG",2,"dist_str + ndvi_cv + elev + BB + DE",-1.09660522070974,0.708746259164483,0.334003027868332
424,"Banteng","BTG",2,"dist_str + ndvi_cv + elev + BB + DE",-1.13484344363031,0.693318490717758,0.321472447746505
425,"Banteng","BTG",2,"dist_str + ndvi_cv + elev + BB + DE",-1.16005503505277,0.675232034095057,0.31346892897887
426,"Banteng","BTG",2,"dist_str + ndvi_cv + elev + BB + DE",-1.20072977171587,0.687894018775696,0.300974489343968
427,"Banteng","BTG",2,"dist_str + ndvi_cv + elev + BB + DE",-1.1814934885794,0.690069084847373,0.306820189473297
428,"Banteng","BTG",2,"dist_str + ndvi_cv + elev + BB + DE",-1.17207385781987,0.693978112074612,0.309723955555459
429,"Banteng","BTG",2,"dist_str + ndvi_cv + elev + BB + DE",-1.1631591198089,0.70119785408523,0.312497403190619
430,"Banteng","BTG",2,"dist_str + ndvi_cv + elev + BB + DE",-1.14642072512366,0.721706371757647,0.317772130369349
431,"Banteng","BTG",2,"dist_str + ndvi_cv + elev + BB + DE",-1.10704509254052,0.704384108711737,0.330534217496667
432,"Banteng","BTG",2,"dist_str + ndvi_cv + elev + BB + DE",-1.14456252295147,0.723774521334651,0.318363163981318
433,"Banteng","BTG",2,"dist_str + ndvi_cv + elev + BB + DE",-1.18104598762645,0.726445426498872,0.306957497371999
434,"Banteng","BTG",2,"dist_str + ndvi_cv + elev + BB + DE",-1.16518372998537,0.767931297922883,0.311865357792295
435,"Banteng","BTG",2,"dist_str + ndvi_cv + elev + BB + DE",-1.16662518858552,0.901873818822363,0.31141614495211
436,"Banteng","BTG",2,"dist_str + ndvi_cv + elev + BB + DE",-0.932988446479601,0.892041047504103,0.393376368998072
437,"Banteng","BTG",2,"dist_str + ndvi_cv + elev + BB + DE",-0.927871083989545,0.845912301495636,0.395394584076842
438,"Banteng","BTG",2,"dist_str + ndvi_cv + elev + BB + DE",-0.920050055888933,0.812723756515974,0.398499095403805
439,"Banteng","BTG",2,"dist_str + ndvi_cv + elev + BB + DE",-0.900012817787073,0.782983036753069,0.406564469514655
440,"Banteng","BTG",2,"dist_str + ndvi_cv + elev + BB + DE",-0.905437160910967,0.768467716950846,0.404365074479287
441,"Banteng","BTG",2,"dist_str + ndvi_cv + elev + BB + DE",-0.894278214126402,0.754119978834781,0.408902632410487
442,"Banteng","BTG",2,"dist_str + ndvi_cv + elev + BB + DE",-0.927971293835589,0.743604843936888,0.395354956570769
443,"Banteng","BTG",2,"dist_str + ndvi_cv + elev + BB + DE",-0.935334035181445,0.768948453625603,0.392454749940524
444,"Banteng","BTG",2,"dist_str + ndvi_cv + elev + BB + DE",-0.931356676655357,0.760811067416583,0.394018793083627
445,"Banteng","BTG",2,"dist_str + ndvi_cv + elev + BB + DE",-0.944869837272509,0.756049412359627,0.388730165787941
446,"Banteng","BTG",2,"dist_str + ndvi_cv + elev + BB + DE",-0.941807037861475,0.741877105528577,0.389922595715607
447,"Banteng","BTG",2,"dist_str + ndvi_cv + elev + BB + DE",-0.973871673757237,0.735911562380995,0.377618190001163
448,"Banteng","BTG",2,"dist_str + ndvi_cv + elev + BB + DE",-0.981891342589557,0.723977797888944,0.374601928665598
449,"Banteng","BTG",2,"dist_str + ndvi_cv + elev + BB + DE",-1.0257609453281,0.717250565307671,0.358523544836107
450,"Banteng","BTG",2,"dist_str + ndvi_cv + elev + BB + DE",-1.06285909787853,0.701798876352732,0.345466674262296
451,"Banteng","BTG",2,"dist_str + ndvi_cv + elev + BB + DE",-1.0734737369231,0.690315905122331,0.341819065725562
452,"Banteng","BTG",2,"dist_str + ndvi_cv + elev + BB + DE",-1.11961183595142,0.681155491353882,0.326406471119788
453,"Banteng","BTG",2,"dist_str + ndvi_cv + elev + BB + DE",-1.14193867516218,0.684865379679211,0.319199597876521
454,"Banteng","BTG",2,"dist_str + ndvi_cv + elev + BB + DE",-1.14445218190024,0.689723397121626,0.318398295507173
455,"Banteng","BTG",2,"dist_str + ndvi_cv + elev + BB + DE",-1.12631321504233,0.684535693328005,0.324226408690232
456,"Banteng","BTG",2,"dist_str + ndvi_cv + elev + BB + DE",-1.10828299743926,0.673919098528998,0.33012530072145
457,"Banteng","BTG",2,"dist_str + ndvi_cv + elev + BB + DE",-1.12341092681262,0.682578864549735,0.325168774013091
458,"Banteng","BTG",2,"dist_str + ndvi_cv + elev + BB + DE",-1.08808272662322,0.689642512864618,0.336861739432379
459,"Banteng","BTG",2,"dist_str + ndvi_cv + elev + BB + DE",-1.09494965835137,0.696160087515408,0.334556450934481
460,"Banteng","BTG",2,"dist_str + ndvi_cv + elev + BB + DE",-1.09936626287306,0.706388360890014,0.333082104142752
461,"Banteng","BTG",2,"dist_str + ndvi_cv + elev + BB + DE",-1.11656285956966,0.723525264215059,0.327403193669727
462,"Banteng","BTG",2,"dist_str + ndvi_cv + elev + BB + DE",-1.10144402518658,0.759852608060894,0.332390756356881
463,"Banteng","BTG",2,"dist_str + ndvi_cv + elev + BB + DE",-1.10073822650031,0.880425122340949,0.33262544012798
464,"Banteng","BTG",2,"dist_str + ndvi_cv + elev + BB + DE",-0.846564019763066,1.02053006322224,0.42888604720245
465,"Banteng","BTG",2,"dist_str + ndvi_cv + elev + BB + DE",-0.838794333340971,0.900384436677413,0.432231337548875
466,"Banteng","BTG",2,"dist_str + ndvi_cv + elev + BB + DE",-0.899718738841599,0.853035052432558,0.406684028087974
467,"Banteng","BTG",2,"dist_str + ndvi_cv + elev + BB + DE",-0.896528712775424,0.822465001068729,0.407983433282169
468,"Banteng","BTG",2,"dist_str + ndvi_cv + elev + BB + DE",-0.863945893874778,0.778588655899659,0.42149561981179
469,"Banteng","BTG",2,"dist_str + ndvi_cv + elev + BB + DE",-0.869933692222081,0.761056500046721,0.418979332716661
470,"Banteng","BTG",2,"dist_str + ndvi_cv + elev + BB + DE",-0.871450221806284,0.762443457262834,0.418344420880527
471,"Banteng","BTG",2,"dist_str + ndvi_cv + elev + BB + DE",-0.851326291598206,0.769936260930709,0.426848439222401
472,"Banteng","BTG",2,"dist_str + ndvi_cv + elev + BB + DE",-0.915851494595716,0.769743445672313,0.400175734139077
473,"Banteng","BTG",2,"dist_str + ndvi_cv + elev + BB + DE",-0.883994458762063,0.763262671043129,0.413129383120137
474,"Banteng","BTG",2,"dist_str + ndvi_cv + elev + BB + DE",-0.91486748637557,0.756852679812008,0.400569705233092
475,"Banteng","BTG",2,"dist_str + ndvi_cv + elev + BB + DE",-0.905981406765095,0.758740415829363,0.404145061348043
476,"Banteng","BTG",2,"dist_str + ndvi_cv + elev + BB + DE",-0.937605298767165,0.741432403617275,0.391564395121483
477,"Banteng","BTG",2,"dist_str + ndvi_cv + elev + BB + DE",-0.961628900250845,0.721371671561785,0.382269703769838
478,"Banteng","BTG",2,"dist_str + ndvi_cv + elev + BB + DE",-0.99012804293597,0.721156286145339,0.371529118256496
479,"Banteng","BTG",2,"dist_str + ndvi_cv + elev + BB + DE",-1.00566642131369,0.712531821061527,0.365800776567213
480,"Banteng","BTG",2,"dist_str + ndvi_cv + elev + BB + DE",-1.07764057618085,0.713946082822769,0.340397722255502
481,"Banteng","BTG",2,"dist_str + ndvi_cv + elev + BB + DE",-1.14236305082664,0.690193632180276,0.31906416598374
482,"Banteng","BTG",2,"dist_str + ndvi_cv + elev + BB + DE",-1.14788301922017,0.68304280129285,0.317307797127468
483,"Banteng","BTG",2,"dist_str + ndvi_cv + elev + BB + DE",-1.11031821581346,0.675849528570045,0.329454107097293
484,"Banteng","BTG",2,"dist_str + ndvi_cv + elev + BB + DE",-1.07343570126991,0.690911231058661,0.341832066092471
485,"Banteng","BTG",2,"dist_str + ndvi_cv + elev + BB + DE",-1.06392828571775,0.683197859130443,0.345097502587943
486,"Banteng","BTG",2,"dist_str + ndvi_cv + elev + BB + DE",-1.04197529576633,0.686783400937287,0.352757194679737
487,"Banteng","BTG",2,"dist_str + ndvi_cv + elev + BB + DE",-1.01567537437427,0.692090679723405,0.36215775841853
488,"Banteng","BTG",2,"dist_str + ndvi_cv + elev + BB + DE",-1.05561906223864,0.684797673010151,0.347976941267151
489,"Banteng","BTG",2,"dist_str + ndvi_cv + elev + BB + DE",-1.06467118784379,0.681507499028262,0.344841224841087
490,"Banteng","BTG",2,"dist_str + ndvi_cv + elev + BB + DE",-1.05102989349831,0.702561774676667,0.349577536022029
491,"Banteng","BTG",2,"dist_str + ndvi_cv + elev + BB + DE",-1.02392850501905,0.732939561121234,0.359181120229271
492,"Banteng","BTG",2,"dist_str + ndvi_cv + elev + BB + DE",-1.01674736651738,0.867664503388434,0.361769733353158
493,"Banteng","BTG",2,"dist_str + ndvi_cv + elev + BB + DE",-0.779287676912294,1.12321341344574,0.458732661409013
494,"Banteng","BTG",2,"dist_str + ndvi_cv + elev + BB + DE",-0.808778443089908,0.969767478713076,0.445401825968826
495,"Banteng","BTG",2,"dist_str + ndvi_cv + elev + BB + DE",-0.815298848155722,0.896942782279018,0.442507065825223
496,"Banteng","BTG",2,"dist_str + ndvi_cv + elev + BB + DE",-0.833508757368409,0.849940197950606,0.434521976223977
497,"Banteng","BTG",2,"dist_str + ndvi_cv + elev + BB + DE",-0.828504445287228,0.833350020057589,0.43670191199257
498,"Banteng","BTG",2,"dist_str + ndvi_cv + elev + BB + DE",-0.832281766266949,0.817245817681086,0.435055460138338
499,"Banteng","BTG",2,"dist_str + ndvi_cv + elev + BB + DE",-0.833645916345336,0.780411982487061,0.434462381760066
500,"Banteng","BTG",2,"dist_str + ndvi_cv + elev + BB + DE",-0.837672667626773,0.763320238975729,0.432716427954823
501,"Banteng","BTG",2,"dist_str + ndvi_cv + elev + BB + DE",-0.804217532547005,0.761063121303642,0.447437946270536
502,"Banteng","BTG",2,"dist_str + ndvi_cv + elev + BB + DE",-0.830974110275604,0.754951973022806,0.435624733639203
503,"Banteng","BTG",2,"dist_str + ndvi_cv + elev + BB + DE",-0.861311912537806,0.758268692925878,0.422607297759664
504,"Banteng","BTG",2,"dist_str + ndvi_cv + elev + BB + DE",-0.818906853504068,0.763485153396971,0.44091337606276
505,"Banteng","BTG",2,"dist_str + ndvi_cv + elev + BB + DE",-0.849545272187874,0.752926066244798,0.427609333609142
506,"Banteng","BTG",2,"dist_str + ndvi_cv + elev + BB + DE",-0.903512666847854,0.740189922676042,0.405144022537678
507,"Banteng","BTG",2,"dist_str + ndvi_cv + elev + BB + DE",-0.928077073814612,0.727857630522678,0.395313139551347
508,"Banteng","BTG",2,"dist_str + ndvi_cv + elev + BB + DE",-0.931522435012837,0.711559507195423,0.393953485034572
509,"Banteng","BTG",2,"dist_str + ndvi_cv + elev + BB + DE",-0.958693448447628,0.71032761483722,0.383393484553265
510,"Banteng","BTG",2,"dist_str + ndvi_cv + elev + BB + DE",-1.0248895072928,0.695219002072753,0.358836112082706
511,"Banteng","BTG",2,"dist_str + ndvi_cv + elev + BB + DE",-1.24006906813356,0.647220328801518,0.289364233038667
512,"Banteng","BTG",2,"dist_str + ndvi_cv + elev + BB + DE",-1.1016353995029,0.682171892169159,0.332327152983144
513,"Banteng","BTG",2,"dist_str + ndvi_cv + elev + BB + DE",-1.03300216882886,0.689566029315115,0.35593677274962
514,"Banteng","BTG",2,"dist_str + ndvi_cv + elev + BB + DE",-0.999609672987096,0.695921321242181,0.368023062802945
515,"Banteng","BTG",2,"dist_str + ndvi_cv + elev + BB + DE",-0.988689122981083,0.682094935060679,0.372064103023453
516,"Banteng","BTG",2,"dist_str + ndvi_cv + elev + BB + DE",-0.982858239724272,0.680365327062226,0.374239906362143
517,"Banteng","BTG",2,"dist_str + ndvi_cv + elev + BB + DE",-0.967608651011539,0.683807633739351,0.379990643439811
518,"Banteng","BTG",2,"dist_str + ndvi_cv + elev + BB + DE",-1.00149847058752,0.661968779706151,0.367328599426966
519,"Banteng","BTG",2,"dist_str + ndvi_cv + elev + BB + DE",-1.00474564112068,0.650474928338265,0.366137755448738
520,"Banteng","BTG",2,"dist_str + ndvi_cv + elev + BB + DE",-0.987887777902253,0.69408921399291,0.372362377430993
521,"Banteng","BTG",2,"dist_str + ndvi_cv + elev + BB + DE",-0.951675250157322,0.726419870141385,0.386093677878438
522,"Banteng","BTG",2,"dist_str + ndvi_cv + elev + BB + DE",-0.939930331253562,0.871548699589039,0.390655050994726
523,"Banteng","BTG",2,"dist_str + ndvi_cv + elev + BB + DE",-0.708048942737818,1.0719904076514,0.492604360507977
524,"Banteng","BTG",2,"dist_str + ndvi_cv + elev + BB + DE",-0.762844006698143,0.949413570346541,0.46633827010262
525,"Banteng","BTG",2,"dist_str + ndvi_cv + elev + BB + DE",-0.773938410103611,0.901128518819572,0.461193119257028
526,"Banteng","BTG",2,"dist_str + ndvi_cv + elev + BB + DE",-0.782786089231623,0.865692440217122,0.457130651578271
527,"Banteng","BTG",2,"dist_str + ndvi_cv + elev + BB + DE",-0.771990583857972,0.821320990598496,0.462092319126482
528,"Banteng","BTG",2,"dist_str + ndvi_cv + elev + BB + DE",-0.769474047896657,0.795520105294723,0.463256655503672
529,"Banteng","BTG",2,"dist_str + ndvi_cv + elev + BB + DE",-0.7659939029863,0.789381406563904,0.46487168605128
530,"Banteng","BTG",2,"dist_str + ndvi_cv + elev + BB + DE",-0.796108199446433,0.772401800474347,0.451081070235903
531,"Banteng","BTG",2,"dist_str + ndvi_cv + elev + BB + DE",-0.769289907826436,0.765054737394479,0.463341995774716
532,"Banteng","BTG",2,"dist_str + ndvi_cv + elev + BB + DE",-0.758751062536642,0.773962539312031,0.468250878599574
533,"Banteng","BTG",2,"dist_str + ndvi_cv + elev + BB + DE",-0.776743182997953,0.769195446753297,0.459901392445533
534,"Banteng","BTG",2,"dist_str + ndvi_cv + elev + BB + DE",-0.792057886648895,0.763316639541686,0.452911796181623
535,"Banteng","BTG",2,"dist_str + ndvi_cv + elev + BB + DE",-0.797105732725057,0.758431757963647,0.4506313459263
536,"Banteng","BTG",2,"dist_str + ndvi_cv + elev + BB + DE",-0.840629569583663,0.752882903764759,0.431438847800615
537,"Banteng","BTG",2,"dist_str + ndvi_cv + elev + BB + DE",-0.84783914919071,0.740425888850465,0.428339510782048
538,"Banteng","BTG",2,"dist_str + ndvi_cv + elev + BB + DE",-0.888269682684947,0.726179700098467,0.411366933072547
539,"Banteng","BTG",2,"dist_str + ndvi_cv + elev + BB + DE",-0.918287447678091,0.727457326302857,0.399202112010493
540,"Banteng","BTG",2,"dist_str + ndvi_cv + elev + BB + DE",-0.981346819901914,0.711162659762035,0.374805968812398
541,"Banteng","BTG",2,"dist_str + ndvi_cv + elev + BB + DE",-1.01503019341107,0.687413211784243,0.362391488403283
542,"Banteng","BTG",2,"dist_str + ndvi_cv + elev + BB + DE",-1.02401986522819,0.69820118209513,0.35914830681745
543,"Banteng","BTG",2,"dist_str + ndvi_cv + elev + BB + DE",-0.960279498091637,0.710082067138983,0.382785884178692
544,"Banteng","BTG",2,"dist_str + ndvi_cv + elev + BB + DE",-0.925416068405542,0.695430978499673,0.396366469264417
545,"Banteng","BTG",2,"dist_str + ndvi_cv + elev + BB + DE",-0.903226161589284,0.696696145074084,0.405260113860335
546,"Banteng","BTG",2,"dist_str + ndvi_cv + elev + BB + DE",-0.883408130906762,0.69043844995575,0.413371683465115
547,"Banteng","BTG",2,"dist_str + ndvi_cv + elev + BB + DE",-0.861251209325387,0.691421866982645,0.422632953952239
548,"Banteng","BTG",2,"dist_str + ndvi_cv + elev + BB + DE",-0.880723078055602,0.670713440959036,0.414483102212371
549,"Banteng","BTG",2,"dist_str + ndvi_cv + elev + BB + DE",-0.869318959949538,0.666080338808198,0.419236969216251
550,"Banteng","BTG",2,"dist_str + ndvi_cv + elev + BB + DE",-0.87957219155816,0.6842126088209,0.414960397355748
551,"Banteng","BTG",2,"dist_str + ndvi_cv + elev + BB + DE",-0.850334631091766,0.732152019576674,0.427271930494621
552,"Banteng","BTG",2,"dist_str + ndvi_cv + elev + BB + DE",-0.80270282876885,0.845484757723645,0.448116145659169
553,"Banteng","BTG",2,"dist_str + ndvi_cv + elev + BB + DE",-0.707705527120929,1.11584469801835,0.492773558655354
554,"Banteng","BTG",2,"dist_str + ndvi_cv + elev + BB + DE",-0.697974970453303,0.987097119940367,0.497591934630135
555,"Banteng","BTG",2,"dist_str + ndvi_cv + elev + BB + DE",-0.719070219701267,0.917489987287532,0.487205051638948
556,"Banteng","BTG",2,"dist_str + ndvi_cv + elev + BB + DE",-0.733997434711259,0.870043427650828,0.479986436025473
557,"Banteng","BTG",2,"dist_str + ndvi_cv + elev + BB + DE",-0.712527577162179,0.833966995959325,0.490403098011762
558,"Banteng","BTG",2,"dist_str + ndvi_cv + elev + BB + DE",-0.720502267932629,0.795947599941388,0.486507839742643
559,"Banteng","BTG",2,"dist_str + ndvi_cv + elev + BB + DE",-0.728706164643527,0.804991823328716,0.482532906409113
560,"Banteng","BTG",2,"dist_str + ndvi_cv + elev + BB + DE",-0.708826816160275,0.791474754598714,0.492221329046829
561,"Banteng","BTG",2,"dist_str + ndvi_cv + elev + BB + DE",-0.751357349264424,0.763932073946636,0.471725822365787
562,"Banteng","BTG",2,"dist_str + ndvi_cv + elev + BB + DE",-0.743243570399411,0.763470389383638,0.475568871249636
563,"Banteng","BTG",2,"dist_str + ndvi_cv + elev + BB + DE",-0.70326567731736,0.759577276301342,0.494966261505668
564,"Banteng","BTG",2,"dist_str + ndvi_cv + elev + BB + DE",-0.739065548944921,0.738209648744055,0.477559963497704
565,"Banteng","BTG",2,"dist_str + ndvi_cv + elev + BB + DE",-0.784697525669073,0.743366458828641,0.456257721704094
566,"Banteng","BTG",2,"dist_str + ndvi_cv + elev + BB + DE",-0.781176744195724,0.745208396748861,0.457866903687563
567,"Banteng","BTG",2,"dist_str + ndvi_cv + elev + BB + DE",-0.808874983344372,0.736034853540647,0.445358821093193
568,"Banteng","BTG",2,"dist_str + ndvi_cv + elev + BB + DE",-0.83563703453004,0.74210863462572,0.433598176427334
569,"Banteng","BTG",2,"dist_str + ndvi_cv + elev + BB + DE",-0.843181536593694,0.696433272969964,0.430339203270325
570,"Banteng","BTG",2,"dist_str + ndvi_cv + elev + BB + DE",-0.863679406191213,0.703750856073922,0.421607958180277
571,"Banteng","BTG",2,"dist_str + ndvi_cv + elev + BB + DE",-0.875393140835356,0.703075726573265,0.416698167814546
572,"Banteng","BTG",2,"dist_str + ndvi_cv + elev + BB + DE",-0.883692334543319,0.696938543618458,0.413254218377585
573,"Banteng","BTG",2,"dist_str + ndvi_cv + elev + BB + DE",-0.855594621641193,0.708689328504555,0.425030406649137
574,"Banteng","BTG",2,"dist_str + ndvi_cv + elev + BB + DE",-0.81923012180924,0.691588306029736,0.440770863794354
575,"Banteng","BTG",2,"dist_str + ndvi_cv + elev + BB + DE",-0.816167687820915,0.703522041219363,0.442122766963922
576,"Banteng","BTG",2,"dist_str + ndvi_cv + elev + BB + DE",-0.818574752621296,0.684659193785994,0.441059826636577
577,"Banteng","BTG",2,"dist_str + ndvi_cv + elev + BB + DE",-0.783970494494802,0.674213575527797,0.456589522334045
578,"Banteng","BTG",2,"dist_str + ndvi_cv + elev + BB + DE",-0.771457709361779,0.669855557794621,0.46233862176489
579,"Banteng","BTG",2,"dist_str + ndvi_cv + elev + BB + DE",-0.775217896616096,0.68133533238189,0.460603407149643
580,"Banteng","BTG",2,"dist_str + ndvi_cv + elev + BB + DE",-0.735705864140205,0.675139365318415,0.479167113187521
581,"Banteng","BTG",2,"dist_str + ndvi_cv + elev + BB + DE",-0.698286154221509,0.704014492121962,0.497437104160509
582,"Banteng","BTG",2,"dist_str + ndvi_cv + elev + BB + DE",-0.650479222633834,0.792498442387402,0.521795660747433
583,"Banteng","BTG",2,"dist_str + ndvi_cv + elev + BB + DE",-0.688583871226591,1.02855584895596,0.502286869994688
584,"Banteng","BTG",2,"dist_str + ndvi_cv + elev + BB + DE",-0.698185731731733,0.924286334788883,0.497487060519137
585,"Banteng","BTG",2,"dist_str + ndvi_cv + elev + BB + DE",-0.642686250508665,0.845114610986755,0.525877886866658
586,"Banteng","BTG",2,"dist_str + ndvi_cv + elev + BB + DE",-0.688818597134264,0.850836715375183,0.502168983257497
587,"Banteng","BTG",2,"dist_str + ndvi_cv + elev + BB + DE",-0.654645044592566,0.825320269818128,0.519626474980647
588,"Banteng","BTG",2,"dist_str + ndvi_cv + elev + BB + DE",-0.649277540417832,0.812422184267039,0.522423070046309
589,"Banteng","BTG",2,"dist_str + ndvi_cv + elev + BB + DE",-0.675847627826479,0.789006714063943,0.508725036254678
590,"Banteng","BTG",2,"dist_str + ndvi_cv + elev + BB + DE",-0.683379463666478,0.760670655495887,0.504907808827932
591,"Banteng","BTG",2,"dist_str + ndvi_cv + elev + BB + DE",-0.680786131087429,0.764514451342268,0.506218887761985
592,"Banteng","BTG",2,"dist_str + ndvi_cv + elev + BB + DE",-0.663281657841273,0.755600911926839,0.515157987880873
593,"Banteng","BTG",2,"dist_str + ndvi_cv + elev + BB + DE",-0.676485431572465,0.733489568057603,0.508400665464097
594,"Banteng","BTG",2,"dist_str + ndvi_cv + elev + BB + DE",-0.684772323892211,0.725416646896052,0.504205040125615
595,"Banteng","BTG",2,"dist_str + ndvi_cv + elev + BB + DE",-0.739737618911338,0.722761437170027,0.477239122523537
596,"Banteng","BTG",2,"dist_str + ndvi_cv + elev + BB + DE",-0.725595500073294,0.738666212366498,0.484036240726559
597,"Banteng","BTG",2,"dist_str + ndvi_cv + elev + BB + DE",-0.747915451279304,0.71307942089755,0.473352252599944
598,"Banteng","BTG",2,"dist_str + ndvi_cv + elev + BB + DE",-0.769170471961341,0.704185057145904,0.463397310270975
599,"Banteng","BTG",2,"dist_str + ndvi_cv + elev + BB + DE",-0.759437181148273,0.693165601031444,0.467929713760799
600,"Banteng","BTG",2,"dist_str + ndvi_cv + elev + BB + DE",-0.789571268757262,0.707311083578631,0.454039414775389
601,"Banteng","BTG",2,"dist_str + ndvi_cv + elev + BB + DE",-0.794868589528097,0.700531678901601,0.451640582149012
602,"Banteng","BTG",2,"dist_str + ndvi_cv + elev + BB + DE",-0.754288401134749,0.706368518597151,0.470345192779206
603,"Banteng","BTG",2,"dist_str + ndvi_cv + elev + BB + DE",-0.76228529520182,0.704687119004973,0.466598895843509
604,"Banteng","BTG",2,"dist_str + ndvi_cv + elev + BB + DE",-0.728196283177563,0.68741222156052,0.48277901209483
605,"Banteng","BTG",2,"dist_str + ndvi_cv + elev + BB + DE",-0.684309408311478,0.677539047235533,0.504438470511135
606,"Banteng","BTG",2,"dist_str + ndvi_cv + elev + BB + DE",-0.699350182074062,0.66172892396161,0.496908098947643
607,"Banteng","BTG",2,"dist_str + ndvi_cv + elev + BB + DE",-0.678929484290417,0.663836919363003,0.50715962536471
608,"Banteng","BTG",2,"dist_str + ndvi_cv + elev + BB + DE",-0.665613093924286,0.666884796178002,0.513958327410201
609,"Banteng","BTG",2,"dist_str + ndvi_cv + elev + BB + DE",-0.655798625267803,0.661724606712557,0.519027388764615
610,"Banteng","BTG",2,"dist_str + ndvi_cv + elev + BB + DE",-0.582690410389833,0.703406982420033,0.558394040444647
611,"Banteng","BTG",2,"dist_str + ndvi_cv + elev + BB + DE",-0.531735274000093,0.747342539295658,0.587584467015561
612,"Banteng","BTG",2,"dist_str + ndvi_cv + elev + BB + DE",-0.468663231520443,0.81310229106937,0.625838311105919
613,"Banteng","BTG",2,"dist_str + ndvi_cv + elev + BB + DE",-0.33615008722521,0.902577168464128,0.714515858085926
614,"Banteng","BTG",2,"dist_str + ndvi_cv + elev + BB + DE",-0.311118138869311,0.923346877178114,0.732627318994579
615,"Banteng","BTG",2,"dist_str + ndvi_cv + elev + BB + DE",-0.297227338689867,0.923325927149259,0.742875111351125
616,"Banteng","BTG",2,"dist_str + ndvi_cv + elev + BB + DE",-0.256635365150737,1.00831141811258,0.773650262227316
617,"Banteng","BTG",2,"dist_str + ndvi_cv + elev + BB + DE",-0.646312295843303,0.949786630866077,0.523974484724056
618,"Banteng","BTG",2,"dist_str + ndvi_cv + elev + BB + DE",-0.654997241909314,0.866953038355405,0.519443495260616
619,"Banteng","BTG",2,"dist_str + ndvi_cv + elev + BB + DE",-0.622365896636849,0.835041129555711,0.536673223766722
620,"Banteng","BTG",2,"dist_str + ndvi_cv + elev + BB + DE",-0.629851925805627,0.834913840002585,0.532670687326805
621,"Banteng","BTG",2,"dist_str + ndvi_cv + elev + BB + DE",-0.642993733791016,0.817334242727032,0.525716215751956
622,"Banteng","BTG",2,"dist_str + ndvi_cv + elev + BB + DE",-0.637532289907738,0.792634650517538,0.52859523570218
623,"Banteng","BTG",2,"dist_str + ndvi_cv + elev + BB + DE",-0.652580365399139,0.76828977314509,0.520700444440549
624,"Banteng","BTG",2,"dist_str + ndvi_cv + elev + BB + DE",-0.654434218919254,0.764144383468701,0.519736036337606
625,"Banteng","BTG",2,"dist_str + ndvi_cv + elev + BB + DE",-0.640913163246227,0.771673001961082,0.526811177284661
626,"Banteng","BTG",2,"dist_str + ndvi_cv + elev + BB + DE",-0.643435333584032,0.738351591402458,0.525484122102816
627,"Banteng","BTG",2,"dist_str + ndvi_cv + elev + BB + DE",-0.621919232901421,0.73782259223179,0.53691300127925
628,"Banteng","BTG",2,"dist_str + ndvi_cv + elev + BB + DE",-0.637425580704903,0.730873243513831,0.528651644746133
629,"Banteng","BTG",2,"dist_str + ndvi_cv + elev + BB + DE",-0.642485641937537,0.731264753831861,0.525983391448294
630,"Banteng","BTG",2,"dist_str + ndvi_cv + elev + BB + DE",-0.636178371167515,0.714064680856795,0.529311395785943
631,"Banteng","BTG",2,"dist_str + ndvi_cv + elev + BB + DE",-0.669762627427625,0.70437049990691,0.51183005778634
632,"Banteng","BTG",2,"dist_str + ndvi_cv + elev + BB + DE",-0.682600860454738,0.688466310555887,0.505301064355042
633,"Banteng","BTG",2,"dist_str + ndvi_cv + elev + BB + DE",-0.694771088817408,0.705824268496232,0.499188705197151
634,"Banteng","BTG",2,"dist_str + ndvi_cv + elev + BB + DE",-0.698306363070686,0.701215604097298,0.497427052039428
635,"Banteng","BTG",2,"dist_str + ndvi_cv + elev + BB + DE",-0.670163487972609,0.69020249336834,0.511624926689743
636,"Banteng","BTG",2,"dist_str + ndvi_cv + elev + BB + DE",-0.639065706307919,0.70190390831599,0.527785301542951
637,"Banteng","BTG",2,"dist_str + ndvi_cv + elev + BB + DE",-0.634740244392615,0.684491551850124,0.530073160503175
638,"Banteng","BTG",2,"dist_str + ndvi_cv + elev + BB + DE",-0.601877222899586,0.669044878642385,0.5477823610327
639,"Banteng","BTG",2,"dist_str + ndvi_cv + elev + BB + DE",-0.571837248215339,0.662854575361334,0.564487382849153
640,"Banteng","BTG",2,"dist_str + ndvi_cv + elev + BB + DE",-0.600274579274063,0.652926430043765,0.54866096464791
641,"Banteng","BTG",2,"dist_str + ndvi_cv + elev + BB + DE",-0.57644948217762,0.650158817778796,0.56188982908757
642,"Banteng","BTG",2,"dist_str + ndvi_cv + elev + BB + DE",-0.549662190163575,0.66765084922416,0.577144745747034
643,"Banteng","BTG",2,"dist_str + ndvi_cv + elev + BB + DE",-0.491667421357299,0.696935684227843,0.611605740403426
644,"Banteng","BTG",2,"dist_str + ndvi_cv + elev + BB + DE",-0.441961267211611,0.71965500721623,0.642774534252592
645,"Banteng","BTG",2,"dist_str + ndvi_cv + elev + BB + DE",-0.396773062623636,0.746330857990613,0.672486624750729
646,"Banteng","BTG",2,"dist_str + ndvi_cv + elev + BB + DE",-0.363117746432082,0.781210285008255,0.69550453932272
647,"Banteng","BTG",2,"dist_str + ndvi_cv + elev + BB + DE",-0.313281371266352,0.802313968370776,0.731044190927072
648,"Banteng","BTG",2,"dist_str + ndvi_cv + elev + BB + DE",-0.310463134170365,0.816358631862946,0.733107353057983
649,"Banteng","BTG",2,"dist_str + ndvi_cv + elev + BB + DE",-0.254323907947227,0.847368876902185,0.775440593173597
650,"Banteng","BTG",2,"dist_str + ndvi_cv + elev + BB + DE",-0.263839274984492,0.885002468098282,0.76809698231831
651,"Banteng","BTG",2,"dist_str + ndvi_cv + elev + BB + DE",-0.294187502321379,0.964987790233773,0.745136772767094
652,"Banteng","BTG",2,"dist_str + ndvi_cv + elev + BB + DE",-0.244630305954034,0.986969643643016,0.782993958937685
653,"Banteng","BTG",2,"dist_str + ndvi_cv + elev + BB + DE",-0.264056605958897,1.06065992682657,0.767930079577818
654,"Banteng","BTG",2,"dist_str + ndvi_cv + elev + BB + DE",-0.232130183886454,1.23323159983379,0.792842901260771
655,"Banteng","BTG",2,"dist_str + ndvi_cv + elev + BB + DE",-0.580886055676595,0.986344798485955,0.559402485649717
656,"Banteng","BTG",2,"dist_str + ndvi_cv + elev + BB + DE",-0.584160554869805,0.87422639331028,0.55757371847289
657,"Banteng","BTG",2,"dist_str + ndvi_cv + elev + BB + DE",-0.566767117519425,0.85803850284238,0.567356695655203
658,"Banteng","BTG",2,"dist_str + ndvi_cv + elev + BB + DE",-0.604873932716861,0.829439868875895,0.546143273445314
659,"Banteng","BTG",2,"dist_str + ndvi_cv + elev + BB + DE",-0.618371238035679,0.817411428723169,0.538821335007353
660,"Banteng","BTG",2,"dist_str + ndvi_cv + elev + BB + DE",-0.575921957757827,0.781775523529911,0.56218631790382
661,"Banteng","BTG",2,"dist_str + ndvi_cv + elev + BB + DE",-0.589583470819852,0.793864284420249,0.554558226318046
662,"Banteng","BTG",2,"dist_str + ndvi_cv + elev + BB + DE",-0.597341459163617,0.757992692449891,0.550272618165105
663,"Banteng","BTG",2,"dist_str + ndvi_cv + elev + BB + DE",-0.588488765414399,0.755127874900292,0.555165637510767
664,"Banteng","BTG",2,"dist_str + ndvi_cv + elev + BB + DE",-0.580398171173834,0.736189910081918,0.559675534749447
665,"Banteng","BTG",2,"dist_str + ndvi_cv + elev + BB + DE",-0.565573409122817,0.725161755115076,0.568034337404499
666,"Banteng","BTG",2,"dist_str + ndvi_cv + elev + BB + DE",-0.558854750148006,0.749707692143554,0.571863617503989
667,"Banteng","BTG",2,"dist_str + ndvi_cv + elev + BB + DE",-0.55016476110105,0.741605033504762,0.576854760285724
668,"Banteng","BTG",2,"dist_str + ndvi_cv + elev + BB + DE",-0.584950561393272,0.73964989826434,0.557133406134753
669,"Banteng","BTG",2,"dist_str + ndvi_cv + elev + BB + DE",-0.571694677860177,0.710651003845016,0.564567867336469
670,"Banteng","BTG",2,"dist_str + ndvi_cv + elev + BB + DE",-0.601261714117929,0.697277464459695,0.548119634329866
671,"Banteng","BTG",2,"dist_str + ndvi_cv + elev + BB + DE",-0.639157101699216,0.677122614269491,0.527737075581862
672,"Banteng","BTG",2,"dist_str + ndvi_cv + elev + BB + DE",-0.635129610918566,0.697365406921043,0.529866819641513
673,"Banteng","BTG",2,"dist_str + ndvi_cv + elev + BB + DE",-0.600447226694858,0.688556070268518,0.548566248161148
674,"Banteng","BTG",2,"dist_str + ndvi_cv + elev + BB + DE",-0.593502781160916,0.681993394499542,0.552388994549677
675,"Banteng","BTG",2,"dist_str + ndvi_cv + elev + BB + DE",-0.57713219775231,0.684738584482288,0.561506349058957
676,"Banteng","BTG",2,"dist_str + ndvi_cv + elev + BB + DE",-0.533789381432386,0.666583936719763,0.586378741820797
677,"Banteng","BTG",2,"dist_str + ndvi_cv + elev + BB + DE",-0.472216426642281,0.620584190878018,0.623618531042312
678,"Banteng","BTG",2,"dist_str + ndvi_cv + elev + BB + DE",-0.451786507279572,0.636596174009573,0.636490043687578
679,"Banteng","BTG",2,"dist_str + ndvi_cv + elev + BB + DE",-0.482261180488821,0.658292715087349,0.617385791882536
680,"Banteng","BTG",2,"dist_str + ndvi_cv + elev + BB + DE",-0.489559329925645,0.670097716160998,0.61289641989072
681,"Banteng","BTG",2,"dist_str + ndvi_cv + elev + BB + DE",-0.44430199519888,0.685038589321076,0.641271730793127
682,"Banteng","BTG",2,"dist_str + ndvi_cv + elev + BB + DE",-0.395691659962189,0.722670113647075,0.673214249526504
683,"Banteng","BTG",2,"dist_str + ndvi_cv + elev + BB + DE",-0.367345132572037,0.721006408366973,0.692570582611469
684,"Banteng","BTG",2,"dist_str + ndvi_cv + elev + BB + DE",-0.330708980726818,0.74226451002117,0.71841421578957
685,"Banteng","BTG",2,"dist_str + ndvi_cv + elev + BB + DE",-0.348615525243291,0.766296523469142,0.705664391330699
686,"Banteng","BTG",2,"dist_str + ndvi_cv + elev + BB + DE",-0.308433128773172,0.765140673146138,0.734597075272489
687,"Banteng","BTG",2,"dist_str + ndvi_cv + elev + BB + DE",-0.289085885203284,0.79589485820148,0.74894788027637
688,"Banteng","BTG",2,"dist_str + ndvi_cv + elev + BB + DE",-0.255528989160254,0.806872461122487,0.774506684047843
689,"Banteng","BTG",2,"dist_str + ndvi_cv + elev + BB + DE",-0.254667430006544,0.84088291091764,0.775174257475689
690,"Banteng","BTG",2,"dist_str + ndvi_cv + elev + BB + DE",-0.2342796353951,0.876908619442861,0.791140554106266
691,"Banteng","BTG",2,"dist_str + ndvi_cv + elev + BB + DE",-0.224728769903866,0.93155439808165,0.798732835123205
692,"Banteng","BTG",2,"dist_str + ndvi_cv + elev + BB + DE",-0.226337454155532,1.05265767578514,0.797448953839301
693,"Banteng","BTG",2,"dist_str + ndvi_cv + elev + BB + DE",-0.541377523980928,0.989635151767274,0.581946069407401
694,"Banteng","BTG",2,"dist_str + ndvi_cv + elev + BB + DE",-0.56010482946248,0.890416863639812,0.571149187869675
695,"Banteng","BTG",2,"dist_str + ndvi_cv + elev + BB + DE",-0.597675141141896,0.859704092912497,0.550089030026277
696,"Banteng","BTG",2,"dist_str + ndvi_cv + elev + BB + DE",-0.580420934177976,0.821120424696884,0.559662739600454
697,"Banteng","BTG",2,"dist_str + ndvi_cv + elev + BB + DE",-0.570937811687412,0.798377925359877,0.564995330953158
698,"Banteng","BTG",2,"dist_str + ndvi_cv + elev + BB + DE",-0.549352649105663,0.788770949026746,0.577323420274584
699,"Banteng","BTG",2,"dist_str + ndvi_cv + elev + BB + DE",-0.533405814934243,0.78838639114263,0.586603700276319
700,"Banteng","BTG",2,"dist_str + ndvi_cv + elev + BB + DE",-0.556262585460632,0.779744220123891,0.573347905191677
701,"Banteng","BTG",2,"dist_str + ndvi_cv + elev + BB + DE",-0.519100942619637,0.75226070935089,0.595055302840061
702,"Banteng","BTG",2,"dist_str + ndvi_cv + elev + BB + DE",-0.504145921408572,0.764746937688123,0.604021236898786
703,"Banteng","BTG",2,"dist_str + ndvi_cv + elev + BB + DE",-0.498392738169189,0.741819305726603,0.607506297954375
704,"Banteng","BTG",2,"dist_str + ndvi_cv + elev + BB + DE",-0.497186798013833,0.728860739231207,0.608239355312857
705,"Banteng","BTG",2,"dist_str + ndvi_cv + elev + BB + DE",-0.483425218049688,0.749163375737608,0.616667549450102
706,"Banteng","BTG",2,"dist_str + ndvi_cv + elev + BB + DE",-0.481502000445691,0.73405385465411,0.61785468374901
707,"Banteng","BTG",2,"dist_str + ndvi_cv + elev + BB + DE",-0.487748348867384,0.707615564765806,0.614007370284041
708,"Banteng","BTG",2,"dist_str + ndvi_cv + elev + BB + DE",-0.497488382538067,0.692061638627052,0.608055948916834
709,"Banteng","BTG",2,"dist_str + ndvi_cv + elev + BB + DE",-0.578299766138979,0.654223264288685,0.56085113506366
710,"Banteng","BTG",2,"dist_str + ndvi_cv + elev + BB + DE",-0.548854419771193,0.683854471232728,0.577611132294458
711,"Banteng","BTG",2,"dist_str + ndvi_cv + elev + BB + DE",-0.516174120519623,0.698839198026748,0.59679946861955
712,"Banteng","BTG",2,"dist_str + ndvi_cv + elev + BB + DE",-0.508455093968674,0.679926112918519,0.601424005038006
713,"Banteng","BTG",2,"dist_str + ndvi_cv + elev + BB + DE",-0.508134907283231,0.683148393712091,0.60161660387719
714,"Banteng","BTG",2,"dist_str + ndvi_cv + elev + BB + DE",-0.473923095783444,0.671022542013499,0.622555128741962
715,"Banteng","BTG",2,"dist_str + ndvi_cv + elev + BB + DE",-0.356445987170011,0.639166410045432,0.700160288096625
716,"Banteng","BTG",2,"dist_str + ndvi_cv + elev + BB + DE",-0.335935416776028,0.620373563736102,0.714669260566384
717,"Banteng","BTG",2,"dist_str + ndvi_cv + elev + BB + DE",-0.408308101783145,0.661700397619295,0.664774029610944
718,"Banteng","BTG",2,"dist_str + ndvi_cv + elev + BB + DE",-0.418080892512611,0.692700398532508,0.658308974146043
719,"Banteng","BTG",2,"dist_str + ndvi_cv + elev + BB + DE",-0.43326946452932,0.703385584113162,0.648385751593468
720,"Banteng","BTG",2,"dist_str + ndvi_cv + elev + BB + DE",-0.395069744595885,0.705940194542058,0.673633064057846
721,"Banteng","BTG",2,"dist_str + ndvi_cv + elev + BB + DE",-0.343155348207914,0.73284181488709,0.709527983323857
722,"Banteng","BTG",2,"dist_str + ndvi_cv + elev + BB + DE",-0.334198726439007,0.740915358338638,0.715911499833501
723,"Banteng","BTG",2,"dist_str + ndvi_cv + elev + BB + DE",-0.300292329521608,0.766715613543531,0.740601689518481
724,"Banteng","BTG",2,"dist_str + ndvi_cv + elev + BB + DE",-0.28954141844233,0.743871621176648,0.748606787676259
725,"Banteng","BTG",2,"dist_str + ndvi_cv + elev + BB + DE",-0.257674369847674,0.764241974440104,0.77284685392105
726,"Banteng","BTG",2,"dist_str + ndvi_cv + elev + BB + DE",-0.222699369136635,0.769179863407736,0.800355424703691
727,"Banteng","BTG",2,"dist_str + ndvi_cv + elev + BB + DE",-0.203475056505795,0.79197688653904,0.815890556981131
728,"Banteng","BTG",2,"dist_str + ndvi_cv + elev + BB + DE",-0.219528595901976,0.81409695544409,0.802897200354616
729,"Banteng","BTG",2,"dist_str + ndvi_cv + elev + BB + DE",-0.210864811464844,0.842972677896885,0.809883546766028
730,"Banteng","BTG",2,"dist_str + ndvi_cv + elev + BB + DE",-0.204679692728751,0.90867733750349,0.814908305922999
731,"Banteng","BTG",2,"dist_str + ndvi_cv + elev + BB + DE",-0.562534525629428,0.99751905309002,0.569763159645243
732,"Banteng","BTG",2,"dist_str + ndvi_cv + elev + BB + DE",-0.583382028299083,0.89351039987686,0.558007978995009
733,"Banteng","BTG",2,"dist_str + ndvi_cv + elev + BB + DE",-0.548006131048294,0.861237284908917,0.57810132597273
734,"Banteng","BTG",2,"dist_str + ndvi_cv + elev + BB + DE",-0.567861412454104,0.816356877819672,0.566736161413189
735,"Banteng","BTG",2,"dist_str + ndvi_cv + elev + BB + DE",-0.538493400256429,0.800560565403386,0.583626905653947
736,"Banteng","BTG",2,"dist_str + ndvi_cv + elev + BB + DE",-0.529069212383463,0.799756834027047,0.589153090965738
737,"Banteng","BTG",2,"dist_str + ndvi_cv + elev + BB + DE",-0.510746222043726,0.775941431279667,0.600047646255721
738,"Banteng","BTG",2,"dist_str + ndvi_cv + elev + BB + DE",-0.508397059506159,0.766035179760947,0.601458909434398
739,"Banteng","BTG",2,"dist_str + ndvi_cv + elev + BB + DE",-0.46578456336798,0.760046854919804,0.627642486673771
740,"Banteng","BTG",2,"dist_str + ndvi_cv + elev + BB + DE",-0.440882846650474,0.755342100971843,0.643468088135939
741,"Banteng","BTG",2,"dist_str + ndvi_cv + elev + BB + DE",-0.438421139058717,0.759532997102896,0.645054068765362
742,"Banteng","BTG",2,"dist_str + ndvi_cv + elev + BB + DE",-0.457328227116863,0.753350191240705,0.632972547361603
743,"Banteng","BTG",2,"dist_str + ndvi_cv + elev + BB + DE",-0.411678458333916,0.740807945710134,0.662537275209404
744,"Banteng","BTG",2,"dist_str + ndvi_cv + elev + BB + DE",-0.387627404763908,0.73810337275763,0.678665164417121
745,"Banteng","BTG",2,"dist_str + ndvi_cv + elev + BB + DE",-0.400886285255818,0.709429339753566,0.669726232613472
746,"Banteng","BTG",2,"dist_str + ndvi_cv + elev + BB + DE",-0.385183982091849,0.7038392254773,0.68032545722507
747,"Banteng","BTG",2,"dist_str + ndvi_cv + elev + BB + DE",-0.420040243761362,0.696867921963314,0.657020380931281
748,"Banteng","BTG",2,"dist_str + ndvi_cv + elev + BB + DE",-0.424506591756869,0.696753166173069,0.65409244032391
749,"Banteng","BTG",2,"dist_str + ndvi_cv + elev + BB + DE",-0.423440895183206,0.703644989340619,0.654789876902945
750,"Banteng","BTG",2,"dist_str + ndvi_cv + elev + BB + DE",-0.425798690458042,0.694464338288032,0.653247833977558
751,"Banteng","BTG",2,"dist_str + ndvi_cv + elev + BB + DE",-0.425573136688763,0.679369439568517,0.653395194101092
752,"Banteng","BTG",2,"dist_str + ndvi_cv + elev + BB + DE",-0.419453571230962,0.685886487301645,0.657405947797971
753,"Banteng","BTG",2,"dist_str + ndvi_cv + elev + BB + DE",-0.38947457650093,0.68139302431947,0.677412710835298
754,"Banteng","BTG",2,"dist_str + ndvi_cv + elev + BB + DE",-0.391807388224948,0.667216657416828,0.675834277648905
755,"Banteng","BTG",2,"dist_str + ndvi_cv + elev + BB + DE",-0.378389197815345,0.67534968907298,0.684963862830819
756,"Banteng","BTG",2,"dist_str + ndvi_cv + elev + BB + DE",-0.389846316921372,0.696571542933374,0.677160950354612
757,"Banteng","BTG",2,"dist_str + ndvi_cv + elev + BB + DE",-0.408089557448735,0.704772958073064,0.664919327677223
758,"Banteng","BTG",2,"dist_str + ndvi_cv + elev + BB + DE",-0.391618783577564,0.708312022433261,0.675961759302927
759,"Banteng","BTG",2,"dist_str + ndvi_cv + elev + BB + DE",-0.340135900184105,0.722438985498613,0.711673650058584
760,"Banteng","BTG",2,"dist_str + ndvi_cv + elev + BB + DE",-0.326914079396989,0.735839918002823,0.721145701655173
761,"Banteng","BTG",2,"dist_str + ndvi_cv + elev + BB + DE",-0.308036963864784,0.749815057668551,0.73488815352022
762,"Banteng","BTG",2,"dist_str + ndvi_cv + elev + BB + DE",-0.300873179735322,0.740823557533077,0.74017163601711
763,"Banteng","BTG",2,"dist_str + ndvi_cv + elev + BB + DE",-0.260350636875673,0.743488071393119,0.770781277678627
764,"Banteng","BTG",2,"dist_str + ndvi_cv + elev + BB + DE",-0.25133772814677,0.736882292942945,0.777759656617719
765,"Banteng","BTG",2,"dist_str + ndvi_cv + elev + BB + DE",-0.237964657568071,0.768528426942125,0.788230548658413
766,"Banteng","BTG",2,"dist_str + ndvi_cv + elev + BB + DE",-0.194104890451035,0.781732600114023,0.823571518747054
767,"Banteng","BTG",2,"dist_str + ndvi_cv + elev + BB + DE",-0.208852592496368,0.795793828533144,0.811514855682418
768,"Banteng","BTG",2,"dist_str + ndvi_cv + elev + BB + DE",-0.169682114551276,0.813739044667609,0.843933048842384
769,"Banteng","BTG",2,"dist_str + ndvi_cv + elev + BB + DE",-0.152942216663666,0.881295603555133,0.8581793089399
770,"Banteng","BTG",2,"dist_str + ndvi_cv + elev + BB + DE",-0.0988637219343338,0.959314011294179,0.905866176436806
771,"Banteng","BTG",2,"dist_str + ndvi_cv + elev + BB + DE",-0.106256988690769,1.00400415853211,0.899193541304698
772,"Banteng","BTG",2,"dist_str + ndvi_cv + elev + BB + DE",-0.0381885708765007,1.01959675155763,0.962531437228302
773,"Banteng","BTG",2,"dist_str + ndvi_cv + elev + BB + DE",-0.0382883056522522,1.05999628777809,0.962435425945247
774,"Banteng","BTG",2,"dist_str + ndvi_cv + elev + BB + DE",0.00209786628004785,1.10294651888868,1.00210008010312
775,"Banteng","BTG",2,"dist_str + ndvi_cv + elev + BB + DE",0.0345727440595821,1.29817962256408,1.03517733567054
776,"Banteng","BTG",2,"dist_str + ndvi_cv + elev + BB + DE",-0.56454018040734,0.996317543145199,0.5686215519278
777,"Banteng","BTG",2,"dist_str + ndvi_cv + elev + BB + DE",-0.575361286658161,0.887636412793869,0.562501621377017
778,"Banteng","BTG",2,"dist_str + ndvi_cv + elev + BB + DE",-0.531235952973466,0.847930819666579,0.587877931003556
779,"Banteng","BTG",2,"dist_str + ndvi_cv + elev + BB + DE",-0.533629027060668,0.825187508859667,0.586472778456036
780,"Banteng","BTG",2,"dist_str + ndvi_cv + elev + BB + DE",-0.487630886948545,0.820998128644488,0.614079498481875
781,"Banteng","BTG",2,"dist_str + ndvi_cv + elev + BB + DE",-0.493721865933651,0.785417633163713,0.610350518764825
782,"Banteng","BTG",2,"dist_str + ndvi_cv + elev + BB + DE",-0.468873422064787,0.777929593312001,0.62570679658772
783,"Banteng","BTG",2,"dist_str + ndvi_cv + elev + BB + DE",-0.462637898074047,0.776322874680152,0.62962058385715
784,"Banteng","BTG",2,"dist_str + ndvi_cv + elev + BB + DE",-0.436196063423101,0.77269261795646,0.646490960333508
785,"Banteng","BTG",2,"dist_str + ndvi_cv + elev + BB + DE",-0.399516431823995,0.775965616362009,0.670644280373103
786,"Banteng","BTG",2,"dist_str + ndvi_cv + elev + BB + DE",-0.426497310265142,0.766126135922881,0.652791633128667
787,"Banteng","BTG",2,"dist_str + ndvi_cv + elev + BB + DE",-0.407575523304322,0.755114125078713,0.665261210267493
788,"Banteng","BTG",2,"dist_str + ndvi_cv + elev + BB + DE",-0.356930958944544,0.737498763559804,0.69982081792736
789,"Banteng","BTG",2,"dist_str + ndvi_cv + elev + BB + DE",-0.33688382480198,0.756983370524361,0.713991783289557
790,"Banteng","BTG",2,"dist_str + ndvi_cv + elev + BB + DE",-0.308278691246474,0.71004395835659,0.734710532314779
791,"Banteng","BTG",2,"dist_str + ndvi_cv + elev + BB + DE",-0.326671931941423,0.704055298212782,0.721320346684956
792,"Banteng","BTG",2,"dist_str + ndvi_cv + elev + BB + DE",-0.294897265900568,0.698097949095107,0.744608080859744
793,"Banteng","BTG",2,"dist_str + ndvi_cv + elev + BB + DE",-0.327865559066486,0.701867065137312,0.720459872556226
794,"Banteng","BTG",2,"dist_str + ndvi_cv + elev + BB + DE",-0.327763359529941,0.695068068349368,0.720533508233836
795,"Banteng","BTG",2,"dist_str + ndvi_cv + elev + BB + DE",-0.35707715950294,0.695160949689623,0.699718510864401
796,"Banteng","BTG",2,"dist_str + ndvi_cv + elev + BB + DE",-0.373432055969471,0.696415628089756,0.688367755225135
797,"Banteng","BTG",2,"dist_str + ndvi_cv + elev + BB + DE",-0.378912929709542,0.696649639643282,0.684605218997874
798,"Banteng","BTG",2,"dist_str + ndvi_cv + elev + BB + DE",-0.357769195387669,0.691007672887897,0.69923444349936
799,"Banteng","BTG",2,"dist_str + ndvi_cv + elev + BB + DE",-0.357146335802228,0.681576251322025,0.699670103514483
800,"Banteng","BTG",2,"dist_str + ndvi_cv + elev + BB + DE",-0.363839708385339,0.687892510468999,0.695002589182303
801,"Banteng","BTG",2,"dist_str + ndvi_cv + elev + BB + DE",-0.383368664923269,0.707158473964786,0.681561585359317
802,"Banteng","BTG",2,"dist_str + ndvi_cv + elev + BB + DE",-0.386105949479941,0.704786430235981,0.679698513035451
803,"Banteng","BTG",2,"dist_str + ndvi_cv + elev + BB + DE",-0.387223252281486,0.71856700280454,0.678939513764535
804,"Banteng","BTG",2,"dist_str + ndvi_cv + elev + BB + DE",-0.367701508455804,0.731941117992102,0.692323804325183
805,"Banteng","BTG",2,"dist_str + ndvi_cv + elev + BB + DE",-0.312527456611306,0.733957473827734,0.731595543053711
806,"Banteng","BTG",2,"dist_str + ndvi_cv + elev + BB + DE",-0.310233978962144,0.733297473191762,0.73327536534177
807,"Banteng","BTG",2,"dist_str + ndvi_cv + elev + BB + DE",-0.273925234548217,0.739327551700527,0.760388946106665
808,"Banteng","BTG",2,"dist_str + ndvi_cv + elev + BB + DE",-0.229579195350017,0.739748014205124,0.794868016391697
809,"Banteng","BTG",2,"dist_str + ndvi_cv + elev + BB + DE",-0.217976808473713,0.743363138421638,0.80414409081832
810,"Banteng","BTG",2,"dist_str + ndvi_cv + elev + BB + DE",-0.189902761385907,0.734247634456939,0.827039550324529
811,"Banteng","BTG",2,"dist_str + ndvi_cv + elev + BB + DE",-0.187772428697781,0.765148979966926,0.828803297625181
812,"Banteng","BTG",2,"dist_str + ndvi_cv + elev + BB + DE",-0.174512273191495,0.755779992715598,0.839866581056869
813,"Banteng","BTG",2,"dist_str + ndvi_cv + elev + BB + DE",-0.132920158186642,0.785112847294661,0.87553501410518
814,"Banteng","BTG",2,"dist_str + ndvi_cv + elev + BB + DE",-0.123935842102448,0.807728725585493,0.883436518512439
815,"Banteng","BTG",2,"dist_str + ndvi_cv + elev + BB + DE",-0.10794145322908,0.830267433561481,0.89768015165302
816,"Banteng","BTG",2,"dist_str + ndvi_cv + elev + BB + DE",-0.0867951159684733,0.865169809617999,0.916864935049967
817,"Banteng","BTG",2,"dist_str + ndvi_cv + elev + BB + DE",-0.0705393568530379,0.923092909217955,0.931891082214577
818,"Banteng","BTG",2,"dist_str + ndvi_cv + elev + BB + DE",-0.0198379782095621,0.94454444123768,0.980357507962206
819,"Banteng","BTG",2,"dist_str + ndvi_cv + elev + BB + DE",-0.0247261612219016,1.0110907470836,0.975577026335422
820,"Banteng","BTG",2,"dist_str + ndvi_cv + elev + BB + DE",-0.0258129041480493,1.18251093774427,0.974517401741533
821,"Banteng","BTG",2,"dist_str + ndvi_cv + elev + BB + DE",-0.557788988431133,1.03934572737987,0.57247342075951
822,"Banteng","BTG",2,"dist_str + ndvi_cv + elev + BB + DE",-0.546590488013465,0.911068438745877,0.578920288104309
823,"Banteng","BTG",2,"dist_str + ndvi_cv + elev + BB + DE",-0.536385778618171,0.852979184897575,0.584858245022893
824,"Banteng","BTG",2,"dist_str + ndvi_cv + elev + BB + DE",-0.504824772870532,0.813893882579314,0.603611337052176
825,"Banteng","BTG",2,"dist_str + ndvi_cv + elev + BB + DE",-0.509686697633778,0.799384846278493,0.600683747574484
826,"Banteng","BTG",2,"dist_str + ndvi_cv + elev + BB + DE",-0.468750894891707,0.787912094148033,0.625783450120126
827,"Banteng","BTG",2,"dist_str + ndvi_cv + elev + BB + DE",-0.456422885695203,0.781797030604649,0.633545863749733
828,"Banteng","BTG",2,"dist_str + ndvi_cv + elev + BB + DE",-0.430880953392096,0.783587637446489,0.649936280450914
829,"Banteng","BTG",2,"dist_str + ndvi_cv + elev + BB + DE",-0.407526767224917,0.785801325812718,0.665293643157363
830,"Banteng","BTG",2,"dist_str + ndvi_cv + elev + BB + DE",-0.409068911548175,0.779403888256569,0.664268455082134
831,"Banteng","BTG",2,"dist_str + ndvi_cv + elev + BB + DE",-0.358978854526934,0.778984461438108,0.698389119503347
832,"Banteng","BTG",2,"dist_str + ndvi_cv + elev + BB + DE",-0.339331469053287,0.770019420103848,0.71224633026311
833,"Banteng","BTG",2,"dist_str + ndvi_cv + elev + BB + DE",-0.306192191563228,0.763790857217041,0.736245154033626
834,"Banteng","BTG",2,"dist_str + ndvi_cv + elev + BB + DE",-0.289561763672424,0.726918930883829,0.748591555791573
835,"Banteng","BTG",2,"dist_str + ndvi_cv + elev + BB + DE",-0.238021326133298,0.719089984154826,0.78818588628365
836,"Banteng","BTG",2,"dist_str + ndvi_cv + elev + BB + DE",-0.212707890390715,0.704404482620853,0.808392247571641
837,"Banteng","BTG",2,"dist_str + ndvi_cv + elev + BB + DE",-0.217993917005897,0.713119843594294,0.804130334040551
838,"Banteng","BTG",2,"dist_str + ndvi_cv + elev + BB + DE",-0.204797770816896,0.686836101608883,0.814812078532484
839,"Banteng","BTG",2,"dist_str + ndvi_cv + elev + BB + DE",-0.253462680835081,0.693975349091425,0.776108752643485
840,"Banteng","BTG",2,"dist_str + ndvi_cv + elev + BB + DE",-0.266241659633938,0.707524625894471,0.766253947086572
841,"Banteng","BTG",2,"dist_str + ndvi_cv + elev + BB + DE",-0.316477298028052,0.704836661771821,0.728711567952779
842,"Banteng","BTG",2,"dist_str + ndvi_cv + elev + BB + DE",-0.345004693029841,0.695269498753447,0.70821703284984
843,"Banteng","BTG",2,"dist_str + ndvi_cv + elev + BB + DE",-0.332956107564582,0.688540697206721,0.716801655962324
844,"Banteng","BTG",2,"dist_str + ndvi_cv + elev + BB + DE",-0.354286957272659,0.680500837888254,0.701673588147365
845,"Banteng","BTG",2,"dist_str + ndvi_cv + elev + BB + DE",-0.364558312230658,0.694532744524237,0.694503338452786
846,"Banteng","BTG",2,"dist_str + ndvi_cv + elev + BB + DE",-0.383419848458747,0.687133033063563,0.681526705669725
847,"Banteng","BTG",2,"dist_str + ndvi_cv + elev + BB + DE",-0.426634960806179,0.68719979845971,0.652701788566382
848,"Banteng","BTG",2,"dist_str + ndvi_cv + elev + BB + DE",-0.358974547992812,0.699492740087441,0.698392126667661
849,"Banteng","BTG",2,"dist_str + ndvi_cv + elev + BB + DE",-0.358118341085265,0.7162651660475,0.698990374109916
850,"Banteng","BTG",2,"dist_str + ndvi_cv + elev + BB + DE",-0.34540541571366,0.721306452495001,0.707933288422974
851,"Banteng","BTG",2,"dist_str + ndvi_cv + elev + BB + DE",-0.291447284006696,0.723994368501058,0.747181404248142
852,"Banteng","BTG",2,"dist_str + ndvi_cv + elev + BB + DE",-0.260621874313781,0.73195887232159,0.770572237721276
853,"Banteng","BTG",2,"dist_str + ndvi_cv + elev + BB + DE",-0.22034524468955,0.741742236889845,0.802241780461751
854,"Banteng","BTG",2,"dist_str + ndvi_cv + elev + BB + DE",-0.211409388814446,0.733519410930375,0.809442650549038
855,"Banteng","BTG",2,"dist_str + ndvi_cv + elev + BB + DE",-0.188061190814698,0.732587959001875,0.828564007406849
856,"Banteng","BTG",2,"dist_str + ndvi_cv + elev + BB + DE",-0.190638705621795,0.741879869468164,0.826431120160615
857,"Banteng","BTG",2,"dist_str + ndvi_cv + elev + BB + DE",-0.171362033174355,0.743454005743807,0.842516505691146
858,"Banteng","BTG",2,"dist_str + ndvi_cv + elev + BB + DE",-0.138116015181034,0.76674957305772,0.870997636982179
859,"Banteng","BTG",2,"dist_str + ndvi_cv + elev + BB + DE",-0.0942143288507321,0.782586907816578,0.910087704067936
860,"Banteng","BTG",2,"dist_str + ndvi_cv + elev + BB + DE",-0.0746211626833391,0.828436793664826,0.928095016863527
861,"Banteng","BTG",2,"dist_str + ndvi_cv + elev + BB + DE",-0.0686813143301549,0.835461666008425,0.933624171117822
862,"Banteng","BTG",2,"dist_str + ndvi_cv + elev + BB + DE",-0.0474726100662596,0.890499700374597,0.953636637117427
863,"Banteng","BTG",2,"dist_str + ndvi_cv + elev + BB + DE",-0.0412608061679083,0.908690667398183,0.959578833343816
864,"Banteng","BTG",2,"dist_str + ndvi_cv + elev + BB + DE",-0.0423695096926532,0.960090881371284,0.958515539224363
865,"Banteng","BTG",2,"dist_str + ndvi_cv + elev + BB + DE",-0.510494812431452,0.923493503874751,0.600198532975282
866,"Banteng","BTG",2,"dist_str + ndvi_cv + elev + BB + DE",-0.514717612987603,0.853912479583114,0.597669345326497
867,"Banteng","BTG",2,"dist_str + ndvi_cv + elev + BB + DE",-0.513975423396418,0.834735168582706,0.598113098527629
868,"Banteng","BTG",2,"dist_str + ndvi_cv + elev + BB + DE",-0.490885574083127,0.813519139720594,0.612084108289567
869,"Banteng","BTG",2,"dist_str + ndvi_cv + elev + BB + DE",-0.462266832677395,0.802677570271461,0.629854252034679
870,"Banteng","BTG",2,"dist_str + ndvi_cv + elev + BB + DE",-0.436641507209968,0.780675116287983,0.646203049216184
871,"Banteng","BTG",2,"dist_str + ndvi_cv + elev + BB + DE",-0.380881819944461,0.801653259584509,0.683258632589774
872,"Banteng","BTG",2,"dist_str + ndvi_cv + elev + BB + DE",-0.36842007618496,0.777554266502178,0.691826501893063
873,"Banteng","BTG",2,"dist_str + ndvi_cv + elev + BB + DE",-0.34530953892082,0.764247862149394,0.708001169487261
874,"Banteng","BTG",2,"dist_str + ndvi_cv + elev + BB + DE",-0.319930272028625,0.771628998570245,0.726199675865154
875,"Banteng","BTG",2,"dist_str + ndvi_cv + elev + BB + DE",-0.283833488049869,0.7649802316364,0.752892000541764
876,"Banteng","BTG",2,"dist_str + ndvi_cv + elev + BB + DE",-0.250700078315924,0.756453264621343,0.778255754584676
877,"Banteng","BTG",2,"dist_str + ndvi_cv + elev + BB + DE",-0.210054604188185,0.729036335050423,0.810539988849525
878,"Banteng","BTG",2,"dist_str + ndvi_cv + elev + BB + DE",-0.168178090055829,0.718993364744823,0.845203301184908
879,"Banteng","BTG",2,"dist_str + ndvi_cv + elev + BB + DE",-0.0804741531087927,0.689124474456801,0.922678756666339
880,"Banteng","BTG",2,"dist_str + ndvi_cv + elev + BB + DE",-0.0408177138805262,0.672203020807231,0.960004110955491
881,"Banteng","BTG",2,"dist_str + ndvi_cv + elev + BB + DE",-0.0496729691991964,0.679214002601293,0.951540568079863
882,"Banteng","BTG",2,"dist_str + ndvi_cv + elev + BB + DE",-0.163679785862188,0.668364652843519,0.849013844596531
883,"Banteng","BTG",2,"dist_str + ndvi_cv + elev + BB + DE",-0.230186462978078,0.694296456630569,0.794385465222339
884,"Banteng","BTG",2,"dist_str + ndvi_cv + elev + BB + DE",-0.273105884364601,0.704021477576723,0.761012214850915
885,"Banteng","BTG",2,"dist_str + ndvi_cv + elev + BB + DE",-0.322815506708551,0.707559104688179,0.724107435508707
886,"Banteng","BTG",2,"dist_str + ndvi_cv + elev + BB + DE",-0.33964562000784,0.693297033648468,0.712022604821169
887,"Banteng","BTG",2,"dist_str + ndvi_cv + elev + BB + DE",-0.330032355395743,0.670360266520607,0.718900472779012
888,"Banteng","BTG",2,"dist_str + ndvi_cv + elev + BB + DE",-0.366779846124169,0.666256651031017,0.692962186563784
889,"Banteng","BTG",2,"dist_str + ndvi_cv + elev + BB + DE",-0.402163685288395,0.677008869269578,0.66887125801464
890,"Banteng","BTG",2,"dist_str + ndvi_cv + elev + BB + DE",-0.398319195830709,0.704889175795442,0.671447671540034
891,"Banteng","BTG",2,"dist_str + ndvi_cv + elev + BB + DE",-0.387873166496521,0.691145179331214,0.678498394140799
892,"Banteng","BTG",2,"dist_str + ndvi_cv + elev + BB + DE",-0.371716585249528,0.71859045825943,0.68954964673485
893,"Banteng","BTG",2,"dist_str + ndvi_cv + elev + BB + DE",-0.358309044373254,0.725195457585255,0.698857064024056
894,"Banteng","BTG",2,"dist_str + ndvi_cv + elev + BB + DE",-0.278888581930049,0.729161295779371,0.756624201627648
895,"Banteng","BTG",2,"dist_str + ndvi_cv + elev + BB + DE",-0.250476739557166,0.733742947816549,0.778429586548745
896,"Banteng","BTG",2,"dist_str + ndvi_cv + elev + BB + DE",-0.201940256226431,0.732358083828278,0.817143753510057
897,"Banteng","BTG",2,"dist_str + ndvi_cv + elev + BB + DE",-0.207983968377565,0.748262804528619,0.812220057818642
898,"Banteng","BTG",2,"dist_str + ndvi_cv + elev + BB + DE",-0.2058952265337,0.729977890306398,0.813918349098981
899,"Banteng","BTG",2,"dist_str + ndvi_cv + elev + BB + DE",-0.165222668312099,0.734282264201215,0.847704927940661
900,"Banteng","BTG",2,"dist_str + ndvi_cv + elev + BB + DE",-0.141226753022004,0.734347585128433,0.868292403231486
901,"Banteng","BTG",2,"dist_str + ndvi_cv + elev + BB + DE",-0.122220200192805,0.732338313769729,0.884953480576542
902,"Banteng","BTG",2,"dist_str + ndvi_cv + elev + BB + DE",-0.101579861426923,0.759565754907128,0.903409038777707
903,"Banteng","BTG",2,"dist_str + ndvi_cv + elev + BB + DE",-0.0284578252578302,0.783158804224992,0.971943289738634
904,"Banteng","BTG",2,"dist_str + ndvi_cv + elev + BB + DE",-0.0318502347255136,0.809725701121849,0.968651643290464
905,"Banteng","BTG",2,"dist_str + ndvi_cv + elev + BB + DE",-0.0524600158646175,0.848166950941532,0.948892262084098
906,"Banteng","BTG",2,"dist_str + ndvi_cv + elev + BB + DE",-0.0146683613064979,0.874917343994554,0.985438695211637
907,"Banteng","BTG",2,"dist_str + ndvi_cv + elev + BB + DE",-0.0337103018861705,0.92337874046424,0.96685155985889
908,"Banteng","BTG",2,"dist_str + ndvi_cv + elev + BB + DE",0.0140220422966593,1.06395315390703,1.01412083176856
909,"Banteng","BTG",2,"dist_str + ndvi_cv + elev + BB + DE",-0.497473644802193,0.990341831816052,0.608064910753994
910,"Banteng","BTG",2,"dist_str + ndvi_cv + elev + BB + DE",-0.468911809094079,0.867364609358792,0.625682763747737
911,"Banteng","BTG",2,"dist_str + ndvi_cv + elev + BB + DE",-0.488936554229438,0.847280026155278,0.613278237215322
912,"Banteng","BTG",2,"dist_str + ndvi_cv + elev + BB + DE",-0.487295360090791,0.813789502287705,0.614285572953903
913,"Banteng","BTG",2,"dist_str + ndvi_cv + elev + BB + DE",-0.445446904823654,0.805410201488141,0.640537955308655
914,"Banteng","BTG",2,"dist_str + ndvi_cv + elev + BB + DE",-0.400707631584467,0.805845869665985,0.669845878443898
915,"Banteng","BTG",2,"dist_str + ndvi_cv + elev + BB + DE",-0.359360814320135,0.793978736908135,0.698122414094178
916,"Banteng","BTG",2,"dist_str + ndvi_cv + elev + BB + DE",-0.335960171686992,0.769570731918929,0.714651574200036
917,"Banteng","BTG",2,"dist_str + ndvi_cv + elev + BB + DE",-0.291025937914072,0.787576958444687,0.747496289990577
918,"Banteng","BTG",2,"dist_str + ndvi_cv + elev + BB + DE",-0.277680248968168,0.764834820155469,0.757539020579958
919,"Banteng","BTG",2,"dist_str + ndvi_cv + elev + BB + DE",-0.259217072536801,0.766772447925741,0.77165550047535
920,"Banteng","BTG",2,"dist_str + ndvi_cv + elev + BB + DE",-0.19436389266656,0.747557431046335,0.8233582361293
921,"Banteng","BTG",2,"dist_str + ndvi_cv + elev + BB + DE",-0.171322843024801,0.73784834167603,0.842549518617751
922,"Banteng","BTG",2,"dist_str + ndvi_cv + elev + BB + DE",-0.100722357448154,0.711610493477545,0.904184042026135
923,"Banteng","BTG",2,"dist_str + ndvi_cv + elev + BB + DE",-0.00753179768531491,0.685975826695224,0.992496496811206
924,"Banteng","BTG",2,"dist_str + ndvi_cv + elev + BB + DE",0.280303546444982,0.62031501717403,1.32353152494034
925,"Banteng","BTG",2,"dist_str + ndvi_cv + elev + BB + DE",0.22556642290253,0.627783322144937,1.25303226149127
926,"Banteng","BTG",2,"dist_str + ndvi_cv + elev + BB + DE",-0.025360951691319,0.668513939549716,0.974957938928658
927,"Banteng","BTG",2,"dist_str + ndvi_cv + elev + BB + DE",-0.160461323479779,0.680723232974469,0.851750773069463
928,"Banteng","BTG",2,"dist_str + ndvi_cv + elev + BB + DE",-0.246440334884934,0.693040596709878,0.78157799369141
929,"Banteng","BTG",2,"dist_str + ndvi_cv + elev + BB + DE",-0.318381201265424,0.708995295475133,0.727325495182914
930,"Banteng","BTG",2,"dist_str + ndvi_cv + elev + BB + DE",-0.317318909467112,0.693356892596031,0.728098520586
931,"Banteng","BTG",2,"dist_str + ndvi_cv + elev + BB + DE",-0.29783966347316,0.656835422475856,0.742420368954118
932,"Banteng","BTG",2,"dist_str + ndvi_cv + elev + BB + DE",-0.34750220137351,0.58249214327722,0.706450459432825
933,"Banteng","BTG",2,"dist_str + ndvi_cv + elev + BB + DE",-0.373988314276222,0.675662105543736,0.687984951980221
934,"Banteng","BTG",2,"dist_str + ndvi_cv + elev + BB + DE",-0.392202864377434,0.694174448673935,0.675567056239996
935,"Banteng","BTG",2,"dist_str + ndvi_cv + elev + BB + DE",-0.384025804071274,0.71481794205205,0.681113852990727
936,"Banteng","BTG",2,"dist_str + ndvi_cv + elev + BB + DE",-0.379452379119431,0.707411122254653,0.684236013464435
937,"Banteng","BTG",2,"dist_str + ndvi_cv + elev + BB + DE",-0.320233549751635,0.722350799084383,0.725979467432257
938,"Banteng","BTG",2,"dist_str + ndvi_cv + elev + BB + DE",-0.283607349462469,0.725265456499844,0.753062276974263
939,"Banteng","BTG",2,"dist_str + ndvi_cv + elev + BB + DE",-0.223736885514803,0.734730604380367,0.799525477181822
940,"Banteng","BTG",2,"dist_str + ndvi_cv + elev + BB + DE",-0.175669767346318,0.729113872070281,0.838894981351761
941,"Banteng","BTG",2,"dist_str + ndvi_cv + elev + BB + DE",-0.187605618019756,0.740864791346648,0.828941569807389
942,"Banteng","BTG",2,"dist_str + ndvi_cv + elev + BB + DE",-0.16430772763302,0.738668592517914,0.848480880709909
943,"Banteng","BTG",2,"dist_str + ndvi_cv + elev + BB + DE",-0.141778317381686,0.721600267580828,0.867813614556956
944,"Banteng","BTG",2,"dist_str + ndvi_cv + elev + BB + DE",-0.138784600364096,0.72489317628675,0.870415495999473
945,"Banteng","BTG",2,"dist_str + ndvi_cv + elev + BB + DE",-0.0861498840042838,0.733891643954706,0.917456710681926
946,"Banteng","BTG",2,"dist_str + ndvi_cv + elev + BB + DE",-0.0430931843712935,0.755033848779798,0.957822132460948
947,"Banteng","BTG",2,"dist_str + ndvi_cv + elev + BB + DE",-0.0261539060619177,0.772948966894906,0.974185162880544
948,"Banteng","BTG",2,"dist_str + ndvi_cv + elev + BB + DE",-0.00769693806557461,0.783562678200531,0.992332613289914
949,"Banteng","BTG",2,"dist_str + ndvi_cv + elev + BB + DE",-0.0200158815903911,0.803300384450351,0.980183119558902
950,"Banteng","BTG",2,"dist_str + ndvi_cv + elev + BB + DE",-0.0110603402846214,0.829925605565511,0.989000629806193
951,"Banteng","BTG",2,"dist_str + ndvi_cv + elev + BB + DE",0.00113121409007074,0.876478022811515,1.00113185599589
952,"Banteng","BTG",2,"dist_str + ndvi_cv + elev + BB + DE",0.0146651068397747,0.926003054602847,1.01477316722105
953,"Banteng","BTG",2,"dist_str + ndvi_cv + elev + BB + DE",0.106298166971995,1.20054303237315,1.11215343459434
954,"Banteng","BTG",2,"dist_str + ndvi_cv + elev + BB + DE",0.112291197479027,1.24112772152539,1.11883864727506
955,"Banteng","BTG",2,"dist_str + ndvi_cv + elev + BB + DE",-0.474840446935885,1.07845883104419,0.621984289766685
956,"Banteng","BTG",2,"dist_str + ndvi_cv + elev + BB + DE",-0.457951492845779,0.919806378854876,0.632578162941481
957,"Banteng","BTG",2,"dist_str + ndvi_cv + elev + BB + DE",-0.469429153529337,0.861743643985071,0.62535915673219
958,"Banteng","BTG",2,"dist_str + ndvi_cv + elev + BB + DE",-0.4692767799407,0.814040693858204,0.625454447163139
959,"Banteng","BTG",2,"dist_str + ndvi_cv + elev + BB + DE",-0.443190360483806,0.808249013573303,0.641984992389713
960,"Banteng","BTG",2,"dist_str + ndvi_cv + elev + BB + DE",-0.353646370545488,0.805440385552342,0.702123229462148
961,"Banteng","BTG",2,"dist_str + ndvi_cv + elev + BB + DE",-0.346082381938853,0.785724177351306,0.707454203371855
962,"Banteng","BTG",2,"dist_str + ndvi_cv + elev + BB + DE",-0.286799091001021,0.776158322520525,0.750662528667903
963,"Banteng","BTG",2,"dist_str + ndvi_cv + elev + BB + DE",-0.273234960907368,0.775776933302026,0.760913982071962
964,"Banteng","BTG",2,"dist_str + ndvi_cv + elev + BB + DE",-0.274394592906913,0.764838771787813,0.760032114198562
965,"Banteng","BTG",2,"dist_str + ndvi_cv + elev + BB + DE",-0.244163855601876,0.747710964282527,0.783359266989915
966,"Banteng","BTG",2,"dist_str + ndvi_cv + elev + BB + DE",-0.202668837739676,0.743661572784643,0.816548609446613
967,"Banteng","BTG",2,"dist_str + ndvi_cv + elev + BB + DE",-0.163499218692715,0.725053556471927,0.84916716249661
968,"Banteng","BTG",2,"dist_str + ndvi_cv + elev + BB + DE",-0.103051529832682,0.702999581603971,0.902080488665276
969,"Banteng","BTG",2,"dist_str + ndvi_cv + elev + BB + DE",-0.00763614846433171,0.68419459889951,0.992392955189827
970,"Banteng","BTG",2,"dist_str + ndvi_cv + elev + BB + DE",0.146357169324483,0.680729111513405,1.15760959073932
971,"Banteng","BTG",2,"dist_str + ndvi_cv + elev + BB + DE",0.188361943059287,0.649110133805277,1.2072703994273
972,"Banteng","BTG",2,"dist_str + ndvi_cv + elev + BB + DE",-0.0280067198150952,0.689893679453304,0.972381855794679
973,"Banteng","BTG",2,"dist_str + ndvi_cv + elev + BB + DE",-0.148406787786154,0.708116108157325,0.862080362156195
974,"Banteng","BTG",2,"dist_str + ndvi_cv + elev + BB + DE",-0.246725821829281,0.717809257052663,0.781354894625137
975,"Banteng","BTG",2,"dist_str + ndvi_cv + elev + BB + DE",-0.297386255764423,0.709057977675747,0.742757065245932
976,"Banteng","BTG",2,"dist_str + ndvi_cv + elev + BB + DE",-0.310056404772929,0.706128521759332,0.733405587512787
977,"Banteng","BTG",2,"dist_str + ndvi_cv + elev + BB + DE",-0.313350556038152,0.677962664007887,0.730993614272113
978,"Banteng","BTG",2,"dist_str + ndvi_cv + elev + BB + DE",-0.354580197567017,0.674779740460813,0.70146786640336
979,"Banteng","BTG",2,"dist_str + ndvi_cv + elev + BB + DE",-0.353768107327094,0.675278065392169,0.702037745895428
980,"Banteng","BTG",2,"dist_str + ndvi_cv + elev + BB + DE",-0.375871047663757,0.694183083420928,0.686690897291858
981,"Banteng","BTG",2,"dist_str + ndvi_cv + elev + BB + DE",-0.370285005572246,0.685634018410685,0.690537495562619
982,"Banteng","BTG",2,"dist_str + ndvi_cv + elev + BB + DE",-0.329104816677406,0.707418096877747,0.719567590194788
983,"Banteng","BTG",2,"dist_str + ndvi_cv + elev + BB + DE",-0.300288595035635,0.7242704307839,0.740604455343874
984,"Banteng","BTG",2,"dist_str + ndvi_cv + elev + BB + DE",-0.269617222055484,0.73158072247217,0.763671756535089
985,"Banteng","BTG",2,"dist_str + ndvi_cv + elev + BB + DE",-0.21533477401985,0.753575594455573,0.806271481106561
986,"Banteng","BTG",2,"dist_str + ndvi_cv + elev + BB + DE",-0.185619655034664,0.738418386976069,0.830589445699072
987,"Banteng","BTG",2,"dist_str + ndvi_cv + elev + BB + DE",-0.156366506860952,0.738105090193521,0.855245679513445
988,"Banteng","BTG",2,"dist_str + ndvi_cv + elev + BB + DE",-0.130582076201761,0.725480149479055,0.877584461248317
989,"Banteng","BTG",2,"dist_str + ndvi_cv + elev + BB + DE",-0.0974734288951996,0.724959560338512,0.907126456438615
990,"Banteng","BTG",2,"dist_str + ndvi_cv + elev + BB + DE",-0.10884265095921,0.747386164860865,0.896871535670028
991,"Banteng","BTG",2,"dist_str + ndvi_cv + elev + BB + DE",-0.0754602467608758,0.741431008458122,0.927316593683323
992,"Banteng","BTG",2,"dist_str + ndvi_cv + elev + BB + DE",-0.0656409611601869,0.751899224647448,0.936467032075309
993,"Banteng","BTG",2,"dist_str + ndvi_cv + elev + BB + DE",-0.0340844189083403,0.752907710927003,0.966489911176237
994,"Banteng","BTG",2,"dist_str + ndvi_cv + elev + BB + DE",-0.025186555066032,0.771044301311222,0.975127982455235
995,"Banteng","BTG",2,"dist_str + ndvi_cv + elev + BB + DE",0.000807954035502941,0.795384088870056,1.0008082904805
996,"Banteng","BTG",2,"dist_str + ndvi_cv + elev + BB + DE",0.0177754826131842,0.80889597015074,1.01793440704163
997,"Banteng","BTG",2,"dist_str + ndvi_cv + elev + BB + DE",0.0254406108321991,0.833924140770918,1.02576698504254
998,"Banteng","BTG",2,"dist_str + ndvi_cv + elev + BB + DE",0.0695106928162596,0.889014450861509,1.07198352388915
999,"Banteng","BTG",2,"dist_str + ndvi_cv + elev + BB + DE",0.0512857260082698,0.917119495803262,1.05262361226277
1000,"Banteng","BTG",2,"dist_str + ndvi_cv + elev + BB + DE",0.0951038677051734,1.01013100744251,1.09977308081185
1001,"Banteng","BTG",2,"dist_str + ndvi_cv + elev + BB + DE",0.109988864691281,1.04734512907918,1.11626564080614
1002,"Banteng","BTG",2,"dist_str + ndvi_cv + elev + BB + DE",0.0781238231591317,1.08435388845943,1.0812565385784
1003,"Banteng","BTG",2,"dist_str + ndvi_cv + elev + BB + DE",0.0873011047198313,1.22954609799176,1.09122520352873
1004,"Banteng","BTG",2,"dist_str + ndvi_cv + elev + BB + DE",-0.448843327292439,0.984200079298648,0.638366105407254
1005,"Banteng","BTG",2,"dist_str + ndvi_cv + elev + BB + DE",-0.44009237877971,0.864694465823614,0.643976928632556
1006,"Banteng","BTG",2,"dist_str + ndvi_cv + elev + BB + DE",-0.442877384291938,0.820840093199683,0.642185944366797
1007,"Banteng","BTG",2,"dist_str + ndvi_cv + elev + BB + DE",-0.423196150374134,0.803889958723037,0.654950157184239
1008,"Banteng","BTG",2,"dist_str + ndvi_cv + elev + BB + DE",-0.354087379791728,0.80971698728372,0.701813640371483
1009,"Banteng","BTG",2,"dist_str + ndvi_cv + elev + BB + DE",-0.324598371965978,0.790360085669534,0.722817606118156
1010,"Banteng","BTG",2,"dist_str + ndvi_cv + elev + BB + DE",-0.281940256495071,0.771969437579286,0.754318756816379
1011,"Banteng","BTG",2,"dist_str + ndvi_cv + elev + BB + DE",-0.275028706256665,0.75974896994997,0.759550319372315
1012,"Banteng","BTG",2,"dist_str + ndvi_cv + elev + BB + DE",-0.235984256481105,0.755276992291376,0.789793108045786
1013,"Banteng","BTG",2,"dist_str + ndvi_cv + elev + BB + DE",-0.230999692365471,0.743464651555996,0.79373971296454
1014,"Banteng","BTG",2,"dist_str + ndvi_cv + elev + BB + DE",-0.175224600288226,0.736592460902273,0.839268500091939
1015,"Banteng","BTG",2,"dist_str + ndvi_cv + elev + BB + DE",-0.157039637793467,0.715870188696005,0.854670180989148
1016,"Banteng","BTG",2,"dist_str + ndvi_cv + elev + BB + DE",-0.117502646043658,0.712615615645305,0.889138171048397
1017,"Banteng","BTG",2,"dist_str + ndvi_cv + elev + BB + DE",-0.0636324248040751,0.715166029267728,0.93834985500101
1018,"Banteng","BTG",2,"dist_str + ndvi_cv + elev + BB + DE",-0.0305618253307377,0.715527958294383,0.969900467146102
1019,"Banteng","BTG",2,"dist_str + ndvi_cv + elev + BB + DE",0.004781452990196,0.702649591556456,1.00479290580768
1020,"Banteng","BTG",2,"dist_str + ndvi_cv + elev + BB + DE",-0.0587822327596936,0.711130045793585,0.942912083233629
1021,"Banteng","BTG",2,"dist_str + ndvi_cv + elev + BB + DE",-0.171617427413005,0.724192467660823,0.842301353036852
1022,"Banteng","BTG",2,"dist_str + ndvi_cv + elev + BB + DE",-0.23891913589877,0.702153096891558,0.787478558710395
1023,"Banteng","BTG",2,"dist_str + ndvi_cv + elev + BB + DE",-0.275243160675784,0.711259740856856,0.759387447746013
1024,"Banteng","BTG",2,"dist_str + ndvi_cv + elev + BB + DE",-0.299198944879425,0.719239416361757,0.74141189478733
1025,"Banteng","BTG",2,"dist_str + ndvi_cv + elev + BB + DE",-0.301006845849085,0.710906138319349,0.740072707207998
1026,"Banteng","BTG",2,"dist_str + ndvi_cv + elev + BB + DE",-0.31071236674968,0.692731478215917,0.732924660516917
1027,"Banteng","BTG",2,"dist_str + ndvi_cv + elev + BB + DE",-0.327505025675736,0.676933416682027,0.720719680680352
1028,"Banteng","BTG",2,"dist_str + ndvi_cv + elev + BB + DE",-0.347908529956576,0.686533871539673,0.70616346815542
1029,"Banteng","BTG",2,"dist_str + ndvi_cv + elev + BB + DE",-0.32722590688812,0.704204266685829,0.720920863912376
1030,"Banteng","BTG",2,"dist_str + ndvi_cv + elev + BB + DE",-0.296511078695878,0.698224412328334,0.743407405516374
1031,"Banteng","BTG",2,"dist_str + ndvi_cv + elev + BB + DE",-0.239361129774051,0.709128251172899,0.787130574814453
1032,"Banteng","BTG",2,"dist_str + ndvi_cv + elev + BB + DE",-0.226842398670578,0.730102409810282,0.797046395231791
1033,"Banteng","BTG",2,"dist_str + ndvi_cv + elev + BB + DE",-0.212891291193904,0.738675158725323,0.808244003538358
1034,"Banteng","BTG",2,"dist_str + ndvi_cv + elev + BB + DE",-0.158726717717373,0.716399545751271,0.853229509100452
1035,"Banteng","BTG",2,"dist_str + ndvi_cv + elev + BB + DE",-0.118902984347613,0.737157611268477,0.88789393642524
1036,"Banteng","BTG",2,"dist_str + ndvi_cv + elev + BB + DE",-0.0928753763959167,0.732870923048873,0.91130707117873
1037,"Banteng","BTG",2,"dist_str + ndvi_cv + elev + BB + DE",-0.109282790312043,0.722124886184773,0.896476866690971
1038,"Banteng","BTG",2,"dist_str + ndvi_cv + elev + BB + DE",-0.0708251689736031,0.722854536195212,0.931624756239775
1039,"Banteng","BTG",2,"dist_str + ndvi_cv + elev + BB + DE",-0.0592685179676493,0.733030164108468,0.942453671547164
1040,"Banteng","BTG",2,"dist_str + ndvi_cv + elev + BB + DE",-0.0367943117346634,0.755868621931091,0.963874398323475
1041,"Banteng","BTG",2,"dist_str + ndvi_cv + elev + BB + DE",-0.0151703952698576,0.740110021131087,0.984944095861093
1042,"Banteng","BTG",2,"dist_str + ndvi_cv + elev + BB + DE",0.0342764546786675,0.750734067192665,1.03487066205044
1043,"Banteng","BTG",2,"dist_str + ndvi_cv + elev + BB + DE",0.0274077652843437,0.768893288159825,1.02778681918842
1044,"Banteng","BTG",2,"dist_str + ndvi_cv + elev + BB + DE",0.0141863728903508,0.775643869192323,1.01428748684194
1045,"Banteng","BTG",2,"dist_str + ndvi_cv + elev + BB + DE",0.0763247540483891,0.816170619812687,1.0793130470658
1046,"Banteng","BTG",2,"dist_str + ndvi_cv + elev + BB + DE",0.0830797891710497,0.818393313748086,1.08662851347551
1047,"Banteng","BTG",2,"dist_str + ndvi_cv + elev + BB + DE",0.0678237003161172,0.878363511677024,1.07017662986659
1048,"Banteng","BTG",2,"dist_str + ndvi_cv + elev + BB + DE",0.0744638653081703,0.901015368860525,1.07730641484471
1049,"Banteng","BTG",2,"dist_str + ndvi_cv + elev + BB + DE",0.0843857735933726,0.957694406114518,1.08804855490182
1050,"Banteng","BTG",2,"dist_str + ndvi_cv + elev + BB + DE",0.0868003693674382,1.0355747725817,1.09067892509322
1051,"Banteng","BTG",2,"dist_str + ndvi_cv + elev + BB + DE",0.110174476567875,1.15625101723456,1.11647285403707
1052,"Banteng","BTG",2,"dist_str + ndvi_cv + elev + BB + DE",-0.456999765142093,0.892393403456524,0.633180488773385
1053,"Banteng","BTG",2,"dist_str + ndvi_cv + elev + BB + DE",-0.40863129835767,0.835908055386191,0.66455921129115
1054,"Banteng","BTG",2,"dist_str + ndvi_cv + elev + BB + DE",-0.393529818013501,0.81360420307196,0.674671220246964
1055,"Banteng","BTG",2,"dist_str + ndvi_cv + elev + BB + DE",-0.342111658508327,0.803894310042376,0.710268892932633
1056,"Banteng","BTG",2,"dist_str + ndvi_cv + elev + BB + DE",-0.322626618208234,0.795302943218319,0.724244230696797
1057,"Banteng","BTG",2,"dist_str + ndvi_cv + elev + BB + DE",-0.300871520557287,0.775122550778406,0.740172865496175
1058,"Banteng","BTG",2,"dist_str + ndvi_cv + elev + BB + DE",-0.262858681902656,0.768939209040751,0.768850547022696
1059,"Banteng","BTG",2,"dist_str + ndvi_cv + elev + BB + DE",-0.247988743725236,0.766247383985373,0.780368727671909
1060,"Banteng","BTG",2,"dist_str + ndvi_cv + elev + BB + DE",-0.220387620179105,0.747185825149322,0.802207789411529
1061,"Banteng","BTG",2,"dist_str + ndvi_cv + elev + BB + DE",-0.204716132857092,0.745007193235375,0.814878600876614
1062,"Banteng","BTG",2,"dist_str + ndvi_cv + elev + BB + DE",-0.154388431882535,0.730873970029072,0.856939095220018
1063,"Banteng","BTG",2,"dist_str + ndvi_cv + elev + BB + DE",-0.145811507121328,0.722330506134529,0.864320614130616
1064,"Banteng","BTG",2,"dist_str + ndvi_cv + elev + BB + DE",-0.0850296477657801,0.721220459047319,0.918485053081787
1065,"Banteng","BTG",2,"dist_str + ndvi_cv + elev + BB + DE",-0.101274424062222,0.736926298132359,0.903685016188276
1066,"Banteng","BTG",2,"dist_str + ndvi_cv + elev + BB + DE",-0.0845701585211386,0.733446399867682,0.918907218610277
1067,"Banteng","BTG",2,"dist_str + ndvi_cv + elev + BB + DE",-0.110759383870798,0.742837595433309,0.895154112373866
1068,"Banteng","BTG",2,"dist_str + ndvi_cv + elev + BB + DE",-0.174444323600908,0.709361078631849,0.839923617126212
1069,"Banteng","BTG",2,"dist_str + ndvi_cv + elev + BB + DE",-0.205930018458483,0.720869161096526,0.813890031871602
1070,"Banteng","BTG",2,"dist_str + ndvi_cv + elev + BB + DE",-0.244892071852427,0.718711181421105,0.782789020304253
1071,"Banteng","BTG",2,"dist_str + ndvi_cv + elev + BB + DE",-0.284478744777863,0.720065347341505,0.752406348309942
1072,"Banteng","BTG",2,"dist_str + ndvi_cv + elev + BB + DE",-0.281514010877791,0.713000569509169,0.754640342448341
1073,"Banteng","BTG",2,"dist_str + ndvi_cv + elev + BB + DE",-0.288594152950793,0.702501869338914,0.749316251495354
1074,"Banteng","BTG",2,"dist_str + ndvi_cv + elev + BB + DE",-0.297539684963003,0.690343282146586,0.742643111414968
1075,"Banteng","BTG",2,"dist_str + ndvi_cv + elev + BB + DE",-0.310256951109787,0.694482310236748,0.733258520543426
1076,"Banteng","BTG",2,"dist_str + ndvi_cv + elev + BB + DE",-0.298196766226561,0.693225256224384,0.742155296885825
1077,"Banteng","BTG",2,"dist_str + ndvi_cv + elev + BB + DE",-0.281390515312992,0.702524914898883,0.754733545558905
1078,"Banteng","BTG",2,"dist_str + ndvi_cv + elev + BB + DE",-0.232376558386756,0.718790371857607,0.792647589046197
1079,"Banteng","BTG",2,"dist_str + ndvi_cv + elev + BB + DE",-0.206691165919624,0.706602648796637,0.813270776950644
1080,"Banteng","BTG",2,"dist_str + ndvi_cv + elev + BB + DE",-0.178525393947973,0.723009515371201,0.836502814673758
1081,"Banteng","BTG",2,"dist_str + ndvi_cv + elev + BB + DE",-0.161529093601509,0.710905526601291,0.850841777315167
1082,"Banteng","BTG",2,"dist_str + ndvi_cv + elev + BB + DE",-0.103767471300907,0.723229597316294,0.901434882548877
1083,"Banteng","BTG",2,"dist_str + ndvi_cv + elev + BB + DE",-0.111126905594496,0.722985109061052,0.894825185507671
1084,"Banteng","BTG",2,"dist_str + ndvi_cv + elev + BB + DE",-0.0891901874497037,0.714633235093387,0.914671606599053
1085,"Banteng","BTG",2,"dist_str + ndvi_cv + elev + BB + DE",-0.0569830612539248,0.705920233133974,0.944610069753505
1086,"Banteng","BTG",2,"dist_str + ndvi_cv + elev + BB + DE",-0.0258528178996045,0.733218236257122,0.974478512254333
1087,"Banteng","BTG",2,"dist_str + ndvi_cv + elev + BB + DE",-0.0240872728803475,0.727434140608175,0.976200510314137
1088,"Banteng","BTG",2,"dist_str + ndvi_cv + elev + BB + DE",-0.0125245108809571,0.728448518622589,0.98755359722538
1089,"Banteng","BTG",2,"dist_str + ndvi_cv + elev + BB + DE",0.0179083204054192,0.741778300384734,1.01806964414586
1090,"Banteng","BTG",2,"dist_str + ndvi_cv + elev + BB + DE",0.054002984333042,0.762456732622394,1.05548775212423
1091,"Banteng","BTG",2,"dist_str + ndvi_cv + elev + BB + DE",0.0394485467524174,0.762404040483588,1.0402369739402
1092,"Banteng","BTG",2,"dist_str + ndvi_cv + elev + BB + DE",0.0819474432988501,0.783856038402054,1.0853987647051
1093,"Banteng","BTG",2,"dist_str + ndvi_cv + elev + BB + DE",0.085172317003454,0.820534155254676,1.08890469314264
1094,"Banteng","BTG",2,"dist_str + ndvi_cv + elev + BB + DE",0.0999245203682673,0.851413556314783,1.10508750333065
1095,"Banteng","BTG",2,"dist_str + ndvi_cv + elev + BB + DE",0.0778577460207524,0.878624922334079,1.08096890980463
1096,"Banteng","BTG",2,"dist_str + ndvi_cv + elev + BB + DE",0.0875280697158854,0.943531260823802,1.09147290134738
1097,"Banteng","BTG",2,"dist_str + ndvi_cv + elev + BB + DE",0.0921897496810544,0.999181163872079,1.09657289428306
1098,"Banteng","BTG",2,"dist_str + ndvi_cv + elev + BB + DE",0.0713371128754131,1.15038598378265,1.07394323089081
1099,"Banteng","BTG",2,"dist_str + ndvi_cv + elev + BB + DE",-0.422235882037841,0.918961114224465,0.655579383728953
1100,"Banteng","BTG",2,"dist_str + ndvi_cv + elev + BB + DE",-0.395451572797394,0.824837206382617,0.673375892402059
1101,"Banteng","BTG",2,"dist_str + ndvi_cv + elev + BB + DE",-0.386380123878698,0.816198507139978,0.679512178949011
1102,"Banteng","BTG",2,"dist_str + ndvi_cv + elev + BB + DE",-0.348018505157985,0.812808522542429,0.706085810874735
1103,"Banteng","BTG",2,"dist_str + ndvi_cv + elev + BB + DE",-0.347851343171444,0.792121535782499,0.706203853563633
1104,"Banteng","BTG",2,"dist_str + ndvi_cv + elev + BB + DE",-0.288507467820169,0.774797917766157,0.749381208899045
1105,"Banteng","BTG",2,"dist_str + ndvi_cv + elev + BB + DE",-0.257173416531852,0.765782457803507,0.773234119310378
1106,"Banteng","BTG",2,"dist_str + ndvi_cv + elev + BB + DE",-0.237283794430237,0.756044553566326,0.788767408495465
1107,"Banteng","BTG",2,"dist_str + ndvi_cv + elev + BB + DE",-0.255068834570077,0.752197238381339,0.774863182968515
1108,"Banteng","BTG",2,"dist_str + ndvi_cv + elev + BB + DE",-0.220270999635528,0.733964451260937,0.802301350819378
1109,"Banteng","BTG",2,"dist_str + ndvi_cv + elev + BB + DE",-0.229522891122663,0.73009879674003,0.794912795470579
1110,"Banteng","BTG",2,"dist_str + ndvi_cv + elev + BB + DE",-0.179840028600424,0.741402164209953,0.835403845494236
1111,"Banteng","BTG",2,"dist_str + ndvi_cv + elev + BB + DE",-0.158640653442323,0.746913872055181,0.853302935365522
1112,"Banteng","BTG",2,"dist_str + ndvi_cv + elev + BB + DE",-0.135275668835857,0.754187705570743,0.873475102391067
1113,"Banteng","BTG",2,"dist_str + ndvi_cv + elev + BB + DE",-0.132281998639826,0.748832627899463,0.876093907895105
1114,"Banteng","BTG",2,"dist_str + ndvi_cv + elev + BB + DE",-0.147478326860204,0.726259399733272,0.86288115404198
1115,"Banteng","BTG",2,"dist_str + ndvi_cv + elev + BB + DE",-0.170252781608662,0.727539603286664,0.843451580616631
1116,"Banteng","BTG",2,"dist_str + ndvi_cv + elev + BB + DE",-0.222146098156509,0.710642803331797,0.800798368667139
1117,"Banteng","BTG",2,"dist_str + ndvi_cv + elev + BB + DE",-0.227669443208841,0.717786681919175,0.796387469183707
1118,"Banteng","BTG",2,"dist_str + ndvi_cv + elev + BB + DE",-0.269980084981256,0.704212252657011,0.763394698677927
1119,"Banteng","BTG",2,"dist_str + ndvi_cv + elev + BB + DE",-0.268780314526038,0.704170618794048,0.764311146509499
1120,"Banteng","BTG",2,"dist_str + ndvi_cv + elev + BB + DE",-0.280355776510826,0.701120036868022,0.755514899188915
1121,"Banteng","BTG",2,"dist_str + ndvi_cv + elev + BB + DE",-0.289760378835101,0.711374517463419,0.748442890748516
1122,"Banteng","BTG",2,"dist_str + ndvi_cv + elev + BB + DE",-0.300280656620923,0.710586162603146,0.74061035035784
1123,"Banteng","BTG",2,"dist_str + ndvi_cv + elev + BB + DE",-0.273968551684553,0.701667170443582,0.760356002708097
1124,"Banteng","BTG",2,"dist_str + ndvi_cv + elev + BB + DE",-0.256220240975245,0.701269880127304,0.77397150456863
1125,"Banteng","BTG",2,"dist_str + ndvi_cv + elev + BB + DE",-0.203114100150263,0.708292524083308,0.816185145984345
1126,"Banteng","BTG",2,"dist_str + ndvi_cv + elev + BB + DE",-0.170083981432214,0.720352239688848,0.843593968076659
1127,"Banteng","BTG",2,"dist_str + ndvi_cv + elev + BB + DE",-0.122452402006696,0.718051175120379,0.884748032909538
1128,"Banteng","BTG",2,"dist_str + ndvi_cv + elev + BB + DE",-0.122752582514691,0.719001305768399,0.884482481355035
1129,"Banteng","BTG",2,"dist_str + ndvi_cv + elev + BB + DE",-0.0956021214925467,0.704861899059617,0.908825546455674
1130,"Banteng","BTG",2,"dist_str + ndvi_cv + elev + BB + DE",-0.052135578794495,0.705338698579752,0.949200168444543
1131,"Banteng","BTG",2,"dist_str + ndvi_cv + elev + BB + DE",-0.0357929356836844,0.719015934363419,0.964840061251528
1132,"Banteng","BTG",2,"dist_str + ndvi_cv + elev + BB + DE",-0.0347031237949927,0.718634194725465,0.96589212408717
1133,"Banteng","BTG",2,"dist_str + ndvi_cv + elev + BB + DE",-0.0164127062564779,0.725615879834505,0.983721268725769
1134,"Banteng","BTG",2,"dist_str + ndvi_cv + elev + BB + DE",0.0137007062725804,0.721058805875752,1.01379499111738
1135,"Banteng","BTG",2,"dist_str + ndvi_cv + elev + BB + DE",-0.00184846910032137,0.733459592053379,0.998153245948763
1136,"Banteng","BTG",2,"dist_str + ndvi_cv + elev + BB + DE",0.0545231561509732,0.747823499487058,1.05603692990151
1137,"Banteng","BTG",2,"dist_str + ndvi_cv + elev + BB + DE",0.0494796002412939,0.75637474206974,1.05072415751429
1138,"Banteng","BTG",2,"dist_str + ndvi_cv + elev + BB + DE",0.0690343280187597,0.755976773041844,1.0714729901725
1139,"Banteng","BTG",2,"dist_str + ndvi_cv + elev + BB + DE",0.0925555300110604,0.785109184904651,1.09697405502046
1140,"Banteng","BTG",2,"dist_str + ndvi_cv + elev + BB + DE",0.0894596493554498,0.810385807245821,1.09358320906137
1141,"Banteng","BTG",2,"dist_str + ndvi_cv + elev + BB + DE",0.121113472545467,0.834448449508088,1.12875299073809
1142,"Banteng","BTG",2,"dist_str + ndvi_cv + elev + BB + DE",0.109320506377474,0.868560110762917,1.11551982426999
1143,"Banteng","BTG",2,"dist_str + ndvi_cv + elev + BB + DE",0.114431415338254,0.932247687357239,1.12123573888109
1144,"Banteng","BTG",2,"dist_str + ndvi_cv + elev + BB + DE",0.111962889999781,1.02620033673873,1.11847135512959
1145,"Banteng","BTG",2,"dist_str + ndvi_cv + elev + BB + DE",0.0807886663057869,1.27470719055126,1.08414177476151
1146,"Banteng","BTG",2,"dist_str + ndvi_cv + elev + BB + DE",-0.425710157706403,1.11667222134431,0.653305671779118
1147,"Banteng","BTG",2,"dist_str + ndvi_cv + elev + BB + DE",-0.434150204745217,0.925944061955552,0.647814943608666
1148,"Banteng","BTG",2,"dist_str + ndvi_cv + elev + BB + DE",-0.405108261009871,0.841167059697372,0.66690460718392
1149,"Banteng","BTG",2,"dist_str + ndvi_cv + elev + BB + DE",-0.397073832805627,0.826479662948558,0.672284387330159
1150,"Banteng","BTG",2,"dist_str + ndvi_cv + elev + BB + DE",-0.357405258758027,0.803932110894728,0.69948896644411
1151,"Banteng","BTG",2,"dist_str + ndvi_cv + elev + BB + DE",-0.325931132431468,0.791117150158663,0.721854914775031
1152,"Banteng","BTG",2,"dist_str + ndvi_cv + elev + BB + DE",-0.295895840779358,0.776783340714528,0.743864912262876
1153,"Banteng","BTG",2,"dist_str + ndvi_cv + elev + BB + DE",-0.272773745595715,0.765094038062439,0.761265007851323
1154,"Banteng","BTG",2,"dist_str + ndvi_cv + elev + BB + DE",-0.237167703006141,0.760497790565431,0.788858986584086
1155,"Banteng","BTG",2,"dist_str + ndvi_cv + elev + BB + DE",-0.249944554541069,0.770452894522758,0.778843966580995
1156,"Banteng","BTG",2,"dist_str + ndvi_cv + elev + BB + DE",-0.276204918833549,0.743885320973273,0.758657452623053
1157,"Banteng","BTG",2,"dist_str + ndvi_cv + elev + BB + DE",-0.245126551912071,0.727393823010029,0.782605493579742
1158,"Banteng","BTG",2,"dist_str + ndvi_cv + elev + BB + DE",-0.234770371711914,0.72596371828095,0.79075243449001
1159,"Banteng","BTG",2,"dist_str + ndvi_cv + elev + BB + DE",-0.234122544997938,0.737664016561376,0.791264844475233
1160,"Banteng","BTG",2,"dist_str + ndvi_cv + elev + BB + DE",-0.160241734389317,0.746824363947542,0.851937821484779
1161,"Banteng","BTG",2,"dist_str + ndvi_cv + elev + BB + DE",-0.105475019721196,0.73148730217565,0.899896974617572
1162,"Banteng","BTG",2,"dist_str + ndvi_cv + elev + BB + DE",-0.165203239626913,0.712527059739166,0.847721409482082
1163,"Banteng","BTG",2,"dist_str + ndvi_cv + elev + BB + DE",-0.183950440952935,0.714517196807126,0.831977035517318
1164,"Banteng","BTG",2,"dist_str + ndvi_cv + elev + BB + DE",-0.255542429488908,0.696642023698826,0.774496274601778
1165,"Banteng","BTG",2,"dist_str + ndvi_cv + elev + BB + DE",-0.257850794595085,0.683172876311293,0.772710517507755
1166,"Banteng","BTG",2,"dist_str + ndvi_cv + elev + BB + DE",-0.282754230843464,0.703706881383006,0.753705006803539
1167,"Banteng","BTG",2,"dist_str + ndvi_cv + elev + BB + DE",-0.25798369349047,0.700090875906225,0.772607832129699
1168,"Banteng","BTG",2,"dist_str + ndvi_cv + elev + BB + DE",-0.228575463662134,0.697361805179727,0.795666251106645
1169,"Banteng","BTG",2,"dist_str + ndvi_cv + elev + BB + DE",-0.244292762559701,0.702475893055324,0.783258292019776
1170,"Banteng","BTG",2,"dist_str + ndvi_cv + elev + BB + DE",-0.242552528352276,0.702322123668466,0.784622535395094
1171,"Banteng","BTG",2,"dist_str + ndvi_cv + elev + BB + DE",-0.244322363776283,0.71212654087072,0.783235110901304
1172,"Banteng","BTG",2,"dist_str + ndvi_cv + elev + BB + DE",-0.206109381027324,0.727147076035807,0.813744063397643
1173,"Banteng","BTG",2,"dist_str + ndvi_cv + elev + BB + DE",-0.199261348169977,0.711230106728343,0.819335733830883
1174,"Banteng","BTG",2,"dist_str + ndvi_cv + elev + BB + DE",-0.146195017873725,0.70792562629856,0.863989193654935
1175,"Banteng","BTG",2,"dist_str + ndvi_cv + elev + BB + DE",-0.0924226030964772,0.708281172365027,0.911719774869992
1176,"Banteng","BTG",2,"dist_str + ndvi_cv + elev + BB + DE",-0.0973127558650776,0.712571063571759,0.907272208456748
1177,"Banteng","BTG",2,"dist_str + ndvi_cv + elev + BB + DE",-0.0838106151104375,0.709651118918773,0.919605399611143
1178,"Banteng","BTG",2,"dist_str + ndvi_cv + elev + BB + DE",-0.0380626797021403,0.705999242289196,0.962652619779199
1179,"Banteng","BTG",2,"dist_str + ndvi_cv + elev + BB + DE",-0.0372478229139314,0.719817857958197,0.963437345325778
1180,"Banteng","BTG",2,"dist_str + ndvi_cv + elev + BB + DE",0.0272883772645882,0.718477343922345,1.02766411822448
1181,"Banteng","BTG",2,"dist_str + ndvi_cv + elev + BB + DE",0.0376250923369506,0.697358550127879,1.03834187765707
1182,"Banteng","BTG",2,"dist_str + ndvi_cv + elev + BB + DE",0.0554716604714351,0.725420721612883,1.0570390632151
1183,"Banteng","BTG",2,"dist_str + ndvi_cv + elev + BB + DE",0.0510889586555329,0.734694685407018,1.05241651067799
1184,"Banteng","BTG",2,"dist_str + ndvi_cv + elev + BB + DE",0.0703070602108452,0.752792650073112,1.07283755706193
1185,"Banteng","BTG",2,"dist_str + ndvi_cv + elev + BB + DE",0.0793588564840131,0.769705236589301,1.08259275235887
1186,"Banteng","BTG",2,"dist_str + ndvi_cv + elev + BB + DE",0.0806347491187547,0.777682620614862,1.08397490148128
1187,"Banteng","BTG",2,"dist_str + ndvi_cv + elev + BB + DE",0.11277268731216,0.789831223418229,1.1193774554695
1188,"Banteng","BTG",2,"dist_str + ndvi_cv + elev + BB + DE",0.128455746501224,0.8061408020476,1.13707110424725
1189,"Banteng","BTG",2,"dist_str + ndvi_cv + elev + BB + DE",0.128470079939021,0.834800690342276,1.13708740112251
1190,"Banteng","BTG",2,"dist_str + ndvi_cv + elev + BB + DE",0.12472373276264,0.875377565008668,1.13283544694843
1191,"Banteng","BTG",2,"dist_str + ndvi_cv + elev + BB + DE",0.149900655303759,0.923239047231785,1.16171882643552
1192,"Banteng","BTG",2,"dist_str + ndvi_cv + elev + BB + DE",-0.395308708777691,0.880681521108201,0.67347210073772
1193,"Banteng","BTG",2,"dist_str + ndvi_cv + elev + BB + DE",-0.395300813649129,0.848862389946428,0.673477417575463
1194,"Banteng","BTG",2,"dist_str + ndvi_cv + elev + BB + DE",-0.392813405630901,0.825898348130292,0.67515472150058
1195,"Banteng","BTG",2,"dist_str + ndvi_cv + elev + BB + DE",-0.364331389289449,0.825606449668005,0.694660958101771
1196,"Banteng","BTG",2,"dist_str + ndvi_cv + elev + BB + DE",-0.285629294985515,0.796700139403481,0.751541168241443
1197,"Banteng","BTG",2,"dist_str + ndvi_cv + elev + BB + DE",-0.290175276873089,0.782933330155449,0.748132425787029
1198,"Banteng","BTG",2,"dist_str + ndvi_cv + elev + BB + DE",-0.236310520066278,0.788080874104992,0.789535469947302
1199,"Banteng","BTG",2,"dist_str + ndvi_cv + elev + BB + DE",-0.254017874981171,0.776856679095357,0.775677936755069
1200,"Banteng","BTG",2,"dist_str + ndvi_cv + elev + BB + DE",-0.260030840678271,0.772438530389023,0.771027806447054
1201,"Banteng","BTG",2,"dist_str + ndvi_cv + elev + BB + DE",-0.262761472713897,0.763455518259405,0.768925285101994
1202,"Banteng","BTG",2,"dist_str + ndvi_cv + elev + BB + DE",-0.261186093715717,0.731300728343128,0.77013758854455
1203,"Banteng","BTG",2,"dist_str + ndvi_cv + elev + BB + DE",-0.412279476996217,0.666544963466409,0.66213919751732
1204,"Banteng","BTG",2,"dist_str + ndvi_cv + elev + BB + DE",-0.18848318489689,0.739059067382802,0.828214431161867
1205,"Banteng","BTG",2,"dist_str + ndvi_cv + elev + BB + DE",-0.200184488647262,0.74535290929656,0.818579720483682
1206,"Banteng","BTG",2,"dist_str + ndvi_cv + elev + BB + DE",-0.157439582155815,0.740774246691501,0.854328429539093
1207,"Banteng","BTG",2,"dist_str + ndvi_cv + elev + BB + DE",-0.178474496485044,0.731393373698567,0.83654539170402
1208,"Banteng","BTG",2,"dist_str + ndvi_cv + elev + BB + DE",-0.209587254567407,0.709856374291503,0.810918880756575
1209,"Banteng","BTG",2,"dist_str + ndvi_cv + elev + BB + DE",-0.272139441360939,0.703236285850384,0.761748034702847
1210,"Banteng","BTG",2,"dist_str + ndvi_cv + elev + BB + DE",-0.278046690307292,0.699736976659106,0.757261473265265
1211,"Banteng","BTG",2,"dist_str + ndvi_cv + elev + BB + DE",-0.234404161224634,0.706730462795896,0.791042043313642
1212,"Banteng","BTG",2,"dist_str + ndvi_cv + elev + BB + DE",-0.23452961981443,0.693564427311463,0.790942809532452
1213,"Banteng","BTG",2,"dist_str + ndvi_cv + elev + BB + DE",-0.208762654948748,0.710661414852799,0.811587840259836
1214,"Banteng","BTG",2,"dist_str + ndvi_cv + elev + BB + DE",-0.199360724440139,0.697974599850094,0.819254315265223
1215,"Banteng","BTG",2,"dist_str + ndvi_cv + elev + BB + DE",-0.228941809227855,0.710284231523311,0.795374822741858
1216,"Banteng","BTG",2,"dist_str + ndvi_cv + elev + BB + DE",-0.187210502321671,0.702200684341186,0.829269155005332
1217,"Banteng","BTG",2,"dist_str + ndvi_cv + elev + BB + DE",-0.189000160718714,0.714949867862836,0.827786401119564
1218,"Banteng","BTG",2,"dist_str + ndvi_cv + elev + BB + DE",-0.181013612660236,0.719635703166334,0.834423999895801
1219,"Banteng","BTG",2,"dist_str + ndvi_cv + elev + BB + DE",-0.141761489435174,0.716607869014,0.867828223273375
1220,"Banteng","BTG",2,"dist_str + ndvi_cv + elev + BB + DE",-0.109624599952966,0.726135444357297,0.896170496194397
1221,"Banteng","BTG",2,"dist_str + ndvi_cv + elev + BB + DE",-0.0719832728552044,0.714356714281283,0.930546462084172
1222,"Banteng","BTG",2,"dist_str + ndvi_cv + elev + BB + DE",-0.0399466017951603,0.713130808235599,0.960840745223085
1223,"Banteng","BTG",2,"dist_str + ndvi_cv + elev + BB + DE",-0.010742979824004,0.700421452987525,0.989314522151035
1224,"Banteng","BTG",2,"dist_str + ndvi_cv + elev + BB + DE",0.0271361138291808,0.731310289694491,1.02750765170272
1225,"Banteng","BTG",2,"dist_str + ndvi_cv + elev + BB + DE",0.0214111411536449,0.713357052176396,1.02164200483258
1226,"Banteng","BTG",2,"dist_str + ndvi_cv + elev + BB + DE",0.0714464747372269,0.704664444594825,1.07406067361486
1227,"Banteng","BTG",2,"dist_str + ndvi_cv + elev + BB + DE",0.0868386489129171,0.711704034138885,1.09072067864359
1228,"Banteng","BTG",2,"dist_str + ndvi_cv + elev + BB + DE",0.0961068206922838,0.731446006959967,1.10087665511756
1229,"Banteng","BTG",2,"dist_str + ndvi_cv + elev + BB + DE",0.102989810859804,0.738522884749131,1.10848013450189
1230,"Banteng","BTG",2,"dist_str + ndvi_cv + elev + BB + DE",0.117057371448948,0.776509883598717,1.12418392390791
1231,"Banteng","BTG",2,"dist_str + ndvi_cv + elev + BB + DE",0.16629981105318,0.802748100857955,1.1809271046833
1232,"Banteng","BTG",2,"dist_str + ndvi_cv + elev + BB + DE",0.148230817458773,0.806881325789629,1.15978057034028
1233,"Banteng","BTG",2,"dist_str + ndvi_cv + elev + BB + DE",0.145599448644385,0.82652372421364,1.15673276437163
1234,"Banteng","BTG",2,"dist_str + ndvi_cv + elev + BB + DE",0.187279392797124,0.851525701599294,1.20596417569738
1235,"Banteng","BTG",2,"dist_str + ndvi_cv + elev + BB + DE",0.159337831596444,0.889634178866897,1.172734075327
1236,"Banteng","BTG",2,"dist_str + ndvi_cv + elev + BB + DE",0.174443735908777,0.954864113544206,1.19058377081511
1237,"Banteng","BTG",2,"dist_str + ndvi_cv + elev + BB + DE",0.180149467111296,1.0908807202086,1.19739634448663
1238,"Banteng","BTG",2,"dist_str + ndvi_cv + elev + BB + DE",-0.348396447159181,1.03984585693564,0.705819012979844
1239,"Banteng","BTG",2,"dist_str + ndvi_cv + elev + BB + DE",-0.393930245514557,0.905097990327251,0.674401098118873
1240,"Banteng","BTG",2,"dist_str + ndvi_cv + elev + BB + DE",-0.367795868147552,0.851767306689541,0.692258479283288
1241,"Banteng","BTG",2,"dist_str + ndvi_cv + elev + BB + DE",-0.355588221206292,0.8386357156068,0.700761119978647
1242,"Banteng","BTG",2,"dist_str + ndvi_cv + elev + BB + DE",-0.350055737123744,0.824423747433651,0.704648816532264
1243,"Banteng","BTG",2,"dist_str + ndvi_cv + elev + BB + DE",-0.282069500716456,0.811044859970613,0.754221265901577
1244,"Banteng","BTG",2,"dist_str + ndvi_cv + elev + BB + DE",-0.217693100755048,0.792220879779608,0.804372266154273
1245,"Banteng","BTG",2,"dist_str + ndvi_cv + elev + BB + DE",-0.232973193529102,0.785030505283972,0.792174808972229
1246,"Banteng","BTG",2,"dist_str + ndvi_cv + elev + BB + DE",-0.230625202560494,0.792944044114022,0.794037013477359
1247,"Banteng","BTG",2,"dist_str + ndvi_cv + elev + BB + DE",-0.253250221218605,0.769393581459068,0.776273623558683
1248,"Banteng","BTG",2,"dist_str + ndvi_cv + elev + BB + DE",-0.228549039838738,0.736116345235147,0.795687281904813
1249,"Banteng","BTG",2,"dist_str + ndvi_cv + elev + BB + DE",-0.255689466811214,0.747988032165028,0.774382402900685
1250,"Banteng","BTG",2,"dist_str + ndvi_cv + elev + BB + DE",-0.231076623981789,0.737387330352104,0.793678650262314
1251,"Banteng","BTG",2,"dist_str + ndvi_cv + elev + BB + DE",-0.220278376813296,0.754153207703556,0.802295432807022
1252,"Banteng","BTG",2,"dist_str + ndvi_cv + elev + BB + DE",-0.150230923353881,0.754947572522118,0.860509268585037
1253,"Banteng","BTG",2,"dist_str + ndvi_cv + elev + BB + DE",-0.181461638544715,0.736217477036099,0.834050240939575
1254,"Banteng","BTG",2,"dist_str + ndvi_cv + elev + BB + DE",-0.190192848250601,0.742044833869248,0.826799682506876
1255,"Banteng","BTG",2,"dist_str + ndvi_cv + elev + BB + DE",-0.188265922808104,0.73143739535314,0.828394389846999
1256,"Banteng","BTG",2,"dist_str + ndvi_cv + elev + BB + DE",-0.231574840133381,0.705794786969546,0.793283342718231
1257,"Banteng","BTG",2,"dist_str + ndvi_cv + elev + BB + DE",-0.247370590121628,0.712583795016408,0.780851264185872
1258,"Banteng","BTG",2,"dist_str + ndvi_cv + elev + BB + DE",-0.229148851340407,0.704221151575904,0.79521015726466
1259,"Banteng","BTG",2,"dist_str + ndvi_cv + elev + BB + DE",-0.212327622077095,0.685155102535123,0.808699706804611
1260,"Banteng","BTG",2,"dist_str + ndvi_cv + elev + BB + DE",-0.171536058970112,0.70241039991493,0.842369892923864
1261,"Banteng","BTG",2,"dist_str + ndvi_cv + elev + BB + DE",-0.190630123406951,0.689407910037839,0.826438211793346
1262,"Banteng","BTG",2,"dist_str + ndvi_cv + elev + BB + DE",-0.185986124288313,0.684557588762593,0.830285117592548
1263,"Banteng","BTG",2,"dist_str + ndvi_cv + elev + BB + DE",-0.188880761551827,0.704053921347451,0.827885222933826
1264,"Banteng","BTG",2,"dist_str + ndvi_cv + elev + BB + DE",-0.170921902043853,0.724660670340464,0.842887404884104
1265,"Banteng","BTG",2,"dist_str + ndvi_cv + elev + BB + DE",-0.149878051642355,0.717559048563626,0.860812944823848
1266,"Banteng","BTG",2,"dist_str + ndvi_cv + elev + BB + DE",-0.115092671900882,0.716989218217159,0.891283543348022
1267,"Banteng","BTG",2,"dist_str + ndvi_cv + elev + BB + DE",-0.0685797933079262,0.722442460554841,0.933718952647656
1268,"Banteng","BTG",2,"dist_str + ndvi_cv + elev + BB + DE",-0.0394626858411462,0.732717611537832,0.961305824464182
1269,"Banteng","BTG",2,"dist_str + ndvi_cv + elev + BB + DE",0.00927047058576247,0.712968941323871,1.00931357942376
1270,"Banteng","BTG",2,"dist_str + ndvi_cv + elev + BB + DE",0.0199983095276414,0.712543021636746,1.02019961635918
1271,"Banteng","BTG",2,"dist_str + ndvi_cv + elev + BB + DE",0.0641189898634391,0.721543413073813,1.06621926116549
1272,"Banteng","BTG",2,"dist_str + ndvi_cv + elev + BB + DE",0.0670002209125346,0.716738091812652,1.06929571456771
1273,"Banteng","BTG",2,"dist_str + ndvi_cv + elev + BB + DE",0.0793551602281859,0.725099607407266,1.08258875587386
1274,"Banteng","BTG",2,"dist_str + ndvi_cv + elev + BB + DE",0.0986248378661672,0.721110379491542,1.10365218257777
1275,"Banteng","BTG",2,"dist_str + ndvi_cv + elev + BB + DE",0.114208053889502,0.729305963451384,1.12098532598935
1276,"Banteng","BTG",2,"dist_str + ndvi_cv + elev + BB + DE",0.166103339600923,0.77000762634283,1.18069512467356
1277,"Banteng","BTG",2,"dist_str + ndvi_cv + elev + BB + DE",0.163918544183378,0.764941117014057,1.17811834808838
1278,"Banteng","BTG",2,"dist_str + ndvi_cv + elev + BB + DE",0.206838725668995,0.77894055022045,1.22978423256859
1279,"Banteng","BTG",2,"dist_str + ndvi_cv + elev + BB + DE",0.200803049679485,0.799469642022067,1.22238400901928
1280,"Banteng","BTG",2,"dist_str + ndvi_cv + elev + BB + DE",0.217812475065499,0.830412630072614,1.24335388860098
1281,"Banteng","BTG",2,"dist_str + ndvi_cv + elev + BB + DE",0.219936227341655,0.882432747392009,1.24599726836226
1282,"Banteng","BTG",2,"dist_str + ndvi_cv + elev + BB + DE",0.223390228488985,0.900313304184667,1.25030840603709
1283,"Banteng","BTG",2,"dist_str + ndvi_cv + elev + BB + DE",0.205399157887367,0.964198368958451,1.22801516456832
1284,"Banteng","BTG",2,"dist_str + ndvi_cv + elev + BB + DE",0.222227399425613,1.06989069310618,1.24885535190759
1285,"Banteng","BTG",2,"dist_str + ndvi_cv + elev + BB + DE",-0.350857543290013,1.08548848151648,0.704084048527087
1286,"Banteng","BTG",2,"dist_str + ndvi_cv + elev + BB + DE",-0.346647583929436,0.92881537895038,0.707054464224271
1287,"Banteng","BTG",2,"dist_str + ndvi_cv + elev + BB + DE",-0.359806614932732,0.87085374127684,0.697811267249651
1288,"Banteng","BTG",2,"dist_str + ndvi_cv + elev + BB + DE",-0.325281214843584,0.839003522916104,0.722324197654991
1289,"Banteng","BTG",2,"dist_str + ndvi_cv + elev + BB + DE",-0.316019092877862,0.824650733721398,0.729045538976362
1290,"Banteng","BTG",2,"dist_str + ndvi_cv + elev + BB + DE",-0.246161693714988,0.817642290091194,0.781795805420532
1291,"Banteng","BTG",2,"dist_str + ndvi_cv + elev + BB + DE",-0.20936365499517,0.784678756829674,0.811100221920389
1292,"Banteng","BTG",2,"dist_str + ndvi_cv + elev + BB + DE",-0.198058263071749,0.776342308173789,0.820322058591783
1293,"Banteng","BTG",2,"dist_str + ndvi_cv + elev + BB + DE",-0.196866571775128,0.778547583360699,0.821300211264268
1294,"Banteng","BTG",2,"dist_str + ndvi_cv + elev + BB + DE",-0.208352021424361,0.760167043786964,0.811921173407916
1295,"Banteng","BTG",2,"dist_str + ndvi_cv + elev + BB + DE",-0.243160509728135,0.742904472220688,0.784145641827642
1296,"Banteng","BTG",2,"dist_str + ndvi_cv + elev + BB + DE",-0.225825827969247,0.739418930869714,0.79785705430855
1297,"Banteng","BTG",2,"dist_str + ndvi_cv + elev + BB + DE",-0.226866357868657,0.735327275191794,0.797027291778716
1298,"Banteng","BTG",2,"dist_str + ndvi_cv + elev + BB + DE",-0.229186538006579,0.735783758426042,0.795180188471985
1299,"Banteng","BTG",2,"dist_str + ndvi_cv + elev + BB + DE",-0.180611014073217,0.740992709819401,0.834760005777187
1300,"Banteng","BTG",2,"dist_str + ndvi_cv + elev + BB + DE",-0.181053017955563,0.725306560028093,0.834391123167653
1301,"Banteng","BTG",2,"dist_str + ndvi_cv + elev + BB + DE",-0.181239343887464,0.710380421125973,0.834235666134746
1302,"Banteng","BTG",2,"dist_str + ndvi_cv + elev + BB + DE",-0.201531452550798,0.732001926230909,0.817477865969745
1303,"Banteng","BTG",2,"dist_str + ndvi_cv + elev + BB + DE",-0.22344645708732,0.717707770937582,0.799757712884015
1304,"Banteng","BTG",2,"dist_str + ndvi_cv + elev + BB + DE",-0.215871728469716,0.702675625414358,0.805838662783408
1305,"Banteng","BTG",2,"dist_str + ndvi_cv + elev + BB + DE",-0.213316279805654,0.694662060454251,0.807900575014583
1306,"Banteng","BTG",2,"dist_str + ndvi_cv + elev + BB + DE",-0.205845443061952,0.695910435427027,0.813958869575718
1307,"Banteng","BTG",2,"dist_str + ndvi_cv + elev + BB + DE",-0.185126049723895,0.683638992693831,0.830999541257939
1308,"Banteng","BTG",2,"dist_str + ndvi_cv + elev + BB + DE",-0.175234610811446,0.686322982208803,0.839260098429001
1309,"Banteng","BTG",2,"dist_str + ndvi_cv + elev + BB + DE",-0.1811092028449,0.697133267198043,0.834344244585693
1310,"Banteng","BTG",2,"dist_str + ndvi_cv + elev + BB + DE",-0.147764457125417,0.719456537906088,0.862634278896427
1311,"Banteng","BTG",2,"dist_str + ndvi_cv + elev + BB + DE",-0.119369735043612,0.713217233622736,0.887479607905314
1312,"Banteng","BTG",2,"dist_str + ndvi_cv + elev + BB + DE",-0.0948835080785358,0.715720045817242,0.909478875262688
1313,"Banteng","BTG",2,"dist_str + ndvi_cv + elev + BB + DE",-0.107361817340803,0.709639995975945,0.898200630996371
1314,"Banteng","BTG",2,"dist_str + ndvi_cv + elev + BB + DE",-0.0519266440848885,0.721055794265212,0.949398509905145
1315,"Banteng","BTG",2,"dist_str + ndvi_cv + elev + BB + DE",0.00111218163956166,0.704314202697873,1.00111280047705
1316,"Banteng","BTG",2,"dist_str + ndvi_cv + elev + BB + DE",0.0276480266955404,0.70288996210786,1.02803378503874
1317,"Banteng","BTG",2,"dist_str + ndvi_cv + elev + BB + DE",0.0620881628702265,0.713370475728456,1.06405615181024
1318,"Banteng","BTG",2,"dist_str + ndvi_cv + elev + BB + DE",0.0706507809764886,0.707608131126134,1.07320637963094
1319,"Banteng","BTG",2,"dist_str + ndvi_cv + elev + BB + DE",0.0884076399050129,0.723481039081166,1.09243336423186
1320,"Banteng","BTG",2,"dist_str + ndvi_cv + elev + BB + DE",0.10506562722335,0.735865262786041,1.110783508935
1321,"Banteng","BTG",2,"dist_str + ndvi_cv + elev + BB + DE",0.150661264661972,0.728915747334483,1.16260279141765
1322,"Banteng","BTG",2,"dist_str + ndvi_cv + elev + BB + DE",0.180515777201046,0.760686174449802,1.1978350198751
1323,"Banteng","BTG",2,"dist_str + ndvi_cv + elev + BB + DE",0.217268981123138,0.770517847501372,1.24267831981916
1324,"Banteng","BTG",2,"dist_str + ndvi_cv + elev + BB + DE",0.247715515090275,0.7844884465624,1.28109543403352
1325,"Banteng","BTG",2,"dist_str + ndvi_cv + elev + BB + DE",0.246949622154633,0.784333857464733,1.28011463573221
1326,"Banteng","BTG",2,"dist_str + ndvi_cv + elev + BB + DE",0.250593663578773,0.812517852193907,1.2847879309428
1327,"Banteng","BTG",2,"dist_str + ndvi_cv + elev + BB + DE",0.251161632582116,0.837082953721831,1.2855178508881
1328,"Banteng","BTG",2,"dist_str + ndvi_cv + elev + BB + DE",0.242226491760397,0.857751088215479,1.27408273762407
1329,"Banteng","BTG",2,"dist_str + ndvi_cv + elev + BB + DE",0.244680855771095,0.90823018110417,1.27721363340306
1330,"Banteng","BTG",2,"dist_str + ndvi_cv + elev + BB + DE",0.264348347797542,0.971948372240546,1.30258188127091
1331,"Banteng","BTG",2,"dist_str + ndvi_cv + elev + BB + DE",0.270630703976272,1.06788034520689,1.31079091128516
1332,"Banteng","BTG",2,"dist_str + ndvi_cv + elev + BB + DE",-0.320269615460372,0.995059969960221,0.725953282538037
1333,"Banteng","BTG",2,"dist_str + ndvi_cv + elev + BB + DE",-0.317360930462093,0.892733876252307,0.728067932637693
1334,"Banteng","BTG",2,"dist_str + ndvi_cv + elev + BB + DE",-0.291766007420172,0.829872491591729,0.746943294759688
1335,"Banteng","BTG",2,"dist_str + ndvi_cv + elev + BB + DE",-0.262161090683991,0.829037513007234,0.769387077334639
1336,"Banteng","BTG",2,"dist_str + ndvi_cv + elev + BB + DE",-0.228371345331998,0.823822343916097,0.795828677782283
1337,"Banteng","BTG",2,"dist_str + ndvi_cv + elev + BB + DE",-0.176867380014997,0.810404817948219,0.837890902077285
1338,"Banteng","BTG",2,"dist_str + ndvi_cv + elev + BB + DE",-0.169293464623422,0.76209090638214,0.844261106401595
1339,"Banteng","BTG",2,"dist_str + ndvi_cv + elev + BB + DE",-0.173934479827947,0.758865411838901,0.84035195861542
1340,"Banteng","BTG",2,"dist_str + ndvi_cv + elev + BB + DE",-0.166988930863561,0.761854852411852,0.846208984131626
1341,"Banteng","BTG",2,"dist_str + ndvi_cv + elev + BB + DE",-0.199734385100357,0.760283477112051,0.81894825124457
1342,"Banteng","BTG",2,"dist_str + ndvi_cv + elev + BB + DE",-0.190974689061444,0.745033301780602,0.826153499939751
1343,"Banteng","BTG",2,"dist_str + ndvi_cv + elev + BB + DE",-0.198105822461242,0.731528379424962,0.820283044339792
1344,"Banteng","BTG",2,"dist_str + ndvi_cv + elev + BB + DE",-0.172544607497198,0.727049363710265,0.841520754817762
1345,"Banteng","BTG",2,"dist_str + ndvi_cv + elev + BB + DE",-0.175692903676165,0.720492340409391,0.83887556842019
1346,"Banteng","BTG",2,"dist_str + ndvi_cv + elev + BB + DE",-0.182739862304431,0.727846868267631,0.832984821352504
1347,"Banteng","BTG",2,"dist_str + ndvi_cv + elev + BB + DE",-0.167017799741705,0.715713044466675,0.846184559155293
1348,"Banteng","BTG",2,"dist_str + ndvi_cv + elev + BB + DE",-0.197757562101948,0.716228709121761,0.820568770086784
1349,"Banteng","BTG",2,"dist_str + ndvi_cv + elev + BB + DE",-0.195793833087954,0.700090939223074,0.822181724061581
1350,"Banteng","BTG",2,"dist_str + ndvi_cv + elev + BB + DE",-0.223219557327503,0.692022665028727,0.799939201586338
1351,"Banteng","BTG",2,"dist_str + ndvi_cv + elev + BB + DE",-0.22691888410994,0.688319195690907,0.796985434832188
1352,"Banteng","BTG",2,"dist_str + ndvi_cv + elev + BB + DE",-0.201776596266817,0.688560804179589,0.817277490403613
1353,"Banteng","BTG",2,"dist_str + ndvi_cv + elev + BB + DE",-0.182235795413336,0.682737317512762,0.833404808214812
1354,"Banteng","BTG",2,"dist_str + ndvi_cv + elev + BB + DE",-0.15914297354456,0.697734702074721,0.852874411797488
1355,"Banteng","BTG",2,"dist_str + ndvi_cv + elev + BB + DE",-0.18379062505778,0.701267502131667,0.832110008600049
1356,"Banteng","BTG",2,"dist_str + ndvi_cv + elev + BB + DE",-0.144702740398767,0.702114713975972,0.865279467607944
1357,"Banteng","BTG",2,"dist_str + ndvi_cv + elev + BB + DE",-0.0966978905690285,0.70930897198805,0.907830229151678
1358,"Banteng","BTG",2,"dist_str + ndvi_cv + elev + BB + DE",-0.0924984786429065,0.681239902241086,0.911650597946384
1359,"Banteng","BTG",2,"dist_str + ndvi_cv + elev + BB + DE",-0.0570847073790836,0.706581737684553,0.944514063890935
1360,"Banteng","BTG",2,"dist_str + ndvi_cv + elev + BB + DE",-0.0167210505295095,0.70690747270092,0.983417980128827
1361,"Banteng","BTG",2,"dist_str + ndvi_cv + elev + BB + DE",0.0172174880550256,0.686976066963496,1.01736656725015
1362,"Banteng","BTG",2,"dist_str + ndvi_cv + elev + BB + DE",0.036935613832638,0.689344179304638,1.03762624747446
1363,"Banteng","BTG",2,"dist_str + ndvi_cv + elev + BB + DE",0.0743860212012728,0.691632531081414,1.0772225642104
1364,"Banteng","BTG",2,"dist_str + ndvi_cv + elev + BB + DE",0.07633309824422,0.71523338754536,1.07932204899764
1365,"Banteng","BTG",2,"dist_str + ndvi_cv + elev + BB + DE",0.110729604073563,0.723841778023932,1.11709282727977
1366,"Banteng","BTG",2,"dist_str + ndvi_cv + elev + BB + DE",0.147288050519105,0.738035496740969,1.1586876909688
1367,"Banteng","BTG",2,"dist_str + ndvi_cv + elev + BB + DE",0.185947369899392,0.757053002191546,1.20435887325865
1368,"Banteng","BTG",2,"dist_str + ndvi_cv + elev + BB + DE",0.23526787906682,0.768085275241859,1.26524766165114
1369,"Banteng","BTG",2,"dist_str + ndvi_cv + elev + BB + DE",0.282341396166025,0.787123974182185,1.32623141468262
1370,"Banteng","BTG",2,"dist_str + ndvi_cv + elev + BB + DE",0.263955144763853,0.791399715842806,1.30206979412598
1371,"Banteng","BTG",2,"dist_str + ndvi_cv + elev + BB + DE",0.299801635815354,0.808371065868078,1.34959107049015
1372,"Banteng","BTG",2,"dist_str + ndvi_cv + elev + BB + DE",0.319989817197313,0.817294901952466,1.37711374157153
1373,"Banteng","BTG",2,"dist_str + ndvi_cv + elev + BB + DE",0.258774912500566,0.853235587377746,1.29534221138265
1374,"Banteng","BTG",2,"dist_str + ndvi_cv + elev + BB + DE",0.279455975241697,0.903979804886057,1.32241019273463
1375,"Banteng","BTG",2,"dist_str + ndvi_cv + elev + BB + DE",0.240941003764508,0.938785266558005,1.27244596842871
1376,"Banteng","BTG",2,"dist_str + ndvi_cv + elev + BB + DE",0.320857811339466,0.974542068202861,1.37830959328084
1377,"Banteng","BTG",2,"dist_str + ndvi_cv + elev + BB + DE",0.312866887732804,1.07739609351771,1.36733951173156
1378,"Banteng","BTG",2,"dist_str + ndvi_cv + elev + BB + DE",-0.214175844145965,0.935963723060276,0.807206442479653
1379,"Banteng","BTG",2,"dist_str + ndvi_cv + elev + BB + DE",-0.235472749696265,0.865550968475597,0.790197199510712
1380,"Banteng","BTG",2,"dist_str + ndvi_cv + elev + BB + DE",-0.231170508143258,0.837632671460157,0.79360413853021
1381,"Banteng","BTG",2,"dist_str + ndvi_cv + elev + BB + DE",-0.189772510699502,0.824507016473287,0.827147282133743
1382,"Banteng","BTG",2,"dist_str + ndvi_cv + elev + BB + DE",-0.165518308351464,0.797217453506371,0.847454363840044
1383,"Banteng","BTG",2,"dist_str + ndvi_cv + elev + BB + DE",-0.120510119623264,0.776672051509785,0.886468116643238
1384,"Banteng","BTG",2,"dist_str + ndvi_cv + elev + BB + DE",-0.148587330193263,0.768101498661192,0.861924748290095
1385,"Banteng","BTG",2,"dist_str + ndvi_cv + elev + BB + DE",-0.148681021589829,0.77546466653268,0.861843983654185
1386,"Banteng","BTG",2,"dist_str + ndvi_cv + elev + BB + DE",-0.179713941799906,0.776658064824566,0.835509182124698
1387,"Banteng","BTG",2,"dist_str + ndvi_cv + elev + BB + DE",-0.166363166664532,0.747059599600716,0.846738682388302
1388,"Banteng","BTG",2,"dist_str + ndvi_cv + elev + BB + DE",-0.167268988875751,0.732313393479267,0.845972024035381
1389,"Banteng","BTG",2,"dist_str + ndvi_cv + elev + BB + DE",-0.204636628058486,0.716500161353547,0.814943395814648
1390,"Banteng","BTG",2,"dist_str + ndvi_cv + elev + BB + DE",-0.155036544293287,0.714372834106093,0.856383885287532
1391,"Banteng","BTG",2,"dist_str + ndvi_cv + elev + BB + DE",-0.182097992285276,0.71621905182415,0.833519660947233
1392,"Banteng","BTG",2,"dist_str + ndvi_cv + elev + BB + DE",-0.201680184560097,0.722490916361734,0.817356289427082
1393,"Banteng","BTG",2,"dist_str + ndvi_cv + elev + BB + DE",-0.188144405063671,0.716580427635309,0.828495059790551
1394,"Banteng","BTG",2,"dist_str + ndvi_cv + elev + BB + DE",-0.19393488292897,0.703433272638851,0.823711545355998
1395,"Banteng","BTG",2,"dist_str + ndvi_cv + elev + BB + DE",-0.230819162324293,0.685812718471034,0.793883020663087
1396,"Banteng","BTG",2,"dist_str + ndvi_cv + elev + BB + DE",-0.250848335905706,0.682239130215416,0.778140378928536
1397,"Banteng","BTG",2,"dist_str + ndvi_cv + elev + BB + DE",-0.191103382306408,0.686490306176364,0.826047185634163
1398,"Banteng","BTG",2,"dist_str + ndvi_cv + elev + BB + DE",-0.172614358813333,0.676002528229904,0.841462054759464
1399,"Banteng","BTG",2,"dist_str + ndvi_cv + elev + BB + DE",-0.158104884100498,0.681311210347629,0.853760231578413
1400,"Banteng","BTG",2,"dist_str + ndvi_cv + elev + BB + DE",-0.135213123454339,0.709744802060733,0.873529723059293
1401,"Banteng","BTG",2,"dist_str + ndvi_cv + elev + BB + DE",-0.131604443906978,0.696012113668238,0.876687707970826
1402,"Banteng","BTG",2,"dist_str + ndvi_cv + elev + BB + DE",-0.110137106518179,0.680623990095248,0.895711319038046
1403,"Banteng","BTG",2,"dist_str + ndvi_cv + elev + BB + DE",-0.0619338154784627,0.669594143163188,0.939945095058808
1404,"Banteng","BTG",2,"dist_str + ndvi_cv + elev + BB + DE",-0.0344734658588762,0.694432673957721,0.966113975456961
1405,"Banteng","BTG",2,"dist_str + ndvi_cv + elev + BB + DE",0.0330266634717991,0.684983333143609,1.03357812668568
1406,"Banteng","BTG",2,"dist_str + ndvi_cv + elev + BB + DE",0.0352496875325041,0.696670704247687,1.0358783232493
1407,"Banteng","BTG",2,"dist_str + ndvi_cv + elev + BB + DE",0.0795766008567792,0.689332789224594,1.08282851198166
1408,"Banteng","BTG",2,"dist_str + ndvi_cv + elev + BB + DE",0.131122322509725,0.718366088496055,1.14010723453448
1409,"Banteng","BTG",2,"dist_str + ndvi_cv + elev + BB + DE",0.145545518241057,0.695134663856877,1.15667038531348
1410,"Banteng","BTG",2,"dist_str + ndvi_cv + elev + BB + DE",0.173803876552519,0.722909366318393,1.1898221947024
1411,"Banteng","BTG",2,"dist_str + ndvi_cv + elev + BB + DE",0.184007573365504,0.727725167545548,1.20202495610106
1412,"Banteng","BTG",2,"dist_str + ndvi_cv + elev + BB + DE",0.225467251137242,0.753749758106365,1.25290800750891
1413,"Banteng","BTG",2,"dist_str + ndvi_cv + elev + BB + DE",0.269079541756635,0.778212231887392,1.30875924119466
1414,"Banteng","BTG",2,"dist_str + ndvi_cv + elev + BB + DE",0.307852360246493,0.77927816629844,1.36050011676195
1415,"Banteng","BTG",2,"dist_str + ndvi_cv + elev + BB + DE",0.324127113510999,0.786738937843313,1.38282307430656
1416,"Banteng","BTG",2,"dist_str + ndvi_cv + elev + BB + DE",0.324317541965033,0.813851640192878,1.38308643378449
1417,"Banteng","BTG",2,"dist_str + ndvi_cv + elev + BB + DE",0.316907556220756,0.846136728968214,1.37287566737697
1418,"Banteng","BTG",2,"dist_str + ndvi_cv + elev + BB + DE",0.300154655651398,0.859965489692398,1.35006758836151
1419,"Banteng","BTG",2,"dist_str + ndvi_cv + elev + BB + DE",0.322068516880336,0.898594630489303,1.3799793587738
1420,"Banteng","BTG",2,"dist_str + ndvi_cv + elev + BB + DE",0.333888448955291,0.918151021593579,1.39638747591478
1421,"Banteng","BTG",2,"dist_str + ndvi_cv + elev + BB + DE",0.31800057337744,0.993775384658952,1.37437705026634
1422,"Banteng","BTG",2,"dist_str + ndvi_cv + elev + BB + DE",0.331422522977866,1.12436993187548,1.39294822103493
1423,"Banteng","BTG",2,"dist_str + ndvi_cv + elev + BB + DE",-0.21510875824176,1.00376949610342,0.806453727013921
1424,"Banteng","BTG",2,"dist_str + ndvi_cv + elev + BB + DE",-0.173520139515346,0.86810598077713,0.840700225934232
1425,"Banteng","BTG",2,"dist_str + ndvi_cv + elev + BB + DE",-0.182516640641158,0.853485736128129,0.833170779597987
1426,"Banteng","BTG",2,"dist_str + ndvi_cv + elev + BB + DE",-0.188543496748424,0.825360592400117,0.828164480816522
1427,"Banteng","BTG",2,"dist_str + ndvi_cv + elev + BB + DE",-0.132226848184009,0.7840011884529,0.876142229678612
1428,"Banteng","BTG",2,"dist_str + ndvi_cv + elev + BB + DE",-0.0952931346795247,0.787192900804804,0.909106412106496
1429,"Banteng","BTG",2,"dist_str + ndvi_cv + elev + BB + DE",-0.0921851290020577,0.764619511435384,0.911936308072791
1430,"Banteng","BTG",2,"dist_str + ndvi_cv + elev + BB + DE",-0.14643204860391,0.765763710460416,0.863784433841054
1431,"Banteng","BTG",2,"dist_str + ndvi_cv + elev + BB + DE",-0.147981283660306,0.76505643354172,0.862447256717324
1432,"Banteng","BTG",2,"dist_str + ndvi_cv + elev + BB + DE",-0.15012847606887,0.738255796602364,0.860597404599709
1433,"Banteng","BTG",2,"dist_str + ndvi_cv + elev + BB + DE",-0.16067802660558,0.710527901770274,0.851566218841614
1434,"Banteng","BTG",2,"dist_str + ndvi_cv + elev + BB + DE",-0.160982499569708,0.707659453183097,0.851306973904376
1435,"Banteng","BTG",2,"dist_str + ndvi_cv + elev + BB + DE",-0.143560276364993,0.699739411444405,0.866268583489696
1436,"Banteng","BTG",2,"dist_str + ndvi_cv + elev + BB + DE",-0.157148110029459,0.706103541981225,0.854577478914631
1437,"Banteng","BTG",2,"dist_str + ndvi_cv + elev + BB + DE",-0.172130630531762,0.688321578633163,0.841869193091153
1438,"Banteng","BTG",2,"dist_str + ndvi_cv + elev + BB + DE",-0.183899737346846,0.709674910222109,0.832019221197608
1439,"Banteng","BTG",2,"dist_str + ndvi_cv + elev + BB + DE",-0.227507584571384,0.683481512101277,0.79651638025671
1440,"Banteng","BTG",2,"dist_str + ndvi_cv + elev + BB + DE",-0.268963501391459,0.675741505645077,0.76417115003893
1441,"Banteng","BTG",2,"dist_str + ndvi_cv + elev + BB + DE",-0.258604692325291,0.663395170593478,0.772128195189336
1442,"Banteng","BTG",2,"dist_str + ndvi_cv + elev + BB + DE",-0.254531120160875,0.664350985804845,0.775279925921998
1443,"Banteng","BTG",2,"dist_str + ndvi_cv + elev + BB + DE",-0.192401091737171,0.679873677140678,0.824975911159977
1444,"Banteng","BTG",2,"dist_str + ndvi_cv + elev + BB + DE",-0.12544145979999,0.689993824521903,0.882107402735132
1445,"Banteng","BTG",2,"dist_str + ndvi_cv + elev + BB + DE",-0.108870528624256,0.679301144414955,0.896846533684117
1446,"Banteng","BTG",2,"dist_str + ndvi_cv + elev + BB + DE",-0.0769765203605703,0.694243422035711,0.925911593497147
1447,"Banteng","BTG",2,"dist_str + ndvi_cv + elev + BB + DE",-0.0673806659487055,0.690744791990299,0.934839273639362
1448,"Banteng","BTG",2,"dist_str + ndvi_cv + elev + BB + DE",-0.0162110784064817,0.675946673850081,0.983919614286471
1449,"Banteng","BTG",2,"dist_str + ndvi_cv + elev + BB + DE",0.0357337548176593,0.677627222020064,1.03637987961402
1450,"Banteng","BTG",2,"dist_str + ndvi_cv + elev + BB + DE",0.0481728905223689,0.691232846851273,1.04935206311244
1451,"Banteng","BTG",2,"dist_str + ndvi_cv + elev + BB + DE",0.0618073465948545,0.689845762572121,1.06375740105126
1452,"Banteng","BTG",2,"dist_str + ndvi_cv + elev + BB + DE",0.13303757453095,0.695141574316572,1.14229295180028
1453,"Banteng","BTG",2,"dist_str + ndvi_cv + elev + BB + DE",0.157024939702825,0.685800233951097,1.17002480893131
1454,"Banteng","BTG",2,"dist_str + ndvi_cv + elev + BB + DE",0.194988609440751,0.700548011401175,1.2152971437362
1455,"Banteng","BTG",2,"dist_str + ndvi_cv + elev + BB + DE",0.219668580191418,0.732637262080717,1.24566382842059
1456,"Banteng","BTG",2,"dist_str + ndvi_cv + elev + BB + DE",0.253264891341306,0.736254128051584,1.28822447603679
1457,"Banteng","BTG",2,"dist_str + ndvi_cv + elev + BB + DE",0.297377579084419,0.742073266863132,1.3463235489835
1458,"Banteng","BTG",2,"dist_str + ndvi_cv + elev + BB + DE",0.292840062658132,0.767126853554995,1.34022842166406
1459,"Banteng","BTG",2,"dist_str + ndvi_cv + elev + BB + DE",0.341571354965661,0.792986068729591,1.40715700434466
1460,"Banteng","BTG",2,"dist_str + ndvi_cv + elev + BB + DE",0.336471861167109,0.783241601013501,1.39999951603995
1461,"Banteng","BTG",2,"dist_str + ndvi_cv + elev + BB + DE",0.332154069003359,0.805435039067101,1.39396762421571
1462,"Banteng","BTG",2,"dist_str + ndvi_cv + elev + BB + DE",0.344051744764622,0.834645278880553,1.41065163213214
1463,"Banteng","BTG",2,"dist_str + ndvi_cv + elev + BB + DE",0.378224656212199,0.866173707301546,1.45969083616832
1464,"Banteng","BTG",2,"dist_str + ndvi_cv + elev + BB + DE",0.328603405786386,0.895702976196999,1.38902688070743
1465,"Banteng","BTG",2,"dist_str + ndvi_cv + elev + BB + DE",0.341341210176818,0.927521552363388,1.40683318810298
1466,"Banteng","BTG",2,"dist_str + ndvi_cv + elev + BB + DE",0.347137188777874,1.0033455268697,1.41501083631944
1467,"Banteng","BTG",2,"dist_str + ndvi_cv + elev + BB + DE",-0.166908590458978,0.992172137824592,0.84627696559718
1468,"Banteng","BTG",2,"dist_str + ndvi_cv + elev + BB + DE",-0.190381178309016,0.896585107349237,0.826643975186331
1469,"Banteng","BTG",2,"dist_str + ndvi_cv + elev + BB + DE",-0.15751747131087,0.853159511582927,0.854261888493616
1470,"Banteng","BTG",2,"dist_str + ndvi_cv + elev + BB + DE",-0.135482776126157,0.822532914349679,0.873294205205507
1471,"Banteng","BTG",2,"dist_str + ndvi_cv + elev + BB + DE",-0.0981678037548627,0.792936778682878,0.906496778291243
1472,"Banteng","BTG",2,"dist_str + ndvi_cv + elev + BB + DE",-0.0891112715910182,0.791901722534882,0.914743784056496
1473,"Banteng","BTG",2,"dist_str + ndvi_cv + elev + BB + DE",-0.0638842713122557,0.790519215102782,0.938113561796161
1474,"Banteng","BTG",2,"dist_str + ndvi_cv + elev + BB + DE",-0.0927230206540978,0.76420874203954,0.911445924687069
1475,"Banteng","BTG",2,"dist_str + ndvi_cv + elev + BB + DE",-0.111093847042455,0.749509536229123,0.894854770134561
1476,"Banteng","BTG",2,"dist_str + ndvi_cv + elev + BB + DE",-0.130999703960758,0.739168096123292,0.877218061231483
1477,"Banteng","BTG",2,"dist_str + ndvi_cv + elev + BB + DE",-0.128304836897306,0.72018752149818,0.879585211689063
1478,"Banteng","BTG",2,"dist_str + ndvi_cv + elev + BB + DE",-0.137715426596659,0.696391303759456,0.871346620923502
1479,"Banteng","BTG",2,"dist_str + ndvi_cv + elev + BB + DE",-0.141832837086085,0.691289308585015,0.867766302729069
1480,"Banteng","BTG",2,"dist_str + ndvi_cv + elev + BB + DE",-0.146089066596293,0.674193625231935,0.864080739211063
1481,"Banteng","BTG",2,"dist_str + ndvi_cv + elev + BB + DE",-0.166006199832387,0.684793438842239,0.8470409834096
1482,"Banteng","BTG",2,"dist_str + ndvi_cv + elev + BB + DE",-0.197334951970814,0.697392876337983,0.820915620507353
1483,"Banteng","BTG",2,"dist_str + ndvi_cv + elev + BB + DE",-0.225678509151842,0.672636539218553,0.797974602685162
1484,"Banteng","BTG",2,"dist_str + ndvi_cv + elev + BB + DE",-0.278140052216907,0.675086265878135,0.757190779959531
1485,"Banteng","BTG",2,"dist_str + ndvi_cv + elev + BB + DE",-0.485744651911711,0.594249787561261,0.615238888108486
1486,"Banteng","BTG",2,"dist_str + ndvi_cv + elev + BB + DE",-0.290867073898814,0.636547836942081,0.747615049442677
1487,"Banteng","BTG",2,"dist_str + ndvi_cv + elev + BB + DE",-0.168915663348857,0.680131539765525,0.844580157995716
1488,"Banteng","BTG",2,"dist_str + ndvi_cv + elev + BB + DE",-0.104050841019034,0.688409830372088,0.90117947947758
1489,"Banteng","BTG",2,"dist_str + ndvi_cv + elev + BB + DE",-0.0646823167369706,0.686271056790716,0.937365203160553
1490,"Banteng","BTG",2,"dist_str + ndvi_cv + elev + BB + DE",-0.0391220540599774,0.676637219154166,0.961633330821148
1491,"Banteng","BTG",2,"dist_str + ndvi_cv + elev + BB + DE",0.0113632680173374,0.687949020411201,1.01142807670507
1492,"Banteng","BTG",2,"dist_str + ndvi_cv + elev + BB + DE",0.0309576807143748,0.702566082578108,1.03144185316754
1493,"Banteng","BTG",2,"dist_str + ndvi_cv + elev + BB + DE",0.0428592479049123,0.676057711039866,1.04379096877748
1494,"Banteng","BTG",2,"dist_str + ndvi_cv + elev + BB + DE",0.0944468611599957,0.686002069572541,1.09905078972346
1495,"Banteng","BTG",2,"dist_str + ndvi_cv + elev + BB + DE",0.118246505836933,0.698436439504273,1.12552152480329
1496,"Banteng","BTG",2,"dist_str + ndvi_cv + elev + BB + DE",0.179651106050794,0.689571719180039,1.19679973436965
1497,"Banteng","BTG",2,"dist_str + ndvi_cv + elev + BB + DE",0.198746671255922,0.690761291052327,1.219872900033
1498,"Banteng","BTG",2,"dist_str + ndvi_cv + elev + BB + DE",0.231504830553787,0.716805507815229,1.26049541808978
1499,"Banteng","BTG",2,"dist_str + ndvi_cv + elev + BB + DE",0.289206857216324,0.726334483818546,1.33536799364953
1500,"Banteng","BTG",2,"dist_str + ndvi_cv + elev + BB + DE",0.312397185037996,0.7313313647986,1.36669742101753
1501,"Banteng","BTG",2,"dist_str + ndvi_cv + elev + BB + DE",0.367395229838483,0.754592726409315,1.44396850679351
1502,"Banteng","BTG",2,"dist_str + ndvi_cv + elev + BB + DE",0.35328014439685,0.764233788290379,1.42372994398149
1503,"Banteng","BTG",2,"dist_str + ndvi_cv + elev + BB + DE",0.343200136981214,0.771845293733315,1.40945083871775
1504,"Banteng","BTG",2,"dist_str + ndvi_cv + elev + BB + DE",0.365014284985078,0.792875381036238,1.44053459567196
1505,"Banteng","BTG",2,"dist_str + ndvi_cv + elev + BB + DE",0.344242161458609,0.810135215459464,1.41092026606024
1506,"Banteng","BTG",2,"dist_str + ndvi_cv + elev + BB + DE",0.366326834652597,0.835376829003651,1.44242660530753
1507,"Banteng","BTG",2,"dist_str + ndvi_cv + elev + BB + DE",0.352459862847571,0.871754768279609,1.42256255919654
1508,"Banteng","BTG",2,"dist_str + ndvi_cv + elev + BB + DE",0.39574176299699,0.91273286182168,1.48548566078481
1509,"Banteng","BTG",2,"dist_str + ndvi_cv + elev + BB + DE",0.375811917330213,0.968407984689939,1.45617322739645
1510,"Banteng","BTG",2,"dist_str + ndvi_cv + elev + BB + DE",0.368584197136545,1.05045329379489,1.44568636122818
1511,"Banteng","BTG",2,"dist_str + ndvi_cv + elev + BB + DE",-0.142633720270653,1.090471530709,0.867071616937315
1512,"Banteng","BTG",2,"dist_str + ndvi_cv + elev + BB + DE",-0.11732440709725,0.929345042925282,0.889296668728476
1513,"Banteng","BTG",2,"dist_str + ndvi_cv + elev + BB + DE",-0.10110713328568,0.855030130024249,0.903836196796988
1514,"Banteng","BTG",2,"dist_str + ndvi_cv + elev + BB + DE",-0.0828388228792929,0.832248891499386,0.920499498845694
1515,"Banteng","BTG",2,"dist_str + ndvi_cv + elev + BB + DE",-0.0604653171377509,0.800390213581785,0.9413264214113
1516,"Banteng","BTG",2,"dist_str + ndvi_cv + elev + BB + DE",-0.0643557267971219,0.791481931019279,0.937671388781453
1517,"Banteng","BTG",2,"dist_str + ndvi_cv + elev + BB + DE",-0.0531490164878547,0.785883021714966,0.948238699873389
1518,"Banteng","BTG",2,"dist_str + ndvi_cv + elev + BB + DE",-0.072639811631694,0.748212443355558,0.929935721926618
1519,"Banteng","BTG",2,"dist_str + ndvi_cv + elev + BB + DE",-0.0591529320190215,0.746229053325057,0.942562611782887
1520,"Banteng","BTG",2,"dist_str + ndvi_cv + elev + BB + DE",-0.0782136204740445,0.73083180868839,0.92476685648345
1521,"Banteng","BTG",2,"dist_str + ndvi_cv + elev + BB + DE",-0.0874188433335681,0.719853261908939,0.916293248426401
1522,"Banteng","BTG",2,"dist_str + ndvi_cv + elev + BB + DE",-0.118318815074122,0.701732808737465,0.888412773405508
1523,"Banteng","BTG",2,"dist_str + ndvi_cv + elev + BB + DE",-0.128841418186021,0.672859980344039,0.87911336629488
1524,"Banteng","BTG",2,"dist_str + ndvi_cv + elev + BB + DE",-0.140728293627727,0.669432631820593,0.868725321104715
1525,"Banteng","BTG",2,"dist_str + ndvi_cv + elev + BB + DE",-0.161022348258446,0.679931377981686,0.851273047138154
1526,"Banteng","BTG",2,"dist_str + ndvi_cv + elev + BB + DE",-0.18394382427499,0.664230331294596,0.831982542455693
1527,"Banteng","BTG",2,"dist_str + ndvi_cv + elev + BB + DE",-0.229110938011085,0.678323061588164,0.795240306454129
1528,"Banteng","BTG",2,"dist_str + ndvi_cv + elev + BB + DE",-0.246825553161813,0.670545134337636,0.781277004115325
1529,"Banteng","BTG",2,"dist_str + ndvi_cv + elev + BB + DE",-0.221246784942,0.674673858012014,0.801518853158133
1530,"Banteng","BTG",2,"dist_str + ndvi_cv + elev + BB + DE",-0.200076749907645,0.668204333885147,0.818667919563098
1531,"Banteng","BTG",2,"dist_str + ndvi_cv + elev + BB + DE",-0.130005594762851,0.688246352735465,0.87809051886462
1532,"Banteng","BTG",2,"dist_str + ndvi_cv + elev + BB + DE",-0.0585212499091183,0.680414543561389,0.943158206084962
1533,"Banteng","BTG",2,"dist_str + ndvi_cv + elev + BB + DE",-0.0308858860131961,0.674532184478635,0.969586210923254
1534,"Banteng","BTG",2,"dist_str + ndvi_cv + elev + BB + DE",0.00301041703998959,0.680283985517435,1.00301496295162
1535,"Banteng","BTG",2,"dist_str + ndvi_cv + elev + BB + DE",0.0171968583379853,0.691103167247014,1.01734559225851
1536,"Banteng","BTG",2,"dist_str + ndvi_cv + elev + BB + DE",0.0450181484316629,0.677015733812065,1.04604684414051
1537,"Banteng","BTG",2,"dist_str + ndvi_cv + elev + BB + DE",0.0821407246909156,0.700063712044907,1.08560857347735
1538,"Banteng","BTG",2,"dist_str + ndvi_cv + elev + BB + DE",0.119885401383465,0.695235829625114,1.12736764981225
1539,"Banteng","BTG",2,"dist_str + ndvi_cv + elev + BB + DE",0.161342976568168,0.685690124303009,1.17508792760847
1540,"Banteng","BTG",2,"dist_str + ndvi_cv + elev + BB + DE",0.209546224811373,0.689111824507702,1.23311837530163
1541,"Banteng","BTG",2,"dist_str + ndvi_cv + elev + BB + DE",0.247355180964924,0.714660258961099,1.28063389663517
1542,"Banteng","BTG",2,"dist_str + ndvi_cv + elev + BB + DE",0.292048548154052,0.699880431154453,1.33916803336184
1543,"Banteng","BTG",2,"dist_str + ndvi_cv + elev + BB + DE",0.337748817624464,0.703090186245501,1.40178836990247
1544,"Banteng","BTG",2,"dist_str + ndvi_cv + elev + BB + DE",0.357871162445276,0.737549037949369,1.43028133498415
1545,"Banteng","BTG",2,"dist_str + ndvi_cv + elev + BB + DE",0.384216493541346,0.735098592256336,1.46846332479317
1546,"Banteng","BTG",2,"dist_str + ndvi_cv + elev + BB + DE",0.402247665126177,0.764123647760172,1.49518159690404
1547,"Banteng","BTG",2,"dist_str + ndvi_cv + elev + BB + DE",0.364626918768589,0.783929603541524,1.43997667978295
1548,"Banteng","BTG",2,"dist_str + ndvi_cv + elev + BB + DE",0.388370591405967,0.787408198275005,1.47457614935406
1549,"Banteng","BTG",2,"dist_str + ndvi_cv + elev + BB + DE",0.385526804132994,0.806994691072982,1.47038872437742
1550,"Banteng","BTG",2,"dist_str + ndvi_cv + elev + BB + DE",0.37952601159123,0.844040534346006,1.46159165140356
1551,"Banteng","BTG",2,"dist_str + ndvi_cv + elev + BB + DE",0.391917878411352,0.860210650857207,1.47981618221767
1552,"Banteng","BTG",2,"dist_str + ndvi_cv + elev + BB + DE",0.396175212937236,0.933371786814317,1.4861296874574
1553,"Banteng","BTG",2,"dist_str + ndvi_cv + elev + BB + DE",0.377917492869964,0.995480857914096,1.45924254339013
1554,"Banteng","BTG",2,"dist_str + ndvi_cv + elev + BB + DE",0.371384640626031,1.05025937351542,1.44974059531258
1555,"Banteng","BTG",2,"dist_str + ndvi_cv + elev + BB + DE",-0.0930603951856994,0.994069940789643,0.911138472568093
1556,"Banteng","BTG",2,"dist_str + ndvi_cv + elev + BB + DE",-0.0628169894310689,0.892566799507243,0.939115327071524
1557,"Banteng","BTG",2,"dist_str + ndvi_cv + elev + BB + DE",-0.0379270670925231,0.837656423302871,0.96278316270745
1558,"Banteng","BTG",2,"dist_str + ndvi_cv + elev + BB + DE",-0.0229156924237406,0.807915759786324,0.977344877943355
1559,"Banteng","BTG",2,"dist_str + ndvi_cv + elev + BB + DE",-0.0644304830251629,0.767683300102619,0.937601291672959
1560,"Banteng","BTG",2,"dist_str + ndvi_cv + elev + BB + DE",-0.0184062502866612,0.750172378150522,0.981762124652889
1561,"Banteng","BTG",2,"dist_str + ndvi_cv + elev + BB + DE",-0.00328657221402627,0.748857286270194,0.996718822809282
1562,"Banteng","BTG",2,"dist_str + ndvi_cv + elev + BB + DE",-0.0406343724926067,0.740437534475509,0.960180151167956
1563,"Banteng","BTG",2,"dist_str + ndvi_cv + elev + BB + DE",-0.0476656649784307,0.727305683984201,0.953452537505069
1564,"Banteng","BTG",2,"dist_str + ndvi_cv + elev + BB + DE",-0.0602632751267701,0.716508447093031,0.941516625450931
1565,"Banteng","BTG",2,"dist_str + ndvi_cv + elev + BB + DE",-0.0900794617215733,0.705121561978355,0.913858565656954
1566,"Banteng","BTG",2,"dist_str + ndvi_cv + elev + BB + DE",-0.121570890217563,0.702847257926857,0.885528277235285
1567,"Banteng","BTG",2,"dist_str + ndvi_cv + elev + BB + DE",-0.143838745130967,0.677628986582452,0.866027388106631
1568,"Banteng","BTG",2,"dist_str + ndvi_cv + elev + BB + DE",-0.13255977960608,0.677117766325319,0.875850576129828
1569,"Banteng","BTG",2,"dist_str + ndvi_cv + elev + BB + DE",-0.177131643707727,0.677381667506864,0.837669507402396
1570,"Banteng","BTG",2,"dist_str + ndvi_cv + elev + BB + DE",-0.142462516018847,0.681283017074745,0.867220060727483
1571,"Banteng","BTG",2,"dist_str + ndvi_cv + elev + BB + DE",-0.152725927381965,0.690218762755357,0.858364987217388
1572,"Banteng","BTG",2,"dist_str + ndvi_cv + elev + BB + DE",-0.144046037810642,0.677842592522715,0.86584788567072
1573,"Banteng","BTG",2,"dist_str + ndvi_cv + elev + BB + DE",-0.113045886253902,0.687535904072777,0.89310967777731
1574,"Banteng","BTG",2,"dist_str + ndvi_cv + elev + BB + DE",-0.0749684085729883,0.669934564666177,0.927772795830569
1575,"Banteng","BTG",2,"dist_str + ndvi_cv + elev + BB + DE",-0.0221022440188065,0.68553600310135,0.978140221347135
1576,"Banteng","BTG",2,"dist_str + ndvi_cv + elev + BB + DE",0.0426778240275026,0.699941450668837,1.04360161830685
1577,"Banteng","BTG",2,"dist_str + ndvi_cv + elev + BB + DE",0.0318817484844907,0.685552696406299,1.03239541659794
1578,"Banteng","BTG",2,"dist_str + ndvi_cv + elev + BB + DE",0.0709269804511246,0.693867495838202,1.07350283873846
1579,"Banteng","BTG",2,"dist_str + ndvi_cv + elev + BB + DE",0.119079961771659,0.689568588557028,1.12645999563105
1580,"Banteng","BTG",2,"dist_str + ndvi_cv + elev + BB + DE",0.138722628868122,0.699997986034289,1.14880543073797
1581,"Banteng","BTG",2,"dist_str + ndvi_cv + elev + BB + DE",0.163967021231455,0.70420645015768,1.17817546009896
1582,"Banteng","BTG",2,"dist_str + ndvi_cv + elev + BB + DE",0.2354112756548,0.692462647242334,1.26542910192478
1583,"Banteng","BTG",2,"dist_str + ndvi_cv + elev + BB + DE",0.262503530117777,0.695616176133305,1.30018105802069
1584,"Banteng","BTG",2,"dist_str + ndvi_cv + elev + BB + DE",0.30061902355898,0.69478824149074,1.35069468595383
1585,"Banteng","BTG",2,"dist_str + ndvi_cv + elev + BB + DE",0.330642718776969,0.70426051415152,1.39186243916244
1586,"Banteng","BTG",2,"dist_str + ndvi_cv + elev + BB + DE",0.384712014397666,0.713487279128375,1.46919116624929
1587,"Banteng","BTG",2,"dist_str + ndvi_cv + elev + BB + DE",0.416698408480655,0.742401007542512,1.51694494732805
1588,"Banteng","BTG",2,"dist_str + ndvi_cv + elev + BB + DE",0.442947968842378,0.763028291449711,1.55729130459439
1589,"Banteng","BTG",2,"dist_str + ndvi_cv + elev + BB + DE",0.428232119960995,0.765072162227842,1.53454225412732
1590,"Banteng","BTG",2,"dist_str + ndvi_cv + elev + BB + DE",0.418961933062989,0.795790493517804,1.5203824774838
1591,"Banteng","BTG",2,"dist_str + ndvi_cv + elev + BB + DE",0.435061536582834,0.784392996071945,1.54505814153753
1592,"Banteng","BTG",2,"dist_str + ndvi_cv + elev + BB + DE",0.440238208466662,0.794125530420884,1.55307713188169
1593,"Banteng","BTG",2,"dist_str + ndvi_cv + elev + BB + DE",0.445345462727645,0.840948090098106,1.56102939812417
1594,"Banteng","BTG",2,"dist_str + ndvi_cv + elev + BB + DE",0.445072339218739,0.909088100684419,1.56060308710226
1595,"Banteng","BTG",2,"dist_str + ndvi_cv + elev + BB + DE",0.388658937540787,0.949310643727083,1.47500140250486
1596,"Banteng","BTG",2,"dist_str + ndvi_cv + elev + BB + DE",0.417180257277688,1.01427531363743,1.51767608055611
1597,"Banteng","BTG",2,"dist_str + ndvi_cv + elev + BB + DE",0.437890999264272,1.09530460518793,1.54943602227744
1598,"Banteng","BTG",2,"dist_str + ndvi_cv + elev + BB + DE",0.452416012190755,1.26150574397815,1.57210582795831
1599,"Banteng","BTG",2,"dist_str + ndvi_cv + elev + BB + DE",0.00267284687105116,0.921131492214928,1.00267648795469
1600,"Banteng","BTG",2,"dist_str + ndvi_cv + elev + BB + DE",0.0237782641625246,0.842347003015201,1.02406322264063
1601,"Banteng","BTG",2,"dist_str + ndvi_cv + elev + BB + DE",0.000184885989795158,0.812683914281814,1.00018491007792
1602,"Banteng","BTG",2,"dist_str + ndvi_cv + elev + BB + DE",-0.00127954797671908,0.782789473135834,0.998721270652422
1603,"Banteng","BTG",2,"dist_str + ndvi_cv + elev + BB + DE",0.0126449767307957,0.769456022247921,1.01272526336474
1604,"Banteng","BTG",2,"dist_str + ndvi_cv + elev + BB + DE",-0.00486768155425332,0.750056103859439,0.995144157030159
1605,"Banteng","BTG",2,"dist_str + ndvi_cv + elev + BB + DE",0.0152841477346911,0.739276675586423,1.01540154786035
1606,"Banteng","BTG",2,"dist_str + ndvi_cv + elev + BB + DE",-0.0402365853951629,0.710878897309704,0.960562157454534
1607,"Banteng","BTG",2,"dist_str + ndvi_cv + elev + BB + DE",-0.0468258860970463,0.727054790735481,0.95425353210993
1608,"Banteng","BTG",2,"dist_str + ndvi_cv + elev + BB + DE",-0.0905234986179373,0.689461469498101,0.913452889347447
1609,"Banteng","BTG",2,"dist_str + ndvi_cv + elev + BB + DE",-0.114199650698403,0.679299516904899,0.892079834111928
1610,"Banteng","BTG",2,"dist_str + ndvi_cv + elev + BB + DE",-0.122255145753238,0.679547223046305,0.884922555478872
1611,"Banteng","BTG",2,"dist_str + ndvi_cv + elev + BB + DE",-0.11926615856786,0.680707506397174,0.887571535192666
1612,"Banteng","BTG",2,"dist_str + ndvi_cv + elev + BB + DE",-0.128554334520386,0.699825674784251,0.879365787368942
1613,"Banteng","BTG",2,"dist_str + ndvi_cv + elev + BB + DE",-0.142168335783231,0.697466654502515,0.86747522560253
1614,"Banteng","BTG",2,"dist_str + ndvi_cv + elev + BB + DE",-0.0914881628449428,0.673430549261665,0.912572118405097
1615,"Banteng","BTG",2,"dist_str + ndvi_cv + elev + BB + DE",-0.0847160074185508,0.696004188181494,0.918773172229909
1616,"Banteng","BTG",2,"dist_str + ndvi_cv + elev + BB + DE",-0.0612248858410034,0.681129752271908,0.940611693233237
1617,"Banteng","BTG",2,"dist_str + ndvi_cv + elev + BB + DE",-0.0262288722386686,0.691636913809446,0.974112116998588
1618,"Banteng","BTG",2,"dist_str + ndvi_cv + elev + BB + DE",0.0402857579700439,0.696507205849165,1.04110823818617
1619,"Banteng","BTG",2,"dist_str + ndvi_cv + elev + BB + DE",0.0951012029825911,0.700179156666994,1.09977015020681
1620,"Banteng","BTG",2,"dist_str + ndvi_cv + elev + BB + DE",0.103922538466792,0.70282339578263,1.10951450734156
1621,"Banteng","BTG",2,"dist_str + ndvi_cv + elev + BB + DE",0.117996763903561,0.687430253544886,1.1252404700465
1622,"Banteng","BTG",2,"dist_str + ndvi_cv + elev + BB + DE",0.177632273080547,0.690640167402867,1.19438603257637
1623,"Banteng","BTG",2,"dist_str + ndvi_cv + elev + BB + DE",0.184555379523183,0.679271122911275,1.20268363038248
1624,"Banteng","BTG",2,"dist_str + ndvi_cv + elev + BB + DE",0.234891631558387,0.675536693777409,1.26477171808915
1625,"Banteng","BTG",2,"dist_str + ndvi_cv + elev + BB + DE",0.277398557634903,0.676120367610102,1.3196922411433
1626,"Banteng","BTG",2,"dist_str + ndvi_cv + elev + BB + DE",0.295988558318765,0.703382843701441,1.34445477392205
1627,"Banteng","BTG",2,"dist_str + ndvi_cv + elev + BB + DE",0.34896313195492,0.701611684450694,1.41759693375705
1628,"Banteng","BTG",2,"dist_str + ndvi_cv + elev + BB + DE",0.391609926210733,0.711425073486748,1.47936054049867
1629,"Banteng","BTG",2,"dist_str + ndvi_cv + elev + BB + DE",0.428663474715107,0.739114610903114,1.53520431242716
1630,"Banteng","BTG",2,"dist_str + ndvi_cv + elev + BB + DE",0.441071280584456,0.733444373098958,1.55437149492103
1631,"Banteng","BTG",2,"dist_str + ndvi_cv + elev + BB + DE",0.460156430476173,0.761711390988125,1.58432180314915
1632,"Banteng","BTG",2,"dist_str + ndvi_cv + elev + BB + DE",0.444031449326236,0.787846827760086,1.55897951419915
1633,"Banteng","BTG",2,"dist_str + ndvi_cv + elev + BB + DE",0.465650228355556,0.799685290067026,1.59304970113007
1634,"Banteng","BTG",2,"dist_str + ndvi_cv + elev + BB + DE",0.478742886471701,0.795523011114227,1.61404409778189
1635,"Banteng","BTG",2,"dist_str + ndvi_cv + elev + BB + DE",0.455996155918139,0.805140022048393,1.57774428004082
1636,"Banteng","BTG",2,"dist_str + ndvi_cv + elev + BB + DE",0.497117051068089,0.869289763712198,1.64397495068824
1637,"Banteng","BTG",2,"dist_str + ndvi_cv + elev + BB + DE",0.449830166024011,0.947021361976236,1.56804586393494
1638,"Banteng","BTG",2,"dist_str + ndvi_cv + elev + BB + DE",0.400245453836779,1.04010027565607,1.49219091717207
1639,"Banteng","BTG",2,"dist_str + ndvi_cv + elev + BB + DE",0.440934589087038,1.10559161306427,1.55415907073409
1640,"Banteng","BTG",2,"dist_str + ndvi_cv + elev + BB + DE",0.468672256851218,1.18652784999078,1.59787124939294
1641,"Banteng","BTG",2,"dist_str + ndvi_cv + elev + BB + DE",0.449746284859294,1.29097981473605,1.56791434214324
1642,"Banteng","BTG",2,"dist_str + ndvi_cv + elev + BB + DE",0.072443361828928,0.970219952982073,1.07513191125036
1643,"Banteng","BTG",2,"dist_str + ndvi_cv + elev + BB + DE",0.0979860787041677,0.841699742585524,1.10294744018246
1644,"Banteng","BTG",2,"dist_str + ndvi_cv + elev + BB + DE",0.0617384803952033,0.80462273470783,1.06368414522355
1645,"Banteng","BTG",2,"dist_str + ndvi_cv + elev + BB + DE",0.0445711431780616,0.774519955667649,1.04557936113853
1646,"Banteng","BTG",2,"dist_str + ndvi_cv + elev + BB + DE",0.0709679360622248,0.769486686586627,1.0735468032018
1647,"Banteng","BTG",2,"dist_str + ndvi_cv + elev + BB + DE",0.0172878450140828,0.749455412880881,1.0174381464526
1648,"Banteng","BTG",2,"dist_str + ndvi_cv + elev + BB + DE",-0.00196638887666874,0.730061474047069,0.998035544214441
1649,"Banteng","BTG",2,"dist_str + ndvi_cv + elev + BB + DE",-0.0153344780917043,0.7400910546947,0.984782499777909
1650,"Banteng","BTG",2,"dist_str + ndvi_cv + elev + BB + DE",-0.0654277518234605,0.705449253255495,0.936666732716118
1651,"Banteng","BTG",2,"dist_str + ndvi_cv + elev + BB + DE",-0.0984551354363611,0.71050767253292,0.906236350310918
1652,"Banteng","BTG",2,"dist_str + ndvi_cv + elev + BB + DE",-0.110556647555751,0.677709647068467,0.895335611998736
1653,"Banteng","BTG",2,"dist_str + ndvi_cv + elev + BB + DE",-0.133691059213857,0.674998113624104,0.874860302944614
1654,"Banteng","BTG",2,"dist_str + ndvi_cv + elev + BB + DE",-0.119325718470873,0.687619270636226,0.887518673606014
1655,"Banteng","BTG",2,"dist_str + ndvi_cv + elev + BB + DE",-0.075233960758746,0.699666514120796,0.927526459398776
1656,"Banteng","BTG",2,"dist_str + ndvi_cv + elev + BB + DE",-0.111163906491722,0.683461515383222,0.894792082116903
1657,"Banteng","BTG",2,"dist_str + ndvi_cv + elev + BB + DE",-0.0594008295803932,0.691212173546438,0.942328980867261
1658,"Banteng","BTG",2,"dist_str + ndvi_cv + elev + BB + DE",-0.0414604910324287,0.697091602201837,0.959387239392552
1659,"Banteng","BTG",2,"dist_str + ndvi_cv + elev + BB + DE",-0.0104158593408717,0.695505962337056,0.989638252298707
1660,"Banteng","BTG",2,"dist_str + ndvi_cv + elev + BB + DE",0.0337532085973463,0.691056797189267,1.03432931246048
1661,"Banteng","BTG",2,"dist_str + ndvi_cv + elev + BB + DE",0.111585490328841,0.688225415078081,1.11804932307197
1662,"Banteng","BTG",2,"dist_str + ndvi_cv + elev + BB + DE",0.151048691700632,0.71596144739519,1.16305329124236
1663,"Banteng","BTG",2,"dist_str + ndvi_cv + elev + BB + DE",0.171029154481806,0.688487704139017,1.18652534226985
1664,"Banteng","BTG",2,"dist_str + ndvi_cv + elev + BB + DE",0.178259615331554,0.680647845808032,1.19513556047029
1665,"Banteng","BTG",2,"dist_str + ndvi_cv + elev + BB + DE",0.224958725398861,0.675593888307177,1.25227102832331
1666,"Banteng","BTG",2,"dist_str + ndvi_cv + elev + BB + DE",0.234811020989234,0.668941682267819,1.26466977925696
1667,"Banteng","BTG",2,"dist_str + ndvi_cv + elev + BB + DE",0.274677450438971,0.661452698477361,1.31610609725614
1668,"Banteng","BTG",2,"dist_str + ndvi_cv + elev + BB + DE",0.312925377122834,0.683550356312265,1.36741948703939
1669,"Banteng","BTG",2,"dist_str + ndvi_cv + elev + BB + DE",0.374016613208058,0.69437057237228,1.45356131332921
1670,"Banteng","BTG",2,"dist_str + ndvi_cv + elev + BB + DE",0.404279285531543,0.725097644688561,1.49822232047217
1671,"Banteng","BTG",2,"dist_str + ndvi_cv + elev + BB + DE",0.424859528064408,0.745364616607615,1.52937557122815
1672,"Banteng","BTG",2,"dist_str + ndvi_cv + elev + BB + DE",0.478527626050984,0.727217781911348,1.61369668852671
1673,"Banteng","BTG",2,"dist_str + ndvi_cv + elev + BB + DE",0.475236694054281,0.742360800591167,1.60839485467848
1674,"Banteng","BTG",2,"dist_str + ndvi_cv + elev + BB + DE",0.487541673175284,0.74938169247175,1.62830838155444
1675,"Banteng","BTG",2,"dist_str + ndvi_cv + elev + BB + DE",0.48309406086257,0.789510169590552,1.62108241504394
1676,"Banteng","BTG",2,"dist_str + ndvi_cv + elev + BB + DE",0.499458245813069,0.79608328521249,1.64782831245402
1677,"Banteng","BTG",2,"dist_str + ndvi_cv + elev + BB + DE",0.501529826495716,0.807045148521962,1.65124546392854
1678,"Banteng","BTG",2,"dist_str + ndvi_cv + elev + BB + DE",0.513203789311064,0.822603935807969,1.67063499294209
1679,"Banteng","BTG",2,"dist_str + ndvi_cv + elev + BB + DE",0.495295307107307,0.903792801350737,1.64098276428578
1680,"Banteng","BTG",2,"dist_str + ndvi_cv + elev + BB + DE",0.493965833760871,1.34098994591428,1.63880258719832
1681,"Banteng","BTG",2,"dist_str + ndvi_cv + elev + BB + DE",0.495843688960297,1.45224258754125,1.64188289731636
1682,"Banteng","BTG",2,"dist_str + ndvi_cv + elev + BB + DE",0.129077077565578,0.961974851921162,1.13777781847818
1683,"Banteng","BTG",2,"dist_str + ndvi_cv + elev + BB + DE",0.0925539794307303,0.851058222940538,1.09697235512323
1684,"Banteng","BTG",2,"dist_str + ndvi_cv + elev + BB + DE",0.116137594302346,0.811659053808069,1.12315040252749
1685,"Banteng","BTG",2,"dist_str + ndvi_cv + elev + BB + DE",0.100785383697791,0.787272673729696,1.10603924227287
1686,"Banteng","BTG",2,"dist_str + ndvi_cv + elev + BB + DE",0.0770119458718757,0.757719528132996,1.08005497851405
1687,"Banteng","BTG",2,"dist_str + ndvi_cv + elev + BB + DE",0.0662677247944109,0.753339660847477,1.06851274639988
1688,"Banteng","BTG",2,"dist_str + ndvi_cv + elev + BB + DE",0.049243890972638,0.751393068379352,1.05047652369724
1689,"Banteng","BTG",2,"dist_str + ndvi_cv + elev + BB + DE",0.0150315617011908,0.748554310318683,1.01514511271609
1690,"Banteng","BTG",2,"dist_str + ndvi_cv + elev + BB + DE",-0.0229044746596038,0.724313856513287,0.977355841564043
1691,"Banteng","BTG",2,"dist_str + ndvi_cv + elev + BB + DE",-0.0695966754615045,0.719074578377726,0.932769967179103
1692,"Banteng","BTG",2,"dist_str + ndvi_cv + elev + BB + DE",-0.0937709684586222,0.686419336619117,0.910491270163235
1693,"Banteng","BTG",2,"dist_str + ndvi_cv + elev + BB + DE",-0.20378625197657,0.637586857940393,0.815636695520785
1694,"Banteng","BTG",2,"dist_str + ndvi_cv + elev + BB + DE",-0.113553897073789,0.700602931285924,0.892656085141455
1695,"Banteng","BTG",2,"dist_str + ndvi_cv + elev + BB + DE",-0.0771290364973591,0.704888296263667,0.925770387833854
1696,"Banteng","BTG",2,"dist_str + ndvi_cv + elev + BB + DE",-0.0588970142316421,0.69322804716685,0.942803876978136
1697,"Banteng","BTG",2,"dist_str + ndvi_cv + elev + BB + DE",-0.0268900069911472,0.68985820310014,0.973468315172342
1698,"Banteng","BTG",2,"dist_str + ndvi_cv + elev + BB + DE",-0.0239115350478596,0.690819908535183,0.976372080744088
1699,"Banteng","BTG",2,"dist_str + ndvi_cv + elev + BB + DE",0.0235351585303644,0.694759839557673,1.02381429610855
1700,"Banteng","BTG",2,"dist_str + ndvi_cv + elev + BB + DE",0.0907914418618175,0.698009535580958,1.09504060212707
1701,"Banteng","BTG",2,"dist_str + ndvi_cv + elev + BB + DE",0.139704475046438,0.692922347684902,1.14993391461935
1702,"Banteng","BTG",2,"dist_str + ndvi_cv + elev + BB + DE",0.182396720257349,0.692202156254717,1.200090203382
1703,"Banteng","BTG",2,"dist_str + ndvi_cv + elev + BB + DE",0.20303579251973,0.706574635142789,1.22511631881361
1704,"Banteng","BTG",2,"dist_str + ndvi_cv + elev + BB + DE",0.184079576583567,0.667855914447906,1.20211149106649
1705,"Banteng","BTG",2,"dist_str + ndvi_cv + elev + BB + DE",0.226114410660586,0.675421169515435,1.25371909593098
1706,"Banteng","BTG",2,"dist_str + ndvi_cv + elev + BB + DE",0.272333529370558,0.66332982149505,1.31302486106558
1707,"Banteng","BTG",2,"dist_str + ndvi_cv + elev + BB + DE",0.323737968773071,0.671528916895918,1.38228506092511
1708,"Banteng","BTG",2,"dist_str + ndvi_cv + elev + BB + DE",0.408007262100191,0.677593357119212,1.50381808391257
1709,"Banteng","BTG",2,"dist_str + ndvi_cv + elev + BB + DE",0.428572506504192,0.679906384872076,1.53506466458092
1710,"Banteng","BTG",2,"dist_str + ndvi_cv + elev + BB + DE",0.454971950827509,0.696531877001154,1.57612917342155
1711,"Banteng","BTG",2,"dist_str + ndvi_cv + elev + BB + DE",0.490716863566911,0.75056228005692,1.63348678912208
1712,"Banteng","BTG",2,"dist_str + ndvi_cv + elev + BB + DE",0.490869430206492,0.727120937227506,1.63373603093944
1713,"Banteng","BTG",2,"dist_str + ndvi_cv + elev + BB + DE",0.519189809399678,0.741586761491097,1.68066543878413
1714,"Banteng","BTG",2,"dist_str + ndvi_cv + elev + BB + DE",0.524931712204896,0.754611717142941,1.69034341935795
1715,"Banteng","BTG",2,"dist_str + ndvi_cv + elev + BB + DE",0.50294377616697,0.7671436066077,1.65358200437141
1716,"Banteng","BTG",2,"dist_str + ndvi_cv + elev + BB + DE",0.537460309598135,0.790652152907401,1.71165426549863
1717,"Banteng","BTG",2,"dist_str + ndvi_cv + elev + BB + DE",0.542858743512754,0.810331437897975,1.72091950467685
1718,"Banteng","BTG",2,"dist_str + ndvi_cv + elev + BB + DE",0.551143462416434,0.836747890660373,1.73523606580119
1719,"Banteng","BTG",2,"dist_str + ndvi_cv + elev + BB + DE",0.548328209155981,0.957178250020902,1.7303578026554
1720,"Banteng","BTG",2,"dist_str + ndvi_cv + elev + BB + DE",0.159230345690979,0.95391816840816,1.17260803035962
1721,"Banteng","BTG",2,"dist_str + ndvi_cv + elev + BB + DE",0.163567187435128,0.870793610085776,1.17770447953205
1722,"Banteng","BTG",2,"dist_str + ndvi_cv + elev + BB + DE",0.114274895169141,0.83042151546809,1.12106025886439
1723,"Banteng","BTG",2,"dist_str + ndvi_cv + elev + BB + DE",0.137658456547355,0.798443440111691,1.14758353425652
1724,"Banteng","BTG",2,"dist_str + ndvi_cv + elev + BB + DE",0.120588608696351,0.766746928777015,1.12816070871995
1725,"Banteng","BTG",2,"dist_str + ndvi_cv + elev + BB + DE",0.130250203787281,0.760792611898902,1.13911338683183
1726,"Banteng","BTG",2,"dist_str + ndvi_cv + elev + BB + DE",0.0757313687811639,0.750318163954833,1.07867277840048
1727,"Banteng","BTG",2,"dist_str + ndvi_cv + elev + BB + DE",0.0662807039109045,0.754016275747055,1.06852661576127
1728,"Banteng","BTG",2,"dist_str + ndvi_cv + elev + BB + DE",0.00283559236614311,0.751027190450934,1.00283961719563
1729,"Banteng","BTG",2,"dist_str + ndvi_cv + elev + BB + DE",-0.0299819668174528,0.733427570791731,0.970463035158153
1730,"Banteng","BTG",2,"dist_str + ndvi_cv + elev + BB + DE",-0.0647224137528032,0.717911554437761,0.937327618924248
1731,"Banteng","BTG",2,"dist_str + ndvi_cv + elev + BB + DE",-0.14963989645764,0.677126928739824,0.861017976240239
1732,"Banteng","BTG",2,"dist_str + ndvi_cv + elev + BB + DE",-0.112691011471829,0.678726697603278,0.893426688109448
1733,"Banteng","BTG",2,"dist_str + ndvi_cv + elev + BB + DE",-0.0418326933804524,0.709536191788569,0.959030219525222
1734,"Banteng","BTG",2,"dist_str + ndvi_cv + elev + BB + DE",-0.0404079056680179,0.705684191589725,0.960397611802793
1735,"Banteng","BTG",2,"dist_str + ndvi_cv + elev + BB + DE",0.0105666218926908,0.710243881108103,1.01062264921129
1736,"Banteng","BTG",2,"dist_str + ndvi_cv + elev + BB + DE",0.0368508775411823,0.691489979577737,1.03753829087847
1737,"Banteng","BTG",2,"dist_str + ndvi_cv + elev + BB + DE",0.0519485255117254,0.678860322121614,1.05332152202533
1738,"Banteng","BTG",2,"dist_str + ndvi_cv + elev + BB + DE",0.142011748223526,0.694865914168607,1.15259019068264
1739,"Banteng","BTG",2,"dist_str + ndvi_cv + elev + BB + DE",0.21184282324932,0.693430934887434,1.23595360674953
1740,"Banteng","BTG",2,"dist_str + ndvi_cv + elev + BB + DE",0.236512202148565,0.694905613049161,1.26682301974798
1741,"Banteng","BTG",2,"dist_str + ndvi_cv + elev + BB + DE",0.259442128709786,0.710099843711045,1.29620676926706
1742,"Banteng","BTG",2,"dist_str + ndvi_cv + elev + BB + DE",0.2138986208659,0.655611701056847,1.2384971027398
1743,"Banteng","BTG",2,"dist_str + ndvi_cv + elev + BB + DE",0.276436533080365,0.678106575459568,1.31842327421481
1744,"Banteng","BTG",2,"dist_str + ndvi_cv + elev + BB + DE",0.332335480541551,0.69231031876093,1.39422059403039
1745,"Banteng","BTG",2,"dist_str + ndvi_cv + elev + BB + DE",0.40113009941742,0.670457891489337,1.49351156085769
1746,"Banteng","BTG",2,"dist_str + ndvi_cv + elev + BB + DE",0.466951908082628,0.669953014130083,1.59512469383154
1747,"Banteng","BTG",2,"dist_str + ndvi_cv + elev + BB + DE",0.4797372087996,0.681803759851899,1.61564976828396
1748,"Banteng","BTG",2,"dist_str + ndvi_cv + elev + BB + DE",0.505190724289524,0.698856639318143,1.65730162334799
1749,"Banteng","BTG",2,"dist_str + ndvi_cv + elev + BB + DE",0.519116215445417,0.739117952170032,1.68054175649661
1750,"Banteng","BTG",2,"dist_str + ndvi_cv + elev + BB + DE",0.544052219969144,0.739178787268189,1.72297460744727
1751,"Banteng","BTG",2,"dist_str + ndvi_cv + elev + BB + DE",0.561063237548206,0.751847857138224,1.75253487123581
1752,"Banteng","BTG",2,"dist_str + ndvi_cv + elev + BB + DE",0.567973337558278,0.769136256653752,1.76468700095185
1753,"Banteng","BTG",2,"dist_str + ndvi_cv + elev + BB + DE",0.546572291385246,0.772308480264309,1.72732212183375
1754,"Banteng","BTG",2,"dist_str + ndvi_cv + elev + BB + DE",0.567328858771113,0.797918723567609,1.76355006404878
1755,"Banteng","BTG",2,"dist_str + ndvi_cv + elev + BB + DE",0.557294767868145,0.821958061701668,1.74594293606961
1756,"Banteng","BTG",2,"dist_str + ndvi_cv + elev + BB + DE",0.555978549796011,0.847156246579959,1.74364639504777
1757,"Banteng","BTG",2,"dist_str + ndvi_cv + elev + BB + DE",0.572167647382351,0.95605572444925,1.77210419558521
1758,"Banteng","BTG",2,"dist_str + ndvi_cv + elev + BB + DE",0.264040704776365,1.10051570673341,1.30218120338244
1759,"Banteng","BTG",2,"dist_str + ndvi_cv + elev + BB + DE",0.241376537028151,0.947273745764381,1.27300028924141
1760,"Banteng","BTG",2,"dist_str + ndvi_cv + elev + BB + DE",0.206244028447083,0.868135679003807,1.22905309338169
1761,"Banteng","BTG",2,"dist_str + ndvi_cv + elev + BB + DE",0.210017429755785,0.831967708318229,1.23369958671924
1762,"Banteng","BTG",2,"dist_str + ndvi_cv + elev + BB + DE",0.197555071200265,0.800630107535246,1.218420162991
1763,"Banteng","BTG",2,"dist_str + ndvi_cv + elev + BB + DE",0.132341943461206,0.79905256773259,1.1414985826818
1764,"Banteng","BTG",2,"dist_str + ndvi_cv + elev + BB + DE",0.128628645502528,0.765386772223359,1.137267716309
1765,"Banteng","BTG",2,"dist_str + ndvi_cv + elev + BB + DE",0.121762624729482,0.751310117325586,1.12948596037198
1766,"Banteng","BTG",2,"dist_str + ndvi_cv + elev + BB + DE",0.0908527524657975,0.768719470037933,1.09510774177347
1767,"Banteng","BTG",2,"dist_str + ndvi_cv + elev + BB + DE",0.0305503521727759,0.748060636842144,1.03102180368802
1768,"Banteng","BTG",2,"dist_str + ndvi_cv + elev + BB + DE",0.02544469559556,0.736344060937121,1.02577117517932
1769,"Banteng","BTG",2,"dist_str + ndvi_cv + elev + BB + DE",-0.0291162030826883,0.729090211866787,0.971303591660208
1770,"Banteng","BTG",2,"dist_str + ndvi_cv + elev + BB + DE",-0.0400021546648395,0.705124566439094,0.960787370122831
1771,"Banteng","BTG",2,"dist_str + ndvi_cv + elev + BB + DE",-0.0521695575317075,0.688419013486268,0.949167914728834
1772,"Banteng","BTG",2,"dist_str + ndvi_cv + elev + BB + DE",-0.0048617386453334,0.70392072344248,0.995150060723562
1773,"Banteng","BTG",2,"dist_str + ndvi_cv + elev + BB + DE",-0.0172049547099555,0.708469025882282,0.982942205844038
1774,"Banteng","BTG",2,"dist_str + ndvi_cv + elev + BB + DE",0.034825179602654,0.718269918261493,1.03543867956694
1775,"Banteng","BTG",2,"dist_str + ndvi_cv + elev + BB + DE",0.103791074217526,0.695666182088991,1.10936865804503
1776,"Banteng","BTG",2,"dist_str + ndvi_cv + elev + BB + DE",0.156014089339695,0.710696482173931,1.16884267129892
1777,"Banteng","BTG",2,"dist_str + ndvi_cv + elev + BB + DE",0.175196042861692,0.691092814791871,1.1914797827
1778,"Banteng","BTG",2,"dist_str + ndvi_cv + elev + BB + DE",0.239090312562886,0.691747055893691,1.27009323680441
1779,"Banteng","BTG",2,"dist_str + ndvi_cv + elev + BB + DE",0.298636324315533,0.685301307264869,1.34801929292226
1780,"Banteng","BTG",2,"dist_str + ndvi_cv + elev + BB + DE",0.292232651128506,0.69809599458671,1.33941461461836
1781,"Banteng","BTG",2,"dist_str + ndvi_cv + elev + BB + DE",0.338993716731302,0.710382260962282,1.40353452729469
1782,"Banteng","BTG",2,"dist_str + ndvi_cv + elev + BB + DE",0.353569709350075,0.688231144023988,1.4241422603769
1783,"Banteng","BTG",2,"dist_str + ndvi_cv + elev + BB + DE",0.39300143415318,0.690828692530131,1.4814208144336
1784,"Banteng","BTG",2,"dist_str + ndvi_cv + elev + BB + DE",0.441426793671316,0.690390803017428,1.55492419625752
1785,"Banteng","BTG",2,"dist_str + ndvi_cv + elev + BB + DE",0.479191857456547,0.687485912690953,1.61476891144513
1786,"Banteng","BTG",2,"dist_str + ndvi_cv + elev + BB + DE",0.513895387872259,0.692826917768555,1.67179080137587
1787,"Banteng","BTG",2,"dist_str + ndvi_cv + elev + BB + DE",0.522764989956575,0.70561917413562,1.68668493695915
1788,"Banteng","BTG",2,"dist_str + ndvi_cv + elev + BB + DE",0.534757962656679,0.716141799335415,1.7070350261083
1789,"Banteng","BTG",2,"dist_str + ndvi_cv + elev + BB + DE",0.559217643303304,0.730547692862181,1.74930340193672
1790,"Banteng","BTG",2,"dist_str + ndvi_cv + elev + BB + DE",0.597907161888996,0.742616587216391,1.81830939116804
1791,"Banteng","BTG",2,"dist_str + ndvi_cv + elev + BB + DE",0.606222732436204,0.779998040016651,1.83349272826362
1792,"Banteng","BTG",2,"dist_str + ndvi_cv + elev + BB + DE",0.596102249174305,0.800731919532926,1.81503046034388
1793,"Banteng","BTG",2,"dist_str + ndvi_cv + elev + BB + DE",0.579003729981608,0.816903713011062,1.78425996302049
1794,"Banteng","BTG",2,"dist_str + ndvi_cv + elev + BB + DE",0.586824725092827,0.838911575786656,1.79826934252913
1795,"Banteng","BTG",2,"dist_str + ndvi_cv + elev + BB + DE",0.58010130326407,0.880562999512521,1.78621937172018
1796,"Banteng","BTG",2,"dist_str + ndvi_cv + elev + BB + DE",0.559811785484933,0.98962675478945,1.75034303706437
1797,"Banteng","BTG",2,"dist_str + ndvi_cv + elev + BB + DE",0.212802741471663,1.05276658020751,1.23714063280921
1798,"Banteng","BTG",2,"dist_str + ndvi_cv + elev + BB + DE",0.228706993838905,0.935876343163393,1.25697368978007
1799,"Banteng","BTG",2,"dist_str + ndvi_cv + elev + BB + DE",0.214153451809625,0.878028676152239,1.23881273830738
1800,"Banteng","BTG",2,"dist_str + ndvi_cv + elev + BB + DE",0.247586823869794,0.848082774928366,1.28093057345417
1801,"Banteng","BTG",2,"dist_str + ndvi_cv + elev + BB + DE",0.205877148940055,0.803088154040173,1.22860225963382
1802,"Banteng","BTG",2,"dist_str + ndvi_cv + elev + BB + DE",0.201689982049535,0.777128961177331,1.22346865308047
1803,"Banteng","BTG",2,"dist_str + ndvi_cv + elev + BB + DE",0.18074668907062,0.763268881720311,1.19811165400588
1804,"Banteng","BTG",2,"dist_str + ndvi_cv + elev + BB + DE",0.13313196980553,0.766210640166361,1.14240075417882
1805,"Banteng","BTG",2,"dist_str + ndvi_cv + elev + BB + DE",0.117760348836434,0.761267157340067,1.124974569564
1806,"Banteng","BTG",2,"dist_str + ndvi_cv + elev + BB + DE",0.0731834547496812,0.741226157467257,1.07592790321736
1807,"Banteng","BTG",2,"dist_str + ndvi_cv + elev + BB + DE",0.0424319366780137,0.737603613225091,1.04334504055426
1808,"Banteng","BTG",2,"dist_str + ndvi_cv + elev + BB + DE",0.026544467211231,0.722954247831142,1.02689990979051
1809,"Banteng","BTG",2,"dist_str + ndvi_cv + elev + BB + DE",0.00692187176022858,0.700819959321825,1.00694588351342
1810,"Banteng","BTG",2,"dist_str + ndvi_cv + elev + BB + DE",0.0165814272240675,0.704954528556369,1.01671966844738
1811,"Banteng","BTG",2,"dist_str + ndvi_cv + elev + BB + DE",0.0289418528184463,0.715220368876545,1.02936473939728
1812,"Banteng","BTG",2,"dist_str + ndvi_cv + elev + BB + DE",0.0245072983925447,0.717464022639422,1.02481010367785
1813,"Banteng","BTG",2,"dist_str + ndvi_cv + elev + BB + DE",0.100083171639944,0.701833991480135,1.10526285471269
1814,"Banteng","BTG",2,"dist_str + ndvi_cv + elev + BB + DE",0.14089179979955,0.698394017172863,1.15130007034875
1815,"Banteng","BTG",2,"dist_str + ndvi_cv + elev + BB + DE",0.194967192458815,0.692283625202194,1.2152711211258
1816,"Banteng","BTG",2,"dist_str + ndvi_cv + elev + BB + DE",0.240067094799002,0.706893328249108,1.27133444836949
1817,"Banteng","BTG",2,"dist_str + ndvi_cv + elev + BB + DE",0.305147818848747,0.690943511059554,1.3568255528428
1818,"Banteng","BTG",2,"dist_str + ndvi_cv + elev + BB + DE",0.342630663846807,0.715946416100182,1.4086484193522
1819,"Banteng","BTG",2,"dist_str + ndvi_cv + elev + BB + DE",0.38607016019985,0.699723023536791,1.47118788603615
1820,"Banteng","BTG",2,"dist_str + ndvi_cv + elev + BB + DE",0.421134860055657,0.700464674455048,1.52368975020376
1821,"Banteng","BTG",2,"dist_str + ndvi_cv + elev + BB + DE",0.430432952324952,0.716870849647336,1.53792322710772
1822,"Banteng","BTG",2,"dist_str + ndvi_cv + elev + BB + DE",0.446004262486683,0.697877434751559,1.56205812745058
1823,"Banteng","BTG",2,"dist_str + ndvi_cv + elev + BB + DE",0.500212482821232,0.686892892213797,1.64907163775589
1824,"Banteng","BTG",2,"dist_str + ndvi_cv + elev + BB + DE",0.550917272494299,0.679187113606258,1.73484361658083
1825,"Banteng","BTG",2,"dist_str + ndvi_cv + elev + BB + DE",0.549319427938975,0.698395390205819,1.73207381706671
1826,"Banteng","BTG",2,"dist_str + ndvi_cv + elev + BB + DE",0.618444150694286,0.705248882935471,1.85603807989246
1827,"Banteng","BTG",2,"dist_str + ndvi_cv + elev + BB + DE",0.61958222147618,0.716088592489922,1.85815178286256
1828,"Banteng","BTG",2,"dist_str + ndvi_cv + elev + BB + DE",0.619610948670853,0.720734470738901,1.8582049645645
1829,"Banteng","BTG",2,"dist_str + ndvi_cv + elev + BB + DE",0.660274975641975,0.759732957753758,1.93532443292004
1830,"Banteng","BTG",2,"dist_str + ndvi_cv + elev + BB + DE",0.673722976668283,0.776469855601981,1.96152646095066
1831,"Banteng","BTG",2,"dist_str + ndvi_cv + elev + BB + DE",0.655283074210419,0.811023955600108,1.92568756102546
1832,"Banteng","BTG",2,"dist_str + ndvi_cv + elev + BB + DE",0.63675218287311,0.827843256527489,1.89033144946887
1833,"Banteng","BTG",2,"dist_str + ndvi_cv + elev + BB + DE",0.608396860748989,0.854671215626914,1.83748330924851
1834,"Banteng","BTG",2,"dist_str + ndvi_cv + elev + BB + DE",0.593597467255953,0.911491261825324,1.81048989387808
1835,"Banteng","BTG",2,"dist_str + ndvi_cv + elev + BB + DE",0.555423177885915,1.01367656946368,1.74267830348872
1836,"Banteng","BTG",2,"dist_str + ndvi_cv + elev + BB + DE",0.559835979875978,1.14158869219774,1.75038552940313
1837,"Banteng","BTG",2,"dist_str + ndvi_cv + elev + BB + DE",0.246844510696499,1.08425937330085,1.27998007502238
1838,"Banteng","BTG",2,"dist_str + ndvi_cv + elev + BB + DE",0.242862072961364,0.939800384566039,1.27489277871797
1839,"Banteng","BTG",2,"dist_str + ndvi_cv + elev + BB + DE",0.205286033963495,0.87963528018592,1.22787623211432
1840,"Banteng","BTG",2,"dist_str + ndvi_cv + elev + BB + DE",0.254264101595644,0.848109067504836,1.28951234223752
1841,"Banteng","BTG",2,"dist_str + ndvi_cv + elev + BB + DE",0.256360154314183,0.817044426626818,1.29221804502052
1842,"Banteng","BTG",2,"dist_str + ndvi_cv + elev + BB + DE",0.221107894802036,0.776342080562164,1.24745802593802
1843,"Banteng","BTG",2,"dist_str + ndvi_cv + elev + BB + DE",0.213743185463562,0.757546692880142,1.23830460523812
1844,"Banteng","BTG",2,"dist_str + ndvi_cv + elev + BB + DE",0.188481146032031,0.741791359007728,1.20741431822133
1845,"Banteng","BTG",2,"dist_str + ndvi_cv + elev + BB + DE",0.15225642542257,0.753107870097411,1.16445879730374
1846,"Banteng","BTG",2,"dist_str + ndvi_cv + elev + BB + DE",0.134145866890302,0.747793507709124,1.14355961591864
1847,"Banteng","BTG",2,"dist_str + ndvi_cv + elev + BB + DE",0.0919438276454648,0.73993281575463,1.09630323858859
1848,"Banteng","BTG",2,"dist_str + ndvi_cv + elev + BB + DE",0.0452713442573935,0.713640141517946,1.04631173207635
1849,"Banteng","BTG",2,"dist_str + ndvi_cv + elev + BB + DE",0.031240898022943,0.720261581203636,1.03173401670493
1850,"Banteng","BTG",2,"dist_str + ndvi_cv + elev + BB + DE",0.0665962098301552,0.714905622776468,1.06886379499347
1851,"Banteng","BTG",2,"dist_str + ndvi_cv + elev + BB + DE",0.0842746868963529,0.721475321375889,1.0879276924238
1852,"Banteng","BTG",2,"dist_str + ndvi_cv + elev + BB + DE",0.0745620208027832,0.724910150905447,1.07741216865028
1853,"Banteng","BTG",2,"dist_str + ndvi_cv + elev + BB + DE",0.138275941765995,0.69404710955167,1.1482923737874
1854,"Banteng","BTG",2,"dist_str + ndvi_cv + elev + BB + DE",0.178550389974591,0.716849541284952,1.19548312423478
1855,"Banteng","BTG",2,"dist_str + ndvi_cv + elev + BB + DE",0.237723129865854,0.704577062704596,1.26835797382817
1856,"Banteng","BTG",2,"dist_str + ndvi_cv + elev + BB + DE",0.281595294621433,0.705250791546624,1.32524229173818
1857,"Banteng","BTG",2,"dist_str + ndvi_cv + elev + BB + DE",0.348505607588374,0.698038436676338,1.41694850638207
1858,"Banteng","BTG",2,"dist_str + ndvi_cv + elev + BB + DE",0.451553957499114,0.702934650625719,1.57075117226682
1859,"Banteng","BTG",2,"dist_str + ndvi_cv + elev + BB + DE",0.46072603648792,0.714362201700574,1.58522449811833
1860,"Banteng","BTG",2,"dist_str + ndvi_cv + elev + BB + DE",0.503614142232329,0.721753966122521,1.65469076745298
1861,"Banteng","BTG",2,"dist_str + ndvi_cv + elev + BB + DE",0.486396372278695,0.699468957981286,1.6264445481399
1862,"Banteng","BTG",2,"dist_str + ndvi_cv + elev + BB + DE",0.515603902490648,0.702665385780131,1.67464952160157
1863,"Banteng","BTG",2,"dist_str + ndvi_cv + elev + BB + DE",0.560488892478263,0.704295373285859,1.75152861314964
1864,"Banteng","BTG",2,"dist_str + ndvi_cv + elev + BB + DE",0.605184554472072,0.691907268196537,1.83159021916623
1865,"Banteng","BTG",2,"dist_str + ndvi_cv + elev + BB + DE",0.639241005816475,0.70895936670544,1.89504200886591
1866,"Banteng","BTG",2,"dist_str + ndvi_cv + elev + BB + DE",0.661531928248616,0.707548544568423,1.93775857295308
1867,"Banteng","BTG",2,"dist_str + ndvi_cv + elev + BB + DE",0.698671713050662,0.71285894911649,2.01107965699745
1868,"Banteng","BTG",2,"dist_str + ndvi_cv + elev + BB + DE",0.714677261801846,0.719373553791356,2.04352705211483
1869,"Banteng","BTG",2,"dist_str + ndvi_cv + elev + BB + DE",0.721210962166995,0.769829610050392,2.05692256437978
1870,"Banteng","BTG",2,"dist_str + ndvi_cv + elev + BB + DE",0.74832507641735,0.778866627181862,2.11345717128338
1871,"Banteng","BTG",2,"dist_str + ndvi_cv + elev + BB + DE",0.73905958443458,0.787682683223876,2.0939653931707
1872,"Banteng","BTG",2,"dist_str + ndvi_cv + elev + BB + DE",0.704505087001909,0.844907528589082,2.02284532309443
1873,"Banteng","BTG",2,"dist_str + ndvi_cv + elev + BB + DE",0.679892087609927,0.889462846796885,1.97366475013877
1874,"Banteng","BTG",2,"dist_str + ndvi_cv + elev + BB + DE",0.662699906034139,0.956404598585429,1.94002315550225
1875,"Banteng","BTG",2,"dist_str + ndvi_cv + elev + BB + DE",0.571683424760974,1.0696674038144,1.77124630299167
1876,"Banteng","BTG",2,"dist_str + ndvi_cv + elev + BB + DE",0.544952243219094,1.1618617344423,1.72452604005736
1877,"Banteng","BTG",2,"dist_str + ndvi_cv + elev + BB + DE",0.582160998562925,1.38637804673236,1.78990226456364
1878,"Banteng","BTG",2,"dist_str + ndvi_cv + elev + BB + DE",0.303410844638203,1.11516613710094,1.35447082862198
1879,"Banteng","BTG",2,"dist_str + ndvi_cv + elev + BB + DE",0.254303181201816,0.949986719139671,1.28956272391046
1880,"Banteng","BTG",2,"dist_str + ndvi_cv + elev + BB + DE",0.252015676215173,0.882619385171779,1.28661622030759
1881,"Banteng","BTG",2,"dist_str + ndvi_cv + elev + BB + DE",0.247331336402989,0.830678099972192,1.28060336988537
1882,"Banteng","BTG",2,"dist_str + ndvi_cv + elev + BB + DE",0.2311963297309,0.814958534349112,1.26010663144763
1883,"Banteng","BTG",2,"dist_str + ndvi_cv + elev + BB + DE",0.250507323498424,0.771314396433987,1.2846770150026
1884,"Banteng","BTG",2,"dist_str + ndvi_cv + elev + BB + DE",0.231071430154775,0.756926563747675,1.25994924012097
1885,"Banteng","BTG",2,"dist_str + ndvi_cv + elev + BB + DE",0.203275868017539,0.747131604631333,1.22541047692993
1886,"Banteng","BTG",2,"dist_str + ndvi_cv + elev + BB + DE",0.173287208275399,0.746913460585913,1.18920761943233
1887,"Banteng","BTG",2,"dist_str + ndvi_cv + elev + BB + DE",0.172432790536023,0.732315460929002,1.18819196057333
1888,"Banteng","BTG",2,"dist_str + ndvi_cv + elev + BB + DE",0.106731862964928,0.742360755419438,1.11263589051824
1889,"Banteng","BTG",2,"dist_str + ndvi_cv + elev + BB + DE",0.0718578551423013,0.721201897673531,1.07450260749038
1890,"Banteng","BTG",2,"dist_str + ndvi_cv + elev + BB + DE",0.0635634529673466,0.701803882230756,1.06562710647732
1891,"Banteng","BTG",2,"dist_str + ndvi_cv + elev + BB + DE",0.0986002239275421,0.715558102515718,1.10362501072686
1892,"Banteng","BTG",2,"dist_str + ndvi_cv + elev + BB + DE",0.140160626766625,0.721798302869258,1.15045857847176
1893,"Banteng","BTG",2,"dist_str + ndvi_cv + elev + BB + DE",0.166761156070197,0.711369259455264,1.18147204468091
1894,"Banteng","BTG",2,"dist_str + ndvi_cv + elev + BB + DE",0.202839119332147,0.691894643312844,1.22487540083265
1895,"Banteng","BTG",2,"dist_str + ndvi_cv + elev + BB + DE",0.238147774019472,0.708019486183071,1.26889668931043
1896,"Banteng","BTG",2,"dist_str + ndvi_cv + elev + BB + DE",0.288985940797472,0.721914466449359,1.33507295839711
1897,"Banteng","BTG",2,"dist_str + ndvi_cv + elev + BB + DE",0.331129122803683,0.710239241661603,1.39253958939311
1898,"Banteng","BTG",2,"dist_str + ndvi_cv + elev + BB + DE",0.423525755206202,0.706203394287284,1.52733712444366
1899,"Banteng","BTG",2,"dist_str + ndvi_cv + elev + BB + DE",0.495738664097784,0.721372044316119,1.64171046431235
1900,"Banteng","BTG",2,"dist_str + ndvi_cv + elev + BB + DE",0.57331126490094,0.712298034998433,1.77413199297895
1901,"Banteng","BTG",2,"dist_str + ndvi_cv + elev + BB + DE",0.578623195415512,0.702102529752623,1.78358126645513
1902,"Banteng","BTG",2,"dist_str + ndvi_cv + elev + BB + DE",0.599581431214673,0.717266710450757,1.82135631138136
1903,"Banteng","BTG",2,"dist_str + ndvi_cv + elev + BB + DE",0.61054241441975,0.713381410156753,1.8414299734833
1904,"Banteng","BTG",2,"dist_str + ndvi_cv + elev + BB + DE",0.64786530280993,0.693369940569491,1.91145609242733
1905,"Banteng","BTG",2,"dist_str + ndvi_cv + elev + BB + DE",0.694722980830282,0.692827287248077,2.00315409514781
1906,"Banteng","BTG",2,"dist_str + ndvi_cv + elev + BB + DE",0.724663765082147,0.690290164664297,2.06403698251247
1907,"Banteng","BTG",2,"dist_str + ndvi_cv + elev + BB + DE",0.744953878974875,0.699795883312011,2.10634428749235
1908,"Banteng","BTG",2,"dist_str + ndvi_cv + elev + BB + DE",0.783708654176427,0.702041510238045,2.18957761246404
1909,"Banteng","BTG",2,"dist_str + ndvi_cv + elev + BB + DE",0.773322269477309,0.730350627321032,2.16695353109961
1910,"Banteng","BTG",2,"dist_str + ndvi_cv + elev + BB + DE",0.790582334535937,0.752405200499716,2.20467991380573
1911,"Banteng","BTG",2,"dist_str + ndvi_cv + elev + BB + DE",0.787016511947013,0.78098788712696,2.19683241603606
1912,"Banteng","BTG",2,"dist_str + ndvi_cv + elev + BB + DE",0.76696600525535,0.808466672359351,2.15322346558218
1913,"Banteng","BTG",2,"dist_str + ndvi_cv + elev + BB + DE",0.757560133295275,0.816834032714796,2.13306548151013
1914,"Banteng","BTG",2,"dist_str + ndvi_cv + elev + BB + DE",0.72810643402359,0.911486956699188,2.07115504188346
1915,"Banteng","BTG",2,"dist_str + ndvi_cv + elev + BB + DE",0.591981949655444,1.19202530768005,1.80756739415758
1916,"Banteng","BTG",2,"dist_str + ndvi_cv + elev + BB + DE",0.547649689734128,1.25830495296911,1.72918411904586
1917,"Banteng","BTG",2,"dist_str + ndvi_cv + elev + BB + DE",0.299222207860584,0.955905602976157,1.34880930629553
1918,"Banteng","BTG",2,"dist_str + ndvi_cv + elev + BB + DE",0.28392958777506,0.868172761727665,1.32833940130918
1919,"Banteng","BTG",2,"dist_str + ndvi_cv + elev + BB + DE",0.273468630044719,0.828984765388575,1.31451612392574
1920,"Banteng","BTG",2,"dist_str + ndvi_cv + elev + BB + DE",0.26274518623477,0.799295675276522,1.30049535903573
1921,"Banteng","BTG",2,"dist_str + ndvi_cv + elev + BB + DE",0.257220999844208,0.785819870317428,1.29333092503529
1922,"Banteng","BTG",2,"dist_str + ndvi_cv + elev + BB + DE",0.227400986451207,0.77621373263883,1.25533314370931
1923,"Banteng","BTG",2,"dist_str + ndvi_cv + elev + BB + DE",0.218816713127518,0.769464799736816,1.24460313679026
1924,"Banteng","BTG",2,"dist_str + ndvi_cv + elev + BB + DE",0.183244042920576,0.757628920420899,1.20110749932747
1925,"Banteng","BTG",2,"dist_str + ndvi_cv + elev + BB + DE",0.174308743970215,0.735141255393777,1.19042304546349
1926,"Banteng","BTG",2,"dist_str + ndvi_cv + elev + BB + DE",0.131148011974485,0.733990588297894,1.14013652673528
1927,"Banteng","BTG",2,"dist_str + ndvi_cv + elev + BB + DE",0.0711201897506402,0.67162978790478,1.07371026718325
1928,"Banteng","BTG",2,"dist_str + ndvi_cv + elev + BB + DE",0.0168389699636659,0.640122323179467,1.01698154456612
1929,"Banteng","BTG",2,"dist_str + ndvi_cv + elev + BB + DE",0.120844928374517,0.696048958701831,1.12844990934703
1930,"Banteng","BTG",2,"dist_str + ndvi_cv + elev + BB + DE",0.17629681139415,0.715380783920067,1.1927920611665
1931,"Banteng","BTG",2,"dist_str + ndvi_cv + elev + BB + DE",0.197643669033414,0.713406934165802,1.21852811715141
1932,"Banteng","BTG",2,"dist_str + ndvi_cv + elev + BB + DE",0.237574487463302,0.696480659817321,1.26816945607122
1933,"Banteng","BTG",2,"dist_str + ndvi_cv + elev + BB + DE",0.229711601300616,0.668727146114603,1.25823708368318
1934,"Banteng","BTG",2,"dist_str + ndvi_cv + elev + BB + DE",0.328586685989745,0.706008292895759,1.38900364374953
1935,"Banteng","BTG",2,"dist_str + ndvi_cv + elev + BB + DE",0.400203294186337,0.709433906106231,1.49212800818075
1936,"Banteng","BTG",2,"dist_str + ndvi_cv + elev + BB + DE",0.487728765148093,0.731421680191084,1.62861306318926
1937,"Banteng","BTG",2,"dist_str + ndvi_cv + elev + BB + DE",0.575075370758923,0.722981769777761,1.77726448151635
1938,"Banteng","BTG",2,"dist_str + ndvi_cv + elev + BB + DE",0.579611160541072,0.711652524268804,1.78534408707173
1939,"Banteng","BTG",2,"dist_str + ndvi_cv + elev + BB + DE",0.621843323055449,0.712476924003192,1.86235780751953
1940,"Banteng","BTG",2,"dist_str + ndvi_cv + elev + BB + DE",0.681156727864913,0.718522544559448,1.97616229360772
1941,"Banteng","BTG",2,"dist_str + ndvi_cv + elev + BB + DE",0.725583147806434,0.704836710088865,2.06593549452827
1942,"Banteng","BTG",2,"dist_str + ndvi_cv + elev + BB + DE",0.750692025356859,0.685862587788089,2.11846554133651
1943,"Banteng","BTG",2,"dist_str + ndvi_cv + elev + BB + DE",0.783134207772667,0.686670809680372,2.18832021018962
1944,"Banteng","BTG",2,"dist_str + ndvi_cv + elev + BB + DE",0.811631746678921,0.680883747174875,2.25157899864272
1945,"Banteng","BTG",2,"dist_str + ndvi_cv + elev + BB + DE",0.849451742999215,0.688415870211041,2.33836447573912
1946,"Banteng","BTG",2,"dist_str + ndvi_cv + elev + BB + DE",0.856764753897028,0.702087705292289,2.35552764135257
1947,"Banteng","BTG",2,"dist_str + ndvi_cv + elev + BB + DE",0.871307893165454,0.723626488078763,2.39003472049701
1948,"Banteng","BTG",2,"dist_str + ndvi_cv + elev + BB + DE",0.833187848749452,0.750603101543213,2.30064115955341
1949,"Banteng","BTG",2,"dist_str + ndvi_cv + elev + BB + DE",0.812436974212149,0.77881585649567,2.25339276089128
1950,"Banteng","BTG",2,"dist_str + ndvi_cv + elev + BB + DE",0.800092717525522,0.784302995028582,2.22574752099298
1951,"Banteng","BTG",2,"dist_str + ndvi_cv + elev + BB + DE",0.797415504642926,0.833422183201419,2.21979647054005
1952,"Banteng","BTG",2,"dist_str + ndvi_cv + elev + BB + DE",0.76564396217887,0.942407898574872,2.15037888547302
1953,"Banteng","BTG",2,"dist_str + ndvi_cv + elev + BB + DE",0.297192056686087,1.01077262003461,1.34607380236845
1954,"Banteng","BTG",2,"dist_str + ndvi_cv + elev + BB + DE",0.321197495708296,0.883266956445042,1.37877785692285
1955,"Banteng","BTG",2,"dist_str + ndvi_cv + elev + BB + DE",0.281574423275042,0.834163525523823,1.32521461963122
1956,"Banteng","BTG",2,"dist_str + ndvi_cv + elev + BB + DE",0.296646594014967,0.803246151019497,1.34533976507117
1957,"Banteng","BTG",2,"dist_str + ndvi_cv + elev + BB + DE",0.285843507589308,0.802130352714731,1.3308841684222
1958,"Banteng","BTG",2,"dist_str + ndvi_cv + elev + BB + DE",0.249072034912972,0.77397147330944,1.28283446966161
1959,"Banteng","BTG",2,"dist_str + ndvi_cv + elev + BB + DE",0.238537765997711,0.752627408447087,1.26939164865149
1960,"Banteng","BTG",2,"dist_str + ndvi_cv + elev + BB + DE",0.228293427671392,0.748354406910651,1.25645396990179
1961,"Banteng","BTG",2,"dist_str + ndvi_cv + elev + BB + DE",0.208810681903568,0.733053253068814,1.23221170099398
1962,"Banteng","BTG",2,"dist_str + ndvi_cv + elev + BB + DE",0.198430420340777,0.719384590227182,1.21948717298325
1963,"Banteng","BTG",2,"dist_str + ndvi_cv + elev + BB + DE",0.133599396142363,0.691412849471409,1.14293486450253
1964,"Banteng","BTG",2,"dist_str + ndvi_cv + elev + BB + DE",0.0781510091856428,0.663480058204986,1.08128593305393
1965,"Banteng","BTG",2,"dist_str + ndvi_cv + elev + BB + DE",0.150220593702903,0.722198482762196,1.16209056637454
1966,"Banteng","BTG",2,"dist_str + ndvi_cv + elev + BB + DE",0.205265246755202,0.736999952721407,1.22785070592884
1967,"Banteng","BTG",2,"dist_str + ndvi_cv + elev + BB + DE",0.256748566964376,0.718272129105676,1.29272005371151
1968,"Banteng","BTG",2,"dist_str + ndvi_cv + elev + BB + DE",0.271168660046531,0.706220339026728,1.31149624902138
1969,"Banteng","BTG",2,"dist_str + ndvi_cv + elev + BB + DE",0.300952922081377,0.693809099933366,1.35114573102666
1970,"Banteng","BTG",2,"dist_str + ndvi_cv + elev + BB + DE",0.389603937727968,0.702246167142953,1.47639593334674
1971,"Banteng","BTG",2,"dist_str + ndvi_cv + elev + BB + DE",0.480630750508038,0.710480766050411,1.61709406360387
1972,"Banteng","BTG",2,"dist_str + ndvi_cv + elev + BB + DE",0.564232264794523,0.708692562180694,1.75809751425783
1973,"Banteng","BTG",2,"dist_str + ndvi_cv + elev + BB + DE",0.620715920617352,0.717732029629884,1.86025936495252
1974,"Banteng","BTG",2,"dist_str + ndvi_cv + elev + BB + DE",0.673207700935086,0.709088106408913,1.96051599499312
1975,"Banteng","BTG",2,"dist_str + ndvi_cv + elev + BB + DE",0.714433643472782,0.693281920861002,2.04302927299035
1976,"Banteng","BTG",2,"dist_str + ndvi_cv + elev + BB + DE",0.771086864514122,0.685128748388302,2.16211490398483
1977,"Banteng","BTG",2,"dist_str + ndvi_cv + elev + BB + DE",0.819816959679247,0.690151493962282,2.2700842832132
1978,"Banteng","BTG",2,"dist_str + ndvi_cv + elev + BB + DE",0.876329986275426,0.684173093493549,2.40206789037124
1979,"Banteng","BTG",2,"dist_str + ndvi_cv + elev + BB + DE",0.861282133680255,0.684058225443611,2.36619252564363
1980,"Banteng","BTG",2,"dist_str + ndvi_cv + elev + BB + DE",0.891607053132647,0.687479441312376,2.43904633185798
1981,"Banteng","BTG",2,"dist_str + ndvi_cv + elev + BB + DE",0.922770142161813,0.688457728810071,2.5162511206393
1982,"Banteng","BTG",2,"dist_str + ndvi_cv + elev + BB + DE",0.948979189911043,0.698504617707207,2.58307148947387
1983,"Banteng","BTG",2,"dist_str + ndvi_cv + elev + BB + DE",0.933737206454018,0.708494629750348,2.54399888357973
1984,"Banteng","BTG",2,"dist_str + ndvi_cv + elev + BB + DE",0.900654913439569,0.746503187633184,2.4612144675782
1985,"Banteng","BTG",2,"dist_str + ndvi_cv + elev + BB + DE",0.868332311694498,0.763103359389208,2.38293355545709
1986,"Banteng","BTG",2,"dist_str + ndvi_cv + elev + BB + DE",0.846887109119969,0.806577950359214,2.33237511122688
1987,"Banteng","BTG",2,"dist_str + ndvi_cv + elev + BB + DE",0.823049455139406,0.837918834711302,2.27743422716688
1988,"Banteng","BTG",2,"dist_str + ndvi_cv + elev + BB + DE",0.824131739279763,0.930976599138945,2.27990045004428
1989,"Banteng","BTG",2,"dist_str + ndvi_cv + elev + BB + DE",0.300322462453679,0.906707355852015,1.35029415656781
1990,"Banteng","BTG",2,"dist_str + ndvi_cv + elev + BB + DE",0.293341810929349,0.826527202473162,1.34090104982422
1991,"Banteng","BTG",2,"dist_str + ndvi_cv + elev + BB + DE",0.318535441573088,0.800435163730895,1.37511236889607
1992,"Banteng","BTG",2,"dist_str + ndvi_cv + elev + BB + DE",0.296587432884708,0.799893330480973,1.3452601787977
1993,"Banteng","BTG",2,"dist_str + ndvi_cv + elev + BB + DE",0.273798280011417,0.775646105122646,1.31494953897851
1994,"Banteng","BTG",2,"dist_str + ndvi_cv + elev + BB + DE",0.278594096500109,0.760042489301241,1.32127093083632
1995,"Banteng","BTG",2,"dist_str + ndvi_cv + elev + BB + DE",0.271631742616887,0.767320509945776,1.31210372053575
1996,"Banteng","BTG",2,"dist_str + ndvi_cv + elev + BB + DE",0.240955990103459,0.75305495251005,1.27246503740018
1997,"Banteng","BTG",2,"dist_str + ndvi_cv + elev + BB + DE",0.224414375659234,0.72259733835072,1.25158957373177
1998,"Banteng","BTG",2,"dist_str + ndvi_cv + elev + BB + DE",0.155542703055383,0.720163637872927,1.16829182747819
1999,"Banteng","BTG",2,"dist_str + ndvi_cv + elev + BB + DE",0.159647729501727,0.728929198131389,1.17309755264044
2000,"Banteng","BTG",2,"dist_str + ndvi_cv + elev + BB + DE",0.197522505958132,0.714365510836539,1.2183804937367
2001,"Banteng","BTG",2,"dist_str + ndvi_cv + elev + BB + DE",0.233514747238624,0.723732243241033,1.26303145401998
2002,"Banteng","BTG",2,"dist_str + ndvi_cv + elev + BB + DE",0.262895281648514,0.726593904088441,1.30069050566191
2003,"Banteng","BTG",2,"dist_str + ndvi_cv + elev + BB + DE",0.302917726469977,0.706051831281107,1.35380307838945
2004,"Banteng","BTG",2,"dist_str + ndvi_cv + elev + BB + DE",0.3537511224257,0.71322439634949,1.42440064172792
2005,"Banteng","BTG",2,"dist_str + ndvi_cv + elev + BB + DE",0.485426632640452,0.713153915978612,1.62486809780722
2006,"Banteng","BTG",2,"dist_str + ndvi_cv + elev + BB + DE",0.579723959927967,0.700916480814987,1.78554548486782
2007,"Banteng","BTG",2,"dist_str + ndvi_cv + elev + BB + DE",0.647596005701352,0.712311010439143,1.91094141114606
2008,"Banteng","BTG",2,"dist_str + ndvi_cv + elev + BB + DE",0.737845404831374,0.723085836903951,2.09142449715451
2009,"Banteng","BTG",2,"dist_str + ndvi_cv + elev + BB + DE",0.790575868783308,0.712786169318454,2.20466568803223
2010,"Banteng","BTG",2,"dist_str + ndvi_cv + elev + BB + DE",0.876639807441663,0.703632408726402,2.40281223456387
2011,"Banteng","BTG",2,"dist_str + ndvi_cv + elev + BB + DE",0.91678412723641,0.686271704864631,2.50123382791687
2012,"Banteng","BTG",2,"dist_str + ndvi_cv + elev + BB + DE",0.952494258553895,0.679340725294122,2.59216725088691
2013,"Banteng","BTG",2,"dist_str + ndvi_cv + elev + BB + DE",0.956680789729286,0.682835160288062,2.60304207480413
2014,"Banteng","BTG",2,"dist_str + ndvi_cv + elev + BB + DE",0.944667431570536,0.679915125551152,2.57195788454856
2015,"Banteng","BTG",2,"dist_str + ndvi_cv + elev + BB + DE",0.958268925529688,0.672447642976785,2.6071793444165
2016,"Banteng","BTG",2,"dist_str + ndvi_cv + elev + BB + DE",0.963462423524401,0.687886457519338,2.62075494772888
2017,"Banteng","BTG",2,"dist_str + ndvi_cv + elev + BB + DE",0.981269196496058,0.696239252038046,2.66784011494343
2018,"Banteng","BTG",2,"dist_str + ndvi_cv + elev + BB + DE",0.977050284372176,0.689658633490286,2.65660843381411
2019,"Banteng","BTG",2,"dist_str + ndvi_cv + elev + BB + DE",0.973196263084793,0.714587209555146,2.6463895142175
2020,"Banteng","BTG",2,"dist_str + ndvi_cv + elev + BB + DE",0.910018590394117,0.757609817738197,2.48436872260001
2021,"Banteng","BTG",2,"dist_str + ndvi_cv + elev + BB + DE",0.911028105641514,0.804822505551103,2.48687799406558
2022,"Banteng","BTG",2,"dist_str + ndvi_cv + elev + BB + DE",0.857408584426239,0.851821797891585,2.35704469067814
2023,"Banteng","BTG",2,"dist_str + ndvi_cv + elev + BB + DE",0.800197703216201,0.924748202495075,2.22598096858911
2024,"Banteng","BTG",2,"dist_str + ndvi_cv + elev + BB + DE",0.850305147797831,1.06132287250165,2.34036094037534
2025,"Banteng","BTG",2,"dist_str + ndvi_cv + elev + BB + DE",0.330138285381125,0.959578228904482,1.39116049297432
2026,"Banteng","BTG",2,"dist_str + ndvi_cv + elev + BB + DE",0.347040254210196,0.8382261307124,1.4148736808566
2027,"Banteng","BTG",2,"dist_str + ndvi_cv + elev + BB + DE",0.337932929400578,0.814973686370201,1.40204646782555
2028,"Banteng","BTG",2,"dist_str + ndvi_cv + elev + BB + DE",0.329183796297951,0.786003619182465,1.38983327845619
2029,"Banteng","BTG",2,"dist_str + ndvi_cv + elev + BB + DE",0.294108211089183,0.776787976136092,1.34192911165747
2030,"Banteng","BTG",2,"dist_str + ndvi_cv + elev + BB + DE",0.289128611130018,0.776255473041153,1.33526344786435
2031,"Banteng","BTG",2,"dist_str + ndvi_cv + elev + BB + DE",0.263032295772155,0.756711664268237,1.30086873146705
2032,"Banteng","BTG",2,"dist_str + ndvi_cv + elev + BB + DE",0.233282827898178,0.754332145585583,1.26273856958448
2033,"Banteng","BTG",2,"dist_str + ndvi_cv + elev + BB + DE",0.224740390994884,0.738646772694621,1.25199764417872
2034,"Banteng","BTG",2,"dist_str + ndvi_cv + elev + BB + DE",0.206822883114768,0.746043641377866,1.22976478046092
2035,"Banteng","BTG",2,"dist_str + ndvi_cv + elev + BB + DE",0.214830917146181,0.735391188039244,1.23965227636416
2036,"Banteng","BTG",2,"dist_str + ndvi_cv + elev + BB + DE",0.238776313606771,0.721179949382733,1.26969452334074
2037,"Banteng","BTG",2,"dist_str + ndvi_cv + elev + BB + DE",0.278869396273723,0.727773414594125,1.32163472252324
2038,"Banteng","BTG",2,"dist_str + ndvi_cv + elev + BB + DE",0.350327190298418,0.702846989524788,1.41953192969535
2039,"Banteng","BTG",2,"dist_str + ndvi_cv + elev + BB + DE",0.373258984782577,0.714581334634397,1.45246045970692
2040,"Banteng","BTG",2,"dist_str + ndvi_cv + elev + BB + DE",0.43001978299824,0.706930237544883,1.53728793586231
2041,"Banteng","BTG",2,"dist_str + ndvi_cv + elev + BB + DE",0.537175293652008,0.712970232341159,1.71116649505002
2042,"Banteng","BTG",2,"dist_str + ndvi_cv + elev + BB + DE",0.625556173702227,0.725987398769461,1.86928531641033
2043,"Banteng","BTG",2,"dist_str + ndvi_cv + elev + BB + DE",0.749030929662939,0.70879502603249,2.11494950940204
2044,"Banteng","BTG",2,"dist_str + ndvi_cv + elev + BB + DE",0.829002780572352,0.712908536186404,2.29103294775958
2045,"Banteng","BTG",2,"dist_str + ndvi_cv + elev + BB + DE",0.923431383350081,0.696932759711076,2.51791551699516
2046,"Banteng","BTG",2,"dist_str + ndvi_cv + elev + BB + DE",1.03962855914403,0.712108694118901,2.82816632301861
2047,"Banteng","BTG",2,"dist_str + ndvi_cv + elev + BB + DE",1.0539960376816,0.691242930121486,2.86909324674178
2048,"Banteng","BTG",2,"dist_str + ndvi_cv + elev + BB + DE",1.07675568437468,0.700511933393428,2.93514202037428
2049,"Banteng","BTG",2,"dist_str + ndvi_cv + elev + BB + DE",1.0531154676128,0.674955394554219,2.86656792713028
2050,"Banteng","BTG",2,"dist_str + ndvi_cv + elev + BB + DE",1.02757538885509,0.679456384508409,2.79428259890245
2051,"Banteng","BTG",2,"dist_str + ndvi_cv + elev + BB + DE",1.03104711604865,0.684741723268659,2.80400041366726
2052,"Banteng","BTG",2,"dist_str + ndvi_cv + elev + BB + DE",1.03499193890485,0.67728530539278,2.8150835501963
2053,"Banteng","BTG",2,"dist_str + ndvi_cv + elev + BB + DE",1.01663114933614,0.680377707894922,2.76386800562204
2054,"Banteng","BTG",2,"dist_str + ndvi_cv + elev + BB + DE",1.00459918241266,0.691867725392266,2.73081251071186
2055,"Banteng","BTG",2,"dist_str + ndvi_cv + elev + BB + DE",0.976917089658855,0.710817710925594,2.65625461583997
2056,"Banteng","BTG",2,"dist_str + ndvi_cv + elev + BB + DE",0.971736714224077,0.739481700329936,2.64252979586331
2057,"Banteng","BTG",2,"dist_str + ndvi_cv + elev + BB + DE",0.911372088346647,0.805403628083808,2.48773358307056
2058,"Banteng","BTG",2,"dist_str + ndvi_cv + elev + BB + DE",0.905971865970006,0.850739494415187,2.47433547935994
2059,"Banteng","BTG",2,"dist_str + ndvi_cv + elev + BB + DE",0.87061010409131,0.924053049193073,2.38836756317547
2060,"Banteng","BTG",2,"dist_str + ndvi_cv + elev + BB + DE",0.845529682656318,1.08437812540467,2.32921123651378
2061,"Banteng","BTG",2,"dist_str + ndvi_cv + elev + BB + DE",0.452325081108618,0.920161668170291,1.5719628809697
2062,"Banteng","BTG",2,"dist_str + ndvi_cv + elev + BB + DE",0.391926951403782,0.856494071843594,1.47982961009432
2063,"Banteng","BTG",2,"dist_str + ndvi_cv + elev + BB + DE",0.35564546958114,0.836936520475284,1.42710150818217
2064,"Banteng","BTG",2,"dist_str + ndvi_cv + elev + BB + DE",0.337818095590629,0.802526707329334,1.40188550976258
2065,"Banteng","BTG",2,"dist_str + ndvi_cv + elev + BB + DE",0.311230503088166,0.805862140648811,1.36510384560781
2066,"Banteng","BTG",2,"dist_str + ndvi_cv + elev + BB + DE",0.299591497703605,0.776046668612743,1.34930751381357
2067,"Banteng","BTG",2,"dist_str + ndvi_cv + elev + BB + DE",0.273271324700742,0.764712580324483,1.31425678694318
2068,"Banteng","BTG",2,"dist_str + ndvi_cv + elev + BB + DE",0.280319941527192,0.749867980749897,1.32355323355995
2069,"Banteng","BTG",2,"dist_str + ndvi_cv + elev + BB + DE",0.237060101204615,0.751749327320784,1.26751729573871
2070,"Banteng","BTG",2,"dist_str + ndvi_cv + elev + BB + DE",0.22683763455297,0.738997612382905,1.25462614406974
2071,"Banteng","BTG",2,"dist_str + ndvi_cv + elev + BB + DE",0.240866497060107,0.743505104055004,1.2723511621294
2072,"Banteng","BTG",2,"dist_str + ndvi_cv + elev + BB + DE",0.274766338569784,0.738181042520229,1.31622309401042
2073,"Banteng","BTG",2,"dist_str + ndvi_cv + elev + BB + DE",0.311347281542802,0.694518819505923,1.36526327045336
2074,"Banteng","BTG",2,"dist_str + ndvi_cv + elev + BB + DE",0.379452362693787,0.699612081451931,1.46148400777143
2075,"Banteng","BTG",2,"dist_str + ndvi_cv + elev + BB + DE",0.424173892048183,0.717011182546127,1.5283273492127
2076,"Banteng","BTG",2,"dist_str + ndvi_cv + elev + BB + DE",0.47490817661222,0.730682701981665,1.6078665528532
2077,"Banteng","BTG",2,"dist_str + ndvi_cv + elev + BB + DE",0.580763732639011,0.709655331070922,1.78740303871178
2078,"Banteng","BTG",2,"dist_str + ndvi_cv + elev + BB + DE",0.698048554514441,0.705964100843696,2.00982681710436
2079,"Banteng","BTG",2,"dist_str + ndvi_cv + elev + BB + DE",0.827208026468848,0.704737272955897,2.28692478693444
2080,"Banteng","BTG",2,"dist_str + ndvi_cv + elev + BB + DE",0.948550159437268,0.702814856238119,2.58196351536894
2081,"Banteng","BTG",2,"dist_str + ndvi_cv + elev + BB + DE",1.07767030198127,0.699094489335087,2.93782740086454
2082,"Banteng","BTG",2,"dist_str + ndvi_cv + elev + BB + DE",1.19730923364032,0.697326069767893,3.31119527384701
2083,"Banteng","BTG",2,"dist_str + ndvi_cv + elev + BB + DE",1.26332883620804,0.68631213079433,3.53717661876958
2084,"Banteng","BTG",2,"dist_str + ndvi_cv + elev + BB + DE",1.22654586937864,0.681903379144993,3.40943254981797
2085,"Banteng","BTG",2,"dist_str + ndvi_cv + elev + BB + DE",1.2075246379,0.675594221223953,3.34519385567848
2086,"Banteng","BTG",2,"dist_str + ndvi_cv + elev + BB + DE",1.15963038789652,0.67376631110779,3.18875447293831
2087,"Banteng","BTG",2,"dist_str + ndvi_cv + elev + BB + DE",1.11617535688171,0.665661962763019,3.05315465635426
2088,"Banteng","BTG",2,"dist_str + ndvi_cv + elev + BB + DE",1.10828408885383,0.657331904730869,3.02915617292851
2089,"Banteng","BTG",2,"dist_str + ndvi_cv + elev + BB + DE",1.08922673679511,0.677257951036664,2.97197506516952
2090,"Banteng","BTG",2,"dist_str + ndvi_cv + elev + BB + DE",1.04614154208198,0.684195506530854,2.84664623682774
2091,"Banteng","BTG",2,"dist_str + ndvi_cv + elev + BB + DE",1.03889243105586,0.703354195504261,2.82608521316699
2092,"Banteng","BTG",2,"dist_str + ndvi_cv + elev + BB + DE",0.998878648305298,0.733146865695457,2.71523539340635
2093,"Banteng","BTG",2,"dist_str + ndvi_cv + elev + BB + DE",0.983645435668039,0.786527938567268,2.67418707385755
2094,"Banteng","BTG",2,"dist_str + ndvi_cv + elev + BB + DE",0.974087076624083,0.840358514537881,2.64874800302229
2095,"Banteng","BTG",2,"dist_str + ndvi_cv + elev + BB + DE",0.932756719735237,0.922635349604904,2.54150575066861
2096,"Banteng","BTG",2,"dist_str + ndvi_cv + elev + BB + DE",0.493035962448291,1.20179447322266,1.63727940183985
2097,"Banteng","BTG",2,"dist_str + ndvi_cv + elev + BB + DE",0.441399215736526,0.997687840109692,1.55488134947623
2098,"Banteng","BTG",2,"dist_str + ndvi_cv + elev + BB + DE",0.451827718690555,0.910307813198588,1.57118125111286
2099,"Banteng","BTG",2,"dist_str + ndvi_cv + elev + BB + DE",0.424457898370969,0.836583629385635,1.52876145200007
2100,"Banteng","BTG",2,"dist_str + ndvi_cv + elev + BB + DE",0.387909823116375,0.82314100607679,1.47389688542375
2101,"Banteng","BTG",2,"dist_str + ndvi_cv + elev + BB + DE",0.361412406364211,0.814277067948443,1.43535528853082
2102,"Banteng","BTG",2,"dist_str + ndvi_cv + elev + BB + DE",0.383510828428187,0.807305745764785,1.46742746043829
2103,"Banteng","BTG",2,"dist_str + ndvi_cv + elev + BB + DE",0.360720595180919,0.772589567343374,1.43436264222218
2104,"Banteng","BTG",2,"dist_str + ndvi_cv + elev + BB + DE",0.30087624307152,0.762557443305422,1.3510421310434
2105,"Banteng","BTG",2,"dist_str + ndvi_cv + elev + BB + DE",0.277722221707246,0.757739075276627,1.32011949197805
2106,"Banteng","BTG",2,"dist_str + ndvi_cv + elev + BB + DE",0.255041569542848,0.748857996716231,1.29051526937909
2107,"Banteng","BTG",2,"dist_str + ndvi_cv + elev + BB + DE",0.257045575587664,0.759549912444415,1.29310409337964
2108,"Banteng","BTG",2,"dist_str + ndvi_cv + elev + BB + DE",0.245454929637962,0.727142610031332,1.27820267369763
2109,"Banteng","BTG",2,"dist_str + ndvi_cv + elev + BB + DE",0.303214703390253,0.707031343031658,1.35420518641639
2110,"Banteng","BTG",2,"dist_str + ndvi_cv + elev + BB + DE",0.384377006225535,0.71347283443347,1.46869904607966
2111,"Banteng","BTG",2,"dist_str + ndvi_cv + elev + BB + DE",0.417544541677161,0.712410425156254,1.51822904277076
2112,"Banteng","BTG",2,"dist_str + ndvi_cv + elev + BB + DE",0.441088026725318,0.715996236975875,1.55439752520662
2113,"Banteng","BTG",2,"dist_str + ndvi_cv + elev + BB + DE",0.490724207958403,0.708667443621313,1.63349878455215
2114,"Banteng","BTG",2,"dist_str + ndvi_cv + elev + BB + DE",0.579945319463655,0.695996498344855,1.78594077193433
2115,"Banteng","BTG",2,"dist_str + ndvi_cv + elev + BB + DE",0.722688557908804,0.727411188680312,2.0599641062329
2116,"Banteng","BTG",2,"dist_str + ndvi_cv + elev + BB + DE",0.914954790612531,0.712636412218759,2.49666237840356
2117,"Banteng","BTG",2,"dist_str + ndvi_cv + elev + BB + DE",1.0707428469524,0.704698833745721,2.91754598728409
2118,"Banteng","BTG",2,"dist_str + ndvi_cv + elev + BB + DE",1.29839194283268,0.670981805971405,3.66340097836235
2119,"Banteng","BTG",2,"dist_str + ndvi_cv + elev + BB + DE",1.43887110841538,0.665507620704364,4.21593379881068
2120,"Banteng","BTG",2,"dist_str + ndvi_cv + elev + BB + DE",1.48187768917502,0.662684510154232,4.40120201808696
2121,"Banteng","BTG",2,"dist_str + ndvi_cv + elev + BB + DE",1.41087983149479,0.673546954657976,4.0995608366779
2122,"Banteng","BTG",2,"dist_str + ndvi_cv + elev + BB + DE",1.34987335190732,0.668576676926646,3.85693703125371
2123,"Banteng","BTG",2,"dist_str + ndvi_cv + elev + BB + DE",1.28541709711849,0.658368522124154,3.61617594617631
2124,"Banteng","BTG",2,"dist_str + ndvi_cv + elev + BB + DE",1.21984121896626,0.660217840074265,3.38664995690325
2125,"Banteng","BTG",2,"dist_str + ndvi_cv + elev + BB + DE",1.1708247731101,0.625027937710266,3.22465118944256
2126,"Banteng","BTG",2,"dist_str + ndvi_cv + elev + BB + DE",1.10069633155864,0.653906242866992,3.00625864936725
2127,"Banteng","BTG",2,"dist_str + ndvi_cv + elev + BB + DE",1.10299660558451,0.668580591029307,3.01318182762893
2128,"Banteng","BTG",2,"dist_str + ndvi_cv + elev + BB + DE",1.05249426189627,0.689615623561024,2.86478774534551
2129,"Banteng","BTG",2,"dist_str + ndvi_cv + elev + BB + DE",1.06526822888863,0.735888746336321,2.90161718598584
2130,"Banteng","BTG",2,"dist_str + ndvi_cv + elev + BB + DE",1.0321646706315,0.769668471566803,2.80713579098485
2131,"Banteng","BTG",2,"dist_str + ndvi_cv + elev + BB + DE",1.04751356557295,0.848210174219497,2.85055458296159
2132,"Banteng","BTG",2,"dist_str + ndvi_cv + elev + BB + DE",0.988123294698388,1.00964243319731,2.6861885807543
2133,"Banteng","BTG",2,"dist_str + ndvi_cv + elev + BB + DE",0.455203478070388,1.05099782839694,1.57649413334752
2134,"Banteng","BTG",2,"dist_str + ndvi_cv + elev + BB + DE",0.477050622103926,0.935589475899392,1.61131501170134
2135,"Banteng","BTG",2,"dist_str + ndvi_cv + elev + BB + DE",0.457885050530037,0.880415250696636,1.58072729023004
2136,"Banteng","BTG",2,"dist_str + ndvi_cv + elev + BB + DE",0.467398858216425,0.851759994614361,1.59583778954875
2137,"Banteng","BTG",2,"dist_str + ndvi_cv + elev + BB + DE",0.444815683870134,0.816378343191096,1.56020259885963
2138,"Banteng","BTG",2,"dist_str + ndvi_cv + elev + BB + DE",0.406930172128752,0.788278799209554,1.50219920676077
2139,"Banteng","BTG",2,"dist_str + ndvi_cv + elev + BB + DE",0.402041347512338,0.786239712846815,1.49487314296793
2140,"Banteng","BTG",2,"dist_str + ndvi_cv + elev + BB + DE",0.39309052836659,0.776759442703586,1.48155250753591
2141,"Banteng","BTG",2,"dist_str + ndvi_cv + elev + BB + DE",0.345934992951378,0.751320820946689,1.41331073787514
2142,"Banteng","BTG",2,"dist_str + ndvi_cv + elev + BB + DE",0.320849321815772,0.76139389333623,1.37829788680564
2143,"Banteng","BTG",2,"dist_str + ndvi_cv + elev + BB + DE",0.283314362807655,0.754645908538378,1.3275224248605
2144,"Banteng","BTG",2,"dist_str + ndvi_cv + elev + BB + DE",0.252345436770881,0.725199934386007,1.28704055217999
2145,"Banteng","BTG",2,"dist_str + ndvi_cv + elev + BB + DE",0.270841892232458,0.712608349118999,1.31106776399938
2146,"Banteng","BTG",2,"dist_str + ndvi_cv + elev + BB + DE",0.342550803599869,0.709388583352075,1.408535925797
2147,"Banteng","BTG",2,"dist_str + ndvi_cv + elev + BB + DE",0.396858440134797,0.709057532294123,1.48714539525739
2148,"Banteng","BTG",2,"dist_str + ndvi_cv + elev + BB + DE",0.453117768668576,0.714949537375867,1.57320945063343
2149,"Banteng","BTG",2,"dist_str + ndvi_cv + elev + BB + DE",0.459377516311412,0.702776015941138,1.58308823284767
2150,"Banteng","BTG",2,"dist_str + ndvi_cv + elev + BB + DE",0.467665448131241,0.684331567096217,1.59626328869693
2151,"Banteng","BTG",2,"dist_str + ndvi_cv + elev + BB + DE",0.621607825984581,0.695957783546144,1.86191928080337
2152,"Banteng","BTG",2,"dist_str + ndvi_cv + elev + BB + DE",0.796729459247844,0.708160349515215,2.21827410409163
2153,"Banteng","BTG",2,"dist_str + ndvi_cv + elev + BB + DE",0.986874453159195,0.710165086803887,2.68283603258224
2154,"Banteng","BTG",2,"dist_str + ndvi_cv + elev + BB + DE",1.19609181096591,0.700749845005599,3.30716660242998
2155,"Banteng","BTG",2,"dist_str + ndvi_cv + elev + BB + DE",1.47738549844284,0.655297374185647,4.38147543840045
2156,"Banteng","BTG",2,"dist_str + ndvi_cv + elev + BB + DE",1.975608247449,0.62212563280099,7.21100439835676
2157,"Banteng","BTG",2,"dist_str + ndvi_cv + elev + BB + DE",1.8458590970311,0.626888848423148,6.33353858333701
2158,"Banteng","BTG",2,"dist_str + ndvi_cv + elev + BB + DE",1.57354935265034,0.633206648963927,4.82373901672174
2159,"Banteng","BTG",2,"dist_str + ndvi_cv + elev + BB + DE",1.44692385592892,0.657526144484325,4.25002074923273
2160,"Banteng","BTG",2,"dist_str + ndvi_cv + elev + BB + DE",1.36251687536048,0.662178709637874,3.90601188677722
2161,"Banteng","BTG",2,"dist_str + ndvi_cv + elev + BB + DE",1.27128747896266,0.621891249136532,3.56544005188385
2162,"Banteng","BTG",2,"dist_str + ndvi_cv + elev + BB + DE",1.19265873204538,0.527916600580894,3.29583232243231
2163,"Banteng","BTG",2,"dist_str + ndvi_cv + elev + BB + DE",1.18234985744952,0.62150716209379,3.26203051703433
2164,"Banteng","BTG",2,"dist_str + ndvi_cv + elev + BB + DE",1.17493672354482,0.674834614368916,3.23793805370103
2165,"Banteng","BTG",2,"dist_str + ndvi_cv + elev + BB + DE",1.13160993593482,0.692962324557833,3.1006443425229
2166,"Banteng","BTG",2,"dist_str + ndvi_cv + elev + BB + DE",1.15685829246615,0.709978185391497,3.17992716604913
2167,"Banteng","BTG",2,"dist_str + ndvi_cv + elev + BB + DE",1.09575959579682,0.752628557001048,2.99145411658186
2168,"Banteng","BTG",2,"dist_str + ndvi_cv + elev + BB + DE",1.04726431844983,0.854905082662496,2.84984419493057
2169,"Banteng","BTG",2,"dist_str + ndvi_cv + elev + BB + DE",0.481075582731728,0.986808044462502,1.61781357390408
2170,"Banteng","BTG",2,"dist_str + ndvi_cv + elev + BB + DE",0.464405143241301,0.902302418345415,1.59106752436559
2171,"Banteng","BTG",2,"dist_str + ndvi_cv + elev + BB + DE",0.478310585956528,0.861062428967094,1.61334649293463
2172,"Banteng","BTG",2,"dist_str + ndvi_cv + elev + BB + DE",0.497228419246717,0.83890675564469,1.64415803331871
2173,"Banteng","BTG",2,"dist_str + ndvi_cv + elev + BB + DE",0.467840533165483,0.817388879255823,1.5965427867822
2174,"Banteng","BTG",2,"dist_str + ndvi_cv + elev + BB + DE",0.455634611132057,0.792714634775577,1.57717395776086
2175,"Banteng","BTG",2,"dist_str + ndvi_cv + elev + BB + DE",0.423910274049841,0.772774113616108,1.52792450269078
2176,"Banteng","BTG",2,"dist_str + ndvi_cv + elev + BB + DE",0.419759640426673,0.772701662739898,1.5215958130158
2177,"Banteng","BTG",2,"dist_str + ndvi_cv + elev + BB + DE",0.377654384903582,0.780062076927931,1.45885865225739
2178,"Banteng","BTG",2,"dist_str + ndvi_cv + elev + BB + DE",0.359259386337688,0.756420674765319,1.43226826518204
2179,"Banteng","BTG",2,"dist_str + ndvi_cv + elev + BB + DE",0.33226106954232,0.752038952304876,1.39411677576791
2180,"Banteng","BTG",2,"dist_str + ndvi_cv + elev + BB + DE",0.2897466332841,0.720231157693018,1.33608892752575
2181,"Banteng","BTG",2,"dist_str + ndvi_cv + elev + BB + DE",0.321632209042655,0.721059967946844,1.3793773601469
2182,"Banteng","BTG",2,"dist_str + ndvi_cv + elev + BB + DE",0.363780539951615,0.704580111781994,1.43875843444049
2183,"Banteng","BTG",2,"dist_str + ndvi_cv + elev + BB + DE",0.415644275314137,0.712860511566345,1.51534672701847
2184,"Banteng","BTG",2,"dist_str + ndvi_cv + elev + BB + DE",0.483745031862343,0.731609091366143,1.62213799947542
2185,"Banteng","BTG",2,"dist_str + ndvi_cv + elev + BB + DE",0.512708029684398,0.706013050771506,1.66980696802831
2186,"Banteng","BTG",2,"dist_str + ndvi_cv + elev + BB + DE",0.544293104078106,0.684244844406446,1.7233896951029
2187,"Banteng","BTG",2,"dist_str + ndvi_cv + elev + BB + DE",0.701367070836812,0.695101343730019,2.01650753771944
2188,"Banteng","BTG",2,"dist_str + ndvi_cv + elev + BB + DE",0.830138958813121,0.712157589816219,2.2936374404675
2189,"Banteng","BTG",2,"dist_str + ndvi_cv + elev + BB + DE",1.000475980813,0.695549594218532,2.71957598650779
2190,"Banteng","BTG",2,"dist_str + ndvi_cv + elev + BB + DE",1.21045748108538,0.675986733778324,3.35501916321883
2191,"Banteng","BTG",2,"dist_str + ndvi_cv + elev + BB + DE",1.53863561727064,0.649745495224925,4.65823037934773
2192,"Banteng","BTG",2,"dist_str + ndvi_cv + elev + BB + DE",2.12251802864498,0.568881886468916,8.35214197142856
2193,"Banteng","BTG",2,"dist_str + ndvi_cv + elev + BB + DE",1.96701579607413,0.627904156116196,7.14930962633159
2194,"Banteng","BTG",2,"dist_str + ndvi_cv + elev + BB + DE",1.66476125213979,0.634112899759307,5.28441145837305
2195,"Banteng","BTG",2,"dist_str + ndvi_cv + elev + BB + DE",1.53770293349082,0.648460367545671,4.65388770390225
2196,"Banteng","BTG",2,"dist_str + ndvi_cv + elev + BB + DE",1.4353027065434,0.658907871918449,4.20091650568837
2197,"Banteng","BTG",2,"dist_str + ndvi_cv + elev + BB + DE",1.3425411654183,0.635063115891104,3.8287606686314
2198,"Banteng","BTG",2,"dist_str + ndvi_cv + elev + BB + DE",1.25328423186754,0.498161301422539,3.50182489760314
2199,"Banteng","BTG",2,"dist_str + ndvi_cv + elev + BB + DE",1.27827026068777,0.624355579178699,3.59042385429897
2200,"Banteng","BTG",2,"dist_str + ndvi_cv + elev + BB + DE",1.26097743680902,0.673853581911524,3.52886906411821
2201,"Banteng","BTG",2,"dist_str + ndvi_cv + elev + BB + DE",1.23699900676388,0.674517421402444,3.44525877425036
2202,"Banteng","BTG",2,"dist_str + ndvi_cv + elev + BB + DE",1.1975561574969,0.711729598955284,3.31201301420805
2203,"Banteng","BTG",2,"dist_str + ndvi_cv + elev + BB + DE",1.17816965285547,0.754957063781137,3.24842304556289
2204,"Banteng","BTG",2,"dist_str + ndvi_cv + elev + BB + DE",1.15162472254782,0.895346403878942,3.16332829107995
2205,"Banteng","BTG",2,"dist_str + ndvi_cv + elev + BB + DE",0.531784996932894,0.974063193489688,1.70196773224608
2206,"Banteng","BTG",2,"dist_str + ndvi_cv + elev + BB + DE",0.49883707689398,0.891867478330087,1.64680504937864
2207,"Banteng","BTG",2,"dist_str + ndvi_cv + elev + BB + DE",0.482806844481587,0.867453447579955,1.6206168821462
2208,"Banteng","BTG",2,"dist_str + ndvi_cv + elev + BB + DE",0.46274287455748,0.820468008820599,1.58842486624978
2209,"Banteng","BTG",2,"dist_str + ndvi_cv + elev + BB + DE",0.48474954246444,0.807705381770456,1.62376827452917
2210,"Banteng","BTG",2,"dist_str + ndvi_cv + elev + BB + DE",0.455650090090402,0.793322721711853,1.57719837340864
2211,"Banteng","BTG",2,"dist_str + ndvi_cv + elev + BB + DE",0.432101971584259,0.790670506657384,1.54049219529253
2212,"Banteng","BTG",2,"dist_str + ndvi_cv + elev + BB + DE",0.442327376673895,0.781290498622282,1.55632535643368
2213,"Banteng","BTG",2,"dist_str + ndvi_cv + elev + BB + DE",0.418325690265845,0.775545655503884,1.51941547006118
2214,"Banteng","BTG",2,"dist_str + ndvi_cv + elev + BB + DE",0.396658889220224,0.776621708225069,1.486848663436
2215,"Banteng","BTG",2,"dist_str + ndvi_cv + elev + BB + DE",0.361339649558326,0.751027650292837,1.43525086042682
2216,"Banteng","BTG",2,"dist_str + ndvi_cv + elev + BB + DE",0.333266667746391,0.740796500399776,1.39551939116617
2217,"Banteng","BTG",2,"dist_str + ndvi_cv + elev + BB + DE",0.347101961833767,0.731554580631363,1.41496099203799
2218,"Banteng","BTG",2,"dist_str + ndvi_cv + elev + BB + DE",0.360248461773976,0.715676825922286,1.4336855864058
2219,"Banteng","BTG",2,"dist_str + ndvi_cv + elev + BB + DE",0.432357362149511,0.724879839549363,1.5408856710403
2220,"Banteng","BTG",2,"dist_str + ndvi_cv + elev + BB + DE",0.497689756335701,0.725368641736947,1.64491674218519
2221,"Banteng","BTG",2,"dist_str + ndvi_cv + elev + BB + DE",0.576087229437077,0.696230775552002,1.77906372667043
2222,"Banteng","BTG",2,"dist_str + ndvi_cv + elev + BB + DE",0.631645541987129,0.699159946733952,1.88070281934158
2223,"Banteng","BTG",2,"dist_str + ndvi_cv + elev + BB + DE",0.730475711402721,0.722369225492507,2.07606798241414
2224,"Banteng","BTG",2,"dist_str + ndvi_cv + elev + BB + DE",0.86321031135319,0.701819551593691,2.37075937516069
2225,"Banteng","BTG",2,"dist_str + ndvi_cv + elev + BB + DE",1.0083580641196,0.683914774418796,2.74109662483965
2226,"Banteng","BTG",2,"dist_str + ndvi_cv + elev + BB + DE",1.21992355957217,0.672472833416677,3.38692882552526
2227,"Banteng","BTG",2,"dist_str + ndvi_cv + elev + BB + DE",1.482933652289,0.644892537776612,4.4058519831
2228,"Banteng","BTG",2,"dist_str + ndvi_cv + elev + BB + DE",1.66613907856515,0.637781018274311,5.29169753257063
2229,"Banteng","BTG",2,"dist_str + ndvi_cv + elev + BB + DE",1.72317254143409,0.64371006610281,5.60227374615628
2230,"Banteng","BTG",2,"dist_str + ndvi_cv + elev + BB + DE",1.62784532272741,0.652574747937037,5.09288935794564
2231,"Banteng","BTG",2,"dist_str + ndvi_cv + elev + BB + DE",1.54514850451209,0.681720233291949,4.68866787674194
2232,"Banteng","BTG",2,"dist_str + ndvi_cv + elev + BB + DE",1.50103954743208,0.67031473668525,4.48635043474254
2233,"Banteng","BTG",2,"dist_str + ndvi_cv + elev + BB + DE",1.42599142470673,0.656955536203548,4.16198209407485
2234,"Banteng","BTG",2,"dist_str + ndvi_cv + elev + BB + DE",1.42527426357608,0.646716350477129,4.15899835203502
2235,"Banteng","BTG",2,"dist_str + ndvi_cv + elev + BB + DE",1.39032639388075,0.658832575141862,4.01616069019621
2236,"Banteng","BTG",2,"dist_str + ndvi_cv + elev + BB + DE",1.3330849639199,0.683790577610904,3.79272580205834
2237,"Banteng","BTG",2,"dist_str + ndvi_cv + elev + BB + DE",1.32530518259284,0.697731962437556,3.7633336850476
2238,"Banteng","BTG",2,"dist_str + ndvi_cv + elev + BB + DE",1.28885236562875,0.723366869639901,3.62861984248923
2239,"Banteng","BTG",2,"dist_str + ndvi_cv + elev + BB + DE",1.26120955841238,0.767926453585578,3.52968828150077
2240,"Banteng","BTG",2,"dist_str + ndvi_cv + elev + BB + DE",1.23938046318193,0.897744239483012,3.45347326037103
2241,"Banteng","BTG",2,"dist_str + ndvi_cv + elev + BB + DE",0.47792270117878,1.12536467723203,1.61272081730357
2242,"Banteng","BTG",2,"dist_str + ndvi_cv + elev + BB + DE",0.48804515345364,0.976901728439131,1.62912840936019
2243,"Banteng","BTG",2,"dist_str + ndvi_cv + elev + BB + DE",0.4690036010905,0.897142513720832,1.59840076920705
2244,"Banteng","BTG",2,"dist_str + ndvi_cv + elev + BB + DE",0.487486106791746,0.85104655819377,1.62821790495997
2245,"Banteng","BTG",2,"dist_str + ndvi_cv + elev + BB + DE",0.474793334171765,0.82785809308134,1.60768191484359
2246,"Banteng","BTG",2,"dist_str + ndvi_cv + elev + BB + DE",0.465204270271545,0.808349376594681,1.59233944715017
2247,"Banteng","BTG",2,"dist_str + ndvi_cv + elev + BB + DE",0.447390065737508,0.803668981181847,1.56422433162696
2248,"Banteng","BTG",2,"dist_str + ndvi_cv + elev + BB + DE",0.440306480824798,0.804585869464761,1.55318316966817
2249,"Banteng","BTG",2,"dist_str + ndvi_cv + elev + BB + DE",0.439887054017441,0.788956509688038,1.55253191341122
2250,"Banteng","BTG",2,"dist_str + ndvi_cv + elev + BB + DE",0.441589728417987,0.774035480975225,1.55517758060906
2251,"Banteng","BTG",2,"dist_str + ndvi_cv + elev + BB + DE",0.405161301747926,0.766502535211135,1.49954436245868
2252,"Banteng","BTG",2,"dist_str + ndvi_cv + elev + BB + DE",0.3700114904441,0.738287619253501,1.44775128219417
2253,"Banteng","BTG",2,"dist_str + ndvi_cv + elev + BB + DE",0.334429995076918,0.735553880760386,1.39714377937712
2254,"Banteng","BTG",2,"dist_str + ndvi_cv + elev + BB + DE",0.385149066120853,0.734018794569335,1.46983340818122
2255,"Banteng","BTG",2,"dist_str + ndvi_cv + elev + BB + DE",0.407096705135687,0.720879596978495,1.50244939323744
2256,"Banteng","BTG",2,"dist_str + ndvi_cv + elev + BB + DE",0.453340962042917,0.724956207108782,1.57356061950237
2257,"Banteng","BTG",2,"dist_str + ndvi_cv + elev + BB + DE",0.534700438965792,0.712471680074709,1.70693683393222
2258,"Banteng","BTG",2,"dist_str + ndvi_cv + elev + BB + DE",0.615345066354525,0.7140993096359,1.85029497152597
2259,"Banteng","BTG",2,"dist_str + ndvi_cv + elev + BB + DE",0.657025905010294,0.719926100494958,1.92904662699312
2260,"Banteng","BTG",2,"dist_str + ndvi_cv + elev + BB + DE",0.761524999874988,0.721101810132274,2.14153957932482
2261,"Banteng","BTG",2,"dist_str + ndvi_cv + elev + BB + DE",0.898747920455846,0.710817826646376,2.45652541958251
2262,"Banteng","BTG",2,"dist_str + ndvi_cv + elev + BB + DE",0.99652290784834,0.700340786177138,2.70884652570002
2263,"Banteng","BTG",2,"dist_str + ndvi_cv + elev + BB + DE",1.17861691492774,0.712601121103017,3.24987625342228
2264,"Banteng","BTG",2,"dist_str + ndvi_cv + elev + BB + DE",1.36563325825928,0.673367560716576,3.91820355027964
2265,"Banteng","BTG",2,"dist_str + ndvi_cv + elev + BB + DE",1.49884432197409,0.670264920401048,4.4765126991302
2266,"Banteng","BTG",2,"dist_str + ndvi_cv + elev + BB + DE",1.60116257047277,0.677450662683705,4.95879402694273
2267,"Banteng","BTG",2,"dist_str + ndvi_cv + elev + BB + DE",1.6028613375442,0.694335007522167,4.96722502881412
2268,"Banteng","BTG",2,"dist_str + ndvi_cv + elev + BB + DE",1.56620542797035,0.683629043828254,4.78844361066291
2269,"Banteng","BTG",2,"dist_str + ndvi_cv + elev + BB + DE",1.54316783254421,0.691834609138081,4.67939034164129
2270,"Banteng","BTG",2,"dist_str + ndvi_cv + elev + BB + DE",1.52159749357525,0.682975370860828,4.57953513278231
2271,"Banteng","BTG",2,"dist_str + ndvi_cv + elev + BB + DE",1.52793000209669,0.682879737098056,4.60862710967141
2272,"Banteng","BTG",2,"dist_str + ndvi_cv + elev + BB + DE",1.50016865816962,0.668921552472717,4.48244510989516
2273,"Banteng","BTG",2,"dist_str + ndvi_cv + elev + BB + DE",1.417692150258,0.682050934071167,4.12758359841181
2274,"Banteng","BTG",2,"dist_str + ndvi_cv + elev + BB + DE",1.36973015815893,0.718965764100258,3.93428892024351
2275,"Banteng","BTG",2,"dist_str + ndvi_cv + elev + BB + DE",1.33791708784731,0.727076448113721,3.81109707421928
2276,"Banteng","BTG",2,"dist_str + ndvi_cv + elev + BB + DE",1.31155945861478,0.78694077151255,3.71195786085811
2277,"Banteng","BTG",2,"dist_str + ndvi_cv + elev + BB + DE",1.29577366276022,0.962535815884816,3.65382207219597
2278,"Banteng","BTG",2,"dist_str + ndvi_cv + elev + BB + DE",0.476187437181456,1.12699205565162,1.60992474869523
2279,"Banteng","BTG",2,"dist_str + ndvi_cv + elev + BB + DE",0.487086579379908,0.968612218616348,1.62756757873465
2280,"Banteng","BTG",2,"dist_str + ndvi_cv + elev + BB + DE",0.495910741988952,0.922273407440476,1.64199303351934
2281,"Banteng","BTG",2,"dist_str + ndvi_cv + elev + BB + DE",0.52347957728101,0.836977967389014,1.68789058927954
2282,"Banteng","BTG",2,"dist_str + ndvi_cv + elev + BB + DE",0.477980954684648,0.834098605082873,1.61281476849485
2283,"Banteng","BTG",2,"dist_str + ndvi_cv + elev + BB + DE",0.495760057341337,0.812527769450856,1.64174558684794
2284,"Banteng","BTG",2,"dist_str + ndvi_cv + elev + BB + DE",0.44307379109391,0.796494782662828,1.55748726075614
2285,"Banteng","BTG",2,"dist_str + ndvi_cv + elev + BB + DE",0.44278522233196,0.795318652998396,1.55703788149049
2286,"Banteng","BTG",2,"dist_str + ndvi_cv + elev + BB + DE",0.470467901661803,0.779728867481983,1.60074303283315
2287,"Banteng","BTG",2,"dist_str + ndvi_cv + elev + BB + DE",0.45276512047307,0.770578262279115,1.57265477027091
2288,"Banteng","BTG",2,"dist_str + ndvi_cv + elev + BB + DE",0.412198495004797,0.753818942279039,1.51013416066896
2289,"Banteng","BTG",2,"dist_str + ndvi_cv + elev + BB + DE",0.413742624399934,0.734314547288986,1.51246780555196
2290,"Banteng","BTG",2,"dist_str + ndvi_cv + elev + BB + DE",0.386010254968623,0.738908137118756,1.47109976368835
2291,"Banteng","BTG",2,"dist_str + ndvi_cv + elev + BB + DE",0.407072818110688,0.712274796993723,1.50241351359488
2292,"Banteng","BTG",2,"dist_str + ndvi_cv + elev + BB + DE",0.434342980353815,0.7339475056085,1.54394832488271
2293,"Banteng","BTG",2,"dist_str + ndvi_cv + elev + BB + DE",0.469120553477985,0.727027867164808,1.59858772799741
2294,"Banteng","BTG",2,"dist_str + ndvi_cv + elev + BB + DE",0.509151329748114,0.713845480150887,1.66387851139541
2295,"Banteng","BTG",2,"dist_str + ndvi_cv + elev + BB + DE",0.58318488239652,0.71075434776034,1.79173602558643
2296,"Banteng","BTG",2,"dist_str + ndvi_cv + elev + BB + DE",0.649010471536147,0.71693437641681,1.91364628750152
2297,"Banteng","BTG",2,"dist_str + ndvi_cv + elev + BB + DE",0.761521179258955,0.735183951232221,2.14153141521521
2298,"Banteng","BTG",2,"dist_str + ndvi_cv + elev + BB + DE",0.841838580482239,0.727195187748079,2.32062972291997
2299,"Banteng","BTG",2,"dist_str + ndvi_cv + elev + BB + DE",0.971030310943201,0.733019739314803,2.64066376326527
2300,"Banteng","BTG",2,"dist_str + ndvi_cv + elev + BB + DE",1.12750847432083,0.725894149107541,3.0879532349692
2301,"Banteng","BTG",2,"dist_str + ndvi_cv + elev + BB + DE",1.33437184639511,0.713032389233635,3.79760973253783
2302,"Banteng","BTG",2,"dist_str + ndvi_cv + elev + BB + DE",1.42849480115733,0.679264994383739,4.17241415584445
2303,"Banteng","BTG",2,"dist_str + ndvi_cv + elev + BB + DE",1.51389818450677,0.688089610180486,4.54441126745699
2304,"Banteng","BTG",2,"dist_str + ndvi_cv + elev + BB + DE",1.59308494386056,0.693790757418245,4.9189000829932
2305,"Banteng","BTG",2,"dist_str + ndvi_cv + elev + BB + DE",1.58799804520868,0.710234467317427,4.8939416656255
2306,"Banteng","BTG",2,"dist_str + ndvi_cv + elev + BB + DE",1.62749489816508,0.701428256542762,5.09110500222229
2307,"Banteng","BTG",2,"dist_str + ndvi_cv + elev + BB + DE",1.64995553247929,0.674024736589765,5.20674831114778
2308,"Banteng","BTG",2,"dist_str + ndvi_cv + elev + BB + DE",1.63742290817331,0.657238903226424,5.141901271101
2309,"Banteng","BTG",2,"dist_str + ndvi_cv + elev + BB + DE",1.60656658486021,0.683270538902598,4.98566396234198
2310,"Banteng","BTG",2,"dist_str + ndvi_cv + elev + BB + DE",1.54279315033419,0.695343457887461,4.6776373904968
2311,"Banteng","BTG",2,"dist_str + ndvi_cv + elev + BB + DE",1.43332040251434,0.719515088400901,4.19259722021092
2312,"Banteng","BTG",2,"dist_str + ndvi_cv + elev + BB + DE",1.38246830399347,0.745992768328176,3.98472518168735
2313,"Banteng","BTG",2,"dist_str + ndvi_cv + elev + BB + DE",1.34063976744446,0.818089303719637,3.82148769720709
2314,"Banteng","BTG",2,"dist_str + ndvi_cv + elev + BB + DE",0.521686829803856,1.0015885821326,1.68486736187835
2315,"Banteng","BTG",2,"dist_str + ndvi_cv + elev + BB + DE",0.52148201136535,0.912909465603267,1.6845222837669
2316,"Banteng","BTG",2,"dist_str + ndvi_cv + elev + BB + DE",0.503099204158334,0.858052329319255,1.65383893325057
2317,"Banteng","BTG",2,"dist_str + ndvi_cv + elev + BB + DE",0.520776307546445,0.806985276765555,1.68333392744277
2318,"Banteng","BTG",2,"dist_str + ndvi_cv + elev + BB + DE",0.501529395661687,0.810480548288921,1.65124485880347
2319,"Banteng","BTG",2,"dist_str + ndvi_cv + elev + BB + DE",0.473887588148097,0.76832086012591,1.60622641803471
2320,"Banteng","BTG",2,"dist_str + ndvi_cv + elev + BB + DE",0.497908113895575,0.776092688475975,1.64527593879514
2321,"Banteng","BTG",2,"dist_str + ndvi_cv + elev + BB + DE",0.478529834560791,0.76308329386082,1.61370025229941
2322,"Banteng","BTG",2,"dist_str + ndvi_cv + elev + BB + DE",0.44905968683295,0.759611816717335,1.56683817536638
2323,"Banteng","BTG",2,"dist_str + ndvi_cv + elev + BB + DE",0.438374992537772,0.74691519629504,1.5501861067237
2324,"Banteng","BTG",2,"dist_str + ndvi_cv + elev + BB + DE",0.396447896132528,0.735500374337161,1.48653498202406
2325,"Banteng","BTG",2,"dist_str + ndvi_cv + elev + BB + DE",0.41057328973243,0.737433548937579,1.5076818759787
2326,"Banteng","BTG",2,"dist_str + ndvi_cv + elev + BB + DE",0.391388328315197,0.735288331799474,1.4790327522079
2327,"Banteng","BTG",2,"dist_str + ndvi_cv + elev + BB + DE",0.418563017571374,0.73110837804939,1.51977609439694
2328,"Banteng","BTG",2,"dist_str + ndvi_cv + elev + BB + DE",0.471134110106871,0.720569135010315,1.60180984735082
2329,"Banteng","BTG",2,"dist_str + ndvi_cv + elev + BB + DE",0.489702037441774,0.713994842674606,1.63182992367863
2330,"Banteng","BTG",2,"dist_str + ndvi_cv + elev + BB + DE",0.512111649976062,0.696904329948345,1.66881142250897
2331,"Banteng","BTG",2,"dist_str + ndvi_cv + elev + BB + DE",0.581570559685455,0.704653887360057,1.78884572280589
2332,"Banteng","BTG",2,"dist_str + ndvi_cv + elev + BB + DE",0.689823977897837,0.724848380078224,1.99336462774594
2333,"Banteng","BTG",2,"dist_str + ndvi_cv + elev + BB + DE",0.797725302460247,0.745302053583113,2.22048426037721
2334,"Banteng","BTG",2,"dist_str + ndvi_cv + elev + BB + DE",0.95248460229217,0.736341559036618,2.59214211683999
2335,"Banteng","BTG",2,"dist_str + ndvi_cv + elev + BB + DE",1.08303549323647,0.727894050928513,2.9536317539492
2336,"Banteng","BTG",2,"dist_str + ndvi_cv + elev + BB + DE",1.25837591770408,0.708321306660231,3.51970055963665
2337,"Banteng","BTG",2,"dist_str + ndvi_cv + elev + BB + DE",1.44716738083759,0.721628741005311,4.25105589798501
2338,"Banteng","BTG",2,"dist_str + ndvi_cv + elev + BB + DE",1.50952271276513,0.721837657191167,4.52457076138599
2339,"Banteng","BTG",2,"dist_str + ndvi_cv + elev + BB + DE",1.54203087862281,0.699821020592796,4.67407314939043
2340,"Banteng","BTG",2,"dist_str + ndvi_cv + elev + BB + DE",1.59442261183532,0.70789053663771,4.92548449766992
2341,"Banteng","BTG",2,"dist_str + ndvi_cv + elev + BB + DE",1.65770287638229,0.705488769577065,5.24724345596755
2342,"Banteng","BTG",2,"dist_str + ndvi_cv + elev + BB + DE",1.76666054265746,0.676247021808729,5.85128059644784
2343,"Banteng","BTG",2,"dist_str + ndvi_cv + elev + BB + DE",1.82097639427374,0.673908593393416,6.17788756650706
2344,"Banteng","BTG",2,"dist_str + ndvi_cv + elev + BB + DE",1.74222017464137,0.686090350097018,5.71000658077831
2345,"Banteng","BTG",2,"dist_str + ndvi_cv + elev + BB + DE",1.5944873279334,0.72164173734901,4.92580311836935
2346,"Banteng","BTG",2,"dist_str + ndvi_cv + elev + BB + DE",1.48295366228681,0.728842570634159,4.40594014243968
2347,"Banteng","BTG",2,"dist_str + ndvi_cv + elev + BB + DE",1.37640130152509,0.764400275109977,3.96062286476882
2348,"Banteng","BTG",2,"dist_str + ndvi_cv + elev + BB + DE",1.34846305891752,0.854774017818117,3.8515015188845
2349,"Banteng","BTG",2,"dist_str + ndvi_cv + elev + BB + DE",0.507220697184364,1.03615536496811,1.66066927333643
2350,"Banteng","BTG",2,"dist_str + ndvi_cv + elev + BB + DE",0.51585757467947,0.899087948100006,1.67507438740391
2351,"Banteng","BTG",2,"dist_str + ndvi_cv + elev + BB + DE",0.495401590189953,0.846346390534056,1.64115722848932
2352,"Banteng","BTG",2,"dist_str + ndvi_cv + elev + BB + DE",0.531943197783231,0.810741514617863,1.7022368799199
2353,"Banteng","BTG",2,"dist_str + ndvi_cv + elev + BB + DE",0.546194912587922,0.786627858120915,1.72667037053539
2354,"Banteng","BTG",2,"dist_str + ndvi_cv + elev + BB + DE",0.512938028366127,0.768447057872888,1.67019108436369
2355,"Banteng","BTG",2,"dist_str + ndvi_cv + elev + BB + DE",0.491811808265136,0.764709352959455,1.63527634648706
2356,"Banteng","BTG",2,"dist_str + ndvi_cv + elev + BB + DE",0.501704871346105,0.765528928690492,1.65153452588013
2357,"Banteng","BTG",2,"dist_str + ndvi_cv + elev + BB + DE",0.463884320362656,0.763377737618642,1.59023900838465
2358,"Banteng","BTG",2,"dist_str + ndvi_cv + elev + BB + DE",0.453741321370062,0.755387826098647,1.57419074532871
2359,"Banteng","BTG",2,"dist_str + ndvi_cv + elev + BB + DE",0.408045875436089,0.742478970896889,1.50387615554715
2360,"Banteng","BTG",2,"dist_str + ndvi_cv + elev + BB + DE",0.370376003520446,0.718348677126239,1.44827907160769
2361,"Banteng","BTG",2,"dist_str + ndvi_cv + elev + BB + DE",0.385375596871562,0.718900813367891,1.47016642423262
2362,"Banteng","BTG",2,"dist_str + ndvi_cv + elev + BB + DE",0.418617888828511,0.723303264584929,1.51985948853268
2363,"Banteng","BTG",2,"dist_str + ndvi_cv + elev + BB + DE",0.439978289601665,0.721771933317724,1.55267352843286
2364,"Banteng","BTG",2,"dist_str + ndvi_cv + elev + BB + DE",0.459628665939772,0.721525249203175,1.58348587357096
2365,"Banteng","BTG",2,"dist_str + ndvi_cv + elev + BB + DE",0.443423869730427,0.702456055159543,1.55803263988226
2366,"Banteng","BTG",2,"dist_str + ndvi_cv + elev + BB + DE",0.384613702359557,0.639419266029991,1.46904672619331
2367,"Banteng","BTG",2,"dist_str + ndvi_cv + elev + BB + DE",0.602585426262972,0.71603855805961,1.82683587282968
2368,"Banteng","BTG",2,"dist_str + ndvi_cv + elev + BB + DE",0.740110345965991,0.730233706216594,2.09616680712251
2369,"Banteng","BTG",2,"dist_str + ndvi_cv + elev + BB + DE",0.873710540155431,0.733575566074761,2.39578403472945
2370,"Banteng","BTG",2,"dist_str + ndvi_cv + elev + BB + DE",1.04138948412163,0.731049311101049,2.83315090545891
2371,"Banteng","BTG",2,"dist_str + ndvi_cv + elev + BB + DE",1.20866514857111,0.721732244336528,3.34901175418726
2372,"Banteng","BTG",2,"dist_str + ndvi_cv + elev + BB + DE",1.55949718037851,0.713490594286233,4.75642904915043
2373,"Banteng","BTG",2,"dist_str + ndvi_cv + elev + BB + DE",1.65605854250507,0.765751691393291,5.23862229312727
2374,"Banteng","BTG",2,"dist_str + ndvi_cv + elev + BB + DE",1.49182531602218,0.726111857380068,4.4452020173775
2375,"Banteng","BTG",2,"dist_str + ndvi_cv + elev + BB + DE",1.53146569533113,0.733035343055109,4.62495062718633
2376,"Banteng","BTG",2,"dist_str + ndvi_cv + elev + BB + DE",1.62802441131174,0.720925451327677,5.09380152752873
2377,"Banteng","BTG",2,"dist_str + ndvi_cv + elev + BB + DE",1.81026098692797,0.692808528558575,6.11204238781099
2378,"Banteng","BTG",2,"dist_str + ndvi_cv + elev + BB + DE",2.47035894152719,0.541147643832463,11.8266912211397
2379,"Banteng","BTG",2,"dist_str + ndvi_cv + elev + BB + DE",1.78555066924909,0.686289840435751,5.96286287694983
2380,"Banteng","BTG",2,"dist_str + ndvi_cv + elev + BB + DE",1.57406504677121,0.702786985346452,4.82622721142957
2381,"Banteng","BTG",2,"dist_str + ndvi_cv + elev + BB + DE",1.4669890310777,0.74022482542763,4.33615942595975
2382,"Banteng","BTG",2,"dist_str + ndvi_cv + elev + BB + DE",1.38794076786463,0.765634603008474,4.0065910571903
2383,"Banteng","BTG",2,"dist_str + ndvi_cv + elev + BB + DE",1.37048547827407,0.844377561399843,3.93726170003314
2384,"Banteng","BTG",2,"dist_str + ndvi_cv + elev + BB + DE",1.33399465781371,0.997387657494431,3.79617759179866
2385,"Banteng","BTG",2,"dist_str + ndvi_cv + elev + BB + DE",0.547298260804274,0.980276466703698,1.72857654248079
2386,"Banteng","BTG",2,"dist_str + ndvi_cv + elev + BB + DE",0.563521726547257,0.880815882804859,1.75684876109007
2387,"Banteng","BTG",2,"dist_str + ndvi_cv + elev + BB + DE",0.541578390287572,0.822950070200462,1.71871753808135
2388,"Banteng","BTG",2,"dist_str + ndvi_cv + elev + BB + DE",0.549606081973547,0.803833352676408,1.73257040639825
2389,"Banteng","BTG",2,"dist_str + ndvi_cv + elev + BB + DE",0.542121647054917,0.784009812732507,1.71965149252592
2390,"Banteng","BTG",2,"dist_str + ndvi_cv + elev + BB + DE",0.539898761826846,0.772459528714171,1.71583314559208
2391,"Banteng","BTG",2,"dist_str + ndvi_cv + elev + BB + DE",0.536627989144294,0.772774309478422,1.71023023127042
2392,"Banteng","BTG",2,"dist_str + ndvi_cv + elev + BB + DE",0.50692208787657,0.768331203098178,1.66017345761676
2393,"Banteng","BTG",2,"dist_str + ndvi_cv + elev + BB + DE",0.490951558841019,0.759584483213624,1.63387022613275
2394,"Banteng","BTG",2,"dist_str + ndvi_cv + elev + BB + DE",0.488295011796235,0.76982142284661,1.62953551551578
2395,"Banteng","BTG",2,"dist_str + ndvi_cv + elev + BB + DE",0.4314974231944,0.759546638132087,1.53956117324798
2396,"Banteng","BTG",2,"dist_str + ndvi_cv + elev + BB + DE",0.411698966749986,0.719338164519779,1.50937999453101
2397,"Banteng","BTG",2,"dist_str + ndvi_cv + elev + BB + DE",0.374590848120708,0.747207521999476,1.45439622396265
2398,"Banteng","BTG",2,"dist_str + ndvi_cv + elev + BB + DE",0.414627798962832,0.727829993727476,1.51380719758164
2399,"Banteng","BTG",2,"dist_str + ndvi_cv + elev + BB + DE",0.422965837722025,0.720189645852132,1.52648214744198
2400,"Banteng","BTG",2,"dist_str + ndvi_cv + elev + BB + DE",0.435722925891871,0.724436084390003,1.54608035672969
2401,"Banteng","BTG",2,"dist_str + ndvi_cv + elev + BB + DE",0.464431497867068,0.712532439529742,1.59110938309313
2402,"Banteng","BTG",2,"dist_str + ndvi_cv + elev + BB + DE",0.465361297546801,0.709664048828116,1.59258948828127
2403,"Banteng","BTG",2,"dist_str + ndvi_cv + elev + BB + DE",0.598309511412728,0.732562516450575,1.8190411314757
2404,"Banteng","BTG",2,"dist_str + ndvi_cv + elev + BB + DE",0.711222947039891,0.729141920888459,2.03648027449725
2405,"Banteng","BTG",2,"dist_str + ndvi_cv + elev + BB + DE",0.836193757701421,0.73137379694036,2.30756713542468
2406,"Banteng","BTG",2,"dist_str + ndvi_cv + elev + BB + DE",0.956738094938399,0.732657944585533,2.60319124665992
2407,"Banteng","BTG",2,"dist_str + ndvi_cv + elev + BB + DE",1.12929147240628,0.741254019457317,3.09346393351972
2408,"Banteng","BTG",2,"dist_str + ndvi_cv + elev + BB + DE",1.32697828188162,0.715156097254811,3.76963538483692
2409,"Banteng","BTG",2,"dist_str + ndvi_cv + elev + BB + DE",1.38157186903974,0.746693507596357,3.98115458105121
2410,"Banteng","BTG",2,"dist_str + ndvi_cv + elev + BB + DE",1.3812275586814,0.7528058946896,3.9797840497212
2411,"Banteng","BTG",2,"dist_str + ndvi_cv + elev + BB + DE",1.44067597888594,0.730235545218673,4.22354989030822
2412,"Banteng","BTG",2,"dist_str + ndvi_cv + elev + BB + DE",1.50988040313411,0.748859558183245,4.52618998837094
2413,"Banteng","BTG",2,"dist_str + ndvi_cv + elev + BB + DE",1.71234078750378,0.722673791152254,5.54191876216269
2414,"Banteng","BTG",2,"dist_str + ndvi_cv + elev + BB + DE",1.87209008851449,0.708238031439077,6.50187171269062
2415,"Banteng","BTG",2,"dist_str + ndvi_cv + elev + BB + DE",1.69580710183901,0.689477927025052,5.45104374586838
2416,"Banteng","BTG",2,"dist_str + ndvi_cv + elev + BB + DE",1.49107936777507,0.736450474028137,4.44188737032266
2417,"Banteng","BTG",2,"dist_str + ndvi_cv + elev + BB + DE",1.41206885937217,0.750955472114534,4.10443815754079
2418,"Banteng","BTG",2,"dist_str + ndvi_cv + elev + BB + DE",1.35324753915532,0.773912597969567,3.8699730396571
2419,"Banteng","BTG",2,"dist_str + ndvi_cv + elev + BB + DE",1.34182474704715,0.828482203262489,3.82601868889401
2420,"Banteng","BTG",2,"dist_str + ndvi_cv + elev + BB + DE",1.35175910818834,1.0216352134032,3.86421715018997
2421,"Banteng","BTG",2,"dist_str + ndvi_cv + elev + BB + DE",0.613614166831022,1.0752421721689,1.84709506178697
2422,"Banteng","BTG",2,"dist_str + ndvi_cv + elev + BB + DE",0.566779633838592,0.929309642341192,1.76258174933652
2423,"Banteng","BTG",2,"dist_str + ndvi_cv + elev + BB + DE",0.60942566071714,0.863439756835776,1.839374678601
2424,"Banteng","BTG",2,"dist_str + ndvi_cv + elev + BB + DE",0.612775132022824,0.81450035532675,1.84554593889099
2425,"Banteng","BTG",2,"dist_str + ndvi_cv + elev + BB + DE",0.597894116480488,0.795139067073307,1.81828566814249
2426,"Banteng","BTG",2,"dist_str + ndvi_cv + elev + BB + DE",0.55250707927927,0.776867249385802,1.73760387291382
2427,"Banteng","BTG",2,"dist_str + ndvi_cv + elev + BB + DE",0.548239113014613,0.767679215318883,1.73020364532601
2428,"Banteng","BTG",2,"dist_str + ndvi_cv + elev + BB + DE",0.525687816990864,0.773362210948742,1.69162200808172
2429,"Banteng","BTG",2,"dist_str + ndvi_cv + elev + BB + DE",0.501428990521515,0.767823915626562,1.65107896210811
2430,"Banteng","BTG",2,"dist_str + ndvi_cv + elev + BB + DE",0.463551773616041,0.749763253856355,1.58971028175207
2431,"Banteng","BTG",2,"dist_str + ndvi_cv + elev + BB + DE",0.456336103136351,0.745866902019434,1.57828072114754
2432,"Banteng","BTG",2,"dist_str + ndvi_cv + elev + BB + DE",0.440510364716828,0.761212872042819,1.55349989168033
2433,"Banteng","BTG",2,"dist_str + ndvi_cv + elev + BB + DE",0.427036036011279,0.745391834413865,1.53270789343895
2434,"Banteng","BTG",2,"dist_str + ndvi_cv + elev + BB + DE",0.412079381168738,0.729458111493968,1.50995429351169
2435,"Banteng","BTG",2,"dist_str + ndvi_cv + elev + BB + DE",0.422520006764858,0.741876052800542,1.52580174567994
2436,"Banteng","BTG",2,"dist_str + ndvi_cv + elev + BB + DE",0.456129737698316,0.724618802828692,1.57795506100006
2437,"Banteng","BTG",2,"dist_str + ndvi_cv + elev + BB + DE",0.476243701142257,0.737340704284783,1.6100153308899
2438,"Banteng","BTG",2,"dist_str + ndvi_cv + elev + BB + DE",0.465500779525606,0.733381952405071,1.5928116369693
2439,"Banteng","BTG",2,"dist_str + ndvi_cv + elev + BB + DE",0.501597541647765,0.745653340136272,1.6513572771367
2440,"Banteng","BTG",2,"dist_str + ndvi_cv + elev + BB + DE",0.575521299168914,0.748505513700267,1.77805718517366
2441,"Banteng","BTG",2,"dist_str + ndvi_cv + elev + BB + DE",0.680952267601242,0.737184728469549,1.97575828817181
2442,"Banteng","BTG",2,"dist_str + ndvi_cv + elev + BB + DE",0.786765752819909,0.733598855072983,2.19628160973972
2443,"Banteng","BTG",2,"dist_str + ndvi_cv + elev + BB + DE",0.890903301935099,0.72773849208988,2.43733034561887
2444,"Banteng","BTG",2,"dist_str + ndvi_cv + elev + BB + DE",1.03205137376782,0.745918457360005,2.80681776535641
2445,"Banteng","BTG",2,"dist_str + ndvi_cv + elev + BB + DE",1.10048613044897,0.735202710524432,3.00562679558484
2446,"Banteng","BTG",2,"dist_str + ndvi_cv + elev + BB + DE",1.15674418317339,0.718017065336875,3.17956432989929
2447,"Banteng","BTG",2,"dist_str + ndvi_cv + elev + BB + DE",1.23869452414874,0.72925370946858,3.45110522471662
2448,"Banteng","BTG",2,"dist_str + ndvi_cv + elev + BB + DE",1.24166790003767,0.730700216821685,3.46138189553013
2449,"Banteng","BTG",2,"dist_str + ndvi_cv + elev + BB + DE",1.33682537394061,0.739949825140357,3.80693869610029
2450,"Banteng","BTG",2,"dist_str + ndvi_cv + elev + BB + DE",1.4495621323478,0.724686120392155,4.26124830418359
2451,"Banteng","BTG",2,"dist_str + ndvi_cv + elev + BB + DE",1.47638396888675,0.711539638100357,4.37708933851796
2452,"Banteng","BTG",2,"dist_str + ndvi_cv + elev + BB + DE",1.45087938834802,0.73515795340605,4.2668651091272
2453,"Banteng","BTG",2,"dist_str + ndvi_cv + elev + BB + DE",1.4338602867429,0.760703165501541,4.19486134493617
2454,"Banteng","BTG",2,"dist_str + ndvi_cv + elev + BB + DE",1.34337303293736,0.781333304975402,3.83194701535017
2455,"Banteng","BTG",2,"dist_str + ndvi_cv + elev + BB + DE",1.32269333344753,0.811807783010715,3.75351724930002
2456,"Banteng","BTG",2,"dist_str + ndvi_cv + elev + BB + DE",1.33304631037383,0.933319205410974,3.79257918330607
2457,"Banteng","BTG",2,"dist_str + ndvi_cv + elev + BB + DE",0.606752530410484,1.04087439780598,1.83446446655883
2458,"Banteng","BTG",2,"dist_str + ndvi_cv + elev + BB + DE",0.591008266760295,0.907580740378533,1.80580833294861
2459,"Banteng","BTG",2,"dist_str + ndvi_cv + elev + BB + DE",0.593830308022842,0.866055953398443,1.81091151807241
2460,"Banteng","BTG",2,"dist_str + ndvi_cv + elev + BB + DE",0.633246171361315,0.816135443053902,1.88371553405099
2461,"Banteng","BTG",2,"dist_str + ndvi_cv + elev + BB + DE",0.623477229761118,0.804851273714559,1.86540321310763
2462,"Banteng","BTG",2,"dist_str + ndvi_cv + elev + BB + DE",0.601435779660648,0.789878774060138,1.8247368802713
2463,"Banteng","BTG",2,"dist_str + ndvi_cv + elev + BB + DE",0.582897481242093,0.770664124365505,1.79122095257327
2464,"Banteng","BTG",2,"dist_str + ndvi_cv + elev + BB + DE",0.52735397834992,0.774502816267529,1.69444283962671
2465,"Banteng","BTG",2,"dist_str + ndvi_cv + elev + BB + DE",0.503862828190014,0.760207846770367,1.65510231553731
2466,"Banteng","BTG",2,"dist_str + ndvi_cv + elev + BB + DE",0.492681462266394,0.759625034150345,1.63669908814243
2467,"Banteng","BTG",2,"dist_str + ndvi_cv + elev + BB + DE",0.487527228074102,0.754777273747027,1.62828487712476
2468,"Banteng","BTG",2,"dist_str + ndvi_cv + elev + BB + DE",0.452588452045336,0.762389149907154,1.57237694903998
2469,"Banteng","BTG",2,"dist_str + ndvi_cv + elev + BB + DE",0.436171807820468,0.754151136761678,1.54677452890542
2470,"Banteng","BTG",2,"dist_str + ndvi_cv + elev + BB + DE",0.428446238504495,0.771328628834131,1.53487084668466
2471,"Banteng","BTG",2,"dist_str + ndvi_cv + elev + BB + DE",0.46161753711712,0.762009925960535,1.58663835714055
2472,"Banteng","BTG",2,"dist_str + ndvi_cv + elev + BB + DE",0.456553547770243,0.735387025186216,1.57862394677229
2473,"Banteng","BTG",2,"dist_str + ndvi_cv + elev + BB + DE",0.467426055693233,0.74062821739044,1.59588119289449
2474,"Banteng","BTG",2,"dist_str + ndvi_cv + elev + BB + DE",0.519492043592195,0.738001986583078,1.68117347019437
2475,"Banteng","BTG",2,"dist_str + ndvi_cv + elev + BB + DE",0.545997045477856,0.737215627599,1.72632875649354
2476,"Banteng","BTG",2,"dist_str + ndvi_cv + elev + BB + DE",0.569110042084729,0.731089977654039,1.76669409199561
2477,"Banteng","BTG",2,"dist_str + ndvi_cv + elev + BB + DE",0.6385782815986,0.726044922450071,1.89378655776413
2478,"Banteng","BTG",2,"dist_str + ndvi_cv + elev + BB + DE",0.700598766437084,0.722355918736056,2.01495885684352
2479,"Banteng","BTG",2,"dist_str + ndvi_cv + elev + BB + DE",0.805076573774476,0.739250396135123,2.23686793965667
2480,"Banteng","BTG",2,"dist_str + ndvi_cv + elev + BB + DE",0.866829350113309,0.716284974287474,2.37935478021665
2481,"Banteng","BTG",2,"dist_str + ndvi_cv + elev + BB + DE",0.912367447474653,0.737705530635003,2.49021107931915
2482,"Banteng","BTG",2,"dist_str + ndvi_cv + elev + BB + DE",0.970195796856039,0.736703783348779,2.63846105114539
2483,"Banteng","BTG",2,"dist_str + ndvi_cv + elev + BB + DE",1.01179829970253,0.728001199196468,2.75054287350472
2484,"Banteng","BTG",2,"dist_str + ndvi_cv + elev + BB + DE",1.06693960283332,0.725192900183989,2.90647092300499
2485,"Banteng","BTG",2,"dist_str + ndvi_cv + elev + BB + DE",1.14678159310083,0.746074578066742,3.14804492137361
2486,"Banteng","BTG",2,"dist_str + ndvi_cv + elev + BB + DE",1.19943858134478,0.726724387765843,3.318253471592
2487,"Banteng","BTG",2,"dist_str + ndvi_cv + elev + BB + DE",1.22471912376577,0.719800006313709,3.40321006984573
2488,"Banteng","BTG",2,"dist_str + ndvi_cv + elev + BB + DE",1.2625986747065,0.752566750843967,3.53459483062264
2489,"Banteng","BTG",2,"dist_str + ndvi_cv + elev + BB + DE",1.29498576739116,0.778245918795969,3.65094407048537
2490,"Banteng","BTG",2,"dist_str + ndvi_cv + elev + BB + DE",1.30650166846858,0.823722556474543,3.69323095759569
2491,"Banteng","BTG",2,"dist_str + ndvi_cv + elev + BB + DE",1.29541043704586,0.913642715756434,3.65249478607588
2492,"Banteng","BTG",2,"dist_str + ndvi_cv + elev + BB + DE",0.635145849415603,1.0784906591794,1.88729738607677
2493,"Banteng","BTG",2,"dist_str + ndvi_cv + elev + BB + DE",0.611963070424462,0.923324851177309,1.84404784432366
2494,"Banteng","BTG",2,"dist_str + ndvi_cv + elev + BB + DE",0.623075034696296,0.862133695764944,1.86465310815933
2495,"Banteng","BTG",2,"dist_str + ndvi_cv + elev + BB + DE",0.636956764807235,0.830875792831684,1.89071821500102
2496,"Banteng","BTG",2,"dist_str + ndvi_cv + elev + BB + DE",0.603407942176541,0.808317038650824,1.82833907227339
2497,"Banteng","BTG",2,"dist_str + ndvi_cv + elev + BB + DE",0.608243359203418,0.793017108240046,1.83720125984328
2498,"Banteng","BTG",2,"dist_str + ndvi_cv + elev + BB + DE",0.560738694473022,0.778488012005259,1.75196619134578
2499,"Banteng","BTG",2,"dist_str + ndvi_cv + elev + BB + DE",0.549450785028726,0.768868408755036,1.73230135086549
2500,"Banteng","BTG",2,"dist_str + ndvi_cv + elev + BB + DE",0.495640402866698,0.760173075142701,1.64154915633231
2501,"Banteng","BTG",2,"dist_str + ndvi_cv + elev + BB + DE",0.499554567955183,0.751312538552266,1.64798704117479
2502,"Banteng","BTG",2,"dist_str + ndvi_cv + elev + BB + DE",0.481806503811587,0.771748231274706,1.61899648661514
2503,"Banteng","BTG",2,"dist_str + ndvi_cv + elev + BB + DE",0.495964477188901,0.751034516239241,1.64208124183167
2504,"Banteng","BTG",2,"dist_str + ndvi_cv + elev + BB + DE",0.467530095453893,0.772881254806847,1.59604723669245
2505,"Banteng","BTG",2,"dist_str + ndvi_cv + elev + BB + DE",0.449150740040957,0.767429385129035,1.56698084616442
2506,"Banteng","BTG",2,"dist_str + ndvi_cv + elev + BB + DE",0.464021423489192,0.78143451929909,1.59045704463889
2507,"Banteng","BTG",2,"dist_str + ndvi_cv + elev + BB + DE",0.467673720974845,0.761680557976819,1.59627649358332
2508,"Banteng","BTG",2,"dist_str + ndvi_cv + elev + BB + DE",0.457732120324805,0.748029008673563,1.58048556676014
2509,"Banteng","BTG",2,"dist_str + ndvi_cv + elev + BB + DE",0.509878172844347,0.758387022220184,1.66508833014103
2510,"Banteng","BTG",2,"dist_str + ndvi_cv + elev + BB + DE",0.544098420867408,0.749130503868,1.72305421980469
2511,"Banteng","BTG",2,"dist_str + ndvi_cv + elev + BB + DE",0.544162133031373,0.734697159728126,1.72316399604272
2512,"Banteng","BTG",2,"dist_str + ndvi_cv + elev + BB + DE",0.586907359380344,0.72203234293274,1.79841794638192
2513,"Banteng","BTG",2,"dist_str + ndvi_cv + elev + BB + DE",0.617168111278191,0.722665079309855,1.85367121697743
2514,"Banteng","BTG",2,"dist_str + ndvi_cv + elev + BB + DE",0.674173615769128,0.722564004036092,1.96241063576892
2515,"Banteng","BTG",2,"dist_str + ndvi_cv + elev + BB + DE",0.697651893510628,0.724826247133797,2.00902974966044
2516,"Banteng","BTG",2,"dist_str + ndvi_cv + elev + BB + DE",0.748063394561787,0.733531618926787,2.11290419015603
2517,"Banteng","BTG",2,"dist_str + ndvi_cv + elev + BB + DE",0.775408989042481,0.733028872543717,2.17148006818146
2518,"Banteng","BTG",2,"dist_str + ndvi_cv + elev + BB + DE",0.824212727424833,0.718774464795923,2.28008501893431
2519,"Banteng","BTG",2,"dist_str + ndvi_cv + elev + BB + DE",0.83579014913685,0.717057046207429,2.3066359147975
2520,"Banteng","BTG",2,"dist_str + ndvi_cv + elev + BB + DE",0.887309310551472,0.722356995989799,2.42858628110463
2521,"Banteng","BTG",2,"dist_str + ndvi_cv + elev + BB + DE",0.952363867860052,0.728720648341867,2.59182918016486
2522,"Banteng","BTG",2,"dist_str + ndvi_cv + elev + BB + DE",0.988026189733224,0.762173872902619,2.68592772518942
2523,"Banteng","BTG",2,"dist_str + ndvi_cv + elev + BB + DE",1.08012622616032,0.768908022829337,2.94505127038744
2524,"Banteng","BTG",2,"dist_str + ndvi_cv + elev + BB + DE",1.14517776443448,0.796495294824195,3.14300003046181
2525,"Banteng","BTG",2,"dist_str + ndvi_cv + elev + BB + DE",1.17535102532379,0.868081868293392,3.23927988904535
2526,"Banteng","BTG",2,"dist_str + ndvi_cv + elev + BB + DE",0.659007712881301,0.935988961610384,1.93287358742902
2527,"Banteng","BTG",2,"dist_str + ndvi_cv + elev + BB + DE",0.600782487248314,0.872628366630732,1.8235451432712
2528,"Banteng","BTG",2,"dist_str + ndvi_cv + elev + BB + DE",0.650701346606421,0.833093089387942,1.91688476069571
2529,"Banteng","BTG",2,"dist_str + ndvi_cv + elev + BB + DE",0.603477467911354,0.825588512141565,1.82846619275877
2530,"Banteng","BTG",2,"dist_str + ndvi_cv + elev + BB + DE",0.591083293961954,0.805288654799602,1.80594375762162
2531,"Banteng","BTG",2,"dist_str + ndvi_cv + elev + BB + DE",0.558247854334758,0.77962580135407,1.74760775279291
2532,"Banteng","BTG",2,"dist_str + ndvi_cv + elev + BB + DE",0.549140405402702,0.768181794470092,1.73176376320657
2533,"Banteng","BTG",2,"dist_str + ndvi_cv + elev + BB + DE",0.528613032476578,0.763432764831051,1.69657760655332
2534,"Banteng","BTG",2,"dist_str + ndvi_cv + elev + BB + DE",0.515507854015426,0.76408022811511,1.67448868489103
2535,"Banteng","BTG",2,"dist_str + ndvi_cv + elev + BB + DE",0.509506206719617,0.776331552343584,1.66446909790472
2536,"Banteng","BTG",2,"dist_str + ndvi_cv + elev + BB + DE",0.471507031153238,0.772438279689719,1.60240725221862
2537,"Banteng","BTG",2,"dist_str + ndvi_cv + elev + BB + DE",0.444602846398281,0.777588091682675,1.55987056959809
2538,"Banteng","BTG",2,"dist_str + ndvi_cv + elev + BB + DE",0.45137469538176,0.782335442017048,1.57046962351042
2539,"Banteng","BTG",2,"dist_str + ndvi_cv + elev + BB + DE",0.456200645532431,0.777035864434098,1.57806695349389
2540,"Banteng","BTG",2,"dist_str + ndvi_cv + elev + BB + DE",0.454426535341598,0.778203285462307,1.57526979571936
2541,"Banteng","BTG",2,"dist_str + ndvi_cv + elev + BB + DE",0.452422860685673,0.76762602335442,1.57211659932638
2542,"Banteng","BTG",2,"dist_str + ndvi_cv + elev + BB + DE",0.500746223097988,0.74934264495954,1.64995204552576
2543,"Banteng","BTG",2,"dist_str + ndvi_cv + elev + BB + DE",0.517716783857724,0.737298375079775,1.67819159828504
2544,"Banteng","BTG",2,"dist_str + ndvi_cv + elev + BB + DE",0.515395784902075,0.71676932751549,1.67430103375096
2545,"Banteng","BTG",2,"dist_str + ndvi_cv + elev + BB + DE",0.569584494692706,0.724716608728902,1.76753247978443
2546,"Banteng","BTG",2,"dist_str + ndvi_cv + elev + BB + DE",0.569947421947942,0.726768926978035,1.76817408362132
2547,"Banteng","BTG",2,"dist_str + ndvi_cv + elev + BB + DE",0.566746576616096,0.710108760127376,1.76252347852969
2548,"Banteng","BTG",2,"dist_str + ndvi_cv + elev + BB + DE",0.541853419103385,0.710934537028756,1.71919029140024
2549,"Banteng","BTG",2,"dist_str + ndvi_cv + elev + BB + DE",0.542523840941464,0.728389832517878,1.72034327236065
2550,"Banteng","BTG",2,"dist_str + ndvi_cv + elev + BB + DE",0.569462935169601,0.730473445174547,1.76731764614523
2551,"Banteng","BTG",2,"dist_str + ndvi_cv + elev + BB + DE",0.667911252386615,0.711039327549019,1.95015967259252
2552,"Banteng","BTG",2,"dist_str + ndvi_cv + elev + BB + DE",0.695384703321485,0.722382492534644,2.00448005756851
2553,"Banteng","BTG",2,"dist_str + ndvi_cv + elev + BB + DE",0.668383186750129,0.681703013179923,1.95108025722689
2554,"Banteng","BTG",2,"dist_str + ndvi_cv + elev + BB + DE",0.63045210293738,0.646882736504056,1.8784596527366
2555,"Banteng","BTG",2,"dist_str + ndvi_cv + elev + BB + DE",0.83185428426183,0.743373441812227,2.29757520084963
2556,"Banteng","BTG",2,"dist_str + ndvi_cv + elev + BB + DE",0.922774632223402,0.790059909727722,2.5162624228432
2557,"Banteng","BTG",2,"dist_str + ndvi_cv + elev + BB + DE",1.00539938209712,0.847797301183446,2.73299856562282
2558,"Banteng","BTG",2,"dist_str + ndvi_cv + elev + BB + DE",1.03330674310882,0.950764603134977,2.81034362232664
2559,"Banteng","BTG",2,"dist_str + ndvi_cv + elev + BB + DE",0.630149942656764,1.09701641648943,1.87789213431006
2560,"Banteng","BTG",2,"dist_str + ndvi_cv + elev + BB + DE",0.637077869833109,0.937991853207228,1.89094733225817
2561,"Banteng","BTG",2,"dist_str + ndvi_cv + elev + BB + DE",0.638304388997866,0.878697543615114,1.89326791020385
2562,"Banteng","BTG",2,"dist_str + ndvi_cv + elev + BB + DE",0.595390737125987,0.851303908728813,1.81373951845613
2563,"Banteng","BTG",2,"dist_str + ndvi_cv + elev + BB + DE",0.611973023917186,0.802728143426549,1.84406620769531
2564,"Banteng","BTG",2,"dist_str + ndvi_cv + elev + BB + DE",0.599240003777587,0.81868841762778,1.82073452349441
2565,"Banteng","BTG",2,"dist_str + ndvi_cv + elev + BB + DE",0.588482512687594,0.801044203466747,1.80125297538355
2566,"Banteng","BTG",2,"dist_str + ndvi_cv + elev + BB + DE",0.544525398693436,0.783351206839621,1.72379007821054
2567,"Banteng","BTG",2,"dist_str + ndvi_cv + elev + BB + DE",0.564072196987235,0.782952510877938,1.75781611881741
2568,"Banteng","BTG",2,"dist_str + ndvi_cv + elev + BB + DE",0.560238823608729,0.786483903419613,1.75109068030929
2569,"Banteng","BTG",2,"dist_str + ndvi_cv + elev + BB + DE",0.524654303158893,0.79605710638539,1.68987478518789
2570,"Banteng","BTG",2,"dist_str + ndvi_cv + elev + BB + DE",0.480520895148154,0.803604545122234,1.61691643476016
2571,"Banteng","BTG",2,"dist_str + ndvi_cv + elev + BB + DE",0.449099006701921,0.788348945357551,1.56689978310194
2572,"Banteng","BTG",2,"dist_str + ndvi_cv + elev + BB + DE",0.425713625487694,0.778839856516097,1.53068236436105
2573,"Banteng","BTG",2,"dist_str + ndvi_cv + elev + BB + DE",0.428543979133602,0.769788168379987,1.53502088128532
2574,"Banteng","BTG",2,"dist_str + ndvi_cv + elev + BB + DE",0.451464236222729,0.782137568272731,1.57061032835175
2575,"Banteng","BTG",2,"dist_str + ndvi_cv + elev + BB + DE",0.431963434083332,0.787579546757433,1.5402787924362
2576,"Banteng","BTG",2,"dist_str + ndvi_cv + elev + BB + DE",0.489753425276541,0.759082427028996,1.6319137817397
2577,"Banteng","BTG",2,"dist_str + ndvi_cv + elev + BB + DE",0.507823856615218,0.714756162053748,1.66167122284148
2578,"Banteng","BTG",2,"dist_str + ndvi_cv + elev + BB + DE",0.505098229789951,0.707275918432441,1.65714829401548
2579,"Banteng","BTG",2,"dist_str + ndvi_cv + elev + BB + DE",0.53013586026273,0.724292183629224,1.69916314182551
2580,"Banteng","BTG",2,"dist_str + ndvi_cv + elev + BB + DE",0.528222064213364,0.737807401695024,1.69591440397714
2581,"Banteng","BTG",2,"dist_str + ndvi_cv + elev + BB + DE",0.54406028886187,0.712668063848741,1.72298850990115
2582,"Banteng","BTG",2,"dist_str + ndvi_cv + elev + BB + DE",0.470684998875412,0.715115648074129,1.60109056526631
2583,"Banteng","BTG",2,"dist_str + ndvi_cv + elev + BB + DE",0.136871025446581,0.681130672019363,1.14668024655369
2584,"Banteng","BTG",2,"dist_str + ndvi_cv + elev + BB + DE",0.382776595626983,0.704164136777315,1.46635040533763
2585,"Banteng","BTG",2,"dist_str + ndvi_cv + elev + BB + DE",0.539410604839119,0.735376505173886,1.71499576479604
2586,"Banteng","BTG",2,"dist_str + ndvi_cv + elev + BB + DE",0.630576277492186,0.719493881457913,1.87869291740477
2587,"Banteng","BTG",2,"dist_str + ndvi_cv + elev + BB + DE",0.55550757922152,0.689097052536213,1.74282539997163
2588,"Banteng","BTG",2,"dist_str + ndvi_cv + elev + BB + DE",0.571865218768347,0.673271963048232,1.77156833493701
2589,"Banteng","BTG",2,"dist_str + ndvi_cv + elev + BB + DE",0.739202498328704,0.750255093335325,2.09426466880433
2590,"Banteng","BTG",2,"dist_str + ndvi_cv + elev + BB + DE",0.827239735304591,0.796126796536664,2.28699731167553
2591,"Banteng","BTG",2,"dist_str + ndvi_cv + elev + BB + DE",0.8902259112687,0.858893218127665,2.43567983708755
2592,"Banteng","BTG",2,"dist_str + ndvi_cv + elev + BB + DE",0.600596130930172,1.01505262619085,1.82320534957089
2593,"Banteng","BTG",2,"dist_str + ndvi_cv + elev + BB + DE",0.611550663969232,0.937295426595682,1.8432875037319
2594,"Banteng","BTG",2,"dist_str + ndvi_cv + elev + BB + DE",0.630702832400291,0.89446878931415,1.87893068874453
2595,"Banteng","BTG",2,"dist_str + ndvi_cv + elev + BB + DE",0.622180405301866,0.860605908648626,1.86298568756617
2596,"Banteng","BTG",2,"dist_str + ndvi_cv + elev + BB + DE",0.608785008956299,0.843182387366912,1.83819666077652
2597,"Banteng","BTG",2,"dist_str + ndvi_cv + elev + BB + DE",0.596254890857107,0.814917494735171,1.81530753042832
2598,"Banteng","BTG",2,"dist_str + ndvi_cv + elev + BB + DE",0.603699056978211,0.800578964843823,1.82887140865702
2599,"Banteng","BTG",2,"dist_str + ndvi_cv + elev + BB + DE",0.577068052478258,0.804745637523823,1.78080955922852
2600,"Banteng","BTG",2,"dist_str + ndvi_cv + elev + BB + DE",0.557997020901965,0.782079495175464,1.74716945026442
2601,"Banteng","BTG",2,"dist_str + ndvi_cv + elev + BB + DE",0.525612701431835,0.774333970308069,1.69149491294877
2602,"Banteng","BTG",2,"dist_str + ndvi_cv + elev + BB + DE",0.513475246210706,0.782730827450291,1.67108856072565
2603,"Banteng","BTG",2,"dist_str + ndvi_cv + elev + BB + DE",0.516573818610446,0.792732390704539,1.67627458237822
2604,"Banteng","BTG",2,"dist_str + ndvi_cv + elev + BB + DE",0.494591450946728,0.803557632548665,1.63982815563629
2605,"Banteng","BTG",2,"dist_str + ndvi_cv + elev + BB + DE",0.473808811825848,0.794674225732313,1.60609989165971
2606,"Banteng","BTG",2,"dist_str + ndvi_cv + elev + BB + DE",0.484597389069456,0.796948791360927,1.62352122986007
2607,"Banteng","BTG",2,"dist_str + ndvi_cv + elev + BB + DE",0.451527755487948,0.809873993677481,1.57071001422581
2608,"Banteng","BTG",2,"dist_str + ndvi_cv + elev + BB + DE",0.473291155171606,0.786197427140879,1.60526870365444
2609,"Banteng","BTG",2,"dist_str + ndvi_cv + elev + BB + DE",0.494066025277078,0.786416314968035,1.63896677812608
2610,"Banteng","BTG",2,"dist_str + ndvi_cv + elev + BB + DE",0.49746189009315,0.731796743279577,1.64454194160908
2611,"Banteng","BTG",2,"dist_str + ndvi_cv + elev + BB + DE",0.51560135976689,0.716708151954146,1.67464532842001
2612,"Banteng","BTG",2,"dist_str + ndvi_cv + elev + BB + DE",0.492935574123773,0.737912697938662,1.63711505102272
2613,"Banteng","BTG",2,"dist_str + ndvi_cv + elev + BB + DE",0.500927165516182,0.730132193678963,1.65025061778117
2614,"Banteng","BTG",2,"dist_str + ndvi_cv + elev + BB + DE",0.494500234372596,0.725653202015452,1.63967859429449
2615,"Banteng","BTG",2,"dist_str + ndvi_cv + elev + BB + DE",0.460753467569739,0.722882976840063,1.5852679874599
2616,"Banteng","BTG",2,"dist_str + ndvi_cv + elev + BB + DE",0.437630499007825,0.721176786232034,1.54903243295448
2617,"Banteng","BTG",2,"dist_str + ndvi_cv + elev + BB + DE",0.466274388668139,0.732824583959609,1.59404435693396
2618,"Banteng","BTG",2,"dist_str + ndvi_cv + elev + BB + DE",0.520139609356663,0.731569605964891,1.68226249294679
2619,"Banteng","BTG",2,"dist_str + ndvi_cv + elev + BB + DE",0.590265616293355,0.72484025720932,1.80446764776017
2620,"Banteng","BTG",2,"dist_str + ndvi_cv + elev + BB + DE",0.604956559204399,0.708891163327772,1.83117267662429
2621,"Banteng","BTG",2,"dist_str + ndvi_cv + elev + BB + DE",0.64113639045802,0.733079105644275,1.89863725904218
2622,"Banteng","BTG",2,"dist_str + ndvi_cv + elev + BB + DE",0.690777569641197,0.7621513749375,1.9952664304594
2623,"Banteng","BTG",2,"dist_str + ndvi_cv + elev + BB + DE",0.715674368814156,0.797837190086274,2.04556568623462
2624,"Banteng","BTG",2,"dist_str + ndvi_cv + elev + BB + DE",0.729005723227916,0.924289345644281,2.07301843217735
2625,"Banteng","BTG",2,"dist_str + ndvi_cv + elev + BB + DE",0.622148796761646,1.15282263719419,1.86292681815324
2626,"Banteng","BTG",2,"dist_str + ndvi_cv + elev + BB + DE",0.601828116812406,1.01762561629126,1.82545289326662
2627,"Banteng","BTG",2,"dist_str + ndvi_cv + elev + BB + DE",0.638789504715679,0.947615715445297,1.89418660173197
2628,"Banteng","BTG",2,"dist_str + ndvi_cv + elev + BB + DE",0.59475803943481,0.918173486796633,1.81259231612059
2629,"Banteng","BTG",2,"dist_str + ndvi_cv + elev + BB + DE",0.579348445946652,0.871862510861857,1.78487510942426
2630,"Banteng","BTG",2,"dist_str + ndvi_cv + elev + BB + DE",0.618484287989797,0.855092076689483,1.85611257663516
2631,"Banteng","BTG",2,"dist_str + ndvi_cv + elev + BB + DE",0.612733239192663,0.824023263419855,1.84546863144236
2632,"Banteng","BTG",2,"dist_str + ndvi_cv + elev + BB + DE",0.59387778830663,0.809574720222155,1.81099749028062
2633,"Banteng","BTG",2,"dist_str + ndvi_cv + elev + BB + DE",0.585323841089422,0.807169978370651,1.79557237217573
2634,"Banteng","BTG",2,"dist_str + ndvi_cv + elev + BB + DE",0.585881368714316,0.802313598687011,1.79657373231363
2635,"Banteng","BTG",2,"dist_str + ndvi_cv + elev + BB + DE",0.565674684955255,0.788212962051164,1.76063535574519
2636,"Banteng","BTG",2,"dist_str + ndvi_cv + elev + BB + DE",0.512316843862,0.793467546410268,1.66915397393262
2637,"Banteng","BTG",2,"dist_str + ndvi_cv + elev + BB + DE",0.506316965621746,0.791394717488152,1.65916915634934
2638,"Banteng","BTG",2,"dist_str + ndvi_cv + elev + BB + DE",0.498227316131856,0.799972655789433,1.64580120039579
2639,"Banteng","BTG",2,"dist_str + ndvi_cv + elev + BB + DE",0.523004941438205,0.813380775813369,1.68708964598884
2640,"Banteng","BTG",2,"dist_str + ndvi_cv + elev + BB + DE",0.500116798978075,0.818799502592989,1.64891385092828
2641,"Banteng","BTG",2,"dist_str + ndvi_cv + elev + BB + DE",0.496893871860484,0.794345950845634,1.64360807961003
2642,"Banteng","BTG",2,"dist_str + ndvi_cv + elev + BB + DE",0.480418766866522,0.791220561212236,1.61675138183899
2643,"Banteng","BTG",2,"dist_str + ndvi_cv + elev + BB + DE",0.482803139670617,0.769689202191898,1.62061084449754
2644,"Banteng","BTG",2,"dist_str + ndvi_cv + elev + BB + DE",0.48796817915362,0.746282935119594,1.62900303517005
2645,"Banteng","BTG",2,"dist_str + ndvi_cv + elev + BB + DE",0.500437171197044,0.738849925483392,1.64944223380842
2646,"Banteng","BTG",2,"dist_str + ndvi_cv + elev + BB + DE",0.497015899441947,0.746100183422593,1.6438086541629
2647,"Banteng","BTG",2,"dist_str + ndvi_cv + elev + BB + DE",0.512128828509215,0.740813284373474,1.66884009193119
2648,"Banteng","BTG",2,"dist_str + ndvi_cv + elev + BB + DE",0.489704978812968,0.751136734020819,1.63183472489311
2649,"Banteng","BTG",2,"dist_str + ndvi_cv + elev + BB + DE",0.515417429931023,0.727986813831387,1.67433730967273
2650,"Banteng","BTG",2,"dist_str + ndvi_cv + elev + BB + DE",0.509823842235507,0.733943793963364,1.66499787023461
2651,"Banteng","BTG",2,"dist_str + ndvi_cv + elev + BB + DE",0.518679046779384,0.729430346093645,1.67980725968192
2652,"Banteng","BTG",2,"dist_str + ndvi_cv + elev + BB + DE",0.547531884465864,0.743453617802006,1.72898043793868
2653,"Banteng","BTG",2,"dist_str + ndvi_cv + elev + BB + DE",0.611891906457651,0.752745220330696,1.84391662602881
2654,"Banteng","BTG",2,"dist_str + ndvi_cv + elev + BB + DE",0.60905348715708,0.745921322636779,1.8386902335256
2655,"Banteng","BTG",2,"dist_str + ndvi_cv + elev + BB + DE",0.659879589857289,0.757096655759322,1.93455938034457
2656,"Banteng","BTG",2,"dist_str + ndvi_cv + elev + BB + DE",0.671679655417391,0.793297961986676,1.95752252941365
2657,"Banteng","BTG",2,"dist_str + ndvi_cv + elev + BB + DE",0.665172356375913,0.822152489480579,1.94482570458236
2658,"Banteng","BTG",2,"dist_str + ndvi_cv + elev + BB + DE",0.646622552258462,0.923150349587375,1.90908211207888
2659,"Banteng","BTG",2,"dist_str + ndvi_cv + elev + BB + DE",0.623722186273752,1.10225222941828,1.86586021172137
2660,"Banteng","BTG",2,"dist_str + ndvi_cv + elev + BB + DE",0.5997818127061,0.99958697459875,1.82172128060511
2661,"Banteng","BTG",2,"dist_str + ndvi_cv + elev + BB + DE",0.617085345641727,0.940325854949077,1.8535178315219
2662,"Banteng","BTG",2,"dist_str + ndvi_cv + elev + BB + DE",0.613411020922457,0.933235021333291,1.84671986793072
2663,"Banteng","BTG",2,"dist_str + ndvi_cv + elev + BB + DE",0.560379597900393,0.883173753160545,1.75133719786762
2664,"Banteng","BTG",2,"dist_str + ndvi_cv + elev + BB + DE",0.579957329579051,0.866715293049492,1.78596222228642
2665,"Banteng","BTG",2,"dist_str + ndvi_cv + elev + BB + DE",0.590101644825336,0.84052499142358,1.80417191317281
2666,"Banteng","BTG",2,"dist_str + ndvi_cv + elev + BB + DE",0.604373988113242,0.813749321647735,1.83010619272151
2667,"Banteng","BTG",2,"dist_str + ndvi_cv + elev + BB + DE",0.599471063118766,0.814066370363675,1.82115527876008
2668,"Banteng","BTG",2,"dist_str + ndvi_cv + elev + BB + DE",0.582544836349066,0.826950005285613,1.7905893972297
2669,"Banteng","BTG",2,"dist_str + ndvi_cv + elev + BB + DE",0.55500715227294,0.800665958706426,1.74195344401619
2670,"Banteng","BTG",2,"dist_str + ndvi_cv + elev + BB + DE",0.551787966645652,0.777777763556966,1.73635479242117
2671,"Banteng","BTG",2,"dist_str + ndvi_cv + elev + BB + DE",0.524147077360605,0.786555826725192,1.6890176356035
2672,"Banteng","BTG",2,"dist_str + ndvi_cv + elev + BB + DE",0.516009953324185,0.801383669346671,1.67532965514081
2673,"Banteng","BTG",2,"dist_str + ndvi_cv + elev + BB + DE",0.499225311221325,0.807545379995257,1.64744451983358
2674,"Banteng","BTG",2,"dist_str + ndvi_cv + elev + BB + DE",0.514921477327671,0.806347415375217,1.67350708929688
2675,"Banteng","BTG",2,"dist_str + ndvi_cv + elev + BB + DE",0.489411082863139,0.78965407496571,1.6313552039699
2676,"Banteng","BTG",2,"dist_str + ndvi_cv + elev + BB + DE",0.487331077838421,0.778184315085811,1.62796550913175
2677,"Banteng","BTG",2,"dist_str + ndvi_cv + elev + BB + DE",0.49121849584007,0.755561587332455,1.63430640328747
2678,"Banteng","BTG",2,"dist_str + ndvi_cv + elev + BB + DE",0.458709695499368,0.760483985888866,1.58203136907463
2679,"Banteng","BTG",2,"dist_str + ndvi_cv + elev + BB + DE",0.47953237471054,0.741232536817006,1.61531886436147
2680,"Banteng","BTG",2,"dist_str + ndvi_cv + elev + BB + DE",0.481642923398964,0.744132744964288,1.61873167158787
2681,"Banteng","BTG",2,"dist_str + ndvi_cv + elev + BB + DE",0.487431240399889,0.741797001149661,1.62812867248135
2682,"Banteng","BTG",2,"dist_str + ndvi_cv + elev + BB + DE",0.538654189126703,0.737258935617443,1.71369904246268
2683,"Banteng","BTG",2,"dist_str + ndvi_cv + elev + BB + DE",0.565970117422981,0.74437703370811,1.76115548317227
2684,"Banteng","BTG",2,"dist_str + ndvi_cv + elev + BB + DE",0.550837383623765,0.7493371282111,1.73470503516644
2685,"Banteng","BTG",2,"dist_str + ndvi_cv + elev + BB + DE",0.569041659366059,0.762300834790584,1.76657326602664
2686,"Banteng","BTG",2,"dist_str + ndvi_cv + elev + BB + DE",0.597727531301193,0.758336322386415,1.81798309184695
2687,"Banteng","BTG",2,"dist_str + ndvi_cv + elev + BB + DE",0.611676801420454,0.780919153917592,1.8435200283164
2688,"Banteng","BTG",2,"dist_str + ndvi_cv + elev + BB + DE",0.647973484331922,0.77768180927086,1.91166289209365
2689,"Banteng","BTG",2,"dist_str + ndvi_cv + elev + BB + DE",0.650156015826028,0.792363925428333,1.91583970710194
2690,"Banteng","BTG",2,"dist_str + ndvi_cv + elev + BB + DE",0.646950577290759,0.79815996032414,1.90970855039661
2691,"Banteng","BTG",2,"dist_str + ndvi_cv + elev + BB + DE",0.628767725348444,0.839165757577969,1.87529827671894
2692,"Banteng","BTG",2,"dist_str + ndvi_cv + elev + BB + DE",0.628908662952922,0.899800040641709,1.87556259590344
2693,"Banteng","BTG",2,"dist_str + ndvi_cv + elev + BB + DE",0.631277641104659,1.07650519172028,1.88001104247466
2694,"Banteng","BTG",2,"dist_str + ndvi_cv + elev + BB + DE",0.597783007109221,1.11545827932663,1.8180836923997
2695,"Banteng","BTG",2,"dist_str + ndvi_cv + elev + BB + DE",0.627876376059705,1.01027537728993,1.87362747237001
2696,"Banteng","BTG",2,"dist_str + ndvi_cv + elev + BB + DE",0.604862298344513,0.953993803206846,1.83100006063093
2697,"Banteng","BTG",2,"dist_str + ndvi_cv + elev + BB + DE",0.593140693725176,0.936559995888015,1.80966316735935
2698,"Banteng","BTG",2,"dist_str + ndvi_cv + elev + BB + DE",0.597527960949747,0.903664712500677,1.81762004287348
2699,"Banteng","BTG",2,"dist_str + ndvi_cv + elev + BB + DE",0.571481017264285,0.864790362111988,1.77088782589459
2700,"Banteng","BTG",2,"dist_str + ndvi_cv + elev + BB + DE",0.575590732853712,0.840824689475261,1.77818066431854
2701,"Banteng","BTG",2,"dist_str + ndvi_cv + elev + BB + DE",0.590025752742363,0.814179087032014,1.8040348821886
2702,"Banteng","BTG",2,"dist_str + ndvi_cv + elev + BB + DE",0.588480355300831,0.805798300564835,1.80124912410397
2703,"Banteng","BTG",2,"dist_str + ndvi_cv + elev + BB + DE",0.601149251661959,0.804904700586699,1.82421408921434
2704,"Banteng","BTG",2,"dist_str + ndvi_cv + elev + BB + DE",0.57261723322574,0.793751702848977,1.77290108139038
2705,"Banteng","BTG",2,"dist_str + ndvi_cv + elev + BB + DE",0.555571758729145,0.778338676102494,1.74293725471491
2706,"Banteng","BTG",2,"dist_str + ndvi_cv + elev + BB + DE",0.524398202590049,0.776316210293398,1.68944184116054
2707,"Banteng","BTG",2,"dist_str + ndvi_cv + elev + BB + DE",0.510439353940879,0.790196547686035,1.66602301569794
2708,"Banteng","BTG",2,"dist_str + ndvi_cv + elev + BB + DE",0.504724191459275,0.788778882772285,1.65652857273542
2709,"Banteng","BTG",2,"dist_str + ndvi_cv + elev + BB + DE",0.495368176194552,0.795164607845539,1.6411023496796
2710,"Banteng","BTG",2,"dist_str + ndvi_cv + elev + BB + DE",0.503181406452465,0.791302331550967,1.65397487572165
2711,"Banteng","BTG",2,"dist_str + ndvi_cv + elev + BB + DE",0.496981400543953,0.787305829058095,1.64375194944933
2712,"Banteng","BTG",2,"dist_str + ndvi_cv + elev + BB + DE",0.492037050789281,0.769584350680193,1.63564473002561
2713,"Banteng","BTG",2,"dist_str + ndvi_cv + elev + BB + DE",0.499518446649578,0.755746827986881,1.6479275765775
2714,"Banteng","BTG",2,"dist_str + ndvi_cv + elev + BB + DE",0.498603748709817,0.7538298076837,1.64642085063615
2715,"Banteng","BTG",2,"dist_str + ndvi_cv + elev + BB + DE",0.515370669441328,0.742165105510774,1.67425898396612
2716,"Banteng","BTG",2,"dist_str + ndvi_cv + elev + BB + DE",0.558718615622979,0.743860878262343,1.74843075597695
2717,"Banteng","BTG",2,"dist_str + ndvi_cv + elev + BB + DE",0.558945180501617,0.736636511722606,1.74882683967402
2718,"Banteng","BTG",2,"dist_str + ndvi_cv + elev + BB + DE",0.59036903258807,0.746438419851317,1.80465430870015
2719,"Banteng","BTG",2,"dist_str + ndvi_cv + elev + BB + DE",0.60250113796009,0.762401137358022,1.82668187501411
2720,"Banteng","BTG",2,"dist_str + ndvi_cv + elev + BB + DE",0.61788460015428,0.760998766465751,1.8549998221094
2721,"Banteng","BTG",2,"dist_str + ndvi_cv + elev + BB + DE",0.609451502252859,0.792634307717286,1.8394222035589
2722,"Banteng","BTG",2,"dist_str + ndvi_cv + elev + BB + DE",0.622348564442851,0.801789958416659,1.86329901619109
2723,"Banteng","BTG",2,"dist_str + ndvi_cv + elev + BB + DE",0.655111115419211,0.819950175979077,1.92535647797014
2724,"Banteng","BTG",2,"dist_str + ndvi_cv + elev + BB + DE",0.68547165340313,0.825711746344885,1.98470770918301
2725,"Banteng","BTG",2,"dist_str + ndvi_cv + elev + BB + DE",0.680791809369341,0.823802486560435,1.97544132357642
2726,"Banteng","BTG",2,"dist_str + ndvi_cv + elev + BB + DE",0.67506050138525,0.866934534664129,1.96415192513924
2727,"Banteng","BTG",2,"dist_str + ndvi_cv + elev + BB + DE",0.630093358104425,0.933159166309218,1.87778588024027
2728,"Banteng","BTG",2,"dist_str + ndvi_cv + elev + BB + DE",0.638698620932956,1.04256178681341,1.89401444404473
2729,"Banteng","BTG",2,"dist_str + ndvi_cv + elev + BB + DE",0.64409570030069,1.18987695140457,1.90426422843799
2730,"Banteng","BTG",2,"dist_str + ndvi_cv + elev + BB + DE",0.643202328391865,1.04073363805585,1.90256377144539
2731,"Banteng","BTG",2,"dist_str + ndvi_cv + elev + BB + DE",0.636043816034202,0.954455623497065,1.88899289226393
2732,"Banteng","BTG",2,"dist_str + ndvi_cv + elev + BB + DE",0.590008302532155,0.915383466404797,1.80400339354102
2733,"Banteng","BTG",2,"dist_str + ndvi_cv + elev + BB + DE",0.61758523385411,0.88059869755055,1.85444459397936
2734,"Banteng","BTG",2,"dist_str + ndvi_cv + elev + BB + DE",0.594166983616699,0.859487232165383,1.81152130598787
2735,"Banteng","BTG",2,"dist_str + ndvi_cv + elev + BB + DE",0.630841013784562,0.840701642854583,1.87919034755218
2736,"Banteng","BTG",2,"dist_str + ndvi_cv + elev + BB + DE",0.595971182451049,0.820465446087783,1.81479258409515
2737,"Banteng","BTG",2,"dist_str + ndvi_cv + elev + BB + DE",0.612002874331984,0.821665155253492,1.84412125217163
2738,"Banteng","BTG",2,"dist_str + ndvi_cv + elev + BB + DE",0.622842222636533,0.815027435042828,1.86421904696507
2739,"Banteng","BTG",2,"dist_str + ndvi_cv + elev + BB + DE",0.602526393141591,0.800307144884356,1.82672802525592
2740,"Banteng","BTG",2,"dist_str + ndvi_cv + elev + BB + DE",0.565203661535237,0.781267482197854,1.75980619091046
2741,"Banteng","BTG",2,"dist_str + ndvi_cv + elev + BB + DE",0.540474227321883,0.785409583259364,1.71682083456047
2742,"Banteng","BTG",2,"dist_str + ndvi_cv + elev + BB + DE",0.51882298992513,0.791918167738266,1.68004908961089
2743,"Banteng","BTG",2,"dist_str + ndvi_cv + elev + BB + DE",0.501577836165112,0.782715048128005,1.65132474003189
2744,"Banteng","BTG",2,"dist_str + ndvi_cv + elev + BB + DE",0.514763944041333,0.802123184407975,1.67324347855286
2745,"Banteng","BTG",2,"dist_str + ndvi_cv + elev + BB + DE",0.523412002557519,0.785457202975683,1.68777653736026
2746,"Banteng","BTG",2,"dist_str + ndvi_cv + elev + BB + DE",0.544504556761066,0.772597018262044,1.72375417741121
2747,"Banteng","BTG",2,"dist_str + ndvi_cv + elev + BB + DE",0.529374389941285,0.767164084517036,1.69786977202284
2748,"Banteng","BTG",2,"dist_str + ndvi_cv + elev + BB + DE",0.524755460935706,0.747826804219908,1.69004553523515
2749,"Banteng","BTG",2,"dist_str + ndvi_cv + elev + BB + DE",0.507561245989819,0.744052865807439,1.66123490788496
2750,"Banteng","BTG",2,"dist_str + ndvi_cv + elev + BB + DE",0.556961317169972,0.752941935699181,1.7453608641022
2751,"Banteng","BTG",2,"dist_str + ndvi_cv + elev + BB + DE",0.564825393214024,0.766764418441302,1.75914059976336
2752,"Banteng","BTG",2,"dist_str + ndvi_cv + elev + BB + DE",0.591540870127975,0.771803934352358,1.80677029788147
2753,"Banteng","BTG",2,"dist_str + ndvi_cv + elev + BB + DE",0.607366340983013,0.769044111788565,1.83559070833064
2754,"Banteng","BTG",2,"dist_str + ndvi_cv + elev + BB + DE",0.628567201511631,0.779459847270959,1.87492226825896
2755,"Banteng","BTG",2,"dist_str + ndvi_cv + elev + BB + DE",0.625752954867656,0.79851236715095,1.8696532059198
2756,"Banteng","BTG",2,"dist_str + ndvi_cv + elev + BB + DE",0.631157286852088,0.796817581099086,1.87978477864929
2757,"Banteng","BTG",2,"dist_str + ndvi_cv + elev + BB + DE",0.631122332221081,0.823703565516637,1.87971906510828
2758,"Banteng","BTG",2,"dist_str + ndvi_cv + elev + BB + DE",0.677523772669264,0.841228609160188,1.96899601910408
2759,"Banteng","BTG",2,"dist_str + ndvi_cv + elev + BB + DE",0.693954944387076,0.859932558028583,2.00161621092482
2760,"Banteng","BTG",2,"dist_str + ndvi_cv + elev + BB + DE",0.669764949406964,0.877673822747681,1.95377803137571
2761,"Banteng","BTG",2,"dist_str + ndvi_cv + elev + BB + DE",0.66614159460506,0.911624320958893,1.94671163298781
2762,"Banteng","BTG",2,"dist_str + ndvi_cv + elev + BB + DE",0.611446477871968,1.00359816106509,1.84309546881422
2763,"Banteng","BTG",2,"dist_str + ndvi_cv + elev + BB + DE",0.654763770714932,1.14536645294604,1.92468780054571
2764,"Banteng","BTG",2,"dist_str + ndvi_cv + elev + BB + DE",0.648048390345145,1.14404242613809,1.91180609250425
2765,"Banteng","BTG",2,"dist_str + ndvi_cv + elev + BB + DE",0.651551068254658,0.990869927217978,1.91851432524388
2766,"Banteng","BTG",2,"dist_str + ndvi_cv + elev + BB + DE",0.623059895674024,0.917005154074263,1.86462490309078
2767,"Banteng","BTG",2,"dist_str + ndvi_cv + elev + BB + DE",0.625026451771797,0.882053505275652,1.86829537853005
2768,"Banteng","BTG",2,"dist_str + ndvi_cv + elev + BB + DE",0.627030459859548,0.874978677265505,1.87204321278572
2769,"Banteng","BTG",2,"dist_str + ndvi_cv + elev + BB + DE",0.618278020378681,0.842682563290069,1.85572976065066
2770,"Banteng","BTG",2,"dist_str + ndvi_cv + elev + BB + DE",0.595696929508075,0.842454588163039,1.8142949465949
2771,"Banteng","BTG",2,"dist_str + ndvi_cv + elev + BB + DE",0.594709424662866,0.821803579465472,1.81250421728306
2772,"Banteng","BTG",2,"dist_str + ndvi_cv + elev + BB + DE",0.594001830677341,0.82706581230536,1.81122213600049
2773,"Banteng","BTG",2,"dist_str + ndvi_cv + elev + BB + DE",0.601475093923052,0.809234636911735,1.8248085847243
2774,"Banteng","BTG",2,"dist_str + ndvi_cv + elev + BB + DE",0.586527436107359,0.810463563080176,1.79773482591789
2775,"Banteng","BTG",2,"dist_str + ndvi_cv + elev + BB + DE",0.577384156748611,0.80573448591047,1.78137254651693
2776,"Banteng","BTG",2,"dist_str + ndvi_cv + elev + BB + DE",0.537580360469998,0.78089869303152,1.71185976349984
2777,"Banteng","BTG",2,"dist_str + ndvi_cv + elev + BB + DE",0.53598972122128,0.787988683732038,1.70913898123104
2778,"Banteng","BTG",2,"dist_str + ndvi_cv + elev + BB + DE",0.546744671745006,0.800424790896216,1.72761988567315
2779,"Banteng","BTG",2,"dist_str + ndvi_cv + elev + BB + DE",0.56023739046237,0.771271187570925,1.75108815654294
2780,"Banteng","BTG",2,"dist_str + ndvi_cv + elev + BB + DE",0.572069807637851,0.767291606303272,1.77193081443663
2781,"Banteng","BTG",2,"dist_str + ndvi_cv + elev + BB + DE",0.53958676892109,0.774394795080667,1.71529797550516
2782,"Banteng","BTG",2,"dist_str + ndvi_cv + elev + BB + DE",0.562026819983655,0.759229909469925,1.75422439661585
2783,"Banteng","BTG",2,"dist_str + ndvi_cv + elev + BB + DE",0.563515244755316,0.74714605582839,1.75683738924039
2784,"Banteng","BTG",2,"dist_str + ndvi_cv + elev + BB + DE",0.590023438292353,0.771762808256396,1.80403069831469
2785,"Banteng","BTG",2,"dist_str + ndvi_cv + elev + BB + DE",0.632284376206365,0.767222823907243,1.88190465496313
2786,"Banteng","BTG",2,"dist_str + ndvi_cv + elev + BB + DE",0.612152414004651,0.777570921639323,1.84439707218466
2787,"Banteng","BTG",2,"dist_str + ndvi_cv + elev + BB + DE",0.644063910043063,0.803002901068155,1.90420374209309
2788,"Banteng","BTG",2,"dist_str + ndvi_cv + elev + BB + DE",0.618735073536019,0.816303694669211,1.85657812394621
2789,"Banteng","BTG",2,"dist_str + ndvi_cv + elev + BB + DE",0.649726236608967,0.826201110838476,1.91501652523751
2790,"Banteng","BTG",2,"dist_str + ndvi_cv + elev + BB + DE",0.632282247619979,0.844105935355269,1.88190065026026
2791,"Banteng","BTG",2,"dist_str + ndvi_cv + elev + BB + DE",0.673041946205981,0.84622799869023,1.96019105779205
2792,"Banteng","BTG",2,"dist_str + ndvi_cv + elev + BB + DE",0.658438637153184,0.86669353484705,1.93177378371416
2793,"Banteng","BTG",2,"dist_str + ndvi_cv + elev + BB + DE",0.715422982989408,0.896349138695727,2.04505153772378
2794,"Banteng","BTG",2,"dist_str + ndvi_cv + elev + BB + DE",0.704529164302241,0.943175398440209,2.0228940342998
2795,"Banteng","BTG",2,"dist_str + ndvi_cv + elev + BB + DE",0.640769917641863,1.03845468329898,1.89794158885009
2796,"Banteng","BTG",2,"dist_str + ndvi_cv + elev + BB + DE",0.657708032675956,1.13824097331813,1.93036293285117
2797,"Banteng","BTG",2,"dist_str + ndvi_cv + elev + BB + DE",0.662081489333431,0.959409526268325,1.93882389589003
2798,"Banteng","BTG",2,"dist_str + ndvi_cv + elev + BB + DE",0.649716730614605,0.876060329241587,1.91499829186778
2799,"Banteng","BTG",2,"dist_str + ndvi_cv + elev + BB + DE",0.656293480492465,0.863389880322401,1.92763426454187
2800,"Banteng","BTG",2,"dist_str + ndvi_cv + elev + BB + DE",0.622604331981273,0.849339735027538,1.86377561727977
2801,"Banteng","BTG",2,"dist_str + ndvi_cv + elev + BB + DE",0.595190388252383,0.839155652189467,1.81337617455861
2802,"Banteng","BTG",2,"dist_str + ndvi_cv + elev + BB + DE",0.587642370617778,0.831836975276646,1.79974033849919
2803,"Banteng","BTG",2,"dist_str + ndvi_cv + elev + BB + DE",0.606131808972046,0.82089780725287,1.8333260146568
2804,"Banteng","BTG",2,"dist_str + ndvi_cv + elev + BB + DE",0.608045091809679,0.821381210235651,1.83683706139849
2805,"Banteng","BTG",2,"dist_str + ndvi_cv + elev + BB + DE",0.598022853667875,0.813630233157114,1.81851981054905
2806,"Banteng","BTG",2,"dist_str + ndvi_cv + elev + BB + DE",0.587720733299985,0.807741132170801,1.79988132797716
2807,"Banteng","BTG",2,"dist_str + ndvi_cv + elev + BB + DE",0.581249229629699,0.798713502641419,1.7882709996193
2808,"Banteng","BTG",2,"dist_str + ndvi_cv + elev + BB + DE",0.585474416053077,0.792568651005641,1.7958427611784
2809,"Banteng","BTG",2,"dist_str + ndvi_cv + elev + BB + DE",0.611034948511359,0.809626031992656,1.84233713678424
2810,"Banteng","BTG",2,"dist_str + ndvi_cv + elev + BB + DE",0.60691804792253,0.793698912385963,1.83476801176695
2811,"Banteng","BTG",2,"dist_str + ndvi_cv + elev + BB + DE",0.619051588273215,0.791809135162779,1.85716585657331
2812,"Banteng","BTG",2,"dist_str + ndvi_cv + elev + BB + DE",0.594194748219967,0.79319628929954,1.81157159258871
2813,"Banteng","BTG",2,"dist_str + ndvi_cv + elev + BB + DE",0.606087543735167,0.762766998835094,1.83324485925701
2814,"Banteng","BTG",2,"dist_str + ndvi_cv + elev + BB + DE",0.616659631337612,0.778331222578791,1.85272890044667
2815,"Banteng","BTG",2,"dist_str + ndvi_cv + elev + BB + DE",0.648915267698998,0.767184084884548,1.91346410656152
2816,"Banteng","BTG",2,"dist_str + ndvi_cv + elev + BB + DE",0.641756832185036,0.770068030578581,1.89981560810641
2817,"Banteng","BTG",2,"dist_str + ndvi_cv + elev + BB + DE",0.655480434623749,0.798464973688591,1.92606764539268
2818,"Banteng","BTG",2,"dist_str + ndvi_cv + elev + BB + DE",0.646206435259307,0.826560922677061,1.90828786913186
2819,"Banteng","BTG",2,"dist_str + ndvi_cv + elev + BB + DE",0.663230017024191,0.840764236493815,1.94105185237645
2820,"Banteng","BTG",2,"dist_str + ndvi_cv + elev + BB + DE",0.641773132009671,0.860635777549104,1.89984657500579
2821,"Banteng","BTG",2,"dist_str + ndvi_cv + elev + BB + DE",0.649368986464882,0.88326184137416,1.91433248346771
2822,"Banteng","BTG",2,"dist_str + ndvi_cv + elev + BB + DE",0.657118849532746,0.896011231977956,1.92922593465482
2823,"Banteng","BTG",2,"dist_str + ndvi_cv + elev + BB + DE",0.686266904591857,0.977200292935985,1.9862866885296
2824,"Banteng","BTG",2,"dist_str + ndvi_cv + elev + BB + DE",0.68015815754975,1.0533833753177,1.97418994272744
2825,"Banteng","BTG",2,"dist_str + ndvi_cv + elev + BB + DE",0.664323517454909,1.00275961579658,1.94317559630877
2826,"Banteng","BTG",2,"dist_str + ndvi_cv + elev + BB + DE",0.650444950969633,0.913718032887975,1.91639334170173
2827,"Banteng","BTG",2,"dist_str + ndvi_cv + elev + BB + DE",0.622479261951385,0.861965108458361,1.86354255707467
2828,"Banteng","BTG",2,"dist_str + ndvi_cv + elev + BB + DE",0.611324743486416,0.854077309277069,1.84287111402696
2829,"Banteng","BTG",2,"dist_str + ndvi_cv + elev + BB + DE",0.610887158655721,0.848932295402531,1.84206489381128
2830,"Banteng","BTG",2,"dist_str + ndvi_cv + elev + BB + DE",0.606479850839764,0.81522578444886,1.83396419952118
2831,"Banteng","BTG",2,"dist_str + ndvi_cv + elev + BB + DE",0.597894820928779,0.813239230607125,1.81828695915793
2832,"Banteng","BTG",2,"dist_str + ndvi_cv + elev + BB + DE",0.621309440102239,0.820367441480326,1.86136380497533
2833,"Banteng","BTG",2,"dist_str + ndvi_cv + elev + BB + DE",0.645486590350862,0.820025250318938,1.90691469184081
2834,"Banteng","BTG",2,"dist_str + ndvi_cv + elev + BB + DE",0.661424216671955,0.811524765908786,1.93754986528225
2835,"Banteng","BTG",2,"dist_str + ndvi_cv + elev + BB + DE",0.630566114985669,0.809762005980752,1.87867383217756
2836,"Banteng","BTG",2,"dist_str + ndvi_cv + elev + BB + DE",0.65457504238934,0.784066742752552,1.92432458802748
2837,"Banteng","BTG",2,"dist_str + ndvi_cv + elev + BB + DE",0.635294273890163,0.800964025100805,1.8875775343276
2838,"Banteng","BTG",2,"dist_str + ndvi_cv + elev + BB + DE",0.63235383338627,0.809261455311247,1.88203536948802
2839,"Banteng","BTG",2,"dist_str + ndvi_cv + elev + BB + DE",0.641441385985299,0.797064378741056,1.89921641890343
2840,"Banteng","BTG",2,"dist_str + ndvi_cv + elev + BB + DE",0.638555219372184,0.790264418418481,1.89374286224008
2841,"Banteng","BTG",2,"dist_str + ndvi_cv + elev + BB + DE",0.649649013767156,0.789577833768482,1.91486870574145
2842,"Banteng","BTG",2,"dist_str + ndvi_cv + elev + BB + DE",0.675103165213613,0.781663903153244,1.96423561609343
2843,"Banteng","BTG",2,"dist_str + ndvi_cv + elev + BB + DE",0.669702023711601,0.795917254786853,1.95365514115217
2844,"Banteng","BTG",2,"dist_str + ndvi_cv + elev + BB + DE",0.689227388252331,0.79888777557377,1.99217576321383
2845,"Banteng","BTG",2,"dist_str + ndvi_cv + elev + BB + DE",0.69353657949528,0.822652504054693,2.00077895199197
2846,"Banteng","BTG",2,"dist_str + ndvi_cv + elev + BB + DE",0.683454768104416,0.843459743695404,1.98070888937806
2847,"Banteng","BTG",2,"dist_str + ndvi_cv + elev + BB + DE",0.664028497956911,0.892231714925139,1.94260236287735
2848,"Banteng","BTG",2,"dist_str + ndvi_cv + elev + BB + DE",0.68044584685727,0.914617280734455,1.97475798134598
2849,"Banteng","BTG",2,"dist_str + ndvi_cv + elev + BB + DE",0.649923588951965,0.968027026298924,1.91539454018231
2850,"Banteng","BTG",2,"dist_str + ndvi_cv + elev + BB + DE",0.674718723910244,1.03024536410267,1.96348066159828
2851,"Banteng","BTG",2,"dist_str + ndvi_cv + elev + BB + DE",0.663831494641328,0.931636457999771,1.94221970702088
2852,"Banteng","BTG",2,"dist_str + ndvi_cv + elev + BB + DE",0.630621454538086,0.911287445255692,1.87877779245196
2853,"Banteng","BTG",2,"dist_str + ndvi_cv + elev + BB + DE",0.636799433429131,0.889186297444991,1.89042077318519
2854,"Banteng","BTG",2,"dist_str + ndvi_cv + elev + BB + DE",0.650400654207156,0.878285363614159,1.91630845545981
2855,"Banteng","BTG",2,"dist_str + ndvi_cv + elev + BB + DE",0.638154223080692,0.839521820103719,1.89298363541355
2856,"Banteng","BTG",2,"dist_str + ndvi_cv + elev + BB + DE",0.613736847509575,0.820639715734654,1.84732171123759
2857,"Banteng","BTG",2,"dist_str + ndvi_cv + elev + BB + DE",0.625706305838977,0.828574903529663,1.86956598445281
2858,"Banteng","BTG",2,"dist_str + ndvi_cv + elev + BB + DE",0.663306768699307,0.819708559996743,1.94120083783892
2859,"Banteng","BTG",2,"dist_str + ndvi_cv + elev + BB + DE",0.686885903586678,0.827132038106089,1.98751656795835
2860,"Banteng","BTG",2,"dist_str + ndvi_cv + elev + BB + DE",0.715768888537632,0.801192881225863,2.04575904353302
2861,"Banteng","BTG",2,"dist_str + ndvi_cv + elev + BB + DE",0.683433334094585,0.811228008318335,1.98066637498916
2862,"Banteng","BTG",2,"dist_str + ndvi_cv + elev + BB + DE",0.691006782325761,0.807833018559448,1.99572378156938
2863,"Banteng","BTG",2,"dist_str + ndvi_cv + elev + BB + DE",0.682802265116315,0.808207537346142,1.9794168483914
2864,"Banteng","BTG",2,"dist_str + ndvi_cv + elev + BB + DE",0.686471568300416,0.81183050626849,1.98669324157321
2865,"Banteng","BTG",2,"dist_str + ndvi_cv + elev + BB + DE",0.68893415291163,0.787033179884382,1.99159168227308
2866,"Banteng","BTG",2,"dist_str + ndvi_cv + elev + BB + DE",0.686772569913236,0.791923458302535,1.98729132815942
2867,"Banteng","BTG",2,"dist_str + ndvi_cv + elev + BB + DE",0.701452884551885,0.807232539693835,2.01668058871864
2868,"Banteng","BTG",2,"dist_str + ndvi_cv + elev + BB + DE",0.696183310760554,0.809929702445267,2.00608152630386
2869,"Banteng","BTG",2,"dist_str + ndvi_cv + elev + BB + DE",0.730285331249094,0.832140655464614,2.0756728074945
2870,"Banteng","BTG",2,"dist_str + ndvi_cv + elev + BB + DE",0.709765972287953,0.87585755451239,2.03351532534002
2871,"Banteng","BTG",2,"dist_str + ndvi_cv + elev + BB + DE",0.710813006141266,0.909076480754007,2.03564559628528
2872,"Banteng","BTG",2,"dist_str + ndvi_cv + elev + BB + DE",0.670817690575767,1.01214001085679,1.9558359375089
2873,"Banteng","BTG",2,"dist_str + ndvi_cv + elev + BB + DE",0.661350650927963,1.06890321128688,1.93740732952655
2874,"Banteng","BTG",2,"dist_str + ndvi_cv + elev + BB + DE",0.702959427741963,1.05273133806711,2.01972109041679
2875,"Banteng","BTG",2,"dist_str + ndvi_cv + elev + BB + DE",0.68308135019006,0.929242451670686,1.97996932464663
2876,"Banteng","BTG",2,"dist_str + ndvi_cv + elev + BB + DE",0.634534914546745,0.914270843579222,1.88614477684663
2877,"Banteng","BTG",2,"dist_str + ndvi_cv + elev + BB + DE",0.641638829500951,0.902125383819079,1.89959143625804
2878,"Banteng","BTG",2,"dist_str + ndvi_cv + elev + BB + DE",0.648000577684454,0.887798999694849,1.91171468048018
2879,"Banteng","BTG",2,"dist_str + ndvi_cv + elev + BB + DE",0.62794406797744,0.886553353456335,1.87375431855379
2880,"Banteng","BTG",2,"dist_str + ndvi_cv + elev + BB + DE",0.650655129524558,0.841296760994439,1.91679616816315
2881,"Banteng","BTG",2,"dist_str + ndvi_cv + elev + BB + DE",0.667959093917708,0.840885947374036,1.9502529995149
2882,"Banteng","BTG",2,"dist_str + ndvi_cv + elev + BB + DE",0.712430559505376,0.821873466998988,2.03894102264215
2883,"Banteng","BTG",2,"dist_str + ndvi_cv + elev + BB + DE",0.727410205064854,0.827816970116649,2.06971353053597
2884,"Banteng","BTG",2,"dist_str + ndvi_cv + elev + BB + DE",0.743008098225685,0.820660863099546,2.10224985384752
2885,"Banteng","BTG",2,"dist_str + ndvi_cv + elev + BB + DE",0.758072460162064,0.830723749247565,2.13415858712577
2886,"Banteng","BTG",2,"dist_str + ndvi_cv + elev + BB + DE",0.719457938070782,0.82601092591355,2.0533199041112
2887,"Banteng","BTG",2,"dist_str + ndvi_cv + elev + BB + DE",0.70384993768389,0.831273988501134,2.02152048506142
2888,"Banteng","BTG",2,"dist_str + ndvi_cv + elev + BB + DE",0.726102911243089,0.816299734467592,2.06700957440845
2889,"Banteng","BTG",2,"dist_str + ndvi_cv + elev + BB + DE",0.714561763164714,0.797628746264323,2.04329104077955
2890,"Banteng","BTG",2,"dist_str + ndvi_cv + elev + BB + DE",0.738961529958023,0.837260925912123,2.09376007801342
2891,"Banteng","BTG",2,"dist_str + ndvi_cv + elev + BB + DE",0.744219665060747,0.84528355048564,2.10479838694483
2892,"Banteng","BTG",2,"dist_str + ndvi_cv + elev + BB + DE",0.738035072474164,0.860845386659884,2.09182119899968
2893,"Banteng","BTG",2,"dist_str + ndvi_cv + elev + BB + DE",0.73363236255602,0.890713965993556,2.08263175920492
2894,"Banteng","BTG",2,"dist_str + ndvi_cv + elev + BB + DE",0.749305209533147,0.933544835906721,2.11552965604035
2895,"Banteng","BTG",2,"dist_str + ndvi_cv + elev + BB + DE",0.689551329953542,1.07290568475988,1.99282121477454
2896,"Banteng","BTG",2,"dist_str + ndvi_cv + elev + BB + DE",0.692655512799595,1.00468311960074,1.99901690935914
2897,"Banteng","BTG",2,"dist_str + ndvi_cv + elev + BB + DE",0.6710899506089,0.954051280786761,1.95636851009694
2898,"Banteng","BTG",2,"dist_str + ndvi_cv + elev + BB + DE",0.669194074848045,0.927105640804062,1.9526630054954
2899,"Banteng","BTG",2,"dist_str + ndvi_cv + elev + BB + DE",0.638588379574165,0.900793227485548,1.89380565701095
2900,"Banteng","BTG",2,"dist_str + ndvi_cv + elev + BB + DE",0.62887471076068,0.885029890995404,1.87549894115781
2901,"Banteng","BTG",2,"dist_str + ndvi_cv + elev + BB + DE",0.667659735744097,0.871056563078527,1.94966924912894
2902,"Banteng","BTG",2,"dist_str + ndvi_cv + elev + BB + DE",0.663463499944055,0.857818590332522,1.94150510621626
2903,"Banteng","BTG",2,"dist_str + ndvi_cv + elev + BB + DE",0.737352286394998,0.842092780430704,2.09039341867715
2904,"Banteng","BTG",2,"dist_str + ndvi_cv + elev + BB + DE",0.755605675811479,0.835346562128989,2.12890056797924
2905,"Banteng","BTG",2,"dist_str + ndvi_cv + elev + BB + DE",0.78127208507892,0.835088473336283,2.1842490656097
2906,"Banteng","BTG",2,"dist_str + ndvi_cv + elev + BB + DE",0.752703765935916,0.854698208636565,2.12273163643431
2907,"Banteng","BTG",2,"dist_str + ndvi_cv + elev + BB + DE",0.744660014126022,0.827161088407236,2.10572539654984
2908,"Banteng","BTG",2,"dist_str + ndvi_cv + elev + BB + DE",0.773987708050948,0.830615023707919,2.16839596651039
2909,"Banteng","BTG",2,"dist_str + ndvi_cv + elev + BB + DE",0.727251400548735,0.846650431487632,2.06938502822935
2910,"Banteng","BTG",2,"dist_str + ndvi_cv + elev + BB + DE",0.745131537963162,0.844027930605345,2.1067186492688
2911,"Banteng","BTG",2,"dist_str + ndvi_cv + elev + BB + DE",0.757249763212399,0.86081352404163,2.13240356247773
2912,"Banteng","BTG",2,"dist_str + ndvi_cv + elev + BB + DE",0.748974347302068,0.893032170161508,2.11482983311425
2913,"Banteng","BTG",2,"dist_str + ndvi_cv + elev + BB + DE",0.773493698633266,0.910792145427668,2.16732503816284
2914,"Banteng","BTG",2,"dist_str + ndvi_cv + elev + BB + DE",0.749272392545345,0.955235623486149,2.11546025523867
2915,"Banteng","BTG",2,"dist_str + ndvi_cv + elev + BB + DE",0.702509492129854,1.25077655203771,2.01881267701093
2916,"Banteng","BTG",2,"dist_str + ndvi_cv + elev + BB + DE",0.699431609855115,1.11126516449065,2.01260843553291
2917,"Banteng","BTG",2,"dist_str + ndvi_cv + elev + BB + DE",0.710831630756565,1.02990034895336,2.0356835531475
2918,"Banteng","BTG",2,"dist_str + ndvi_cv + elev + BB + DE",0.692886596343118,0.991570459127771,1.99947889955524
2919,"Banteng","BTG",2,"dist_str + ndvi_cv + elev + BB + DE",0.678575424951585,0.958813812590002,1.97106783346737
2920,"Banteng","BTG",2,"dist_str + ndvi_cv + elev + BB + DE",0.70494552552887,0.943633176474604,2.02373644784462
2921,"Banteng","BTG",2,"dist_str + ndvi_cv + elev + BB + DE",0.667061724018477,0.927558840624882,1.94850365973771
2922,"Banteng","BTG",2,"dist_str + ndvi_cv + elev + BB + DE",0.696383670572867,0.89531754744064,2.00648346886654
2923,"Banteng","BTG",2,"dist_str + ndvi_cv + elev + BB + DE",0.713810365919112,0.890868196290874,2.04175646115323
2924,"Banteng","BTG",2,"dist_str + ndvi_cv + elev + BB + DE",0.748354635289451,0.889122890419227,2.11351964613227
2925,"Banteng","BTG",2,"dist_str + ndvi_cv + elev + BB + DE",0.799883223923166,0.850310705655177,2.22528106753306
2926,"Banteng","BTG",2,"dist_str + ndvi_cv + elev + BB + DE",0.794896853956534,0.872114160815827,2.21421260130376
2927,"Banteng","BTG",2,"dist_str + ndvi_cv + elev + BB + DE",0.793862860595726,0.875125485137701,2.21192432714366
2928,"Banteng","BTG",2,"dist_str + ndvi_cv + elev + BB + DE",0.785392825339765,0.858826849321001,2.19326834635783
2929,"Banteng","BTG",2,"dist_str + ndvi_cv + elev + BB + DE",0.761485160587847,0.856209734255421,2.14145427136941
2930,"Banteng","BTG",2,"dist_str + ndvi_cv + elev + BB + DE",0.77357405594227,0.868500043859278,2.16749918994107
2931,"Banteng","BTG",2,"dist_str + ndvi_cv + elev + BB + DE",0.755374011024561,0.885565701946555,2.12840742326627
2932,"Banteng","BTG",2,"dist_str + ndvi_cv + elev + BB + DE",0.797560141066482,0.929703155637854,2.22011775112058
2933,"Banteng","BTG",2,"dist_str + ndvi_cv + elev + BB + DE",0.779813920124635,0.956556190891666,2.18106678342131
2934,"Banteng","BTG",2,"dist_str + ndvi_cv + elev + BB + DE",0.777254343246893,0.992055922837785,2.17549090892795
2935,"Banteng","BTG",2,"dist_str + ndvi_cv + elev + BB + DE",0.774804834287444,1.11718887827501,2.1701685646922
2936,"Banteng","BTG",2,"dist_str + ndvi_cv + elev + BB + DE",0.674128218011738,1.28139253075963,1.96232151459104
2937,"Banteng","BTG",2,"dist_str + ndvi_cv + elev + BB + DE",0.737724589830306,1.15504435453678,2.0911720374691
2938,"Banteng","BTG",2,"dist_str + ndvi_cv + elev + BB + DE",0.716761474252562,1.05355284624059,2.04779064651154
2939,"Banteng","BTG",2,"dist_str + ndvi_cv + elev + BB + DE",0.724941513466512,1.02600408461838,2.06461034559827
2940,"Banteng","BTG",2,"dist_str + ndvi_cv + elev + BB + DE",0.739894456166546,0.994725674624529,2.09571431430538
2941,"Banteng","BTG",2,"dist_str + ndvi_cv + elev + BB + DE",0.731363462455703,0.98787156990254,2.07791183610718
2942,"Banteng","BTG",2,"dist_str + ndvi_cv + elev + BB + DE",0.713268553879809,0.940997041328263,2.04065034592773
2943,"Banteng","BTG",2,"dist_str + ndvi_cv + elev + BB + DE",0.738250352193183,0.929825478627922,2.09227158509488
2944,"Banteng","BTG",2,"dist_str + ndvi_cv + elev + BB + DE",0.773749846070668,0.918571202528144,2.16788025441512
2945,"Banteng","BTG",2,"dist_str + ndvi_cv + elev + BB + DE",0.768722539375402,0.901695723432442,2.15700903258031
2946,"Banteng","BTG",2,"dist_str + ndvi_cv + elev + BB + DE",0.796230031530478,0.890401365886996,2.21716650946271
2947,"Banteng","BTG",2,"dist_str + ndvi_cv + elev + BB + DE",0.784201543264721,0.883894984636839,2.19065712684622
2948,"Banteng","BTG",2,"dist_str + ndvi_cv + elev + BB + DE",0.770096161107106,0.8985023916947,2.1599739591594
2949,"Banteng","BTG",2,"dist_str + ndvi_cv + elev + BB + DE",0.775179415375792,0.900589119892414,2.17098160377781
2950,"Banteng","BTG",2,"dist_str + ndvi_cv + elev + BB + DE",0.772446052308538,0.887686725906764,2.16505562156665
2951,"Banteng","BTG",2,"dist_str + ndvi_cv + elev + BB + DE",0.773332053076372,0.890221688947063,2.16697475399318
2952,"Banteng","BTG",2,"dist_str + ndvi_cv + elev + BB + DE",0.769764884965451,0.917599939078694,2.15925852180149
2953,"Banteng","BTG",2,"dist_str + ndvi_cv + elev + BB + DE",0.784063371577252,0.957342352424408,2.19035443144971
2954,"Banteng","BTG",2,"dist_str + ndvi_cv + elev + BB + DE",0.794659988611599,1.00011925464362,2.21368870654319
2955,"Banteng","BTG",2,"dist_str + ndvi_cv + elev + BB + DE",0.833111914795106,1.0642842209851,2.30046648526448
2956,"Banteng","BTG",2,"dist_str + ndvi_cv + elev + BB + DE",0.670262622220701,1.27513768329838,1.95475061747845
2957,"Banteng","BTG",2,"dist_str + ndvi_cv + elev + BB + DE",0.691271532385325,1.18282020128149,1.99625222177394
2958,"Banteng","BTG",2,"dist_str + ndvi_cv + elev + BB + DE",0.731478875903702,1.10949463497154,2.07815166948287
2959,"Banteng","BTG",2,"dist_str + ndvi_cv + elev + BB + DE",0.719789589271599,1.07342928786811,2.05400098423658
2960,"Banteng","BTG",2,"dist_str + ndvi_cv + elev + BB + DE",0.724756331538127,1.03608853743022,2.06422805765754
2961,"Banteng","BTG",2,"dist_str + ndvi_cv + elev + BB + DE",0.748599637992848,1.02218150390629,2.11403772533287
2962,"Banteng","BTG",2,"dist_str + ndvi_cv + elev + BB + DE",0.749925560777277,0.978294992151822,2.11684245061096
2963,"Banteng","BTG",2,"dist_str + ndvi_cv + elev + BB + DE",0.804282807180037,0.951640301742493,2.23509293130569
2964,"Banteng","BTG",2,"dist_str + ndvi_cv + elev + BB + DE",0.820083375550601,0.944944783614135,2.27068915149987
2965,"Banteng","BTG",2,"dist_str + ndvi_cv + elev + BB + DE",0.785536658037459,0.927675382813233,2.19358386273109
2966,"Banteng","BTG",2,"dist_str + ndvi_cv + elev + BB + DE",0.770835767821235,0.930175743648491,2.16157216295375
2967,"Banteng","BTG",2,"dist_str + ndvi_cv + elev + BB + DE",0.780454535886666,0.926081717368437,2.18246406345445
2968,"Banteng","BTG",2,"dist_str + ndvi_cv + elev + BB + DE",0.805904592344774,0.934952074341775,2.23872073699944
2969,"Banteng","BTG",2,"dist_str + ndvi_cv + elev + BB + DE",0.811097355164581,0.943885941227393,2.25037610917985
2970,"Banteng","BTG",2,"dist_str + ndvi_cv + elev + BB + DE",0.798017952898193,0.955092486093455,2.22113418051515
2971,"Banteng","BTG",2,"dist_str + ndvi_cv + elev + BB + DE",0.825725456915165,0.961747087347546,2.28353677215019
2972,"Banteng","BTG",2,"dist_str + ndvi_cv + elev + BB + DE",0.830027614829984,1.00348102231401,2.29338207077657
2973,"Banteng","BTG",2,"dist_str + ndvi_cv + elev + BB + DE",0.819748276424555,1.09759781351654,2.26992837127019
2974,"Banteng","BTG",2,"dist_str + ndvi_cv + elev + BB + DE",0.759240485959333,1.11104248295615,2.13665285798229
2975,"Banteng","BTG",2,"dist_str + ndvi_cv + elev + BB + DE",0.751398738551672,1.07527903994894,2.11996322357722
2976,"Banteng","BTG",2,"dist_str + ndvi_cv + elev + BB + DE",0.804882507548077,1.04448617621795,2.23643372723865
2977,"Banteng","BTG",2,"dist_str + ndvi_cv + elev + BB + DE",0.806874843264596,1.00256857029622,2.24089390405646
2978,"Banteng","BTG",2,"dist_str + ndvi_cv + elev + BB + DE",0.769153385673301,0.999672369777645,2.15793859301586
2979,"Banteng","BTG",2,"dist_str + ndvi_cv + elev + BB + DE",0.801002553511991,0.97298084062487,2.22777330641215
2980,"Banteng","BTG",2,"dist_str + ndvi_cv + elev + BB + DE",0.794061004481665,0.960941597243113,2.2123626231544
2981,"Banteng","BTG",2,"dist_str + ndvi_cv + elev + BB + DE",0.769569206758203,0.968492940470001,2.15883604156913
2982,"Banteng","BTG",2,"dist_str + ndvi_cv + elev + BB + DE",0.81075331039788,0.990630626888067,2.2496020072001
2983,"Banteng","BTG",2,"dist_str + ndvi_cv + elev + BB + DE",0.796620188553893,1.00864336762057,2.21803171683477
2984,"Banteng","BTG",2,"dist_str + ndvi_cv + elev + BB + DE",0.818109565424752,1.04061888125074,2.26621166114429
2985,"Banteng","BTG",2,"dist_str + ndvi_cv + elev + BB + DE",0.815257494619802,1.06040752906715,2.25975753965934
2986,"Banteng","BTG",2,"dist_str + ndvi_cv + elev + BB + DE",0.810274692708024,1.1326061531479,2.24852556162646
2987,"Banteng","BTG",2,"dist_str + ndvi_cv + elev + BB + DE",0.790211099928579,1.24157024394961,2.20386161396475
2988,"Banteng","BTG",2,"dist_str + ndvi_cv + elev + BB + DE",0.767708012026845,1.13297969440768,2.15482176585342
2989,"Banteng","BTG",2,"dist_str + ndvi_cv + elev + BB + DE",0.793415255915815,1.10885852074118,2.21093445548354
2990,"Banteng","BTG",2,"dist_str + ndvi_cv + elev + BB + DE",0.801586946769902,1.06883640246641,2.22907554761068
2991,"Banteng","BTG",2,"dist_str + ndvi_cv + elev + BB + DE",0.789521617273242,1.05542041107172,2.20234262558129
2992,"Banteng","BTG",2,"dist_str + ndvi_cv + elev + BB + DE",0.762169198475622,1.03099200187537,2.14291960123907
2993,"Banteng","BTG",2,"dist_str + ndvi_cv + elev + BB + DE",0.784606242250228,1.02492386035686,2.1915439627368
2994,"Banteng","BTG",2,"dist_str + ndvi_cv + elev + BB + DE",0.801423174855187,1.03582362827889,2.22871051965819
2995,"Banteng","BTG",2,"dist_str + ndvi_cv + elev + BB + DE",0.798826378658581,1.07279432425866,2.22293051833947
2996,"Banteng","BTG",2,"dist_str + ndvi_cv + elev + BB + DE",0.785457113913123,1.10806972010468,2.19340949739527
2997,"Banteng","BTG",2,"dist_str + ndvi_cv + elev + BB + DE",0.785380461543759,1.15606988653302,2.19324122899734
2998,"Banteng","BTG",2,"dist_str + ndvi_cv + elev + BB + DE",0.832122031257341,1.30716206930965,2.29819048336721
2999,"Banteng","BTG",2,"dist_str + ndvi_cv + elev + BB + DE",0.825362479939328,1.18837480426044,2.28270805972178
3000,"Banteng","BTG",2,"dist_str + ndvi_cv + elev + BB + DE",0.801406754830156,1.17514695585168,2.22867392235111
3001,"Banteng","BTG",2,"dist_str + ndvi_cv + elev + BB + DE",0.780837010504471,1.1258398023802,2.18329894901015
3002,"Banteng","BTG",2,"dist_str + ndvi_cv + elev + BB + DE",0.764768347317019,1.10272251880726,2.14849664454673
3003,"Banteng","BTG",2,"dist_str + ndvi_cv + elev + BB + DE",0.767078579642808,1.10257041909945,2.15346596960138
3004,"Banteng","BTG",2,"dist_str + ndvi_cv + elev + BB + DE",0.786479483820584,1.07879005101935,2.19565297288566
3005,"Banteng","BTG",2,"dist_str + ndvi_cv + elev + BB + DE",0.768282550495489,1.15411569330962,2.15606015911364
3006,"Banteng","BTG",2,"dist_str + ndvi_cv + elev + BB + DE",0.831739799785149,1.29965939229424,2.29731213570658
3007,"Banteng","BTG",2,"dist_str + ndvi_cv + elev + BB + DE",0.837449910341588,1.21573254109834,2.31046763557877
3008,"Banteng","BTG",2,"dist_str + ndvi_cv + elev + BB + DE",0.789037083018199,1.2164896056734,2.20127579145362
3009,"Banteng","BTG",2,"dist_str + ndvi_cv + elev + BB + DE",0.757028047982718,1.18717155370554,2.13193082824904
3010,"Banteng","BTG",2,"dist_str + ndvi_cv + elev + BB + DE",0.743571410082655,1.23401837413022,2.10343472581932
3011,"Banteng","BTG",2,"dist_str + ndvi_cv + elev + BB + DE",0.806960254585885,1.46983788722469,2.24108529356264
3012,"Banteng","BTG",2,"dist_str + ndvi_cv + elev + BB + DE",0.79608002914658,1.34201901087146,2.21683396266463
3013,"Banteng","BTG",2,"dist_str + ndvi_cv + elev + BB + DE",0.79134197205679,1.32908380659516,2.20635544326208
