"grid_id","Species","Species_Code","Rank","Covariates","CAR_Median","CAR_SD","CAR_RelativeRisk"
1,"Sambar deer","SBR",1,"dist_str + ndvi_cv + elev + BB + DD",0.112582278088327,1.15030269885612,1.11916437022353
2,"Sambar deer","SBR",1,"dist_str + ndvi_cv + elev + BB + DD",0.137544206054557,0.993762894592479,1.14745244127136
3,"Sambar deer","SBR",1,"dist_str + ndvi_cv + elev + BB + DD",0.124291940836433,0.969443403013667,1.1323464038664
4,"Sambar deer","SBR",1,"dist_str + ndvi_cv + elev + BB + DD",0.18866230519985,0.992877185799001,1.20763307520644
5,"Sambar deer","SBR",1,"dist_str + ndvi_cv + elev + BB + DD",0.189942958728562,1.03852229632594,1.20918062249003
6,"Sambar deer","SBR",1,"dist_str + ndvi_cv + elev + BB + DD",0.179730468903809,1.17340129341626,1.19689471929866
7,"Sambar deer","SBR",1,"dist_str + ndvi_cv + elev + BB + DD",0.157932757210244,0.906528576952717,1.17108745257462
8,"Sambar deer","SBR",1,"dist_str + ndvi_cv + elev + BB + DD",0.159696010747593,0.902771081366825,1.17315420621002
9,"Sambar deer","SBR",1,"dist_str + ndvi_cv + elev + BB + DD",0.159129749001829,0.879795398671138,1.17249008756492
10,"Sambar deer","SBR",1,"dist_str + ndvi_cv + elev + BB + DD",0.16998980920737,0.906081513848456,1.1852927721889
11,"Sambar deer","SBR",1,"dist_str + ndvi_cv + elev + BB + DD",0.170784332461541,0.923301619170636,1.18623489799987
12,"Sambar deer","SBR",1,"dist_str + ndvi_cv + elev + BB + DD",0.175562119815546,0.967762469998337,1.19191602798237
13,"Sambar deer","SBR",1,"dist_str + ndvi_cv + elev + BB + DD",0.205662698013605,0.972360845499878,1.22833881299078
14,"Sambar deer","SBR",1,"dist_str + ndvi_cv + elev + BB + DD",0.22272560255341,0.954036345532404,1.24947768939984
15,"Sambar deer","SBR",1,"dist_str + ndvi_cv + elev + BB + DD",0.100035813141261,0.910119063589146,1.10521049902675
16,"Sambar deer","SBR",1,"dist_str + ndvi_cv + elev + BB + DD",0.102603869284312,0.862982573653092,1.10805238984345
17,"Sambar deer","SBR",1,"dist_str + ndvi_cv + elev + BB + DD",0.087416304290785,0.879571434775699,1.0913509200419
18,"Sambar deer","SBR",1,"dist_str + ndvi_cv + elev + BB + DD",0.114477058466831,0.852255040618554,1.121286916901
19,"Sambar deer","SBR",1,"dist_str + ndvi_cv + elev + BB + DD",0.147034679856734,0.815018482281353,1.15839413667442
20,"Sambar deer","SBR",1,"dist_str + ndvi_cv + elev + BB + DD",0.143658273678235,0.806096146985644,1.15448954842054
21,"Sambar deer","SBR",1,"dist_str + ndvi_cv + elev + BB + DD",0.157969618395518,0.813139517827061,1.17113065888426
22,"Sambar deer","SBR",1,"dist_str + ndvi_cv + elev + BB + DD",0.179616957223558,0.843170403361952,1.19675886547758
23,"Sambar deer","SBR",1,"dist_str + ndvi_cv + elev + BB + DD",0.177073767820381,0.871863993105226,1.19371914845058
24,"Sambar deer","SBR",1,"dist_str + ndvi_cv + elev + BB + DD",0.147638304580619,0.89787491522263,1.15909358244161
25,"Sambar deer","SBR",1,"dist_str + ndvi_cv + elev + BB + DD",0.172114900097582,0.960063559110743,1.18781431929437
26,"Sambar deer","SBR",1,"dist_str + ndvi_cv + elev + BB + DD",0.144211216697933,1.16016007117957,1.15512806590431
27,"Sambar deer","SBR",1,"dist_str + ndvi_cv + elev + BB + DD",0.234903223531848,1.02085040278042,1.26478637905207
28,"Sambar deer","SBR",1,"dist_str + ndvi_cv + elev + BB + DD",0.221044981588599,0.8412592073129,1.2473795418815
29,"Sambar deer","SBR",1,"dist_str + ndvi_cv + elev + BB + DD",0.219438823396073,0.809212859805252,1.24537766354703
30,"Sambar deer","SBR",1,"dist_str + ndvi_cv + elev + BB + DD",0.189912137509967,0.805889472338387,1.20914335774724
31,"Sambar deer","SBR",1,"dist_str + ndvi_cv + elev + BB + DD",0.163037626802683,0.809608467653861,1.1770809795023
32,"Sambar deer","SBR",1,"dist_str + ndvi_cv + elev + BB + DD",0.139868654550431,0.784746811592163,1.15012272693185
33,"Sambar deer","SBR",1,"dist_str + ndvi_cv + elev + BB + DD",0.128876982826555,0.780241426316533,1.1375501781101
34,"Sambar deer","SBR",1,"dist_str + ndvi_cv + elev + BB + DD",0.0850549127162197,0.754947383038243,1.08877686822257
35,"Sambar deer","SBR",1,"dist_str + ndvi_cv + elev + BB + DD",0.117476419219758,0.762909113450803,1.12465511037142
36,"Sambar deer","SBR",1,"dist_str + ndvi_cv + elev + BB + DD",0.111689201374022,0.775429987410754,1.1181652998444
37,"Sambar deer","SBR",1,"dist_str + ndvi_cv + elev + BB + DD",0.115573151676482,0.766041120325996,1.12251663605783
38,"Sambar deer","SBR",1,"dist_str + ndvi_cv + elev + BB + DD",0.155936436145174,0.752904971683701,1.16875191476984
39,"Sambar deer","SBR",1,"dist_str + ndvi_cv + elev + BB + DD",0.179529462639803,0.784667463898589,1.19665416309668
40,"Sambar deer","SBR",1,"dist_str + ndvi_cv + elev + BB + DD",0.172208357379076,0.816525192378707,1.18792532993085
41,"Sambar deer","SBR",1,"dist_str + ndvi_cv + elev + BB + DD",0.181605330142298,0.833561805840799,1.19914083713924
42,"Sambar deer","SBR",1,"dist_str + ndvi_cv + elev + BB + DD",0.161089360747466,0.86477450560985,1.17478994535458
43,"Sambar deer","SBR",1,"dist_str + ndvi_cv + elev + BB + DD",0.176521750046832,0.907242873222625,1.19306037649207
44,"Sambar deer","SBR",1,"dist_str + ndvi_cv + elev + BB + DD",0.201093376984298,1.009117398121,1.22273896308816
45,"Sambar deer","SBR",1,"dist_str + ndvi_cv + elev + BB + DD",0.220067978834856,0.803359474406964,1.24616144160128
46,"Sambar deer","SBR",1,"dist_str + ndvi_cv + elev + BB + DD",0.199402343093792,0.750887531172361,1.22067299816084
47,"Sambar deer","SBR",1,"dist_str + ndvi_cv + elev + BB + DD",0.183190735329897,0.741065621816959,1.2010434697566
48,"Sambar deer","SBR",1,"dist_str + ndvi_cv + elev + BB + DD",0.19029355487344,0.733240933620873,1.2096046339227
49,"Sambar deer","SBR",1,"dist_str + ndvi_cv + elev + BB + DD",0.162817082852329,0.721711694352444,1.17682143361927
50,"Sambar deer","SBR",1,"dist_str + ndvi_cv + elev + BB + DD",0.143058377779942,0.733805192224449,1.15379715635336
51,"Sambar deer","SBR",1,"dist_str + ndvi_cv + elev + BB + DD",0.141375073316492,0.717607968174675,1.15185659999686
52,"Sambar deer","SBR",1,"dist_str + ndvi_cv + elev + BB + DD",0.143035652590552,0.720543687633293,1.1537709393852
53,"Sambar deer","SBR",1,"dist_str + ndvi_cv + elev + BB + DD",0.121046627577209,0.744825885742994,1.12867754014921
54,"Sambar deer","SBR",1,"dist_str + ndvi_cv + elev + BB + DD",0.141974605807727,0.747063946279638,1.15254738049498
55,"Sambar deer","SBR",1,"dist_str + ndvi_cv + elev + BB + DD",0.188152057324231,0.729115218433302,1.20701704123405
56,"Sambar deer","SBR",1,"dist_str + ndvi_cv + elev + BB + DD",0.163918555125985,0.736087821979786,1.17811843329477
57,"Sambar deer","SBR",1,"dist_str + ndvi_cv + elev + BB + DD",0.164106986059857,0.76431321654897,1.17834049798092
58,"Sambar deer","SBR",1,"dist_str + ndvi_cv + elev + BB + DD",0.162471941493181,0.796597892985386,1.17641531060285
59,"Sambar deer","SBR",1,"dist_str + ndvi_cv + elev + BB + DD",0.151899170856845,0.814670797706699,1.16404286700321
60,"Sambar deer","SBR",1,"dist_str + ndvi_cv + elev + BB + DD",0.152273279962223,0.832205842311889,1.16447843391575
61,"Sambar deer","SBR",1,"dist_str + ndvi_cv + elev + BB + DD",0.189739914654236,0.881355271949077,1.20893513098289
62,"Sambar deer","SBR",1,"dist_str + ndvi_cv + elev + BB + DD",0.185099137885324,0.987690115111578,1.20333773117611
63,"Sambar deer","SBR",1,"dist_str + ndvi_cv + elev + BB + DD",0.146795518978002,0.954876159737279,1.15811713442548
64,"Sambar deer","SBR",1,"dist_str + ndvi_cv + elev + BB + DD",0.140300873629849,0.893901536246696,1.15061993816902
65,"Sambar deer","SBR",1,"dist_str + ndvi_cv + elev + BB + DD",0.180350084394151,0.893579336129676,1.197636563988
66,"Sambar deer","SBR",1,"dist_str + ndvi_cv + elev + BB + DD",0.15305296628511,0.929270162490221,1.16538670417222
67,"Sambar deer","SBR",1,"dist_str + ndvi_cv + elev + BB + DD",0.237308131843522,0.812851714768674,1.26783171704134
68,"Sambar deer","SBR",1,"dist_str + ndvi_cv + elev + BB + DD",0.205985422239115,0.718355493890728,1.22873529406138
69,"Sambar deer","SBR",1,"dist_str + ndvi_cv + elev + BB + DD",0.184787127803556,0.700243136192064,1.20296233630548
70,"Sambar deer","SBR",1,"dist_str + ndvi_cv + elev + BB + DD",0.182795219521079,0.685897909884659,1.20056853024215
71,"Sambar deer","SBR",1,"dist_str + ndvi_cv + elev + BB + DD",0.180611099434896,0.68505368302759,1.19794920562886
72,"Sambar deer","SBR",1,"dist_str + ndvi_cv + elev + BB + DD",0.153017122694506,0.692229421123248,1.16534493270251
73,"Sambar deer","SBR",1,"dist_str + ndvi_cv + elev + BB + DD",0.126343202420635,0.678173721377718,1.13467152360636
74,"Sambar deer","SBR",1,"dist_str + ndvi_cv + elev + BB + DD",0.123604473934424,0.698859906282437,1.13156822079056
75,"Sambar deer","SBR",1,"dist_str + ndvi_cv + elev + BB + DD",0.12873279588922,0.711864340143248,1.13738619053092
76,"Sambar deer","SBR",1,"dist_str + ndvi_cv + elev + BB + DD",0.119406596021421,0.711107571687074,1.12682798984854
77,"Sambar deer","SBR",1,"dist_str + ndvi_cv + elev + BB + DD",0.139325744355876,0.711246401292438,1.1494984839934
78,"Sambar deer","SBR",1,"dist_str + ndvi_cv + elev + BB + DD",0.152235647963793,0.723497881511121,1.1644346019451
79,"Sambar deer","SBR",1,"dist_str + ndvi_cv + elev + BB + DD",0.136708691224406,0.736702620122294,1.14649411611119
80,"Sambar deer","SBR",1,"dist_str + ndvi_cv + elev + BB + DD",0.149156393791014,0.75757626279324,1.16085453821532
81,"Sambar deer","SBR",1,"dist_str + ndvi_cv + elev + BB + DD",0.141579753212223,0.774671909396335,1.15209243460743
82,"Sambar deer","SBR",1,"dist_str + ndvi_cv + elev + BB + DD",0.148464037272155,0.789488738262975,1.16005109145953
83,"Sambar deer","SBR",1,"dist_str + ndvi_cv + elev + BB + DD",0.157144528002297,0.82635013428234,1.17016472373297
84,"Sambar deer","SBR",1,"dist_str + ndvi_cv + elev + BB + DD",0.153702699409275,0.855315834739119,1.1661441409591
85,"Sambar deer","SBR",1,"dist_str + ndvi_cv + elev + BB + DD",0.155572286955316,0.961125194889253,1.16832641727331
86,"Sambar deer","SBR",1,"dist_str + ndvi_cv + elev + BB + DD",0.0870497179679701,1.03606393963074,1.0909509183706
87,"Sambar deer","SBR",1,"dist_str + ndvi_cv + elev + BB + DD",0.0981548700445141,0.972881536558289,1.10313364307401
88,"Sambar deer","SBR",1,"dist_str + ndvi_cv + elev + BB + DD",0.105600003857024,0.929300606368876,1.11137725196869
89,"Sambar deer","SBR",1,"dist_str + ndvi_cv + elev + BB + DD",0.0909218969300064,0.910837320773191,1.09518347631972
90,"Sambar deer","SBR",1,"dist_str + ndvi_cv + elev + BB + DD",0.112546581432152,0.84872686670983,1.11912438734061
91,"Sambar deer","SBR",1,"dist_str + ndvi_cv + elev + BB + DD",0.15085317236207,0.792333074737019,1.16282593323444
92,"Sambar deer","SBR",1,"dist_str + ndvi_cv + elev + BB + DD",0.17964173961189,0.776903822616751,1.19678852710095
93,"Sambar deer","SBR",1,"dist_str + ndvi_cv + elev + BB + DD",0.145882625685871,0.748251469298739,1.15706037246586
94,"Sambar deer","SBR",1,"dist_str + ndvi_cv + elev + BB + DD",0.149595835553975,0.778796594539587,1.16136476551826
95,"Sambar deer","SBR",1,"dist_str + ndvi_cv + elev + BB + DD",0.163879268233257,0.78970800945221,1.17807207597203
96,"Sambar deer","SBR",1,"dist_str + ndvi_cv + elev + BB + DD",0.164106614123818,0.795602578198943,1.17833993766383
97,"Sambar deer","SBR",1,"dist_str + ndvi_cv + elev + BB + DD",0.231421315135184,0.752734728791748,1.26039019051059
98,"Sambar deer","SBR",1,"dist_str + ndvi_cv + elev + BB + DD",0.219887751271725,0.705776343612638,1.24593688755815
99,"Sambar deer","SBR",1,"dist_str + ndvi_cv + elev + BB + DD",0.193253076132898,0.675183896874856,1.21318979995707
100,"Sambar deer","SBR",1,"dist_str + ndvi_cv + elev + BB + DD",0.156399108037986,0.651715226708319,1.1692927982767
101,"Sambar deer","SBR",1,"dist_str + ndvi_cv + elev + BB + DD",0.134417389113925,0.645928492158679,1.1438701626648
102,"Sambar deer","SBR",1,"dist_str + ndvi_cv + elev + BB + DD",0.127471196976834,0.640766786253158,1.13595214907608
103,"Sambar deer","SBR",1,"dist_str + ndvi_cv + elev + BB + DD",0.113017074548735,0.640174527061125,1.11965105034125
104,"Sambar deer","SBR",1,"dist_str + ndvi_cv + elev + BB + DD",0.14207117899117,0.671701869760829,1.152658690936
105,"Sambar deer","SBR",1,"dist_str + ndvi_cv + elev + BB + DD",0.124128363064662,0.689397369780918,1.13216118963709
106,"Sambar deer","SBR",1,"dist_str + ndvi_cv + elev + BB + DD",0.128277229553092,0.688088757161466,1.13686816063186
107,"Sambar deer","SBR",1,"dist_str + ndvi_cv + elev + BB + DD",0.131898120028859,0.69748779488577,1.14099207222438
108,"Sambar deer","SBR",1,"dist_str + ndvi_cv + elev + BB + DD",0.152359679110112,0.711000914894364,1.16457903611447
109,"Sambar deer","SBR",1,"dist_str + ndvi_cv + elev + BB + DD",0.158384554144453,0.710471484332572,1.17161665828366
110,"Sambar deer","SBR",1,"dist_str + ndvi_cv + elev + BB + DD",0.126792775521838,0.737337770333319,1.1351817624374
111,"Sambar deer","SBR",1,"dist_str + ndvi_cv + elev + BB + DD",0.141287562950603,0.743377692905392,1.15175581261196
112,"Sambar deer","SBR",1,"dist_str + ndvi_cv + elev + BB + DD",0.1412419861874,0.77412169623956,1.1517033117108
113,"Sambar deer","SBR",1,"dist_str + ndvi_cv + elev + BB + DD",0.121955785771481,0.798024889398911,1.12970415791514
114,"Sambar deer","SBR",1,"dist_str + ndvi_cv + elev + BB + DD",0.125251637991272,0.815446147038296,1.13343364777368
115,"Sambar deer","SBR",1,"dist_str + ndvi_cv + elev + BB + DD",0.121456630026712,0.830585593895854,1.12914041286744
116,"Sambar deer","SBR",1,"dist_str + ndvi_cv + elev + BB + DD",0.104983318362298,0.927465248698273,1.1106920846899
117,"Sambar deer","SBR",1,"dist_str + ndvi_cv + elev + BB + DD",0.0446310575067518,0.946369098098253,1.04564201112198
118,"Sambar deer","SBR",1,"dist_str + ndvi_cv + elev + BB + DD",0.0684062775582741,0.87879642692816,1.07080026598088
119,"Sambar deer","SBR",1,"dist_str + ndvi_cv + elev + BB + DD",0.0864986976134251,0.845031214115233,1.09034994780453
120,"Sambar deer","SBR",1,"dist_str + ndvi_cv + elev + BB + DD",0.108037018203082,0.826879645953054,1.11408899369009
121,"Sambar deer","SBR",1,"dist_str + ndvi_cv + elev + BB + DD",0.0880169099234026,0.796800016359128,1.09200665080319
122,"Sambar deer","SBR",1,"dist_str + ndvi_cv + elev + BB + DD",0.0743919883700582,0.773214288275929,1.07722898968018
123,"Sambar deer","SBR",1,"dist_str + ndvi_cv + elev + BB + DD",0.123532451410517,0.753380818454887,1.13148672241409
124,"Sambar deer","SBR",1,"dist_str + ndvi_cv + elev + BB + DD",0.150911706518155,0.725007404097072,1.16289397860319
125,"Sambar deer","SBR",1,"dist_str + ndvi_cv + elev + BB + DD",0.15851730803907,0.72102728469581,1.17177220549001
126,"Sambar deer","SBR",1,"dist_str + ndvi_cv + elev + BB + DD",0.179484045863897,0.693473114487892,1.19659981538501
127,"Sambar deer","SBR",1,"dist_str + ndvi_cv + elev + BB + DD",0.194257123232749,0.69773209462762,1.21440853397931
128,"Sambar deer","SBR",1,"dist_str + ndvi_cv + elev + BB + DD",0.224916843208483,0.690011653859536,1.25221858268666
129,"Sambar deer","SBR",1,"dist_str + ndvi_cv + elev + BB + DD",0.22850135952073,0.673793657074677,1.25671523397278
130,"Sambar deer","SBR",1,"dist_str + ndvi_cv + elev + BB + DD",0.225932260550377,0.657012314227593,1.25349075169123
131,"Sambar deer","SBR",1,"dist_str + ndvi_cv + elev + BB + DD",0.204221281734603,0.645447530328516,1.22656954144921
132,"Sambar deer","SBR",1,"dist_str + ndvi_cv + elev + BB + DD",0.164047469120214,0.614332391859499,1.17827024539801
133,"Sambar deer","SBR",1,"dist_str + ndvi_cv + elev + BB + DD",0.127263227884874,0.593525289466146,1.13571593368076
134,"Sambar deer","SBR",1,"dist_str + ndvi_cv + elev + BB + DD",0.0422642015375138,0.449777144530579,1.04317005033546
135,"Sambar deer","SBR",1,"dist_str + ndvi_cv + elev + BB + DD",0.12501381123666,0.61730719703381,1.13316410763003
136,"Sambar deer","SBR",1,"dist_str + ndvi_cv + elev + BB + DD",0.136645953443391,0.655824749311743,1.14642219040287
137,"Sambar deer","SBR",1,"dist_str + ndvi_cv + elev + BB + DD",0.171412074240111,0.686809001380738,1.18697977897274
138,"Sambar deer","SBR",1,"dist_str + ndvi_cv + elev + BB + DD",0.14280455877119,0.686500228411303,1.15350433763782
139,"Sambar deer","SBR",1,"dist_str + ndvi_cv + elev + BB + DD",0.136612695657071,0.694387109000993,1.14638406396132
140,"Sambar deer","SBR",1,"dist_str + ndvi_cv + elev + BB + DD",0.143439374933065,0.69997384558845,1.15423683341949
141,"Sambar deer","SBR",1,"dist_str + ndvi_cv + elev + BB + DD",0.155862385722409,0.712263505857182,1.16866536699123
142,"Sambar deer","SBR",1,"dist_str + ndvi_cv + elev + BB + DD",0.13280514323455,0.717127518354934,1.14202744759037
143,"Sambar deer","SBR",1,"dist_str + ndvi_cv + elev + BB + DD",0.129127271516293,0.736739734607672,1.13783492946347
144,"Sambar deer","SBR",1,"dist_str + ndvi_cv + elev + BB + DD",0.108434602396637,0.754069892105331,1.11453201860275
145,"Sambar deer","SBR",1,"dist_str + ndvi_cv + elev + BB + DD",0.0982942278749199,0.793282386142183,1.10328736874066
146,"Sambar deer","SBR",1,"dist_str + ndvi_cv + elev + BB + DD",0.0885435422643705,0.782063020859281,1.09258182514869
147,"Sambar deer","SBR",1,"dist_str + ndvi_cv + elev + BB + DD",0.0679997380574628,0.819235232643087,1.070365028215
148,"Sambar deer","SBR",1,"dist_str + ndvi_cv + elev + BB + DD",0.0727782272013802,0.904925001299255,1.07549201100237
149,"Sambar deer","SBR",1,"dist_str + ndvi_cv + elev + BB + DD",0.0616902141971049,0.948392770340887,1.06363279536161
150,"Sambar deer","SBR",1,"dist_str + ndvi_cv + elev + BB + DD",0.041693489647215,0.864519805269097,1.04257487128697
151,"Sambar deer","SBR",1,"dist_str + ndvi_cv + elev + BB + DD",0.0534733234164038,0.814378808561586,1.0549288495658
152,"Sambar deer","SBR",1,"dist_str + ndvi_cv + elev + BB + DD",0.0733018519459139,0.789512010363475,1.07605530438003
153,"Sambar deer","SBR",1,"dist_str + ndvi_cv + elev + BB + DD",0.0871443081356777,0.768935124820359,1.09105411634402
154,"Sambar deer","SBR",1,"dist_str + ndvi_cv + elev + BB + DD",0.0633985205763938,0.759058831311049,1.06545136056759
155,"Sambar deer","SBR",1,"dist_str + ndvi_cv + elev + BB + DD",0.0980056249903074,0.747924723681386,1.10296898929482
156,"Sambar deer","SBR",1,"dist_str + ndvi_cv + elev + BB + DD",0.108300735029438,0.731587735318225,1.11438282917393
157,"Sambar deer","SBR",1,"dist_str + ndvi_cv + elev + BB + DD",0.14719991945488,0.716828306073471,1.15858556418692
158,"Sambar deer","SBR",1,"dist_str + ndvi_cv + elev + BB + DD",0.184920191308687,0.70562907636211,1.20312243711515
159,"Sambar deer","SBR",1,"dist_str + ndvi_cv + elev + BB + DD",0.21303075616896,0.688046653264191,1.23742270913128
160,"Sambar deer","SBR",1,"dist_str + ndvi_cv + elev + BB + DD",0.22973941329143,0.667931163058054,1.25827207921217
161,"Sambar deer","SBR",1,"dist_str + ndvi_cv + elev + BB + DD",0.247927179165738,0.680261823496699,1.28136662187903
162,"Sambar deer","SBR",1,"dist_str + ndvi_cv + elev + BB + DD",0.243692898997862,0.653374086620679,1.27595244424017
163,"Sambar deer","SBR",1,"dist_str + ndvi_cv + elev + BB + DD",0.231948742671098,0.65153805154827,1.26105508897509
164,"Sambar deer","SBR",1,"dist_str + ndvi_cv + elev + BB + DD",0.233305808791547,0.639982931475804,1.26276759035452
165,"Sambar deer","SBR",1,"dist_str + ndvi_cv + elev + BB + DD",0.209222256662652,0.619936310222509,1.2327189482705
166,"Sambar deer","SBR",1,"dist_str + ndvi_cv + elev + BB + DD",0.139122885723632,0.543082757850171,1.14926532023591
167,"Sambar deer","SBR",1,"dist_str + ndvi_cv + elev + BB + DD",0.152635360605055,0.576855676861712,1.16490013302069
168,"Sambar deer","SBR",1,"dist_str + ndvi_cv + elev + BB + DD",0.111709158854058,0.618462615938178,1.11818761804571
169,"Sambar deer","SBR",1,"dist_str + ndvi_cv + elev + BB + DD",0.145254258472589,0.667242822171765,1.15633354052084
170,"Sambar deer","SBR",1,"dist_str + ndvi_cv + elev + BB + DD",0.143080395716644,0.686176003528552,1.15382256363326
171,"Sambar deer","SBR",1,"dist_str + ndvi_cv + elev + BB + DD",0.127819726921768,0.694613730144644,1.13634813129394
172,"Sambar deer","SBR",1,"dist_str + ndvi_cv + elev + BB + DD",0.14856513916367,0.701106981151071,1.16016836771355
173,"Sambar deer","SBR",1,"dist_str + ndvi_cv + elev + BB + DD",0.128653244959331,0.696394197058582,1.13729569280292
174,"Sambar deer","SBR",1,"dist_str + ndvi_cv + elev + BB + DD",0.12018016992073,0.698913253929567,1.12770001216101
175,"Sambar deer","SBR",1,"dist_str + ndvi_cv + elev + BB + DD",0.0999676258262427,0.721121292337401,1.10513514643514
176,"Sambar deer","SBR",1,"dist_str + ndvi_cv + elev + BB + DD",0.109169587563005,0.721381808422855,1.11535148801774
177,"Sambar deer","SBR",1,"dist_str + ndvi_cv + elev + BB + DD",0.0907799805418617,0.74265431022287,1.09502808129864
178,"Sambar deer","SBR",1,"dist_str + ndvi_cv + elev + BB + DD",0.0731858826163744,0.787930763187837,1.07593051869766
179,"Sambar deer","SBR",1,"dist_str + ndvi_cv + elev + BB + DD",0.074332908425729,0.802185142304126,1.07716534649568
180,"Sambar deer","SBR",1,"dist_str + ndvi_cv + elev + BB + DD",0.0452853813092676,0.852132535537618,1.04632642019936
181,"Sambar deer","SBR",1,"dist_str + ndvi_cv + elev + BB + DD",0.0592227020686427,0.903583786704061,1.06101154807147
182,"Sambar deer","SBR",1,"dist_str + ndvi_cv + elev + BB + DD",0.02744074912877,0.992167005045428,1.02782071442711
183,"Sambar deer","SBR",1,"dist_str + ndvi_cv + elev + BB + DD",0.0588704421875364,1.0616093604787,1.06063782071785
184,"Sambar deer","SBR",1,"dist_str + ndvi_cv + elev + BB + DD",0.0467111940800618,0.898458445767777,1.04781934894728
185,"Sambar deer","SBR",1,"dist_str + ndvi_cv + elev + BB + DD",0.0364154129450267,0.826129363638374,1.03708657959283
186,"Sambar deer","SBR",1,"dist_str + ndvi_cv + elev + BB + DD",0.0371912510518772,0.781829926885284,1.03789150651683
187,"Sambar deer","SBR",1,"dist_str + ndvi_cv + elev + BB + DD",0.0805315199996351,0.755854463442583,1.08386300950349
188,"Sambar deer","SBR",1,"dist_str + ndvi_cv + elev + BB + DD",0.092639255376985,0.731428360741591,1.0970659037988
189,"Sambar deer","SBR",1,"dist_str + ndvi_cv + elev + BB + DD",0.0867652707390358,0.728024498331646,1.09064064463372
190,"Sambar deer","SBR",1,"dist_str + ndvi_cv + elev + BB + DD",0.0986456116402284,0.718693859307834,1.10367512358806
191,"Sambar deer","SBR",1,"dist_str + ndvi_cv + elev + BB + DD",0.142926263858602,0.72004719662085,1.15364473612302
192,"Sambar deer","SBR",1,"dist_str + ndvi_cv + elev + BB + DD",0.15676535733925,0.696389612786795,1.16972111723797
193,"Sambar deer","SBR",1,"dist_str + ndvi_cv + elev + BB + DD",0.210955831164327,0.686311266465426,1.23485781168207
194,"Sambar deer","SBR",1,"dist_str + ndvi_cv + elev + BB + DD",0.243818429472341,0.688088017025486,1.2761127194445
195,"Sambar deer","SBR",1,"dist_str + ndvi_cv + elev + BB + DD",0.267232710061441,0.667577293695928,1.30634441433172
196,"Sambar deer","SBR",1,"dist_str + ndvi_cv + elev + BB + DD",0.265125826656088,0.678786356727751,1.30359500200573
197,"Sambar deer","SBR",1,"dist_str + ndvi_cv + elev + BB + DD",0.269774458590695,0.663071072889761,1.30966906918525
198,"Sambar deer","SBR",1,"dist_str + ndvi_cv + elev + BB + DD",0.247667483003299,0.64808281687168,1.28103389639794
199,"Sambar deer","SBR",1,"dist_str + ndvi_cv + elev + BB + DD",0.255050440135124,0.620862617543879,1.29052671846067
200,"Sambar deer","SBR",1,"dist_str + ndvi_cv + elev + BB + DD",0.239004062093756,0.609673200207679,1.26998370018048
201,"Sambar deer","SBR",1,"dist_str + ndvi_cv + elev + BB + DD",0.211260018385761,0.61866704833821,1.23523349673662
202,"Sambar deer","SBR",1,"dist_str + ndvi_cv + elev + BB + DD",0.201103925900646,0.623372196724323,1.22275184565066
203,"Sambar deer","SBR",1,"dist_str + ndvi_cv + elev + BB + DD",0.171640165165124,0.630323525379734,1.187250543792
204,"Sambar deer","SBR",1,"dist_str + ndvi_cv + elev + BB + DD",0.159903919274084,0.67049511622979,1.17339812497988
205,"Sambar deer","SBR",1,"dist_str + ndvi_cv + elev + BB + DD",0.136772375488909,0.700747408653672,1.14656713531056
206,"Sambar deer","SBR",1,"dist_str + ndvi_cv + elev + BB + DD",0.15290977165633,0.698166663558052,1.16521983916795
207,"Sambar deer","SBR",1,"dist_str + ndvi_cv + elev + BB + DD",0.115699337836801,0.707521641579661,1.12265828463992
208,"Sambar deer","SBR",1,"dist_str + ndvi_cv + elev + BB + DD",0.112774990237383,0.699554664285637,1.11938003321419
209,"Sambar deer","SBR",1,"dist_str + ndvi_cv + elev + BB + DD",0.0981224983850699,0.70593458272654,1.10309790511265
210,"Sambar deer","SBR",1,"dist_str + ndvi_cv + elev + BB + DD",0.0935704049334178,0.724675601583565,1.09808791144132
211,"Sambar deer","SBR",1,"dist_str + ndvi_cv + elev + BB + DD",0.0844466667587024,0.730866951143826,1.08811481045819
212,"Sambar deer","SBR",1,"dist_str + ndvi_cv + elev + BB + DD",0.0784195552515717,0.763499600659279,1.08157634639735
213,"Sambar deer","SBR",1,"dist_str + ndvi_cv + elev + BB + DD",0.0621041298545835,0.790418767499506,1.06407314255295
214,"Sambar deer","SBR",1,"dist_str + ndvi_cv + elev + BB + DD",0.0692128318213836,0.827926355324024,1.07166426914127
215,"Sambar deer","SBR",1,"dist_str + ndvi_cv + elev + BB + DD",0.0417796949046084,0.861544626880762,1.04266474924493
216,"Sambar deer","SBR",1,"dist_str + ndvi_cv + elev + BB + DD",0.030178202065712,0.908488798684394,1.03063818182859
217,"Sambar deer","SBR",1,"dist_str + ndvi_cv + elev + BB + DD",0.0256212966077275,0.983781924936407,1.02595234347867
218,"Sambar deer","SBR",1,"dist_str + ndvi_cv + elev + BB + DD",0.0218501564946301,1.10056164231167,1.02209061962083
219,"Sambar deer","SBR",1,"dist_str + ndvi_cv + elev + BB + DD",0.0236417736072857,0.8790291720305,1.023923455849
220,"Sambar deer","SBR",1,"dist_str + ndvi_cv + elev + BB + DD",0.0384779204941996,0.80103330402817,1.03922778319794
221,"Sambar deer","SBR",1,"dist_str + ndvi_cv + elev + BB + DD",0.0713648298043282,0.766009830995122,1.07397297344591
222,"Sambar deer","SBR",1,"dist_str + ndvi_cv + elev + BB + DD",0.062276079778357,0.734043910402019,1.06425612765264
223,"Sambar deer","SBR",1,"dist_str + ndvi_cv + elev + BB + DD",0.0647232685502124,0.720191937819915,1.06686375492455
224,"Sambar deer","SBR",1,"dist_str + ndvi_cv + elev + BB + DD",0.0988320057113554,0.707609813930591,1.1038808481611
225,"Sambar deer","SBR",1,"dist_str + ndvi_cv + elev + BB + DD",0.132555099324985,0.70172099199073,1.14174195230598
226,"Sambar deer","SBR",1,"dist_str + ndvi_cv + elev + BB + DD",0.162876502959623,0.71175035464919,1.17689136295284
227,"Sambar deer","SBR",1,"dist_str + ndvi_cv + elev + BB + DD",0.17510923168292,0.698838253898709,1.19137634595471
228,"Sambar deer","SBR",1,"dist_str + ndvi_cv + elev + BB + DD",0.214891844555289,0.681861218489301,1.23972780961221
229,"Sambar deer","SBR",1,"dist_str + ndvi_cv + elev + BB + DD",0.237274654689929,0.667920617031828,1.26778927476884
230,"Sambar deer","SBR",1,"dist_str + ndvi_cv + elev + BB + DD",0.276564929973574,0.678945208822419,1.31859260064888
231,"Sambar deer","SBR",1,"dist_str + ndvi_cv + elev + BB + DD",0.280938775586262,0.663627744329489,1.32437251765526
232,"Sambar deer","SBR",1,"dist_str + ndvi_cv + elev + BB + DD",0.299826490674997,0.652083768256859,1.3496246191706
233,"Sambar deer","SBR",1,"dist_str + ndvi_cv + elev + BB + DD",0.302238873473722,0.632711903251829,1.35288435875934
234,"Sambar deer","SBR",1,"dist_str + ndvi_cv + elev + BB + DD",0.321263589257127,0.618631560544629,1.37886899484274
235,"Sambar deer","SBR",1,"dist_str + ndvi_cv + elev + BB + DD",0.287279724060743,0.603245598860614,1.33279697861374
236,"Sambar deer","SBR",1,"dist_str + ndvi_cv + elev + BB + DD",0.261809069217496,0.623691182840134,1.29927844806764
237,"Sambar deer","SBR",1,"dist_str + ndvi_cv + elev + BB + DD",0.238701592399662,0.638072400577444,1.26959962402205
238,"Sambar deer","SBR",1,"dist_str + ndvi_cv + elev + BB + DD",0.19069946543235,0.65813771491097,1.21009572950746
239,"Sambar deer","SBR",1,"dist_str + ndvi_cv + elev + BB + DD",0.163197584367553,0.671807109039968,1.17726927959399
240,"Sambar deer","SBR",1,"dist_str + ndvi_cv + elev + BB + DD",0.120033306735905,0.680571558014294,1.12753440561691
241,"Sambar deer","SBR",1,"dist_str + ndvi_cv + elev + BB + DD",0.0758116513414132,0.690830048308545,1.07875937946943
242,"Sambar deer","SBR",1,"dist_str + ndvi_cv + elev + BB + DD",0.0892918060797065,0.702858660678974,1.09339967111162
243,"Sambar deer","SBR",1,"dist_str + ndvi_cv + elev + BB + DD",0.0692248595205773,0.71188794769806,1.07167715889978
244,"Sambar deer","SBR",1,"dist_str + ndvi_cv + elev + BB + DD",0.0637328320097427,0.718371792022847,1.06580763363403
245,"Sambar deer","SBR",1,"dist_str + ndvi_cv + elev + BB + DD",0.054657298242551,0.733244788084148,1.05617859990349
246,"Sambar deer","SBR",1,"dist_str + ndvi_cv + elev + BB + DD",0.0478758851446664,0.750529448083023,1.04904045175694
247,"Sambar deer","SBR",1,"dist_str + ndvi_cv + elev + BB + DD",0.0431711672224717,0.781221072999125,1.04411660056278
248,"Sambar deer","SBR",1,"dist_str + ndvi_cv + elev + BB + DD",0.0652077146454434,0.829641731649106,1.06738073445218
249,"Sambar deer","SBR",1,"dist_str + ndvi_cv + elev + BB + DD",0.033846256020775,0.862781171856693,1.03442555950382
250,"Sambar deer","SBR",1,"dist_str + ndvi_cv + elev + BB + DD",0.019733603705478,0.8933378215892,1.01992960554363
251,"Sambar deer","SBR",1,"dist_str + ndvi_cv + elev + BB + DD",0.0258065630708938,0.943112805851026,1.0261424355569
252,"Sambar deer","SBR",1,"dist_str + ndvi_cv + elev + BB + DD",0.0296878910444197,1.01915881340172,1.03013297998618
253,"Sambar deer","SBR",1,"dist_str + ndvi_cv + elev + BB + DD",0.0148801300914383,1.13082422136089,1.01499139108776
254,"Sambar deer","SBR",1,"dist_str + ndvi_cv + elev + BB + DD",0.0423020373008305,0.849031815253279,1.04320953283149
255,"Sambar deer","SBR",1,"dist_str + ndvi_cv + elev + BB + DD",0.0144698325165384,0.798659976577627,1.01457502772024
256,"Sambar deer","SBR",1,"dist_str + ndvi_cv + elev + BB + DD",0.0325713219124095,0.771830839086586,1.03310757400836
257,"Sambar deer","SBR",1,"dist_str + ndvi_cv + elev + BB + DD",0.0600330163837871,0.740461423467079,1.06187168458764
258,"Sambar deer","SBR",1,"dist_str + ndvi_cv + elev + BB + DD",0.0996720206005278,0.715737603524916,1.10480853631387
259,"Sambar deer","SBR",1,"dist_str + ndvi_cv + elev + BB + DD",0.108895893850929,0.70210835810523,1.11504626113311
260,"Sambar deer","SBR",1,"dist_str + ndvi_cv + elev + BB + DD",0.113579040848045,0.70182640788139,1.12028048082666
261,"Sambar deer","SBR",1,"dist_str + ndvi_cv + elev + BB + DD",0.148309432874944,0.699221092396199,1.15987174386384
262,"Sambar deer","SBR",1,"dist_str + ndvi_cv + elev + BB + DD",0.174499877120196,0.681370336949065,1.19065059667314
263,"Sambar deer","SBR",1,"dist_str + ndvi_cv + elev + BB + DD",0.213163372135643,0.683275263951118,1.2375868225925
264,"Sambar deer","SBR",1,"dist_str + ndvi_cv + elev + BB + DD",0.18594219502665,0.677454775803259,1.20435264088898
265,"Sambar deer","SBR",1,"dist_str + ndvi_cv + elev + BB + DD",0.256919173413101,0.667944171308575,1.29294062499644
266,"Sambar deer","SBR",1,"dist_str + ndvi_cv + elev + BB + DD",0.301310257534294,0.668808206618039,1.35162862975244
267,"Sambar deer","SBR",1,"dist_str + ndvi_cv + elev + BB + DD",0.309316745178666,0.655032036174427,1.36249396796693
268,"Sambar deer","SBR",1,"dist_str + ndvi_cv + elev + BB + DD",0.349719427478165,0.634348013494012,1.41866945324493
269,"Sambar deer","SBR",1,"dist_str + ndvi_cv + elev + BB + DD",0.370734192929448,0.60962140320005,1.44879792661949
270,"Sambar deer","SBR",1,"dist_str + ndvi_cv + elev + BB + DD",0.367859710038042,0.60158965242373,1.44463936398108
271,"Sambar deer","SBR",1,"dist_str + ndvi_cv + elev + BB + DD",0.330340551511951,0.611768612651646,1.39144192643286
272,"Sambar deer","SBR",1,"dist_str + ndvi_cv + elev + BB + DD",0.267395368282264,0.640543163174606,1.3065569160591
273,"Sambar deer","SBR",1,"dist_str + ndvi_cv + elev + BB + DD",0.19649153404864,0.650519171163196,1.21712502350866
274,"Sambar deer","SBR",1,"dist_str + ndvi_cv + elev + BB + DD",0.152854381596658,0.663316426909893,1.16515530639127
275,"Sambar deer","SBR",1,"dist_str + ndvi_cv + elev + BB + DD",0.1060965907742,0.672882775830901,1.11192932048919
276,"Sambar deer","SBR",1,"dist_str + ndvi_cv + elev + BB + DD",0.0402405071145176,0.682328203367809,1.04106112671604
277,"Sambar deer","SBR",1,"dist_str + ndvi_cv + elev + BB + DD",0.0440528721800359,0.688593511223071,1.04503766644914
278,"Sambar deer","SBR",1,"dist_str + ndvi_cv + elev + BB + DD",0.0306605988050118,0.709479139260841,1.03113549649113
279,"Sambar deer","SBR",1,"dist_str + ndvi_cv + elev + BB + DD",0.0361059140526793,0.735484704767096,1.03676565893767
280,"Sambar deer","SBR",1,"dist_str + ndvi_cv + elev + BB + DD",0.0382720525694871,0.737039674897193,1.03901386117016
281,"Sambar deer","SBR",1,"dist_str + ndvi_cv + elev + BB + DD",0.0183371636588876,0.781288146523872,1.01850633982691
282,"Sambar deer","SBR",1,"dist_str + ndvi_cv + elev + BB + DD",0.0150383303308848,0.813670260995551,1.0151519760282
283,"Sambar deer","SBR",1,"dist_str + ndvi_cv + elev + BB + DD",0.0272953912063252,0.8549027692866,1.02767134080275
284,"Sambar deer","SBR",1,"dist_str + ndvi_cv + elev + BB + DD",0.0458810562575667,0.906901765771048,1.04694987791873
285,"Sambar deer","SBR",1,"dist_str + ndvi_cv + elev + BB + DD",0.0338350354405483,0.957255919340251,1.03441395309586
286,"Sambar deer","SBR",1,"dist_str + ndvi_cv + elev + BB + DD",0.026302660763915,1.04921516665887,1.02665163530119
287,"Sambar deer","SBR",1,"dist_str + ndvi_cv + elev + BB + DD",0.0105812141476184,1.13167650884672,1.01063739365928
288,"Sambar deer","SBR",1,"dist_str + ndvi_cv + elev + BB + DD",0.029946037371522,0.969214134184713,1.03039894156151
289,"Sambar deer","SBR",1,"dist_str + ndvi_cv + elev + BB + DD",0.0422740065934726,0.846447127455321,1.04318028082823
290,"Sambar deer","SBR",1,"dist_str + ndvi_cv + elev + BB + DD",0.0305230656641578,0.786073639953453,1.03099367266424
291,"Sambar deer","SBR",1,"dist_str + ndvi_cv + elev + BB + DD",0.0793589259165798,0.762852519557668,1.08259286244959
292,"Sambar deer","SBR",1,"dist_str + ndvi_cv + elev + BB + DD",0.0677338676937423,0.737959163651938,1.07008048783824
293,"Sambar deer","SBR",1,"dist_str + ndvi_cv + elev + BB + DD",0.068140147980592,0.726276289821579,1.07051532909107
294,"Sambar deer","SBR",1,"dist_str + ndvi_cv + elev + BB + DD",0.104580183659453,0.709220022467572,1.11024441378476
295,"Sambar deer","SBR",1,"dist_str + ndvi_cv + elev + BB + DD",0.136360029383211,0.71472918175275,1.14609445125046
296,"Sambar deer","SBR",1,"dist_str + ndvi_cv + elev + BB + DD",0.151247130059746,0.708863420489387,1.16328410503323
297,"Sambar deer","SBR",1,"dist_str + ndvi_cv + elev + BB + DD",0.184471223323379,0.670721844619465,1.20258237734311
298,"Sambar deer","SBR",1,"dist_str + ndvi_cv + elev + BB + DD",0.206874841015425,0.669341213112583,1.22982864078927
299,"Sambar deer","SBR",1,"dist_str + ndvi_cv + elev + BB + DD",0.221870791577762,0.678156505944368,1.24841007266266
300,"Sambar deer","SBR",1,"dist_str + ndvi_cv + elev + BB + DD",0.24840395628715,0.674780577737695,1.28197771763315
301,"Sambar deer","SBR",1,"dist_str + ndvi_cv + elev + BB + DD",0.282822729578516,0.670140623282711,1.32686992695541
302,"Sambar deer","SBR",1,"dist_str + ndvi_cv + elev + BB + DD",0.320507056780369,0.658161901597947,1.37782622383826
303,"Sambar deer","SBR",1,"dist_str + ndvi_cv + elev + BB + DD",0.365669017097884,0.622703257959887,1.44147806077546
304,"Sambar deer","SBR",1,"dist_str + ndvi_cv + elev + BB + DD",0.406953482657775,0.600051123513357,1.5022342286321
305,"Sambar deer","SBR",1,"dist_str + ndvi_cv + elev + BB + DD",0.43779457235764,0.570272899606983,1.54928661133218
306,"Sambar deer","SBR",1,"dist_str + ndvi_cv + elev + BB + DD",0.415078552562596,0.586175582472577,1.51448970358168
307,"Sambar deer","SBR",1,"dist_str + ndvi_cv + elev + BB + DD",0.318296467933756,0.618408767936835,1.37478380046577
308,"Sambar deer","SBR",1,"dist_str + ndvi_cv + elev + BB + DD",0.220981230976705,0.653221313390125,1.24730002948964
309,"Sambar deer","SBR",1,"dist_str + ndvi_cv + elev + BB + DD",0.136624643707168,0.669358996977516,1.14639777258318
310,"Sambar deer","SBR",1,"dist_str + ndvi_cv + elev + BB + DD",0.0331601946204538,0.680074716041339,1.03371612250178
311,"Sambar deer","SBR",1,"dist_str + ndvi_cv + elev + BB + DD",-0.00418014373271963,0.689582351734533,0.995828583032421
312,"Sambar deer","SBR",1,"dist_str + ndvi_cv + elev + BB + DD",-0.0523661433301722,0.693665910500725,0.948981340039226
313,"Sambar deer","SBR",1,"dist_str + ndvi_cv + elev + BB + DD",-0.0561853474749704,0.709276175231403,0.94536390106808
314,"Sambar deer","SBR",1,"dist_str + ndvi_cv + elev + BB + DD",-0.0243152644114137,0.728195081083235,0.97597797764256
315,"Sambar deer","SBR",1,"dist_str + ndvi_cv + elev + BB + DD",0.00380251080180096,0.752861689828243,1.00380976274995
316,"Sambar deer","SBR",1,"dist_str + ndvi_cv + elev + BB + DD",-0.00984972673084362,0.797616213264835,0.990198623092597
317,"Sambar deer","SBR",1,"dist_str + ndvi_cv + elev + BB + DD",0.0169119206069636,0.874719029328609,1.01705573724722
318,"Sambar deer","SBR",1,"dist_str + ndvi_cv + elev + BB + DD",0.016320310314305,0.945231644860588,1.01645421778223
319,"Sambar deer","SBR",1,"dist_str + ndvi_cv + elev + BB + DD",0.0272787128361838,1.03369970438577,1.02765418327327
320,"Sambar deer","SBR",1,"dist_str + ndvi_cv + elev + BB + DD",0.0573240998035206,0.94126960560692,1.05899900157077
321,"Sambar deer","SBR",1,"dist_str + ndvi_cv + elev + BB + DD",0.0238763317759386,0.83308637634846,1.02416365375039
322,"Sambar deer","SBR",1,"dist_str + ndvi_cv + elev + BB + DD",0.0458261788220169,0.778001821233078,1.0468924234027
323,"Sambar deer","SBR",1,"dist_str + ndvi_cv + elev + BB + DD",0.0868123707699569,0.75678722481056,1.09069201483654
324,"Sambar deer","SBR",1,"dist_str + ndvi_cv + elev + BB + DD",0.0771691761825186,0.738531372377029,1.08022481038912
325,"Sambar deer","SBR",1,"dist_str + ndvi_cv + elev + BB + DD",0.102533370118029,0.722877084543324,1.10797427470018
326,"Sambar deer","SBR",1,"dist_str + ndvi_cv + elev + BB + DD",0.130390336029292,0.705579144041065,1.13927299686014
327,"Sambar deer","SBR",1,"dist_str + ndvi_cv + elev + BB + DD",0.137840782490148,0.704651645033721,1.1477927873253
328,"Sambar deer","SBR",1,"dist_str + ndvi_cv + elev + BB + DD",0.151435472690282,0.691580214374058,1.16350347905819
329,"Sambar deer","SBR",1,"dist_str + ndvi_cv + elev + BB + DD",0.159488500875232,0.676833726814642,1.17291078125207
330,"Sambar deer","SBR",1,"dist_str + ndvi_cv + elev + BB + DD",0.200391356253265,0.671590679303003,1.22188085558073
331,"Sambar deer","SBR",1,"dist_str + ndvi_cv + elev + BB + DD",0.232488160267141,0.680066972753244,1.26173550797287
332,"Sambar deer","SBR",1,"dist_str + ndvi_cv + elev + BB + DD",0.264008582570607,0.667402994103858,1.30213937229774
333,"Sambar deer","SBR",1,"dist_str + ndvi_cv + elev + BB + DD",0.261566248612946,0.661648852244352,1.29896299390241
334,"Sambar deer","SBR",1,"dist_str + ndvi_cv + elev + BB + DD",0.299480686712393,0.653375523752927,1.34915799685737
335,"Sambar deer","SBR",1,"dist_str + ndvi_cv + elev + BB + DD",0.346568869391437,0.623982929222092,1.41420688756156
336,"Sambar deer","SBR",1,"dist_str + ndvi_cv + elev + BB + DD",0.414797103478596,0.587159636968858,1.51406351149148
337,"Sambar deer","SBR",1,"dist_str + ndvi_cv + elev + BB + DD",0.679387553615983,0.388732266348947,1.97266920822715
338,"Sambar deer","SBR",1,"dist_str + ndvi_cv + elev + BB + DD",0.540933883545702,0.542793735362163,1.71761016588564
339,"Sambar deer","SBR",1,"dist_str + ndvi_cv + elev + BB + DD",0.348505817264355,0.632260399554767,1.41694880829134
340,"Sambar deer","SBR",1,"dist_str + ndvi_cv + elev + BB + DD",0.231077956733276,0.655210038980667,1.25995745859142
341,"Sambar deer","SBR",1,"dist_str + ndvi_cv + elev + BB + DD",0.132674545528404,0.664130280233529,1.14187830885354
342,"Sambar deer","SBR",1,"dist_str + ndvi_cv + elev + BB + DD",0.0400722516450229,0.68522575974668,1.04088598161467
343,"Sambar deer","SBR",1,"dist_str + ndvi_cv + elev + BB + DD",-0.163706546664322,0.666954246623661,0.848991124874991
344,"Sambar deer","SBR",1,"dist_str + ndvi_cv + elev + BB + DD",-0.282380502320523,0.656378548855417,0.753986738196972
345,"Sambar deer","SBR",1,"dist_str + ndvi_cv + elev + BB + DD",-0.1307912357579,0.737727881322574,0.877400925535943
346,"Sambar deer","SBR",1,"dist_str + ndvi_cv + elev + BB + DD",-0.0662243961939784,0.741767554218845,0.935920823657953
347,"Sambar deer","SBR",1,"dist_str + ndvi_cv + elev + BB + DD",-0.0510484700013637,0.775637772433851,0.950232615982135
348,"Sambar deer","SBR",1,"dist_str + ndvi_cv + elev + BB + DD",-0.0305377366568282,0.853971943454379,0.969923830205343
349,"Sambar deer","SBR",1,"dist_str + ndvi_cv + elev + BB + DD",0.0723496731241836,0.92401963466589,1.07503120291054
350,"Sambar deer","SBR",1,"dist_str + ndvi_cv + elev + BB + DD",0.0677451765055713,0.811561467336023,1.07009258913487
351,"Sambar deer","SBR",1,"dist_str + ndvi_cv + elev + BB + DD",0.0770650636093372,0.761100768492943,1.08011235030188
352,"Sambar deer","SBR",1,"dist_str + ndvi_cv + elev + BB + DD",0.0789501598758611,0.755699421777472,1.08215041923294
353,"Sambar deer","SBR",1,"dist_str + ndvi_cv + elev + BB + DD",0.0883352359376447,0.740269493383987,1.09235427088125
354,"Sambar deer","SBR",1,"dist_str + ndvi_cv + elev + BB + DD",0.069686821437699,0.738579466312759,1.07217234729104
355,"Sambar deer","SBR",1,"dist_str + ndvi_cv + elev + BB + DD",0.0955287820077002,0.724522176988493,1.10024048945793
356,"Sambar deer","SBR",1,"dist_str + ndvi_cv + elev + BB + DD",0.140443432493499,0.715873698284152,1.15078398132047
357,"Sambar deer","SBR",1,"dist_str + ndvi_cv + elev + BB + DD",0.138980818174335,0.679651564271867,1.14910207408127
358,"Sambar deer","SBR",1,"dist_str + ndvi_cv + elev + BB + DD",0.163198307247267,0.655531035940594,1.17727013244492
359,"Sambar deer","SBR",1,"dist_str + ndvi_cv + elev + BB + DD",0.164349739502157,0.668033349077323,1.17862645635845
360,"Sambar deer","SBR",1,"dist_str + ndvi_cv + elev + BB + DD",0.234669056197185,0.658429366633824,1.264490239153
361,"Sambar deer","SBR",1,"dist_str + ndvi_cv + elev + BB + DD",0.236619409238568,0.671757519370445,1.26695884187535
362,"Sambar deer","SBR",1,"dist_str + ndvi_cv + elev + BB + DD",0.273367191216032,0.642929987749484,1.31438278709154
363,"Sambar deer","SBR",1,"dist_str + ndvi_cv + elev + BB + DD",0.2916908880484,0.64436435754019,1.33868914966083
364,"Sambar deer","SBR",1,"dist_str + ndvi_cv + elev + BB + DD",0.312409155302407,0.636123593388002,1.36671377735481
365,"Sambar deer","SBR",1,"dist_str + ndvi_cv + elev + BB + DD",0.410984252287605,0.601749593165395,1.50830160517072
366,"Sambar deer","SBR",1,"dist_str + ndvi_cv + elev + BB + DD",0.42458546194511,0.588068662447573,1.52895647768863
367,"Sambar deer","SBR",1,"dist_str + ndvi_cv + elev + BB + DD",0.424548589181391,0.603943086356083,1.52890010571313
368,"Sambar deer","SBR",1,"dist_str + ndvi_cv + elev + BB + DD",0.315987471135407,0.637272590337143,1.37161307078873
369,"Sambar deer","SBR",1,"dist_str + ndvi_cv + elev + BB + DD",0.213568145386121,0.663364674825686,1.23808786615463
370,"Sambar deer","SBR",1,"dist_str + ndvi_cv + elev + BB + DD",0.103351293359038,0.678908155593866,1.10888088319639
371,"Sambar deer","SBR",1,"dist_str + ndvi_cv + elev + BB + DD",-0.00360373096993854,0.674019790448681,0.996402756592375
372,"Sambar deer","SBR",1,"dist_str + ndvi_cv + elev + BB + DD",-0.0896054744463911,0.683488301979803,0.914291826578204
373,"Sambar deer","SBR",1,"dist_str + ndvi_cv + elev + BB + DD",-0.124614396617751,0.701834694941043,0.882837265898392
374,"Sambar deer","SBR",1,"dist_str + ndvi_cv + elev + BB + DD",-0.112912039515053,0.72442097015374,0.893229225620711
375,"Sambar deer","SBR",1,"dist_str + ndvi_cv + elev + BB + DD",-0.069076879344421,0.772028318458063,0.933254929730879
376,"Sambar deer","SBR",1,"dist_str + ndvi_cv + elev + BB + DD",-0.0882997757245632,0.793908047823259,0.915486396392034
377,"Sambar deer","SBR",1,"dist_str + ndvi_cv + elev + BB + DD",-0.0773989914897267,0.923306004352444,0.925520510996247
378,"Sambar deer","SBR",1,"dist_str + ndvi_cv + elev + BB + DD",0.0809907015184657,0.905371595864529,1.08436081363804
379,"Sambar deer","SBR",1,"dist_str + ndvi_cv + elev + BB + DD",0.0939282298126943,0.797723830605563,1.09848090768608
380,"Sambar deer","SBR",1,"dist_str + ndvi_cv + elev + BB + DD",0.0846517667621535,0.759191710252286,1.0883380062445
381,"Sambar deer","SBR",1,"dist_str + ndvi_cv + elev + BB + DD",0.0398544829347038,0.753808216598117,1.04065933047064
382,"Sambar deer","SBR",1,"dist_str + ndvi_cv + elev + BB + DD",0.0617450499011846,0.740485026763437,1.06369112482279
383,"Sambar deer","SBR",1,"dist_str + ndvi_cv + elev + BB + DD",0.0728303582914356,0.75313928542489,1.07554806383858
384,"Sambar deer","SBR",1,"dist_str + ndvi_cv + elev + BB + DD",0.103259380251302,0.716886327775807,1.10877896715643
385,"Sambar deer","SBR",1,"dist_str + ndvi_cv + elev + BB + DD",0.131381564223276,0.707120295959305,1.14040283737864
386,"Sambar deer","SBR",1,"dist_str + ndvi_cv + elev + BB + DD",0.127486775912679,0.687068379295049,1.13596984823732
387,"Sambar deer","SBR",1,"dist_str + ndvi_cv + elev + BB + DD",0.121951325694102,0.670032092316113,1.12969911848676
388,"Sambar deer","SBR",1,"dist_str + ndvi_cv + elev + BB + DD",0.134095368708997,0.652827220689431,1.14350186874262
389,"Sambar deer","SBR",1,"dist_str + ndvi_cv + elev + BB + DD",0.165376986585643,0.666510301365968,1.17983781793354
390,"Sambar deer","SBR",1,"dist_str + ndvi_cv + elev + BB + DD",0.196107287708123,0.660842917726174,1.21665747538956
391,"Sambar deer","SBR",1,"dist_str + ndvi_cv + elev + BB + DD",0.235351747482628,0.655430437801529,1.26535377815481
392,"Sambar deer","SBR",1,"dist_str + ndvi_cv + elev + BB + DD",0.267091943561195,0.659788837892426,1.30616053400674
393,"Sambar deer","SBR",1,"dist_str + ndvi_cv + elev + BB + DD",0.307679043616858,0.661026839630476,1.36026433896041
394,"Sambar deer","SBR",1,"dist_str + ndvi_cv + elev + BB + DD",0.327337922764868,0.63019498174715,1.38727018823374
395,"Sambar deer","SBR",1,"dist_str + ndvi_cv + elev + BB + DD",0.352129216255646,0.605531191939138,1.42209227304218
396,"Sambar deer","SBR",1,"dist_str + ndvi_cv + elev + BB + DD",0.333082927934022,0.621442658285084,1.39526300901822
397,"Sambar deer","SBR",1,"dist_str + ndvi_cv + elev + BB + DD",0.262679114265319,0.633122008491756,1.30040936966477
398,"Sambar deer","SBR",1,"dist_str + ndvi_cv + elev + BB + DD",0.193917203483132,0.666116582493781,1.21399576433205
399,"Sambar deer","SBR",1,"dist_str + ndvi_cv + elev + BB + DD",0.0546920864819946,0.678814299531041,1.0562153425756
400,"Sambar deer","SBR",1,"dist_str + ndvi_cv + elev + BB + DD",-0.00555999776472057,0.666205065971755,0.994455430416285
401,"Sambar deer","SBR",1,"dist_str + ndvi_cv + elev + BB + DD",-0.0508504456966803,0.686661695147732,0.950420802412661
402,"Sambar deer","SBR",1,"dist_str + ndvi_cv + elev + BB + DD",-0.0949361686926267,0.716098396912705,0.909430985068052
403,"Sambar deer","SBR",1,"dist_str + ndvi_cv + elev + BB + DD",-0.0705473522457738,0.746253236269495,0.931883612187075
404,"Sambar deer","SBR",1,"dist_str + ndvi_cv + elev + BB + DD",-0.0819952656857176,0.774860814365541,0.921276322518846
405,"Sambar deer","SBR",1,"dist_str + ndvi_cv + elev + BB + DD",-0.101561440724695,0.814457479082961,0.903425671011105
406,"Sambar deer","SBR",1,"dist_str + ndvi_cv + elev + BB + DD",-0.0935377399260436,0.903202339855722,0.910703648325565
407,"Sambar deer","SBR",1,"dist_str + ndvi_cv + elev + BB + DD",0.0469596684733322,0.942993982447819,1.04807974023322
408,"Sambar deer","SBR",1,"dist_str + ndvi_cv + elev + BB + DD",0.0430957388815902,0.792561676353812,1.0440378532532
409,"Sambar deer","SBR",1,"dist_str + ndvi_cv + elev + BB + DD",0.05468345226112,0.756402030751502,1.0562062623147
410,"Sambar deer","SBR",1,"dist_str + ndvi_cv + elev + BB + DD",0.0554719771015439,0.737879816115795,1.05703941331449
411,"Sambar deer","SBR",1,"dist_str + ndvi_cv + elev + BB + DD",0.0603634073709274,0.733282292176469,1.06222249665294
412,"Sambar deer","SBR",1,"dist_str + ndvi_cv + elev + BB + DD",0.0594228258233683,0.737384530532759,1.06122385925543
413,"Sambar deer","SBR",1,"dist_str + ndvi_cv + elev + BB + DD",0.0821327381023669,0.725586217324099,1.08559990081127
414,"Sambar deer","SBR",1,"dist_str + ndvi_cv + elev + BB + DD",0.107614932348373,0.690803333575849,1.11361885304271
415,"Sambar deer","SBR",1,"dist_str + ndvi_cv + elev + BB + DD",0.125775867464467,0.671786504671431,1.13402797686607
416,"Sambar deer","SBR",1,"dist_str + ndvi_cv + elev + BB + DD",0.122049606137675,0.673957551852658,1.12981016231886
417,"Sambar deer","SBR",1,"dist_str + ndvi_cv + elev + BB + DD",0.138225007947155,0.673622997679231,1.14823388670208
418,"Sambar deer","SBR",1,"dist_str + ndvi_cv + elev + BB + DD",0.172536596389324,0.670347601740467,1.18831530916985
419,"Sambar deer","SBR",1,"dist_str + ndvi_cv + elev + BB + DD",0.175053440770686,0.651793930172658,1.19130987945554
420,"Sambar deer","SBR",1,"dist_str + ndvi_cv + elev + BB + DD",0.213871764254547,0.678322869197176,1.238463840129
421,"Sambar deer","SBR",1,"dist_str + ndvi_cv + elev + BB + DD",0.240886088678033,0.666275489473643,1.27237608901384
422,"Sambar deer","SBR",1,"dist_str + ndvi_cv + elev + BB + DD",0.250154599408634,0.655589404667476,1.28422394173629
423,"Sambar deer","SBR",1,"dist_str + ndvi_cv + elev + BB + DD",0.302650236263378,0.632953331198804,1.35344099738025
424,"Sambar deer","SBR",1,"dist_str + ndvi_cv + elev + BB + DD",0.290890751017633,0.620643549928234,1.33761844342973
425,"Sambar deer","SBR",1,"dist_str + ndvi_cv + elev + BB + DD",0.277580509981151,0.619238168471083,1.3199323830109
426,"Sambar deer","SBR",1,"dist_str + ndvi_cv + elev + BB + DD",0.229241589154482,0.632429897274644,1.25764583677235
427,"Sambar deer","SBR",1,"dist_str + ndvi_cv + elev + BB + DD",0.170934315861994,0.650508125621669,1.18641281947558
428,"Sambar deer","SBR",1,"dist_str + ndvi_cv + elev + BB + DD",0.101877965339704,0.660463210778576,1.10724834089014
429,"Sambar deer","SBR",1,"dist_str + ndvi_cv + elev + BB + DD",0.00905744007368098,0.672688363659486,1.00909858351806
430,"Sambar deer","SBR",1,"dist_str + ndvi_cv + elev + BB + DD",-0.0575722437303256,0.680088314582672,0.944053686125809
431,"Sambar deer","SBR",1,"dist_str + ndvi_cv + elev + BB + DD",-0.0797839079610396,0.713126390824099,0.923315854081626
432,"Sambar deer","SBR",1,"dist_str + ndvi_cv + elev + BB + DD",-0.0842642127687805,0.73898511020052,0.919188362751106
433,"Sambar deer","SBR",1,"dist_str + ndvi_cv + elev + BB + DD",-0.0844289873815018,0.782835283973088,0.919036917035308
434,"Sambar deer","SBR",1,"dist_str + ndvi_cv + elev + BB + DD",-0.092273234045555,0.802627276942953,0.911855971166427
435,"Sambar deer","SBR",1,"dist_str + ndvi_cv + elev + BB + DD",-0.0817063818567561,0.917546569355719,0.921542500581269
436,"Sambar deer","SBR",1,"dist_str + ndvi_cv + elev + BB + DD",0.0281303526953581,0.791552299196691,1.02852975472591
437,"Sambar deer","SBR",1,"dist_str + ndvi_cv + elev + BB + DD",0.00988890660492909,0.752664729951099,1.00993796522232
438,"Sambar deer","SBR",1,"dist_str + ndvi_cv + elev + BB + DD",0.0319728277768219,0.728458228937504,1.03248945056802
439,"Sambar deer","SBR",1,"dist_str + ndvi_cv + elev + BB + DD",0.0265149484573312,0.714614353034881,1.02686959884765
440,"Sambar deer","SBR",1,"dist_str + ndvi_cv + elev + BB + DD",0.0680530332214482,0.711390771091095,1.07042207944925
441,"Sambar deer","SBR",1,"dist_str + ndvi_cv + elev + BB + DD",0.0859975906129138,0.68756849325963,1.089803706491
442,"Sambar deer","SBR",1,"dist_str + ndvi_cv + elev + BB + DD",0.0834281776288168,0.677554642224324,1.08700714224464
443,"Sambar deer","SBR",1,"dist_str + ndvi_cv + elev + BB + DD",0.109728193133296,0.666291066770956,1.11597469985056
444,"Sambar deer","SBR",1,"dist_str + ndvi_cv + elev + BB + DD",0.107243156566847,0.67337077177179,1.11320490817869
445,"Sambar deer","SBR",1,"dist_str + ndvi_cv + elev + BB + DD",0.126541305846573,0.670107018919792,1.13489632806775
446,"Sambar deer","SBR",1,"dist_str + ndvi_cv + elev + BB + DD",0.128848698862651,0.663815749037534,1.13751800759987
447,"Sambar deer","SBR",1,"dist_str + ndvi_cv + elev + BB + DD",0.159210468754265,0.667445552440406,1.17258471385248
448,"Sambar deer","SBR",1,"dist_str + ndvi_cv + elev + BB + DD",0.175246625632153,0.651504088603097,1.19154004820289
449,"Sambar deer","SBR",1,"dist_str + ndvi_cv + elev + BB + DD",0.219806239249588,0.663304998955733,1.24583531456483
450,"Sambar deer","SBR",1,"dist_str + ndvi_cv + elev + BB + DD",0.232482287526914,0.658661297578627,1.26172813987864
451,"Sambar deer","SBR",1,"dist_str + ndvi_cv + elev + BB + DD",0.279302322754524,0.631170179292118,1.32220701707045
452,"Sambar deer","SBR",1,"dist_str + ndvi_cv + elev + BB + DD",0.285290259324503,0.606090371630974,1.33014807958808
453,"Sambar deer","SBR",1,"dist_str + ndvi_cv + elev + BB + DD",0.296347345835888,0.598329962014819,1.34493723468558
454,"Sambar deer","SBR",1,"dist_str + ndvi_cv + elev + BB + DD",0.228225164178503,0.61833906183603,1.25636818379202
455,"Sambar deer","SBR",1,"dist_str + ndvi_cv + elev + BB + DD",0.153197450743343,0.642019417292543,1.16555509887464
456,"Sambar deer","SBR",1,"dist_str + ndvi_cv + elev + BB + DD",0.0583832989245714,0.64253509352289,1.0601212611841
457,"Sambar deer","SBR",1,"dist_str + ndvi_cv + elev + BB + DD",0.00551056263976494,0.664114510012272,1.00552577602535
458,"Sambar deer","SBR",1,"dist_str + ndvi_cv + elev + BB + DD",-0.069770272593563,0.685105188509304,0.932608042677718
459,"Sambar deer","SBR",1,"dist_str + ndvi_cv + elev + BB + DD",-0.101520270482106,0.700894089050709,0.903462870157711
460,"Sambar deer","SBR",1,"dist_str + ndvi_cv + elev + BB + DD",-0.112274453790459,0.722808930830726,0.893798919693353
461,"Sambar deer","SBR",1,"dist_str + ndvi_cv + elev + BB + DD",-0.11934100870136,0.76613411621376,0.887505102318178
462,"Sambar deer","SBR",1,"dist_str + ndvi_cv + elev + BB + DD",-0.121361056090975,0.795694971459268,0.885714111262026
463,"Sambar deer","SBR",1,"dist_str + ndvi_cv + elev + BB + DD",-0.111305244734854,0.903542565130323,0.894665618706357
464,"Sambar deer","SBR",1,"dist_str + ndvi_cv + elev + BB + DD",0.0723352882339297,0.931480420598712,1.07501573315447
465,"Sambar deer","SBR",1,"dist_str + ndvi_cv + elev + BB + DD",0.0454879357004152,0.813591279830656,1.04653847225758
466,"Sambar deer","SBR",1,"dist_str + ndvi_cv + elev + BB + DD",0.014717074590452,0.74815086585877,1.01482590450323
467,"Sambar deer","SBR",1,"dist_str + ndvi_cv + elev + BB + DD",0.00939055111391396,0.70735244989578,1.00943478097112
468,"Sambar deer","SBR",1,"dist_str + ndvi_cv + elev + BB + DD",0.0323737951794265,0.699330499484348,1.0329035301161
469,"Sambar deer","SBR",1,"dist_str + ndvi_cv + elev + BB + DD",0.0545313566250185,0.690327949829947,1.05604559294461
470,"Sambar deer","SBR",1,"dist_str + ndvi_cv + elev + BB + DD",0.0755741420259265,0.676164709671287,1.07850318765167
471,"Sambar deer","SBR",1,"dist_str + ndvi_cv + elev + BB + DD",0.0640451722404593,0.658832567665142,1.06614056343995
472,"Sambar deer","SBR",1,"dist_str + ndvi_cv + elev + BB + DD",0.0628675252873774,0.667961420354404,1.06488576566482
473,"Sambar deer","SBR",1,"dist_str + ndvi_cv + elev + BB + DD",0.0976928680127989,0.650515713534618,1.10262408403945
474,"Sambar deer","SBR",1,"dist_str + ndvi_cv + elev + BB + DD",0.114138768757204,0.660558441722612,1.12090773542173
475,"Sambar deer","SBR",1,"dist_str + ndvi_cv + elev + BB + DD",0.10797432011735,0.64204502733468,1.11401914087592
476,"Sambar deer","SBR",1,"dist_str + ndvi_cv + elev + BB + DD",0.124881159194123,0.670830526134272,1.13301379731609
477,"Sambar deer","SBR",1,"dist_str + ndvi_cv + elev + BB + DD",0.155370224520467,0.654860579597187,1.1680903371837
478,"Sambar deer","SBR",1,"dist_str + ndvi_cv + elev + BB + DD",0.156334809867218,0.660095529235908,1.16921760698499
479,"Sambar deer","SBR",1,"dist_str + ndvi_cv + elev + BB + DD",0.219872048510924,0.655682193182404,1.24591735956114
480,"Sambar deer","SBR",1,"dist_str + ndvi_cv + elev + BB + DD",0.268243339341644,0.620840495658782,1.3076653155064
481,"Sambar deer","SBR",1,"dist_str + ndvi_cv + elev + BB + DD",0.389155296953713,0.540356942250561,1.47573371049188
482,"Sambar deer","SBR",1,"dist_str + ndvi_cv + elev + BB + DD",0.338793341688129,0.549238869466372,1.40325332176551
483,"Sambar deer","SBR",1,"dist_str + ndvi_cv + elev + BB + DD",0.216011822170231,0.59486503097541,1.24111705161103
484,"Sambar deer","SBR",1,"dist_str + ndvi_cv + elev + BB + DD",0.132772511016884,0.603121364051148,1.14199017880311
485,"Sambar deer","SBR",1,"dist_str + ndvi_cv + elev + BB + DD",0.0319820483015885,0.634196595894729,1.03249897007049
486,"Sambar deer","SBR",1,"dist_str + ndvi_cv + elev + BB + DD",-0.0151432210939687,0.664593869527469,0.984970862454551
487,"Sambar deer","SBR",1,"dist_str + ndvi_cv + elev + BB + DD",-0.091206988471781,0.672622550504919,0.912828746618433
488,"Sambar deer","SBR",1,"dist_str + ndvi_cv + elev + BB + DD",-0.166366431830368,0.673072410656863,0.846735906772341
489,"Sambar deer","SBR",1,"dist_str + ndvi_cv + elev + BB + DD",-0.168614981190816,0.694907171099421,0.844834121867356
490,"Sambar deer","SBR",1,"dist_str + ndvi_cv + elev + BB + DD",-0.15322617432825,0.748993546594022,0.857935670693924
491,"Sambar deer","SBR",1,"dist_str + ndvi_cv + elev + BB + DD",-0.140339963989538,0.789918566554423,0.869062738042944
492,"Sambar deer","SBR",1,"dist_str + ndvi_cv + elev + BB + DD",-0.122318070344465,0.892704585297606,0.884866915495514
493,"Sambar deer","SBR",1,"dist_str + ndvi_cv + elev + BB + DD",0.0513510263808831,0.997786808653158,1.05269236340993
494,"Sambar deer","SBR",1,"dist_str + ndvi_cv + elev + BB + DD",0.0617971959393025,0.870152997228921,1.063746590723
495,"Sambar deer","SBR",1,"dist_str + ndvi_cv + elev + BB + DD",0.0620604190464076,0.782774781798271,1.0640266471886
496,"Sambar deer","SBR",1,"dist_str + ndvi_cv + elev + BB + DD",0.034562277242425,0.749698377043736,1.03516649994766
497,"Sambar deer","SBR",1,"dist_str + ndvi_cv + elev + BB + DD",0.0117624532336782,0.733388160273657,1.01183190323028
498,"Sambar deer","SBR",1,"dist_str + ndvi_cv + elev + BB + DD",0.0235107314005598,0.716102356549144,1.02378928771945
499,"Sambar deer","SBR",1,"dist_str + ndvi_cv + elev + BB + DD",0.0423526480807954,0.688458448890091,1.04326231873233
500,"Sambar deer","SBR",1,"dist_str + ndvi_cv + elev + BB + DD",0.0600812899589447,0.673451111697871,1.06192288399056
501,"Sambar deer","SBR",1,"dist_str + ndvi_cv + elev + BB + DD",0.0671490896202899,0.677250121017387,1.06945491197016
502,"Sambar deer","SBR",1,"dist_str + ndvi_cv + elev + BB + DD",0.0559983693271597,0.647400319198172,1.05759596955054
503,"Sambar deer","SBR",1,"dist_str + ndvi_cv + elev + BB + DD",0.0556524354373328,0.643720907601704,1.0572301641325
504,"Sambar deer","SBR",1,"dist_str + ndvi_cv + elev + BB + DD",0.0746195941763854,0.630958375899327,1.07747419653237
505,"Sambar deer","SBR",1,"dist_str + ndvi_cv + elev + BB + DD",0.0936441607307018,0.640606024362532,1.09816890662203
506,"Sambar deer","SBR",1,"dist_str + ndvi_cv + elev + BB + DD",0.11295842534512,0.656217099454692,1.11958539584868
507,"Sambar deer","SBR",1,"dist_str + ndvi_cv + elev + BB + DD",0.125349667830547,0.650407462293355,1.13354474798182
508,"Sambar deer","SBR",1,"dist_str + ndvi_cv + elev + BB + DD",0.13742511911696,0.649280047949033,1.14731579433198
509,"Sambar deer","SBR",1,"dist_str + ndvi_cv + elev + BB + DD",0.175058109049394,0.63931074821512,1.19131544082373
510,"Sambar deer","SBR",1,"dist_str + ndvi_cv + elev + BB + DD",0.228740959621805,0.620209848178237,1.25701638024463
511,"Sambar deer","SBR",1,"dist_str + ndvi_cv + elev + BB + DD",0.303830014910035,0.54790523218648,1.35503870058737
512,"Sambar deer","SBR",1,"dist_str + ndvi_cv + elev + BB + DD",0.42811662614074,0.451207424511897,1.53436501763872
513,"Sambar deer","SBR",1,"dist_str + ndvi_cv + elev + BB + DD",0.167902208699701,0.586835267285164,1.18282093621988
514,"Sambar deer","SBR",1,"dist_str + ndvi_cv + elev + BB + DD",0.0825736266462224,0.621977781396046,1.08607863488243
515,"Sambar deer","SBR",1,"dist_str + ndvi_cv + elev + BB + DD",0.00968309441160954,0.651714076310708,1.00973012780129
516,"Sambar deer","SBR",1,"dist_str + ndvi_cv + elev + BB + DD",-0.0619025540646188,0.648220949330941,0.939974480146071
517,"Sambar deer","SBR",1,"dist_str + ndvi_cv + elev + BB + DD",-0.116850313738059,0.643900948300182,0.889718361824071
518,"Sambar deer","SBR",1,"dist_str + ndvi_cv + elev + BB + DD",-0.193830526651456,0.659847041547758,0.823797504175886
519,"Sambar deer","SBR",1,"dist_str + ndvi_cv + elev + BB + DD",-0.212741174684054,0.669516282965163,0.808365339085125
520,"Sambar deer","SBR",1,"dist_str + ndvi_cv + elev + BB + DD",-0.139685518131123,0.714279228186174,0.869631695899331
521,"Sambar deer","SBR",1,"dist_str + ndvi_cv + elev + BB + DD",-0.164246872777538,0.769066711117146,0.848532521381756
522,"Sambar deer","SBR",1,"dist_str + ndvi_cv + elev + BB + DD",-0.167397490626549,0.864697200391945,0.845863324387944
523,"Sambar deer","SBR",1,"dist_str + ndvi_cv + elev + BB + DD",0.0639306993930441,0.968769476863065,1.06601852072004
524,"Sambar deer","SBR",1,"dist_str + ndvi_cv + elev + BB + DD",0.0664375947093146,0.815779449196161,1.06869428119972
525,"Sambar deer","SBR",1,"dist_str + ndvi_cv + elev + BB + DD",0.0796881886274907,0.781935546138222,1.08294933916596
526,"Sambar deer","SBR",1,"dist_str + ndvi_cv + elev + BB + DD",0.0232571534696014,0.747496492094094,1.02352971075
527,"Sambar deer","SBR",1,"dist_str + ndvi_cv + elev + BB + DD",0.0256348890516673,0.718761090102827,1.02596629365641
528,"Sambar deer","SBR",1,"dist_str + ndvi_cv + elev + BB + DD",0.0197666124261525,0.711799156989292,1.01996326567176
529,"Sambar deer","SBR",1,"dist_str + ndvi_cv + elev + BB + DD",0.0360613824577321,0.674020768251009,1.03671948125949
530,"Sambar deer","SBR",1,"dist_str + ndvi_cv + elev + BB + DD",0.0539253738350273,0.673285094375053,1.05540584266058
531,"Sambar deer","SBR",1,"dist_str + ndvi_cv + elev + BB + DD",0.0418778815189466,0.660799909093985,1.04276713014551
532,"Sambar deer","SBR",1,"dist_str + ndvi_cv + elev + BB + DD",0.0141211241218706,0.638921767088394,1.01422134499999
533,"Sambar deer","SBR",1,"dist_str + ndvi_cv + elev + BB + DD",0.0474943265240517,0.644393836659389,1.04864025209565
534,"Sambar deer","SBR",1,"dist_str + ndvi_cv + elev + BB + DD",0.0332707839642018,0.626088661228844,1.03383044753418
535,"Sambar deer","SBR",1,"dist_str + ndvi_cv + elev + BB + DD",0.0677792212365413,0.631219997667555,1.0701290211607
536,"Sambar deer","SBR",1,"dist_str + ndvi_cv + elev + BB + DD",0.067013117161654,0.633377165243054,1.06930950974085
537,"Sambar deer","SBR",1,"dist_str + ndvi_cv + elev + BB + DD",0.0881221224875665,0.644047087025577,1.09212148801881
538,"Sambar deer","SBR",1,"dist_str + ndvi_cv + elev + BB + DD",0.105828299121408,0.6535426602889,1.11163099342619
539,"Sambar deer","SBR",1,"dist_str + ndvi_cv + elev + BB + DD",0.102311622544003,0.650937680221874,1.10772861117225
540,"Sambar deer","SBR",1,"dist_str + ndvi_cv + elev + BB + DD",0.117710343791831,0.623129248289965,1.1249182348454
541,"Sambar deer","SBR",1,"dist_str + ndvi_cv + elev + BB + DD",0.191039497590751,0.602306076800022,1.21050726345373
542,"Sambar deer","SBR",1,"dist_str + ndvi_cv + elev + BB + DD",0.161325774640377,0.596121502729647,1.17506771397715
543,"Sambar deer","SBR",1,"dist_str + ndvi_cv + elev + BB + DD",0.118712697107992,0.611878332934423,1.12604635574799
544,"Sambar deer","SBR",1,"dist_str + ndvi_cv + elev + BB + DD",0.0247018077933505,0.638369123577985,1.02500942631156
545,"Sambar deer","SBR",1,"dist_str + ndvi_cv + elev + BB + DD",-0.029674288352846,0.65224709924386,0.970761672922781
546,"Sambar deer","SBR",1,"dist_str + ndvi_cv + elev + BB + DD",-0.0757941358473703,0.649350200158117,0.927007032827436
547,"Sambar deer","SBR",1,"dist_str + ndvi_cv + elev + BB + DD",-0.13324643988322,0.661165332279579,0.875249370931172
548,"Sambar deer","SBR",1,"dist_str + ndvi_cv + elev + BB + DD",-0.158174832295161,0.672576006724811,0.853700515988423
549,"Sambar deer","SBR",1,"dist_str + ndvi_cv + elev + BB + DD",-0.185413355814083,0.705897823087298,0.830760813063454
550,"Sambar deer","SBR",1,"dist_str + ndvi_cv + elev + BB + DD",-0.167877302220899,0.696131979920349,0.845457564251296
551,"Sambar deer","SBR",1,"dist_str + ndvi_cv + elev + BB + DD",-0.172982864376743,0.736925385521697,0.841152028481236
552,"Sambar deer","SBR",1,"dist_str + ndvi_cv + elev + BB + DD",-0.179504699028405,0.830245078304953,0.83568402522317
553,"Sambar deer","SBR",1,"dist_str + ndvi_cv + elev + BB + DD",0.0828709300779647,1.00251118653479,1.08640159440654
554,"Sambar deer","SBR",1,"dist_str + ndvi_cv + elev + BB + DD",0.0489749328293765,0.838916390343687,1.05019404021498
555,"Sambar deer","SBR",1,"dist_str + ndvi_cv + elev + BB + DD",0.0210937480515881,0.768080265583304,1.02131779370394
556,"Sambar deer","SBR",1,"dist_str + ndvi_cv + elev + BB + DD",0.0279180572355918,0.737933168225364,1.02831141953885
557,"Sambar deer","SBR",1,"dist_str + ndvi_cv + elev + BB + DD",0.0254172243991455,0.706049053176696,1.02574299627572
558,"Sambar deer","SBR",1,"dist_str + ndvi_cv + elev + BB + DD",0.00423097379852773,0.68431378757923,1.00423994430232
559,"Sambar deer","SBR",1,"dist_str + ndvi_cv + elev + BB + DD",-0.0141839670526581,0.677146347728673,0.985916151701589
560,"Sambar deer","SBR",1,"dist_str + ndvi_cv + elev + BB + DD",-0.00705902003928769,0.670433766982452,0.99296583643013
561,"Sambar deer","SBR",1,"dist_str + ndvi_cv + elev + BB + DD",0.01304207781371,0.645566876279831,1.01312750334586
562,"Sambar deer","SBR",1,"dist_str + ndvi_cv + elev + BB + DD",0.0170356023147252,0.64518196051855,1.01718153572071
563,"Sambar deer","SBR",1,"dist_str + ndvi_cv + elev + BB + DD",0.0165443877756215,0.622058734246897,1.0166820086492
564,"Sambar deer","SBR",1,"dist_str + ndvi_cv + elev + BB + DD",0.0212886629016121,0.63650738775354,1.02151688331476
565,"Sambar deer","SBR",1,"dist_str + ndvi_cv + elev + BB + DD",-0.00721070573938904,0.617824259586407,0.992815232451038
566,"Sambar deer","SBR",1,"dist_str + ndvi_cv + elev + BB + DD",0.0286310092500514,0.620707656553799,1.02904481696428
567,"Sambar deer","SBR",1,"dist_str + ndvi_cv + elev + BB + DD",0.0101038594945672,0.633224713357285,1.01015507618339
568,"Sambar deer","SBR",1,"dist_str + ndvi_cv + elev + BB + DD",0.0422631699027807,0.64772475980124,1.04316900690035
569,"Sambar deer","SBR",1,"dist_str + ndvi_cv + elev + BB + DD",0.0604436132494982,0.641632330779212,1.06230769580735
570,"Sambar deer","SBR",1,"dist_str + ndvi_cv + elev + BB + DD",0.0385144931046364,0.638498338856833,1.03926579049646
571,"Sambar deer","SBR",1,"dist_str + ndvi_cv + elev + BB + DD",0.0586198135248272,0.617010156288211,1.06037202499391
572,"Sambar deer","SBR",1,"dist_str + ndvi_cv + elev + BB + DD",0.0777737092985839,0.628478615013709,1.0808780383443
573,"Sambar deer","SBR",1,"dist_str + ndvi_cv + elev + BB + DD",0.037681153125108,0.630237217343712,1.03840008949428
574,"Sambar deer","SBR",1,"dist_str + ndvi_cv + elev + BB + DD",-0.00210768555691144,0.630842544707426,0.997894534186883
575,"Sambar deer","SBR",1,"dist_str + ndvi_cv + elev + BB + DD",-0.0502849775249217,0.632034128965975,0.95095838487361
576,"Sambar deer","SBR",1,"dist_str + ndvi_cv + elev + BB + DD",-0.119636175585031,0.654089327637829,0.887243185151477
577,"Sambar deer","SBR",1,"dist_str + ndvi_cv + elev + BB + DD",-0.130073327507754,0.662965699083865,0.878031049251339
578,"Sambar deer","SBR",1,"dist_str + ndvi_cv + elev + BB + DD",-0.165572472095206,0.678186497520597,0.847408447558442
579,"Sambar deer","SBR",1,"dist_str + ndvi_cv + elev + BB + DD",-0.17486969209842,0.676592285953921,0.839566415811564
580,"Sambar deer","SBR",1,"dist_str + ndvi_cv + elev + BB + DD",-0.186262799481679,0.69543289152951,0.83005543021977
581,"Sambar deer","SBR",1,"dist_str + ndvi_cv + elev + BB + DD",-0.201580050371405,0.697878628007149,0.817438139240074
582,"Sambar deer","SBR",1,"dist_str + ndvi_cv + elev + BB + DD",-0.202600390216132,0.760845633661656,0.816604499550328
583,"Sambar deer","SBR",1,"dist_str + ndvi_cv + elev + BB + DD",0.0590948993039114,0.881392337973752,1.06087591240534
584,"Sambar deer","SBR",1,"dist_str + ndvi_cv + elev + BB + DD",0.0172045958924291,0.784182555404335,1.017353447939
585,"Sambar deer","SBR",1,"dist_str + ndvi_cv + elev + BB + DD",0.0087768009294723,0.740866534743147,1.00881543229427
586,"Sambar deer","SBR",1,"dist_str + ndvi_cv + elev + BB + DD",0.0321074815332479,0.7093015557275,1.03262848789256
587,"Sambar deer","SBR",1,"dist_str + ndvi_cv + elev + BB + DD",0.0269080611971295,0.675165674814894,1.02727335245419
588,"Sambar deer","SBR",1,"dist_str + ndvi_cv + elev + BB + DD",0.0041383271914443,0.66673044372682,1.00414691736065
589,"Sambar deer","SBR",1,"dist_str + ndvi_cv + elev + BB + DD",0.0106262657643137,0.643957510471351,1.01068293262422
590,"Sambar deer","SBR",1,"dist_str + ndvi_cv + elev + BB + DD",-0.0219791764274936,0.633147272979908,0.97826060584951
591,"Sambar deer","SBR",1,"dist_str + ndvi_cv + elev + BB + DD",-0.0200096649795484,0.616829389897961,0.980189199863304
592,"Sambar deer","SBR",1,"dist_str + ndvi_cv + elev + BB + DD",-0.0172636231314261,0.615178928448704,0.982884542824228
593,"Sambar deer","SBR",1,"dist_str + ndvi_cv + elev + BB + DD",-0.0203437958986114,0.629321109590395,0.979861744517926
594,"Sambar deer","SBR",1,"dist_str + ndvi_cv + elev + BB + DD",-0.0111186749063517,0.629169014890735,0.98894291991694
595,"Sambar deer","SBR",1,"dist_str + ndvi_cv + elev + BB + DD",-0.0314429800605727,0.61921151564524,0.969046210309589
596,"Sambar deer","SBR",1,"dist_str + ndvi_cv + elev + BB + DD",-0.010672847611876,0.632421616927742,0.98938390943946
597,"Sambar deer","SBR",1,"dist_str + ndvi_cv + elev + BB + DD",-0.0186489864936746,0.624550623731259,0.981523854218463
598,"Sambar deer","SBR",1,"dist_str + ndvi_cv + elev + BB + DD",-0.00631680979118146,0.616777685608948,0.993703099319657
599,"Sambar deer","SBR",1,"dist_str + ndvi_cv + elev + BB + DD",-0.00899500265849198,0.630221148875891,0.991045333218849
600,"Sambar deer","SBR",1,"dist_str + ndvi_cv + elev + BB + DD",-0.0255060880402793,0.62519388478516,0.974816444226334
601,"Sambar deer","SBR",1,"dist_str + ndvi_cv + elev + BB + DD",-0.035866156397132,0.60780109494098,0.964769413402788
602,"Sambar deer","SBR",1,"dist_str + ndvi_cv + elev + BB + DD",-0.0642251424372853,0.626217695343324,0.937793846362424
603,"Sambar deer","SBR",1,"dist_str + ndvi_cv + elev + BB + DD",-0.0676138807146028,0.63916879171529,0.934621279289489
604,"Sambar deer","SBR",1,"dist_str + ndvi_cv + elev + BB + DD",-0.095548939767517,0.637386536790812,0.908873880953904
605,"Sambar deer","SBR",1,"dist_str + ndvi_cv + elev + BB + DD",-0.117311506554145,0.624705724144043,0.889308147912902
606,"Sambar deer","SBR",1,"dist_str + ndvi_cv + elev + BB + DD",-0.164542266843386,0.656171630856475,0.84828190201001
607,"Sambar deer","SBR",1,"dist_str + ndvi_cv + elev + BB + DD",-0.193801766501645,0.656304418169016,0.823821197214426
608,"Sambar deer","SBR",1,"dist_str + ndvi_cv + elev + BB + DD",-0.196765643392936,0.678476979459744,0.821383116890078
609,"Sambar deer","SBR",1,"dist_str + ndvi_cv + elev + BB + DD",-0.19991003268121,0.674738327173345,0.818804415849
610,"Sambar deer","SBR",1,"dist_str + ndvi_cv + elev + BB + DD",-0.217260621508882,0.689288400802555,0.804720215264186
611,"Sambar deer","SBR",1,"dist_str + ndvi_cv + elev + BB + DD",-0.210640596550499,0.693394078902014,0.810065159816976
612,"Sambar deer","SBR",1,"dist_str + ndvi_cv + elev + BB + DD",-0.212539269896199,0.736310916236723,0.808528565431094
613,"Sambar deer","SBR",1,"dist_str + ndvi_cv + elev + BB + DD",-0.205779718514276,0.793088634465585,0.814012368501356
614,"Sambar deer","SBR",1,"dist_str + ndvi_cv + elev + BB + DD",-0.220169752980958,0.849151821802486,0.802382579567825
615,"Sambar deer","SBR",1,"dist_str + ndvi_cv + elev + BB + DD",-0.199798124382386,0.865482171573944,0.818896051700256
616,"Sambar deer","SBR",1,"dist_str + ndvi_cv + elev + BB + DD",-0.210704552893182,0.936319448225072,0.810013349863307
617,"Sambar deer","SBR",1,"dist_str + ndvi_cv + elev + BB + DD",0.0174356617702878,0.803150834261232,1.01758856423523
618,"Sambar deer","SBR",1,"dist_str + ndvi_cv + elev + BB + DD",0.00724882090719589,0.725105432782697,1.00727515742293
619,"Sambar deer","SBR",1,"dist_str + ndvi_cv + elev + BB + DD",0.011503604674962,0.703497088968899,1.0115700269368
620,"Sambar deer","SBR",1,"dist_str + ndvi_cv + elev + BB + DD",0.00241074042354306,0.673304834302435,1.00241364862557
621,"Sambar deer","SBR",1,"dist_str + ndvi_cv + elev + BB + DD",0.0101447564010386,0.65193199611997,1.01019639705921
622,"Sambar deer","SBR",1,"dist_str + ndvi_cv + elev + BB + DD",-0.0190085857440012,0.64369936274802,0.981170943009747
623,"Sambar deer","SBR",1,"dist_str + ndvi_cv + elev + BB + DD",-0.0383182898929741,0.619962419843821,0.962406568887212
624,"Sambar deer","SBR",1,"dist_str + ndvi_cv + elev + BB + DD",-0.029728180794901,0.616490340170523,0.970709356153203
625,"Sambar deer","SBR",1,"dist_str + ndvi_cv + elev + BB + DD",-0.0716261203134428,0.623493090135613,0.930878872498677
626,"Sambar deer","SBR",1,"dist_str + ndvi_cv + elev + BB + DD",-0.0500683229807901,0.625454632018048,0.951164444261393
627,"Sambar deer","SBR",1,"dist_str + ndvi_cv + elev + BB + DD",-0.0699827162871677,0.625789326006805,0.93240993534169
628,"Sambar deer","SBR",1,"dist_str + ndvi_cv + elev + BB + DD",-0.0546732704075569,0.639935098781356,0.946794444056787
629,"Sambar deer","SBR",1,"dist_str + ndvi_cv + elev + BB + DD",-0.0489539687570151,0.636937878963399,0.952224960791873
630,"Sambar deer","SBR",1,"dist_str + ndvi_cv + elev + BB + DD",-0.0796915493511865,0.642518225727884,0.923401126937236
631,"Sambar deer","SBR",1,"dist_str + ndvi_cv + elev + BB + DD",-0.094038540557855,0.640681207627412,0.910247693908552
632,"Sambar deer","SBR",1,"dist_str + ndvi_cv + elev + BB + DD",-0.0951129682067092,0.624874461461316,0.909270210194162
633,"Sambar deer","SBR",1,"dist_str + ndvi_cv + elev + BB + DD",-0.101737115044918,0.595898101885482,0.903266976121813
634,"Sambar deer","SBR",1,"dist_str + ndvi_cv + elev + BB + DD",-0.119997634121401,0.608002855171129,0.886922537856025
635,"Sambar deer","SBR",1,"dist_str + ndvi_cv + elev + BB + DD",-0.129630320561537,0.62942775819706,0.878420111513206
636,"Sambar deer","SBR",1,"dist_str + ndvi_cv + elev + BB + DD",-0.0946313941797208,0.631560925829155,0.909708196705953
637,"Sambar deer","SBR",1,"dist_str + ndvi_cv + elev + BB + DD",-0.137020846512747,0.619510741806706,0.871952051136882
638,"Sambar deer","SBR",1,"dist_str + ndvi_cv + elev + BB + DD",-0.153350849272375,0.645843277931308,0.857828716079448
639,"Sambar deer","SBR",1,"dist_str + ndvi_cv + elev + BB + DD",-0.19759781635906,0.635437140903167,0.820699858832854
640,"Sambar deer","SBR",1,"dist_str + ndvi_cv + elev + BB + DD",-0.220088444029951,0.652706049736677,0.802447823191407
641,"Sambar deer","SBR",1,"dist_str + ndvi_cv + elev + BB + DD",-0.234592917346012,0.65231390410619,0.790892752384718
642,"Sambar deer","SBR",1,"dist_str + ndvi_cv + elev + BB + DD",-0.220899982079705,0.667948638705791,0.801796876254161
643,"Sambar deer","SBR",1,"dist_str + ndvi_cv + elev + BB + DD",-0.210766813836709,0.666149692652208,0.809962917016059
644,"Sambar deer","SBR",1,"dist_str + ndvi_cv + elev + BB + DD",-0.198179108540361,0.666483515864127,0.820222931855968
645,"Sambar deer","SBR",1,"dist_str + ndvi_cv + elev + BB + DD",-0.201706158166791,0.673003400347085,0.81733506384303
646,"Sambar deer","SBR",1,"dist_str + ndvi_cv + elev + BB + DD",-0.211065782471607,0.68533861821773,0.809720799723288
647,"Sambar deer","SBR",1,"dist_str + ndvi_cv + elev + BB + DD",-0.213852585600313,0.725613164485616,0.80746741684152
648,"Sambar deer","SBR",1,"dist_str + ndvi_cv + elev + BB + DD",-0.216582336320244,0.765971499330001,0.80526623909635
649,"Sambar deer","SBR",1,"dist_str + ndvi_cv + elev + BB + DD",-0.193134990844946,0.804462518103748,0.824370684720945
650,"Sambar deer","SBR",1,"dist_str + ndvi_cv + elev + BB + DD",-0.178378143401481,0.841090546627269,0.836626001816499
651,"Sambar deer","SBR",1,"dist_str + ndvi_cv + elev + BB + DD",-0.146695062432823,0.905984868699273,0.863557271978093
652,"Sambar deer","SBR",1,"dist_str + ndvi_cv + elev + BB + DD",-0.125469031656587,0.958904693021069,0.882083081365826
653,"Sambar deer","SBR",1,"dist_str + ndvi_cv + elev + BB + DD",-0.133561204470415,1.00319151159871,0.87497391686888
654,"Sambar deer","SBR",1,"dist_str + ndvi_cv + elev + BB + DD",-0.131614243588788,1.1523496893939,0.876679114463123
655,"Sambar deer","SBR",1,"dist_str + ndvi_cv + elev + BB + DD",-0.012471770774709,0.835106766734857,0.987605699259642
656,"Sambar deer","SBR",1,"dist_str + ndvi_cv + elev + BB + DD",0.012841405405441,0.719697691409225,1.01292421733094
657,"Sambar deer","SBR",1,"dist_str + ndvi_cv + elev + BB + DD",-0.00227613102289467,0.6911254836793,0.997726471536202
658,"Sambar deer","SBR",1,"dist_str + ndvi_cv + elev + BB + DD",-0.00274352903974683,0.677931188204561,0.997260231026583
659,"Sambar deer","SBR",1,"dist_str + ndvi_cv + elev + BB + DD",-0.00486805185089693,0.645738876221618,0.995143779067094
660,"Sambar deer","SBR",1,"dist_str + ndvi_cv + elev + BB + DD",-0.00393133395201928,0.62584482637329,0.996076389194648
661,"Sambar deer","SBR",1,"dist_str + ndvi_cv + elev + BB + DD",-0.0220491135563024,0.63004017065254,0.978192191862617
662,"Sambar deer","SBR",1,"dist_str + ndvi_cv + elev + BB + DD",-0.0614607314435711,0.630044228288462,0.940389888075219
663,"Sambar deer","SBR",1,"dist_str + ndvi_cv + elev + BB + DD",-0.075035976787795,0.624817226049988,0.927710122437037
664,"Sambar deer","SBR",1,"dist_str + ndvi_cv + elev + BB + DD",-0.060460305864737,0.62761328960182,0.941331133613153
665,"Sambar deer","SBR",1,"dist_str + ndvi_cv + elev + BB + DD",-0.101549102776406,0.629789024736484,0.903436824621139
666,"Sambar deer","SBR",1,"dist_str + ndvi_cv + elev + BB + DD",-0.0860372946530176,0.645645103994616,0.917560011189565
667,"Sambar deer","SBR",1,"dist_str + ndvi_cv + elev + BB + DD",-0.0632450464660784,0.633149074329557,0.938713429136147
668,"Sambar deer","SBR",1,"dist_str + ndvi_cv + elev + BB + DD",-0.103067597617854,0.654433406292387,0.902065994074902
669,"Sambar deer","SBR",1,"dist_str + ndvi_cv + elev + BB + DD",-0.114852622900078,0.629551338717928,0.891497532519824
670,"Sambar deer","SBR",1,"dist_str + ndvi_cv + elev + BB + DD",-0.152386864029063,0.613620213763188,0.858656034258546
671,"Sambar deer","SBR",1,"dist_str + ndvi_cv + elev + BB + DD",-0.227254651661242,0.441219074612799,0.796717871222042
672,"Sambar deer","SBR",1,"dist_str + ndvi_cv + elev + BB + DD",-0.181119504178948,0.566512216910313,0.834335647033249
673,"Sambar deer","SBR",1,"dist_str + ndvi_cv + elev + BB + DD",-0.152227691583455,0.613004323763129,0.858792720865315
674,"Sambar deer","SBR",1,"dist_str + ndvi_cv + elev + BB + DD",-0.142860369344051,0.628391976298573,0.866875102844808
675,"Sambar deer","SBR",1,"dist_str + ndvi_cv + elev + BB + DD",-0.171744542010192,0.632287238761228,0.842194300095756
676,"Sambar deer","SBR",1,"dist_str + ndvi_cv + elev + BB + DD",-0.213754605558063,0.63956811048406,0.807546528141073
677,"Sambar deer","SBR",1,"dist_str + ndvi_cv + elev + BB + DD",-0.275106872041236,0.620778329444016,0.75949095873646
678,"Sambar deer","SBR",1,"dist_str + ndvi_cv + elev + BB + DD",-0.247843830877224,0.635274090751456,0.780481820951845
679,"Sambar deer","SBR",1,"dist_str + ndvi_cv + elev + BB + DD",-0.235012996596999,0.655234938746298,0.79056057840879
680,"Sambar deer","SBR",1,"dist_str + ndvi_cv + elev + BB + DD",-0.223426717365854,0.663767321585469,0.799773501968174
681,"Sambar deer","SBR",1,"dist_str + ndvi_cv + elev + BB + DD",-0.209393955193365,0.658641497595394,0.811075645234068
682,"Sambar deer","SBR",1,"dist_str + ndvi_cv + elev + BB + DD",-0.202495207484375,0.656890513953807,0.81669040021204
683,"Sambar deer","SBR",1,"dist_str + ndvi_cv + elev + BB + DD",-0.193335679304545,0.666680842990077,0.824205259058912
684,"Sambar deer","SBR",1,"dist_str + ndvi_cv + elev + BB + DD",-0.227537656249475,0.685539190316828,0.796492428111204
685,"Sambar deer","SBR",1,"dist_str + ndvi_cv + elev + BB + DD",-0.193041962540766,0.708712351302567,0.824447377532208
686,"Sambar deer","SBR",1,"dist_str + ndvi_cv + elev + BB + DD",-0.20354532132824,0.721908964824877,0.815833232348521
687,"Sambar deer","SBR",1,"dist_str + ndvi_cv + elev + BB + DD",-0.210324542476971,0.766061260300154,0.810321281826672
688,"Sambar deer","SBR",1,"dist_str + ndvi_cv + elev + BB + DD",-0.181401348192195,0.771948503007644,0.834100530165847
689,"Sambar deer","SBR",1,"dist_str + ndvi_cv + elev + BB + DD",-0.161395444808047,0.804674978944825,0.850955519226521
690,"Sambar deer","SBR",1,"dist_str + ndvi_cv + elev + BB + DD",-0.139281743298965,0.845283784895474,0.869982883345858
691,"Sambar deer","SBR",1,"dist_str + ndvi_cv + elev + BB + DD",-0.151044531454026,0.882327302103527,0.859809428996625
692,"Sambar deer","SBR",1,"dist_str + ndvi_cv + elev + BB + DD",-0.140685813495456,1.00689433863397,0.868762223749924
693,"Sambar deer","SBR",1,"dist_str + ndvi_cv + elev + BB + DD",-0.0287270231565129,0.845476844599559,0.971681674964846
694,"Sambar deer","SBR",1,"dist_str + ndvi_cv + elev + BB + DD",-0.00535296584238914,0.734597399311393,0.994661335801593
695,"Sambar deer","SBR",1,"dist_str + ndvi_cv + elev + BB + DD",0.00858444673746504,0.687882650013708,1.0086214001441
696,"Sambar deer","SBR",1,"dist_str + ndvi_cv + elev + BB + DD",-0.0254889079716642,0.673903175693841,0.974833191785874
697,"Sambar deer","SBR",1,"dist_str + ndvi_cv + elev + BB + DD",-0.00192102314191848,0.655909029008013,0.998080822172331
698,"Sambar deer","SBR",1,"dist_str + ndvi_cv + elev + BB + DD",-0.0324570477217186,0.631359369473195,0.968064029562089
699,"Sambar deer","SBR",1,"dist_str + ndvi_cv + elev + BB + DD",-0.0697737679369472,0.62596612138953,0.932604782429875
700,"Sambar deer","SBR",1,"dist_str + ndvi_cv + elev + BB + DD",-0.064405971177739,0.627542207331221,0.937624274706415
701,"Sambar deer","SBR",1,"dist_str + ndvi_cv + elev + BB + DD",-0.0800909993378528,0.62820975072796,0.923032371120813
702,"Sambar deer","SBR",1,"dist_str + ndvi_cv + elev + BB + DD",-0.103545776192268,0.626674636822437,0.901634754099004
703,"Sambar deer","SBR",1,"dist_str + ndvi_cv + elev + BB + DD",-0.0959793076865841,0.623863120778211,0.908482826652623
704,"Sambar deer","SBR",1,"dist_str + ndvi_cv + elev + BB + DD",-0.100570027819777,0.622774618025455,0.904321782953013
705,"Sambar deer","SBR",1,"dist_str + ndvi_cv + elev + BB + DD",-0.1182860272993,0.660724185962765,0.888441898839852
706,"Sambar deer","SBR",1,"dist_str + ndvi_cv + elev + BB + DD",-0.123662851582517,0.637971376420288,0.88367772126474
707,"Sambar deer","SBR",1,"dist_str + ndvi_cv + elev + BB + DD",-0.155396225976999,0.617035219574501,0.856075911639077
708,"Sambar deer","SBR",1,"dist_str + ndvi_cv + elev + BB + DD",-0.178130177198621,0.580640484873016,0.836833480052514
709,"Sambar deer","SBR",1,"dist_str + ndvi_cv + elev + BB + DD",-0.214611735636102,0.498472056907737,0.80685465233969
710,"Sambar deer","SBR",1,"dist_str + ndvi_cv + elev + BB + DD",-0.189423790741886,0.587427641209321,0.827435775430946
711,"Sambar deer","SBR",1,"dist_str + ndvi_cv + elev + BB + DD",-0.172982761298689,0.614288273907983,0.84115211592891
712,"Sambar deer","SBR",1,"dist_str + ndvi_cv + elev + BB + DD",-0.161990585830891,0.614933733689514,0.850449210834185
713,"Sambar deer","SBR",1,"dist_str + ndvi_cv + elev + BB + DD",-0.183962777054441,0.626589760068245,0.831966771509235
714,"Sambar deer","SBR",1,"dist_str + ndvi_cv + elev + BB + DD",-0.212321741707594,0.630427147237778,0.808704486931093
715,"Sambar deer","SBR",1,"dist_str + ndvi_cv + elev + BB + DD",-0.353257049690661,0.582594369094667,0.702396619352378
716,"Sambar deer","SBR",1,"dist_str + ndvi_cv + elev + BB + DD",-0.271178519413324,0.625855010616142,0.762480372239527
717,"Sambar deer","SBR",1,"dist_str + ndvi_cv + elev + BB + DD",-0.25022435915948,0.652223465327853,0.778626077998699
718,"Sambar deer","SBR",1,"dist_str + ndvi_cv + elev + BB + DD",-0.215383583987556,0.65768617278062,0.806232123379117
719,"Sambar deer","SBR",1,"dist_str + ndvi_cv + elev + BB + DD",-0.242383896062628,0.651131708417992,0.784754855526422
720,"Sambar deer","SBR",1,"dist_str + ndvi_cv + elev + BB + DD",-0.199563500467496,0.643147022005365,0.819088207472175
721,"Sambar deer","SBR",1,"dist_str + ndvi_cv + elev + BB + DD",-0.204232628169039,0.646396303247416,0.815272694158202
722,"Sambar deer","SBR",1,"dist_str + ndvi_cv + elev + BB + DD",-0.189943801802475,0.65921914310544,0.827005609978365
723,"Sambar deer","SBR",1,"dist_str + ndvi_cv + elev + BB + DD",-0.17327463571205,0.669633601458118,0.840906640455487
724,"Sambar deer","SBR",1,"dist_str + ndvi_cv + elev + BB + DD",-0.178184536239355,0.702909231468581,0.836787993377974
725,"Sambar deer","SBR",1,"dist_str + ndvi_cv + elev + BB + DD",-0.180533703283028,0.743077806580389,0.834824551620379
726,"Sambar deer","SBR",1,"dist_str + ndvi_cv + elev + BB + DD",-0.171439138526847,0.744900768185084,0.842451540249062
727,"Sambar deer","SBR",1,"dist_str + ndvi_cv + elev + BB + DD",-0.146928144067878,0.767403859044386,0.86335601256652
728,"Sambar deer","SBR",1,"dist_str + ndvi_cv + elev + BB + DD",-0.143718735089744,0.787662682214598,0.866131326173566
729,"Sambar deer","SBR",1,"dist_str + ndvi_cv + elev + BB + DD",-0.169279850155932,0.817946317640638,0.844272637462141
730,"Sambar deer","SBR",1,"dist_str + ndvi_cv + elev + BB + DD",-0.160619777858195,0.901277051320725,0.851615817388144
731,"Sambar deer","SBR",1,"dist_str + ndvi_cv + elev + BB + DD",-0.0250482470369479,0.857364860285892,0.975262857857174
732,"Sambar deer","SBR",1,"dist_str + ndvi_cv + elev + BB + DD",-0.01649675371494,0.735585462434026,0.983638574050198
733,"Sambar deer","SBR",1,"dist_str + ndvi_cv + elev + BB + DD",-0.025731889242322,0.705006571956869,0.97459635531182
734,"Sambar deer","SBR",1,"dist_str + ndvi_cv + elev + BB + DD",-0.0306175753254004,0.665587230935028,0.969846395526606
735,"Sambar deer","SBR",1,"dist_str + ndvi_cv + elev + BB + DD",-0.0398056602596271,0.64884845824103,0.960976176886321
736,"Sambar deer","SBR",1,"dist_str + ndvi_cv + elev + BB + DD",-0.0504690419838835,0.634916211449911,0.950783364251994
737,"Sambar deer","SBR",1,"dist_str + ndvi_cv + elev + BB + DD",-0.0762677444775499,0.640808324184493,0.926568090539408
738,"Sambar deer","SBR",1,"dist_str + ndvi_cv + elev + BB + DD",-0.0824271306061289,0.635437342901579,0.920878540526192
739,"Sambar deer","SBR",1,"dist_str + ndvi_cv + elev + BB + DD",-0.0913973226124406,0.613408933350765,0.91265502039553
740,"Sambar deer","SBR",1,"dist_str + ndvi_cv + elev + BB + DD",-0.103936095397828,0.618711812466509,0.901282891800272
741,"Sambar deer","SBR",1,"dist_str + ndvi_cv + elev + BB + DD",-0.121789636276079,0.619529894914293,0.885334591948599
742,"Sambar deer","SBR",1,"dist_str + ndvi_cv + elev + BB + DD",-0.112790258264966,0.648888123136284,0.893338013599262
743,"Sambar deer","SBR",1,"dist_str + ndvi_cv + elev + BB + DD",-0.138715361842351,0.64167282044579,0.870475774305891
744,"Sambar deer","SBR",1,"dist_str + ndvi_cv + elev + BB + DD",-0.140483459471862,0.657055554313609,0.86893803776345
745,"Sambar deer","SBR",1,"dist_str + ndvi_cv + elev + BB + DD",-0.146807440611015,0.639072480494107,0.863460228990686
746,"Sambar deer","SBR",1,"dist_str + ndvi_cv + elev + BB + DD",-0.164022718593569,0.605304118871817,0.848722739964838
747,"Sambar deer","SBR",1,"dist_str + ndvi_cv + elev + BB + DD",-0.165762346193054,0.611897547231753,0.847247561878187
748,"Sambar deer","SBR",1,"dist_str + ndvi_cv + elev + BB + DD",-0.160629382884586,0.618976546433392,0.851607637436962
749,"Sambar deer","SBR",1,"dist_str + ndvi_cv + elev + BB + DD",-0.175366237341492,0.61097852696932,0.839149636629884
750,"Sambar deer","SBR",1,"dist_str + ndvi_cv + elev + BB + DD",-0.191946767666896,0.616689330668553,0.825350803951145
751,"Sambar deer","SBR",1,"dist_str + ndvi_cv + elev + BB + DD",-0.198108785337761,0.623655731781915,0.820280616602882
752,"Sambar deer","SBR",1,"dist_str + ndvi_cv + elev + BB + DD",-0.212610794241442,0.624895893432821,0.80847073821351
753,"Sambar deer","SBR",1,"dist_str + ndvi_cv + elev + BB + DD",-0.206959967367544,0.636366905378988,0.813052198465503
754,"Sambar deer","SBR",1,"dist_str + ndvi_cv + elev + BB + DD",-0.224785757524279,0.642774274891154,0.798687313800438
755,"Sambar deer","SBR",1,"dist_str + ndvi_cv + elev + BB + DD",-0.202103174457976,0.655642993119512,0.817010632568478
756,"Sambar deer","SBR",1,"dist_str + ndvi_cv + elev + BB + DD",-0.182588709247735,0.651137415286734,0.833110739081204
757,"Sambar deer","SBR",1,"dist_str + ndvi_cv + elev + BB + DD",-0.194648688932896,0.647401111593148,0.823123784700436
758,"Sambar deer","SBR",1,"dist_str + ndvi_cv + elev + BB + DD",-0.196081925738842,0.629919853587136,0.821944897772568
759,"Sambar deer","SBR",1,"dist_str + ndvi_cv + elev + BB + DD",-0.185160421113013,0.6325751416043,0.830970973233893
760,"Sambar deer","SBR",1,"dist_str + ndvi_cv + elev + BB + DD",-0.188880000136492,0.649387241361871,0.82788586084842
761,"Sambar deer","SBR",1,"dist_str + ndvi_cv + elev + BB + DD",-0.167157364996084,0.676307320357046,0.846066459782932
762,"Sambar deer","SBR",1,"dist_str + ndvi_cv + elev + BB + DD",-0.155311059349378,0.682350757969113,0.856148823243591
763,"Sambar deer","SBR",1,"dist_str + ndvi_cv + elev + BB + DD",-0.194338026995487,0.704319999208873,0.823379532713095
764,"Sambar deer","SBR",1,"dist_str + ndvi_cv + elev + BB + DD",-0.167365974303382,0.717464209515777,0.845889994506413
765,"Sambar deer","SBR",1,"dist_str + ndvi_cv + elev + BB + DD",-0.166559406986927,0.743972701391965,0.846572523169073
766,"Sambar deer","SBR",1,"dist_str + ndvi_cv + elev + BB + DD",-0.158671590497245,0.771602919377554,0.85327654736889
767,"Sambar deer","SBR",1,"dist_str + ndvi_cv + elev + BB + DD",-0.161673066587948,0.791548382477823,0.850719288221512
768,"Sambar deer","SBR",1,"dist_str + ndvi_cv + elev + BB + DD",-0.130846217755921,0.832141835377324,0.877352702572239
769,"Sambar deer","SBR",1,"dist_str + ndvi_cv + elev + BB + DD",-0.125847410426931,0.892885584498356,0.88174938254157
770,"Sambar deer","SBR",1,"dist_str + ndvi_cv + elev + BB + DD",-0.113250322131041,0.967810702519413,0.892927118267199
771,"Sambar deer","SBR",1,"dist_str + ndvi_cv + elev + BB + DD",-0.133335572226159,1.00162729268538,0.875171359660559
772,"Sambar deer","SBR",1,"dist_str + ndvi_cv + elev + BB + DD",-0.123521219345476,1.0015818910516,0.883802896697951
773,"Sambar deer","SBR",1,"dist_str + ndvi_cv + elev + BB + DD",-0.176310810257953,1.03439006359283,0.838357379302878
774,"Sambar deer","SBR",1,"dist_str + ndvi_cv + elev + BB + DD",-0.145509652775406,1.08340255071582,0.864581557353538
775,"Sambar deer","SBR",1,"dist_str + ndvi_cv + elev + BB + DD",-0.134204696529223,1.22649488662146,0.874411081395201
776,"Sambar deer","SBR",1,"dist_str + ndvi_cv + elev + BB + DD",-0.0328521047746875,0.883264974758951,0.967681664534311
777,"Sambar deer","SBR",1,"dist_str + ndvi_cv + elev + BB + DD",-0.0666763787263986,0.765226960544352,0.935497899430444
778,"Sambar deer","SBR",1,"dist_str + ndvi_cv + elev + BB + DD",-0.0628354667547821,0.708794264952235,0.939097984102392
779,"Sambar deer","SBR",1,"dist_str + ndvi_cv + elev + BB + DD",-0.0729519231407841,0.661509883302282,0.929645523920277
780,"Sambar deer","SBR",1,"dist_str + ndvi_cv + elev + BB + DD",-0.0666945941676709,0.653572235483953,0.935480862377264
781,"Sambar deer","SBR",1,"dist_str + ndvi_cv + elev + BB + DD",-0.0718048110995518,0.63750175382238,0.930712542897302
782,"Sambar deer","SBR",1,"dist_str + ndvi_cv + elev + BB + DD",-0.0809905462100086,0.641973786468481,0.922202409714312
783,"Sambar deer","SBR",1,"dist_str + ndvi_cv + elev + BB + DD",-0.100891428187081,0.638638288923318,0.904031191501433
784,"Sambar deer","SBR",1,"dist_str + ndvi_cv + elev + BB + DD",-0.128453164111363,0.634649104985075,0.879454751505104
785,"Sambar deer","SBR",1,"dist_str + ndvi_cv + elev + BB + DD",-0.15066415614206,0.632999559410571,0.860136521757135
786,"Sambar deer","SBR",1,"dist_str + ndvi_cv + elev + BB + DD",-0.113138086903478,0.641319665807546,0.893027339299386
787,"Sambar deer","SBR",1,"dist_str + ndvi_cv + elev + BB + DD",-0.129911461766871,0.633428681272876,0.878173180665085
788,"Sambar deer","SBR",1,"dist_str + ndvi_cv + elev + BB + DD",-0.123462982087924,0.644412537886408,0.883854361868157
789,"Sambar deer","SBR",1,"dist_str + ndvi_cv + elev + BB + DD",-0.130152209898051,0.640210905425388,0.877961790714113
790,"Sambar deer","SBR",1,"dist_str + ndvi_cv + elev + BB + DD",-0.121857822155065,0.638741858762999,0.885274226016982
791,"Sambar deer","SBR",1,"dist_str + ndvi_cv + elev + BB + DD",-0.136870125570575,0.62908421936313,0.872083482477858
792,"Sambar deer","SBR",1,"dist_str + ndvi_cv + elev + BB + DD",-0.158353849331001,0.624539865043787,0.853547701371534
793,"Sambar deer","SBR",1,"dist_str + ndvi_cv + elev + BB + DD",-0.137174346656946,0.630061471096257,0.871818222850872
794,"Sambar deer","SBR",1,"dist_str + ndvi_cv + elev + BB + DD",-0.14502831174632,0.626804715556996,0.864997807531191
795,"Sambar deer","SBR",1,"dist_str + ndvi_cv + elev + BB + DD",-0.168642753087286,0.619353839891775,0.844810655509463
796,"Sambar deer","SBR",1,"dist_str + ndvi_cv + elev + BB + DD",-0.162039376639217,0.606595808197603,0.850407717759114
797,"Sambar deer","SBR",1,"dist_str + ndvi_cv + elev + BB + DD",-0.153650981516662,0.61731221451524,0.857571278535886
798,"Sambar deer","SBR",1,"dist_str + ndvi_cv + elev + BB + DD",-0.18023723218295,0.629772051125944,0.835072091082303
799,"Sambar deer","SBR",1,"dist_str + ndvi_cv + elev + BB + DD",-0.166890310232999,0.63832001524341,0.846292466915635
800,"Sambar deer","SBR",1,"dist_str + ndvi_cv + elev + BB + DD",-0.154654519278183,0.654476086806315,0.856711103898321
801,"Sambar deer","SBR",1,"dist_str + ndvi_cv + elev + BB + DD",-0.134256039760052,0.640776529673393,0.87436619566473
802,"Sambar deer","SBR",1,"dist_str + ndvi_cv + elev + BB + DD",-0.159795149627403,0.647513028034926,0.85231837048076
803,"Sambar deer","SBR",1,"dist_str + ndvi_cv + elev + BB + DD",-0.172730069833428,0.656241019450095,0.841364693918358
804,"Sambar deer","SBR",1,"dist_str + ndvi_cv + elev + BB + DD",-0.17162097157592,0.645213561418692,0.842298367750972
805,"Sambar deer","SBR",1,"dist_str + ndvi_cv + elev + BB + DD",-0.193168854161334,0.657135946910407,0.824342768925883
806,"Sambar deer","SBR",1,"dist_str + ndvi_cv + elev + BB + DD",-0.200777289067205,0.668599942441926,0.81809461001605
807,"Sambar deer","SBR",1,"dist_str + ndvi_cv + elev + BB + DD",-0.187109275939803,0.672169780992888,0.829353109216246
808,"Sambar deer","SBR",1,"dist_str + ndvi_cv + elev + BB + DD",-0.179696674328202,0.688618556355079,0.835523611979251
809,"Sambar deer","SBR",1,"dist_str + ndvi_cv + elev + BB + DD",-0.183973932919065,0.682960314593784,0.831957490641052
810,"Sambar deer","SBR",1,"dist_str + ndvi_cv + elev + BB + DD",-0.162093044283124,0.716899144210742,0.850362079783173
811,"Sambar deer","SBR",1,"dist_str + ndvi_cv + elev + BB + DD",-0.175685760175155,0.753169029273113,0.838881552804146
812,"Sambar deer","SBR",1,"dist_str + ndvi_cv + elev + BB + DD",-0.133510967515075,0.778668258958409,0.875017872993426
813,"Sambar deer","SBR",1,"dist_str + ndvi_cv + elev + BB + DD",-0.126137746771437,0.792946584448623,0.881493475494066
814,"Sambar deer","SBR",1,"dist_str + ndvi_cv + elev + BB + DD",-0.11658995389658,0.831071009204904,0.889950040265984
815,"Sambar deer","SBR",1,"dist_str + ndvi_cv + elev + BB + DD",-0.112553887562779,0.872348917825235,0.893549194892637
816,"Sambar deer","SBR",1,"dist_str + ndvi_cv + elev + BB + DD",-0.128324177600442,0.892897290877894,0.879568200419037
817,"Sambar deer","SBR",1,"dist_str + ndvi_cv + elev + BB + DD",-0.110940982908076,0.908655178895875,0.894991574910282
818,"Sambar deer","SBR",1,"dist_str + ndvi_cv + elev + BB + DD",-0.152864162420195,0.947883881985887,0.858246297701762
819,"Sambar deer","SBR",1,"dist_str + ndvi_cv + elev + BB + DD",-0.147717514808348,1.00552920690752,0.86267478934972
820,"Sambar deer","SBR",1,"dist_str + ndvi_cv + elev + BB + DD",-0.13394692030206,1.12030355257126,0.874636523859885
821,"Sambar deer","SBR",1,"dist_str + ndvi_cv + elev + BB + DD",-0.068073085703397,0.937224541038073,0.93419229182221
822,"Sambar deer","SBR",1,"dist_str + ndvi_cv + elev + BB + DD",-0.0839033699672029,0.774571062093461,0.919520105212112
823,"Sambar deer","SBR",1,"dist_str + ndvi_cv + elev + BB + DD",-0.0824081729132292,0.701873807331136,0.920896012698963
824,"Sambar deer","SBR",1,"dist_str + ndvi_cv + elev + BB + DD",-0.109997622049344,0.666983817604443,0.895836315407713
825,"Sambar deer","SBR",1,"dist_str + ndvi_cv + elev + BB + DD",-0.112610233883737,0.644224676131852,0.893498852371825
826,"Sambar deer","SBR",1,"dist_str + ndvi_cv + elev + BB + DD",-0.0992753842945525,0.643131662542437,0.905493315210189
827,"Sambar deer","SBR",1,"dist_str + ndvi_cv + elev + BB + DD",-0.117664680707419,0.631164692942315,0.888994103932642
828,"Sambar deer","SBR",1,"dist_str + ndvi_cv + elev + BB + DD",-0.127571144959395,0.629977739727985,0.880230789622702
829,"Sambar deer","SBR",1,"dist_str + ndvi_cv + elev + BB + DD",-0.118269765584575,0.653412680369259,0.888456350828914
830,"Sambar deer","SBR",1,"dist_str + ndvi_cv + elev + BB + DD",-0.150103725456831,0.644055503401547,0.860618704067291
831,"Sambar deer","SBR",1,"dist_str + ndvi_cv + elev + BB + DD",-0.159054546441204,0.634119876291905,0.852949835265318
832,"Sambar deer","SBR",1,"dist_str + ndvi_cv + elev + BB + DD",-0.111208761437546,0.652037891270005,0.894751941666151
833,"Sambar deer","SBR",1,"dist_str + ndvi_cv + elev + BB + DD",-0.106868736290731,0.626425444898704,0.898643628330009
834,"Sambar deer","SBR",1,"dist_str + ndvi_cv + elev + BB + DD",-0.110376613733178,0.64020653208382,0.89549681602441
835,"Sambar deer","SBR",1,"dist_str + ndvi_cv + elev + BB + DD",-0.101022324193953,0.63799986319514,0.903912863697191
836,"Sambar deer","SBR",1,"dist_str + ndvi_cv + elev + BB + DD",-0.102469066847592,0.63023319798455,0.902606070268818
837,"Sambar deer","SBR",1,"dist_str + ndvi_cv + elev + BB + DD",-0.129810505654711,0.618725296038603,0.878261840825999
838,"Sambar deer","SBR",1,"dist_str + ndvi_cv + elev + BB + DD",-0.115637737414379,0.628689772275342,0.890797873237384
839,"Sambar deer","SBR",1,"dist_str + ndvi_cv + elev + BB + DD",-0.153628155796462,0.616385836881601,0.85759085726552
840,"Sambar deer","SBR",1,"dist_str + ndvi_cv + elev + BB + DD",-0.135978726229498,0.619774358694037,0.87286120963699
841,"Sambar deer","SBR",1,"dist_str + ndvi_cv + elev + BB + DD",-0.145821026738352,0.600988078837747,0.864312384044607
842,"Sambar deer","SBR",1,"dist_str + ndvi_cv + elev + BB + DD",-0.145635089562083,0.614155330499811,0.864473101255742
843,"Sambar deer","SBR",1,"dist_str + ndvi_cv + elev + BB + DD",-0.122432891132518,0.621409543906104,0.88476528071935
844,"Sambar deer","SBR",1,"dist_str + ndvi_cv + elev + BB + DD",-0.108654553099343,0.647815291980478,0.897040243781215
845,"Sambar deer","SBR",1,"dist_str + ndvi_cv + elev + BB + DD",-0.106734920276359,0.637323404693523,0.898763885827431
846,"Sambar deer","SBR",1,"dist_str + ndvi_cv + elev + BB + DD",-0.133960352217249,0.656969186291844,0.87462474282376
847,"Sambar deer","SBR",1,"dist_str + ndvi_cv + elev + BB + DD",-0.126985617719253,0.667927720382829,0.880746376018895
848,"Sambar deer","SBR",1,"dist_str + ndvi_cv + elev + BB + DD",-0.150871479271528,0.659239395464495,0.859958242308937
849,"Sambar deer","SBR",1,"dist_str + ndvi_cv + elev + BB + DD",-0.186706147682869,0.651178219257766,0.829687506370757
850,"Sambar deer","SBR",1,"dist_str + ndvi_cv + elev + BB + DD",-0.152328593004878,0.650585798060186,0.858706070343429
851,"Sambar deer","SBR",1,"dist_str + ndvi_cv + elev + BB + DD",-0.203096337661177,0.65420639521533,0.816199607366235
852,"Sambar deer","SBR",1,"dist_str + ndvi_cv + elev + BB + DD",-0.175452771971229,0.685058427211672,0.839077024388736
853,"Sambar deer","SBR",1,"dist_str + ndvi_cv + elev + BB + DD",-0.204292479808431,0.683053582002811,0.815223902401419
854,"Sambar deer","SBR",1,"dist_str + ndvi_cv + elev + BB + DD",-0.1795956248392,0.693036082853545,0.835608054616944
855,"Sambar deer","SBR",1,"dist_str + ndvi_cv + elev + BB + DD",-0.167037687901959,0.715856402706492,0.846167720657085
856,"Sambar deer","SBR",1,"dist_str + ndvi_cv + elev + BB + DD",-0.133700729109785,0.74508714385756,0.874851892758363
857,"Sambar deer","SBR",1,"dist_str + ndvi_cv + elev + BB + DD",-0.144711622421538,0.75413369220048,0.865271783376867
858,"Sambar deer","SBR",1,"dist_str + ndvi_cv + elev + BB + DD",-0.143962304559397,0.779556557502411,0.865920397542894
859,"Sambar deer","SBR",1,"dist_str + ndvi_cv + elev + BB + DD",-0.142492185973055,0.813700745153759,0.867194330701596
860,"Sambar deer","SBR",1,"dist_str + ndvi_cv + elev + BB + DD",-0.148085989207432,0.840046471736444,0.862356958366974
861,"Sambar deer","SBR",1,"dist_str + ndvi_cv + elev + BB + DD",-0.142817597601083,0.862428685326061,0.866912185522297
862,"Sambar deer","SBR",1,"dist_str + ndvi_cv + elev + BB + DD",-0.138804136770393,0.876039917875324,0.870398509057921
863,"Sambar deer","SBR",1,"dist_str + ndvi_cv + elev + BB + DD",-0.133057094620006,0.894471549348464,0.875415121928884
864,"Sambar deer","SBR",1,"dist_str + ndvi_cv + elev + BB + DD",-0.144489860097268,0.941253419121155,0.865463688762516
865,"Sambar deer","SBR",1,"dist_str + ndvi_cv + elev + BB + DD",-0.108439855937063,0.798415332417068,0.897232856679645
866,"Sambar deer","SBR",1,"dist_str + ndvi_cv + elev + BB + DD",-0.109065863350711,0.721421641613945,0.896671362128824
867,"Sambar deer","SBR",1,"dist_str + ndvi_cv + elev + BB + DD",-0.129911846092787,0.676114092287798,0.878172841886501
868,"Sambar deer","SBR",1,"dist_str + ndvi_cv + elev + BB + DD",-0.101427210900306,0.667489393469601,0.903546945327764
869,"Sambar deer","SBR",1,"dist_str + ndvi_cv + elev + BB + DD",-0.128854458891774,0.655264503055926,0.879101901964504
870,"Sambar deer","SBR",1,"dist_str + ndvi_cv + elev + BB + DD",-0.137405202204509,0.640312451913374,0.871616974267519
871,"Sambar deer","SBR",1,"dist_str + ndvi_cv + elev + BB + DD",-0.132413629725009,0.638662167313115,0.875978591615947
872,"Sambar deer","SBR",1,"dist_str + ndvi_cv + elev + BB + DD",-0.134488497701713,0.651707789210498,0.874162953692471
873,"Sambar deer","SBR",1,"dist_str + ndvi_cv + elev + BB + DD",-0.132548552944878,0.654318931176292,0.875860407802333
874,"Sambar deer","SBR",1,"dist_str + ndvi_cv + elev + BB + DD",-0.133155206497037,0.626654236201059,0.875329224797585
875,"Sambar deer","SBR",1,"dist_str + ndvi_cv + elev + BB + DD",-0.140472698006088,0.626885454571596,0.868947400161503
876,"Sambar deer","SBR",1,"dist_str + ndvi_cv + elev + BB + DD",-0.100037590320092,0.648335290627926,0.904803408177775
877,"Sambar deer","SBR",1,"dist_str + ndvi_cv + elev + BB + DD",-0.100960506267626,0.655283245465798,0.903968734463029
878,"Sambar deer","SBR",1,"dist_str + ndvi_cv + elev + BB + DD",-0.0931537940382391,0.644131429410391,0.911053375240681
879,"Sambar deer","SBR",1,"dist_str + ndvi_cv + elev + BB + DD",-0.055800626699537,0.631218572101284,0.945727672069077
880,"Sambar deer","SBR",1,"dist_str + ndvi_cv + elev + BB + DD",-0.0992695829805841,0.628121618970464,0.905498568324471
881,"Sambar deer","SBR",1,"dist_str + ndvi_cv + elev + BB + DD",-0.130543802619401,0.621494359189307,0.877618050156364
882,"Sambar deer","SBR",1,"dist_str + ndvi_cv + elev + BB + DD",-0.12303785649091,0.632108014868493,0.884230188169757
883,"Sambar deer","SBR",1,"dist_str + ndvi_cv + elev + BB + DD",-0.127286649525911,0.615097614725819,0.880481248532649
884,"Sambar deer","SBR",1,"dist_str + ndvi_cv + elev + BB + DD",-0.117216806867934,0.62489347950312,0.889392351283607
885,"Sambar deer","SBR",1,"dist_str + ndvi_cv + elev + BB + DD",-0.102018044034839,0.620626280912636,0.903013259203133
886,"Sambar deer","SBR",1,"dist_str + ndvi_cv + elev + BB + DD",-0.0644749423909427,0.622288023389946,0.937559608911606
887,"Sambar deer","SBR",1,"dist_str + ndvi_cv + elev + BB + DD",-0.0422521951759731,0.622269730756419,0.958627988731858
888,"Sambar deer","SBR",1,"dist_str + ndvi_cv + elev + BB + DD",-0.0660418316675761,0.648173243600325,0.936091711116897
889,"Sambar deer","SBR",1,"dist_str + ndvi_cv + elev + BB + DD",-0.0913781231422756,0.657795093506782,0.912672543088891
890,"Sambar deer","SBR",1,"dist_str + ndvi_cv + elev + BB + DD",-0.118819872898037,0.666651562443713,0.887967733527176
891,"Sambar deer","SBR",1,"dist_str + ndvi_cv + elev + BB + DD",-0.118581067494747,0.650481026020968,0.888179831157437
892,"Sambar deer","SBR",1,"dist_str + ndvi_cv + elev + BB + DD",-0.172943215338544,0.64492125617248,0.841185380317129
893,"Sambar deer","SBR",1,"dist_str + ndvi_cv + elev + BB + DD",-0.162431955545707,0.643908765400956,0.850073932059876
894,"Sambar deer","SBR",1,"dist_str + ndvi_cv + elev + BB + DD",-0.179275968029075,0.643159085617477,0.835875192735346
895,"Sambar deer","SBR",1,"dist_str + ndvi_cv + elev + BB + DD",-0.200383537287069,0.666538944078054,0.818416804340355
896,"Sambar deer","SBR",1,"dist_str + ndvi_cv + elev + BB + DD",-0.187701222006858,0.668084990250795,0.828862318685837
897,"Sambar deer","SBR",1,"dist_str + ndvi_cv + elev + BB + DD",-0.139184145354764,0.688849615853356,0.870067795009384
898,"Sambar deer","SBR",1,"dist_str + ndvi_cv + elev + BB + DD",-0.136609312761718,0.711435546099922,0.872310961524742
899,"Sambar deer","SBR",1,"dist_str + ndvi_cv + elev + BB + DD",-0.166127710666381,0.737622895539946,0.846938068256357
900,"Sambar deer","SBR",1,"dist_str + ndvi_cv + elev + BB + DD",-0.158148552642899,0.739944341904851,0.85372295341275
901,"Sambar deer","SBR",1,"dist_str + ndvi_cv + elev + BB + DD",-0.151599929915105,0.749747209493886,0.859332006880666
902,"Sambar deer","SBR",1,"dist_str + ndvi_cv + elev + BB + DD",-0.135972197458313,0.773788626132768,0.872866921748259
903,"Sambar deer","SBR",1,"dist_str + ndvi_cv + elev + BB + DD",-0.143592928999373,0.804138346436766,0.866240297750631
904,"Sambar deer","SBR",1,"dist_str + ndvi_cv + elev + BB + DD",-0.157234353197636,0.828881045380419,0.85450377990509
905,"Sambar deer","SBR",1,"dist_str + ndvi_cv + elev + BB + DD",-0.166425846966376,0.848206890756408,0.846685603944354
906,"Sambar deer","SBR",1,"dist_str + ndvi_cv + elev + BB + DD",-0.152214597745792,0.855037098606904,0.858803963664093
907,"Sambar deer","SBR",1,"dist_str + ndvi_cv + elev + BB + DD",-0.162918499315613,0.903249185771866,0.849660640630818
908,"Sambar deer","SBR",1,"dist_str + ndvi_cv + elev + BB + DD",-0.133518272490099,1.02375512088527,0.875011542889512
909,"Sambar deer","SBR",1,"dist_str + ndvi_cv + elev + BB + DD",-0.164189696951023,0.861969083246027,0.848581034092025
910,"Sambar deer","SBR",1,"dist_str + ndvi_cv + elev + BB + DD",-0.157245802749957,0.758287859250713,0.854493996035787
911,"Sambar deer","SBR",1,"dist_str + ndvi_cv + elev + BB + DD",-0.176652443760142,0.70861501103652,0.83807101107
912,"Sambar deer","SBR",1,"dist_str + ndvi_cv + elev + BB + DD",-0.157990767952125,0.669274331224995,0.853857665394106
913,"Sambar deer","SBR",1,"dist_str + ndvi_cv + elev + BB + DD",-0.152090677818617,0.653556364971617,0.858910393403025
914,"Sambar deer","SBR",1,"dist_str + ndvi_cv + elev + BB + DD",-0.130642765081166,0.648276776888289,0.877531203194175
915,"Sambar deer","SBR",1,"dist_str + ndvi_cv + elev + BB + DD",-0.151739448481213,0.644694547523444,0.859212120622522
916,"Sambar deer","SBR",1,"dist_str + ndvi_cv + elev + BB + DD",-0.147554233189448,0.642012103571455,0.862815645457941
917,"Sambar deer","SBR",1,"dist_str + ndvi_cv + elev + BB + DD",-0.167808323105499,0.648509483737756,0.845515911502529
918,"Sambar deer","SBR",1,"dist_str + ndvi_cv + elev + BB + DD",-0.157071380643616,0.636406503649615,0.854643052123765
919,"Sambar deer","SBR",1,"dist_str + ndvi_cv + elev + BB + DD",-0.148264741878101,0.635536661058934,0.862202823529717
920,"Sambar deer","SBR",1,"dist_str + ndvi_cv + elev + BB + DD",-0.113804993021635,0.645820577646114,0.89243196975376
921,"Sambar deer","SBR",1,"dist_str + ndvi_cv + elev + BB + DD",-0.101557059844587,0.657187224164595,0.903429630947234
922,"Sambar deer","SBR",1,"dist_str + ndvi_cv + elev + BB + DD",-0.0736143096408655,0.642485092751323,0.929029952802717
923,"Sambar deer","SBR",1,"dist_str + ndvi_cv + elev + BB + DD",-0.0804132984113212,0.609087627957212,0.922734902699473
924,"Sambar deer","SBR",1,"dist_str + ndvi_cv + elev + BB + DD",-0.0612743102935549,0.564613436204602,0.940565209305463
925,"Sambar deer","SBR",1,"dist_str + ndvi_cv + elev + BB + DD",-0.0992933717872414,0.583940846082587,0.905477033498931
926,"Sambar deer","SBR",1,"dist_str + ndvi_cv + elev + BB + DD",-0.138040360185956,0.617330131314809,0.87106353747137
927,"Sambar deer","SBR",1,"dist_str + ndvi_cv + elev + BB + DD",-0.123960782791716,0.613862205037038,0.883414485918909
928,"Sambar deer","SBR",1,"dist_str + ndvi_cv + elev + BB + DD",-0.133777111513511,0.608315086920111,0.874785023590368
929,"Sambar deer","SBR",1,"dist_str + ndvi_cv + elev + BB + DD",-0.10949748417321,0.614168211684254,0.896284419391032
930,"Sambar deer","SBR",1,"dist_str + ndvi_cv + elev + BB + DD",-0.0529742774692028,0.613913574458359,0.948404417494066
931,"Sambar deer","SBR",1,"dist_str + ndvi_cv + elev + BB + DD",0.112133767826345,0.598219715223407,1.11866249171908
932,"Sambar deer","SBR",1,"dist_str + ndvi_cv + elev + BB + DD",0.0425864826876052,0.617481926945919,1.04350630123848
933,"Sambar deer","SBR",1,"dist_str + ndvi_cv + elev + BB + DD",-0.0717294086204925,0.650320923517382,0.930782723916995
934,"Sambar deer","SBR",1,"dist_str + ndvi_cv + elev + BB + DD",-0.0992548501797575,0.652867392524126,0.905511908749454
935,"Sambar deer","SBR",1,"dist_str + ndvi_cv + elev + BB + DD",-0.101222419195725,0.654128220749177,0.903732020289875
936,"Sambar deer","SBR",1,"dist_str + ndvi_cv + elev + BB + DD",-0.13056360384539,0.640521952278513,0.877600678692734
937,"Sambar deer","SBR",1,"dist_str + ndvi_cv + elev + BB + DD",-0.161018852418871,0.641446147530538,0.851276024099249
938,"Sambar deer","SBR",1,"dist_str + ndvi_cv + elev + BB + DD",-0.147610799648589,0.636272042858571,0.862766838762727
939,"Sambar deer","SBR",1,"dist_str + ndvi_cv + elev + BB + DD",-0.181154200309959,0.65340375560725,0.834306698544453
940,"Sambar deer","SBR",1,"dist_str + ndvi_cv + elev + BB + DD",-0.177383698203197,0.659828011872491,0.83745839250028
941,"Sambar deer","SBR",1,"dist_str + ndvi_cv + elev + BB + DD",-0.153269656339966,0.69723694399305,0.85789835380208
942,"Sambar deer","SBR",1,"dist_str + ndvi_cv + elev + BB + DD",-0.121980701088848,0.707456844317402,0.885165458230021
943,"Sambar deer","SBR",1,"dist_str + ndvi_cv + elev + BB + DD",-0.148239480515543,0.719573994575232,0.862224604676796
944,"Sambar deer","SBR",1,"dist_str + ndvi_cv + elev + BB + DD",-0.149423378913936,0.721163546198197,0.861204424637106
945,"Sambar deer","SBR",1,"dist_str + ndvi_cv + elev + BB + DD",-0.126016063933932,0.747115452660552,0.881600690480622
946,"Sambar deer","SBR",1,"dist_str + ndvi_cv + elev + BB + DD",-0.152426298580929,0.774246563518069,0.858622173409975
947,"Sambar deer","SBR",1,"dist_str + ndvi_cv + elev + BB + DD",-0.166986099269848,0.779156461736117,0.846211374489862
948,"Sambar deer","SBR",1,"dist_str + ndvi_cv + elev + BB + DD",-0.126406882617073,0.810809317843194,0.881256207797552
949,"Sambar deer","SBR",1,"dist_str + ndvi_cv + elev + BB + DD",-0.134530349622324,0.812175937926718,0.874126349487645
950,"Sambar deer","SBR",1,"dist_str + ndvi_cv + elev + BB + DD",-0.163306702559197,0.844152209041657,0.849330656578524
951,"Sambar deer","SBR",1,"dist_str + ndvi_cv + elev + BB + DD",-0.137920953851274,0.869931272353298,0.871167551911542
952,"Sambar deer","SBR",1,"dist_str + ndvi_cv + elev + BB + DD",-0.138157073030655,0.943181185639292,0.87096187973968
953,"Sambar deer","SBR",1,"dist_str + ndvi_cv + elev + BB + DD",-0.126317428758015,1.17208680901397,0.8813350563651
954,"Sambar deer","SBR",1,"dist_str + ndvi_cv + elev + BB + DD",-0.134224479250767,1.199530180591,0.874393762550497
955,"Sambar deer","SBR",1,"dist_str + ndvi_cv + elev + BB + DD",-0.20077116920709,0.924062236981159,0.818099625624537
956,"Sambar deer","SBR",1,"dist_str + ndvi_cv + elev + BB + DD",-0.18575142886204,0.766058192718471,0.830480002694665
957,"Sambar deer","SBR",1,"dist_str + ndvi_cv + elev + BB + DD",-0.200511098759619,0.718378833383779,0.818312407931344
958,"Sambar deer","SBR",1,"dist_str + ndvi_cv + elev + BB + DD",-0.171495179154654,0.681708405491628,0.842404329320421
959,"Sambar deer","SBR",1,"dist_str + ndvi_cv + elev + BB + DD",-0.183453877726986,0.644294217091759,0.832390270330805
960,"Sambar deer","SBR",1,"dist_str + ndvi_cv + elev + BB + DD",-0.185738998519414,0.633352187954982,0.830490354397831
961,"Sambar deer","SBR",1,"dist_str + ndvi_cv + elev + BB + DD",-0.165978353510967,0.659113596619449,0.847064573783902
962,"Sambar deer","SBR",1,"dist_str + ndvi_cv + elev + BB + DD",-0.17049680073606,0.633362375980101,0.843245792154367
963,"Sambar deer","SBR",1,"dist_str + ndvi_cv + elev + BB + DD",-0.175524505691636,0.641153566178584,0.839016839276949
964,"Sambar deer","SBR",1,"dist_str + ndvi_cv + elev + BB + DD",-0.17311244702708,0.651594037040068,0.841043036761841
965,"Sambar deer","SBR",1,"dist_str + ndvi_cv + elev + BB + DD",-0.145050232156424,0.653339587921846,0.864978843165507
966,"Sambar deer","SBR",1,"dist_str + ndvi_cv + elev + BB + DD",-0.1295425616765,0.669659356018257,0.878497202163553
967,"Sambar deer","SBR",1,"dist_str + ndvi_cv + elev + BB + DD",-0.119871721013369,0.658079983699036,0.88703422533118
968,"Sambar deer","SBR",1,"dist_str + ndvi_cv + elev + BB + DD",-0.11064154134728,0.635549238767104,0.895259605713489
969,"Sambar deer","SBR",1,"dist_str + ndvi_cv + elev + BB + DD",-0.111274491999855,0.623621998163818,0.894693129658257
970,"Sambar deer","SBR",1,"dist_str + ndvi_cv + elev + BB + DD",-0.0883402204220983,0.587965845267267,0.915449369181708
971,"Sambar deer","SBR",1,"dist_str + ndvi_cv + elev + BB + DD",-0.12539857279166,0.584353841508316,0.882145233694285
972,"Sambar deer","SBR",1,"dist_str + ndvi_cv + elev + BB + DD",-0.138959084686212,0.607464018131734,0.870263635122967
973,"Sambar deer","SBR",1,"dist_str + ndvi_cv + elev + BB + DD",-0.165359685309413,0.619733163308763,0.847588802916678
974,"Sambar deer","SBR",1,"dist_str + ndvi_cv + elev + BB + DD",-0.143780347995277,0.617517104056331,0.866077994602988
975,"Sambar deer","SBR",1,"dist_str + ndvi_cv + elev + BB + DD",-0.130785838863484,0.61828803645101,0.87740566107956
976,"Sambar deer","SBR",1,"dist_str + ndvi_cv + elev + BB + DD",-0.0515305227322875,0.614794710550803,0.949774663279995
977,"Sambar deer","SBR",1,"dist_str + ndvi_cv + elev + BB + DD",-0.0407601893358969,0.612242109743176,0.960059336905121
978,"Sambar deer","SBR",1,"dist_str + ndvi_cv + elev + BB + DD",-0.0478234601335283,0.631120458964223,0.95330208565825
979,"Sambar deer","SBR",1,"dist_str + ndvi_cv + elev + BB + DD",-0.0819876236768479,0.625856982701682,0.921283361012236
980,"Sambar deer","SBR",1,"dist_str + ndvi_cv + elev + BB + DD",-0.074314246182483,0.626795577784864,0.928379908526525
981,"Sambar deer","SBR",1,"dist_str + ndvi_cv + elev + BB + DD",-0.124472217372643,0.634773545537652,0.882962804494612
982,"Sambar deer","SBR",1,"dist_str + ndvi_cv + elev + BB + DD",-0.114815720756912,0.619658291953434,0.891530419682488
983,"Sambar deer","SBR",1,"dist_str + ndvi_cv + elev + BB + DD",-0.13226905315421,0.63073814091621,0.87610524453614
984,"Sambar deer","SBR",1,"dist_str + ndvi_cv + elev + BB + DD",-0.140199928332976,0.632478704480622,0.869184443681516
985,"Sambar deer","SBR",1,"dist_str + ndvi_cv + elev + BB + DD",-0.162657526528232,0.642299030777874,0.849882206867599
986,"Sambar deer","SBR",1,"dist_str + ndvi_cv + elev + BB + DD",-0.168520836174518,0.656432391839149,0.844913658598642
987,"Sambar deer","SBR",1,"dist_str + ndvi_cv + elev + BB + DD",-0.14465060689286,0.664080306293133,0.86532458064019
988,"Sambar deer","SBR",1,"dist_str + ndvi_cv + elev + BB + DD",-0.129806212742222,0.694194123783203,0.878265611845549
989,"Sambar deer","SBR",1,"dist_str + ndvi_cv + elev + BB + DD",-0.119447085829942,0.692939631726166,0.887410963486169
990,"Sambar deer","SBR",1,"dist_str + ndvi_cv + elev + BB + DD",-0.114619002219432,0.702999183353496,0.891705818300288
991,"Sambar deer","SBR",1,"dist_str + ndvi_cv + elev + BB + DD",-0.137765297273557,0.722448711053372,0.871303165030659
992,"Sambar deer","SBR",1,"dist_str + ndvi_cv + elev + BB + DD",-0.154967984922735,0.728654156086165,0.856442596147813
993,"Sambar deer","SBR",1,"dist_str + ndvi_cv + elev + BB + DD",-0.160849870454763,0.753724919061026,0.851419888927072
994,"Sambar deer","SBR",1,"dist_str + ndvi_cv + elev + BB + DD",-0.156202370912894,0.773717112028789,0.855386067596077
995,"Sambar deer","SBR",1,"dist_str + ndvi_cv + elev + BB + DD",-0.177049824928222,0.806678311978806,0.837738043476966
996,"Sambar deer","SBR",1,"dist_str + ndvi_cv + elev + BB + DD",-0.138960430984864,0.815991336063323,0.870262469808002
997,"Sambar deer","SBR",1,"dist_str + ndvi_cv + elev + BB + DD",-0.125978840512859,0.852875261027922,0.881633501923888
998,"Sambar deer","SBR",1,"dist_str + ndvi_cv + elev + BB + DD",-0.146354519480711,0.882160518804454,0.863851396949718
999,"Sambar deer","SBR",1,"dist_str + ndvi_cv + elev + BB + DD",-0.119895232098969,0.940980047572679,0.887013366570746
1000,"Sambar deer","SBR",1,"dist_str + ndvi_cv + elev + BB + DD",-0.116322459606857,1.00161740974709,0.890188128509917
1001,"Sambar deer","SBR",1,"dist_str + ndvi_cv + elev + BB + DD",-0.138873621236654,1.05550077143572,0.870338022274932
1002,"Sambar deer","SBR",1,"dist_str + ndvi_cv + elev + BB + DD",-0.154087744000282,1.09701710293875,0.857196804137389
1003,"Sambar deer","SBR",1,"dist_str + ndvi_cv + elev + BB + DD",-0.122759115808507,1.19427072453806,0.884476738217556
1004,"Sambar deer","SBR",1,"dist_str + ndvi_cv + elev + BB + DD",-0.183746584418105,0.844478491646563,0.832146656038703
1005,"Sambar deer","SBR",1,"dist_str + ndvi_cv + elev + BB + DD",-0.220272009944413,0.723983856482123,0.802300536753668
1006,"Sambar deer","SBR",1,"dist_str + ndvi_cv + elev + BB + DD",-0.181098573267492,0.676747211206136,0.834353111558422
1007,"Sambar deer","SBR",1,"dist_str + ndvi_cv + elev + BB + DD",-0.187383989742437,0.641725636666118,0.829125301270798
1008,"Sambar deer","SBR",1,"dist_str + ndvi_cv + elev + BB + DD",-0.176732370967761,0.663831462715691,0.838004032442421
1009,"Sambar deer","SBR",1,"dist_str + ndvi_cv + elev + BB + DD",-0.192351136445854,0.673769729074829,0.825017124148678
1010,"Sambar deer","SBR",1,"dist_str + ndvi_cv + elev + BB + DD",-0.172465876256268,0.673789014854103,0.841587006977538
1011,"Sambar deer","SBR",1,"dist_str + ndvi_cv + elev + BB + DD",-0.197613895087746,0.666588520789148,0.820686663419486
1012,"Sambar deer","SBR",1,"dist_str + ndvi_cv + elev + BB + DD",-0.164397531732357,0.660300728066566,0.848404687060184
1013,"Sambar deer","SBR",1,"dist_str + ndvi_cv + elev + BB + DD",-0.16211533041984,0.664879910597751,0.850343146040092
1014,"Sambar deer","SBR",1,"dist_str + ndvi_cv + elev + BB + DD",-0.16931162713787,0.667409637522838,0.84424577283779
1015,"Sambar deer","SBR",1,"dist_str + ndvi_cv + elev + BB + DD",-0.160219453087634,0.666799065236186,0.851956805217351
1016,"Sambar deer","SBR",1,"dist_str + ndvi_cv + elev + BB + DD",-0.145210297096128,0.654907292767719,0.864840401424679
1017,"Sambar deer","SBR",1,"dist_str + ndvi_cv + elev + BB + DD",-0.150619731482862,0.632441569432466,0.860174733847607
1018,"Sambar deer","SBR",1,"dist_str + ndvi_cv + elev + BB + DD",-0.16386191270576,0.635664381275177,0.848859237177115
1019,"Sambar deer","SBR",1,"dist_str + ndvi_cv + elev + BB + DD",-0.153752594171694,0.605623660758105,0.857484142259536
1020,"Sambar deer","SBR",1,"dist_str + ndvi_cv + elev + BB + DD",-0.146862625125,0.626461474666906,0.863412583536208
1021,"Sambar deer","SBR",1,"dist_str + ndvi_cv + elev + BB + DD",-0.151445072430096,0.609034599161451,0.859465090527693
1022,"Sambar deer","SBR",1,"dist_str + ndvi_cv + elev + BB + DD",-0.180447255979903,0.610359190253107,0.834896718433363
1023,"Sambar deer","SBR",1,"dist_str + ndvi_cv + elev + BB + DD",-0.141840620176351,0.619831352747761,0.86775954948095
1024,"Sambar deer","SBR",1,"dist_str + ndvi_cv + elev + BB + DD",-0.100247698260516,0.624887443758733,0.904613319147252
1025,"Sambar deer","SBR",1,"dist_str + ndvi_cv + elev + BB + DD",-0.10518875110816,0.631206883289727,0.900154601602137
1026,"Sambar deer","SBR",1,"dist_str + ndvi_cv + elev + BB + DD",-0.09891627234054,0.62582123170585,0.905818554869271
1027,"Sambar deer","SBR",1,"dist_str + ndvi_cv + elev + BB + DD",-0.0992622231704665,0.62369990415311,0.905505232724583
1028,"Sambar deer","SBR",1,"dist_str + ndvi_cv + elev + BB + DD",-0.113193321875121,0.631342463450767,0.892978011268866
1029,"Sambar deer","SBR",1,"dist_str + ndvi_cv + elev + BB + DD",-0.0889184076086504,0.623298848674898,0.914920222348815
1030,"Sambar deer","SBR",1,"dist_str + ndvi_cv + elev + BB + DD",-0.122855633762256,0.626002796313906,0.884391339346985
1031,"Sambar deer","SBR",1,"dist_str + ndvi_cv + elev + BB + DD",-0.124314554905,0.614087742317823,0.883102015667979
1032,"Sambar deer","SBR",1,"dist_str + ndvi_cv + elev + BB + DD",-0.135256199580193,0.62976332586279,0.87349209509544
1033,"Sambar deer","SBR",1,"dist_str + ndvi_cv + elev + BB + DD",-0.174803807851146,0.636911967186832,0.839621732192784
1034,"Sambar deer","SBR",1,"dist_str + ndvi_cv + elev + BB + DD",-0.165489117395767,0.645930332074516,0.847479085986453
1035,"Sambar deer","SBR",1,"dist_str + ndvi_cv + elev + BB + DD",-0.170610446363214,0.654391584615425,0.843149962388838
1036,"Sambar deer","SBR",1,"dist_str + ndvi_cv + elev + BB + DD",-0.149390298755578,0.672746766977732,0.861232912597965
1037,"Sambar deer","SBR",1,"dist_str + ndvi_cv + elev + BB + DD",-0.12911469182808,0.699245977422665,0.878873161719251
1038,"Sambar deer","SBR",1,"dist_str + ndvi_cv + elev + BB + DD",-0.140301202991187,0.699465605232958,0.869096422461843
1039,"Sambar deer","SBR",1,"dist_str + ndvi_cv + elev + BB + DD",-0.159622604848784,0.705252760557592,0.852465477895668
1040,"Sambar deer","SBR",1,"dist_str + ndvi_cv + elev + BB + DD",-0.142535461836704,0.709723631241396,0.867156802774069
1041,"Sambar deer","SBR",1,"dist_str + ndvi_cv + elev + BB + DD",-0.153911152154001,0.730633901482177,0.857348194583579
1042,"Sambar deer","SBR",1,"dist_str + ndvi_cv + elev + BB + DD",-0.15132304638337,0.755867409851768,0.859569974666287
1043,"Sambar deer","SBR",1,"dist_str + ndvi_cv + elev + BB + DD",-0.153029284396681,0.786448717468057,0.858104595237126
1044,"Sambar deer","SBR",1,"dist_str + ndvi_cv + elev + BB + DD",-0.132395968324611,0.814824583420158,0.875994060703902
1045,"Sambar deer","SBR",1,"dist_str + ndvi_cv + elev + BB + DD",-0.149137304728327,0.829791615977872,0.861450826129881
1046,"Sambar deer","SBR",1,"dist_str + ndvi_cv + elev + BB + DD",-0.137592788004215,0.864660098676899,0.871453486856131
1047,"Sambar deer","SBR",1,"dist_str + ndvi_cv + elev + BB + DD",-0.156831267246237,0.910440491676732,0.854848287949122
1048,"Sambar deer","SBR",1,"dist_str + ndvi_cv + elev + BB + DD",-0.111230293455267,0.939465646777013,0.894732674414673
1049,"Sambar deer","SBR",1,"dist_str + ndvi_cv + elev + BB + DD",-0.118406353795144,1.00163132575321,0.888335006368322
1050,"Sambar deer","SBR",1,"dist_str + ndvi_cv + elev + BB + DD",-0.13786427922128,1.04531723465942,0.871216937244452
1051,"Sambar deer","SBR",1,"dist_str + ndvi_cv + elev + BB + DD",-0.189089447385073,1.13859379709618,0.827712473697124
1052,"Sambar deer","SBR",1,"dist_str + ndvi_cv + elev + BB + DD",-0.171742559582285,0.753087804579162,0.842195964097079
1053,"Sambar deer","SBR",1,"dist_str + ndvi_cv + elev + BB + DD",-0.193253870345365,0.674126377274513,0.82427269061767
1054,"Sambar deer","SBR",1,"dist_str + ndvi_cv + elev + BB + DD",-0.183678369562916,0.655600727338838,0.832203422800476
1055,"Sambar deer","SBR",1,"dist_str + ndvi_cv + elev + BB + DD",-0.185603188281842,0.665975247869339,0.830603122898672
1056,"Sambar deer","SBR",1,"dist_str + ndvi_cv + elev + BB + DD",-0.176576110713621,0.66002053917522,0.838134986445163
1057,"Sambar deer","SBR",1,"dist_str + ndvi_cv + elev + BB + DD",-0.170799663577856,0.68530928402892,0.842990440216755
1058,"Sambar deer","SBR",1,"dist_str + ndvi_cv + elev + BB + DD",-0.176415236185476,0.675401076918681,0.838269840299759
1059,"Sambar deer","SBR",1,"dist_str + ndvi_cv + elev + BB + DD",-0.180999537879083,0.650757665967921,0.834435752617062
1060,"Sambar deer","SBR",1,"dist_str + ndvi_cv + elev + BB + DD",-0.165497868153139,0.654599544110715,0.847471687769315
1061,"Sambar deer","SBR",1,"dist_str + ndvi_cv + elev + BB + DD",-0.175368581529937,0.655009579657101,0.839147691685227
1062,"Sambar deer","SBR",1,"dist_str + ndvi_cv + elev + BB + DD",-0.154513572535983,0.65263710483469,0.856831862984483
1063,"Sambar deer","SBR",1,"dist_str + ndvi_cv + elev + BB + DD",-0.167940084940401,0.653600206719744,0.845404488558019
1064,"Sambar deer","SBR",1,"dist_str + ndvi_cv + elev + BB + DD",-0.185045897353949,0.642706517922494,0.831066139835508
1065,"Sambar deer","SBR",1,"dist_str + ndvi_cv + elev + BB + DD",-0.185702042201411,0.633023434792755,0.830521018383951
1066,"Sambar deer","SBR",1,"dist_str + ndvi_cv + elev + BB + DD",-0.166069760830911,0.638874776947543,0.846987146365385
1067,"Sambar deer","SBR",1,"dist_str + ndvi_cv + elev + BB + DD",-0.190925777370934,0.646918760084823,0.826193909239655
1068,"Sambar deer","SBR",1,"dist_str + ndvi_cv + elev + BB + DD",-0.19126937223408,0.635298776033155,0.82591008523185
1069,"Sambar deer","SBR",1,"dist_str + ndvi_cv + elev + BB + DD",-0.204341660469972,0.632494568952007,0.815183833493109
1070,"Sambar deer","SBR",1,"dist_str + ndvi_cv + elev + BB + DD",-0.200762254037629,0.628491417057582,0.818106910598843
1071,"Sambar deer","SBR",1,"dist_str + ndvi_cv + elev + BB + DD",-0.133049151524154,0.619709568022788,0.875422062783566
1072,"Sambar deer","SBR",1,"dist_str + ndvi_cv + elev + BB + DD",-0.140362488062536,0.613345542432508,0.869043160582689
1073,"Sambar deer","SBR",1,"dist_str + ndvi_cv + elev + BB + DD",-0.134597369733009,0.638131096769511,0.874067781114933
1074,"Sambar deer","SBR",1,"dist_str + ndvi_cv + elev + BB + DD",-0.131240270704645,0.635057992565574,0.877007036945648
1075,"Sambar deer","SBR",1,"dist_str + ndvi_cv + elev + BB + DD",-0.11783263918575,0.632889953033172,0.888844797966161
1076,"Sambar deer","SBR",1,"dist_str + ndvi_cv + elev + BB + DD",-0.122924538599022,0.629668324537716,0.884330396313697
1077,"Sambar deer","SBR",1,"dist_str + ndvi_cv + elev + BB + DD",-0.138289602839962,0.633255821743996,0.870846473915551
1078,"Sambar deer","SBR",1,"dist_str + ndvi_cv + elev + BB + DD",-0.149500105528029,0.637284603702937,0.861138354495224
1079,"Sambar deer","SBR",1,"dist_str + ndvi_cv + elev + BB + DD",-0.147108506951978,0.630136782572032,0.863200309945209
1080,"Sambar deer","SBR",1,"dist_str + ndvi_cv + elev + BB + DD",-0.123992057077648,0.648238860418332,0.883386857585981
1081,"Sambar deer","SBR",1,"dist_str + ndvi_cv + elev + BB + DD",-0.171522646738318,0.630577536100112,0.842381190916518
1082,"Sambar deer","SBR",1,"dist_str + ndvi_cv + elev + BB + DD",-0.125595092477326,0.635859939676659,0.8819718915655
1083,"Sambar deer","SBR",1,"dist_str + ndvi_cv + elev + BB + DD",-0.162786676726421,0.656446971773792,0.849772445596692
1084,"Sambar deer","SBR",1,"dist_str + ndvi_cv + elev + BB + DD",-0.149049019933007,0.682566873207214,0.861526881890412
1085,"Sambar deer","SBR",1,"dist_str + ndvi_cv + elev + BB + DD",-0.140289608904941,0.677457842894901,0.869106499965847
1086,"Sambar deer","SBR",1,"dist_str + ndvi_cv + elev + BB + DD",-0.126288268288411,0.70338730633616,0.881360741861683
1087,"Sambar deer","SBR",1,"dist_str + ndvi_cv + elev + BB + DD",-0.112004999169528,0.711030435755483,0.894039788293879
1088,"Sambar deer","SBR",1,"dist_str + ndvi_cv + elev + BB + DD",-0.160820100955014,0.720889358056938,0.85144525463011
1089,"Sambar deer","SBR",1,"dist_str + ndvi_cv + elev + BB + DD",-0.156252616751912,0.749601835783255,0.855343089084692
1090,"Sambar deer","SBR",1,"dist_str + ndvi_cv + elev + BB + DD",-0.127351619396044,0.769411133458282,0.880424048952757
1091,"Sambar deer","SBR",1,"dist_str + ndvi_cv + elev + BB + DD",-0.159387700214068,0.81185549560307,0.852665716742053
1092,"Sambar deer","SBR",1,"dist_str + ndvi_cv + elev + BB + DD",-0.176475451819585,0.83991258226927,0.83821935708487
1093,"Sambar deer","SBR",1,"dist_str + ndvi_cv + elev + BB + DD",-0.151380947910298,0.826546355846474,0.85952021014166
1094,"Sambar deer","SBR",1,"dist_str + ndvi_cv + elev + BB + DD",-0.139840798430744,0.881704613091142,0.869496729307744
1095,"Sambar deer","SBR",1,"dist_str + ndvi_cv + elev + BB + DD",-0.142372306208019,0.924501834828885,0.867298296092962
1096,"Sambar deer","SBR",1,"dist_str + ndvi_cv + elev + BB + DD",-0.13403502938879,0.974989039995883,0.874559443133967
1097,"Sambar deer","SBR",1,"dist_str + ndvi_cv + elev + BB + DD",-0.176046441158871,1.02404724909956,0.838579038224323
1098,"Sambar deer","SBR",1,"dist_str + ndvi_cv + elev + BB + DD",-0.142742261138591,1.13339201777095,0.866977497276934
1099,"Sambar deer","SBR",1,"dist_str + ndvi_cv + elev + BB + DD",-0.160952375021971,0.792481504438966,0.851332615440235
1100,"Sambar deer","SBR",1,"dist_str + ndvi_cv + elev + BB + DD",-0.194522812886091,0.703365499864207,0.823227402047296
1101,"Sambar deer","SBR",1,"dist_str + ndvi_cv + elev + BB + DD",-0.198357211534812,0.680733017105148,0.820076859934398
1102,"Sambar deer","SBR",1,"dist_str + ndvi_cv + elev + BB + DD",-0.191824512917165,0.653286509865439,0.825451711961813
1103,"Sambar deer","SBR",1,"dist_str + ndvi_cv + elev + BB + DD",-0.192257292388013,0.683452455854622,0.825094550670039
1104,"Sambar deer","SBR",1,"dist_str + ndvi_cv + elev + BB + DD",-0.177971808277063,0.680630959147901,0.836966018692732
1105,"Sambar deer","SBR",1,"dist_str + ndvi_cv + elev + BB + DD",-0.209282029856837,0.679956723146161,0.811166430362416
1106,"Sambar deer","SBR",1,"dist_str + ndvi_cv + elev + BB + DD",-0.192396098657209,0.64223020166146,0.824980030872702
1107,"Sambar deer","SBR",1,"dist_str + ndvi_cv + elev + BB + DD",-0.182222056515408,0.645064044426372,0.833416254390687
1108,"Sambar deer","SBR",1,"dist_str + ndvi_cv + elev + BB + DD",-0.181867664966763,0.640885604815915,0.833711665706528
1109,"Sambar deer","SBR",1,"dist_str + ndvi_cv + elev + BB + DD",-0.169439617580754,0.625384880276416,0.844137728077283
1110,"Sambar deer","SBR",1,"dist_str + ndvi_cv + elev + BB + DD",-0.169868545149566,0.632641561708084,0.843775727755811
1111,"Sambar deer","SBR",1,"dist_str + ndvi_cv + elev + BB + DD",-0.192542683553301,0.635284117860357,0.82485911015444
1112,"Sambar deer","SBR",1,"dist_str + ndvi_cv + elev + BB + DD",-0.200716486288935,0.628898851513094,0.818144353839371
1113,"Sambar deer","SBR",1,"dist_str + ndvi_cv + elev + BB + DD",-0.179423246644627,0.628820254496647,0.835752095873881
1114,"Sambar deer","SBR",1,"dist_str + ndvi_cv + elev + BB + DD",-0.204381650456938,0.629058891574818,0.81515121025314
1115,"Sambar deer","SBR",1,"dist_str + ndvi_cv + elev + BB + DD",-0.229757713510982,0.630822273975847,0.794726131396264
1116,"Sambar deer","SBR",1,"dist_str + ndvi_cv + elev + BB + DD",-0.242040289188763,0.628939153324819,0.785024549339957
1117,"Sambar deer","SBR",1,"dist_str + ndvi_cv + elev + BB + DD",-0.25027089293979,0.611247491833849,0.778589842113507
1118,"Sambar deer","SBR",1,"dist_str + ndvi_cv + elev + BB + DD",-0.22445070169871,0.609832427098036,0.798954963472757
1119,"Sambar deer","SBR",1,"dist_str + ndvi_cv + elev + BB + DD",-0.208887671047384,0.626145362264731,0.811486391925764
1120,"Sambar deer","SBR",1,"dist_str + ndvi_cv + elev + BB + DD",-0.169748186876063,0.632243026178355,0.84387729322926
1121,"Sambar deer","SBR",1,"dist_str + ndvi_cv + elev + BB + DD",-0.13762967400612,0.634936541550577,0.871421341979987
1122,"Sambar deer","SBR",1,"dist_str + ndvi_cv + elev + BB + DD",-0.161321026499945,0.635031954086222,0.851018830033448
1123,"Sambar deer","SBR",1,"dist_str + ndvi_cv + elev + BB + DD",-0.127537078653649,0.635245571015749,0.880260776514463
1124,"Sambar deer","SBR",1,"dist_str + ndvi_cv + elev + BB + DD",-0.144381580950572,0.633204365301258,0.865557417714547
1125,"Sambar deer","SBR",1,"dist_str + ndvi_cv + elev + BB + DD",-0.149616460392868,0.625068945893306,0.861038155827294
1126,"Sambar deer","SBR",1,"dist_str + ndvi_cv + elev + BB + DD",-0.144118563070852,0.621269841265272,0.865785092111217
1127,"Sambar deer","SBR",1,"dist_str + ndvi_cv + elev + BB + DD",-0.160043724437525,0.629726963872636,0.852106530494471
1128,"Sambar deer","SBR",1,"dist_str + ndvi_cv + elev + BB + DD",-0.145187708785971,0.622775991826598,0.864859936212711
1129,"Sambar deer","SBR",1,"dist_str + ndvi_cv + elev + BB + DD",-0.149771590966729,0.643094258203541,0.860904596338216
1130,"Sambar deer","SBR",1,"dist_str + ndvi_cv + elev + BB + DD",-0.135768814528976,0.644291704358457,0.873044445444006
1131,"Sambar deer","SBR",1,"dist_str + ndvi_cv + elev + BB + DD",-0.129600991527268,0.657094982068886,0.878445869995374
1132,"Sambar deer","SBR",1,"dist_str + ndvi_cv + elev + BB + DD",-0.136796406479839,0.675312799537476,0.872147771804533
1133,"Sambar deer","SBR",1,"dist_str + ndvi_cv + elev + BB + DD",-0.118890327433511,0.683872344426622,0.887905174264428
1134,"Sambar deer","SBR",1,"dist_str + ndvi_cv + elev + BB + DD",-0.128146051567205,0.700921537754338,0.879724885593427
1135,"Sambar deer","SBR",1,"dist_str + ndvi_cv + elev + BB + DD",-0.146408247533095,0.720808700353146,0.863804997421816
1136,"Sambar deer","SBR",1,"dist_str + ndvi_cv + elev + BB + DD",-0.170528680945452,0.725516733697464,0.843218907198689
1137,"Sambar deer","SBR",1,"dist_str + ndvi_cv + elev + BB + DD",-0.144801398118111,0.751968712763445,0.865194105323902
1138,"Sambar deer","SBR",1,"dist_str + ndvi_cv + elev + BB + DD",-0.155218914487462,0.7923387806612,0.856227716688315
1139,"Sambar deer","SBR",1,"dist_str + ndvi_cv + elev + BB + DD",-0.162059621576036,0.809816131157011,0.850390506126811
1140,"Sambar deer","SBR",1,"dist_str + ndvi_cv + elev + BB + DD",-0.154201266822833,0.848399629876842,0.857099502360946
1141,"Sambar deer","SBR",1,"dist_str + ndvi_cv + elev + BB + DD",-0.137089392295898,0.893842719323378,0.871892288261401
1142,"Sambar deer","SBR",1,"dist_str + ndvi_cv + elev + BB + DD",-0.166258560834824,0.912735239067679,0.846827271454519
1143,"Sambar deer","SBR",1,"dist_str + ndvi_cv + elev + BB + DD",-0.162877536553516,0.977525852046168,0.849695239118452
1144,"Sambar deer","SBR",1,"dist_str + ndvi_cv + elev + BB + DD",-0.160183744994486,1.05488341238427,0.851987226971043
1145,"Sambar deer","SBR",1,"dist_str + ndvi_cv + elev + BB + DD",-0.126576678966561,1.23576549020345,0.881106594366795
1146,"Sambar deer","SBR",1,"dist_str + ndvi_cv + elev + BB + DD",-0.148979813134175,1.0115886160864,0.861586520494904
1147,"Sambar deer","SBR",1,"dist_str + ndvi_cv + elev + BB + DD",-0.143633662371054,0.836790119965111,0.866205013591636
1148,"Sambar deer","SBR",1,"dist_str + ndvi_cv + elev + BB + DD",-0.1782736330019,0.736676056371899,0.83671343992142
1149,"Sambar deer","SBR",1,"dist_str + ndvi_cv + elev + BB + DD",-0.174048290194282,0.698690531555885,0.840256322266983
1150,"Sambar deer","SBR",1,"dist_str + ndvi_cv + elev + BB + DD",-0.203693498207228,0.669518465334702,0.815712350386444
1151,"Sambar deer","SBR",1,"dist_str + ndvi_cv + elev + BB + DD",-0.198297234633653,0.670790435391203,0.820126054982822
1152,"Sambar deer","SBR",1,"dist_str + ndvi_cv + elev + BB + DD",-0.19875588228624,0.674221994774049,0.819749984762302
1153,"Sambar deer","SBR",1,"dist_str + ndvi_cv + elev + BB + DD",-0.183332605774933,0.638976786004161,0.832491225919206
1154,"Sambar deer","SBR",1,"dist_str + ndvi_cv + elev + BB + DD",-0.184356765483625,0.634846996693344,0.831639051200084
1155,"Sambar deer","SBR",1,"dist_str + ndvi_cv + elev + BB + DD",-0.191441278555835,0.64130494502478,0.82576812388269
1156,"Sambar deer","SBR",1,"dist_str + ndvi_cv + elev + BB + DD",-0.17086363910788,0.618656738039112,0.842936509381321
1157,"Sambar deer","SBR",1,"dist_str + ndvi_cv + elev + BB + DD",-0.1536478303331,0.602709321722691,0.857573981925621
1158,"Sambar deer","SBR",1,"dist_str + ndvi_cv + elev + BB + DD",-0.18623811165322,0.596989074527834,0.830075920890006
1159,"Sambar deer","SBR",1,"dist_str + ndvi_cv + elev + BB + DD",-0.216893812978504,0.59515466427419,0.805015454145998
1160,"Sambar deer","SBR",1,"dist_str + ndvi_cv + elev + BB + DD",-0.206826014064799,0.621959516099071,0.813161125399022
1161,"Sambar deer","SBR",1,"dist_str + ndvi_cv + elev + BB + DD",-0.205298510725097,0.629120688239165,0.81440417226306
1162,"Sambar deer","SBR",1,"dist_str + ndvi_cv + elev + BB + DD",-0.228606472011018,0.627246450116024,0.795641579150529
1163,"Sambar deer","SBR",1,"dist_str + ndvi_cv + elev + BB + DD",-0.26957118506779,0.625838758193961,0.76370691614843
1164,"Sambar deer","SBR",1,"dist_str + ndvi_cv + elev + BB + DD",-0.304256600244319,0.592026986160479,0.737671557472874
1165,"Sambar deer","SBR",1,"dist_str + ndvi_cv + elev + BB + DD",-0.35760230417494,0.581244685743828,0.699351148896857
1166,"Sambar deer","SBR",1,"dist_str + ndvi_cv + elev + BB + DD",-0.300228693188756,0.611027672557765,0.740648819975319
1167,"Sambar deer","SBR",1,"dist_str + ndvi_cv + elev + BB + DD",-0.230271210059508,0.629602874451874,0.794318146596806
1168,"Sambar deer","SBR",1,"dist_str + ndvi_cv + elev + BB + DD",-0.197843142694356,0.632507110910046,0.82049854825973
1169,"Sambar deer","SBR",1,"dist_str + ndvi_cv + elev + BB + DD",-0.178870500263841,0.64527761572505,0.836214181909767
1170,"Sambar deer","SBR",1,"dist_str + ndvi_cv + elev + BB + DD",-0.178722163074665,0.632739465379005,0.836338233185079
1171,"Sambar deer","SBR",1,"dist_str + ndvi_cv + elev + BB + DD",-0.171588957623281,0.639059378102275,0.84232533360106
1172,"Sambar deer","SBR",1,"dist_str + ndvi_cv + elev + BB + DD",-0.166798651621691,0.626256583760313,0.84637001670369
1173,"Sambar deer","SBR",1,"dist_str + ndvi_cv + elev + BB + DD",-0.178224683477886,0.632008185102413,0.836754398292122
1174,"Sambar deer","SBR",1,"dist_str + ndvi_cv + elev + BB + DD",-0.160846631526942,0.632862344752028,0.851422643560861
1175,"Sambar deer","SBR",1,"dist_str + ndvi_cv + elev + BB + DD",-0.162400410623062,0.626370547497335,0.85010074702024
1176,"Sambar deer","SBR",1,"dist_str + ndvi_cv + elev + BB + DD",-0.172665516472128,0.612333895590238,0.841419023911077
1177,"Sambar deer","SBR",1,"dist_str + ndvi_cv + elev + BB + DD",-0.170027492699558,0.62156919120056,0.843641624958849
1178,"Sambar deer","SBR",1,"dist_str + ndvi_cv + elev + BB + DD",-0.150551610915408,0.639067968721403,0.860233331884045
1179,"Sambar deer","SBR",1,"dist_str + ndvi_cv + elev + BB + DD",-0.136705113137021,0.661300482263065,0.872227398345561
1180,"Sambar deer","SBR",1,"dist_str + ndvi_cv + elev + BB + DD",-0.124214337444468,0.675667567402568,0.883190520889555
1181,"Sambar deer","SBR",1,"dist_str + ndvi_cv + elev + BB + DD",-0.114890154112937,0.666903814273059,0.891464064551381
1182,"Sambar deer","SBR",1,"dist_str + ndvi_cv + elev + BB + DD",-0.160559531049371,0.69487416266693,0.851667122483511
1183,"Sambar deer","SBR",1,"dist_str + ndvi_cv + elev + BB + DD",-0.13611095571561,0.698461393173494,0.872745805882222
1184,"Sambar deer","SBR",1,"dist_str + ndvi_cv + elev + BB + DD",-0.143576181369293,0.71624005063069,0.866254805421957
1185,"Sambar deer","SBR",1,"dist_str + ndvi_cv + elev + BB + DD",-0.159821956444841,0.740379023254332,0.852295538701797
1186,"Sambar deer","SBR",1,"dist_str + ndvi_cv + elev + BB + DD",-0.158531959204643,0.771359961448728,0.853395691026458
1187,"Sambar deer","SBR",1,"dist_str + ndvi_cv + elev + BB + DD",-0.181756434795289,0.805170109123678,0.833804409530979
1188,"Sambar deer","SBR",1,"dist_str + ndvi_cv + elev + BB + DD",-0.179686187722714,0.830182805948822,0.835532371430115
1189,"Sambar deer","SBR",1,"dist_str + ndvi_cv + elev + BB + DD",-0.179424982867016,0.871636991955966,0.835750644737958
1190,"Sambar deer","SBR",1,"dist_str + ndvi_cv + elev + BB + DD",-0.148799790203271,0.909339262295811,0.861741628735268
1191,"Sambar deer","SBR",1,"dist_str + ndvi_cv + elev + BB + DD",-0.166820641292051,0.96404084942957,0.846351398244817
1192,"Sambar deer","SBR",1,"dist_str + ndvi_cv + elev + BB + DD",-0.165832664197645,0.79031954790925,0.847187988192733
1193,"Sambar deer","SBR",1,"dist_str + ndvi_cv + elev + BB + DD",-0.163050973626004,0.734133615928301,0.849547883115252
1194,"Sambar deer","SBR",1,"dist_str + ndvi_cv + elev + BB + DD",-0.172664522759451,0.707758263995561,0.841419852991964
1195,"Sambar deer","SBR",1,"dist_str + ndvi_cv + elev + BB + DD",-0.190505853297243,0.683398768192462,0.826540921603101
1196,"Sambar deer","SBR",1,"dist_str + ndvi_cv + elev + BB + DD",-0.172504269496334,0.662283574680615,0.841554695990263
1197,"Sambar deer","SBR",1,"dist_str + ndvi_cv + elev + BB + DD",-0.16187143155809,0.666999103277455,0.850550551613979
1198,"Sambar deer","SBR",1,"dist_str + ndvi_cv + elev + BB + DD",-0.182584719553838,0.665601193071926,0.833114083460322
1199,"Sambar deer","SBR",1,"dist_str + ndvi_cv + elev + BB + DD",-0.173928673279796,0.636056440846753,0.840356835516915
1200,"Sambar deer","SBR",1,"dist_str + ndvi_cv + elev + BB + DD",-0.184032476965153,0.630814497023116,0.83190878672213
1201,"Sambar deer","SBR",1,"dist_str + ndvi_cv + elev + BB + DD",-0.17982187915911,0.615266738369132,0.835419005805393
1202,"Sambar deer","SBR",1,"dist_str + ndvi_cv + elev + BB + DD",-0.181841022692171,0.591311517509027,0.833733874767765
1203,"Sambar deer","SBR",1,"dist_str + ndvi_cv + elev + BB + DD",-0.191430311736294,0.333519190342975,0.825777170109543
1204,"Sambar deer","SBR",1,"dist_str + ndvi_cv + elev + BB + DD",-0.250234787147328,0.599875655198275,0.778617952207689
1205,"Sambar deer","SBR",1,"dist_str + ndvi_cv + elev + BB + DD",-0.239592068519483,0.608818434750907,0.786948816804063
1206,"Sambar deer","SBR",1,"dist_str + ndvi_cv + elev + BB + DD",-0.224450020428457,0.626246539622277,0.798955507198482
1207,"Sambar deer","SBR",1,"dist_str + ndvi_cv + elev + BB + DD",-0.261777605802029,0.609564098617301,0.769682177896203
1208,"Sambar deer","SBR",1,"dist_str + ndvi_cv + elev + BB + DD",-0.289246768350539,0.62208516151316,0.748827408141242
1209,"Sambar deer","SBR",1,"dist_str + ndvi_cv + elev + BB + DD",-0.373167252920091,0.587824763047477,0.688550063278531
1210,"Sambar deer","SBR",1,"dist_str + ndvi_cv + elev + BB + DD",-0.445446477743894,0.557861611518631,0.640538226599007
1211,"Sambar deer","SBR",1,"dist_str + ndvi_cv + elev + BB + DD",-0.322466545316253,0.611888530905573,0.72436016508313
1212,"Sambar deer","SBR",1,"dist_str + ndvi_cv + elev + BB + DD",-0.285472167845327,0.638483627118674,0.751659261188742
1213,"Sambar deer","SBR",1,"dist_str + ndvi_cv + elev + BB + DD",-0.237774673259437,0.635794055761244,0.788380316593965
1214,"Sambar deer","SBR",1,"dist_str + ndvi_cv + elev + BB + DD",-0.230068254399099,0.643680636657126,0.794479376541148
1215,"Sambar deer","SBR",1,"dist_str + ndvi_cv + elev + BB + DD",-0.210501374010711,0.642968240076415,0.810177942566761
1216,"Sambar deer","SBR",1,"dist_str + ndvi_cv + elev + BB + DD",-0.209330981245595,0.637180992616453,0.811126725335763
1217,"Sambar deer","SBR",1,"dist_str + ndvi_cv + elev + BB + DD",-0.177085254078596,0.625013767522053,0.837708364465582
1218,"Sambar deer","SBR",1,"dist_str + ndvi_cv + elev + BB + DD",-0.172697633549893,0.620270000278968,0.841391987758866
1219,"Sambar deer","SBR",1,"dist_str + ndvi_cv + elev + BB + DD",-0.160768718695177,0.614949057796958,0.851488982081877
1220,"Sambar deer","SBR",1,"dist_str + ndvi_cv + elev + BB + DD",-0.175379874122578,0.61010491382612,0.839138193331235
1221,"Sambar deer","SBR",1,"dist_str + ndvi_cv + elev + BB + DD",-0.167173196448644,0.612177668552993,0.84605306533129
1222,"Sambar deer","SBR",1,"dist_str + ndvi_cv + elev + BB + DD",-0.172664826802764,0.625169174514399,0.841419589170368
1223,"Sambar deer","SBR",1,"dist_str + ndvi_cv + elev + BB + DD",-0.154903590646921,0.632481694658045,0.856497750013833
1224,"Sambar deer","SBR",1,"dist_str + ndvi_cv + elev + BB + DD",-0.132388322521794,0.659213384636487,0.876000761864957
1225,"Sambar deer","SBR",1,"dist_str + ndvi_cv + elev + BB + DD",-0.127505281137784,0.654304365455268,0.880288858420921
1226,"Sambar deer","SBR",1,"dist_str + ndvi_cv + elev + BB + DD",-0.124644399652871,0.665938960871046,0.882810774707087
1227,"Sambar deer","SBR",1,"dist_str + ndvi_cv + elev + BB + DD",-0.127376973263373,0.689346600215196,0.880401722986908
1228,"Sambar deer","SBR",1,"dist_str + ndvi_cv + elev + BB + DD",-0.150386207618594,0.689667260703219,0.860375628733579
1229,"Sambar deer","SBR",1,"dist_str + ndvi_cv + elev + BB + DD",-0.155812810497565,0.698757912274326,0.855719358483821
1230,"Sambar deer","SBR",1,"dist_str + ndvi_cv + elev + BB + DD",-0.159934905506791,0.713802379139842,0.852199263617509
1231,"Sambar deer","SBR",1,"dist_str + ndvi_cv + elev + BB + DD",-0.180418878266683,0.75419529024634,0.834920408677855
1232,"Sambar deer","SBR",1,"dist_str + ndvi_cv + elev + BB + DD",-0.199174271352048,0.796795918136461,0.819407083169615
1233,"Sambar deer","SBR",1,"dist_str + ndvi_cv + elev + BB + DD",-0.162073660943512,0.845668552014063,0.850378562556635
1234,"Sambar deer","SBR",1,"dist_str + ndvi_cv + elev + BB + DD",-0.181244117746763,0.862237554946369,0.834231726609463
1235,"Sambar deer","SBR",1,"dist_str + ndvi_cv + elev + BB + DD",-0.194318690250777,0.9035122686309,0.823395455831559
1236,"Sambar deer","SBR",1,"dist_str + ndvi_cv + elev + BB + DD",-0.179349704250371,0.968740807038115,0.835813563766013
1237,"Sambar deer","SBR",1,"dist_str + ndvi_cv + elev + BB + DD",-0.173588614368876,1.11406420020527,0.8406426701805
1238,"Sambar deer","SBR",1,"dist_str + ndvi_cv + elev + BB + DD",-0.15224747127583,0.959160361475608,0.858775745679709
1239,"Sambar deer","SBR",1,"dist_str + ndvi_cv + elev + BB + DD",-0.158258879318331,0.824039875581854,0.8536287673055
1240,"Sambar deer","SBR",1,"dist_str + ndvi_cv + elev + BB + DD",-0.160706110686477,0.740142569669346,0.851542293989306
1241,"Sambar deer","SBR",1,"dist_str + ndvi_cv + elev + BB + DD",-0.161619796786428,0.72242577635785,0.850764616375829
1242,"Sambar deer","SBR",1,"dist_str + ndvi_cv + elev + BB + DD",-0.162265626135173,0.696216297116069,0.850215335954942
1243,"Sambar deer","SBR",1,"dist_str + ndvi_cv + elev + BB + DD",-0.147989248216486,0.686065378691154,0.862440387751656
1244,"Sambar deer","SBR",1,"dist_str + ndvi_cv + elev + BB + DD",-0.171421566492229,0.663718150146315,0.842466343107242
1245,"Sambar deer","SBR",1,"dist_str + ndvi_cv + elev + BB + DD",-0.167101906491699,0.656821048307926,0.846113382673353
1246,"Sambar deer","SBR",1,"dist_str + ndvi_cv + elev + BB + DD",-0.166068824899903,0.644027761874023,0.846987938337254
1247,"Sambar deer","SBR",1,"dist_str + ndvi_cv + elev + BB + DD",-0.14986033048418,0.619618052662985,0.860828199888438
1248,"Sambar deer","SBR",1,"dist_str + ndvi_cv + elev + BB + DD",-0.162286713812845,0.609212917098091,0.850197406293722
1249,"Sambar deer","SBR",1,"dist_str + ndvi_cv + elev + BB + DD",-0.170022929236985,0.585071232193713,0.843645472237937
1250,"Sambar deer","SBR",1,"dist_str + ndvi_cv + elev + BB + DD",-0.190585329856925,0.581353446840178,0.826475233986326
1251,"Sambar deer","SBR",1,"dist_str + ndvi_cv + elev + BB + DD",-0.203141469411815,0.588682361644015,0.816162771739632
1252,"Sambar deer","SBR",1,"dist_str + ndvi_cv + elev + BB + DD",-0.247575793304716,0.621876473525611,0.780691047425123
1253,"Sambar deer","SBR",1,"dist_str + ndvi_cv + elev + BB + DD",-0.240941069508065,0.616034660399182,0.785887947671424
1254,"Sambar deer","SBR",1,"dist_str + ndvi_cv + elev + BB + DD",-0.262789370087609,0.608264567240176,0.768903834627494
1255,"Sambar deer","SBR",1,"dist_str + ndvi_cv + elev + BB + DD",-0.291143821936096,0.605927234000273,0.747408178431281
1256,"Sambar deer","SBR",1,"dist_str + ndvi_cv + elev + BB + DD",-0.342198858239264,0.610324597518514,0.710206962031935
1257,"Sambar deer","SBR",1,"dist_str + ndvi_cv + elev + BB + DD",-0.336668062858744,0.601977289453712,0.714145853194696
1258,"Sambar deer","SBR",1,"dist_str + ndvi_cv + elev + BB + DD",-0.33690195376571,0.608543860471464,0.713978839408092
1259,"Sambar deer","SBR",1,"dist_str + ndvi_cv + elev + BB + DD",-0.306248477886865,0.62196650297215,0.736203666690509
1260,"Sambar deer","SBR",1,"dist_str + ndvi_cv + elev + BB + DD",-0.281781449045556,0.640146633873687,0.754438555078409
1261,"Sambar deer","SBR",1,"dist_str + ndvi_cv + elev + BB + DD",-0.248695775789986,0.645542305510065,0.779817179326469
1262,"Sambar deer","SBR",1,"dist_str + ndvi_cv + elev + BB + DD",-0.238222680578046,0.640115626653447,0.788027193335809
1263,"Sambar deer","SBR",1,"dist_str + ndvi_cv + elev + BB + DD",-0.202183667031796,0.627256738676615,0.816944868360196
1264,"Sambar deer","SBR",1,"dist_str + ndvi_cv + elev + BB + DD",-0.189926524712943,0.620493691844536,0.827019897306975
1265,"Sambar deer","SBR",1,"dist_str + ndvi_cv + elev + BB + DD",-0.170478607998184,0.639906738835181,0.843261128578289
1266,"Sambar deer","SBR",1,"dist_str + ndvi_cv + elev + BB + DD",-0.179609197379886,0.630251377726018,0.835596702998621
1267,"Sambar deer","SBR",1,"dist_str + ndvi_cv + elev + BB + DD",-0.190451105777683,0.62427078333378,0.826586182854528
1268,"Sambar deer","SBR",1,"dist_str + ndvi_cv + elev + BB + DD",-0.186548884073931,0.619919336478992,0.829817998778868
1269,"Sambar deer","SBR",1,"dist_str + ndvi_cv + elev + BB + DD",-0.160472613045717,0.634151590692475,0.851741177283709
1270,"Sambar deer","SBR",1,"dist_str + ndvi_cv + elev + BB + DD",-0.149072358631678,0.634436796438586,0.861506784783106
1271,"Sambar deer","SBR",1,"dist_str + ndvi_cv + elev + BB + DD",-0.15946360165168,0.661057015945217,0.852601000122135
1272,"Sambar deer","SBR",1,"dist_str + ndvi_cv + elev + BB + DD",-0.122409713212044,0.657179570194298,0.884785786024846
1273,"Sambar deer","SBR",1,"dist_str + ndvi_cv + elev + BB + DD",-0.139032204824166,0.660351778665751,0.870200004472065
1274,"Sambar deer","SBR",1,"dist_str + ndvi_cv + elev + BB + DD",-0.139759696169344,0.69422117856498,0.869567178844942
1275,"Sambar deer","SBR",1,"dist_str + ndvi_cv + elev + BB + DD",-0.13947296081602,0.703049534806053,0.869816543311992
1276,"Sambar deer","SBR",1,"dist_str + ndvi_cv + elev + BB + DD",-0.168208546650555,0.70982949120804,0.845177557713228
1277,"Sambar deer","SBR",1,"dist_str + ndvi_cv + elev + BB + DD",-0.199398975452613,0.712726229968724,0.819222979072315
1278,"Sambar deer","SBR",1,"dist_str + ndvi_cv + elev + BB + DD",-0.178372029934294,0.764718992087612,0.83663111780003
1279,"Sambar deer","SBR",1,"dist_str + ndvi_cv + elev + BB + DD",-0.192824266156804,0.81273043330038,0.824626878296643
1280,"Sambar deer","SBR",1,"dist_str + ndvi_cv + elev + BB + DD",-0.164835679298954,0.829961877135696,0.848033042032653
1281,"Sambar deer","SBR",1,"dist_str + ndvi_cv + elev + BB + DD",-0.174630531124281,0.868032123834896,0.839767232153715
1282,"Sambar deer","SBR",1,"dist_str + ndvi_cv + elev + BB + DD",-0.185194874919248,0.903784493205792,0.830942339418038
1283,"Sambar deer","SBR",1,"dist_str + ndvi_cv + elev + BB + DD",-0.168691314879259,0.951886582670857,0.844769630958777
1284,"Sambar deer","SBR",1,"dist_str + ndvi_cv + elev + BB + DD",-0.167126379026321,1.06349477888064,0.846092697765726
1285,"Sambar deer","SBR",1,"dist_str + ndvi_cv + elev + BB + DD",-0.132044706702311,0.966009529398315,0.876301818685604
1286,"Sambar deer","SBR",1,"dist_str + ndvi_cv + elev + BB + DD",-0.173529568694101,0.808413904122529,0.840692372068961
1287,"Sambar deer","SBR",1,"dist_str + ndvi_cv + elev + BB + DD",-0.136641475661015,0.757174779463623,0.872282910911824
1288,"Sambar deer","SBR",1,"dist_str + ndvi_cv + elev + BB + DD",-0.15466129739228,0.715168752749781,0.856705296956762
1289,"Sambar deer","SBR",1,"dist_str + ndvi_cv + elev + BB + DD",-0.167632085752422,0.703771177880399,0.845664909798323
1290,"Sambar deer","SBR",1,"dist_str + ndvi_cv + elev + BB + DD",-0.162923450430961,0.680149744445228,0.849656226767157
1291,"Sambar deer","SBR",1,"dist_str + ndvi_cv + elev + BB + DD",-0.149404951034686,0.671617385985207,0.861220297766489
1292,"Sambar deer","SBR",1,"dist_str + ndvi_cv + elev + BB + DD",-0.131648454454209,0.669171492782651,0.876649123045079
1293,"Sambar deer","SBR",1,"dist_str + ndvi_cv + elev + BB + DD",-0.136993130788517,0.64825164207618,0.871976216617854
1294,"Sambar deer","SBR",1,"dist_str + ndvi_cv + elev + BB + DD",-0.120766108770987,0.625003593446906,0.886241219426999
1295,"Sambar deer","SBR",1,"dist_str + ndvi_cv + elev + BB + DD",-0.150081940650175,0.610031041288486,0.860637452344922
1296,"Sambar deer","SBR",1,"dist_str + ndvi_cv + elev + BB + DD",-0.172124445942506,0.600791228778568,0.841874398797444
1297,"Sambar deer","SBR",1,"dist_str + ndvi_cv + elev + BB + DD",-0.186307215332777,0.612022990164393,0.83001856139377
1298,"Sambar deer","SBR",1,"dist_str + ndvi_cv + elev + BB + DD",-0.225421290455289,0.604464390890007,0.798179882356239
1299,"Sambar deer","SBR",1,"dist_str + ndvi_cv + elev + BB + DD",-0.220887082595147,0.628341264155213,0.801807213199263
1300,"Sambar deer","SBR",1,"dist_str + ndvi_cv + elev + BB + DD",-0.247250469881584,0.614261554732035,0.780945070494204
1301,"Sambar deer","SBR",1,"dist_str + ndvi_cv + elev + BB + DD",-0.250550524610046,0.625962405464582,0.778372154010306
1302,"Sambar deer","SBR",1,"dist_str + ndvi_cv + elev + BB + DD",-0.274265874773404,0.592265034918219,0.760129949014157
1303,"Sambar deer","SBR",1,"dist_str + ndvi_cv + elev + BB + DD",-0.332784443459327,0.591303186082791,0.716924715526076
1304,"Sambar deer","SBR",1,"dist_str + ndvi_cv + elev + BB + DD",-0.333031584757957,0.591362200338669,0.716747556582495
1305,"Sambar deer","SBR",1,"dist_str + ndvi_cv + elev + BB + DD",-0.322857074010148,0.604515912417888,0.724077346980417
1306,"Sambar deer","SBR",1,"dist_str + ndvi_cv + elev + BB + DD",-0.323762774894302,0.612956589116858,0.723421849497144
1307,"Sambar deer","SBR",1,"dist_str + ndvi_cv + elev + BB + DD",-0.313849963107485,0.62276846494439,0.730628641189631
1308,"Sambar deer","SBR",1,"dist_str + ndvi_cv + elev + BB + DD",-0.309276355287623,0.643284731187207,0.733977904545958
1309,"Sambar deer","SBR",1,"dist_str + ndvi_cv + elev + BB + DD",-0.271593267746714,0.626035015188673,0.762164196026255
1310,"Sambar deer","SBR",1,"dist_str + ndvi_cv + elev + BB + DD",-0.24582491200949,0.631454864124538,0.782059143756241
1311,"Sambar deer","SBR",1,"dist_str + ndvi_cv + elev + BB + DD",-0.216371870512193,0.645898635500965,0.805435728392932
1312,"Sambar deer","SBR",1,"dist_str + ndvi_cv + elev + BB + DD",-0.210458193392552,0.639297080082247,0.810212926705359
1313,"Sambar deer","SBR",1,"dist_str + ndvi_cv + elev + BB + DD",-0.210478826216925,0.637152227277571,0.810196210592055
1314,"Sambar deer","SBR",1,"dist_str + ndvi_cv + elev + BB + DD",-0.191406163563977,0.628470915440422,0.825797111624776
1315,"Sambar deer","SBR",1,"dist_str + ndvi_cv + elev + BB + DD",-0.186124593353803,0.642433495086534,0.830170155145552
1316,"Sambar deer","SBR",1,"dist_str + ndvi_cv + elev + BB + DD",-0.183765814084549,0.632189802680769,0.832130654290296
1317,"Sambar deer","SBR",1,"dist_str + ndvi_cv + elev + BB + DD",-0.171511084274456,0.646211913850665,0.842390930764534
1318,"Sambar deer","SBR",1,"dist_str + ndvi_cv + elev + BB + DD",-0.135336650217448,0.650947205998042,0.873421824723642
1319,"Sambar deer","SBR",1,"dist_str + ndvi_cv + elev + BB + DD",-0.138836351353821,0.653762776722319,0.870370453506832
1320,"Sambar deer","SBR",1,"dist_str + ndvi_cv + elev + BB + DD",-0.135224750831547,0.682830193766142,0.873519565453865
1321,"Sambar deer","SBR",1,"dist_str + ndvi_cv + elev + BB + DD",-0.153482129160701,0.690253209691133,0.85771609216914
1322,"Sambar deer","SBR",1,"dist_str + ndvi_cv + elev + BB + DD",-0.136974145865992,0.705022997759719,0.871992770469733
1323,"Sambar deer","SBR",1,"dist_str + ndvi_cv + elev + BB + DD",-0.160095832596936,0.717083386396645,0.852062129735174
1324,"Sambar deer","SBR",1,"dist_str + ndvi_cv + elev + BB + DD",-0.157600626267198,0.737626469657817,0.854190864165786
1325,"Sambar deer","SBR",1,"dist_str + ndvi_cv + elev + BB + DD",-0.179335385770475,0.773751869557209,0.835825529856961
1326,"Sambar deer","SBR",1,"dist_str + ndvi_cv + elev + BB + DD",-0.181895476828965,0.800346444438645,0.833688480235719
1327,"Sambar deer","SBR",1,"dist_str + ndvi_cv + elev + BB + DD",-0.185412617510638,0.833243420900388,0.830761429818337
1328,"Sambar deer","SBR",1,"dist_str + ndvi_cv + elev + BB + DD",-0.149203046276912,0.851687267401494,0.861394194450543
1329,"Sambar deer","SBR",1,"dist_str + ndvi_cv + elev + BB + DD",-0.165031200640186,0.88069803376715,0.847867250205893
1330,"Sambar deer","SBR",1,"dist_str + ndvi_cv + elev + BB + DD",-0.160440330648642,0.94264706405539,0.851768646567398
1331,"Sambar deer","SBR",1,"dist_str + ndvi_cv + elev + BB + DD",-0.149913988742189,1.0341509132014,0.860782016092901
1332,"Sambar deer","SBR",1,"dist_str + ndvi_cv + elev + BB + DD",-0.136926563371213,0.86312847942227,0.872034263854905
1333,"Sambar deer","SBR",1,"dist_str + ndvi_cv + elev + BB + DD",-0.130865348646607,0.775862227547238,0.877335903366268
1334,"Sambar deer","SBR",1,"dist_str + ndvi_cv + elev + BB + DD",-0.143304331666879,0.724547327772741,0.866490329621943
1335,"Sambar deer","SBR",1,"dist_str + ndvi_cv + elev + BB + DD",-0.141740627887075,0.699661926685489,0.867846322983394
1336,"Sambar deer","SBR",1,"dist_str + ndvi_cv + elev + BB + DD",-0.141235834142883,0.679303751478288,0.868284516416106
1337,"Sambar deer","SBR",1,"dist_str + ndvi_cv + elev + BB + DD",-0.139904660877228,0.667700237519714,0.869441126191428
1338,"Sambar deer","SBR",1,"dist_str + ndvi_cv + elev + BB + DD",-0.151465446795785,0.650620775229041,0.859447578509578
1339,"Sambar deer","SBR",1,"dist_str + ndvi_cv + elev + BB + DD",-0.136189967883796,0.645108491889256,0.87267683649992
1340,"Sambar deer","SBR",1,"dist_str + ndvi_cv + elev + BB + DD",-0.127715850150695,0.61866168519393,0.880103425073564
1341,"Sambar deer","SBR",1,"dist_str + ndvi_cv + elev + BB + DD",-0.128369139723167,0.616633296181994,0.879528651720188
1342,"Sambar deer","SBR",1,"dist_str + ndvi_cv + elev + BB + DD",-0.151574962095732,0.616317118290138,0.85935346140037
1343,"Sambar deer","SBR",1,"dist_str + ndvi_cv + elev + BB + DD",-0.187437835807891,0.609877052852714,0.829080701901845
1344,"Sambar deer","SBR",1,"dist_str + ndvi_cv + elev + BB + DD",-0.191055792985844,0.621028257562017,0.826086497033882
1345,"Sambar deer","SBR",1,"dist_str + ndvi_cv + elev + BB + DD",-0.244626678779122,0.617921917524746,0.78299679660219
1346,"Sambar deer","SBR",1,"dist_str + ndvi_cv + elev + BB + DD",-0.241136533957423,0.62624836557076,0.785734342757929
1347,"Sambar deer","SBR",1,"dist_str + ndvi_cv + elev + BB + DD",-0.251711276582959,0.620041937826128,0.777469179257478
1348,"Sambar deer","SBR",1,"dist_str + ndvi_cv + elev + BB + DD",-0.288411843610063,0.608027712327265,0.749452871529605
1349,"Sambar deer","SBR",1,"dist_str + ndvi_cv + elev + BB + DD",-0.295470148506527,0.594390603327353,0.744181631311033
1350,"Sambar deer","SBR",1,"dist_str + ndvi_cv + elev + BB + DD",-0.32231754398316,0.58617534835029,0.724468105964995
1351,"Sambar deer","SBR",1,"dist_str + ndvi_cv + elev + BB + DD",-0.316352044625366,0.584458950288827,0.728802833889728
1352,"Sambar deer","SBR",1,"dist_str + ndvi_cv + elev + BB + DD",-0.314072590520803,0.612420160404436,0.730466004405981
1353,"Sambar deer","SBR",1,"dist_str + ndvi_cv + elev + BB + DD",-0.320184335294912,0.622437913758677,0.72601520211292
1354,"Sambar deer","SBR",1,"dist_str + ndvi_cv + elev + BB + DD",-0.329379834805405,0.633779845297467,0.719369723628411
1355,"Sambar deer","SBR",1,"dist_str + ndvi_cv + elev + BB + DD",-0.314331831103169,0.61449236600409,0.73027665952789
1356,"Sambar deer","SBR",1,"dist_str + ndvi_cv + elev + BB + DD",-0.265703642433236,0.641398799707678,0.766666302531777
1357,"Sambar deer","SBR",1,"dist_str + ndvi_cv + elev + BB + DD",-0.254383317516617,0.64522892081639,0.775394525049361
1358,"Sambar deer","SBR",1,"dist_str + ndvi_cv + elev + BB + DD",-0.235049049081635,0.634545212182031,0.790532073864926
1359,"Sambar deer","SBR",1,"dist_str + ndvi_cv + elev + BB + DD",-0.217269671730297,0.646536066133564,0.804712931788563
1360,"Sambar deer","SBR",1,"dist_str + ndvi_cv + elev + BB + DD",-0.222598144287866,0.634776326428724,0.800436444726739
1361,"Sambar deer","SBR",1,"dist_str + ndvi_cv + elev + BB + DD",-0.19831835958797,0.634347194202234,0.820108727018724
1362,"Sambar deer","SBR",1,"dist_str + ndvi_cv + elev + BB + DD",-0.18892918057283,0.630824088032961,0.827845135978307
1363,"Sambar deer","SBR",1,"dist_str + ndvi_cv + elev + BB + DD",-0.186057495533072,0.645213003701165,0.830225879608866
1364,"Sambar deer","SBR",1,"dist_str + ndvi_cv + elev + BB + DD",-0.186572443794043,0.655635136737736,0.829798447138272
1365,"Sambar deer","SBR",1,"dist_str + ndvi_cv + elev + BB + DD",-0.147426196859262,0.659190954788773,0.862926122639001
1366,"Sambar deer","SBR",1,"dist_str + ndvi_cv + elev + BB + DD",-0.133517204528614,0.67475425220153,0.875012415250983
1367,"Sambar deer","SBR",1,"dist_str + ndvi_cv + elev + BB + DD",-0.147564423022924,0.701169736539098,0.862806852262414
1368,"Sambar deer","SBR",1,"dist_str + ndvi_cv + elev + BB + DD",-0.143212615594412,0.698902143270953,0.866569806505955
1369,"Sambar deer","SBR",1,"dist_str + ndvi_cv + elev + BB + DD",-0.154212218860572,0.731315010854782,0.857090112438859
1370,"Sambar deer","SBR",1,"dist_str + ndvi_cv + elev + BB + DD",-0.170046386707564,0.758782213732379,0.843625697367857
1371,"Sambar deer","SBR",1,"dist_str + ndvi_cv + elev + BB + DD",-0.178437586979561,0.790763928433091,0.836576281069317
1372,"Sambar deer","SBR",1,"dist_str + ndvi_cv + elev + BB + DD",-0.179877084231468,0.805192637523749,0.835372886078888
1373,"Sambar deer","SBR",1,"dist_str + ndvi_cv + elev + BB + DD",-0.156538271700952,0.82151154617334,0.85509879105833
1374,"Sambar deer","SBR",1,"dist_str + ndvi_cv + elev + BB + DD",-0.1833736016988,0.840372593203461,0.832457101815817
1375,"Sambar deer","SBR",1,"dist_str + ndvi_cv + elev + BB + DD",-0.154264548852171,0.883414707922756,0.857045266737381
1376,"Sambar deer","SBR",1,"dist_str + ndvi_cv + elev + BB + DD",-0.147321975629822,0.924328211732914,0.863016066158884
1377,"Sambar deer","SBR",1,"dist_str + ndvi_cv + elev + BB + DD",-0.138946662438537,1.03174730325525,0.870274467620611
1378,"Sambar deer","SBR",1,"dist_str + ndvi_cv + elev + BB + DD",-0.101319103343583,0.784226684311754,0.903644631011033
1379,"Sambar deer","SBR",1,"dist_str + ndvi_cv + elev + BB + DD",-0.112368625467882,0.752567764286513,0.893714750757235
1380,"Sambar deer","SBR",1,"dist_str + ndvi_cv + elev + BB + DD",-0.155102224826122,0.699927329127058,0.856327651415303
1381,"Sambar deer","SBR",1,"dist_str + ndvi_cv + elev + BB + DD",-0.119902055071004,0.661707297237537,0.887007312067428
1382,"Sambar deer","SBR",1,"dist_str + ndvi_cv + elev + BB + DD",-0.111148476869161,0.663521920779857,0.894805888289509
1383,"Sambar deer","SBR",1,"dist_str + ndvi_cv + elev + BB + DD",-0.132249274398327,0.654066269649602,0.876122659456047
1384,"Sambar deer","SBR",1,"dist_str + ndvi_cv + elev + BB + DD",-0.112025793892623,0.633803547952456,0.894021202290641
1385,"Sambar deer","SBR",1,"dist_str + ndvi_cv + elev + BB + DD",-0.107606761272174,0.631187074608246,0.897980682700522
1386,"Sambar deer","SBR",1,"dist_str + ndvi_cv + elev + BB + DD",-0.153851266334211,0.640556522536915,0.857399573033063
1387,"Sambar deer","SBR",1,"dist_str + ndvi_cv + elev + BB + DD",-0.168173970162452,0.620061044298718,0.845206781287261
1388,"Sambar deer","SBR",1,"dist_str + ndvi_cv + elev + BB + DD",-0.18006405300417,0.633857804664378,0.835216714047616
1389,"Sambar deer","SBR",1,"dist_str + ndvi_cv + elev + BB + DD",-0.179790979417463,0.618183651238677,0.835444818325069
1390,"Sambar deer","SBR",1,"dist_str + ndvi_cv + elev + BB + DD",-0.218250006408532,0.617002053128087,0.803924431100983
1391,"Sambar deer","SBR",1,"dist_str + ndvi_cv + elev + BB + DD",-0.225097988668971,0.61954416299028,0.798437981404024
1392,"Sambar deer","SBR",1,"dist_str + ndvi_cv + elev + BB + DD",-0.249089605160564,0.632393082868671,0.779510122213171
1393,"Sambar deer","SBR",1,"dist_str + ndvi_cv + elev + BB + DD",-0.285928070186441,0.611460866883556,0.751316656776203
1394,"Sambar deer","SBR",1,"dist_str + ndvi_cv + elev + BB + DD",-0.307168083663522,0.614081741017579,0.735526960500403
1395,"Sambar deer","SBR",1,"dist_str + ndvi_cv + elev + BB + DD",-0.314474697030932,0.611027755097608,0.73017233610869
1396,"Sambar deer","SBR",1,"dist_str + ndvi_cv + elev + BB + DD",-0.337771873128016,0.590791210177547,0.713358005498962
1397,"Sambar deer","SBR",1,"dist_str + ndvi_cv + elev + BB + DD",-0.356578600536683,0.594492608039422,0.700067444892343
1398,"Sambar deer","SBR",1,"dist_str + ndvi_cv + elev + BB + DD",-0.332790735075042,0.625870778154853,0.71692020484063
1399,"Sambar deer","SBR",1,"dist_str + ndvi_cv + elev + BB + DD",-0.350008000668783,0.614248399751187,0.704682451784769
1400,"Sambar deer","SBR",1,"dist_str + ndvi_cv + elev + BB + DD",-0.339974588321748,0.628080196028218,0.711788411907338
1401,"Sambar deer","SBR",1,"dist_str + ndvi_cv + elev + BB + DD",-0.305937273413713,0.639326531015776,0.736432813118656
1402,"Sambar deer","SBR",1,"dist_str + ndvi_cv + elev + BB + DD",-0.293603317307721,0.646738191756642,0.745572188417363
1403,"Sambar deer","SBR",1,"dist_str + ndvi_cv + elev + BB + DD",-0.280825283522596,0.64670881832261,0.755160263555251
1404,"Sambar deer","SBR",1,"dist_str + ndvi_cv + elev + BB + DD",-0.249986069105653,0.645711614301077,0.778811633252
1405,"Sambar deer","SBR",1,"dist_str + ndvi_cv + elev + BB + DD",-0.248832082428065,0.641906895463286,0.779710889557582
1406,"Sambar deer","SBR",1,"dist_str + ndvi_cv + elev + BB + DD",-0.206659045465449,0.641288215546549,0.813296902712606
1407,"Sambar deer","SBR",1,"dist_str + ndvi_cv + elev + BB + DD",-0.192281989836022,0.650640097613938,0.825074173422998
1408,"Sambar deer","SBR",1,"dist_str + ndvi_cv + elev + BB + DD",-0.169929737141933,0.64551989285105,0.843724105909141
1409,"Sambar deer","SBR",1,"dist_str + ndvi_cv + elev + BB + DD",-0.16876456765608,0.658976143587176,0.844707751514057
1410,"Sambar deer","SBR",1,"dist_str + ndvi_cv + elev + BB + DD",-0.156313265444358,0.658119074370555,0.855291215360544
1411,"Sambar deer","SBR",1,"dist_str + ndvi_cv + elev + BB + DD",-0.152270453127636,0.693320464298195,0.858755996415789
1412,"Sambar deer","SBR",1,"dist_str + ndvi_cv + elev + BB + DD",-0.157087757840687,0.687418704594206,0.85462905528998
1413,"Sambar deer","SBR",1,"dist_str + ndvi_cv + elev + BB + DD",-0.142040894714161,0.715586372987704,0.867585787376033
1414,"Sambar deer","SBR",1,"dist_str + ndvi_cv + elev + BB + DD",-0.179375118961369,0.714388375987795,0.835792319213772
1415,"Sambar deer","SBR",1,"dist_str + ndvi_cv + elev + BB + DD",-0.181545054834906,0.762356349677495,0.833980673658942
1416,"Sambar deer","SBR",1,"dist_str + ndvi_cv + elev + BB + DD",-0.172946618118654,0.779649513992772,0.841182517573116
1417,"Sambar deer","SBR",1,"dist_str + ndvi_cv + elev + BB + DD",-0.173905733857093,0.817602601054779,0.840376114145637
1418,"Sambar deer","SBR",1,"dist_str + ndvi_cv + elev + BB + DD",-0.20327594416308,0.83280591299105,0.816053025411062
1419,"Sambar deer","SBR",1,"dist_str + ndvi_cv + elev + BB + DD",-0.142587672917713,0.844077426052093,0.867111612699354
1420,"Sambar deer","SBR",1,"dist_str + ndvi_cv + elev + BB + DD",-0.216863243973118,0.878749938859528,0.805040176492556
1421,"Sambar deer","SBR",1,"dist_str + ndvi_cv + elev + BB + DD",-0.140290651199558,0.916662687811704,0.869105592306035
1422,"Sambar deer","SBR",1,"dist_str + ndvi_cv + elev + BB + DD",-0.142860038834366,1.04936400219336,0.866875414963553
1423,"Sambar deer","SBR",1,"dist_str + ndvi_cv + elev + BB + DD",-0.131497019443067,0.844156379243223,0.87678188843289
1424,"Sambar deer","SBR",1,"dist_str + ndvi_cv + elev + BB + DD",-0.11849722826166,0.768575610880236,0.888254281772394
1425,"Sambar deer","SBR",1,"dist_str + ndvi_cv + elev + BB + DD",-0.0982158835537324,0.71939314055773,0.906453216010528
1426,"Sambar deer","SBR",1,"dist_str + ndvi_cv + elev + BB + DD",-0.124164201168437,0.693156831291498,0.883234805930008
1427,"Sambar deer","SBR",1,"dist_str + ndvi_cv + elev + BB + DD",-0.0991170162095831,0.670323257724138,0.90563672810071
1428,"Sambar deer","SBR",1,"dist_str + ndvi_cv + elev + BB + DD",-0.110396780062352,0.660464621641028,0.895478770406594
1429,"Sambar deer","SBR",1,"dist_str + ndvi_cv + elev + BB + DD",-0.114622251162656,0.658680733137222,0.891702920183739
1430,"Sambar deer","SBR",1,"dist_str + ndvi_cv + elev + BB + DD",-0.125153096568347,0.644878300962271,0.882361805829991
1431,"Sambar deer","SBR",1,"dist_str + ndvi_cv + elev + BB + DD",-0.127768477827625,0.64475845633227,0.880057111121787
1432,"Sambar deer","SBR",1,"dist_str + ndvi_cv + elev + BB + DD",-0.122657323192808,0.638706378372031,0.884566731150378
1433,"Sambar deer","SBR",1,"dist_str + ndvi_cv + elev + BB + DD",-0.122696553271412,0.632568729640058,0.884532031669784
1434,"Sambar deer","SBR",1,"dist_str + ndvi_cv + elev + BB + DD",-0.154205917080971,0.623786991903409,0.857095512715927
1435,"Sambar deer","SBR",1,"dist_str + ndvi_cv + elev + BB + DD",-0.182337404565276,0.63255483001569,0.833320134377597
1436,"Sambar deer","SBR",1,"dist_str + ndvi_cv + elev + BB + DD",-0.191302150841458,0.620815051616643,0.825883009442764
1437,"Sambar deer","SBR",1,"dist_str + ndvi_cv + elev + BB + DD",-0.230384853786532,0.625616536373716,0.794227882437231
1438,"Sambar deer","SBR",1,"dist_str + ndvi_cv + elev + BB + DD",-0.266736941321624,0.609392288722337,0.76587451492321
1439,"Sambar deer","SBR",1,"dist_str + ndvi_cv + elev + BB + DD",-0.313465804004961,0.60946542524648,0.73090937276348
1440,"Sambar deer","SBR",1,"dist_str + ndvi_cv + elev + BB + DD",-0.319716489961175,0.585318299133874,0.726354936870562
1441,"Sambar deer","SBR",1,"dist_str + ndvi_cv + elev + BB + DD",-0.362000361091131,0.57292794350801,0.69628211668241
1442,"Sambar deer","SBR",1,"dist_str + ndvi_cv + elev + BB + DD",-0.371400089960075,0.602326502665834,0.689767919070791
1443,"Sambar deer","SBR",1,"dist_str + ndvi_cv + elev + BB + DD",-0.390460385437536,0.605772687703441,0.676745239127947
1444,"Sambar deer","SBR",1,"dist_str + ndvi_cv + elev + BB + DD",-0.348415557652844,0.60915748974164,0.705805514031724
1445,"Sambar deer","SBR",1,"dist_str + ndvi_cv + elev + BB + DD",-0.331212180922566,0.635645498418574,0.718052797410159
1446,"Sambar deer","SBR",1,"dist_str + ndvi_cv + elev + BB + DD",-0.31748171658662,0.635738703160744,0.727979991820651
1447,"Sambar deer","SBR",1,"dist_str + ndvi_cv + elev + BB + DD",-0.344043204908485,0.640794147658712,0.708898300221336
1448,"Sambar deer","SBR",1,"dist_str + ndvi_cv + elev + BB + DD",-0.319136753074961,0.632436911578249,0.726776160477005
1449,"Sambar deer","SBR",1,"dist_str + ndvi_cv + elev + BB + DD",-0.310827484665697,0.631035611180676,0.732840291225671
1450,"Sambar deer","SBR",1,"dist_str + ndvi_cv + elev + BB + DD",-0.28138683271039,0.616091819653031,0.754736322630566
1451,"Sambar deer","SBR",1,"dist_str + ndvi_cv + elev + BB + DD",-0.238712629027801,0.641156425459199,0.787641195448957
1452,"Sambar deer","SBR",1,"dist_str + ndvi_cv + elev + BB + DD",-0.199463628894899,0.636309216130374,0.819170014586415
1453,"Sambar deer","SBR",1,"dist_str + ndvi_cv + elev + BB + DD",-0.191998905585517,0.660356629772025,0.825307773337113
1454,"Sambar deer","SBR",1,"dist_str + ndvi_cv + elev + BB + DD",-0.183168261866631,0.674582136458364,0.832628049825792
1455,"Sambar deer","SBR",1,"dist_str + ndvi_cv + elev + BB + DD",-0.118778872520865,0.646915761238169,0.888004142569593
1456,"Sambar deer","SBR",1,"dist_str + ndvi_cv + elev + BB + DD",-0.158118183542499,0.687545453162465,0.853748878527545
1457,"Sambar deer","SBR",1,"dist_str + ndvi_cv + elev + BB + DD",-0.167948054762012,0.701483235983786,0.845397748204155
1458,"Sambar deer","SBR",1,"dist_str + ndvi_cv + elev + BB + DD",-0.177704959323333,0.711401847922449,0.837189422031887
1459,"Sambar deer","SBR",1,"dist_str + ndvi_cv + elev + BB + DD",-0.177354242973512,0.721658944702499,0.837483059575952
1460,"Sambar deer","SBR",1,"dist_str + ndvi_cv + elev + BB + DD",-0.190296801100327,0.754597006515176,0.826713728158185
1461,"Sambar deer","SBR",1,"dist_str + ndvi_cv + elev + BB + DD",-0.199167847547459,0.796512422358481,0.819412346925213
1462,"Sambar deer","SBR",1,"dist_str + ndvi_cv + elev + BB + DD",-0.205068614304997,0.822019553329205,0.814591422178098
1463,"Sambar deer","SBR",1,"dist_str + ndvi_cv + elev + BB + DD",-0.171375958286775,0.839526795687387,0.842504767627786
1464,"Sambar deer","SBR",1,"dist_str + ndvi_cv + elev + BB + DD",-0.167246105140266,0.858217653767183,0.845991384875124
1465,"Sambar deer","SBR",1,"dist_str + ndvi_cv + elev + BB + DD",-0.182420286251093,0.866701366329857,0.83325106303068
1466,"Sambar deer","SBR",1,"dist_str + ndvi_cv + elev + BB + DD",-0.163946185072368,0.932410373124565,0.848787708713984
1467,"Sambar deer","SBR",1,"dist_str + ndvi_cv + elev + BB + DD",-0.104823519399548,0.910585263889599,0.900483428289407
1468,"Sambar deer","SBR",1,"dist_str + ndvi_cv + elev + BB + DD",-0.111704840489624,0.789373518965906,0.894308182417504
1469,"Sambar deer","SBR",1,"dist_str + ndvi_cv + elev + BB + DD",-0.0889237514216034,0.759554051019991,0.91491533308101
1470,"Sambar deer","SBR",1,"dist_str + ndvi_cv + elev + BB + DD",-0.0841596756022991,0.723466878585883,0.919284459992337
1471,"Sambar deer","SBR",1,"dist_str + ndvi_cv + elev + BB + DD",-0.0972993086027096,0.689055334475204,0.907284407615467
1472,"Sambar deer","SBR",1,"dist_str + ndvi_cv + elev + BB + DD",-0.0893598166620498,0.670251560310307,0.914516458613053
1473,"Sambar deer","SBR",1,"dist_str + ndvi_cv + elev + BB + DD",-0.0951615357911236,0.655450526813973,0.909226050063649
1474,"Sambar deer","SBR",1,"dist_str + ndvi_cv + elev + BB + DD",-0.0794027542643274,0.649115885548652,0.923667840148438
1475,"Sambar deer","SBR",1,"dist_str + ndvi_cv + elev + BB + DD",-0.0984730621380027,0.641294497642235,0.906220103956153
1476,"Sambar deer","SBR",1,"dist_str + ndvi_cv + elev + BB + DD",-0.13231540707135,0.645854116323677,0.876064634567058
1477,"Sambar deer","SBR",1,"dist_str + ndvi_cv + elev + BB + DD",-0.118629833375047,0.630541105961187,0.888136498857697
1478,"Sambar deer","SBR",1,"dist_str + ndvi_cv + elev + BB + DD",-0.135574840523556,0.639329465160325,0.873213814711362
1479,"Sambar deer","SBR",1,"dist_str + ndvi_cv + elev + BB + DD",-0.159883271521171,0.619777866722863,0.852243264878949
1480,"Sambar deer","SBR",1,"dist_str + ndvi_cv + elev + BB + DD",-0.192210533839328,0.632381615493592,0.825133133607954
1481,"Sambar deer","SBR",1,"dist_str + ndvi_cv + elev + BB + DD",-0.217526313974797,0.621584970377727,0.804506439657599
1482,"Sambar deer","SBR",1,"dist_str + ndvi_cv + elev + BB + DD",-0.276181747624836,0.603113984344689,0.758675031678545
1483,"Sambar deer","SBR",1,"dist_str + ndvi_cv + elev + BB + DD",-0.3266251531929,0.607490976579403,0.721354090000034
1484,"Sambar deer","SBR",1,"dist_str + ndvi_cv + elev + BB + DD",-0.331304285323025,0.577252752198893,0.717986664588559
1485,"Sambar deer","SBR",1,"dist_str + ndvi_cv + elev + BB + DD",-0.432372872395183,0.539078191497224,0.648967349562797
1486,"Sambar deer","SBR",1,"dist_str + ndvi_cv + elev + BB + DD",-0.564044002776336,0.461650549002804,0.568903757308704
1487,"Sambar deer","SBR",1,"dist_str + ndvi_cv + elev + BB + DD",-0.37373743588863,0.58761056330846,0.688157573617541
1488,"Sambar deer","SBR",1,"dist_str + ndvi_cv + elev + BB + DD",-0.324963531412581,0.605405370517258,0.722553704707039
1489,"Sambar deer","SBR",1,"dist_str + ndvi_cv + elev + BB + DD",-0.311320308741483,0.623286257846442,0.732479218996913
1490,"Sambar deer","SBR",1,"dist_str + ndvi_cv + elev + BB + DD",-0.321031386882907,0.629869246063703,0.725400487955592
1491,"Sambar deer","SBR",1,"dist_str + ndvi_cv + elev + BB + DD",-0.358140272136308,0.624904891348056,0.698975031834006
1492,"Sambar deer","SBR",1,"dist_str + ndvi_cv + elev + BB + DD",-0.433329412904744,0.608945168875177,0.64834688664554
1493,"Sambar deer","SBR",1,"dist_str + ndvi_cv + elev + BB + DD",-0.395357479999279,0.601791383074905,0.673439256194102
1494,"Sambar deer","SBR",1,"dist_str + ndvi_cv + elev + BB + DD",-0.311788624869708,0.621627863449352,0.732136294226769
1495,"Sambar deer","SBR",1,"dist_str + ndvi_cv + elev + BB + DD",-0.226548188833251,0.63315699555188,0.797280922017327
1496,"Sambar deer","SBR",1,"dist_str + ndvi_cv + elev + BB + DD",-0.169483046907768,0.667426045863826,0.844101064621357
1497,"Sambar deer","SBR",1,"dist_str + ndvi_cv + elev + BB + DD",-0.148285668282159,0.676889487749997,0.862184791033364
1498,"Sambar deer","SBR",1,"dist_str + ndvi_cv + elev + BB + DD",-0.144164955841313,0.661827355829431,0.865744926878041
1499,"Sambar deer","SBR",1,"dist_str + ndvi_cv + elev + BB + DD",-0.145357451978569,0.664459320002854,0.864713144873579
1500,"Sambar deer","SBR",1,"dist_str + ndvi_cv + elev + BB + DD",-0.151278424355113,0.697719435945649,0.859608343061774
1501,"Sambar deer","SBR",1,"dist_str + ndvi_cv + elev + BB + DD",-0.143644451531289,0.710970798052596,0.866195677177271
1502,"Sambar deer","SBR",1,"dist_str + ndvi_cv + elev + BB + DD",-0.171924054695793,0.71636789956955,0.842043131519613
1503,"Sambar deer","SBR",1,"dist_str + ndvi_cv + elev + BB + DD",-0.195098126681251,0.717305242090834,0.822753922841385
1504,"Sambar deer","SBR",1,"dist_str + ndvi_cv + elev + BB + DD",-0.213089884787801,0.738413024586586,0.808083499555938
1505,"Sambar deer","SBR",1,"dist_str + ndvi_cv + elev + BB + DD",-0.211513713085118,0.784474917664535,0.809358182185573
1506,"Sambar deer","SBR",1,"dist_str + ndvi_cv + elev + BB + DD",-0.192549512589058,0.805356038822529,0.824853477626176
1507,"Sambar deer","SBR",1,"dist_str + ndvi_cv + elev + BB + DD",-0.19332694387005,0.825179760692488,0.824212459212398
1508,"Sambar deer","SBR",1,"dist_str + ndvi_cv + elev + BB + DD",-0.178451848273956,0.844561080373068,0.836564338252928
1509,"Sambar deer","SBR",1,"dist_str + ndvi_cv + elev + BB + DD",-0.167405881118065,0.883725598151482,0.845856265541502
1510,"Sambar deer","SBR",1,"dist_str + ndvi_cv + elev + BB + DD",-0.140382355622717,0.968223869534106,0.869025932401196
1511,"Sambar deer","SBR",1,"dist_str + ndvi_cv + elev + BB + DD",-0.134380266466679,0.972621512366185,0.874257552117007
1512,"Sambar deer","SBR",1,"dist_str + ndvi_cv + elev + BB + DD",-0.104961234293265,0.822071035583452,0.900359427313096
1513,"Sambar deer","SBR",1,"dist_str + ndvi_cv + elev + BB + DD",-0.0928345191503326,0.77745141401455,0.911344297873928
1514,"Sambar deer","SBR",1,"dist_str + ndvi_cv + elev + BB + DD",-0.0908715228779862,0.722062760983934,0.913135020363189
1515,"Sambar deer","SBR",1,"dist_str + ndvi_cv + elev + BB + DD",-0.0918794504147649,0.701822671891629,0.912215110482523
1516,"Sambar deer","SBR",1,"dist_str + ndvi_cv + elev + BB + DD",-0.0769056424244994,0.67566777335419,0.925977224207075
1517,"Sambar deer","SBR",1,"dist_str + ndvi_cv + elev + BB + DD",-0.0836989486517634,0.664656475974656,0.919708123476526
1518,"Sambar deer","SBR",1,"dist_str + ndvi_cv + elev + BB + DD",-0.0723749551085794,0.658326805673428,0.930182054242547
1519,"Sambar deer","SBR",1,"dist_str + ndvi_cv + elev + BB + DD",-0.083831062082194,0.64669773058471,0.919586600682209
1520,"Sambar deer","SBR",1,"dist_str + ndvi_cv + elev + BB + DD",-0.110084580894719,0.643424745950244,0.895758369286966
1521,"Sambar deer","SBR",1,"dist_str + ndvi_cv + elev + BB + DD",-0.11123164155229,0.634717947518843,0.894731475473142
1522,"Sambar deer","SBR",1,"dist_str + ndvi_cv + elev + BB + DD",-0.13390451105465,0.651276493788248,0.874673582461148
1523,"Sambar deer","SBR",1,"dist_str + ndvi_cv + elev + BB + DD",-0.163278712993466,0.629578303250631,0.849354431969031
1524,"Sambar deer","SBR",1,"dist_str + ndvi_cv + elev + BB + DD",-0.194196755570845,0.62322091317091,0.823495864413694
1525,"Sambar deer","SBR",1,"dist_str + ndvi_cv + elev + BB + DD",-0.223378693692476,0.632198156607274,0.799811909651331
1526,"Sambar deer","SBR",1,"dist_str + ndvi_cv + elev + BB + DD",-0.255023765226437,0.607617234517852,0.774898082186276
1527,"Sambar deer","SBR",1,"dist_str + ndvi_cv + elev + BB + DD",-0.282300996594685,0.598209546812787,0.754046687507578
1528,"Sambar deer","SBR",1,"dist_str + ndvi_cv + elev + BB + DD",-0.330077411992495,0.597951001128431,0.718868084512186
1529,"Sambar deer","SBR",1,"dist_str + ndvi_cv + elev + BB + DD",-0.390978874422671,0.576359896945764,0.676394447998678
1530,"Sambar deer","SBR",1,"dist_str + ndvi_cv + elev + BB + DD",-0.36326364131794,0.577147335227252,0.695403078379898
1531,"Sambar deer","SBR",1,"dist_str + ndvi_cv + elev + BB + DD",-0.360282419923451,0.596075101243696,0.697479316321311
1532,"Sambar deer","SBR",1,"dist_str + ndvi_cv + elev + BB + DD",-0.307787096708061,0.616448704153506,0.735071802202548
1533,"Sambar deer","SBR",1,"dist_str + ndvi_cv + elev + BB + DD",-0.317683132095043,0.628394047153324,0.727833378972547
1534,"Sambar deer","SBR",1,"dist_str + ndvi_cv + elev + BB + DD",-0.299866782087915,0.64059633541196,0.740916918176424
1535,"Sambar deer","SBR",1,"dist_str + ndvi_cv + elev + BB + DD",-0.334758590703297,0.635523263896437,0.715510796495455
1536,"Sambar deer","SBR",1,"dist_str + ndvi_cv + elev + BB + DD",-0.401154440066407,0.600277273655639,0.669546648301936
1537,"Sambar deer","SBR",1,"dist_str + ndvi_cv + elev + BB + DD",-0.476820673076273,0.571533013368137,0.620753838760425
1538,"Sambar deer","SBR",1,"dist_str + ndvi_cv + elev + BB + DD",-0.30174875486978,0.621281158966296,0.739523843489299
1539,"Sambar deer","SBR",1,"dist_str + ndvi_cv + elev + BB + DD",-0.219203897359856,0.645219264665475,0.803157940513304
1540,"Sambar deer","SBR",1,"dist_str + ndvi_cv + elev + BB + DD",-0.147018353132601,0.667043325476209,0.863278133450706
1541,"Sambar deer","SBR",1,"dist_str + ndvi_cv + elev + BB + DD",-0.120111867337372,0.676332308160075,0.88682122499122
1542,"Sambar deer","SBR",1,"dist_str + ndvi_cv + elev + BB + DD",-0.134886820494688,0.67830648276338,0.873814804084608
1543,"Sambar deer","SBR",1,"dist_str + ndvi_cv + elev + BB + DD",-0.124197075853532,0.68419213155093,0.883205781880614
1544,"Sambar deer","SBR",1,"dist_str + ndvi_cv + elev + BB + DD",-0.14796223224649,0.681993287881463,0.862463687662537
1545,"Sambar deer","SBR",1,"dist_str + ndvi_cv + elev + BB + DD",-0.173231417334404,0.700923461223851,0.840942984959467
1546,"Sambar deer","SBR",1,"dist_str + ndvi_cv + elev + BB + DD",-0.16125792681565,0.712597253056745,0.851072529670105
1547,"Sambar deer","SBR",1,"dist_str + ndvi_cv + elev + BB + DD",-0.201765135880664,0.71789946572646,0.817286857769901
1548,"Sambar deer","SBR",1,"dist_str + ndvi_cv + elev + BB + DD",-0.22280455242408,0.751493310689628,0.800271250703503
1549,"Sambar deer","SBR",1,"dist_str + ndvi_cv + elev + BB + DD",-0.22769248870782,0.751637859762882,0.796369114701774
1550,"Sambar deer","SBR",1,"dist_str + ndvi_cv + elev + BB + DD",-0.20164710884291,0.80268227009077,0.817383324605058
1551,"Sambar deer","SBR",1,"dist_str + ndvi_cv + elev + BB + DD",-0.204857611456543,0.829484611975294,0.814763327501098
1552,"Sambar deer","SBR",1,"dist_str + ndvi_cv + elev + BB + DD",-0.18792499486222,0.869584437556924,0.828676871186213
1553,"Sambar deer","SBR",1,"dist_str + ndvi_cv + elev + BB + DD",-0.159655156147858,0.912559825174124,0.852437698746138
1554,"Sambar deer","SBR",1,"dist_str + ndvi_cv + elev + BB + DD",-0.139749436917652,0.997748534594734,0.869576108491016
1555,"Sambar deer","SBR",1,"dist_str + ndvi_cv + elev + BB + DD",-0.0770478897657267,0.892816561852399,0.925845514058845
1556,"Sambar deer","SBR",1,"dist_str + ndvi_cv + elev + BB + DD",-0.108902553557596,0.792828505863398,0.896817805542353
1557,"Sambar deer","SBR",1,"dist_str + ndvi_cv + elev + BB + DD",-0.0780773758166771,0.73075007005967,0.924892859506056
1558,"Sambar deer","SBR",1,"dist_str + ndvi_cv + elev + BB + DD",-0.0919358892646592,0.681136209636653,0.912163627344878
1559,"Sambar deer","SBR",1,"dist_str + ndvi_cv + elev + BB + DD",-0.0951357227496836,0.683575094642573,0.909249523565316
1560,"Sambar deer","SBR",1,"dist_str + ndvi_cv + elev + BB + DD",-0.0883298614228628,0.6604150060081,0.915458853864056
1561,"Sambar deer","SBR",1,"dist_str + ndvi_cv + elev + BB + DD",-0.0699017563355663,0.657404156232682,0.932485437793565
1562,"Sambar deer","SBR",1,"dist_str + ndvi_cv + elev + BB + DD",-0.0968684737480566,0.641897445446615,0.90767538148502
1563,"Sambar deer","SBR",1,"dist_str + ndvi_cv + elev + BB + DD",-0.114424982966746,0.635160955245204,0.891878844096028
1564,"Sambar deer","SBR",1,"dist_str + ndvi_cv + elev + BB + DD",-0.121926990420829,0.644887290936971,0.885213001365973
1565,"Sambar deer","SBR",1,"dist_str + ndvi_cv + elev + BB + DD",-0.137282059580029,0.634234914019955,0.871724313274798
1566,"Sambar deer","SBR",1,"dist_str + ndvi_cv + elev + BB + DD",-0.151187149101434,0.640726523389193,0.859686795563476
1567,"Sambar deer","SBR",1,"dist_str + ndvi_cv + elev + BB + DD",-0.202531651187206,0.631504314736968,0.816660633922762
1568,"Sambar deer","SBR",1,"dist_str + ndvi_cv + elev + BB + DD",-0.239511809741405,0.62397076680446,0.787011980028564
1569,"Sambar deer","SBR",1,"dist_str + ndvi_cv + elev + BB + DD",-0.263260322349738,0.621552225483526,0.768541803411729
1570,"Sambar deer","SBR",1,"dist_str + ndvi_cv + elev + BB + DD",-0.252846108511628,0.585826287717098,0.776587386802329
1571,"Sambar deer","SBR",1,"dist_str + ndvi_cv + elev + BB + DD",-0.311910605882007,0.595334002414262,0.732046966802201
1572,"Sambar deer","SBR",1,"dist_str + ndvi_cv + elev + BB + DD",-0.296234214836449,0.594172668861929,0.743613242516153
1573,"Sambar deer","SBR",1,"dist_str + ndvi_cv + elev + BB + DD",-0.313442042301199,0.600859323465157,0.730926740697494
1574,"Sambar deer","SBR",1,"dist_str + ndvi_cv + elev + BB + DD",-0.288284199261807,0.61575552985223,0.749548541879022
1575,"Sambar deer","SBR",1,"dist_str + ndvi_cv + elev + BB + DD",-0.258696814062623,0.638888371425768,0.772057064826921
1576,"Sambar deer","SBR",1,"dist_str + ndvi_cv + elev + BB + DD",-0.244891446154243,0.643821726950719,0.78278952335926
1577,"Sambar deer","SBR",1,"dist_str + ndvi_cv + elev + BB + DD",-0.230611161378019,0.639163632672452,0.794048163146188
1578,"Sambar deer","SBR",1,"dist_str + ndvi_cv + elev + BB + DD",-0.259145939480639,0.646345483515618,0.77171039190838
1579,"Sambar deer","SBR",1,"dist_str + ndvi_cv + elev + BB + DD",-0.275796217787532,0.620425493447528,0.758967581669023
1580,"Sambar deer","SBR",1,"dist_str + ndvi_cv + elev + BB + DD",-0.269765764697171,0.614742595359798,0.76355832715576
1581,"Sambar deer","SBR",1,"dist_str + ndvi_cv + elev + BB + DD",-0.226345497096167,0.633224917409191,0.797442542396524
1582,"Sambar deer","SBR",1,"dist_str + ndvi_cv + elev + BB + DD",-0.142502221896274,0.671582858194729,0.867185627585449
1583,"Sambar deer","SBR",1,"dist_str + ndvi_cv + elev + BB + DD",-0.144249665291976,0.671894430550121,0.865671592948278
1584,"Sambar deer","SBR",1,"dist_str + ndvi_cv + elev + BB + DD",-0.126056134483725,0.70714805737878,0.881565359335595
1585,"Sambar deer","SBR",1,"dist_str + ndvi_cv + elev + BB + DD",-0.101164957698957,0.691706844155252,0.903783935017816
1586,"Sambar deer","SBR",1,"dist_str + ndvi_cv + elev + BB + DD",-0.123555003654868,0.699370944917006,0.883773037690164
1587,"Sambar deer","SBR",1,"dist_str + ndvi_cv + elev + BB + DD",-0.147441622301977,0.702026059603231,0.862912814122084
1588,"Sambar deer","SBR",1,"dist_str + ndvi_cv + elev + BB + DD",-0.159279054071102,0.693798456760709,0.852758361162101
1589,"Sambar deer","SBR",1,"dist_str + ndvi_cv + elev + BB + DD",-0.180150239267082,0.698811474416988,0.83514473300372
1590,"Sambar deer","SBR",1,"dist_str + ndvi_cv + elev + BB + DD",-0.208775887092683,0.708978055109837,0.811577100888983
1591,"Sambar deer","SBR",1,"dist_str + ndvi_cv + elev + BB + DD",-0.217287825871269,0.724161302122892,0.804698323942773
1592,"Sambar deer","SBR",1,"dist_str + ndvi_cv + elev + BB + DD",-0.239437586199996,0.768166044515581,0.787070397093784
1593,"Sambar deer","SBR",1,"dist_str + ndvi_cv + elev + BB + DD",-0.211629462863633,0.79391026534098,0.809264591792047
1594,"Sambar deer","SBR",1,"dist_str + ndvi_cv + elev + BB + DD",-0.191327723398807,0.85888623191768,0.825861890183815
1595,"Sambar deer","SBR",1,"dist_str + ndvi_cv + elev + BB + DD",-0.167002811980401,0.901044287832438,0.846197236841379
1596,"Sambar deer","SBR",1,"dist_str + ndvi_cv + elev + BB + DD",-0.160203778854632,0.96985988954288,0.851970158385533
1597,"Sambar deer","SBR",1,"dist_str + ndvi_cv + elev + BB + DD",-0.115388902891149,1.05488986661464,0.891019588921614
1598,"Sambar deer","SBR",1,"dist_str + ndvi_cv + elev + BB + DD",-0.125624879600195,1.20848421343448,0.881945665508206
1599,"Sambar deer","SBR",1,"dist_str + ndvi_cv + elev + BB + DD",-0.102558120170291,0.796809314633825,0.902525693350643
1600,"Sambar deer","SBR",1,"dist_str + ndvi_cv + elev + BB + DD",-0.0787938341842677,0.744845017948001,0.924230449611598
1601,"Sambar deer","SBR",1,"dist_str + ndvi_cv + elev + BB + DD",-0.0830622133001294,0.700980387035306,0.92029389157778
1602,"Sambar deer","SBR",1,"dist_str + ndvi_cv + elev + BB + DD",-0.052552188176584,0.674242317411595,0.948804804004991
1603,"Sambar deer","SBR",1,"dist_str + ndvi_cv + elev + BB + DD",-0.0737312204711203,0.661783367222302,0.928921336049096
1604,"Sambar deer","SBR",1,"dist_str + ndvi_cv + elev + BB + DD",-0.0583632803481505,0.638501882527692,0.94330720153001
1605,"Sambar deer","SBR",1,"dist_str + ndvi_cv + elev + BB + DD",-0.0610921556275505,0.645192882493672,0.940736541701982
1606,"Sambar deer","SBR",1,"dist_str + ndvi_cv + elev + BB + DD",-0.0839002641742692,0.646429354788616,0.919522960910071
1607,"Sambar deer","SBR",1,"dist_str + ndvi_cv + elev + BB + DD",-0.0964220599108405,0.641131975483293,0.908080671398507
1608,"Sambar deer","SBR",1,"dist_str + ndvi_cv + elev + BB + DD",-0.146719172468026,0.621354864109773,0.863536448226334
1609,"Sambar deer","SBR",1,"dist_str + ndvi_cv + elev + BB + DD",-0.148814036430909,0.618727935344542,0.861729356587613
1610,"Sambar deer","SBR",1,"dist_str + ndvi_cv + elev + BB + DD",-0.208270545548786,0.621814226868315,0.811987328426713
1611,"Sambar deer","SBR",1,"dist_str + ndvi_cv + elev + BB + DD",-0.215330276914785,0.612360121696271,0.806275102204409
1612,"Sambar deer","SBR",1,"dist_str + ndvi_cv + elev + BB + DD",-0.241754122765626,0.616884350762158,0.785249228773245
1613,"Sambar deer","SBR",1,"dist_str + ndvi_cv + elev + BB + DD",-0.272276342952785,0.596960125711928,0.761643762748022
1614,"Sambar deer","SBR",1,"dist_str + ndvi_cv + elev + BB + DD",-0.283693537474785,0.600155090432563,0.752997374914916
1615,"Sambar deer","SBR",1,"dist_str + ndvi_cv + elev + BB + DD",-0.290918096891478,0.599875742474415,0.747576911848917
1616,"Sambar deer","SBR",1,"dist_str + ndvi_cv + elev + BB + DD",-0.266246027732258,0.597761945451354,0.766250585435034
1617,"Sambar deer","SBR",1,"dist_str + ndvi_cv + elev + BB + DD",-0.2304623424866,0.619542299686902,0.794166352247138
1618,"Sambar deer","SBR",1,"dist_str + ndvi_cv + elev + BB + DD",-0.184505778659458,0.648914968426125,0.831515164728054
1619,"Sambar deer","SBR",1,"dist_str + ndvi_cv + elev + BB + DD",-0.170535039570855,0.643581600082774,0.843213544232541
1620,"Sambar deer","SBR",1,"dist_str + ndvi_cv + elev + BB + DD",-0.17198292649076,0.634285028150842,0.84199354970596
1621,"Sambar deer","SBR",1,"dist_str + ndvi_cv + elev + BB + DD",-0.174397997713672,0.624392222967774,0.839962535132148
1622,"Sambar deer","SBR",1,"dist_str + ndvi_cv + elev + BB + DD",-0.162716629618115,0.632711234440418,0.84983197566217
1623,"Sambar deer","SBR",1,"dist_str + ndvi_cv + elev + BB + DD",-0.173473644205964,0.621934190535692,0.840739309222191
1624,"Sambar deer","SBR",1,"dist_str + ndvi_cv + elev + BB + DD",-0.135155923768003,0.658137457857149,0.873579689265571
1625,"Sambar deer","SBR",1,"dist_str + ndvi_cv + elev + BB + DD",-0.105086752244836,0.674881640584277,0.900246437381724
1626,"Sambar deer","SBR",1,"dist_str + ndvi_cv + elev + BB + DD",-0.114222115459217,0.687641655418733,0.892059793840585
1627,"Sambar deer","SBR",1,"dist_str + ndvi_cv + elev + BB + DD",-0.0764662961867422,0.687918808265276,0.926384164014024
1628,"Sambar deer","SBR",1,"dist_str + ndvi_cv + elev + BB + DD",-0.112814603004297,0.694615343281199,0.893316265096588
1629,"Sambar deer","SBR",1,"dist_str + ndvi_cv + elev + BB + DD",-0.135502561766847,0.683776143318175,0.873276926330473
1630,"Sambar deer","SBR",1,"dist_str + ndvi_cv + elev + BB + DD",-0.138042943790785,0.686689974878395,0.871061294095031
1631,"Sambar deer","SBR",1,"dist_str + ndvi_cv + elev + BB + DD",-0.142347726767544,0.700478766458778,0.867319614106649
1632,"Sambar deer","SBR",1,"dist_str + ndvi_cv + elev + BB + DD",-0.160995535334397,0.690380362389721,0.851295872165236
1633,"Sambar deer","SBR",1,"dist_str + ndvi_cv + elev + BB + DD",-0.185278063823731,0.689114777984504,0.830873216061809
1634,"Sambar deer","SBR",1,"dist_str + ndvi_cv + elev + BB + DD",-0.202321747498886,0.724479294578202,0.816832072289719
1635,"Sambar deer","SBR",1,"dist_str + ndvi_cv + elev + BB + DD",-0.174495798713084,0.758347219773111,0.839880384162958
1636,"Sambar deer","SBR",1,"dist_str + ndvi_cv + elev + BB + DD",-0.164993526692291,0.825015412240968,0.847899208127102
1637,"Sambar deer","SBR",1,"dist_str + ndvi_cv + elev + BB + DD",-0.179510674527097,0.884694099019111,0.835679030431527
1638,"Sambar deer","SBR",1,"dist_str + ndvi_cv + elev + BB + DD",-0.179617123463651,0.991376189052675,0.835590078011966
1639,"Sambar deer","SBR",1,"dist_str + ndvi_cv + elev + BB + DD",-0.124846793255578,1.02936978018176,0.882632118484536
1640,"Sambar deer","SBR",1,"dist_str + ndvi_cv + elev + BB + DD",-0.129319896138332,1.1275106856634,0.878692830489939
1641,"Sambar deer","SBR",1,"dist_str + ndvi_cv + elev + BB + DD",-0.103512064030429,1.20211316383132,0.901665145016795
1642,"Sambar deer","SBR",1,"dist_str + ndvi_cv + elev + BB + DD",-0.062163809462757,0.823427693349622,0.9397289398408
1643,"Sambar deer","SBR",1,"dist_str + ndvi_cv + elev + BB + DD",-0.0458864729094335,0.725829122683334,0.955150395130487
1644,"Sambar deer","SBR",1,"dist_str + ndvi_cv + elev + BB + DD",-0.0505966958580541,0.709028393575491,0.950662001336986
1645,"Sambar deer","SBR",1,"dist_str + ndvi_cv + elev + BB + DD",-0.0398299918483839,0.692716464463973,0.960952795596929
1646,"Sambar deer","SBR",1,"dist_str + ndvi_cv + elev + BB + DD",-0.036088134018471,0.675139263266899,0.964555326863999
1647,"Sambar deer","SBR",1,"dist_str + ndvi_cv + elev + BB + DD",-0.0533734175560092,0.647746161363153,0.948025953598088
1648,"Sambar deer","SBR",1,"dist_str + ndvi_cv + elev + BB + DD",-0.0532194832666096,0.633664947689679,0.948171882099497
1649,"Sambar deer","SBR",1,"dist_str + ndvi_cv + elev + BB + DD",-0.0769145590216613,0.656065642730981,0.925968966090895
1650,"Sambar deer","SBR",1,"dist_str + ndvi_cv + elev + BB + DD",-0.0835185167257826,0.646402841592549,0.919874064420462
1651,"Sambar deer","SBR",1,"dist_str + ndvi_cv + elev + BB + DD",-0.13827574646609,0.612729369148808,0.870858522474592
1652,"Sambar deer","SBR",1,"dist_str + ndvi_cv + elev + BB + DD",-0.150366090196211,0.598200330174897,0.860392941799412
1653,"Sambar deer","SBR",1,"dist_str + ndvi_cv + elev + BB + DD",-0.197638386149884,0.599071625641352,0.820666563905304
1654,"Sambar deer","SBR",1,"dist_str + ndvi_cv + elev + BB + DD",-0.209498096762888,0.607528682734061,0.810991183002807
1655,"Sambar deer","SBR",1,"dist_str + ndvi_cv + elev + BB + DD",-0.232826463112492,0.605878708332667,0.792291054827627
1656,"Sambar deer","SBR",1,"dist_str + ndvi_cv + elev + BB + DD",-0.22763574494468,0.617194115317084,0.796414304944193
1657,"Sambar deer","SBR",1,"dist_str + ndvi_cv + elev + BB + DD",-0.26120547955927,0.621470753126769,0.770122661954342
1658,"Sambar deer","SBR",1,"dist_str + ndvi_cv + elev + BB + DD",-0.235264491704209,0.603429935281412,0.790361778120896
1659,"Sambar deer","SBR",1,"dist_str + ndvi_cv + elev + BB + DD",-0.224144502306772,0.602913774307021,0.799199640046781
1660,"Sambar deer","SBR",1,"dist_str + ndvi_cv + elev + BB + DD",-0.180777049959757,0.625753183496608,0.834621417245508
1661,"Sambar deer","SBR",1,"dist_str + ndvi_cv + elev + BB + DD",-0.149974280835782,0.643225807773612,0.860730114375654
1662,"Sambar deer","SBR",1,"dist_str + ndvi_cv + elev + BB + DD",-0.11314947627606,0.635727947784925,0.893017165275076
1663,"Sambar deer","SBR",1,"dist_str + ndvi_cv + elev + BB + DD",-0.0700012262988003,0.645188874153708,0.932392689681328
1664,"Sambar deer","SBR",1,"dist_str + ndvi_cv + elev + BB + DD",-0.0736086791747082,0.621633062111987,0.929035173533461
1665,"Sambar deer","SBR",1,"dist_str + ndvi_cv + elev + BB + DD",-0.0991887503247128,0.627774208546928,0.905571767432861
1666,"Sambar deer","SBR",1,"dist_str + ndvi_cv + elev + BB + DD",-0.106241414214378,0.643477943547568,0.89920754039193
1667,"Sambar deer","SBR",1,"dist_str + ndvi_cv + elev + BB + DD",-0.0788137368346287,0.651243796883878,0.924212146294129
1668,"Sambar deer","SBR",1,"dist_str + ndvi_cv + elev + BB + DD",-0.0638581188591,0.684293000682372,0.93813809436179
1669,"Sambar deer","SBR",1,"dist_str + ndvi_cv + elev + BB + DD",-0.0469258132162572,0.695891488487091,0.954158181348874
1670,"Sambar deer","SBR",1,"dist_str + ndvi_cv + elev + BB + DD",-0.0809299237493068,0.688004166518518,0.922258318278503
1671,"Sambar deer","SBR",1,"dist_str + ndvi_cv + elev + BB + DD",-0.104622376609737,0.711132467369409,0.900664571386153
1672,"Sambar deer","SBR",1,"dist_str + ndvi_cv + elev + BB + DD",-0.100706244652455,0.685808968923056,0.904198607342655
1673,"Sambar deer","SBR",1,"dist_str + ndvi_cv + elev + BB + DD",-0.119535641471124,0.690205417833023,0.887332386003514
1674,"Sambar deer","SBR",1,"dist_str + ndvi_cv + elev + BB + DD",-0.137405202908747,0.685392077418515,0.871616974138587
1675,"Sambar deer","SBR",1,"dist_str + ndvi_cv + elev + BB + DD",-0.108368148766586,0.681627000210581,0.897297198212841
1676,"Sambar deer","SBR",1,"dist_str + ndvi_cv + elev + BB + DD",-0.166415508603371,0.707495249940702,0.846694352313172
1677,"Sambar deer","SBR",1,"dist_str + ndvi_cv + elev + BB + DD",-0.164019517262037,0.732818147663633,0.848725457370603
1678,"Sambar deer","SBR",1,"dist_str + ndvi_cv + elev + BB + DD",-0.15808542631835,0.768545218115622,0.853776843859485
1679,"Sambar deer","SBR",1,"dist_str + ndvi_cv + elev + BB + DD",-0.184447050772523,0.844020762669576,0.831564005985308
1680,"Sambar deer","SBR",1,"dist_str + ndvi_cv + elev + BB + DD",-0.0744097196504917,1.25335371883198,0.928291287236276
1681,"Sambar deer","SBR",1,"dist_str + ndvi_cv + elev + BB + DD",-0.12485106823483,1.34541338089064,0.882628357082165
1682,"Sambar deer","SBR",1,"dist_str + ndvi_cv + elev + BB + DD",-0.0400299377822484,0.832800569229742,0.960760677389775
1683,"Sambar deer","SBR",1,"dist_str + ndvi_cv + elev + BB + DD",-0.0357245357431906,0.736864145198865,0.964906054012316
1684,"Sambar deer","SBR",1,"dist_str + ndvi_cv + elev + BB + DD",-0.0294434252976608,0.700572251107622,0.970985843278826
1685,"Sambar deer","SBR",1,"dist_str + ndvi_cv + elev + BB + DD",-0.00889979078409129,0.687392948018114,0.991139695354052
1686,"Sambar deer","SBR",1,"dist_str + ndvi_cv + elev + BB + DD",-0.0275057042518895,0.650813513549492,0.972869139627582
1687,"Sambar deer","SBR",1,"dist_str + ndvi_cv + elev + BB + DD",-0.0173489333074236,0.64460932170613,0.982800692923629
1688,"Sambar deer","SBR",1,"dist_str + ndvi_cv + elev + BB + DD",-0.0377331762377932,0.629780330868355,0.962969852391097
1689,"Sambar deer","SBR",1,"dist_str + ndvi_cv + elev + BB + DD",-0.0514332761454923,0.638372485203542,0.949867030803729
1690,"Sambar deer","SBR",1,"dist_str + ndvi_cv + elev + BB + DD",-0.0784866686187913,0.620179280542033,0.924514388407813
1691,"Sambar deer","SBR",1,"dist_str + ndvi_cv + elev + BB + DD",-0.123281661501919,0.602834054559233,0.884014634601981
1692,"Sambar deer","SBR",1,"dist_str + ndvi_cv + elev + BB + DD",-0.179524848291847,0.573692374695258,0.835667186268357
1693,"Sambar deer","SBR",1,"dist_str + ndvi_cv + elev + BB + DD",-0.249166477100536,0.524626253570454,0.779450209443223
1694,"Sambar deer","SBR",1,"dist_str + ndvi_cv + elev + BB + DD",-0.211225919424409,0.578064729869221,0.80959114609771
1695,"Sambar deer","SBR",1,"dist_str + ndvi_cv + elev + BB + DD",-0.196955402421261,0.618096422638342,0.821227257764911
1696,"Sambar deer","SBR",1,"dist_str + ndvi_cv + elev + BB + DD",-0.201214027087932,0.617718674480627,0.817737395442047
1697,"Sambar deer","SBR",1,"dist_str + ndvi_cv + elev + BB + DD",-0.196572728459687,0.619243123710702,0.821541579671502
1698,"Sambar deer","SBR",1,"dist_str + ndvi_cv + elev + BB + DD",-0.241766688417473,0.563867686396445,0.785239361628051
1699,"Sambar deer","SBR",1,"dist_str + ndvi_cv + elev + BB + DD",-0.170218970503355,0.578977971388867,0.84348009913933
1700,"Sambar deer","SBR",1,"dist_str + ndvi_cv + elev + BB + DD",-0.138192088940612,0.604687861030568,0.870931390816502
1701,"Sambar deer","SBR",1,"dist_str + ndvi_cv + elev + BB + DD",-0.0821935489840303,0.618399712951622,0.921093666595574
1702,"Sambar deer","SBR",1,"dist_str + ndvi_cv + elev + BB + DD",-0.0572454393894624,0.648723069240245,0.94436225762901
1703,"Sambar deer","SBR",1,"dist_str + ndvi_cv + elev + BB + DD",-0.0264451846822999,0.628496945120366,0.973901427302113
1704,"Sambar deer","SBR",1,"dist_str + ndvi_cv + elev + BB + DD",-0.0054486114835903,0.596981822104473,0.99456621196776
1705,"Sambar deer","SBR",1,"dist_str + ndvi_cv + elev + BB + DD",0.00379546738171539,0.609923809717455,1.00380267932429
1706,"Sambar deer","SBR",1,"dist_str + ndvi_cv + elev + BB + DD",-0.00199202067497904,0.640007456684268,0.998009962253545
1707,"Sambar deer","SBR",1,"dist_str + ndvi_cv + elev + BB + DD",-0.0326563806901948,0.661277273080425,0.967871082222781
1708,"Sambar deer","SBR",1,"dist_str + ndvi_cv + elev + BB + DD",0.0179470761533679,0.684367978815796,1.01810909692687
1709,"Sambar deer","SBR",1,"dist_str + ndvi_cv + elev + BB + DD",-0.0144452054668133,0.686214805969112,0.985658645703809
1710,"Sambar deer","SBR",1,"dist_str + ndvi_cv + elev + BB + DD",-0.0351374303667703,0.686891781070521,0.965472726122919
1711,"Sambar deer","SBR",1,"dist_str + ndvi_cv + elev + BB + DD",-0.0668545187478859,0.689477656623112,0.93533126770507
1712,"Sambar deer","SBR",1,"dist_str + ndvi_cv + elev + BB + DD",-0.0872833511007113,0.696782140217126,0.916417395802236
1713,"Sambar deer","SBR",1,"dist_str + ndvi_cv + elev + BB + DD",-0.108631645475432,0.681085881630464,0.897060793069524
1714,"Sambar deer","SBR",1,"dist_str + ndvi_cv + elev + BB + DD",-0.105389231559614,0.702851634385874,0.899974156154288
1715,"Sambar deer","SBR",1,"dist_str + ndvi_cv + elev + BB + DD",-0.119110474864756,0.700888229289806,0.887709730754309
1716,"Sambar deer","SBR",1,"dist_str + ndvi_cv + elev + BB + DD",-0.121868532314787,0.707545170420899,0.885264771461028
1717,"Sambar deer","SBR",1,"dist_str + ndvi_cv + elev + BB + DD",-0.138061256973082,0.729880459357565,0.871045333763529
1718,"Sambar deer","SBR",1,"dist_str + ndvi_cv + elev + BB + DD",-0.169683820633886,0.766821095410046,0.84393160817904
1719,"Sambar deer","SBR",1,"dist_str + ndvi_cv + elev + BB + DD",-0.154464848544908,0.871296495856396,0.856873615491401
1720,"Sambar deer","SBR",1,"dist_str + ndvi_cv + elev + BB + DD",-0.020169477726725,0.810715417708172,0.980032565896115
1721,"Sambar deer","SBR",1,"dist_str + ndvi_cv + elev + BB + DD",-0.0343561571845848,0.738163779639116,0.96622732300801
1722,"Sambar deer","SBR",1,"dist_str + ndvi_cv + elev + BB + DD",-0.0175911322379901,0.691964347195243,0.982562689192867
1723,"Sambar deer","SBR",1,"dist_str + ndvi_cv + elev + BB + DD",0.0135845278109225,0.684320899860841,1.01367721771859
1724,"Sambar deer","SBR",1,"dist_str + ndvi_cv + elev + BB + DD",0.00315707611926439,0.669989168585186,1.0031620687151
1725,"Sambar deer","SBR",1,"dist_str + ndvi_cv + elev + BB + DD",-0.0214738943151458,0.656628660871895,0.978755028507791
1726,"Sambar deer","SBR",1,"dist_str + ndvi_cv + elev + BB + DD",-0.00734294426075021,0.630502623144055,0.992683954759672
1727,"Sambar deer","SBR",1,"dist_str + ndvi_cv + elev + BB + DD",-0.00156889393620877,0.634459830667333,0.998432336135499
1728,"Sambar deer","SBR",1,"dist_str + ndvi_cv + elev + BB + DD",-0.0622772769825526,0.61699872430477,0.939622316365758
1729,"Sambar deer","SBR",1,"dist_str + ndvi_cv + elev + BB + DD",-0.121080726850404,0.601126972039275,0.885962441177227
1730,"Sambar deer","SBR",1,"dist_str + ndvi_cv + elev + BB + DD",-0.178931977343974,0.566097462208004,0.836162785494051
1731,"Sambar deer","SBR",1,"dist_str + ndvi_cv + elev + BB + DD",-0.409146011311903,0.367765943584377,0.664217242099115
1732,"Sambar deer","SBR",1,"dist_str + ndvi_cv + elev + BB + DD",-0.196686835880763,0.570285382231798,0.821447848448617
1733,"Sambar deer","SBR",1,"dist_str + ndvi_cv + elev + BB + DD",-0.153887183783636,0.612909844943017,0.857368740720897
1734,"Sambar deer","SBR",1,"dist_str + ndvi_cv + elev + BB + DD",-0.131044148802751,0.619054951017086,0.877179047136807
1735,"Sambar deer","SBR",1,"dist_str + ndvi_cv + elev + BB + DD",-0.110921280428519,0.599221760181021,0.895009200966219
1736,"Sambar deer","SBR",1,"dist_str + ndvi_cv + elev + BB + DD",-0.205730366120338,0.522502791542659,0.814052545846412
1737,"Sambar deer","SBR",1,"dist_str + ndvi_cv + elev + BB + DD",-0.132445038039897,0.577676656472235,0.875951076783237
1738,"Sambar deer","SBR",1,"dist_str + ndvi_cv + elev + BB + DD",-0.0335657442239903,0.615905120667924,0.966991338757897
1739,"Sambar deer","SBR",1,"dist_str + ndvi_cv + elev + BB + DD",0.0129338027101981,0.641836414382409,1.01301780611873
1740,"Sambar deer","SBR",1,"dist_str + ndvi_cv + elev + BB + DD",0.026573228226697,0.645068156711222,1.02692944509216
1741,"Sambar deer","SBR",1,"dist_str + ndvi_cv + elev + BB + DD",0.0461379947480274,0.623629688282548,1.04721891797123
1742,"Sambar deer","SBR",1,"dist_str + ndvi_cv + elev + BB + DD",0.104487704579799,0.574712604264255,1.11014174418046
1743,"Sambar deer","SBR",1,"dist_str + ndvi_cv + elev + BB + DD",0.0991054416828353,0.625553922757976,1.1041827206386
1744,"Sambar deer","SBR",1,"dist_str + ndvi_cv + elev + BB + DD",0.0863782134622418,0.644044486067367,1.09021859413009
1745,"Sambar deer","SBR",1,"dist_str + ndvi_cv + elev + BB + DD",0.0573000405368638,0.670062702444725,1.05897350691059
1746,"Sambar deer","SBR",1,"dist_str + ndvi_cv + elev + BB + DD",0.0294058159459082,0.688090594806852,1.02984245456888
1747,"Sambar deer","SBR",1,"dist_str + ndvi_cv + elev + BB + DD",0.0151514070278365,0.678778227144518,1.01526677151095
1748,"Sambar deer","SBR",1,"dist_str + ndvi_cv + elev + BB + DD",-0.00576779795701755,0.700842020521555,0.994248804325881
1749,"Sambar deer","SBR",1,"dist_str + ndvi_cv + elev + BB + DD",-0.0494022692544694,0.694557169566718,0.951798173550486
1750,"Sambar deer","SBR",1,"dist_str + ndvi_cv + elev + BB + DD",-0.0483276274932093,0.691697130843495,0.952821570760181
1751,"Sambar deer","SBR",1,"dist_str + ndvi_cv + elev + BB + DD",-0.0604193707991245,0.703909011302198,0.941369673768434
1752,"Sambar deer","SBR",1,"dist_str + ndvi_cv + elev + BB + DD",-0.0865581879539304,0.689143228377193,0.917082184408246
1753,"Sambar deer","SBR",1,"dist_str + ndvi_cv + elev + BB + DD",-0.0968139418548382,0.707012044144633,0.907724882878872
1754,"Sambar deer","SBR",1,"dist_str + ndvi_cv + elev + BB + DD",-0.0820964334279781,0.696039071507754,0.92118312157804
1755,"Sambar deer","SBR",1,"dist_str + ndvi_cv + elev + BB + DD",-0.100136248028826,0.735243831158016,0.904714145187446
1756,"Sambar deer","SBR",1,"dist_str + ndvi_cv + elev + BB + DD",-0.114794365803415,0.775439961562852,0.891549463335472
1757,"Sambar deer","SBR",1,"dist_str + ndvi_cv + elev + BB + DD",-0.157277152142002,0.870117370786644,0.854467209111172
1758,"Sambar deer","SBR",1,"dist_str + ndvi_cv + elev + BB + DD",0.00766868640202273,0.950357857863524,1.00769816618465
1759,"Sambar deer","SBR",1,"dist_str + ndvi_cv + elev + BB + DD",0.0344098040304049,0.803230544964234,1.03500867424248
1760,"Sambar deer","SBR",1,"dist_str + ndvi_cv + elev + BB + DD",-0.000903472361196723,0.744391247904992,0.999096939024643
1761,"Sambar deer","SBR",1,"dist_str + ndvi_cv + elev + BB + DD",0.000419404515498016,0.688347861371465,1.00041949248897
1762,"Sambar deer","SBR",1,"dist_str + ndvi_cv + elev + BB + DD",0.0343381971382524,0.690676182963037,1.03493456277471
1763,"Sambar deer","SBR",1,"dist_str + ndvi_cv + elev + BB + DD",0.00430373522836925,0.691015987350411,1.00431301690878
1764,"Sambar deer","SBR",1,"dist_str + ndvi_cv + elev + BB + DD",0.0259162849669141,0.655059659912135,1.02625504098023
1765,"Sambar deer","SBR",1,"dist_str + ndvi_cv + elev + BB + DD",0.0038215036623432,0.656311300089608,1.0038288149291
1766,"Sambar deer","SBR",1,"dist_str + ndvi_cv + elev + BB + DD",0.00456767076692689,0.627203881298689,1.00457811853733
1767,"Sambar deer","SBR",1,"dist_str + ndvi_cv + elev + BB + DD",-0.016679108162086,0.619692408179721,0.983459218046613
1768,"Sambar deer","SBR",1,"dist_str + ndvi_cv + elev + BB + DD",-0.074117536595894,0.597453264218898,0.928562547452032
1769,"Sambar deer","SBR",1,"dist_str + ndvi_cv + elev + BB + DD",-0.128237663753009,0.565133935607907,0.879644297458394
1770,"Sambar deer","SBR",1,"dist_str + ndvi_cv + elev + BB + DD",-0.108827143696325,0.580684791014258,0.896885436815448
1771,"Sambar deer","SBR",1,"dist_str + ndvi_cv + elev + BB + DD",-0.107058434040199,0.594189357757668,0.89847317139654
1772,"Sambar deer","SBR",1,"dist_str + ndvi_cv + elev + BB + DD",-0.0630342512096748,0.604219681965242,0.938911318936699
1773,"Sambar deer","SBR",1,"dist_str + ndvi_cv + elev + BB + DD",-0.0394868002168084,0.621271943904178,0.961282643345585
1774,"Sambar deer","SBR",1,"dist_str + ndvi_cv + elev + BB + DD",-0.0485343554516764,0.604681703726477,0.952624611139649
1775,"Sambar deer","SBR",1,"dist_str + ndvi_cv + elev + BB + DD",-0.00572451116665431,0.607654733297668,0.994291847903472
1776,"Sambar deer","SBR",1,"dist_str + ndvi_cv + elev + BB + DD",0.021148755003359,0.622590017663433,1.02137397482902
1777,"Sambar deer","SBR",1,"dist_str + ndvi_cv + elev + BB + DD",0.0386706540603638,0.63062354822383,1.03942809631174
1778,"Sambar deer","SBR",1,"dist_str + ndvi_cv + elev + BB + DD",0.103524399345962,0.635191427845489,1.10907285963527
1779,"Sambar deer","SBR",1,"dist_str + ndvi_cv + elev + BB + DD",0.145169693409562,0.638788038767762,1.15623576724431
1780,"Sambar deer","SBR",1,"dist_str + ndvi_cv + elev + BB + DD",0.156706759716584,0.623360938201612,1.16965258697127
1781,"Sambar deer","SBR",1,"dist_str + ndvi_cv + elev + BB + DD",0.164892841571487,0.644396544039496,1.17926674373338
1782,"Sambar deer","SBR",1,"dist_str + ndvi_cv + elev + BB + DD",0.171896722063429,0.662823014099125,1.18755517866344
1783,"Sambar deer","SBR",1,"dist_str + ndvi_cv + elev + BB + DD",0.144881035467341,0.668312826985625,1.15590206092979
1784,"Sambar deer","SBR",1,"dist_str + ndvi_cv + elev + BB + DD",0.126384974167587,0.679105327367601,1.13471892367229
1785,"Sambar deer","SBR",1,"dist_str + ndvi_cv + elev + BB + DD",0.0682739007431721,0.669541218887908,1.07065852259594
1786,"Sambar deer","SBR",1,"dist_str + ndvi_cv + elev + BB + DD",0.0398109909471053,0.692989218417312,1.04061407081848
1787,"Sambar deer","SBR",1,"dist_str + ndvi_cv + elev + BB + DD",0.0114785791391476,0.710053694026443,1.01154471482892
1788,"Sambar deer","SBR",1,"dist_str + ndvi_cv + elev + BB + DD",0.0159456126307583,0.700336605962443,1.01607342320584
1789,"Sambar deer","SBR",1,"dist_str + ndvi_cv + elev + BB + DD",-0.0180386789915335,0.693697496957322,0.982123044100413
1790,"Sambar deer","SBR",1,"dist_str + ndvi_cv + elev + BB + DD",-0.0493772631162045,0.701133509597611,0.951821976689791
1791,"Sambar deer","SBR",1,"dist_str + ndvi_cv + elev + BB + DD",-0.0641722170539321,0.689950953909248,0.937843475568923
1792,"Sambar deer","SBR",1,"dist_str + ndvi_cv + elev + BB + DD",-0.0601639562775879,0.693439939401823,0.941610141657986
1793,"Sambar deer","SBR",1,"dist_str + ndvi_cv + elev + BB + DD",-0.0727690608861981,0.713057173648151,0.929815536278447
1794,"Sambar deer","SBR",1,"dist_str + ndvi_cv + elev + BB + DD",-0.0844247647949297,0.742470765355403,0.919040797079401
1795,"Sambar deer","SBR",1,"dist_str + ndvi_cv + elev + BB + DD",-0.11265632604602,0.773093319930218,0.893457685763945
1796,"Sambar deer","SBR",1,"dist_str + ndvi_cv + elev + BB + DD",-0.0977042448585396,0.857797242704127,0.906917093404454
1797,"Sambar deer","SBR",1,"dist_str + ndvi_cv + elev + BB + DD",0.0402085792082762,0.897847220096976,1.0410278951609
1798,"Sambar deer","SBR",1,"dist_str + ndvi_cv + elev + BB + DD",0.0349597012659784,0.767812339670532,1.03557801327773
1799,"Sambar deer","SBR",1,"dist_str + ndvi_cv + elev + BB + DD",0.0338651230697688,0.741594746374778,1.03444507457369
1800,"Sambar deer","SBR",1,"dist_str + ndvi_cv + elev + BB + DD",0.0247182924159876,0.706152336922589,1.02502632503882
1801,"Sambar deer","SBR",1,"dist_str + ndvi_cv + elev + BB + DD",0.0395461621548611,0.695661412070851,1.04033852208799
1802,"Sambar deer","SBR",1,"dist_str + ndvi_cv + elev + BB + DD",0.053501398654302,0.685946668430279,1.05495846738948
1803,"Sambar deer","SBR",1,"dist_str + ndvi_cv + elev + BB + DD",0.0571788851782273,0.661956267967715,1.0588452051696
1804,"Sambar deer","SBR",1,"dist_str + ndvi_cv + elev + BB + DD",0.0277881792283896,0.652694954483894,1.02817787489561
1805,"Sambar deer","SBR",1,"dist_str + ndvi_cv + elev + BB + DD",0.0310322718277841,0.636418770535943,1.03151879270457
1806,"Sambar deer","SBR",1,"dist_str + ndvi_cv + elev + BB + DD",0.0481272539363175,0.601477383060365,1.04930417518839
1807,"Sambar deer","SBR",1,"dist_str + ndvi_cv + elev + BB + DD",0.00315627225488586,0.600107052101994,1.0031612654538
1808,"Sambar deer","SBR",1,"dist_str + ndvi_cv + elev + BB + DD",-0.00303854923897433,0.596546683526575,0.996966069094282
1809,"Sambar deer","SBR",1,"dist_str + ndvi_cv + elev + BB + DD",0.00358179596306118,0.592843873730066,1.00358822111016
1810,"Sambar deer","SBR",1,"dist_str + ndvi_cv + elev + BB + DD",0.0217050416943804,0.6173950198042,1.02194231134549
1811,"Sambar deer","SBR",1,"dist_str + ndvi_cv + elev + BB + DD",0.0368694748768742,0.629381768328603,1.03755758541865
1812,"Sambar deer","SBR",1,"dist_str + ndvi_cv + elev + BB + DD",0.0794575731866234,0.641431948666715,1.08269962783592
1813,"Sambar deer","SBR",1,"dist_str + ndvi_cv + elev + BB + DD",0.040023840993677,0.625357436566554,1.04083559405357
1814,"Sambar deer","SBR",1,"dist_str + ndvi_cv + elev + BB + DD",0.0475909716903827,0.617528237808826,1.04874160284501
1815,"Sambar deer","SBR",1,"dist_str + ndvi_cv + elev + BB + DD",0.0871871986315936,0.625907017642187,1.09110091320056
1816,"Sambar deer","SBR",1,"dist_str + ndvi_cv + elev + BB + DD",0.173232953691981,0.640839815354768,1.18914308838484
1817,"Sambar deer","SBR",1,"dist_str + ndvi_cv + elev + BB + DD",0.20816980443221,0.628033883896624,1.23142227244636
1818,"Sambar deer","SBR",1,"dist_str + ndvi_cv + elev + BB + DD",0.237865674842743,0.631035137945829,1.26853878550768
1819,"Sambar deer","SBR",1,"dist_str + ndvi_cv + elev + BB + DD",0.246662577205688,0.638385850781206,1.27974722443158
1820,"Sambar deer","SBR",1,"dist_str + ndvi_cv + elev + BB + DD",0.239806172753585,0.636905924356193,1.27100277152363
1821,"Sambar deer","SBR",1,"dist_str + ndvi_cv + elev + BB + DD",0.2224001617652,0.675327650054591,1.24907110860199
1822,"Sambar deer","SBR",1,"dist_str + ndvi_cv + elev + BB + DD",0.17008528956361,0.679413070145913,1.18540595169643
1823,"Sambar deer","SBR",1,"dist_str + ndvi_cv + elev + BB + DD",0.138847379168128,0.695619267332771,1.148948733143
1824,"Sambar deer","SBR",1,"dist_str + ndvi_cv + elev + BB + DD",0.0945755985500416,0.684384006849666,1.09919225736115
1825,"Sambar deer","SBR",1,"dist_str + ndvi_cv + elev + BB + DD",0.0746956237766775,0.700052531367256,1.07755611856637
1826,"Sambar deer","SBR",1,"dist_str + ndvi_cv + elev + BB + DD",0.0241236604166421,0.703577124748386,1.02441699964086
1827,"Sambar deer","SBR",1,"dist_str + ndvi_cv + elev + BB + DD",0.0149867970194465,0.723789625693867,1.01509966249642
1828,"Sambar deer","SBR",1,"dist_str + ndvi_cv + elev + BB + DD",-0.0196082563022562,0.70024708988123,0.980582737079589
1829,"Sambar deer","SBR",1,"dist_str + ndvi_cv + elev + BB + DD",-0.0560567985755064,0.693575441503876,0.945485432178444
1830,"Sambar deer","SBR",1,"dist_str + ndvi_cv + elev + BB + DD",-0.0491064462151935,0.697173192736324,0.95207978372636
1831,"Sambar deer","SBR",1,"dist_str + ndvi_cv + elev + BB + DD",-0.0483114334610455,0.702642621481555,0.952836996526564
1832,"Sambar deer","SBR",1,"dist_str + ndvi_cv + elev + BB + DD",-0.0809373664672892,0.71603801779525,0.922251453673653
1833,"Sambar deer","SBR",1,"dist_str + ndvi_cv + elev + BB + DD",-0.0852062230158305,0.74619249769272,0.91832288556438
1834,"Sambar deer","SBR",1,"dist_str + ndvi_cv + elev + BB + DD",-0.0734665376861666,0.768031668511322,0.929167243011081
1835,"Sambar deer","SBR",1,"dist_str + ndvi_cv + elev + BB + DD",-0.060207873021372,0.855207332451392,0.941568787778148
1836,"Sambar deer","SBR",1,"dist_str + ndvi_cv + elev + BB + DD",-0.0588199131260299,0.953928948895739,0.942876563499676
1837,"Sambar deer","SBR",1,"dist_str + ndvi_cv + elev + BB + DD",0.0633518603006046,0.885886416545731,1.06540164585576
1838,"Sambar deer","SBR",1,"dist_str + ndvi_cv + elev + BB + DD",0.056463898555388,0.789554560785676,1.05808842530023
1839,"Sambar deer","SBR",1,"dist_str + ndvi_cv + elev + BB + DD",0.0746469642235276,0.753205710405061,1.07750369415595
1840,"Sambar deer","SBR",1,"dist_str + ndvi_cv + elev + BB + DD",0.0652890366629178,0.728771807822435,1.06746751704813
1841,"Sambar deer","SBR",1,"dist_str + ndvi_cv + elev + BB + DD",0.0596621388557935,0.69114000946005,1.06147785444139
1842,"Sambar deer","SBR",1,"dist_str + ndvi_cv + elev + BB + DD",0.0826049848646389,0.6769460585085,1.08611269467753
1843,"Sambar deer","SBR",1,"dist_str + ndvi_cv + elev + BB + DD",0.0925523742259585,0.656718793502431,1.09697059427727
1844,"Sambar deer","SBR",1,"dist_str + ndvi_cv + elev + BB + DD",0.0912527876573941,0.64664075939826,1.09554591076798
1845,"Sambar deer","SBR",1,"dist_str + ndvi_cv + elev + BB + DD",0.0918087338152507,0.630568834089133,1.09615514491167
1846,"Sambar deer","SBR",1,"dist_str + ndvi_cv + elev + BB + DD",0.085091621520045,0.620037059355243,1.08881682756565
1847,"Sambar deer","SBR",1,"dist_str + ndvi_cv + elev + BB + DD",0.103636481963037,0.598502814758784,1.10919717014177
1848,"Sambar deer","SBR",1,"dist_str + ndvi_cv + elev + BB + DD",0.0983014359515872,0.588263669110892,1.10329530800707
1849,"Sambar deer","SBR",1,"dist_str + ndvi_cv + elev + BB + DD",0.109266320393571,0.593665991102741,1.11545938106289
1850,"Sambar deer","SBR",1,"dist_str + ndvi_cv + elev + BB + DD",0.113101060470936,0.614067501644426,1.11974510288796
1851,"Sambar deer","SBR",1,"dist_str + ndvi_cv + elev + BB + DD",0.092381221202482,0.628404895273773,1.09678286107874
1852,"Sambar deer","SBR",1,"dist_str + ndvi_cv + elev + BB + DD",0.12344017970632,0.624149230500905,1.13138232344852
1853,"Sambar deer","SBR",1,"dist_str + ndvi_cv + elev + BB + DD",0.165951919854976,0.629254845327488,1.18051634819234
1854,"Sambar deer","SBR",1,"dist_str + ndvi_cv + elev + BB + DD",0.183601591670903,0.623683700052845,1.20153702544669
1855,"Sambar deer","SBR",1,"dist_str + ndvi_cv + elev + BB + DD",0.232915013584937,0.622490888958421,1.26227419977334
1856,"Sambar deer","SBR",1,"dist_str + ndvi_cv + elev + BB + DD",0.281355225538114,0.60551962500274,1.32492416726232
1857,"Sambar deer","SBR",1,"dist_str + ndvi_cv + elev + BB + DD",0.315985801801294,0.615190096173681,1.37161078109387
1858,"Sambar deer","SBR",1,"dist_str + ndvi_cv + elev + BB + DD",0.339947925499377,0.636743576503508,1.40487445701981
1859,"Sambar deer","SBR",1,"dist_str + ndvi_cv + elev + BB + DD",0.362264772908522,0.631233197071942,1.4365792603751
1860,"Sambar deer","SBR",1,"dist_str + ndvi_cv + elev + BB + DD",0.351800453474879,0.65614640538321,1.42162481528078
1861,"Sambar deer","SBR",1,"dist_str + ndvi_cv + elev + BB + DD",0.32974729335329,0.652442511932919,1.39061666712949
1862,"Sambar deer","SBR",1,"dist_str + ndvi_cv + elev + BB + DD",0.28134789449089,0.689969511534237,1.32491445470636
1863,"Sambar deer","SBR",1,"dist_str + ndvi_cv + elev + BB + DD",0.208765328834341,0.681436309340191,1.23215585966523
1864,"Sambar deer","SBR",1,"dist_str + ndvi_cv + elev + BB + DD",0.14523015929982,0.702747131835365,1.15630567477844
1865,"Sambar deer","SBR",1,"dist_str + ndvi_cv + elev + BB + DD",0.0889651384751147,0.696665185705498,1.09304255063885
1866,"Sambar deer","SBR",1,"dist_str + ndvi_cv + elev + BB + DD",0.0436078065159122,0.71036995511901,1.04457259997543
1867,"Sambar deer","SBR",1,"dist_str + ndvi_cv + elev + BB + DD",0.0275002593762279,0.711446076487919,1.02788188212267
1868,"Sambar deer","SBR",1,"dist_str + ndvi_cv + elev + BB + DD",-7.45124126906678e-05,0.698124240118753,0.999925490817459
1869,"Sambar deer","SBR",1,"dist_str + ndvi_cv + elev + BB + DD",-0.0152955890712599,0.714237784812714,0.984820794312446
1870,"Sambar deer","SBR",1,"dist_str + ndvi_cv + elev + BB + DD",-0.0571994803577592,0.699748790201694,0.944405673049985
1871,"Sambar deer","SBR",1,"dist_str + ndvi_cv + elev + BB + DD",-0.0946473854357274,0.730603804896359,0.909693649165479
1872,"Sambar deer","SBR",1,"dist_str + ndvi_cv + elev + BB + DD",-0.096007487033679,0.741172570297668,0.908457214445668
1873,"Sambar deer","SBR",1,"dist_str + ndvi_cv + elev + BB + DD",-0.0838446090930319,0.771036477016261,0.919574140319749
1874,"Sambar deer","SBR",1,"dist_str + ndvi_cv + elev + BB + DD",-0.0518404847271021,0.822161056829114,0.949480314927686
1875,"Sambar deer","SBR",1,"dist_str + ndvi_cv + elev + BB + DD",-0.026165917285727,0.898901027225426,0.974173443985856
1876,"Sambar deer","SBR",1,"dist_str + ndvi_cv + elev + BB + DD",-0.00341235319958306,0.983588513703875,0.996593462326042
1877,"Sambar deer","SBR",1,"dist_str + ndvi_cv + elev + BB + DD",-0.0546236402350752,1.13659456994375,0.946841434161193
1878,"Sambar deer","SBR",1,"dist_str + ndvi_cv + elev + BB + DD",0.108012731841473,0.969023035947626,1.11406193081474
1879,"Sambar deer","SBR",1,"dist_str + ndvi_cv + elev + BB + DD",0.089502293486818,0.831561129048103,1.09362986290642
1880,"Sambar deer","SBR",1,"dist_str + ndvi_cv + elev + BB + DD",0.102120760677067,0.782070420426397,1.10751720937842
1881,"Sambar deer","SBR",1,"dist_str + ndvi_cv + elev + BB + DD",0.116716410370641,0.726095201058842,1.12380068653589
1882,"Sambar deer","SBR",1,"dist_str + ndvi_cv + elev + BB + DD",0.0799618804047695,0.718255721797263,1.08324577487961
1883,"Sambar deer","SBR",1,"dist_str + ndvi_cv + elev + BB + DD",0.0679961911392906,0.688237457789688,1.07036123236655
1884,"Sambar deer","SBR",1,"dist_str + ndvi_cv + elev + BB + DD",0.0831838514443905,0.677394088250826,1.08674158972339
1885,"Sambar deer","SBR",1,"dist_str + ndvi_cv + elev + BB + DD",0.0801809838829659,0.652244659492743,1.08348314314848
1886,"Sambar deer","SBR",1,"dist_str + ndvi_cv + elev + BB + DD",0.105022532813339,0.63122668089929,1.11073566290141
1887,"Sambar deer","SBR",1,"dist_str + ndvi_cv + elev + BB + DD",0.13648842313087,0.629298755719236,1.14624160789406
1888,"Sambar deer","SBR",1,"dist_str + ndvi_cv + elev + BB + DD",0.193751330098696,0.596726864513452,1.21379441200713
1889,"Sambar deer","SBR",1,"dist_str + ndvi_cv + elev + BB + DD",0.211908697728446,0.591692014196906,1.23603502738444
1890,"Sambar deer","SBR",1,"dist_str + ndvi_cv + elev + BB + DD",0.223135320803828,0.577910913666128,1.24998971704512
1891,"Sambar deer","SBR",1,"dist_str + ndvi_cv + elev + BB + DD",0.21122727249013,0.59041976695434,1.23519305490971
1892,"Sambar deer","SBR",1,"dist_str + ndvi_cv + elev + BB + DD",0.161459141859264,0.605804763764411,1.17522444028256
1893,"Sambar deer","SBR",1,"dist_str + ndvi_cv + elev + BB + DD",0.19267766036899,0.618207076411634,1.21249190270351
1894,"Sambar deer","SBR",1,"dist_str + ndvi_cv + elev + BB + DD",0.213402029028763,0.627065106862568,1.23788221644253
1895,"Sambar deer","SBR",1,"dist_str + ndvi_cv + elev + BB + DD",0.28927307438781,0.604612993530166,1.33545635851838
1896,"Sambar deer","SBR",1,"dist_str + ndvi_cv + elev + BB + DD",0.344742165952293,0.605499401430243,1.41162590884408
1897,"Sambar deer","SBR",1,"dist_str + ndvi_cv + elev + BB + DD",0.40359393195194,0.620953732849976,1.49719586010513
1898,"Sambar deer","SBR",1,"dist_str + ndvi_cv + elev + BB + DD",0.42392083796287,0.613016411974264,1.5279406862115
1899,"Sambar deer","SBR",1,"dist_str + ndvi_cv + elev + BB + DD",0.429152820449869,0.621739315886845,1.53595574514359
1900,"Sambar deer","SBR",1,"dist_str + ndvi_cv + elev + BB + DD",0.47572743331584,0.620271880007061,1.60918434615162
1901,"Sambar deer","SBR",1,"dist_str + ndvi_cv + elev + BB + DD",0.5162473514224,0.632177506736197,1.67572742007722
1902,"Sambar deer","SBR",1,"dist_str + ndvi_cv + elev + BB + DD",0.469093617442158,0.652685841934088,1.598544643825
1903,"Sambar deer","SBR",1,"dist_str + ndvi_cv + elev + BB + DD",0.345723768869417,0.658168403077231,1.41301224393476
1904,"Sambar deer","SBR",1,"dist_str + ndvi_cv + elev + BB + DD",0.290884999546336,0.668422497356296,1.33761075240135
1905,"Sambar deer","SBR",1,"dist_str + ndvi_cv + elev + BB + DD",0.196412403103678,0.682986904451639,1.21702870916917
1906,"Sambar deer","SBR",1,"dist_str + ndvi_cv + elev + BB + DD",0.0847493614079136,0.681241082580347,1.08844422846424
1907,"Sambar deer","SBR",1,"dist_str + ndvi_cv + elev + BB + DD",0.0273101456881093,0.695057418237816,1.02768648618539
1908,"Sambar deer","SBR",1,"dist_str + ndvi_cv + elev + BB + DD",0.0377359783305113,0.705452910326421,1.03845702565979
1909,"Sambar deer","SBR",1,"dist_str + ndvi_cv + elev + BB + DD",0.0186011158191948,0.703944838296893,1.01877520123299
1910,"Sambar deer","SBR",1,"dist_str + ndvi_cv + elev + BB + DD",-0.0122286809151221,0.717094169338706,0.987845788601913
1911,"Sambar deer","SBR",1,"dist_str + ndvi_cv + elev + BB + DD",-0.0344960946259778,0.723496752510336,0.966092115602633
1912,"Sambar deer","SBR",1,"dist_str + ndvi_cv + elev + BB + DD",-0.0739303527896885,0.73549505445275,0.928736401714543
1913,"Sambar deer","SBR",1,"dist_str + ndvi_cv + elev + BB + DD",-0.11435174777772,0.762706759086025,0.891944161321478
1914,"Sambar deer","SBR",1,"dist_str + ndvi_cv + elev + BB + DD",-0.109845267297811,0.823307603690066,0.89597276373997
1915,"Sambar deer","SBR",1,"dist_str + ndvi_cv + elev + BB + DD",-0.0118643817842406,1.03060248915137,0.98820572353278
1916,"Sambar deer","SBR",1,"dist_str + ndvi_cv + elev + BB + DD",-0.0174128646287406,1.07919610248742,0.982737864068409
1917,"Sambar deer","SBR",1,"dist_str + ndvi_cv + elev + BB + DD",0.111901579966213,0.859854484710618,1.11840278227884
1918,"Sambar deer","SBR",1,"dist_str + ndvi_cv + elev + BB + DD",0.110478833694445,0.772026234131593,1.11681271010462
1919,"Sambar deer","SBR",1,"dist_str + ndvi_cv + elev + BB + DD",0.103161459118671,0.741890700184694,1.10867039986621
1920,"Sambar deer","SBR",1,"dist_str + ndvi_cv + elev + BB + DD",0.115996416512515,0.710720643931872,1.12299184802744
1921,"Sambar deer","SBR",1,"dist_str + ndvi_cv + elev + BB + DD",0.0661070591206448,0.692579153353639,1.06834108694231
1922,"Sambar deer","SBR",1,"dist_str + ndvi_cv + elev + BB + DD",0.0747433989804188,0.677552761180109,1.07760760103929
1923,"Sambar deer","SBR",1,"dist_str + ndvi_cv + elev + BB + DD",0.0926654872885116,0.658722823080271,1.09709468967245
1924,"Sambar deer","SBR",1,"dist_str + ndvi_cv + elev + BB + DD",0.111537988879089,0.637228481237753,1.1179962215117
1925,"Sambar deer","SBR",1,"dist_str + ndvi_cv + elev + BB + DD",0.15580329187078,0.606173833275116,1.16859631439817
1926,"Sambar deer","SBR",1,"dist_str + ndvi_cv + elev + BB + DD",0.201758494329529,0.597326307381762,1.22355248371316
1927,"Sambar deer","SBR",1,"dist_str + ndvi_cv + elev + BB + DD",0.294543145944926,0.558162665829351,1.34251288634101
1928,"Sambar deer","SBR",1,"dist_str + ndvi_cv + elev + BB + DD",0.40507275365558,0.508191355727597,1.49941158402295
1929,"Sambar deer","SBR",1,"dist_str + ndvi_cv + elev + BB + DD",0.253281867098709,0.576626202901589,1.2882463403797
1930,"Sambar deer","SBR",1,"dist_str + ndvi_cv + elev + BB + DD",0.211116696114965,0.588220704251579,1.23505647546263
1931,"Sambar deer","SBR",1,"dist_str + ndvi_cv + elev + BB + DD",0.224159918854076,0.610683309353699,1.25127111406531
1932,"Sambar deer","SBR",1,"dist_str + ndvi_cv + elev + BB + DD",0.276391683559708,0.610831504109504,1.31836414519169
1933,"Sambar deer","SBR",1,"dist_str + ndvi_cv + elev + BB + DD",0.411192524007886,0.603380260404255,1.50861577717647
1934,"Sambar deer","SBR",1,"dist_str + ndvi_cv + elev + BB + DD",0.632664291491214,0.564765330635775,1.88261975142289
1935,"Sambar deer","SBR",1,"dist_str + ndvi_cv + elev + BB + DD",0.470086522370626,0.598935547514416,1.60013263634254
1936,"Sambar deer","SBR",1,"dist_str + ndvi_cv + elev + BB + DD",0.456241535196759,0.607831606317814,1.57813148563673
1937,"Sambar deer","SBR",1,"dist_str + ndvi_cv + elev + BB + DD",0.502985513596501,0.59821326143142,1.65365098683661
1938,"Sambar deer","SBR",1,"dist_str + ndvi_cv + elev + BB + DD",0.595313787551523,0.592474887480475,1.81359994077051
1939,"Sambar deer","SBR",1,"dist_str + ndvi_cv + elev + BB + DD",0.828992432188136,0.564941212308863,2.29100923956663
1940,"Sambar deer","SBR",1,"dist_str + ndvi_cv + elev + BB + DD",0.604630068791541,0.609328810922375,1.83057496861975
1941,"Sambar deer","SBR",1,"dist_str + ndvi_cv + elev + BB + DD",0.458402082276038,0.650401340005929,1.58154480262106
1942,"Sambar deer","SBR",1,"dist_str + ndvi_cv + elev + BB + DD",0.302936152650621,0.66600709415237,1.35382802431776
1943,"Sambar deer","SBR",1,"dist_str + ndvi_cv + elev + BB + DD",0.186757379752617,0.661551695556498,1.2053348146719
1944,"Sambar deer","SBR",1,"dist_str + ndvi_cv + elev + BB + DD",0.104019577636609,0.676490998411684,1.10962218178566
1945,"Sambar deer","SBR",1,"dist_str + ndvi_cv + elev + BB + DD",0.0482466197794938,0.690957415715169,1.04942943752451
1946,"Sambar deer","SBR",1,"dist_str + ndvi_cv + elev + BB + DD",0.0232882333464785,0.709117926183349,1.02356152453306
1947,"Sambar deer","SBR",1,"dist_str + ndvi_cv + elev + BB + DD",-7.14987467377729e-05,0.70188612124276,0.999928508293319
1948,"Sambar deer","SBR",1,"dist_str + ndvi_cv + elev + BB + DD",-0.00882724816826357,0.722781649564307,0.991211629704114
1949,"Sambar deer","SBR",1,"dist_str + ndvi_cv + elev + BB + DD",-0.0402460833722745,0.732663496964573,0.960553034108416
1950,"Sambar deer","SBR",1,"dist_str + ndvi_cv + elev + BB + DD",-0.0715332927722746,0.760935372910227,0.930965283374327
1951,"Sambar deer","SBR",1,"dist_str + ndvi_cv + elev + BB + DD",-0.0828393619627454,0.777321266667493,0.920499004188968
1952,"Sambar deer","SBR",1,"dist_str + ndvi_cv + elev + BB + DD",-0.106093445244242,0.885172530447222,0.899340636507576
1953,"Sambar deer","SBR",1,"dist_str + ndvi_cv + elev + BB + DD",0.11352375381828,0.936832346040694,1.12021849837849
1954,"Sambar deer","SBR",1,"dist_str + ndvi_cv + elev + BB + DD",0.11797620470919,0.788740444478771,1.12521733629229
1955,"Sambar deer","SBR",1,"dist_str + ndvi_cv + elev + BB + DD",0.104979620214819,0.709676919945086,1.1106879907028
1956,"Sambar deer","SBR",1,"dist_str + ndvi_cv + elev + BB + DD",0.0742178017163758,0.683179739762172,1.07704136256597
1957,"Sambar deer","SBR",1,"dist_str + ndvi_cv + elev + BB + DD",0.100135379098548,0.672728422590833,1.10532054525812
1958,"Sambar deer","SBR",1,"dist_str + ndvi_cv + elev + BB + DD",0.104344465522001,0.665336393632071,1.10998274352959
1959,"Sambar deer","SBR",1,"dist_str + ndvi_cv + elev + BB + DD",0.116646055913225,0.63719700033922,1.12372162471128
1960,"Sambar deer","SBR",1,"dist_str + ndvi_cv + elev + BB + DD",0.146614754624424,0.623007885462606,1.15790780077705
1961,"Sambar deer","SBR",1,"dist_str + ndvi_cv + elev + BB + DD",0.136982029104966,0.617710169550436,1.14680754309534
1962,"Sambar deer","SBR",1,"dist_str + ndvi_cv + elev + BB + DD",0.19499115743985,0.588612209414802,1.21530024008939
1963,"Sambar deer","SBR",1,"dist_str + ndvi_cv + elev + BB + DD",0.34553860484136,0.554965370889144,1.41275062911687
1964,"Sambar deer","SBR",1,"dist_str + ndvi_cv + elev + BB + DD",0.412168198142741,0.510953497146588,1.51008841324772
1965,"Sambar deer","SBR",1,"dist_str + ndvi_cv + elev + BB + DD",0.273999080603985,0.564316074325092,1.31521359338009
1966,"Sambar deer","SBR",1,"dist_str + ndvi_cv + elev + BB + DD",0.21599571683161,0.59227214327666,1.24109706319098
1967,"Sambar deer","SBR",1,"dist_str + ndvi_cv + elev + BB + DD",0.206211302469631,0.609784434930696,1.22901287557658
1968,"Sambar deer","SBR",1,"dist_str + ndvi_cv + elev + BB + DD",0.278022855785533,0.602470916966714,1.32051640662054
1969,"Sambar deer","SBR",1,"dist_str + ndvi_cv + elev + BB + DD",0.450132243685751,0.596368605426982,1.56851961491234
1970,"Sambar deer","SBR",1,"dist_str + ndvi_cv + elev + BB + DD",0.567855281316048,0.581777304784847,1.76447868402825
1971,"Sambar deer","SBR",1,"dist_str + ndvi_cv + elev + BB + DD",0.474979053274359,0.606523221256953,1.60798051520634
1972,"Sambar deer","SBR",1,"dist_str + ndvi_cv + elev + BB + DD",0.453504419627439,0.604868941643876,1.57381785211902
1973,"Sambar deer","SBR",1,"dist_str + ndvi_cv + elev + BB + DD",0.528551933440968,0.590898474924612,1.69647392242912
1974,"Sambar deer","SBR",1,"dist_str + ndvi_cv + elev + BB + DD",0.599578425563951,0.587471314129669,1.82135080358718
1975,"Sambar deer","SBR",1,"dist_str + ndvi_cv + elev + BB + DD",0.919955020853452,0.540346885895214,2.50917756196877
1976,"Sambar deer","SBR",1,"dist_str + ndvi_cv + elev + BB + DD",0.664835781661907,0.604109346955656,1.94417122658058
1977,"Sambar deer","SBR",1,"dist_str + ndvi_cv + elev + BB + DD",0.452125742587485,0.639622786800494,1.5716495596364
1978,"Sambar deer","SBR",1,"dist_str + ndvi_cv + elev + BB + DD",0.308259795399277,0.649158358163276,1.36105453873
1979,"Sambar deer","SBR",1,"dist_str + ndvi_cv + elev + BB + DD",0.187243215725792,0.656258344187622,1.20592054856259
1980,"Sambar deer","SBR",1,"dist_str + ndvi_cv + elev + BB + DD",0.101630114899043,0.655548058773815,1.10697395158961
1981,"Sambar deer","SBR",1,"dist_str + ndvi_cv + elev + BB + DD",0.0565346088102908,0.67156578003395,1.0581632438275
1982,"Sambar deer","SBR",1,"dist_str + ndvi_cv + elev + BB + DD",0.010041002613645,0.704849504945799,1.01009158281995
1983,"Sambar deer","SBR",1,"dist_str + ndvi_cv + elev + BB + DD",-0.0204528253481405,0.71299138075946,0.979754915266768
1984,"Sambar deer","SBR",1,"dist_str + ndvi_cv + elev + BB + DD",-0.0400279712530492,0.728867588621564,0.960762565113354
1985,"Sambar deer","SBR",1,"dist_str + ndvi_cv + elev + BB + DD",-0.0475207809528526,0.741048612789354,0.953590659279808
1986,"Sambar deer","SBR",1,"dist_str + ndvi_cv + elev + BB + DD",-0.0904035892688014,0.769677377390539,0.913562407072055
1987,"Sambar deer","SBR",1,"dist_str + ndvi_cv + elev + BB + DD",-0.110679113416412,0.792258024574603,0.89522596890258
1988,"Sambar deer","SBR",1,"dist_str + ndvi_cv + elev + BB + DD",-0.132833196746578,0.872493087027925,0.875611135075843
1989,"Sambar deer","SBR",1,"dist_str + ndvi_cv + elev + BB + DD",0.105197038662694,0.807287889151233,1.11092949396045
1990,"Sambar deer","SBR",1,"dist_str + ndvi_cv + elev + BB + DD",0.0617364825501076,0.721051342940644,1.0636820091488
1991,"Sambar deer","SBR",1,"dist_str + ndvi_cv + elev + BB + DD",0.083960135700426,0.696020346553367,1.08758553711311
1992,"Sambar deer","SBR",1,"dist_str + ndvi_cv + elev + BB + DD",0.116901811297333,0.66694225607247,1.12400906211364
1993,"Sambar deer","SBR",1,"dist_str + ndvi_cv + elev + BB + DD",0.0875585724778978,0.660936305274635,1.09150619502022
1994,"Sambar deer","SBR",1,"dist_str + ndvi_cv + elev + BB + DD",0.113135199707722,0.645176199469734,1.11978331718225
1995,"Sambar deer","SBR",1,"dist_str + ndvi_cv + elev + BB + DD",0.0940363985683717,0.614074455175862,1.09859973771919
1996,"Sambar deer","SBR",1,"dist_str + ndvi_cv + elev + BB + DD",0.112181055302124,0.61153792579693,1.11871540029091
1997,"Sambar deer","SBR",1,"dist_str + ndvi_cv + elev + BB + DD",0.158723441754558,0.594269111142904,1.17201377185812
1998,"Sambar deer","SBR",1,"dist_str + ndvi_cv + elev + BB + DD",0.198666922844118,0.581881179115871,1.2197756247373
1999,"Sambar deer","SBR",1,"dist_str + ndvi_cv + elev + BB + DD",0.223617349694285,0.587692020678441,1.25059238951575
2000,"Sambar deer","SBR",1,"dist_str + ndvi_cv + elev + BB + DD",0.185932109249031,0.583960169523379,1.20434049778113
2001,"Sambar deer","SBR",1,"dist_str + ndvi_cv + elev + BB + DD",0.167106105980632,0.6081086904226,1.18187966720477
2002,"Sambar deer","SBR",1,"dist_str + ndvi_cv + elev + BB + DD",0.176477064487902,0.614031611556328,1.19300708842002
2003,"Sambar deer","SBR",1,"dist_str + ndvi_cv + elev + BB + DD",0.239530465510721,0.596173430213479,1.27065240140439
2004,"Sambar deer","SBR",1,"dist_str + ndvi_cv + elev + BB + DD",0.329033422289628,0.602207459836998,1.38962432735197
2005,"Sambar deer","SBR",1,"dist_str + ndvi_cv + elev + BB + DD",0.359228315225928,0.602344750260018,1.4322237627833
2006,"Sambar deer","SBR",1,"dist_str + ndvi_cv + elev + BB + DD",0.406602790389084,0.614758262689563,1.50170749544864
2007,"Sambar deer","SBR",1,"dist_str + ndvi_cv + elev + BB + DD",0.398877257581123,0.60277780739913,1.49015070372265
2008,"Sambar deer","SBR",1,"dist_str + ndvi_cv + elev + BB + DD",0.448760606586194,0.607090460565206,1.56636963550885
2009,"Sambar deer","SBR",1,"dist_str + ndvi_cv + elev + BB + DD",0.52235857661154,0.584559403109936,1.68599952299746
2010,"Sambar deer","SBR",1,"dist_str + ndvi_cv + elev + BB + DD",0.554427078795088,0.584129054647313,1.74094327568617
2011,"Sambar deer","SBR",1,"dist_str + ndvi_cv + elev + BB + DD",0.521614594632462,0.605815520371741,1.68474564179262
2012,"Sambar deer","SBR",1,"dist_str + ndvi_cv + elev + BB + DD",0.414424610631325,0.628215710013997,1.51349964513546
2013,"Sambar deer","SBR",1,"dist_str + ndvi_cv + elev + BB + DD",0.273872532122129,0.632719701852445,1.3150471656794
2014,"Sambar deer","SBR",1,"dist_str + ndvi_cv + elev + BB + DD",0.151062407486242,0.643206961631517,1.16306924102669
2015,"Sambar deer","SBR",1,"dist_str + ndvi_cv + elev + BB + DD",0.0586215938893449,0.648622729295969,1.06037391321317
2016,"Sambar deer","SBR",1,"dist_str + ndvi_cv + elev + BB + DD",0.0137356419291335,0.672184645026134,1.01383040959242
2017,"Sambar deer","SBR",1,"dist_str + ndvi_cv + elev + BB + DD",-0.0194259273796804,0.69652788232417,0.980761545672037
2018,"Sambar deer","SBR",1,"dist_str + ndvi_cv + elev + BB + DD",-0.0779633062531198,0.696284478642774,0.92499837001591
2019,"Sambar deer","SBR",1,"dist_str + ndvi_cv + elev + BB + DD",-0.11030072286361,0.732422008592944,0.895564784336508
2020,"Sambar deer","SBR",1,"dist_str + ndvi_cv + elev + BB + DD",-0.105436120741024,0.748620470482144,0.899931972769933
2021,"Sambar deer","SBR",1,"dist_str + ndvi_cv + elev + BB + DD",-0.111668526690971,0.757389413295746,0.894340659331113
2022,"Sambar deer","SBR",1,"dist_str + ndvi_cv + elev + BB + DD",-0.116332345213133,0.801577978495772,0.890179343738341
2023,"Sambar deer","SBR",1,"dist_str + ndvi_cv + elev + BB + DD",-0.139116909815919,0.867973913447044,0.870126311147799
2024,"Sambar deer","SBR",1,"dist_str + ndvi_cv + elev + BB + DD",-0.166213994606616,1.01369121308107,0.846865038819812
2025,"Sambar deer","SBR",1,"dist_str + ndvi_cv + elev + BB + DD",0.102058939862059,0.812125849196156,1.10744875458792
2026,"Sambar deer","SBR",1,"dist_str + ndvi_cv + elev + BB + DD",0.0940593908603049,0.705859756240922,1.09862501286054
2027,"Sambar deer","SBR",1,"dist_str + ndvi_cv + elev + BB + DD",0.076242243923414,0.693213880157498,1.07922397801713
2028,"Sambar deer","SBR",1,"dist_str + ndvi_cv + elev + BB + DD",0.112187112285079,0.662595030009349,1.11872217831321
2029,"Sambar deer","SBR",1,"dist_str + ndvi_cv + elev + BB + DD",0.0913360442196136,0.665933096049938,1.09563712603046
2030,"Sambar deer","SBR",1,"dist_str + ndvi_cv + elev + BB + DD",0.0648396798807382,0.680627526618812,1.06698795110879
2031,"Sambar deer","SBR",1,"dist_str + ndvi_cv + elev + BB + DD",0.0863582904711748,0.640920271726417,1.09019686560336
2032,"Sambar deer","SBR",1,"dist_str + ndvi_cv + elev + BB + DD",0.0724983215902314,0.60707730441568,1.07519100220896
2033,"Sambar deer","SBR",1,"dist_str + ndvi_cv + elev + BB + DD",0.0847957927877997,0.607484114819034,1.08849477856104
2034,"Sambar deer","SBR",1,"dist_str + ndvi_cv + elev + BB + DD",0.0992828023047964,0.607544186345096,1.10437857643145
2035,"Sambar deer","SBR",1,"dist_str + ndvi_cv + elev + BB + DD",0.0769608309121608,0.60655631375096,1.07999977351877
2036,"Sambar deer","SBR",1,"dist_str + ndvi_cv + elev + BB + DD",0.0774525568402257,0.618229075052558,1.08053096799655
2037,"Sambar deer","SBR",1,"dist_str + ndvi_cv + elev + BB + DD",0.0905605893790522,0.628119648388793,1.09478784034217
2038,"Sambar deer","SBR",1,"dist_str + ndvi_cv + elev + BB + DD",0.122927153520753,0.625908626598024,1.13080205327236
2039,"Sambar deer","SBR",1,"dist_str + ndvi_cv + elev + BB + DD",0.149343321762558,0.621205445821151,1.16107154467243
2040,"Sambar deer","SBR",1,"dist_str + ndvi_cv + elev + BB + DD",0.192916202607213,0.606311149448172,1.21278116347083
2041,"Sambar deer","SBR",1,"dist_str + ndvi_cv + elev + BB + DD",0.245553050383951,0.613635892620673,1.27832809957272
2042,"Sambar deer","SBR",1,"dist_str + ndvi_cv + elev + BB + DD",0.290282755480649,0.597375516798561,1.33680542458027
2043,"Sambar deer","SBR",1,"dist_str + ndvi_cv + elev + BB + DD",0.30328547264002,0.607878533596996,1.35430104235533
2044,"Sambar deer","SBR",1,"dist_str + ndvi_cv + elev + BB + DD",0.357782530318552,0.606480771311311,1.43015457485998
2045,"Sambar deer","SBR",1,"dist_str + ndvi_cv + elev + BB + DD",0.413606486694852,0.58955858145792,1.51226193061705
2046,"Sambar deer","SBR",1,"dist_str + ndvi_cv + elev + BB + DD",0.437707236627581,0.595288752753108,1.54915130673988
2047,"Sambar deer","SBR",1,"dist_str + ndvi_cv + elev + BB + DD",0.402371430025281,0.602950380266003,1.49536667371369
2048,"Sambar deer","SBR",1,"dist_str + ndvi_cv + elev + BB + DD",0.339041184870292,0.615703654837981,1.40360115279235
2049,"Sambar deer","SBR",1,"dist_str + ndvi_cv + elev + BB + DD",0.213908898997211,0.626671211774889,1.23850983490871
2050,"Sambar deer","SBR",1,"dist_str + ndvi_cv + elev + BB + DD",0.115617520847718,0.621104254484328,1.12256643313998
2051,"Sambar deer","SBR",1,"dist_str + ndvi_cv + elev + BB + DD",0.0152630570771783,0.651344312707431,1.01538013246493
2052,"Sambar deer","SBR",1,"dist_str + ndvi_cv + elev + BB + DD",-0.0549416990334081,0.664736705117225,0.946540331289336
2053,"Sambar deer","SBR",1,"dist_str + ndvi_cv + elev + BB + DD",-0.0933858148727857,0.683436347315384,0.910842021965267
2054,"Sambar deer","SBR",1,"dist_str + ndvi_cv + elev + BB + DD",-0.0995001270018724,0.690516132281409,0.9052898491882
2055,"Sambar deer","SBR",1,"dist_str + ndvi_cv + elev + BB + DD",-0.129651894571984,0.705944819584486,0.878401153920291
2056,"Sambar deer","SBR",1,"dist_str + ndvi_cv + elev + BB + DD",-0.169454752965472,0.724644188311252,0.844124955199376
2057,"Sambar deer","SBR",1,"dist_str + ndvi_cv + elev + BB + DD",-0.126271172199174,0.761496262436791,0.881375831791262
2058,"Sambar deer","SBR",1,"dist_str + ndvi_cv + elev + BB + DD",-0.145856419625522,0.795557929090419,0.864281788889697
2059,"Sambar deer","SBR",1,"dist_str + ndvi_cv + elev + BB + DD",-0.150160763005726,0.858712194742254,0.860569617632951
2060,"Sambar deer","SBR",1,"dist_str + ndvi_cv + elev + BB + DD",-0.142116340805476,1.0023047053528,0.867520356381664
2061,"Sambar deer","SBR",1,"dist_str + ndvi_cv + elev + BB + DD",0.106288375031544,0.775765818515224,1.11214256267533
2062,"Sambar deer","SBR",1,"dist_str + ndvi_cv + elev + BB + DD",0.107120056252375,0.708592237964845,1.11306787767508
2063,"Sambar deer","SBR",1,"dist_str + ndvi_cv + elev + BB + DD",0.0764856658379406,0.683368858192209,1.07948675055063
2064,"Sambar deer","SBR",1,"dist_str + ndvi_cv + elev + BB + DD",0.0789501019250117,0.667002507050614,1.08215032390005
2065,"Sambar deer","SBR",1,"dist_str + ndvi_cv + elev + BB + DD",0.0948544851210563,0.667397217939446,1.09949885061047
2066,"Sambar deer","SBR",1,"dist_str + ndvi_cv + elev + BB + DD",0.0819298793436865,0.658102050728002,1.08537971632042
2067,"Sambar deer","SBR",1,"dist_str + ndvi_cv + elev + BB + DD",0.0568268409343986,0.651951859050756,1.05847251041644
2068,"Sambar deer","SBR",1,"dist_str + ndvi_cv + elev + BB + DD",0.021630408333774,0.623980459112623,1.02186604377627
2069,"Sambar deer","SBR",1,"dist_str + ndvi_cv + elev + BB + DD",-0.000574232991485236,0.622219907451714,0.999425934307457
2070,"Sambar deer","SBR",1,"dist_str + ndvi_cv + elev + BB + DD",-0.00646277045246329,0.622956933307605,0.993558068401831
2071,"Sambar deer","SBR",1,"dist_str + ndvi_cv + elev + BB + DD",-0.00247850116277128,0.609236816842569,0.997524571187615
2072,"Sambar deer","SBR",1,"dist_str + ndvi_cv + elev + BB + DD",-0.00254684212689666,0.628462203469837,0.997456398941117
2073,"Sambar deer","SBR",1,"dist_str + ndvi_cv + elev + BB + DD",0.0238303844616619,0.631439814168061,1.02411659778028
2074,"Sambar deer","SBR",1,"dist_str + ndvi_cv + elev + BB + DD",0.0355113502307151,0.631564778466759,1.0361494383651
2075,"Sambar deer","SBR",1,"dist_str + ndvi_cv + elev + BB + DD",0.0672317561865893,0.61964745554308,1.0695433230746
2076,"Sambar deer","SBR",1,"dist_str + ndvi_cv + elev + BB + DD",0.0933120046015997,0.620527907949184,1.09780421127977
2077,"Sambar deer","SBR",1,"dist_str + ndvi_cv + elev + BB + DD",0.142212034826649,0.616665953099045,1.15282106960262
2078,"Sambar deer","SBR",1,"dist_str + ndvi_cv + elev + BB + DD",0.176823582516178,0.613437109544365,1.19342056150062
2079,"Sambar deer","SBR",1,"dist_str + ndvi_cv + elev + BB + DD",0.233300070117398,0.594547722464674,1.26276033912537
2080,"Sambar deer","SBR",1,"dist_str + ndvi_cv + elev + BB + DD",0.260963838725847,0.590336922035973,1.29818072073007
2081,"Sambar deer","SBR",1,"dist_str + ndvi_cv + elev + BB + DD",0.304341798535162,0.583128523976312,1.35573236576339
2082,"Sambar deer","SBR",1,"dist_str + ndvi_cv + elev + BB + DD",0.35408302828375,0.592148499832639,1.42487348787249
2083,"Sambar deer","SBR",1,"dist_str + ndvi_cv + elev + BB + DD",0.354209068872576,0.598365734581469,1.42505308974215
2084,"Sambar deer","SBR",1,"dist_str + ndvi_cv + elev + BB + DD",0.2658007402705,0.610631406332982,1.30447510376985
2085,"Sambar deer","SBR",1,"dist_str + ndvi_cv + elev + BB + DD",0.135939901858501,0.61461619543486,1.14561304240903
2086,"Sambar deer","SBR",1,"dist_str + ndvi_cv + elev + BB + DD",0.0524410628804849,0.611550488376168,1.0538404499293
2087,"Sambar deer","SBR",1,"dist_str + ndvi_cv + elev + BB + DD",-0.0562811022514685,0.627863353253978,0.945273380254301
2088,"Sambar deer","SBR",1,"dist_str + ndvi_cv + elev + BB + DD",-0.11708033287984,0.644319857386954,0.889513733093321
2089,"Sambar deer","SBR",1,"dist_str + ndvi_cv + elev + BB + DD",-0.13033385444945,0.668501240802755,0.87780232395206
2090,"Sambar deer","SBR",1,"dist_str + ndvi_cv + elev + BB + DD",-0.14662404771342,0.656923394660941,0.863618595784283
2091,"Sambar deer","SBR",1,"dist_str + ndvi_cv + elev + BB + DD",-0.164000909042045,0.692966190011374,0.848741250381513
2092,"Sambar deer","SBR",1,"dist_str + ndvi_cv + elev + BB + DD",-0.184021585018495,0.71286309322643,0.831917846795766
2093,"Sambar deer","SBR",1,"dist_str + ndvi_cv + elev + BB + DD",-0.181427020129526,0.755231304974832,0.834079114433728
2094,"Sambar deer","SBR",1,"dist_str + ndvi_cv + elev + BB + DD",-0.140701942986569,0.782388757271432,0.868748209609942
2095,"Sambar deer","SBR",1,"dist_str + ndvi_cv + elev + BB + DD",-0.169715363362358,0.885771747073666,0.843904989184421
2096,"Sambar deer","SBR",1,"dist_str + ndvi_cv + elev + BB + DD",0.130464157996924,1.04747178456351,1.13935710849998
2097,"Sambar deer","SBR",1,"dist_str + ndvi_cv + elev + BB + DD",0.131484220179547,0.817603421212644,1.14051991661233
2098,"Sambar deer","SBR",1,"dist_str + ndvi_cv + elev + BB + DD",0.132437690711762,0.746123476459298,1.14160788115235
2099,"Sambar deer","SBR",1,"dist_str + ndvi_cv + elev + BB + DD",0.109472249754411,0.704751285620198,1.11568911187186
2100,"Sambar deer","SBR",1,"dist_str + ndvi_cv + elev + BB + DD",0.0870804857869541,0.691002279501656,1.09098448551383
2101,"Sambar deer","SBR",1,"dist_str + ndvi_cv + elev + BB + DD",0.0831368792817432,0.669421658428397,1.08669054379256
2102,"Sambar deer","SBR",1,"dist_str + ndvi_cv + elev + BB + DD",0.0413662547646538,0.66253149637984,1.04223375896589
2103,"Sambar deer","SBR",1,"dist_str + ndvi_cv + elev + BB + DD",0.0383082645199638,0.65142105044807,1.03905148623279
2104,"Sambar deer","SBR",1,"dist_str + ndvi_cv + elev + BB + DD",0.0231954336600186,0.64551654714594,1.02346654001532
2105,"Sambar deer","SBR",1,"dist_str + ndvi_cv + elev + BB + DD",-0.0179886397616245,0.629176594141754,0.982172190554576
2106,"Sambar deer","SBR",1,"dist_str + ndvi_cv + elev + BB + DD",-0.0425653870651005,0.623892926496132,0.958327809551432
2107,"Sambar deer","SBR",1,"dist_str + ndvi_cv + elev + BB + DD",-0.103005978700984,0.603657274277064,0.902121579964833
2108,"Sambar deer","SBR",1,"dist_str + ndvi_cv + elev + BB + DD",-0.126149815885179,0.610829370615815,0.881482776769208
2109,"Sambar deer","SBR",1,"dist_str + ndvi_cv + elev + BB + DD",-0.101598113217071,0.622053403686609,0.903392541488521
2110,"Sambar deer","SBR",1,"dist_str + ndvi_cv + elev + BB + DD",-0.052829749711168,0.629137365793864,0.948541501072161
2111,"Sambar deer","SBR",1,"dist_str + ndvi_cv + elev + BB + DD",-0.0352101705078238,0.628096560290485,0.965402495947705
2112,"Sambar deer","SBR",1,"dist_str + ndvi_cv + elev + BB + DD",-0.0252345657090042,0.622049037831136,0.975081167831387
2113,"Sambar deer","SBR",1,"dist_str + ndvi_cv + elev + BB + DD",-0.0224708840994664,0.62186402406291,0.977779707366225
2114,"Sambar deer","SBR",1,"dist_str + ndvi_cv + elev + BB + DD",0.0314107157919474,0.633458532106479,1.03190923844621
2115,"Sambar deer","SBR",1,"dist_str + ndvi_cv + elev + BB + DD",0.0995652026737307,0.610925751889508,1.10469049777357
2116,"Sambar deer","SBR",1,"dist_str + ndvi_cv + elev + BB + DD",0.160796453449885,0.610024236952244,1.17444589064322
2117,"Sambar deer","SBR",1,"dist_str + ndvi_cv + elev + BB + DD",0.231083560856289,0.583670007353517,1.25996452906392
2118,"Sambar deer","SBR",1,"dist_str + ndvi_cv + elev + BB + DD",0.300435405167541,0.581033917156152,1.35044667142671
2119,"Sambar deer","SBR",1,"dist_str + ndvi_cv + elev + BB + DD",0.353746326447548,0.575755958456464,1.42439381099281
2120,"Sambar deer","SBR",1,"dist_str + ndvi_cv + elev + BB + DD",0.350298176495252,0.572820082403378,1.41949074484808
2121,"Sambar deer","SBR",1,"dist_str + ndvi_cv + elev + BB + DD",0.230929074974267,0.579273130550521,1.25976988894922
2122,"Sambar deer","SBR",1,"dist_str + ndvi_cv + elev + BB + DD",0.0857763372958991,0.596665625161133,1.08956260653636
2123,"Sambar deer","SBR",1,"dist_str + ndvi_cv + elev + BB + DD",-0.0238946277531697,0.597613502591943,0.976388595120913
2124,"Sambar deer","SBR",1,"dist_str + ndvi_cv + elev + BB + DD",-0.144299987322127,0.606003922347659,0.865628033166738
2125,"Sambar deer","SBR",1,"dist_str + ndvi_cv + elev + BB + DD",-0.225451253435576,0.619284535427448,0.798155967207088
2126,"Sambar deer","SBR",1,"dist_str + ndvi_cv + elev + BB + DD",-0.219525913521124,0.625663489640921,0.802899352297364
2127,"Sambar deer","SBR",1,"dist_str + ndvi_cv + elev + BB + DD",-0.21280522022162,0.64332197498057,0.808313565054751
2128,"Sambar deer","SBR",1,"dist_str + ndvi_cv + elev + BB + DD",-0.208279309415095,0.66685000159299,0.811980214078647
2129,"Sambar deer","SBR",1,"dist_str + ndvi_cv + elev + BB + DD",-0.184570104876488,0.711353305659381,0.831461648466002
2130,"Sambar deer","SBR",1,"dist_str + ndvi_cv + elev + BB + DD",-0.201333671181745,0.744386171445791,0.817639572234246
2131,"Sambar deer","SBR",1,"dist_str + ndvi_cv + elev + BB + DD",-0.193888306615885,0.802596112777406,0.823749910177425
2132,"Sambar deer","SBR",1,"dist_str + ndvi_cv + elev + BB + DD",-0.172922540458801,0.962775104434058,0.841202773034494
2133,"Sambar deer","SBR",1,"dist_str + ndvi_cv + elev + BB + DD",0.142779126578091,0.911040360810499,1.15347500291618
2134,"Sambar deer","SBR",1,"dist_str + ndvi_cv + elev + BB + DD",0.12184466315352,0.785598261976935,1.12957862796575
2135,"Sambar deer","SBR",1,"dist_str + ndvi_cv + elev + BB + DD",0.125645646265343,0.752587167577045,1.13388038553751
2136,"Sambar deer","SBR",1,"dist_str + ndvi_cv + elev + BB + DD",0.118983415054759,0.714199413054694,1.12635125612284
2137,"Sambar deer","SBR",1,"dist_str + ndvi_cv + elev + BB + DD",0.0948214373007815,0.679293856912248,1.09946251472865
2138,"Sambar deer","SBR",1,"dist_str + ndvi_cv + elev + BB + DD",0.0597826380790113,0.674736941850101,1.06160576879706
2139,"Sambar deer","SBR",1,"dist_str + ndvi_cv + elev + BB + DD",0.0512762063009625,0.647745360245713,1.05261359344355
2140,"Sambar deer","SBR",1,"dist_str + ndvi_cv + elev + BB + DD",-0.00581794799520505,0.631454987309063,0.994198943498551
2141,"Sambar deer","SBR",1,"dist_str + ndvi_cv + elev + BB + DD",-0.000120643365009577,0.636725035620182,0.999879367020565
2142,"Sambar deer","SBR",1,"dist_str + ndvi_cv + elev + BB + DD",-0.0588474738628276,0.627258931607217,0.942850568969395
2143,"Sambar deer","SBR",1,"dist_str + ndvi_cv + elev + BB + DD",-0.124825308504819,0.610062332663965,0.882651080885163
2144,"Sambar deer","SBR",1,"dist_str + ndvi_cv + elev + BB + DD",-0.186233547576593,0.56734831506464,0.83007970923961
2145,"Sambar deer","SBR",1,"dist_str + ndvi_cv + elev + BB + DD",-0.262021080394409,0.485304500049012,0.769494803332796
2146,"Sambar deer","SBR",1,"dist_str + ndvi_cv + elev + BB + DD",-0.157949061245399,0.595428452645442,0.853893277153603
2147,"Sambar deer","SBR",1,"dist_str + ndvi_cv + elev + BB + DD",-0.117873857425736,0.63094173049721,0.888808170377063
2148,"Sambar deer","SBR",1,"dist_str + ndvi_cv + elev + BB + DD",-0.0540010318387229,0.639293755058962,0.947431140388658
2149,"Sambar deer","SBR",1,"dist_str + ndvi_cv + elev + BB + DD",-0.0880251289920324,0.62963658675249,0.915737865034398
2150,"Sambar deer","SBR",1,"dist_str + ndvi_cv + elev + BB + DD",-0.12394813783624,0.628788779857671,0.883425656133916
2151,"Sambar deer","SBR",1,"dist_str + ndvi_cv + elev + BB + DD",-0.101166950278898,0.597549365885499,0.903782133629866
2152,"Sambar deer","SBR",1,"dist_str + ndvi_cv + elev + BB + DD",0.00589750720115836,0.606506704980464,1.00591493351661
2153,"Sambar deer","SBR",1,"dist_str + ndvi_cv + elev + BB + DD",0.0634481900276534,0.597763091988037,1.06550428098258
2154,"Sambar deer","SBR",1,"dist_str + ndvi_cv + elev + BB + DD",0.148647543118949,0.590469023015592,1.16026397523213
2155,"Sambar deer","SBR",1,"dist_str + ndvi_cv + elev + BB + DD",0.231566165341615,0.577795936576277,1.26057273018016
2156,"Sambar deer","SBR",1,"dist_str + ndvi_cv + elev + BB + DD",0.386930773184494,0.547849182181741,1.47245455499905
2157,"Sambar deer","SBR",1,"dist_str + ndvi_cv + elev + BB + DD",0.570459780281716,0.408099546509365,1.76908025286306
2158,"Sambar deer","SBR",1,"dist_str + ndvi_cv + elev + BB + DD",0.192088647318196,0.560995854919287,1.2117779331327
2159,"Sambar deer","SBR",1,"dist_str + ndvi_cv + elev + BB + DD",0.0365331268733907,0.591951729817298,1.03720866504525
2160,"Sambar deer","SBR",1,"dist_str + ndvi_cv + elev + BB + DD",-0.0854262705206935,0.594902674505972,0.918120864568353
2161,"Sambar deer","SBR",1,"dist_str + ndvi_cv + elev + BB + DD",-0.253038616745703,0.589208960423385,0.776437898773161
2162,"Sambar deer","SBR",1,"dist_str + ndvi_cv + elev + BB + DD",-0.440079056609431,0.531229048015675,0.643985507978513
2163,"Sambar deer","SBR",1,"dist_str + ndvi_cv + elev + BB + DD",-0.331495240391992,0.606985595704676,0.71784957394645
2164,"Sambar deer","SBR",1,"dist_str + ndvi_cv + elev + BB + DD",-0.252773228389343,0.626887509770814,0.776643987427439
2165,"Sambar deer","SBR",1,"dist_str + ndvi_cv + elev + BB + DD",-0.24696001184321,0.662570332153051,0.781171931771681
2166,"Sambar deer","SBR",1,"dist_str + ndvi_cv + elev + BB + DD",-0.253688949415235,0.696463216604708,0.775933121198893
2167,"Sambar deer","SBR",1,"dist_str + ndvi_cv + elev + BB + DD",-0.227661246462888,0.726495593061871,0.796394004870206
2168,"Sambar deer","SBR",1,"dist_str + ndvi_cv + elev + BB + DD",-0.215361559955394,0.822118694934228,0.80624988017973
2169,"Sambar deer","SBR",1,"dist_str + ndvi_cv + elev + BB + DD",0.15535903697448,0.864132379228046,1.16807726964711
2170,"Sambar deer","SBR",1,"dist_str + ndvi_cv + elev + BB + DD",0.174797899534358,0.77650552949671,1.19100548952374
2171,"Sambar deer","SBR",1,"dist_str + ndvi_cv + elev + BB + DD",0.147517171361357,0.733402690135037,1.15895318712506
2172,"Sambar deer","SBR",1,"dist_str + ndvi_cv + elev + BB + DD",0.105690421639814,0.705950434681981,1.11147773914144
2173,"Sambar deer","SBR",1,"dist_str + ndvi_cv + elev + BB + DD",0.0987409565999099,0.680565290343261,1.10378033705485
2174,"Sambar deer","SBR",1,"dist_str + ndvi_cv + elev + BB + DD",0.0363218940314355,0.658529792584811,1.03698959371739
2175,"Sambar deer","SBR",1,"dist_str + ndvi_cv + elev + BB + DD",0.0358156883332056,0.654014686376035,1.03646479634182
2176,"Sambar deer","SBR",1,"dist_str + ndvi_cv + elev + BB + DD",-0.000108197112367136,0.624990692846061,0.999891808745218
2177,"Sambar deer","SBR",1,"dist_str + ndvi_cv + elev + BB + DD",-0.0311245842221375,0.63650527119427,0.969354799326344
2178,"Sambar deer","SBR",1,"dist_str + ndvi_cv + elev + BB + DD",-0.0656280607397775,0.639154984870427,0.9364791256051
2179,"Sambar deer","SBR",1,"dist_str + ndvi_cv + elev + BB + DD",-0.136260694235561,0.628717274220625,0.872615117364519
2180,"Sambar deer","SBR",1,"dist_str + ndvi_cv + elev + BB + DD",-0.219096541979329,0.589780237430506,0.80324417057034
2181,"Sambar deer","SBR",1,"dist_str + ndvi_cv + elev + BB + DD",-0.255846014597628,0.523105889468061,0.774261186141958
2182,"Sambar deer","SBR",1,"dist_str + ndvi_cv + elev + BB + DD",-0.205245481804891,0.593717168529113,0.814447364874766
2183,"Sambar deer","SBR",1,"dist_str + ndvi_cv + elev + BB + DD",-0.184992683551876,0.621900729148641,0.831110365464553
2184,"Sambar deer","SBR",1,"dist_str + ndvi_cv + elev + BB + DD",-0.142002048705251,0.632642854071926,0.867619479050411
2185,"Sambar deer","SBR",1,"dist_str + ndvi_cv + elev + BB + DD",-0.161373803327199,0.627409007219094,0.850973927608769
2186,"Sambar deer","SBR",1,"dist_str + ndvi_cv + elev + BB + DD",-0.175989069820413,0.640163513445728,0.838627149946438
2187,"Sambar deer","SBR",1,"dist_str + ndvi_cv + elev + BB + DD",-0.125742937018316,0.619282207630643,0.881841507759856
2188,"Sambar deer","SBR",1,"dist_str + ndvi_cv + elev + BB + DD",-0.0498615340794542,0.611100535212865,0.951361146782028
2189,"Sambar deer","SBR",1,"dist_str + ndvi_cv + elev + BB + DD",0.00268649907924385,0.599963572184408,1.00269011095161
2190,"Sambar deer","SBR",1,"dist_str + ndvi_cv + elev + BB + DD",0.0513792172427516,0.59451378305781,1.05272203040234
2191,"Sambar deer","SBR",1,"dist_str + ndvi_cv + elev + BB + DD",0.124279314121824,0.581513493697817,1.13233210348099
2192,"Sambar deer","SBR",1,"dist_str + ndvi_cv + elev + BB + DD",0.205050120967005,0.555148495660217,1.22758659124913
2193,"Sambar deer","SBR",1,"dist_str + ndvi_cv + elev + BB + DD",0.181526987513966,0.563670217349621,1.19904689922844
2194,"Sambar deer","SBR",1,"dist_str + ndvi_cv + elev + BB + DD",0.0806868286405035,0.56496571350011,1.08403135617188
2195,"Sambar deer","SBR",1,"dist_str + ndvi_cv + elev + BB + DD",-0.054783530661216,0.591846749645143,0.94669005529041
2196,"Sambar deer","SBR",1,"dist_str + ndvi_cv + elev + BB + DD",-0.177310519704422,0.598497253605143,0.837519677785878
2197,"Sambar deer","SBR",1,"dist_str + ndvi_cv + elev + BB + DD",-0.323017344039162,0.584461540237089,0.723961297933535
2198,"Sambar deer","SBR",1,"dist_str + ndvi_cv + elev + BB + DD",-0.475394030926751,0.544905924981211,0.621640062791957
2199,"Sambar deer","SBR",1,"dist_str + ndvi_cv + elev + BB + DD",-0.369248020406948,0.591385093290377,0.691253946381573
2200,"Sambar deer","SBR",1,"dist_str + ndvi_cv + elev + BB + DD",-0.331701438430947,0.628922661745187,0.717701584381623
2201,"Sambar deer","SBR",1,"dist_str + ndvi_cv + elev + BB + DD",-0.293672706485893,0.660519910077903,0.745520457648369
2202,"Sambar deer","SBR",1,"dist_str + ndvi_cv + elev + BB + DD",-0.282710171526221,0.681473262009933,0.753738211068884
2203,"Sambar deer","SBR",1,"dist_str + ndvi_cv + elev + BB + DD",-0.269620861467308,0.720510660552984,0.763668977536604
2204,"Sambar deer","SBR",1,"dist_str + ndvi_cv + elev + BB + DD",-0.216886378399416,0.836595520572681,0.805021448735475
2205,"Sambar deer","SBR",1,"dist_str + ndvi_cv + elev + BB + DD",0.152883481995348,0.809394793135844,1.16518920869525
2206,"Sambar deer","SBR",1,"dist_str + ndvi_cv + elev + BB + DD",0.172939085792435,0.750347326602704,1.1887937103033
2207,"Sambar deer","SBR",1,"dist_str + ndvi_cv + elev + BB + DD",0.1246655372743,0.717238471894247,1.13276952583262
2208,"Sambar deer","SBR",1,"dist_str + ndvi_cv + elev + BB + DD",0.129800141248379,0.69172235503471,1.13860082923511
2209,"Sambar deer","SBR",1,"dist_str + ndvi_cv + elev + BB + DD",0.0809617536656553,0.672798836779301,1.08432942452908
2210,"Sambar deer","SBR",1,"dist_str + ndvi_cv + elev + BB + DD",0.0501984600835581,0.650869182183573,1.05147975243158
2211,"Sambar deer","SBR",1,"dist_str + ndvi_cv + elev + BB + DD",0.0399492728291851,0.64808657245648,1.04075797880896
2212,"Sambar deer","SBR",1,"dist_str + ndvi_cv + elev + BB + DD",0.00510631637755524,0.634234328797198,1.00511937599735
2213,"Sambar deer","SBR",1,"dist_str + ndvi_cv + elev + BB + DD",-0.0586300877309336,0.633157558273534,0.943055555440513
2214,"Sambar deer","SBR",1,"dist_str + ndvi_cv + elev + BB + DD",-0.0907087318035092,0.634538186865202,0.913283682791886
2215,"Sambar deer","SBR",1,"dist_str + ndvi_cv + elev + BB + DD",-0.144380796473383,0.628651306780238,0.865558084211865
2216,"Sambar deer","SBR",1,"dist_str + ndvi_cv + elev + BB + DD",-0.195094492775313,0.619798008041134,0.82275690994642
2217,"Sambar deer","SBR",1,"dist_str + ndvi_cv + elev + BB + DD",-0.218853610650738,0.609312065277586,0.803439325027233
2218,"Sambar deer","SBR",1,"dist_str + ndvi_cv + elev + BB + DD",-0.256837109307947,0.623612748619297,0.773494201649689
2219,"Sambar deer","SBR",1,"dist_str + ndvi_cv + elev + BB + DD",-0.186902928389615,0.634373506092001,0.829524256646088
2220,"Sambar deer","SBR",1,"dist_str + ndvi_cv + elev + BB + DD",-0.184531352058244,0.643446205163836,0.831493870475738
2221,"Sambar deer","SBR",1,"dist_str + ndvi_cv + elev + BB + DD",-0.165607483773223,0.636667346468127,0.847378781345236
2222,"Sambar deer","SBR",1,"dist_str + ndvi_cv + elev + BB + DD",-0.145162065852966,0.645853404218331,0.864882113994275
2223,"Sambar deer","SBR",1,"dist_str + ndvi_cv + elev + BB + DD",-0.12875631331321,0.645071310893361,0.879188187065661
2224,"Sambar deer","SBR",1,"dist_str + ndvi_cv + elev + BB + DD",-0.09953170061778,0.626407201173391,0.905261256558973
2225,"Sambar deer","SBR",1,"dist_str + ndvi_cv + elev + BB + DD",-0.0608172885472672,0.607045381824973,0.940995156438776
2226,"Sambar deer","SBR",1,"dist_str + ndvi_cv + elev + BB + DD",-0.0422987980555097,0.601102427432275,0.958583315852127
2227,"Sambar deer","SBR",1,"dist_str + ndvi_cv + elev + BB + DD",-0.0315326494749544,0.615612236351188,0.96895931999018
2228,"Sambar deer","SBR",1,"dist_str + ndvi_cv + elev + BB + DD",0.00936419384863376,0.589084645229429,1.00940817523551
2229,"Sambar deer","SBR",1,"dist_str + ndvi_cv + elev + BB + DD",-0.0442401311377805,0.582528809392353,0.956724195843659
2230,"Sambar deer","SBR",1,"dist_str + ndvi_cv + elev + BB + DD",-0.071003773271174,0.587459082308159,0.931458377537874
2231,"Sambar deer","SBR",1,"dist_str + ndvi_cv + elev + BB + DD",-0.165475081934562,0.603312189154044,0.847490982293231
2232,"Sambar deer","SBR",1,"dist_str + ndvi_cv + elev + BB + DD",-0.235508870426165,0.591195362711951,0.790168653906655
2233,"Sambar deer","SBR",1,"dist_str + ndvi_cv + elev + BB + DD",-0.353541309654134,0.589854351080547,0.702196984488494
2234,"Sambar deer","SBR",1,"dist_str + ndvi_cv + elev + BB + DD",-0.419487471959355,0.597067249661561,0.657383661047765
2235,"Sambar deer","SBR",1,"dist_str + ndvi_cv + elev + BB + DD",-0.408126517353041,0.591947155245536,0.664894752938444
2236,"Sambar deer","SBR",1,"dist_str + ndvi_cv + elev + BB + DD",-0.350672765933429,0.618425283073635,0.704214159135086
2237,"Sambar deer","SBR",1,"dist_str + ndvi_cv + elev + BB + DD",-0.323648412158404,0.633639396698414,0.72350457399389
2238,"Sambar deer","SBR",1,"dist_str + ndvi_cv + elev + BB + DD",-0.302251864554928,0.675297083269192,0.739151875620917
2239,"Sambar deer","SBR",1,"dist_str + ndvi_cv + elev + BB + DD",-0.299827692260941,0.713291562374246,0.740945880395238
2240,"Sambar deer","SBR",1,"dist_str + ndvi_cv + elev + BB + DD",-0.279507143959594,0.832585462702007,0.756156329344573
2241,"Sambar deer","SBR",1,"dist_str + ndvi_cv + elev + BB + DD",0.178378019747603,0.941792624501948,1.19527707807755
2242,"Sambar deer","SBR",1,"dist_str + ndvi_cv + elev + BB + DD",0.152229089284967,0.8224829395268,1.16442696363181
2243,"Sambar deer","SBR",1,"dist_str + ndvi_cv + elev + BB + DD",0.133410763390694,0.744919225911623,1.14271928937698
2244,"Sambar deer","SBR",1,"dist_str + ndvi_cv + elev + BB + DD",0.138586536171568,0.706052831587704,1.14864907699348
2245,"Sambar deer","SBR",1,"dist_str + ndvi_cv + elev + BB + DD",0.0813040513255702,0.679586150222897,1.08470065136294
2246,"Sambar deer","SBR",1,"dist_str + ndvi_cv + elev + BB + DD",0.0740662243329753,0.674394533769411,1.0768781187663
2247,"Sambar deer","SBR",1,"dist_str + ndvi_cv + elev + BB + DD",0.0288365882841796,0.655614577343595,1.02925638820562
2248,"Sambar deer","SBR",1,"dist_str + ndvi_cv + elev + BB + DD",0.0179566067591053,0.633206763825799,1.01811879862891
2249,"Sambar deer","SBR",1,"dist_str + ndvi_cv + elev + BB + DD",-0.0282656361726265,0.631498334302237,0.972130099646888
2250,"Sambar deer","SBR",1,"dist_str + ndvi_cv + elev + BB + DD",-0.0961974362452997,0.624051988738646,0.90828467390218
2251,"Sambar deer","SBR",1,"dist_str + ndvi_cv + elev + BB + DD",-0.151593105684344,0.632431098792484,0.859337869308049
2252,"Sambar deer","SBR",1,"dist_str + ndvi_cv + elev + BB + DD",-0.186012142079248,0.635966285111412,0.830263513891809
2253,"Sambar deer","SBR",1,"dist_str + ndvi_cv + elev + BB + DD",-0.208727908551564,0.625185263766729,0.811616039647915
2254,"Sambar deer","SBR",1,"dist_str + ndvi_cv + elev + BB + DD",-0.238459247054375,0.616380151831559,0.787840794694436
2255,"Sambar deer","SBR",1,"dist_str + ndvi_cv + elev + BB + DD",-0.249797894358644,0.650432000545955,0.778958199532159
2256,"Sambar deer","SBR",1,"dist_str + ndvi_cv + elev + BB + DD",-0.233238373470419,0.648635755756171,0.791964769830945
2257,"Sambar deer","SBR",1,"dist_str + ndvi_cv + elev + BB + DD",-0.222117508687335,0.642119687472467,0.800821256071932
2258,"Sambar deer","SBR",1,"dist_str + ndvi_cv + elev + BB + DD",-0.219456289867252,0.652951825695678,0.802955254468619
2259,"Sambar deer","SBR",1,"dist_str + ndvi_cv + elev + BB + DD",-0.192132959073634,0.663267974390799,0.825197146705494
2260,"Sambar deer","SBR",1,"dist_str + ndvi_cv + elev + BB + DD",-0.16222198596283,0.64923727051785,0.850252441812603
2261,"Sambar deer","SBR",1,"dist_str + ndvi_cv + elev + BB + DD",-0.151947589741992,0.632230391772343,0.859033301980038
2262,"Sambar deer","SBR",1,"dist_str + ndvi_cv + elev + BB + DD",-0.149424033750701,0.624805101271319,0.861203858058698
2263,"Sambar deer","SBR",1,"dist_str + ndvi_cv + elev + BB + DD",-0.163794466855378,0.609523996938357,0.848916487967537
2264,"Sambar deer","SBR",1,"dist_str + ndvi_cv + elev + BB + DD",-0.152007316353322,0.614452629267246,0.85898199951167
2265,"Sambar deer","SBR",1,"dist_str + ndvi_cv + elev + BB + DD",-0.170989093514056,0.618322270517034,0.842830776641869
2266,"Sambar deer","SBR",1,"dist_str + ndvi_cv + elev + BB + DD",-0.201905089708015,0.613463763029148,0.817172482747155
2267,"Sambar deer","SBR",1,"dist_str + ndvi_cv + elev + BB + DD",-0.20856501327422,0.606865506279138,0.811748258591192
2268,"Sambar deer","SBR",1,"dist_str + ndvi_cv + elev + BB + DD",-0.281286081364163,0.594683053849205,0.754812367230219
2269,"Sambar deer","SBR",1,"dist_str + ndvi_cv + elev + BB + DD",-0.333219124028149,0.601363198490232,0.71661315135791
2270,"Sambar deer","SBR",1,"dist_str + ndvi_cv + elev + BB + DD",-0.413262139554083,0.602711062971323,0.661488860576238
2271,"Sambar deer","SBR",1,"dist_str + ndvi_cv + elev + BB + DD",-0.440953063513545,0.589588405925655,0.643422911169904
2272,"Sambar deer","SBR",1,"dist_str + ndvi_cv + elev + BB + DD",-0.46326244133556,0.591018609294245,0.629227476438523
2273,"Sambar deer","SBR",1,"dist_str + ndvi_cv + elev + BB + DD",-0.404790061859661,0.625088611731087,0.667116851830987
2274,"Sambar deer","SBR",1,"dist_str + ndvi_cv + elev + BB + DD",-0.366087742860189,0.643351032634552,0.693441954890111
2275,"Sambar deer","SBR",1,"dist_str + ndvi_cv + elev + BB + DD",-0.350365576783382,0.654414397314142,0.704430519203625
2276,"Sambar deer","SBR",1,"dist_str + ndvi_cv + elev + BB + DD",-0.331098405864491,0.729598987049609,0.718134497862055
2277,"Sambar deer","SBR",1,"dist_str + ndvi_cv + elev + BB + DD",-0.318383231041137,0.896413171874928,0.727324002502654
2278,"Sambar deer","SBR",1,"dist_str + ndvi_cv + elev + BB + DD",0.173187947144985,0.968420942078738,1.18908960265473
2279,"Sambar deer","SBR",1,"dist_str + ndvi_cv + elev + BB + DD",0.151526593277789,0.823874520925943,1.16360924562168
2280,"Sambar deer","SBR",1,"dist_str + ndvi_cv + elev + BB + DD",0.135382658068076,0.736481527683993,1.14497484175765
2281,"Sambar deer","SBR",1,"dist_str + ndvi_cv + elev + BB + DD",0.121068790035366,0.715848974643842,1.12870255582176
2282,"Sambar deer","SBR",1,"dist_str + ndvi_cv + elev + BB + DD",0.109250875943555,0.697456545918045,1.11544215294715
2283,"Sambar deer","SBR",1,"dist_str + ndvi_cv + elev + BB + DD",0.0718194712301008,0.664989875074769,1.07446136651539
2284,"Sambar deer","SBR",1,"dist_str + ndvi_cv + elev + BB + DD",0.0312795740984899,0.650571169050004,1.03177392128158
2285,"Sambar deer","SBR",1,"dist_str + ndvi_cv + elev + BB + DD",0.0015123228860408,0.635932778340579,1.00151346704449
2286,"Sambar deer","SBR",1,"dist_str + ndvi_cv + elev + BB + DD",-0.0264363503474641,0.639288636488237,0.973910031306629
2287,"Sambar deer","SBR",1,"dist_str + ndvi_cv + elev + BB + DD",-0.0931576055139386,0.632178099963559,0.91104990266481
2288,"Sambar deer","SBR",1,"dist_str + ndvi_cv + elev + BB + DD",-0.12463013233755,0.639544676052667,0.882823370032335
2289,"Sambar deer","SBR",1,"dist_str + ndvi_cv + elev + BB + DD",-0.187837450834944,0.645691008626444,0.828749410309555
2290,"Sambar deer","SBR",1,"dist_str + ndvi_cv + elev + BB + DD",-0.211073990232994,0.635709098154147,0.809714155135557
2291,"Sambar deer","SBR",1,"dist_str + ndvi_cv + elev + BB + DD",-0.270468824647416,0.636647975717086,0.763021688870209
2292,"Sambar deer","SBR",1,"dist_str + ndvi_cv + elev + BB + DD",-0.276296749306386,0.638655758858567,0.758587786979419
2293,"Sambar deer","SBR",1,"dist_str + ndvi_cv + elev + BB + DD",-0.250037707999013,0.640480578624986,0.778771416622309
2294,"Sambar deer","SBR",1,"dist_str + ndvi_cv + elev + BB + DD",-0.24999628404669,0.657302469803793,0.778803677064146
2295,"Sambar deer","SBR",1,"dist_str + ndvi_cv + elev + BB + DD",-0.261230759391857,0.6611113144551,0.770103190712079
2296,"Sambar deer","SBR",1,"dist_str + ndvi_cv + elev + BB + DD",-0.250762712989099,0.661915321768846,0.77820700834274
2297,"Sambar deer","SBR",1,"dist_str + ndvi_cv + elev + BB + DD",-0.234030326471239,0.666685227637944,0.791337817053232
2298,"Sambar deer","SBR",1,"dist_str + ndvi_cv + elev + BB + DD",-0.225644382569738,0.639241307955558,0.79800184214252
2299,"Sambar deer","SBR",1,"dist_str + ndvi_cv + elev + BB + DD",-0.262243367235963,0.625624465961722,0.769323773698186
2300,"Sambar deer","SBR",1,"dist_str + ndvi_cv + elev + BB + DD",-0.300279907605473,0.608513485140443,0.740610895935516
2301,"Sambar deer","SBR",1,"dist_str + ndvi_cv + elev + BB + DD",-0.282354761265102,0.624482081096686,0.754006145075496
2302,"Sambar deer","SBR",1,"dist_str + ndvi_cv + elev + BB + DD",-0.311141370996482,0.599811626472524,0.732610298960561
2303,"Sambar deer","SBR",1,"dist_str + ndvi_cv + elev + BB + DD",-0.342167556572548,0.62162793683624,0.710229191195181
2304,"Sambar deer","SBR",1,"dist_str + ndvi_cv + elev + BB + DD",-0.347282873508107,0.620436405734344,0.706605420709122
2305,"Sambar deer","SBR",1,"dist_str + ndvi_cv + elev + BB + DD",-0.374418165892366,0.608787412480878,0.687689288150079
2306,"Sambar deer","SBR",1,"dist_str + ndvi_cv + elev + BB + DD",-0.428222391944732,0.611564858421488,0.651666474480657
2307,"Sambar deer","SBR",1,"dist_str + ndvi_cv + elev + BB + DD",-0.497413513660829,0.599072334326987,0.608101473699394
2308,"Sambar deer","SBR",1,"dist_str + ndvi_cv + elev + BB + DD",-0.499421137725438,0.588177916170578,0.606881859280573
2309,"Sambar deer","SBR",1,"dist_str + ndvi_cv + elev + BB + DD",-0.491654457127662,0.603821489471247,0.611613668101855
2310,"Sambar deer","SBR",1,"dist_str + ndvi_cv + elev + BB + DD",-0.435329188555493,0.630077314734834,0.647051630661869
2311,"Sambar deer","SBR",1,"dist_str + ndvi_cv + elev + BB + DD",-0.40201261003989,0.657898158925217,0.668972314474696
2312,"Sambar deer","SBR",1,"dist_str + ndvi_cv + elev + BB + DD",-0.384866320992893,0.674683536543886,0.680541604912215
2313,"Sambar deer","SBR",1,"dist_str + ndvi_cv + elev + BB + DD",-0.352343949370462,0.755293297247887,0.703038271042423
2314,"Sambar deer","SBR",1,"dist_str + ndvi_cv + elev + BB + DD",0.165205130685311,0.84128159326222,1.17963508011397
2315,"Sambar deer","SBR",1,"dist_str + ndvi_cv + elev + BB + DD",0.148979854628483,0.738213973689959,1.16064960759548
2316,"Sambar deer","SBR",1,"dist_str + ndvi_cv + elev + BB + DD",0.145452982687763,0.732750607462967,1.15656335549192
2317,"Sambar deer","SBR",1,"dist_str + ndvi_cv + elev + BB + DD",0.117689277356009,0.691425245968916,1.12489453031649
2318,"Sambar deer","SBR",1,"dist_str + ndvi_cv + elev + BB + DD",0.0752434055410187,0.682634879446856,1.0781465468179
2319,"Sambar deer","SBR",1,"dist_str + ndvi_cv + elev + BB + DD",0.0240112494857645,0.649946057294014,1.02430184459858
2320,"Sambar deer","SBR",1,"dist_str + ndvi_cv + elev + BB + DD",0.00399966968953705,0.650253777204615,1.00400772306659
2321,"Sambar deer","SBR",1,"dist_str + ndvi_cv + elev + BB + DD",-0.0305549329014013,0.665961653803667,0.969907151086711
2322,"Sambar deer","SBR",1,"dist_str + ndvi_cv + elev + BB + DD",-0.0947710408930584,0.63653056129656,0.909581167885404
2323,"Sambar deer","SBR",1,"dist_str + ndvi_cv + elev + BB + DD",-0.16610674290071,0.644369201826261,0.846955825785178
2324,"Sambar deer","SBR",1,"dist_str + ndvi_cv + elev + BB + DD",-0.218446413761944,0.635209999647179,0.803766550394319
2325,"Sambar deer","SBR",1,"dist_str + ndvi_cv + elev + BB + DD",-0.289838803319127,0.643119808576366,0.748384196027098
2326,"Sambar deer","SBR",1,"dist_str + ndvi_cv + elev + BB + DD",-0.345306166669985,0.627524673156164,0.708003553643696
2327,"Sambar deer","SBR",1,"dist_str + ndvi_cv + elev + BB + DD",-0.327280194106229,0.62827834568826,0.720881752349097
2328,"Sambar deer","SBR",1,"dist_str + ndvi_cv + elev + BB + DD",-0.270153819290497,0.629902269280274,0.763262081846771
2329,"Sambar deer","SBR",1,"dist_str + ndvi_cv + elev + BB + DD",-0.244961527001913,0.648611365533752,0.782734652403457
2330,"Sambar deer","SBR",1,"dist_str + ndvi_cv + elev + BB + DD",-0.261911055913653,0.67262640830441,0.769579470509855
2331,"Sambar deer","SBR",1,"dist_str + ndvi_cv + elev + BB + DD",-0.276109718734813,0.673220895367382,0.758729686623491
2332,"Sambar deer","SBR",1,"dist_str + ndvi_cv + elev + BB + DD",-0.307169645029761,0.64589114721365,0.735525812084448
2333,"Sambar deer","SBR",1,"dist_str + ndvi_cv + elev + BB + DD",-0.300929665010498,0.652405350910509,0.740129834582055
2334,"Sambar deer","SBR",1,"dist_str + ndvi_cv + elev + BB + DD",-0.304277768095593,0.619063395894491,0.73765594079429
2335,"Sambar deer","SBR",1,"dist_str + ndvi_cv + elev + BB + DD",-0.348874432235762,0.621105233175676,0.705481710522823
2336,"Sambar deer","SBR",1,"dist_str + ndvi_cv + elev + BB + DD",-0.42895645459232,0.611007912449738,0.651188297951211
2337,"Sambar deer","SBR",1,"dist_str + ndvi_cv + elev + BB + DD",-0.44903243972154,0.613461906884309,0.638245393866559
2338,"Sambar deer","SBR",1,"dist_str + ndvi_cv + elev + BB + DD",-0.47824294616853,0.624989542119918,0.619871583466698
2339,"Sambar deer","SBR",1,"dist_str + ndvi_cv + elev + BB + DD",-0.438647767061993,0.635755502442038,0.644907898429723
2340,"Sambar deer","SBR",1,"dist_str + ndvi_cv + elev + BB + DD",-0.413156088551741,0.608980006429919,0.661559013321029
2341,"Sambar deer","SBR",1,"dist_str + ndvi_cv + elev + BB + DD",-0.493257849966056,0.596941204367678,0.610633796935548
2342,"Sambar deer","SBR",1,"dist_str + ndvi_cv + elev + BB + DD",-0.567505906431209,0.577280323090293,0.566937673429749
2343,"Sambar deer","SBR",1,"dist_str + ndvi_cv + elev + BB + DD",-0.598214371746654,0.593791229056726,0.549792485206023
2344,"Sambar deer","SBR",1,"dist_str + ndvi_cv + elev + BB + DD",-0.578690080921507,0.600501823024812,0.560632268689107
2345,"Sambar deer","SBR",1,"dist_str + ndvi_cv + elev + BB + DD",-0.495581846050169,0.639042355053893,0.609216335167343
2346,"Sambar deer","SBR",1,"dist_str + ndvi_cv + elev + BB + DD",-0.434880790816957,0.647906909331904,0.647341831981967
2347,"Sambar deer","SBR",1,"dist_str + ndvi_cv + elev + BB + DD",-0.408950267899192,0.697616213922745,0.664347271900818
2348,"Sambar deer","SBR",1,"dist_str + ndvi_cv + elev + BB + DD",-0.390503837055994,0.763586431401413,0.67671583825744
2349,"Sambar deer","SBR",1,"dist_str + ndvi_cv + elev + BB + DD",0.146302617988415,0.835868191739438,1.15754643292539
2350,"Sambar deer","SBR",1,"dist_str + ndvi_cv + elev + BB + DD",0.203526489595553,0.748442925626094,1.22571765130044
2351,"Sambar deer","SBR",1,"dist_str + ndvi_cv + elev + BB + DD",0.180526448539044,0.719059445673226,1.19784780292168
2352,"Sambar deer","SBR",1,"dist_str + ndvi_cv + elev + BB + DD",0.137882267289735,0.701506542897294,1.14784040434169
2353,"Sambar deer","SBR",1,"dist_str + ndvi_cv + elev + BB + DD",0.0805689520902631,0.676739895626098,1.08390358170114
2354,"Sambar deer","SBR",1,"dist_str + ndvi_cv + elev + BB + DD",0.0642065435436445,0.657486527113963,1.06631261614194
2355,"Sambar deer","SBR",1,"dist_str + ndvi_cv + elev + BB + DD",0.0340890706630271,0.667605067667208,1.03467676376587
2356,"Sambar deer","SBR",1,"dist_str + ndvi_cv + elev + BB + DD",-0.0204562735877279,0.663245658591547,0.979751538934523
2357,"Sambar deer","SBR",1,"dist_str + ndvi_cv + elev + BB + DD",-0.065225941488533,0.65550574119693,0.936855769909947
2358,"Sambar deer","SBR",1,"dist_str + ndvi_cv + elev + BB + DD",-0.101400280837052,0.631100748171864,0.903571280549293
2359,"Sambar deer","SBR",1,"dist_str + ndvi_cv + elev + BB + DD",-0.181062722067704,0.630546336038116,0.834383024376733
2360,"Sambar deer","SBR",1,"dist_str + ndvi_cv + elev + BB + DD",-0.320725022744049,0.595989458091882,0.725622753459358
2361,"Sambar deer","SBR",1,"dist_str + ndvi_cv + elev + BB + DD",-0.561389950141598,0.502655875165401,0.570415668349525
2362,"Sambar deer","SBR",1,"dist_str + ndvi_cv + elev + BB + DD",-0.321888266914762,0.614765545683113,0.724779167734642
2363,"Sambar deer","SBR",1,"dist_str + ndvi_cv + elev + BB + DD",-0.26617815199983,0.628512784430525,0.766302597150909
2364,"Sambar deer","SBR",1,"dist_str + ndvi_cv + elev + BB + DD",-0.252949574550745,0.662264568518172,0.776507036657888
2365,"Sambar deer","SBR",1,"dist_str + ndvi_cv + elev + BB + DD",-0.278839975279294,0.659102912575014,0.756660980960431
2366,"Sambar deer","SBR",1,"dist_str + ndvi_cv + elev + BB + DD",-0.325870559369964,0.658158238136006,0.721898626910553
2367,"Sambar deer","SBR",1,"dist_str + ndvi_cv + elev + BB + DD",-0.340235328138654,0.630351292943905,0.711602843013545
2368,"Sambar deer","SBR",1,"dist_str + ndvi_cv + elev + BB + DD",-0.351611802604993,0.656181068799424,0.703553186717645
2369,"Sambar deer","SBR",1,"dist_str + ndvi_cv + elev + BB + DD",-0.36303601320569,0.635757899555588,0.695561383757838
2370,"Sambar deer","SBR",1,"dist_str + ndvi_cv + elev + BB + DD",-0.402184242861769,0.620059896317234,0.668857502298037
2371,"Sambar deer","SBR",1,"dist_str + ndvi_cv + elev + BB + DD",-0.493327040045235,0.622206619773608,0.610591551207733
2372,"Sambar deer","SBR",1,"dist_str + ndvi_cv + elev + BB + DD",-0.733006404290842,0.574831880898265,0.480462358825248
2373,"Sambar deer","SBR",1,"dist_str + ndvi_cv + elev + BB + DD",-0.581741276068032,0.594022803333873,0.558924277274698
2374,"Sambar deer","SBR",1,"dist_str + ndvi_cv + elev + BB + DD",-0.496946935205148,0.619044643069566,0.608385267403311
2375,"Sambar deer","SBR",1,"dist_str + ndvi_cv + elev + BB + DD",-0.465260332554006,0.602806350568278,0.627971605883265
2376,"Sambar deer","SBR",1,"dist_str + ndvi_cv + elev + BB + DD",-0.502197475309623,0.596049741816486,0.605199293735366
2377,"Sambar deer","SBR",1,"dist_str + ndvi_cv + elev + BB + DD",-0.619765781474115,0.568994019521942,0.538070449723717
2378,"Sambar deer","SBR",1,"dist_str + ndvi_cv + elev + BB + DD",-0.916146782893538,0.429097528631373,0.400057584565731
2379,"Sambar deer","SBR",1,"dist_str + ndvi_cv + elev + BB + DD",-0.61893699961898,0.578418698404371,0.538516576785208
2380,"Sambar deer","SBR",1,"dist_str + ndvi_cv + elev + BB + DD",-0.491013040442021,0.633095495627522,0.612006093273995
2381,"Sambar deer","SBR",1,"dist_str + ndvi_cv + elev + BB + DD",-0.461102717028107,0.658039660092689,0.630587901970272
2382,"Sambar deer","SBR",1,"dist_str + ndvi_cv + elev + BB + DD",-0.443814378758771,0.682006152514911,0.641584501610707
2383,"Sambar deer","SBR",1,"dist_str + ndvi_cv + elev + BB + DD",-0.411875138387444,0.788402534279405,0.662406980106609
2384,"Sambar deer","SBR",1,"dist_str + ndvi_cv + elev + BB + DD",-0.401156760771692,0.960887142484098,0.669545095787213
2385,"Sambar deer","SBR",1,"dist_str + ndvi_cv + elev + BB + DD",0.179186064179474,0.833409499269328,1.1962433052467
2386,"Sambar deer","SBR",1,"dist_str + ndvi_cv + elev + BB + DD",0.15793427705292,0.755938326255472,1.17108927131065
2387,"Sambar deer","SBR",1,"dist_str + ndvi_cv + elev + BB + DD",0.177781032324262,0.721552255407772,1.1945637220651
2388,"Sambar deer","SBR",1,"dist_str + ndvi_cv + elev + BB + DD",0.176570675586816,0.703525067592154,1.1931187634059
2389,"Sambar deer","SBR",1,"dist_str + ndvi_cv + elev + BB + DD",0.144469665815033,0.685212766454479,1.15542664791085
2390,"Sambar deer","SBR",1,"dist_str + ndvi_cv + elev + BB + DD",0.0800404999761853,0.677765941666528,1.08333094190664
2391,"Sambar deer","SBR",1,"dist_str + ndvi_cv + elev + BB + DD",0.0542974726646638,0.671172020188176,1.05579864576306
2392,"Sambar deer","SBR",1,"dist_str + ndvi_cv + elev + BB + DD",0.0283311347042188,0.676705937374273,1.02873630366956
2393,"Sambar deer","SBR",1,"dist_str + ndvi_cv + elev + BB + DD",-0.0119182279267614,0.655374172127143,0.988152512852253
2394,"Sambar deer","SBR",1,"dist_str + ndvi_cv + elev + BB + DD",-0.0637722043589944,0.642085541048455,0.938218697493218
2395,"Sambar deer","SBR",1,"dist_str + ndvi_cv + elev + BB + DD",-0.12283104776278,0.644206077289846,0.884413079110987
2396,"Sambar deer","SBR",1,"dist_str + ndvi_cv + elev + BB + DD",-0.229646533963949,0.612449315061849,0.794814493062534
2397,"Sambar deer","SBR",1,"dist_str + ndvi_cv + elev + BB + DD",-0.328796409018787,0.595694445215924,0.719789544541783
2398,"Sambar deer","SBR",1,"dist_str + ndvi_cv + elev + BB + DD",-0.280009573935969,0.631165866162072,0.755776505750644
2399,"Sambar deer","SBR",1,"dist_str + ndvi_cv + elev + BB + DD",-0.218121508007547,0.648789684084402,0.804027740429965
2400,"Sambar deer","SBR",1,"dist_str + ndvi_cv + elev + BB + DD",-0.235221427063143,0.651436029287537,0.790395819821071
2401,"Sambar deer","SBR",1,"dist_str + ndvi_cv + elev + BB + DD",-0.281831801802819,0.663518474731748,0.754400562942938
2402,"Sambar deer","SBR",1,"dist_str + ndvi_cv + elev + BB + DD",-0.323395658061544,0.638216788808724,0.723687464945514
2403,"Sambar deer","SBR",1,"dist_str + ndvi_cv + elev + BB + DD",-0.343921592209389,0.6459985968264,0.708984542182607
2404,"Sambar deer","SBR",1,"dist_str + ndvi_cv + elev + BB + DD",-0.36025182628778,0.649902807650917,0.69750065526246
2405,"Sambar deer","SBR",1,"dist_str + ndvi_cv + elev + BB + DD",-0.389732382110865,0.637071843035059,0.677238091284673
2406,"Sambar deer","SBR",1,"dist_str + ndvi_cv + elev + BB + DD",-0.419791770233205,0.647766191763118,0.657183652626102
2407,"Sambar deer","SBR",1,"dist_str + ndvi_cv + elev + BB + DD",-0.504022993710192,0.619314180696725,0.604095492335157
2408,"Sambar deer","SBR",1,"dist_str + ndvi_cv + elev + BB + DD",-0.607207380675385,0.618221715300603,0.544870368422398
2409,"Sambar deer","SBR",1,"dist_str + ndvi_cv + elev + BB + DD",-0.540149297689012,0.605928154442394,0.582661256779406
2410,"Sambar deer","SBR",1,"dist_str + ndvi_cv + elev + BB + DD",-0.514602333814147,0.611590234163927,0.59773824884168
2411,"Sambar deer","SBR",1,"dist_str + ndvi_cv + elev + BB + DD",-0.473222520688883,0.599656785468989,0.622991438609828
2412,"Sambar deer","SBR",1,"dist_str + ndvi_cv + elev + BB + DD",-0.48256379763542,0.60537397200811,0.617198991314115
2413,"Sambar deer","SBR",1,"dist_str + ndvi_cv + elev + BB + DD",-0.608526553928402,0.570580946267507,0.544152060346795
2414,"Sambar deer","SBR",1,"dist_str + ndvi_cv + elev + BB + DD",-0.772161956707137,0.476738427915578,0.462013135491812
2415,"Sambar deer","SBR",1,"dist_str + ndvi_cv + elev + BB + DD",-0.629615709957715,0.594082919663106,0.532796512444857
2416,"Sambar deer","SBR",1,"dist_str + ndvi_cv + elev + BB + DD",-0.531157923177002,0.644462859493179,0.587923806298966
2417,"Sambar deer","SBR",1,"dist_str + ndvi_cv + elev + BB + DD",-0.466368269338822,0.668049681783649,0.627276241315155
2418,"Sambar deer","SBR",1,"dist_str + ndvi_cv + elev + BB + DD",-0.426223197807742,0.711251343818243,0.652970584505846
2419,"Sambar deer","SBR",1,"dist_str + ndvi_cv + elev + BB + DD",-0.416723960843692,0.799328965855741,0.659202888263439
2420,"Sambar deer","SBR",1,"dist_str + ndvi_cv + elev + BB + DD",-0.430977109940324,0.975767892349338,0.649873786263633
2421,"Sambar deer","SBR",1,"dist_str + ndvi_cv + elev + BB + DD",0.234508439951564,0.964610267353567,1.26428714312003
2422,"Sambar deer","SBR",1,"dist_str + ndvi_cv + elev + BB + DD",0.193600891291298,0.838928041116762,1.21361182344147
2423,"Sambar deer","SBR",1,"dist_str + ndvi_cv + elev + BB + DD",0.189498033973399,0.771345311381941,1.20864275374111
2424,"Sambar deer","SBR",1,"dist_str + ndvi_cv + elev + BB + DD",0.197971282035372,0.737663843281065,1.21892738821943
2425,"Sambar deer","SBR",1,"dist_str + ndvi_cv + elev + BB + DD",0.200999812993555,0.703004569786444,1.22262454388304
2426,"Sambar deer","SBR",1,"dist_str + ndvi_cv + elev + BB + DD",0.17803106693145,0.692215531274528,1.19486244136799
2427,"Sambar deer","SBR",1,"dist_str + ndvi_cv + elev + BB + DD",0.137207440361387,0.681664022755079,1.14706608556602
2428,"Sambar deer","SBR",1,"dist_str + ndvi_cv + elev + BB + DD",0.114668582464669,0.66905234916786,1.12150169067732
2429,"Sambar deer","SBR",1,"dist_str + ndvi_cv + elev + BB + DD",0.0819441290539818,0.673357286366646,1.08539516757209
2430,"Sambar deer","SBR",1,"dist_str + ndvi_cv + elev + BB + DD",0.0755883783240865,0.660711698437218,1.07851854198627
2431,"Sambar deer","SBR",1,"dist_str + ndvi_cv + elev + BB + DD",0.0128281989116361,0.645244161379849,1.01291084671398
2432,"Sambar deer","SBR",1,"dist_str + ndvi_cv + elev + BB + DD",-0.0444999072334989,0.626935514195691,0.95647568882456
2433,"Sambar deer","SBR",1,"dist_str + ndvi_cv + elev + BB + DD",-0.104792088134785,0.623236566543303,0.900511731798117
2434,"Sambar deer","SBR",1,"dist_str + ndvi_cv + elev + BB + DD",-0.158191710257585,0.619428760924994,0.853686106686679
2435,"Sambar deer","SBR",1,"dist_str + ndvi_cv + elev + BB + DD",-0.153824577297763,0.636841927206734,0.857422420012659
2436,"Sambar deer","SBR",1,"dist_str + ndvi_cv + elev + BB + DD",-0.161986025804369,0.654643353055996,0.850453088945655
2437,"Sambar deer","SBR",1,"dist_str + ndvi_cv + elev + BB + DD",-0.21199990876267,0.670464809788657,0.808964774542435
2438,"Sambar deer","SBR",1,"dist_str + ndvi_cv + elev + BB + DD",-0.254880953037318,0.663360997641023,0.775008755241318
2439,"Sambar deer","SBR",1,"dist_str + ndvi_cv + elev + BB + DD",-0.293503976985447,0.654331434060743,0.745646257479883
2440,"Sambar deer","SBR",1,"dist_str + ndvi_cv + elev + BB + DD",-0.288027259671932,0.653083460747198,0.749741155356253
2441,"Sambar deer","SBR",1,"dist_str + ndvi_cv + elev + BB + DD",-0.323095864841392,0.67261450598771,0.723904459788876
2442,"Sambar deer","SBR",1,"dist_str + ndvi_cv + elev + BB + DD",-0.360455400003583,0.658551849689679,0.697358676604185
2443,"Sambar deer","SBR",1,"dist_str + ndvi_cv + elev + BB + DD",-0.39465679388792,0.643107641198964,0.673911290981373
2444,"Sambar deer","SBR",1,"dist_str + ndvi_cv + elev + BB + DD",-0.45530579517349,0.632918511037988,0.634253999304565
2445,"Sambar deer","SBR",1,"dist_str + ndvi_cv + elev + BB + DD",-0.514416925704583,0.606071318943157,0.59784908365414
2446,"Sambar deer","SBR",1,"dist_str + ndvi_cv + elev + BB + DD",-0.508480579596862,0.619106834685386,0.601408677610694
2447,"Sambar deer","SBR",1,"dist_str + ndvi_cv + elev + BB + DD",-0.454247235462472,0.605666776739581,0.634925737699977
2448,"Sambar deer","SBR",1,"dist_str + ndvi_cv + elev + BB + DD",-0.446551101564352,0.606317930680149,0.639831063783437
2449,"Sambar deer","SBR",1,"dist_str + ndvi_cv + elev + BB + DD",-0.440158775165994,0.595542454725694,0.64393417288699
2450,"Sambar deer","SBR",1,"dist_str + ndvi_cv + elev + BB + DD",-0.497577120619019,0.595389002848604,0.608001997053096
2451,"Sambar deer","SBR",1,"dist_str + ndvi_cv + elev + BB + DD",-0.527869081000987,0.611891116103779,0.589860579667159
2452,"Sambar deer","SBR",1,"dist_str + ndvi_cv + elev + BB + DD",-0.513295482369466,0.619540898079646,0.598519915843634
2453,"Sambar deer","SBR",1,"dist_str + ndvi_cv + elev + BB + DD",-0.4720445248967,0.663373130520455,0.623725741401022
2454,"Sambar deer","SBR",1,"dist_str + ndvi_cv + elev + BB + DD",-0.427075654314347,0.685431780173781,0.652414193160866
2455,"Sambar deer","SBR",1,"dist_str + ndvi_cv + elev + BB + DD",-0.43570004536119,0.754359622553366,0.646811711956392
2456,"Sambar deer","SBR",1,"dist_str + ndvi_cv + elev + BB + DD",-0.426679421567413,0.874121633533363,0.652672753751244
2457,"Sambar deer","SBR",1,"dist_str + ndvi_cv + elev + BB + DD",0.191612399040927,0.929851761673718,1.21120096334016
2458,"Sambar deer","SBR",1,"dist_str + ndvi_cv + elev + BB + DD",0.222858799662945,0.819673561185399,1.24964411119573
2459,"Sambar deer","SBR",1,"dist_str + ndvi_cv + elev + BB + DD",0.198002975673192,0.774871163758832,1.21896602163231
2460,"Sambar deer","SBR",1,"dist_str + ndvi_cv + elev + BB + DD",0.218371621623675,0.753020202061257,1.2440493071565
2461,"Sambar deer","SBR",1,"dist_str + ndvi_cv + elev + BB + DD",0.21634389178645,0.70710364212321,1.24152926210831
2462,"Sambar deer","SBR",1,"dist_str + ndvi_cv + elev + BB + DD",0.210563507015432,0.687944811637405,1.23437344778413
2463,"Sambar deer","SBR",1,"dist_str + ndvi_cv + elev + BB + DD",0.1662792974696,0.680179205091431,1.18090287892779
2464,"Sambar deer","SBR",1,"dist_str + ndvi_cv + elev + BB + DD",0.182594734703681,0.683293892911463,1.20032787124137
2465,"Sambar deer","SBR",1,"dist_str + ndvi_cv + elev + BB + DD",0.134821540253467,0.678871189198828,1.14433254883559
2466,"Sambar deer","SBR",1,"dist_str + ndvi_cv + elev + BB + DD",0.118330407177675,0.664565074994487,1.12561596882142
2467,"Sambar deer","SBR",1,"dist_str + ndvi_cv + elev + BB + DD",0.0975243571211228,0.653012680048679,1.10243829352437
2468,"Sambar deer","SBR",1,"dist_str + ndvi_cv + elev + BB + DD",0.0192560318623722,0.644852982691658,1.01944262541101
2469,"Sambar deer","SBR",1,"dist_str + ndvi_cv + elev + BB + DD",-0.0218392868999359,0.627344255638904,0.978397470902262
2470,"Sambar deer","SBR",1,"dist_str + ndvi_cv + elev + BB + DD",-0.042235678213314,0.650064323796522,0.958643823591237
2471,"Sambar deer","SBR",1,"dist_str + ndvi_cv + elev + BB + DD",-0.0746174048706035,0.647483893460537,0.928098509846415
2472,"Sambar deer","SBR",1,"dist_str + ndvi_cv + elev + BB + DD",-0.0882100591929158,0.647643205026552,0.915568533753375
2473,"Sambar deer","SBR",1,"dist_str + ndvi_cv + elev + BB + DD",-0.142726194609635,0.64978161451837,0.866991423494507
2474,"Sambar deer","SBR",1,"dist_str + ndvi_cv + elev + BB + DD",-0.186661285467949,0.679966750099592,0.82972472863049
2475,"Sambar deer","SBR",1,"dist_str + ndvi_cv + elev + BB + DD",-0.227636939586328,0.648461825543973,0.796413353635263
2476,"Sambar deer","SBR",1,"dist_str + ndvi_cv + elev + BB + DD",-0.270162662026693,0.65909218116925,0.763255332218364
2477,"Sambar deer","SBR",1,"dist_str + ndvi_cv + elev + BB + DD",-0.300996758401822,0.650771965730003,0.740080171790877
2478,"Sambar deer","SBR",1,"dist_str + ndvi_cv + elev + BB + DD",-0.345173323717189,0.647136992806118,0.708097612726563
2479,"Sambar deer","SBR",1,"dist_str + ndvi_cv + elev + BB + DD",-0.374000528790447,0.628324096388448,0.687976559421397
2480,"Sambar deer","SBR",1,"dist_str + ndvi_cv + elev + BB + DD",-0.416521510334301,0.629756024391099,0.65933633135027
2481,"Sambar deer","SBR",1,"dist_str + ndvi_cv + elev + BB + DD",-0.458568774856526,0.609117091278201,0.632187801890687
2482,"Sambar deer","SBR",1,"dist_str + ndvi_cv + elev + BB + DD",-0.449183356330288,0.60070577673652,0.638149079357509
2483,"Sambar deer","SBR",1,"dist_str + ndvi_cv + elev + BB + DD",-0.432004142147781,0.587511989071877,0.649206687773089
2484,"Sambar deer","SBR",1,"dist_str + ndvi_cv + elev + BB + DD",-0.363565373980068,0.607309862565925,0.695193297408689
2485,"Sambar deer","SBR",1,"dist_str + ndvi_cv + elev + BB + DD",-0.321479091127958,0.598292882648436,0.725075791301092
2486,"Sambar deer","SBR",1,"dist_str + ndvi_cv + elev + BB + DD",-0.342435762615404,0.599938641057285,0.710038729181295
2487,"Sambar deer","SBR",1,"dist_str + ndvi_cv + elev + BB + DD",-0.365158135497209,0.600959722362947,0.694086882868226
2488,"Sambar deer","SBR",1,"dist_str + ndvi_cv + elev + BB + DD",-0.366291847879204,0.62242583493689,0.693300436182896
2489,"Sambar deer","SBR",1,"dist_str + ndvi_cv + elev + BB + DD",-0.374032058848878,0.669354353263668,0.687954858615067
2490,"Sambar deer","SBR",1,"dist_str + ndvi_cv + elev + BB + DD",-0.375954616823076,0.721062378567409,0.686633494606189
2491,"Sambar deer","SBR",1,"dist_str + ndvi_cv + elev + BB + DD",-0.403454836588588,0.831678193464536,0.668008196992386
2492,"Sambar deer","SBR",1,"dist_str + ndvi_cv + elev + BB + DD",0.236148970293405,0.966371389403918,1.2663629465769
2493,"Sambar deer","SBR",1,"dist_str + ndvi_cv + elev + BB + DD",0.233767008740559,0.825148287825631,1.26335011217814
2494,"Sambar deer","SBR",1,"dist_str + ndvi_cv + elev + BB + DD",0.205668665952379,0.760569609595461,1.22834614371213
2495,"Sambar deer","SBR",1,"dist_str + ndvi_cv + elev + BB + DD",0.224398272164759,0.740430969777852,1.2515694118954
2496,"Sambar deer","SBR",1,"dist_str + ndvi_cv + elev + BB + DD",0.214705743691773,0.709211080296548,1.23949712279984
2497,"Sambar deer","SBR",1,"dist_str + ndvi_cv + elev + BB + DD",0.229062120107474,0.689729115099288,1.25742014928671
2498,"Sambar deer","SBR",1,"dist_str + ndvi_cv + elev + BB + DD",0.226881402409179,0.68858011432741,1.25468105706442
2499,"Sambar deer","SBR",1,"dist_str + ndvi_cv + elev + BB + DD",0.212818059228428,0.67976297241082,1.23715954333426
2500,"Sambar deer","SBR",1,"dist_str + ndvi_cv + elev + BB + DD",0.19036446803491,0.691322796432607,1.20969041081027
2501,"Sambar deer","SBR",1,"dist_str + ndvi_cv + elev + BB + DD",0.183207593822722,0.703530009224678,1.20106372913822
2502,"Sambar deer","SBR",1,"dist_str + ndvi_cv + elev + BB + DD",0.139847334447647,0.666137958237103,1.1500982096058
2503,"Sambar deer","SBR",1,"dist_str + ndvi_cv + elev + BB + DD",0.110205887593655,0.649554771379155,1.11650792697414
2504,"Sambar deer","SBR",1,"dist_str + ndvi_cv + elev + BB + DD",0.0811448110371793,0.645564890257931,1.08452793907825
2505,"Sambar deer","SBR",1,"dist_str + ndvi_cv + elev + BB + DD",0.0596638633605823,0.639012690757962,1.06147970460684
2506,"Sambar deer","SBR",1,"dist_str + ndvi_cv + elev + BB + DD",0.0263340704679681,0.655208691565189,1.02668387783395
2507,"Sambar deer","SBR",1,"dist_str + ndvi_cv + elev + BB + DD",-0.023038227575734,0.642349098436571,0.977225126301176
2508,"Sambar deer","SBR",1,"dist_str + ndvi_cv + elev + BB + DD",-0.0527372060623816,0.654167363270023,0.948629278781984
2509,"Sambar deer","SBR",1,"dist_str + ndvi_cv + elev + BB + DD",-0.124404086187952,0.641625886084708,0.883022952223089
2510,"Sambar deer","SBR",1,"dist_str + ndvi_cv + elev + BB + DD",-0.175276681116146,0.650446868754187,0.839224795661454
2511,"Sambar deer","SBR",1,"dist_str + ndvi_cv + elev + BB + DD",-0.218697543812669,0.65312687247892,0.803564724814724
2512,"Sambar deer","SBR",1,"dist_str + ndvi_cv + elev + BB + DD",-0.26067318924978,0.641255933315487,0.770532697594908
2513,"Sambar deer","SBR",1,"dist_str + ndvi_cv + elev + BB + DD",-0.304330089201953,0.634367721616345,0.737617347823293
2514,"Sambar deer","SBR",1,"dist_str + ndvi_cv + elev + BB + DD",-0.341149953544657,0.632229376141989,0.710952290792994
2515,"Sambar deer","SBR",1,"dist_str + ndvi_cv + elev + BB + DD",-0.402096197299076,0.614153119562831,0.66891639713574
2516,"Sambar deer","SBR",1,"dist_str + ndvi_cv + elev + BB + DD",-0.426418051305725,0.5997494344548,0.652843368145353
2517,"Sambar deer","SBR",1,"dist_str + ndvi_cv + elev + BB + DD",-0.44735609100251,0.599666441539681,0.639316213171841
2518,"Sambar deer","SBR",1,"dist_str + ndvi_cv + elev + BB + DD",-0.354217155819355,0.593702514007972,0.701722575377196
2519,"Sambar deer","SBR",1,"dist_str + ndvi_cv + elev + BB + DD",-0.267633598497996,0.585891926231935,0.765188095965985
2520,"Sambar deer","SBR",1,"dist_str + ndvi_cv + elev + BB + DD",-0.186075952264157,0.569815276572657,0.830210536345901
2521,"Sambar deer","SBR",1,"dist_str + ndvi_cv + elev + BB + DD",-0.182301589997971,0.59555893511211,0.833349972508376
2522,"Sambar deer","SBR",1,"dist_str + ndvi_cv + elev + BB + DD",-0.207662693350712,0.613702194956571,0.812481055230172
2523,"Sambar deer","SBR",1,"dist_str + ndvi_cv + elev + BB + DD",-0.241988157277437,0.636762980342684,0.785065474908571
2524,"Sambar deer","SBR",1,"dist_str + ndvi_cv + elev + BB + DD",-0.287137497922752,0.673325833445802,0.750408544144511
2525,"Sambar deer","SBR",1,"dist_str + ndvi_cv + elev + BB + DD",-0.289666384328588,0.745897392912455,0.748513242422274
2526,"Sambar deer","SBR",1,"dist_str + ndvi_cv + elev + BB + DD",0.24864997117898,0.795507881626863,1.28229311813225
2527,"Sambar deer","SBR",1,"dist_str + ndvi_cv + elev + BB + DD",0.254393647885603,0.760608625034163,1.28967938738528
2528,"Sambar deer","SBR",1,"dist_str + ndvi_cv + elev + BB + DD",0.267194238423841,0.720088553093256,1.30629415420753
2529,"Sambar deer","SBR",1,"dist_str + ndvi_cv + elev + BB + DD",0.266603962816906,0.703647056184937,1.305523308775
2530,"Sambar deer","SBR",1,"dist_str + ndvi_cv + elev + BB + DD",0.265995034205593,0.697569119105343,1.30472857969062
2531,"Sambar deer","SBR",1,"dist_str + ndvi_cv + elev + BB + DD",0.268963013582532,0.702098387333887,1.30860673992225
2532,"Sambar deer","SBR",1,"dist_str + ndvi_cv + elev + BB + DD",0.244182656932503,0.69252571911251,1.2765774857961
2533,"Sambar deer","SBR",1,"dist_str + ndvi_cv + elev + BB + DD",0.258646646194407,0.695778288387711,1.29517606859997
2534,"Sambar deer","SBR",1,"dist_str + ndvi_cv + elev + BB + DD",0.225862070577468,0.690871308603813,1.25340277514545
2535,"Sambar deer","SBR",1,"dist_str + ndvi_cv + elev + BB + DD",0.210237554021584,0.69882773553872,1.23397116141256
2536,"Sambar deer","SBR",1,"dist_str + ndvi_cv + elev + BB + DD",0.192387246704145,0.688006778572755,1.21213985110009
2537,"Sambar deer","SBR",1,"dist_str + ndvi_cv + elev + BB + DD",0.186316734930182,0.657424308949254,1.20480380378556
2538,"Sambar deer","SBR",1,"dist_str + ndvi_cv + elev + BB + DD",0.134853325201584,0.636738457813721,1.14436893091391
2539,"Sambar deer","SBR",1,"dist_str + ndvi_cv + elev + BB + DD",0.0883316314349532,0.619476555621232,1.09235035425753
2540,"Sambar deer","SBR",1,"dist_str + ndvi_cv + elev + BB + DD",0.0576680590325109,0.632708731590226,1.05936330218604
2541,"Sambar deer","SBR",1,"dist_str + ndvi_cv + elev + BB + DD",0.0085943936535501,0.630801567385995,1.00863143149622
2542,"Sambar deer","SBR",1,"dist_str + ndvi_cv + elev + BB + DD",-0.0636364532301183,0.629542883465775,0.938346072196698
2543,"Sambar deer","SBR",1,"dist_str + ndvi_cv + elev + BB + DD",-0.128050481776988,0.616509027354765,0.879808964441132
2544,"Sambar deer","SBR",1,"dist_str + ndvi_cv + elev + BB + DD",-0.178595959958214,0.613057611126863,0.836443788669886
2545,"Sambar deer","SBR",1,"dist_str + ndvi_cv + elev + BB + DD",-0.205732844488888,0.617045632640612,0.814050525759899
2546,"Sambar deer","SBR",1,"dist_str + ndvi_cv + elev + BB + DD",-0.271718310112757,0.620070688734433,0.762068898062461
2547,"Sambar deer","SBR",1,"dist_str + ndvi_cv + elev + BB + DD",-0.325796443662701,0.633389526712404,0.721952132146449
2548,"Sambar deer","SBR",1,"dist_str + ndvi_cv + elev + BB + DD",-0.386050495562233,0.619293073750801,0.679736201152255
2549,"Sambar deer","SBR",1,"dist_str + ndvi_cv + elev + BB + DD",-0.41956699355992,0.595181140152864,0.657331399466278
2550,"Sambar deer","SBR",1,"dist_str + ndvi_cv + elev + BB + DD",-0.411471519965041,0.598757898791887,0.662674395739927
2551,"Sambar deer","SBR",1,"dist_str + ndvi_cv + elev + BB + DD",-0.351932497064312,0.59641908903985,0.703327597054196
2552,"Sambar deer","SBR",1,"dist_str + ndvi_cv + elev + BB + DD",-0.199274937931994,0.579071139172813,0.819324599657577
2553,"Sambar deer","SBR",1,"dist_str + ndvi_cv + elev + BB + DD",0.0426713542813362,0.520098030776122,1.04359486653118
2554,"Sambar deer","SBR",1,"dist_str + ndvi_cv + elev + BB + DD",0.0516442375183801,0.540000021949954,1.0530010575999
2555,"Sambar deer","SBR",1,"dist_str + ndvi_cv + elev + BB + DD",-0.0625898007715763,0.589171942450496,0.939328708241875
2556,"Sambar deer","SBR",1,"dist_str + ndvi_cv + elev + BB + DD",-0.166461407803344,0.643808936535127,0.846655492695155
2557,"Sambar deer","SBR",1,"dist_str + ndvi_cv + elev + BB + DD",-0.221676842920343,0.718548660579803,0.801174236477563
2558,"Sambar deer","SBR",1,"dist_str + ndvi_cv + elev + BB + DD",-0.268395767009842,0.844091855416239,0.764605116474818
2559,"Sambar deer","SBR",1,"dist_str + ndvi_cv + elev + BB + DD",0.292550551077232,0.949573298393899,1.33984046534952
2560,"Sambar deer","SBR",1,"dist_str + ndvi_cv + elev + BB + DD",0.27969316207831,0.817507411564752,1.32272390325263
2561,"Sambar deer","SBR",1,"dist_str + ndvi_cv + elev + BB + DD",0.281807360039067,0.729331107902734,1.32552334805897
2562,"Sambar deer","SBR",1,"dist_str + ndvi_cv + elev + BB + DD",0.27106707784516,0.711330110541238,1.31136303102393
2563,"Sambar deer","SBR",1,"dist_str + ndvi_cv + elev + BB + DD",0.280453619894199,0.686674562177423,1.3237301779005
2564,"Sambar deer","SBR",1,"dist_str + ndvi_cv + elev + BB + DD",0.302929083945615,0.70152246635197,1.35381845424876
2565,"Sambar deer","SBR",1,"dist_str + ndvi_cv + elev + BB + DD",0.300270892642524,0.682242632090388,1.35022452415437
2566,"Sambar deer","SBR",1,"dist_str + ndvi_cv + elev + BB + DD",0.301847857040898,0.696923827918665,1.35235545987996
2567,"Sambar deer","SBR",1,"dist_str + ndvi_cv + elev + BB + DD",0.305812673641981,0.702391503496543,1.35772804300667
2568,"Sambar deer","SBR",1,"dist_str + ndvi_cv + elev + BB + DD",0.318566531761937,0.693066482429242,1.37515511298596
2569,"Sambar deer","SBR",1,"dist_str + ndvi_cv + elev + BB + DD",0.310555580089682,0.68767297957449,1.36418281654426
2570,"Sambar deer","SBR",1,"dist_str + ndvi_cv + elev + BB + DD",0.280252832598934,0.683788848032305,1.32346438829371
2571,"Sambar deer","SBR",1,"dist_str + ndvi_cv + elev + BB + DD",0.266549468269193,0.660913206972434,1.30545216895834
2572,"Sambar deer","SBR",1,"dist_str + ndvi_cv + elev + BB + DD",0.211519423551213,0.579236083243117,1.23555397628102
2573,"Sambar deer","SBR",1,"dist_str + ndvi_cv + elev + BB + DD",0.176385395288548,0.564472862993136,1.19289770737998
2574,"Sambar deer","SBR",1,"dist_str + ndvi_cv + elev + BB + DD",0.115196465426749,0.627561289570174,1.1220938689282
2575,"Sambar deer","SBR",1,"dist_str + ndvi_cv + elev + BB + DD",0.0783846962954907,0.635777630693465,1.08153864278606
2576,"Sambar deer","SBR",1,"dist_str + ndvi_cv + elev + BB + DD",-0.0223808844199458,0.614841983179948,0.977867709647135
2577,"Sambar deer","SBR",1,"dist_str + ndvi_cv + elev + BB + DD",-0.0510026104943573,0.504817344356781,0.950276190414178
2578,"Sambar deer","SBR",1,"dist_str + ndvi_cv + elev + BB + DD",-0.103812467914309,0.575710234762048,0.901394323222274
2579,"Sambar deer","SBR",1,"dist_str + ndvi_cv + elev + BB + DD",-0.17379977023163,0.630799991862619,0.840465168127229
2580,"Sambar deer","SBR",1,"dist_str + ndvi_cv + elev + BB + DD",-0.234855815734467,0.6210350776716,0.790684847731538
2581,"Sambar deer","SBR",1,"dist_str + ndvi_cv + elev + BB + DD",-0.301866862410562,0.626187308836554,0.739436507867047
2582,"Sambar deer","SBR",1,"dist_str + ndvi_cv + elev + BB + DD",-0.371955545400663,0.62466127419769,0.689384894716525
2583,"Sambar deer","SBR",1,"dist_str + ndvi_cv + elev + BB + DD",-0.501813575995956,0.551101210238729,0.6054316672973
2584,"Sambar deer","SBR",1,"dist_str + ndvi_cv + elev + BB + DD",-0.494657140977712,0.550323777727039,0.609779941355944
2585,"Sambar deer","SBR",1,"dist_str + ndvi_cv + elev + BB + DD",-0.303884685741876,0.603010832417255,0.737945961127711
2586,"Sambar deer","SBR",1,"dist_str + ndvi_cv + elev + BB + DD",-0.168443710579895,0.573777595593772,0.844978826282372
2587,"Sambar deer","SBR",1,"dist_str + ndvi_cv + elev + BB + DD",0.0458945467964458,0.532039060652348,1.04696400678438
2588,"Sambar deer","SBR",1,"dist_str + ndvi_cv + elev + BB + DD",0.232712972506467,0.461553773335057,1.26201919522823
2589,"Sambar deer","SBR",1,"dist_str + ndvi_cv + elev + BB + DD",-0.0290226335125206,0.590571636550156,0.971394478562875
2590,"Sambar deer","SBR",1,"dist_str + ndvi_cv + elev + BB + DD",-0.112821311925115,0.638297069357607,0.893310272929494
2591,"Sambar deer","SBR",1,"dist_str + ndvi_cv + elev + BB + DD",-0.160190342992448,0.729162737287263,0.851981611485708
2592,"Sambar deer","SBR",1,"dist_str + ndvi_cv + elev + BB + DD",0.338212856874426,0.847969667786403,1.40243907538456
2593,"Sambar deer","SBR",1,"dist_str + ndvi_cv + elev + BB + DD",0.329247792225974,0.773305471400321,1.38992222645927
2594,"Sambar deer","SBR",1,"dist_str + ndvi_cv + elev + BB + DD",0.340894660294777,0.738985093908464,1.40620511206345
2595,"Sambar deer","SBR",1,"dist_str + ndvi_cv + elev + BB + DD",0.319992421560361,0.702816572971457,1.37711732868781
2596,"Sambar deer","SBR",1,"dist_str + ndvi_cv + elev + BB + DD",0.304961444130233,0.693710894034009,1.35657270935317
2597,"Sambar deer","SBR",1,"dist_str + ndvi_cv + elev + BB + DD",0.340417979616397,0.693053002690744,1.40553495610261
2598,"Sambar deer","SBR",1,"dist_str + ndvi_cv + elev + BB + DD",0.341012464372875,0.695842764039343,1.40637077164035
2599,"Sambar deer","SBR",1,"dist_str + ndvi_cv + elev + BB + DD",0.352887187227624,0.697819364905172,1.42317059434971
2600,"Sambar deer","SBR",1,"dist_str + ndvi_cv + elev + BB + DD",0.360521594591132,0.692219977742907,1.43407722795075
2601,"Sambar deer","SBR",1,"dist_str + ndvi_cv + elev + BB + DD",0.350824690153995,0.695814740468462,1.42023832273321
2602,"Sambar deer","SBR",1,"dist_str + ndvi_cv + elev + BB + DD",0.358964006477994,0.696312742659838,1.43184528282969
2603,"Sambar deer","SBR",1,"dist_str + ndvi_cv + elev + BB + DD",0.343015967878524,0.694807670654357,1.4091912959655
2604,"Sambar deer","SBR",1,"dist_str + ndvi_cv + elev + BB + DD",0.318584673830478,0.664441787916499,1.37518013987377
2605,"Sambar deer","SBR",1,"dist_str + ndvi_cv + elev + BB + DD",0.299350215669731,0.627625110170556,1.34898197538421
2606,"Sambar deer","SBR",1,"dist_str + ndvi_cv + elev + BB + DD",0.233933727130379,0.625588671399507,1.26356075113417
2607,"Sambar deer","SBR",1,"dist_str + ndvi_cv + elev + BB + DD",0.193918006932302,0.634166297314577,1.21399674211447
2608,"Sambar deer","SBR",1,"dist_str + ndvi_cv + elev + BB + DD",0.151572193955017,0.644703017159012,1.1636623086555
2609,"Sambar deer","SBR",1,"dist_str + ndvi_cv + elev + BB + DD",0.0343065326636751,0.636916819832112,1.03490180594279
2610,"Sambar deer","SBR",1,"dist_str + ndvi_cv + elev + BB + DD",-0.000653609140494098,0.637373143552156,0.999346604437167
2611,"Sambar deer","SBR",1,"dist_str + ndvi_cv + elev + BB + DD",-0.0850232306718636,0.627319662135409,0.918490946991972
2612,"Sambar deer","SBR",1,"dist_str + ndvi_cv + elev + BB + DD",-0.132459150947676,0.643680059277988,0.875938718688835
2613,"Sambar deer","SBR",1,"dist_str + ndvi_cv + elev + BB + DD",-0.199045434297469,0.634643449079603,0.819512705406094
2614,"Sambar deer","SBR",1,"dist_str + ndvi_cv + elev + BB + DD",-0.256074864632204,0.637741019918806,0.77408401684458
2615,"Sambar deer","SBR",1,"dist_str + ndvi_cv + elev + BB + DD",-0.310359420693378,0.620285692554979,0.73318338799729
2616,"Sambar deer","SBR",1,"dist_str + ndvi_cv + elev + BB + DD",-0.363713398064258,0.62922984597521,0.69509038066047
2617,"Sambar deer","SBR",1,"dist_str + ndvi_cv + elev + BB + DD",-0.355574310101484,0.600608460171665,0.700770868018702
2618,"Sambar deer","SBR",1,"dist_str + ndvi_cv + elev + BB + DD",-0.285539061341923,0.607178124055208,0.751608981803734
2619,"Sambar deer","SBR",1,"dist_str + ndvi_cv + elev + BB + DD",-0.183750733373077,0.594985172471572,0.832143223908024
2620,"Sambar deer","SBR",1,"dist_str + ndvi_cv + elev + BB + DD",-0.0765588711518437,0.576085533462962,0.926298382904049
2621,"Sambar deer","SBR",1,"dist_str + ndvi_cv + elev + BB + DD",-0.0143388708135234,0.583670858179474,0.985763442938138
2622,"Sambar deer","SBR",1,"dist_str + ndvi_cv + elev + BB + DD",-0.0376040850543136,0.610954199853775,0.963094168844416
2623,"Sambar deer","SBR",1,"dist_str + ndvi_cv + elev + BB + DD",-0.0979926809442586,0.668890163794105,0.906655542150243
2624,"Sambar deer","SBR",1,"dist_str + ndvi_cv + elev + BB + DD",-0.0811166223532441,0.788087045620512,0.922086149550026
2625,"Sambar deer","SBR",1,"dist_str + ndvi_cv + elev + BB + DD",0.413286306206133,0.972226997926692,1.51177785113347
2626,"Sambar deer","SBR",1,"dist_str + ndvi_cv + elev + BB + DD",0.418311879593561,0.842350713269644,1.51939447316827
2627,"Sambar deer","SBR",1,"dist_str + ndvi_cv + elev + BB + DD",0.382143630609383,0.777244428465417,1.4654225695668
2628,"Sambar deer","SBR",1,"dist_str + ndvi_cv + elev + BB + DD",0.368007428819726,0.745374223156765,1.44485277248479
2629,"Sambar deer","SBR",1,"dist_str + ndvi_cv + elev + BB + DD",0.3730537386526,0.714888158039575,1.45216243033121
2630,"Sambar deer","SBR",1,"dist_str + ndvi_cv + elev + BB + DD",0.369344042778722,0.695344664233563,1.44678531783986
2631,"Sambar deer","SBR",1,"dist_str + ndvi_cv + elev + BB + DD",0.376519417011382,0.680431266735265,1.45720383429459
2632,"Sambar deer","SBR",1,"dist_str + ndvi_cv + elev + BB + DD",0.375505474988095,0.692385838329234,1.45572706238825
2633,"Sambar deer","SBR",1,"dist_str + ndvi_cv + elev + BB + DD",0.390001129957562,0.696744736418662,1.47698246302269
2634,"Sambar deer","SBR",1,"dist_str + ndvi_cv + elev + BB + DD",0.39858102199619,0.683551160693935,1.48970933331348
2635,"Sambar deer","SBR",1,"dist_str + ndvi_cv + elev + BB + DD",0.387156950700647,0.690517297541167,1.47278763034082
2636,"Sambar deer","SBR",1,"dist_str + ndvi_cv + elev + BB + DD",0.429991468083825,0.695115361610608,1.53724442393524
2637,"Sambar deer","SBR",1,"dist_str + ndvi_cv + elev + BB + DD",0.405719595254205,0.684242448630778,1.5003817813429
2638,"Sambar deer","SBR",1,"dist_str + ndvi_cv + elev + BB + DD",0.414535947262342,0.680571443193167,1.51366815660616
2639,"Sambar deer","SBR",1,"dist_str + ndvi_cv + elev + BB + DD",0.41013241449462,0.648018349329786,1.50701732474056
2640,"Sambar deer","SBR",1,"dist_str + ndvi_cv + elev + BB + DD",0.354494396354914,0.638217873085921,1.42545975527319
2641,"Sambar deer","SBR",1,"dist_str + ndvi_cv + elev + BB + DD",0.294689915076053,0.650042882455664,1.34270994063224
2642,"Sambar deer","SBR",1,"dist_str + ndvi_cv + elev + BB + DD",0.209905074451293,0.654469422920018,1.23356095862638
2643,"Sambar deer","SBR",1,"dist_str + ndvi_cv + elev + BB + DD",0.109827749884114,0.66263939653641,1.11608584309932
2644,"Sambar deer","SBR",1,"dist_str + ndvi_cv + elev + BB + DD",0.0471038282993504,0.67355495274313,1.04823084078977
2645,"Sambar deer","SBR",1,"dist_str + ndvi_cv + elev + BB + DD",-0.0181104661998264,0.661192395111466,0.982052544864454
2646,"Sambar deer","SBR",1,"dist_str + ndvi_cv + elev + BB + DD",-0.0777954835563697,0.67926857249026,0.925153620917153
2647,"Sambar deer","SBR",1,"dist_str + ndvi_cv + elev + BB + DD",-0.157664209167926,0.654870703065363,0.854136563634434
2648,"Sambar deer","SBR",1,"dist_str + ndvi_cv + elev + BB + DD",-0.199681794351879,0.632444128134179,0.818991319558097
2649,"Sambar deer","SBR",1,"dist_str + ndvi_cv + elev + BB + DD",-0.234593718697639,0.646181598118656,0.790892113905939
2650,"Sambar deer","SBR",1,"dist_str + ndvi_cv + elev + BB + DD",-0.290415504066204,0.638360881280102,0.747952725677831
2651,"Sambar deer","SBR",1,"dist_str + ndvi_cv + elev + BB + DD",-0.281923933043012,0.620934461081827,0.754331076120437
2652,"Sambar deer","SBR",1,"dist_str + ndvi_cv + elev + BB + DD",-0.261059643582829,0.628930220367687,0.770234984462378
2653,"Sambar deer","SBR",1,"dist_str + ndvi_cv + elev + BB + DD",-0.224510111298895,0.625639193937719,0.798907502144964
2654,"Sambar deer","SBR",1,"dist_str + ndvi_cv + elev + BB + DD",-0.138821747766392,0.629404242021272,0.870383163322867
2655,"Sambar deer","SBR",1,"dist_str + ndvi_cv + elev + BB + DD",-0.0801891305732751,0.636839047357456,0.922941773458347
2656,"Sambar deer","SBR",1,"dist_str + ndvi_cv + elev + BB + DD",-0.0940844498533043,0.657734322994745,0.910205898643125
2657,"Sambar deer","SBR",1,"dist_str + ndvi_cv + elev + BB + DD",-0.082676959396975,0.702341367528258,0.920648542718462
2658,"Sambar deer","SBR",1,"dist_str + ndvi_cv + elev + BB + DD",-0.112845344328242,0.786446842263179,0.893288802875976
2659,"Sambar deer","SBR",1,"dist_str + ndvi_cv + elev + BB + DD",0.448426008393886,0.949379280261329,1.56584562673907
2660,"Sambar deer","SBR",1,"dist_str + ndvi_cv + elev + BB + DD",0.442706877917001,0.838429068782894,1.55691590106856
2661,"Sambar deer","SBR",1,"dist_str + ndvi_cv + elev + BB + DD",0.430518126122372,0.789328353724371,1.53805426458563
2662,"Sambar deer","SBR",1,"dist_str + ndvi_cv + elev + BB + DD",0.411201741595036,0.746822736766959,1.50862969051311
2663,"Sambar deer","SBR",1,"dist_str + ndvi_cv + elev + BB + DD",0.406247742107632,0.743763050584256,1.50117441126456
2664,"Sambar deer","SBR",1,"dist_str + ndvi_cv + elev + BB + DD",0.42378676776623,0.698826875261999,1.52773579744016
2665,"Sambar deer","SBR",1,"dist_str + ndvi_cv + elev + BB + DD",0.419222109220972,0.691089998276459,1.52077809763292
2666,"Sambar deer","SBR",1,"dist_str + ndvi_cv + elev + BB + DD",0.424370863618822,0.699108951958636,1.52862840226538
2667,"Sambar deer","SBR",1,"dist_str + ndvi_cv + elev + BB + DD",0.421367470652162,0.689353705520063,1.52404422467072
2668,"Sambar deer","SBR",1,"dist_str + ndvi_cv + elev + BB + DD",0.422622192607429,0.69315527119843,1.52595766907465
2669,"Sambar deer","SBR",1,"dist_str + ndvi_cv + elev + BB + DD",0.443614992735935,0.692317901744566,1.55833040159233
2670,"Sambar deer","SBR",1,"dist_str + ndvi_cv + elev + BB + DD",0.456319217579135,0.686606666837863,1.57825407131544
2671,"Sambar deer","SBR",1,"dist_str + ndvi_cv + elev + BB + DD",0.492294288063901,0.678398881765434,1.6360655240788
2672,"Sambar deer","SBR",1,"dist_str + ndvi_cv + elev + BB + DD",0.54856647899694,0.673257990426194,1.73077014419005
2673,"Sambar deer","SBR",1,"dist_str + ndvi_cv + elev + BB + DD",0.515284865727062,0.66970123680592,1.67411533200127
2674,"Sambar deer","SBR",1,"dist_str + ndvi_cv + elev + BB + DD",0.444896647983727,0.650240550277348,1.56032892437362
2675,"Sambar deer","SBR",1,"dist_str + ndvi_cv + elev + BB + DD",0.380293756156019,0.653426979708153,1.46271420802319
2676,"Sambar deer","SBR",1,"dist_str + ndvi_cv + elev + BB + DD",0.282563309067888,0.667583510909833,1.3265257549828
2677,"Sambar deer","SBR",1,"dist_str + ndvi_cv + elev + BB + DD",0.19444840535332,0.670322982696421,1.21464082303527
2678,"Sambar deer","SBR",1,"dist_str + ndvi_cv + elev + BB + DD",0.126684712558479,0.673736684645718,1.13505909816637
2679,"Sambar deer","SBR",1,"dist_str + ndvi_cv + elev + BB + DD",0.0247899540828706,0.666934707495236,1.0250997798871
2680,"Sambar deer","SBR",1,"dist_str + ndvi_cv + elev + BB + DD",-0.0473004855594844,0.684188128826211,0.953800753874281
2681,"Sambar deer","SBR",1,"dist_str + ndvi_cv + elev + BB + DD",-0.126805002431669,0.660516718628929,0.880905435252797
2682,"Sambar deer","SBR",1,"dist_str + ndvi_cv + elev + BB + DD",-0.166316690919281,0.662630472410986,0.846778026824564
2683,"Sambar deer","SBR",1,"dist_str + ndvi_cv + elev + BB + DD",-0.192852863616553,0.65242882679513,0.824603295702409
2684,"Sambar deer","SBR",1,"dist_str + ndvi_cv + elev + BB + DD",-0.210100439701637,0.639134065462811,0.810502837019671
2685,"Sambar deer","SBR",1,"dist_str + ndvi_cv + elev + BB + DD",-0.209223112023581,0.635134153822221,0.811214225564829
2686,"Sambar deer","SBR",1,"dist_str + ndvi_cv + elev + BB + DD",-0.232412742814885,0.629573847889899,0.792618909488557
2687,"Sambar deer","SBR",1,"dist_str + ndvi_cv + elev + BB + DD",-0.203601433892948,0.650205973128348,0.815787453106571
2688,"Sambar deer","SBR",1,"dist_str + ndvi_cv + elev + BB + DD",-0.168212807789453,0.636603639022883,0.845173961763813
2689,"Sambar deer","SBR",1,"dist_str + ndvi_cv + elev + BB + DD",-0.133860894918412,0.666539101405787,0.874711742578681
2690,"Sambar deer","SBR",1,"dist_str + ndvi_cv + elev + BB + DD",-0.123605935637608,0.685479247864543,0.883728019596739
2691,"Sambar deer","SBR",1,"dist_str + ndvi_cv + elev + BB + DD",-0.120398512669651,0.709194621046549,0.886567088413052
2692,"Sambar deer","SBR",1,"dist_str + ndvi_cv + elev + BB + DD",-0.117007940756566,0.813538017178634,0.889578130144058
2693,"Sambar deer","SBR",1,"dist_str + ndvi_cv + elev + BB + DD",-0.142023286204324,0.949005369515939,0.867601055103117
2694,"Sambar deer","SBR",1,"dist_str + ndvi_cv + elev + BB + DD",0.490731161387945,0.966115679496051,1.63351017979403
2695,"Sambar deer","SBR",1,"dist_str + ndvi_cv + elev + BB + DD",0.477523056854305,0.857757040684134,1.61207649010999
2696,"Sambar deer","SBR",1,"dist_str + ndvi_cv + elev + BB + DD",0.442666072027174,0.82000900499227,1.55685238188702
2697,"Sambar deer","SBR",1,"dist_str + ndvi_cv + elev + BB + DD",0.454174897412549,0.771810480520052,1.57487341768686
2698,"Sambar deer","SBR",1,"dist_str + ndvi_cv + elev + BB + DD",0.485187113931633,0.730531909648117,1.6244789490088
2699,"Sambar deer","SBR",1,"dist_str + ndvi_cv + elev + BB + DD",0.48329817909131,0.721178191867485,1.62141330460638
2700,"Sambar deer","SBR",1,"dist_str + ndvi_cv + elev + BB + DD",0.465620665785817,0.696491457893312,1.5930026061288
2701,"Sambar deer","SBR",1,"dist_str + ndvi_cv + elev + BB + DD",0.440635177815552,0.698506128416624,1.55369378197508
2702,"Sambar deer","SBR",1,"dist_str + ndvi_cv + elev + BB + DD",0.466077222538118,0.692456227588162,1.59373006647812
2703,"Sambar deer","SBR",1,"dist_str + ndvi_cv + elev + BB + DD",0.474906599060636,0.691575241949709,1.60786401702253
2704,"Sambar deer","SBR",1,"dist_str + ndvi_cv + elev + BB + DD",0.478864713490048,0.684475669797377,1.61424073588304
2705,"Sambar deer","SBR",1,"dist_str + ndvi_cv + elev + BB + DD",0.5730786935655,0.682881765924584,1.7737194251171
2706,"Sambar deer","SBR",1,"dist_str + ndvi_cv + elev + BB + DD",0.608380402294814,0.682180894865317,1.83745307354524
2707,"Sambar deer","SBR",1,"dist_str + ndvi_cv + elev + BB + DD",0.664086455002025,0.672372709065723,1.9427149560265
2708,"Sambar deer","SBR",1,"dist_str + ndvi_cv + elev + BB + DD",0.653296538683091,0.66007027168192,1.9218659032293
2709,"Sambar deer","SBR",1,"dist_str + ndvi_cv + elev + BB + DD",0.593499505646734,0.652400468334492,1.81031254300715
2710,"Sambar deer","SBR",1,"dist_str + ndvi_cv + elev + BB + DD",0.466450090458029,0.659789843796009,1.59432442882958
2711,"Sambar deer","SBR",1,"dist_str + ndvi_cv + elev + BB + DD",0.350714821782962,0.673823917092623,1.42008230514319
2712,"Sambar deer","SBR",1,"dist_str + ndvi_cv + elev + BB + DD",0.28584620326157,0.667856429233084,1.33088775480018
2713,"Sambar deer","SBR",1,"dist_str + ndvi_cv + elev + BB + DD",0.182812253268587,0.684038022641509,1.20058898405779
2714,"Sambar deer","SBR",1,"dist_str + ndvi_cv + elev + BB + DD",0.0685561649726712,0.684389048036948,1.07096078426138
2715,"Sambar deer","SBR",1,"dist_str + ndvi_cv + elev + BB + DD",-0.00399733184307899,0.680434004869795,0.996010653967455
2716,"Sambar deer","SBR",1,"dist_str + ndvi_cv + elev + BB + DD",-0.0631925202498006,0.680080524405349,0.938762726793432
2717,"Sambar deer","SBR",1,"dist_str + ndvi_cv + elev + BB + DD",-0.101695513618668,0.657788246862475,0.90330455403571
2718,"Sambar deer","SBR",1,"dist_str + ndvi_cv + elev + BB + DD",-0.125638313399623,0.657765480976712,0.881933772877622
2719,"Sambar deer","SBR",1,"dist_str + ndvi_cv + elev + BB + DD",-0.146005670769746,0.651910990433764,0.864152804908067
2720,"Sambar deer","SBR",1,"dist_str + ndvi_cv + elev + BB + DD",-0.18544773325223,0.641141600271788,0.830732254731504
2721,"Sambar deer","SBR",1,"dist_str + ndvi_cv + elev + BB + DD",-0.189554546587869,0.648846021315319,0.827327588182447
2722,"Sambar deer","SBR",1,"dist_str + ndvi_cv + elev + BB + DD",-0.175512387044117,0.651111190172112,0.839027006380042
2723,"Sambar deer","SBR",1,"dist_str + ndvi_cv + elev + BB + DD",-0.185979996900315,0.661580584304687,0.830290203866541
2724,"Sambar deer","SBR",1,"dist_str + ndvi_cv + elev + BB + DD",-0.161843084474477,0.669581962495824,0.850574662760083
2725,"Sambar deer","SBR",1,"dist_str + ndvi_cv + elev + BB + DD",-0.126533931956749,0.687150554695983,0.881144272124029
2726,"Sambar deer","SBR",1,"dist_str + ndvi_cv + elev + BB + DD",-0.135723050552307,0.751980580251665,0.873084399722096
2727,"Sambar deer","SBR",1,"dist_str + ndvi_cv + elev + BB + DD",-0.138243506010795,0.803378867541407,0.870886599842979
2728,"Sambar deer","SBR",1,"dist_str + ndvi_cv + elev + BB + DD",-0.116782805145653,0.948025687803341,0.889778430635781
2729,"Sambar deer","SBR",1,"dist_str + ndvi_cv + elev + BB + DD",0.504629294587325,1.05493629193725,1.65637138081947
2730,"Sambar deer","SBR",1,"dist_str + ndvi_cv + elev + BB + DD",0.484177074326693,0.900434535063221,1.62283898350722
2731,"Sambar deer","SBR",1,"dist_str + ndvi_cv + elev + BB + DD",0.494034858755081,0.839943551313919,1.63891569050697
2732,"Sambar deer","SBR",1,"dist_str + ndvi_cv + elev + BB + DD",0.502957007900729,0.793467368633248,1.65360378627456
2733,"Sambar deer","SBR",1,"dist_str + ndvi_cv + elev + BB + DD",0.512562252191512,0.760035137984819,1.66956356210399
2734,"Sambar deer","SBR",1,"dist_str + ndvi_cv + elev + BB + DD",0.541888478107115,0.723143338515805,1.71925063214952
2735,"Sambar deer","SBR",1,"dist_str + ndvi_cv + elev + BB + DD",0.515322523116634,0.704331272697792,1.67417841034678
2736,"Sambar deer","SBR",1,"dist_str + ndvi_cv + elev + BB + DD",0.487550403486649,0.69934822460908,1.62832259734084
2737,"Sambar deer","SBR",1,"dist_str + ndvi_cv + elev + BB + DD",0.496273451581102,0.7003399600512,1.64258866501693
2738,"Sambar deer","SBR",1,"dist_str + ndvi_cv + elev + BB + DD",0.511658851053166,0.674468414306457,1.66805595919194
2739,"Sambar deer","SBR",1,"dist_str + ndvi_cv + elev + BB + DD",0.574229990634103,0.685294605408803,1.77576264861806
2740,"Sambar deer","SBR",1,"dist_str + ndvi_cv + elev + BB + DD",0.617216721402848,0.687931556527628,1.85376132226365
2741,"Sambar deer","SBR",1,"dist_str + ndvi_cv + elev + BB + DD",0.733040209296573,0.681259899197713,2.08139892959843
2742,"Sambar deer","SBR",1,"dist_str + ndvi_cv + elev + BB + DD",0.863533783128337,0.646737553607585,2.37152636813906
2743,"Sambar deer","SBR",1,"dist_str + ndvi_cv + elev + BB + DD",0.976132800399438,0.634626444250464,2.65417215599186
2744,"Sambar deer","SBR",1,"dist_str + ndvi_cv + elev + BB + DD",0.716638838514644,0.639569891203334,2.04753964708462
2745,"Sambar deer","SBR",1,"dist_str + ndvi_cv + elev + BB + DD",0.524536452545038,0.659955421920212,1.6896754236234
2746,"Sambar deer","SBR",1,"dist_str + ndvi_cv + elev + BB + DD",0.432877734623208,0.660232853741915,1.54168771716997
2747,"Sambar deer","SBR",1,"dist_str + ndvi_cv + elev + BB + DD",0.333412144994161,0.671098642875834,1.3957224200232
2748,"Sambar deer","SBR",1,"dist_str + ndvi_cv + elev + BB + DD",0.224883807398005,0.679426965763061,1.25217721660167
2749,"Sambar deer","SBR",1,"dist_str + ndvi_cv + elev + BB + DD",0.152323400961899,0.684826153158415,1.1645367882392
2750,"Sambar deer","SBR",1,"dist_str + ndvi_cv + elev + BB + DD",0.0451463732970999,0.693853974770087,1.04618098356598
2751,"Sambar deer","SBR",1,"dist_str + ndvi_cv + elev + BB + DD",-0.00529945768496634,0.679087358057235,0.99471456087255
2752,"Sambar deer","SBR",1,"dist_str + ndvi_cv + elev + BB + DD",-0.0467026635951316,0.683522598531125,0.954371129518507
2753,"Sambar deer","SBR",1,"dist_str + ndvi_cv + elev + BB + DD",-0.102343104018595,0.671569879869146,0.902719773741544
2754,"Sambar deer","SBR",1,"dist_str + ndvi_cv + elev + BB + DD",-0.094959547431205,0.670299957716996,0.909409723649566
2755,"Sambar deer","SBR",1,"dist_str + ndvi_cv + elev + BB + DD",-0.144041843551195,0.655144381670644,0.865851536260668
2756,"Sambar deer","SBR",1,"dist_str + ndvi_cv + elev + BB + DD",-0.179086629818989,0.665832519580348,0.836033471655317
2757,"Sambar deer","SBR",1,"dist_str + ndvi_cv + elev + BB + DD",-0.18542912269214,0.661388370422249,0.830747741453298
2758,"Sambar deer","SBR",1,"dist_str + ndvi_cv + elev + BB + DD",-0.197534453549327,0.668271790839799,0.820751862326153
2759,"Sambar deer","SBR",1,"dist_str + ndvi_cv + elev + BB + DD",-0.161213782912428,0.688255997877175,0.851110157667016
2760,"Sambar deer","SBR",1,"dist_str + ndvi_cv + elev + BB + DD",-0.131007968612194,0.718169899597928,0.877210784524396
2761,"Sambar deer","SBR",1,"dist_str + ndvi_cv + elev + BB + DD",-0.143853647809056,0.78689967844929,0.866014483755306
2762,"Sambar deer","SBR",1,"dist_str + ndvi_cv + elev + BB + DD",-0.130223204836091,0.861806309802211,0.877899457909328
2763,"Sambar deer","SBR",1,"dist_str + ndvi_cv + elev + BB + DD",-0.137606018064487,1.00424599893779,0.871441957796591
2764,"Sambar deer","SBR",1,"dist_str + ndvi_cv + elev + BB + DD",0.485142038123993,1.01558366055445,1.6244057201277
2765,"Sambar deer","SBR",1,"dist_str + ndvi_cv + elev + BB + DD",0.511676950354417,0.882155281077978,1.66808614911242
2766,"Sambar deer","SBR",1,"dist_str + ndvi_cv + elev + BB + DD",0.501641041851644,0.810986639616187,1.65142911335373
2767,"Sambar deer","SBR",1,"dist_str + ndvi_cv + elev + BB + DD",0.520434482474296,0.767135675508058,1.68275862358078
2768,"Sambar deer","SBR",1,"dist_str + ndvi_cv + elev + BB + DD",0.541363287261174,0.74437995205542,1.71834787697708
2769,"Sambar deer","SBR",1,"dist_str + ndvi_cv + elev + BB + DD",0.525825546712832,0.71160221275372,1.691854977981
2770,"Sambar deer","SBR",1,"dist_str + ndvi_cv + elev + BB + DD",0.535005376423285,0.711702219064383,1.70745743195755
2771,"Sambar deer","SBR",1,"dist_str + ndvi_cv + elev + BB + DD",0.53324108329393,0.705414606603173,1.70444762293033
2772,"Sambar deer","SBR",1,"dist_str + ndvi_cv + elev + BB + DD",0.577655151939638,0.707197758543552,1.7818553632978
2773,"Sambar deer","SBR",1,"dist_str + ndvi_cv + elev + BB + DD",0.605801084926984,0.695550423063062,1.83271979852206
2774,"Sambar deer","SBR",1,"dist_str + ndvi_cv + elev + BB + DD",0.684622094945462,0.70105980324959,1.98302232459894
2775,"Sambar deer","SBR",1,"dist_str + ndvi_cv + elev + BB + DD",0.781700895285035,0.678374857054829,2.1851858790463
2776,"Sambar deer","SBR",1,"dist_str + ndvi_cv + elev + BB + DD",0.99379346585331,0.628345650435516,2.70146297765492
2777,"Sambar deer","SBR",1,"dist_str + ndvi_cv + elev + BB + DD",1.10030158351453,0.607279060366137,3.00507217191271
2778,"Sambar deer","SBR",1,"dist_str + ndvi_cv + elev + BB + DD",0.726477910402288,0.667788182655514,2.06778484425575
2779,"Sambar deer","SBR",1,"dist_str + ndvi_cv + elev + BB + DD",0.589407086605403,0.659066340718314,1.80291912411145
2780,"Sambar deer","SBR",1,"dist_str + ndvi_cv + elev + BB + DD",0.459237754303346,0.671686089591198,1.58286699442138
2781,"Sambar deer","SBR",1,"dist_str + ndvi_cv + elev + BB + DD",0.354887559101091,0.665532159341457,1.42602030248005
2782,"Sambar deer","SBR",1,"dist_str + ndvi_cv + elev + BB + DD",0.285434256175816,0.672500545450684,1.33033961101846
2783,"Sambar deer","SBR",1,"dist_str + ndvi_cv + elev + BB + DD",0.184201094504632,0.685901906383268,1.2022575661838
2784,"Sambar deer","SBR",1,"dist_str + ndvi_cv + elev + BB + DD",0.128077462964685,0.702519682866773,1.1366410477302
2785,"Sambar deer","SBR",1,"dist_str + ndvi_cv + elev + BB + DD",0.050078406739606,0.695330282790679,1.05135353791386
2786,"Sambar deer","SBR",1,"dist_str + ndvi_cv + elev + BB + DD",0.0108221655801116,0.688148318090121,1.01088093703676
2787,"Sambar deer","SBR",1,"dist_str + ndvi_cv + elev + BB + DD",-0.0510643925527328,0.684440255819209,0.950217484030313
2788,"Sambar deer","SBR",1,"dist_str + ndvi_cv + elev + BB + DD",-0.102690594658868,0.674574899736725,0.902406141251221
2789,"Sambar deer","SBR",1,"dist_str + ndvi_cv + elev + BB + DD",-0.118706645905545,0.661195386994818,0.888068281038286
2790,"Sambar deer","SBR",1,"dist_str + ndvi_cv + elev + BB + DD",-0.153373235471694,0.657525936999788,0.857809498604401
2791,"Sambar deer","SBR",1,"dist_str + ndvi_cv + elev + BB + DD",-0.169465544537766,0.656088325338103,0.844115838422735
2792,"Sambar deer","SBR",1,"dist_str + ndvi_cv + elev + BB + DD",-0.196383232653043,0.697679165529873,0.821697274253275
2793,"Sambar deer","SBR",1,"dist_str + ndvi_cv + elev + BB + DD",-0.204250009452204,0.754693967405224,0.815258529053084
2794,"Sambar deer","SBR",1,"dist_str + ndvi_cv + elev + BB + DD",-0.174240590132427,0.788064841172422,0.840094755436929
2795,"Sambar deer","SBR",1,"dist_str + ndvi_cv + elev + BB + DD",-0.155043108567371,0.878085571060592,0.856378259536862
2796,"Sambar deer","SBR",1,"dist_str + ndvi_cv + elev + BB + DD",-0.104275144969477,0.986463161671659,0.90097737061658
2797,"Sambar deer","SBR",1,"dist_str + ndvi_cv + elev + BB + DD",0.501655793825261,0.854427333870835,1.65145347457613
2798,"Sambar deer","SBR",1,"dist_str + ndvi_cv + elev + BB + DD",0.535576564449932,0.797673525215905,1.70843298048856
2799,"Sambar deer","SBR",1,"dist_str + ndvi_cv + elev + BB + DD",0.543337834208938,0.776921836902545,1.72174425112497
2800,"Sambar deer","SBR",1,"dist_str + ndvi_cv + elev + BB + DD",0.562350424906455,0.753375781506353,1.75479216454243
2801,"Sambar deer","SBR",1,"dist_str + ndvi_cv + elev + BB + DD",0.567106425577669,0.721391175836207,1.76315784050211
2802,"Sambar deer","SBR",1,"dist_str + ndvi_cv + elev + BB + DD",0.587357696383442,0.719378402686928,1.79922802236459
2803,"Sambar deer","SBR",1,"dist_str + ndvi_cv + elev + BB + DD",0.587883362590565,0.713201118040415,1.80017408450821
2804,"Sambar deer","SBR",1,"dist_str + ndvi_cv + elev + BB + DD",0.617923595620842,0.704163501763981,1.85507218797859
2805,"Sambar deer","SBR",1,"dist_str + ndvi_cv + elev + BB + DD",0.672664747409061,0.709268515384732,1.95945181771625
2806,"Sambar deer","SBR",1,"dist_str + ndvi_cv + elev + BB + DD",0.743397128253866,0.685136759471929,2.10306783622509
2807,"Sambar deer","SBR",1,"dist_str + ndvi_cv + elev + BB + DD",0.806107356591362,0.670232339033195,2.23917469252941
2808,"Sambar deer","SBR",1,"dist_str + ndvi_cv + elev + BB + DD",0.814116544568962,0.67187781873135,2.25718076425902
2809,"Sambar deer","SBR",1,"dist_str + ndvi_cv + elev + BB + DD",0.724438037589113,0.675388950122641,2.06357112514111
2810,"Sambar deer","SBR",1,"dist_str + ndvi_cv + elev + BB + DD",0.608764362190244,0.67485995460506,1.83815869853206
2811,"Sambar deer","SBR",1,"dist_str + ndvi_cv + elev + BB + DD",0.47473877192633,0.66643934238694,1.60759419440237
2812,"Sambar deer","SBR",1,"dist_str + ndvi_cv + elev + BB + DD",0.384230728077392,0.679163526613144,1.46848423560889
2813,"Sambar deer","SBR",1,"dist_str + ndvi_cv + elev + BB + DD",0.316819608251102,0.68638218445551,1.37275491599507
2814,"Sambar deer","SBR",1,"dist_str + ndvi_cv + elev + BB + DD",0.24820440514213,0.698386406411487,1.28172189637387
2815,"Sambar deer","SBR",1,"dist_str + ndvi_cv + elev + BB + DD",0.19204630747465,0.695445288611628,1.21172662785251
2816,"Sambar deer","SBR",1,"dist_str + ndvi_cv + elev + BB + DD",0.145432337792124,0.705209832519623,1.15653947983641
2817,"Sambar deer","SBR",1,"dist_str + ndvi_cv + elev + BB + DD",0.0650861761797504,0.701132900027739,1.06725099210157
2818,"Sambar deer","SBR",1,"dist_str + ndvi_cv + elev + BB + DD",0.0213941279566493,0.706312560810375,1.02162462319614
2819,"Sambar deer","SBR",1,"dist_str + ndvi_cv + elev + BB + DD",-0.0392095314113299,0.685136256952504,0.961549213983238
2820,"Sambar deer","SBR",1,"dist_str + ndvi_cv + elev + BB + DD",-0.0831566369300226,0.691909829661155,0.920206998914159
2821,"Sambar deer","SBR",1,"dist_str + ndvi_cv + elev + BB + DD",-0.119181450399966,0.708519167457602,0.887646722347376
2822,"Sambar deer","SBR",1,"dist_str + ndvi_cv + elev + BB + DD",-0.157249619329425,0.759446588099378,0.854490750538483
2823,"Sambar deer","SBR",1,"dist_str + ndvi_cv + elev + BB + DD",-0.163387998957561,0.812566683658725,0.849261619423856
2824,"Sambar deer","SBR",1,"dist_str + ndvi_cv + elev + BB + DD",-0.202714836559591,0.891191817334102,0.816511048843636
2825,"Sambar deer","SBR",1,"dist_str + ndvi_cv + elev + BB + DD",0.575817499163874,0.95306939504677,1.77858394923701
2826,"Sambar deer","SBR",1,"dist_str + ndvi_cv + elev + BB + DD",0.553588975506607,0.850980681091174,1.73948481414545
2827,"Sambar deer","SBR",1,"dist_str + ndvi_cv + elev + BB + DD",0.538290102664195,0.798328772559956,1.71307527142096
2828,"Sambar deer","SBR",1,"dist_str + ndvi_cv + elev + BB + DD",0.574213435678619,0.776556754289918,1.77573324906462
2829,"Sambar deer","SBR",1,"dist_str + ndvi_cv + elev + BB + DD",0.582194328705028,0.74109630992841,1.78996190822775
2830,"Sambar deer","SBR",1,"dist_str + ndvi_cv + elev + BB + DD",0.582824591011136,0.729310190187156,1.79109039873088
2831,"Sambar deer","SBR",1,"dist_str + ndvi_cv + elev + BB + DD",0.598836921117158,0.714883202976338,1.82000076464507
2832,"Sambar deer","SBR",1,"dist_str + ndvi_cv + elev + BB + DD",0.608959532512292,0.699760614932873,1.83851748698728
2833,"Sambar deer","SBR",1,"dist_str + ndvi_cv + elev + BB + DD",0.651428351781986,0.703784742757818,1.91827885179733
2834,"Sambar deer","SBR",1,"dist_str + ndvi_cv + elev + BB + DD",0.68076589478514,0.717813347712665,1.97539012386236
2835,"Sambar deer","SBR",1,"dist_str + ndvi_cv + elev + BB + DD",0.701145018740665,0.702539810742479,2.01605982024312
2836,"Sambar deer","SBR",1,"dist_str + ndvi_cv + elev + BB + DD",0.69570857286915,0.692654588465894,2.00512936503666
2837,"Sambar deer","SBR",1,"dist_str + ndvi_cv + elev + BB + DD",0.645921071168942,0.68455047369379,1.90774338937476
2838,"Sambar deer","SBR",1,"dist_str + ndvi_cv + elev + BB + DD",0.573898427672875,0.691836384048846,1.77517396783903
2839,"Sambar deer","SBR",1,"dist_str + ndvi_cv + elev + BB + DD",0.478900538096005,0.690972123252061,1.6142985699692
2840,"Sambar deer","SBR",1,"dist_str + ndvi_cv + elev + BB + DD",0.404971057545203,0.679788677858903,1.49925910801587
2841,"Sambar deer","SBR",1,"dist_str + ndvi_cv + elev + BB + DD",0.330617458838185,0.697087785974865,1.39182726096901
2842,"Sambar deer","SBR",1,"dist_str + ndvi_cv + elev + BB + DD",0.276128394810639,0.694936695847082,1.31801708536157
2843,"Sambar deer","SBR",1,"dist_str + ndvi_cv + elev + BB + DD",0.231297397131258,0.698491844901884,1.26023397382925
2844,"Sambar deer","SBR",1,"dist_str + ndvi_cv + elev + BB + DD",0.158477630044735,0.703586746538392,1.17172572849975
2845,"Sambar deer","SBR",1,"dist_str + ndvi_cv + elev + BB + DD",0.106275543632262,0.72673478746707,1.11212827415985
2846,"Sambar deer","SBR",1,"dist_str + ndvi_cv + elev + BB + DD",0.0449840707361412,0.7340408184955,1.04601119758818
2847,"Sambar deer","SBR",1,"dist_str + ndvi_cv + elev + BB + DD",-0.0120881003488858,0.736690797503022,0.987984667251623
2848,"Sambar deer","SBR",1,"dist_str + ndvi_cv + elev + BB + DD",-0.079244017704138,0.761531360577044,0.923814475583252
2849,"Sambar deer","SBR",1,"dist_str + ndvi_cv + elev + BB + DD",-0.117159562473005,0.823052572340774,0.889443264350456
2850,"Sambar deer","SBR",1,"dist_str + ndvi_cv + elev + BB + DD",0.547327616925544,0.968990135507724,1.72862730231372
2851,"Sambar deer","SBR",1,"dist_str + ndvi_cv + elev + BB + DD",0.589709166171616,0.877829779708854,1.80346392436464
2852,"Sambar deer","SBR",1,"dist_str + ndvi_cv + elev + BB + DD",0.542055176163039,0.823917826144638,1.71953726959525
2853,"Sambar deer","SBR",1,"dist_str + ndvi_cv + elev + BB + DD",0.597987887748422,0.796378669030376,1.81845617898469
2854,"Sambar deer","SBR",1,"dist_str + ndvi_cv + elev + BB + DD",0.581467414189247,0.768074933718741,1.78866121407659
2855,"Sambar deer","SBR",1,"dist_str + ndvi_cv + elev + BB + DD",0.602441516617416,0.7506087173414,1.82657298137311
2856,"Sambar deer","SBR",1,"dist_str + ndvi_cv + elev + BB + DD",0.602443544395966,0.744287461061595,1.82657667355662
2857,"Sambar deer","SBR",1,"dist_str + ndvi_cv + elev + BB + DD",0.604635964460956,0.719263535517473,1.83058569419057
2858,"Sambar deer","SBR",1,"dist_str + ndvi_cv + elev + BB + DD",0.643286177968284,0.714438013913346,1.90272330424403
2859,"Sambar deer","SBR",1,"dist_str + ndvi_cv + elev + BB + DD",0.643097469103549,0.742317736712048,1.90236437361963
2860,"Sambar deer","SBR",1,"dist_str + ndvi_cv + elev + BB + DD",0.651538924107095,0.725027252589521,1.9184909853658
2861,"Sambar deer","SBR",1,"dist_str + ndvi_cv + elev + BB + DD",0.640206065820236,0.721013517082963,1.89687171952234
2862,"Sambar deer","SBR",1,"dist_str + ndvi_cv + elev + BB + DD",0.571818575711965,0.708287790588352,1.77148570506864
2863,"Sambar deer","SBR",1,"dist_str + ndvi_cv + elev + BB + DD",0.557504807393319,0.706940381311292,1.74630968260924
2864,"Sambar deer","SBR",1,"dist_str + ndvi_cv + elev + BB + DD",0.487859646430646,0.678374359104538,1.62882622870962
2865,"Sambar deer","SBR",1,"dist_str + ndvi_cv + elev + BB + DD",0.417118550253199,0.693378343025758,1.51758249013575
2866,"Sambar deer","SBR",1,"dist_str + ndvi_cv + elev + BB + DD",0.367805752862452,0.704987012728131,1.44456141012974
2867,"Sambar deer","SBR",1,"dist_str + ndvi_cv + elev + BB + DD",0.307205680031529,0.711865059448646,1.35962059343702
2868,"Sambar deer","SBR",1,"dist_str + ndvi_cv + elev + BB + DD",0.243140391882506,0.722854560245668,1.27524765017295
2869,"Sambar deer","SBR",1,"dist_str + ndvi_cv + elev + BB + DD",0.226670590495716,0.735945074635077,1.25441658404891
2870,"Sambar deer","SBR",1,"dist_str + ndvi_cv + elev + BB + DD",0.14450821498631,0.758954707157689,1.15547118849571
2871,"Sambar deer","SBR",1,"dist_str + ndvi_cv + elev + BB + DD",0.0848936684108867,0.78529165628732,1.08860130783897
2872,"Sambar deer","SBR",1,"dist_str + ndvi_cv + elev + BB + DD",-0.00433334568161443,0.844499654263066,0.995676029976376
2873,"Sambar deer","SBR",1,"dist_str + ndvi_cv + elev + BB + DD",-0.0450378877278644,0.907449101152712,0.955961264501033
2874,"Sambar deer","SBR",1,"dist_str + ndvi_cv + elev + BB + DD",0.590373746423874,0.986931274146539,1.80466279578106
2875,"Sambar deer","SBR",1,"dist_str + ndvi_cv + elev + BB + DD",0.602051862204866,0.880832116659525,1.82586137546181
2876,"Sambar deer","SBR",1,"dist_str + ndvi_cv + elev + BB + DD",0.612514969263678,0.837306203109137,1.84506585572657
2877,"Sambar deer","SBR",1,"dist_str + ndvi_cv + elev + BB + DD",0.60382680799947,0.803483517544594,1.8291050582672
2878,"Sambar deer","SBR",1,"dist_str + ndvi_cv + elev + BB + DD",0.621735134420027,0.795257053682928,1.86215633973559
2879,"Sambar deer","SBR",1,"dist_str + ndvi_cv + elev + BB + DD",0.605486950325616,0.772979513855581,1.83214415490629
2880,"Sambar deer","SBR",1,"dist_str + ndvi_cv + elev + BB + DD",0.609041161812269,0.765324420256548,1.83866758934856
2881,"Sambar deer","SBR",1,"dist_str + ndvi_cv + elev + BB + DD",0.605092001454466,0.755964230303422,1.83142088041485
2882,"Sambar deer","SBR",1,"dist_str + ndvi_cv + elev + BB + DD",0.606451827042649,0.747292071910728,1.83391280152821
2883,"Sambar deer","SBR",1,"dist_str + ndvi_cv + elev + BB + DD",0.607288033863379,0.738672640656351,1.83544697657005
2884,"Sambar deer","SBR",1,"dist_str + ndvi_cv + elev + BB + DD",0.59903216570085,0.742072654437981,1.82035614862585
2885,"Sambar deer","SBR",1,"dist_str + ndvi_cv + elev + BB + DD",0.601305933376427,0.723828447111679,1.82449992065409
2886,"Sambar deer","SBR",1,"dist_str + ndvi_cv + elev + BB + DD",0.575432508590249,0.727990203984628,1.77789932387116
2887,"Sambar deer","SBR",1,"dist_str + ndvi_cv + elev + BB + DD",0.54363554397545,0.721301808692319,1.7222568347434
2888,"Sambar deer","SBR",1,"dist_str + ndvi_cv + elev + BB + DD",0.474785920261711,0.708189177890182,1.60766999186223
2889,"Sambar deer","SBR",1,"dist_str + ndvi_cv + elev + BB + DD",0.459977330546922,0.717478327233963,1.58403807810424
2890,"Sambar deer","SBR",1,"dist_str + ndvi_cv + elev + BB + DD",0.393838682104117,0.712305019578282,1.48266134980615
2891,"Sambar deer","SBR",1,"dist_str + ndvi_cv + elev + BB + DD",0.334329964110328,0.742087984814615,1.39700405055301
2892,"Sambar deer","SBR",1,"dist_str + ndvi_cv + elev + BB + DD",0.283958657647904,0.746021571948837,1.32837801158459
2893,"Sambar deer","SBR",1,"dist_str + ndvi_cv + elev + BB + DD",0.255102230273986,0.793256241049516,1.29059355944732
2894,"Sambar deer","SBR",1,"dist_str + ndvi_cv + elev + BB + DD",0.184623504439555,0.86840531493333,1.20276554141942
2895,"Sambar deer","SBR",1,"dist_str + ndvi_cv + elev + BB + DD",0.612318290812624,0.984025273236981,1.84470300398711
2896,"Sambar deer","SBR",1,"dist_str + ndvi_cv + elev + BB + DD",0.596322064401622,0.913199828665167,1.81542947432937
2897,"Sambar deer","SBR",1,"dist_str + ndvi_cv + elev + BB + DD",0.602888165103311,0.874705142513777,1.82738899010469
2898,"Sambar deer","SBR",1,"dist_str + ndvi_cv + elev + BB + DD",0.601879771101688,0.841513403366445,1.82554718900831
2899,"Sambar deer","SBR",1,"dist_str + ndvi_cv + elev + BB + DD",0.593009296280852,0.82349164363356,1.80942532759035
2900,"Sambar deer","SBR",1,"dist_str + ndvi_cv + elev + BB + DD",0.6339699557562,0.806050959793163,1.88507942789879
2901,"Sambar deer","SBR",1,"dist_str + ndvi_cv + elev + BB + DD",0.615140915472527,0.784648193725698,1.84991726519463
2902,"Sambar deer","SBR",1,"dist_str + ndvi_cv + elev + BB + DD",0.624765227294028,0.779097758532579,1.86780742436173
2903,"Sambar deer","SBR",1,"dist_str + ndvi_cv + elev + BB + DD",0.620166210546967,0.772001519217999,1.85923704198607
2904,"Sambar deer","SBR",1,"dist_str + ndvi_cv + elev + BB + DD",0.608658522138742,0.752318914304934,1.83796420998026
2905,"Sambar deer","SBR",1,"dist_str + ndvi_cv + elev + BB + DD",0.621827615150618,0.74679679728628,1.86232855584747
2906,"Sambar deer","SBR",1,"dist_str + ndvi_cv + elev + BB + DD",0.577351502740892,0.741369487914648,1.78131437145476
2907,"Sambar deer","SBR",1,"dist_str + ndvi_cv + elev + BB + DD",0.582999546469519,0.726110877150798,1.79140378218747
2908,"Sambar deer","SBR",1,"dist_str + ndvi_cv + elev + BB + DD",0.547091031264076,0.734486593501843,1.72821836699448
2909,"Sambar deer","SBR",1,"dist_str + ndvi_cv + elev + BB + DD",0.514904309673831,0.737815322216708,1.67347835846355
2910,"Sambar deer","SBR",1,"dist_str + ndvi_cv + elev + BB + DD",0.464818504375599,0.740089715251613,1.59172527300694
2911,"Sambar deer","SBR",1,"dist_str + ndvi_cv + elev + BB + DD",0.42794711117852,0.756188951251391,1.5341049419728
2912,"Sambar deer","SBR",1,"dist_str + ndvi_cv + elev + BB + DD",0.366831030958489,0.754778883985425,1.44315405023619
2913,"Sambar deer","SBR",1,"dist_str + ndvi_cv + elev + BB + DD",0.291887007366537,0.808583431771939,1.33895171780334
2914,"Sambar deer","SBR",1,"dist_str + ndvi_cv + elev + BB + DD",0.29000926304858,0.871699480978245,1.33643987440529
2915,"Sambar deer","SBR",1,"dist_str + ndvi_cv + elev + BB + DD",0.61265449906804,1.14274975226652,1.84532332256927
2916,"Sambar deer","SBR",1,"dist_str + ndvi_cv + elev + BB + DD",0.613380730955161,1.01255224798753,1.84666394017528
2917,"Sambar deer","SBR",1,"dist_str + ndvi_cv + elev + BB + DD",0.625456652526547,0.932031044864128,1.86909929573176
2918,"Sambar deer","SBR",1,"dist_str + ndvi_cv + elev + BB + DD",0.634345367968249,0.890236225026664,1.88578725918941
2919,"Sambar deer","SBR",1,"dist_str + ndvi_cv + elev + BB + DD",0.643882475985724,0.869365179168933,1.90385823296283
2920,"Sambar deer","SBR",1,"dist_str + ndvi_cv + elev + BB + DD",0.612150991299779,0.83963943060032,1.84439441784465
2921,"Sambar deer","SBR",1,"dist_str + ndvi_cv + elev + BB + DD",0.617931234558039,0.828074032029604,1.85508633621201
2922,"Sambar deer","SBR",1,"dist_str + ndvi_cv + elev + BB + DD",0.633799904054504,0.812833757554296,1.8847588921681
2923,"Sambar deer","SBR",1,"dist_str + ndvi_cv + elev + BB + DD",0.636826354262133,0.799790325194309,1.89047166178097
2924,"Sambar deer","SBR",1,"dist_str + ndvi_cv + elev + BB + DD",0.655773082680163,0.771743830536623,1.92663139180504
2925,"Sambar deer","SBR",1,"dist_str + ndvi_cv + elev + BB + DD",0.615818678132174,0.778199764601261,1.85117149537119
2926,"Sambar deer","SBR",1,"dist_str + ndvi_cv + elev + BB + DD",0.623740249609697,0.768995013226154,1.86589391746599
2927,"Sambar deer","SBR",1,"dist_str + ndvi_cv + elev + BB + DD",0.593434744752745,0.755274883440778,1.8101953085892
2928,"Sambar deer","SBR",1,"dist_str + ndvi_cv + elev + BB + DD",0.599995229663099,0.759658581631855,1.82211010847267
2929,"Sambar deer","SBR",1,"dist_str + ndvi_cv + elev + BB + DD",0.580982606538106,0.742510051140696,1.78779426741153
2930,"Sambar deer","SBR",1,"dist_str + ndvi_cv + elev + BB + DD",0.548191899764909,0.753597712364613,1.73012195441012
2931,"Sambar deer","SBR",1,"dist_str + ndvi_cv + elev + BB + DD",0.499345043922212,0.764240406442253,1.64764179331831
2932,"Sambar deer","SBR",1,"dist_str + ndvi_cv + elev + BB + DD",0.412338630116741,0.766863952801145,1.51034579996286
2933,"Sambar deer","SBR",1,"dist_str + ndvi_cv + elev + BB + DD",0.403256619769739,0.809133733553182,1.49669092356697
2934,"Sambar deer","SBR",1,"dist_str + ndvi_cv + elev + BB + DD",0.363437983405413,0.846856452424555,1.43826565973304
2935,"Sambar deer","SBR",1,"dist_str + ndvi_cv + elev + BB + DD",0.331501177005883,0.99137874862707,1.39305778623772
2936,"Sambar deer","SBR",1,"dist_str + ndvi_cv + elev + BB + DD",0.610737475936569,1.15948038304952,1.84178917441225
2937,"Sambar deer","SBR",1,"dist_str + ndvi_cv + elev + BB + DD",0.627756771544739,1.03873493218642,1.87340339113763
2938,"Sambar deer","SBR",1,"dist_str + ndvi_cv + elev + BB + DD",0.622406212692264,0.958854200926583,1.86340640388247
2939,"Sambar deer","SBR",1,"dist_str + ndvi_cv + elev + BB + DD",0.641363443402246,0.895747778576168,1.89906840824592
2940,"Sambar deer","SBR",1,"dist_str + ndvi_cv + elev + BB + DD",0.625445182786453,0.87578585132533,1.86907785718878
2941,"Sambar deer","SBR",1,"dist_str + ndvi_cv + elev + BB + DD",0.646181481038475,0.855737694297916,1.90824025809579
2942,"Sambar deer","SBR",1,"dist_str + ndvi_cv + elev + BB + DD",0.661352068777522,0.839866422658365,1.93741007874667
2943,"Sambar deer","SBR",1,"dist_str + ndvi_cv + elev + BB + DD",0.642877447256659,0.824002213844994,1.90194576192583
2944,"Sambar deer","SBR",1,"dist_str + ndvi_cv + elev + BB + DD",0.665978427389835,0.807428579403653,1.94639403046721
2945,"Sambar deer","SBR",1,"dist_str + ndvi_cv + elev + BB + DD",0.644553589433528,0.814009793485417,1.90513636882351
2946,"Sambar deer","SBR",1,"dist_str + ndvi_cv + elev + BB + DD",0.631334822624463,0.787722029615639,1.88011852999726
2947,"Sambar deer","SBR",1,"dist_str + ndvi_cv + elev + BB + DD",0.624486076768158,0.793290601276147,1.86728607014027
2948,"Sambar deer","SBR",1,"dist_str + ndvi_cv + elev + BB + DD",0.636752978446305,0.767154266969981,1.89033295200596
2949,"Sambar deer","SBR",1,"dist_str + ndvi_cv + elev + BB + DD",0.59702504767301,0.766798468369683,1.81670636446567
2950,"Sambar deer","SBR",1,"dist_str + ndvi_cv + elev + BB + DD",0.556405731991608,0.757498828565548,1.74439143016483
2951,"Sambar deer","SBR",1,"dist_str + ndvi_cv + elev + BB + DD",0.548017894363745,0.756610393546809,1.72982103910432
2952,"Sambar deer","SBR",1,"dist_str + ndvi_cv + elev + BB + DD",0.488668216411099,0.773435747893925,1.63014377493617
2953,"Sambar deer","SBR",1,"dist_str + ndvi_cv + elev + BB + DD",0.46128378999936,0.789039941284075,1.5861089101117
2954,"Sambar deer","SBR",1,"dist_str + ndvi_cv + elev + BB + DD",0.435225213769579,0.828534391232588,1.54531114256758
2955,"Sambar deer","SBR",1,"dist_str + ndvi_cv + elev + BB + DD",0.399585364819153,0.923257183032646,1.49120627215815
2956,"Sambar deer","SBR",1,"dist_str + ndvi_cv + elev + BB + DD",0.603610712195025,1.12971745825464,1.82870991929727
2957,"Sambar deer","SBR",1,"dist_str + ndvi_cv + elev + BB + DD",0.645243755173926,1.06132697119749,1.90645174541474
2958,"Sambar deer","SBR",1,"dist_str + ndvi_cv + elev + BB + DD",0.617320645399911,1.00282547258228,1.85395398286862
2959,"Sambar deer","SBR",1,"dist_str + ndvi_cv + elev + BB + DD",0.64287759627477,0.927185074745265,1.90194604741698
2960,"Sambar deer","SBR",1,"dist_str + ndvi_cv + elev + BB + DD",0.644966676692883,0.872478297139075,1.90592352815258
2961,"Sambar deer","SBR",1,"dist_str + ndvi_cv + elev + BB + DD",0.65831244953089,0.853493548592242,1.93153003114354
2962,"Sambar deer","SBR",1,"dist_str + ndvi_cv + elev + BB + DD",0.658429726497436,0.852281993523329,1.93175659024828
2963,"Sambar deer","SBR",1,"dist_str + ndvi_cv + elev + BB + DD",0.665076199553253,0.83998539380304,1.94463871553341
2964,"Sambar deer","SBR",1,"dist_str + ndvi_cv + elev + BB + DD",0.657226249348761,0.836232626202124,1.92943314265739
2965,"Sambar deer","SBR",1,"dist_str + ndvi_cv + elev + BB + DD",0.651255832596842,0.823497582493116,1.9179479394838
2966,"Sambar deer","SBR",1,"dist_str + ndvi_cv + elev + BB + DD",0.642592033590828,0.799587941224084,1.90140299852059
2967,"Sambar deer","SBR",1,"dist_str + ndvi_cv + elev + BB + DD",0.625858332747694,0.799065958415687,1.86985023145812
2968,"Sambar deer","SBR",1,"dist_str + ndvi_cv + elev + BB + DD",0.583152141185532,0.796729739118152,1.79167716523886
2969,"Sambar deer","SBR",1,"dist_str + ndvi_cv + elev + BB + DD",0.579264757381789,0.78797339963126,1.78472575589265
2970,"Sambar deer","SBR",1,"dist_str + ndvi_cv + elev + BB + DD",0.53552830405955,0.774265364295857,1.7083505367086
2971,"Sambar deer","SBR",1,"dist_str + ndvi_cv + elev + BB + DD",0.509422572744579,0.782313368512428,1.66432988802181
2972,"Sambar deer","SBR",1,"dist_str + ndvi_cv + elev + BB + DD",0.485294982366837,0.83187612594408,1.62465418739846
2973,"Sambar deer","SBR",1,"dist_str + ndvi_cv + elev + BB + DD",0.453389077041635,0.914908939718846,1.57363634018868
2974,"Sambar deer","SBR",1,"dist_str + ndvi_cv + elev + BB + DD",0.664496222539815,0.922421755698326,1.94351119112921
2975,"Sambar deer","SBR",1,"dist_str + ndvi_cv + elev + BB + DD",0.668221951246301,0.882557010684147,1.95076567917467
2976,"Sambar deer","SBR",1,"dist_str + ndvi_cv + elev + BB + DD",0.698106241696296,0.886074453903465,2.00994275642268
2977,"Sambar deer","SBR",1,"dist_str + ndvi_cv + elev + BB + DD",0.685253612211951,0.882651436740972,1.98427501029606
2978,"Sambar deer","SBR",1,"dist_str + ndvi_cv + elev + BB + DD",0.670725056799095,0.871293689108348,1.95565476980104
2979,"Sambar deer","SBR",1,"dist_str + ndvi_cv + elev + BB + DD",0.648132802204483,0.852148771807036,1.91196747739016
2980,"Sambar deer","SBR",1,"dist_str + ndvi_cv + elev + BB + DD",0.621597849297099,0.83961749805657,1.86190070639142
2981,"Sambar deer","SBR",1,"dist_str + ndvi_cv + elev + BB + DD",0.597155478742187,0.826475305554288,1.81694311397329
2982,"Sambar deer","SBR",1,"dist_str + ndvi_cv + elev + BB + DD",0.599176693497223,0.843798017648169,1.82061926380349
2983,"Sambar deer","SBR",1,"dist_str + ndvi_cv + elev + BB + DD",0.545175188066864,0.837025777151991,1.72491057045123
2984,"Sambar deer","SBR",1,"dist_str + ndvi_cv + elev + BB + DD",0.538196565707992,0.846998510890188,1.71291494551346
2985,"Sambar deer","SBR",1,"dist_str + ndvi_cv + elev + BB + DD",0.515706852881512,0.876917469861314,1.67482194664347
2986,"Sambar deer","SBR",1,"dist_str + ndvi_cv + elev + BB + DD",0.492826018010975,0.967379639526927,1.63693570986287
2987,"Sambar deer","SBR",1,"dist_str + ndvi_cv + elev + BB + DD",0.670705659050058,1.03504732895114,1.95561683273735
2988,"Sambar deer","SBR",1,"dist_str + ndvi_cv + elev + BB + DD",0.674862335902158,0.945502862608597,1.96376262950136
2989,"Sambar deer","SBR",1,"dist_str + ndvi_cv + elev + BB + DD",0.67833787910486,0.922331206508633,1.97059963480512
2990,"Sambar deer","SBR",1,"dist_str + ndvi_cv + elev + BB + DD",0.682671843943969,0.919738794832869,1.97915868552182
2991,"Sambar deer","SBR",1,"dist_str + ndvi_cv + elev + BB + DD",0.66370320477954,0.918617914521184,1.94197057605446
2992,"Sambar deer","SBR",1,"dist_str + ndvi_cv + elev + BB + DD",0.669237434335897,0.902184202468384,1.95274765481361
2993,"Sambar deer","SBR",1,"dist_str + ndvi_cv + elev + BB + DD",0.629417224447446,0.895328821775555,1.87651668932653
2994,"Sambar deer","SBR",1,"dist_str + ndvi_cv + elev + BB + DD",0.623487684391894,0.888275077154003,1.8654227184273
2995,"Sambar deer","SBR",1,"dist_str + ndvi_cv + elev + BB + DD",0.570814005340301,0.907336357896316,1.76970702924217
2996,"Sambar deer","SBR",1,"dist_str + ndvi_cv + elev + BB + DD",0.570045046582945,0.928242692229447,1.76834670789948
2997,"Sambar deer","SBR",1,"dist_str + ndvi_cv + elev + BB + DD",0.534744822842678,1.01106905702742,1.70701259608791
2998,"Sambar deer","SBR",1,"dist_str + ndvi_cv + elev + BB + DD",0.655223995988382,1.12438534403003,1.92557379166256
2999,"Sambar deer","SBR",1,"dist_str + ndvi_cv + elev + BB + DD",0.660469370013689,1.02122684167943,1.93570069697395
3000,"Sambar deer","SBR",1,"dist_str + ndvi_cv + elev + BB + DD",0.682729164534824,0.974296274706675,1.97927214001296
3001,"Sambar deer","SBR",1,"dist_str + ndvi_cv + elev + BB + DD",0.69342427961779,0.984701073099382,2.00055434721457
3002,"Sambar deer","SBR",1,"dist_str + ndvi_cv + elev + BB + DD",0.679345905848989,0.974465744244988,1.97258705382004
3003,"Sambar deer","SBR",1,"dist_str + ndvi_cv + elev + BB + DD",0.663511844772363,0.990464497412786,1.94159897473769
3004,"Sambar deer","SBR",1,"dist_str + ndvi_cv + elev + BB + DD",0.627942346950948,0.981278685308572,1.87375111828833
3005,"Sambar deer","SBR",1,"dist_str + ndvi_cv + elev + BB + DD",0.597308027606628,1.01656085006825,1.81722031386053
3006,"Sambar deer","SBR",1,"dist_str + ndvi_cv + elev + BB + DD",0.672027821894825,1.11593227409147,1.95820418660863
3007,"Sambar deer","SBR",1,"dist_str + ndvi_cv + elev + BB + DD",0.666014580918601,1.05475060651195,1.94646436566954
3008,"Sambar deer","SBR",1,"dist_str + ndvi_cv + elev + BB + DD",0.671961502811198,1.04964611992777,1.95807450257257
3009,"Sambar deer","SBR",1,"dist_str + ndvi_cv + elev + BB + DD",0.702173295113689,1.05848194695729,2.01813394681576
3010,"Sambar deer","SBR",1,"dist_str + ndvi_cv + elev + BB + DD",0.679083477518135,1.09809682368223,1.9720694592557
3011,"Sambar deer","SBR",1,"dist_str + ndvi_cv + elev + BB + DD",0.647478723317669,1.28113024091914,1.91071737346538
3012,"Sambar deer","SBR",1,"dist_str + ndvi_cv + elev + BB + DD",0.670508339783208,1.19314403118504,1.95523104482381
3013,"Sambar deer","SBR",1,"dist_str + ndvi_cv + elev + BB + DD",0.675181261121101,1.18426132145632,1.96438901229184
